run_id,test_case,move_index,start_x,start_y,start_z,goal_x,goal_y,goal_z,cartesian_distance_m,path_length_m,plan_time_s,execution_time_s,success
corridor_position_only_1772866056,corridor_position_only,1,0.18912051921335526,0.43808247280010726,1.6160715530456005,-0.13066148444452752,0.563281457007225,1.3115,0.45901976693226754,0.0,14.149781942367554,0.0,0
corridor_position_only_1772866056,corridor_position_only,2,0.18912045568235225,0.4380824808026409,1.6160715054912007,-0.5637710546430907,-0.5286635290580576,1.3115,1.262619212533567,0.0,35.95115041732788,0.0,0
corridor_position_only_1772866056,corridor_position_only,3,0.1891204577680088,0.43808248054824395,1.6160715070752796,0.31840995327503974,0.22989172189176654,1.3115,0.3909257839546136,0.0,0.5058131217956543,0.0,0
corridor_position_only_1772866056,corridor_position_only,4,0.18912054726070615,0.43808246897375736,1.6160715724515882,0.7769013140664358,-0.45124606192804856,1.3115,1.1086727688765199,0.0,0.30284619331359863,0.0,0
corridor_position_only_1772866056,corridor_position_only,5,0.18912042408344365,0.4380824848095566,1.6160714817782638,-0.26999187445419626,-0.021984662937305166,1.3115,0.7177810742956762,0.0,8.71833348274231,0.0,0
corridor_position_only_1772866056,corridor_position_only,6,0.18911437221159755,0.4380832608078265,1.6160666886173516,0.33969243733975607,-0.5513354354640945,1.3115,1.0461280887374673,2.775913232146589,12.075711727142334,28.16121554374695,1
corridor_position_only_1772866056,corridor_position_only,7,0.33945898946532277,-0.5513929965979774,1.3115903775359559,0.030930708718165167,0.33583177095400074,1.3115,0.9393388612990294,0.0,0.6038389205932617,0.0,0
corridor_position_only_1772866056,corridor_position_only,8,0.3394589894659647,-0.5513929966048906,1.3115903775278963,0.3011656754845682,-0.6791771329227231,1.3115,0.13339854406353077,0.13374655148159822,2.8068301677703857,2.2056665420532227,1
corridor_position_only_1772866056,corridor_position_only,9,0.3005086600741481,-0.6793050156403894,1.3117731761157514,-0.744067742703176,0.5607687281860799,1.3115,1.6213953330363944,0.0,22.91791605949402,0.0,0
corridor_position_only_1772866056,corridor_position_only,10,0.30050035456283897,-0.6793114855180831,1.3117627011207535,-0.2692555094983793,-0.6087985153552286,1.3115,0.5741026847221774,0.5729274881636787,6.300295829772949,2.709195137023926,1
corridor_position_only_1772866056,corridor_position_only,11,-0.26798710617376725,-0.6083199452856034,1.3108581731971052,-0.6311202185376483,-0.06262692550711468,1.3115,0.6554745922396155,0.0,0.5035626888275146,0.0,0
corridor_position_only_1772866056,corridor_position_only,12,-0.26798706372864967,-0.6083200113064181,1.3108581322643649,-0.36009807646876646,0.16730561870237126,1.3115,0.7810761605558907,0.0,0.7044649124145508,0.0,0
corridor_position_only_1772866056,corridor_position_only,13,-0.2679935968300619,-0.6083202544271498,1.3108609374796227,0.21057977365838032,-0.48900997810792585,1.3115,0.4932218784451297,0.49219197369902534,9.635266542434692,2.7075448036193848,1
corridor_position_only_1772866056,corridor_position_only,14,0.20949147800349216,-0.48897922279198003,1.3119095183538745,0.9890869021802229,0.4864927794875896,1.3115,1.2487252781672562,1.7768861149193467,3.357550621032715,12.624805688858032,1
corridor_position_only_1772866056,corridor_position_only,15,0.9887311987102606,0.48673399358447883,1.3119046119007873,-0.6976078609330956,-0.4737195470360945,1.3115,1.9406727162198742,1.1301442069025558,16.042170524597168,5.913808345794678,1
corridor_position_only_1772866056,corridor_position_only,16,0.27053690467445124,-0.38261444887086776,1.3812836930208976,-0.10264161183544662,-0.370166430342667,1.3115,0.3798511842306687,0.37950594045242375,5.96635365486145,4.008596897125244,1
corridor_position_only_1772866056,corridor_position_only,17,-0.10203331174393049,-0.37001058395377295,1.3111979880158409,-0.31618780179961137,0.002664418259433421,1.3115,0.42982425954901693,0.4297913960401585,2.0564844608306885,3.2076399326324463,1
corridor_position_only_1772866056,corridor_position_only,18,-0.315342804167588,0.0030968926996728097,1.3121632013872,-0.7252406242266942,0.6129826508891109,1.3115,0.7348314778012665,0.7339760879393161,6.728523015975952,2.7223410606384277,1
corridor_position_only_1772866056,corridor_position_only,19,-0.7237773048528694,0.6128642312938812,1.3112284830259555,-0.86205516386102,0.3774440026969422,1.3115,0.27302659952096275,0.0,1.0639500617980957,0.0,0
corridor_position_only_1772866056,corridor_position_only,20,-0.7237609695611005,0.6128649293942096,1.3112354370588002,0.6556578271315445,-0.6412626485173598,1.3115,1.8643047680947646,0.0,15.35666799545288,0.0,0
corridor_position_only_1772866056,corridor_position_only,21,-0.7237609674814518,0.6128649300886604,1.3112354386263818,0.8376709900854264,0.1134116262610646,1.3115,1.6393667773894147,0.0,0.051189422607421875,0.0,0
corridor_position_only_1772866056,corridor_position_only,22,-0.7237773039023957,0.6128642316207367,1.3112284841538742,-0.25663303835955753,-0.2961981155352495,1.3115,1.0220656483647044,0.0,0.35231494903564453,0.0,0
corridor_position_only_1772866056,corridor_position_only,23,-0.7237609674243143,0.6128649301075779,1.3112354386692129,0.8854556557862792,-0.09417669282748165,1.3115,1.7576933939036823,0.0,0.051490068435668945,0.0,0
corridor_position_only_1772866056,corridor_position_only,24,-0.7237773038787055,0.6128642316298079,1.3112284841774895,0.6348759663586907,0.02819486946048788,1.3115,1.4791136012852741,0.0,0.050985097885131836,0.0,0
corridor_position_only_1772866056,corridor_position_only,25,-0.7237609674100273,0.6128649301123059,1.311235438679919,0.1630564678351123,-0.15555864077535275,1.3115,1.1734223526689782,0.0,0.051209449768066406,0.0,0
corridor_position_only_1772866056,corridor_position_only,26,-0.7237773038727819,0.6128642316320745,1.3112284841833917,-0.8107073539688927,0.13142790507643431,1.3115,0.48922167149252493,0.0,0.659846305847168,0.0,0
corridor_position_only_1772866056,corridor_position_only,27,-0.7237773038372378,0.6128642316456735,1.311228484218805,0.9257967513215164,-0.4004724771494458,1.3115,1.9359612399439823,0.0,0.051580190658569336,0.0,0
corridor_position_only_1772866056,corridor_position_only,28,-0.7237609673100116,0.6128649301453961,1.3112354387548542,-0.4195220359956043,-0.6372296038952384,1.3115,1.2865837482877889,0.0,12.674538612365723,0.0,0
corridor_position_only_1772866056,corridor_position_only,29,-0.7237773030833231,0.6128642319317321,1.3112284849661715,0.9696607469429799,0.367357401521509,1.3115,1.7111417553129185,1.7120229995267753,7.365960597991943,3.9095401763916016,1
corridor_position_only_1772866056,corridor_position_only,30,0.9705405417913472,0.3671768529923297,1.3116291294125542,0.7198780564140448,-0.4866527390905867,1.3115,0.8898632875708554,0.8894133606770983,4.118142366409302,3.0378050804138184,1
corridor_position_only_1772866056,corridor_position_only,31,0.7201609179061437,-0.48609322176057224,1.3111128780050603,0.727346387535172,0.48822944609487984,1.3115,0.974349240228674,0.0,10.936817169189453,0.0,0
corridor_position_only_1772866056,corridor_position_only,32,0.7201609179067427,-0.4860932217545687,1.3111128780055332,-0.4212325078418716,-0.1561538984275238,1.3115,1.1881241767101216,1.1881653204196976,3.657822608947754,3.808626651763916,1
corridor_position_only_1772866056,corridor_position_only,33,-0.4214526777321699,-0.15677403277438795,1.3117127166900455,-0.85922087728718,-0.04123320625842464,1.3115,0.4527590135845087,0.0,0.5524334907531738,0.0,0
corridor_position_only_1772866056,corridor_position_only,34,-0.4214526777252118,-0.15677403279584046,1.3117127165841573,-0.6354268419446407,-0.27911675449141515,1.3115,0.246480688398968,0.0,1.9066317081451416,0.0,0
corridor_position_only_1772866056,corridor_position_only,35,-0.42145267772521233,-0.15677403279584148,1.3117127165841587,0.15524301229535165,0.22294804952197445,1.3115,0.6904830366753537,0.0,0.0517425537109375,0.0,0
corridor_position_only_1772866056,corridor_position_only,36,-0.42145267772521183,-0.15677403279584093,1.3117127165841587,1.0345705385752644,-0.3970511255359496,1.3115,1.4757156680573555,1.5121278039047992,5.211674451828003,5.411823511123657,1
corridor_position_only_1772866056,corridor_position_only,37,1.0331899384579866,-0.397453775895363,1.3109962096550343,-0.3084461401438592,-0.692317334334872,1.3115,1.373656485190697,0.7586728003880662,83.8360698223114,13.328597068786621,1
corridor_position_only_1772866056,corridor_position_only,38,0.7241379739189236,-0.5820937810574054,1.3812145308503578,-0.7709691150225211,-0.36013975813889587,1.3115,1.5130991082887986,0.45512015911761566,19.03606605529785,2.706869125366211,1
corridor_position_only_1772866056,corridor_position_only,39,0.34640878328940855,-0.3298806482155991,1.3826955367174198,-0.5858183635151959,-0.07049190737862832,1.3115,0.9702570672563658,0.7964210590463587,7.197721242904663,7.5258629322052,1
corridor_position_only_1772866056,corridor_position_only,40,0.34659040766265214,-0.033804472282920675,1.3832067302693845,0.4591726549584514,0.303465351461658,1.3115,0.36272241670566474,0.0,0.40396976470947266,0.0,0
corridor_position_only_1772866056,corridor_position_only,41,0.3465842310169719,-0.033805041954936,1.3832052920294928,-0.1440538309504401,0.12578821123557826,1.3115,0.5209005310230586,0.0,0.7041711807250977,0.0,0
corridor_position_only_1772866056,corridor_position_only,42,0.3465906382607402,-0.03379772077003422,1.383185971007653,-0.6940456757521627,0.40470562893961304,1.3115,1.1315246370222136,2.0866688844747157,32.98840379714966,14.25318455696106,1
corridor_position_only_1772866056,corridor_position_only,43,0.3675971774902629,0.44254365851961286,1.600083430251486,-0.7921836694384579,0.06888690394064434,1.3115,1.252194625192467,0.3681245505974505,13.07514238357544,1.705096960067749,1
corridor_position_only_1772866056,corridor_position_only,44,0.2798625132697323,0.08514261318602488,1.5975758695548743,0.14196844154917487,-0.43179480487803323,1.3115,0.6066947109972086,0.0,4.960174798965454,0.0,0
corridor_position_only_1772866056,corridor_position_only,45,0.2798625132697413,0.08514261318604871,1.5975758695548392,0.4964385969190874,-0.21162563418306157,1.3115,0.4656350457138931,0.0,0.051047325134277344,0.0,0
corridor_position_only_1772866056,corridor_position_only,46,0.27986251326974065,0.08514261318604854,1.5975758695548392,-0.19700649221838762,-0.5870873818154306,1.3115,0.8724314401237971,0.8738743444980799,16.213533401489258,5.820857524871826,1
corridor_position_only_1772866056,corridor_position_only,47,-0.19776923545309022,-0.5871831311933754,1.311149758899119,-0.36175969386856155,0.16381807925096203,1.3115,0.7686974770408741,0.0,0.7033271789550781,0.0,0
corridor_position_only_1772866056,corridor_position_only,48,-0.19776923545308867,-0.5871831311933735,1.3111497588991192,0.1767674463016049,-0.41069495230277936,1.3115,0.41403614085821505,0.4139638260408129,20.106176376342773,1.5041329860687256,1
corridor_position_only_1772866056,corridor_position_only,49,0.17651856076129335,-0.41043135263023794,1.311554770958162,0.911628589297721,0.12688140229347022,1.3115,0.9105447565377498,0.9099269794056846,5.310482501983643,2.907230854034424,1
corridor_position_only_1772866056,corridor_position_only,50,0.9109696259932406,0.1267180254867978,1.3120543225705943,0.5658441555208145,0.48962949717484106,1.3115,0.5008159681211325,0.5005455091220277,4.209254026412964,3.0120606422424316,1
corridor_position_only_1772866056,corridor_position_only,51,0.566235021081822,0.4896146394761125,1.3111114972859026,0.3995067226777984,-0.6273916880968029,1.3115,1.129381074864012,0.0,14.156660795211792,0.0,0
corridor_position_only_1772866056,corridor_position_only,52,0.5662350210816594,0.48961463947573647,1.3111114972855837,0.3289423962453073,-0.7303632510787509,1.3115,1.2428410977183935,0.0,10.073817491531372,0.0,0
corridor_position_only_1772866056,corridor_position_only,53,0.5662350210816592,0.48961463947573597,1.3111114972855837,-0.8629679408167945,-0.5220497373523568,1.3115,1.751024291258304,1.7514592810291976,9.21725845336914,5.312168836593628,1
corridor_position_only_1772866056,corridor_position_only,54,-0.8623154715496981,-0.522481647689997,1.311625944751512,0.41918721633415434,-0.4348539688011908,1.3115,1.2844951401321294,1.283471195730843,4.962217092514038,4.638435363769531,1
corridor_position_only_1772866056,corridor_position_only,55,0.4182778178786435,-0.43455659089495613,1.3118170378654535,-0.2280577982483314,0.2826791906321652,1.3115,0.9654931359103828,0.9662878312475267,3.7839300632476807,2.8110194206237793,1
corridor_position_only_1772866056,corridor_position_only,56,-0.22924545839854293,0.2825856003177064,1.3118879205854954,0.43038875253928044,0.037856020982938055,1.3115,0.7035694775381591,0.0,0.5543453693389893,0.0,0
corridor_position_only_1772866056,corridor_position_only,57,-0.22924545839827248,0.28258560031167046,1.311887920587153,-0.34736890725482017,-0.4077582299971391,1.3115,0.7003769725637657,0.7005448720402206,3.1690196990966797,4.208863735198975,1
corridor_position_only_1772866056,corridor_position_only,58,-0.3486195942513949,-0.40769478171523965,1.3121323183700686,0.8950362723610386,0.12418447212023931,1.3115,1.3526181482763824,0.0,4.015616178512573,0.0,0
corridor_position_only_1772866056,corridor_position_only,59,-0.3486195942513456,-0.4076947817157594,1.3121323183701283,0.27042349932944365,-0.06628068869288095,1.3115,0.7069500225979413,0.7059194061097543,4.408429145812988,3.3084664344787598,1
corridor_position_only_1772866056,corridor_position_only,60,0.2693268098682612,-0.06651521231402555,1.3115096007912583,-0.31650917764222386,-0.7095898621231824,1.3115,0.8699131046154726,0.8699090077271419,13.179900169372559,3.6087167263031006,1
corridor_position_only_1772866056,corridor_position_only,61,-0.3159697047127871,-0.709732752539038,1.3117740823798778,0.9909889141874761,0.5676978648015553,1.3115,1.8275584501618558,0.0,12.942778587341309,0.0,0
corridor_position_only_1772866056,corridor_position_only,62,-0.31596970471281766,-0.7097327525385373,1.3117740823798816,-0.8423649860397847,0.5325097049955348,1.3115,1.3491695188614137,0.0,13.867818593978882,0.0,0
corridor_position_only_1772866056,corridor_position_only,63,-0.31596970471281804,-0.7097327525385373,1.3117740823798816,1.036894794590899,0.4290349918121529,1.3115,1.7683422757404763,0.0,22.561273336410522,0.0,0
corridor_position_only_1772866056,corridor_position_only,64,-0.3159697047128195,-0.7097327525385364,1.3117740823798796,0.8139528829464104,-0.30754916491527445,1.3115,1.1993651518104063,0.0,0.05325818061828613,0.0,0
corridor_position_only_1772866056,corridor_position_only,65,-0.31596970471281793,-0.7097327525385363,1.3117740823798798,0.9824587623866678,0.21334494063141296,1.3115,1.5931067092079632,0.0,0.05362415313720703,0.0,0
corridor_position_only_1772866056,corridor_position_only,66,-0.3159697047128187,-0.7097327525385364,1.3117740823798798,0.3459443233177544,0.6173339900432578,1.3115,1.4829822638492556,0.0,7.101783514022827,0.0,0
corridor_position_only_1772866056,corridor_position_only,67,-0.31596970471281954,-0.7097327525385355,1.3117740823798782,0.8659534285612076,0.2748160807942769,1.3115,1.538271358800666,0.0,0.05118894577026367,0.0,0
corridor_position_only_1772866056,corridor_position_only,68,-0.3159697047128187,-0.7097327525385361,1.3117740823798791,-0.16048853828244525,-0.33960480598058607,1.3115,0.401458796215633,0.0,0.7023346424102783,0.0,0
corridor_position_only_1772866056,corridor_position_only,69,-0.3159697047128198,-0.7097327525385365,1.3117740823798796,0.8455373354257656,0.5117925192125917,1.3115,1.6855926758678432,0.0,12.482606172561646,0.0,0
corridor_position_only_1772866056,corridor_position_only,70,-0.31596970471281954,-0.7097327525385355,1.3117740823798782,0.7092210447121483,0.15005044088864938,1.3115,1.3379997337546545,0.0,0.05572843551635742,0.0,0
corridor_position_only_1772866056,corridor_position_only,71,-0.315969704712818,-0.709732752538536,1.3117740823798798,0.8909905874824164,-0.27859465448598975,1.3115,1.2816525588666858,0.0,0.051812171936035156,0.0,0
corridor_position_only_1772866056,corridor_position_only,72,-0.3159697047128181,-0.7097327525385355,1.3117740823798782,0.2731512394544169,-0.6936153158032764,1.3115,0.5893414407154485,0.5879840127553764,6.0705039501190186,3.1230318546295166,1
corridor_position_only_1772866056,corridor_position_only,73,0.2717398077783926,-0.6936521426429567,1.3113903352454959,-0.3050752382817403,0.06880490002182083,1.3115,0.9560629431668346,0.0,0.6104111671447754,0.0,0
corridor_position_only_1772866056,corridor_position_only,74,0.27174399082410966,-0.6936511996317878,1.311377029251188,0.7573943112274426,-0.24809805870092472,1.3115,0.6590704440520926,0.6598334771343718,8.325050354003906,2.4066669940948486,1
corridor_position_only_1772866056,corridor_position_only,75,0.756792613078424,-0.2484836190375045,1.3119417339345922,0.6531272222414466,-0.44646190821933746,1.3115,0.22347731735820023,0.2238853132459016,4.1586103439331055,3.2073748111724854,1
corridor_position_only_1772866056,corridor_position_only,76,0.6521344782565742,-0.44639530127575644,1.3111686661518638,-0.7705668286438195,-0.012918736225364547,1.3115,1.4872730249977957,0.7342987353453277,6.262074708938599,6.014651298522949,1
corridor_position_only_1772866056,corridor_position_only,77,0.10494207086598173,0.03054227547575418,1.386160750155308,0.5661130234383152,0.5978207571815227,1.3115,0.7348862163060542,0.0,0.10172510147094727,0.0,0
corridor_position_only_1772866056,corridor_position_only,78,0.10494207086630314,0.03054227547410411,1.3861607501553141,0.7030590380315707,-0.37087648676591,1.3115,0.7241927621172672,0.0,0.051666259765625,0.0,0
corridor_position_only_1772866056,corridor_position_only,79,0.10494207086632723,0.03054227547404173,1.3861607501552933,-0.8227548265505632,0.579678921767469,1.3115,1.0806233466814736,1.0369944336198251,212.34404039382935,8.125224113464355,1
corridor_position_only_1772866056,corridor_position_only,80,0.15256236480351454,0.5047821891482278,1.3852094647126536,-0.06245526417091707,-0.5048936042226579,1.3115,1.0349448650421624,0.0,9.182416439056396,0.0,0
corridor_position_only_1772866056,corridor_position_only,81,0.1525623661574078,0.5047822002693299,1.3852094655141507,0.2155672494475307,0.23885479778988572,1.3115,0.28305491342537764,0.0,0.60257887840271,0.0,0
corridor_position_only_1772866056,corridor_position_only,82,0.15256236615807137,0.5047822002695008,1.3852094655145284,1.0195429862744507,0.27087036353998595,1.3115,0.9010012365840538,0.0,0.05170583724975586,0.0,0
corridor_position_only_1772866056,corridor_position_only,83,0.1525607960883568,0.5047869323345104,1.3852291923445046,-0.04135267626812045,-0.4026176204254096,1.3115,0.9308176249591268,0.0,0.6537275314331055,0.0,0
corridor_position_only_1772866056,corridor_position_only,84,0.15256236615890298,0.5047822002697149,1.3852094655150005,-0.8444721055358239,-0.583516191943497,1.3115,1.4778038481300393,0.0,24.877979040145874,0.0,0
corridor_position_only_1772866056,corridor_position_only,85,0.15256079607403136,0.5047869323318511,1.3852291923374063,0.8225228775098163,0.22382589878815262,1.3115,0.7302220804210448,0.0,0.0548853874206543,0.0,0
corridor_position_only_1772866056,corridor_position_only,86,0.15256236618582406,0.504782200276648,1.385209465530306,0.10138266448156175,-0.09244978694750272,1.3115,0.6039358357797695,0.0,0.9322216510772705,0.0,0
corridor_position_only_1772866056,corridor_position_only,87,0.15256079607351317,0.5047869323317549,1.3852291923371496,-0.08316361642440584,0.10317803472374554,1.3115,0.4714782063766023,0.0,0.9111158847808838,0.0,0
corridor_position_only_1772866056,corridor_position_only,88,0.15256079607308143,0.504786932331675,1.385229192336936,-0.130517797810334,0.11693152419136088,1.3115,0.4857996518538874,0.0,0.7677841186523438,0.0,0
corridor_position_only_1772866056,corridor_position_only,89,0.1525623661883166,0.5047822002772896,1.3852094655317218,0.43253077786874905,-0.5191280971901155,1.3115,1.0640524865379652,0.0,13.657155513763428,0.0,0
corridor_position_only_1772866056,corridor_position_only,90,0.15256236620310848,0.5047822002810971,1.3852094655401266,-0.8204545825065056,0.061855648669738694,1.3115,1.0716244668300123,0.7541441300899849,13.027519702911377,8.820977687835693,1
corridor_position_only_1772866056,corridor_position_only,91,0.29017637803353136,0.027697635963612924,1.3842105578359256,-0.10364720625867363,0.14087801213979334,1.3115,0.4161653977890914,0.9511283930877911,4.234329700469971,20.843527793884277,1
corridor_position_only_1772866056,corridor_position_only,92,-0.10292174493769646,0.14045323370414128,1.3107069095278738,0.9929832509950729,-0.21249497566173614,1.3115,1.1513387110652884,0.0,0.05186343193054199,0.0,0
corridor_position_only_1772866056,corridor_position_only,93,-0.10292174493803308,0.1404532337058819,1.310706909527899,-0.4849419708476145,-0.6476975725975227,1.3115,0.8758548826564886,0.875310755660398,10.11945629119873,3.0082924365997314,1
corridor_position_only_1772866056,corridor_position_only,94,-0.4848078617488305,-0.6471393432925907,1.3109377111116436,-0.6858140517817499,0.1954513066740744,1.3115,0.8662348457615817,0.8656122292716434,11.473374128341675,3.509523630142212,1
corridor_position_only_1772866056,corridor_position_only,95,-0.6863763437759419,0.194623007165292,1.311191567660027,0.801542866341459,-0.7110243602989752,1.3115,1.7418670515173815,1.7424690340162772,13.025052547454834,4.710148334503174,1
corridor_position_only_1772866056,corridor_position_only,96,0.8016426715746184,-0.711065230228182,1.3120585688564699,-0.6387973116538773,0.2143168652103431,1.3115,1.71207467122222,0.0,53.54107093811035,0.0,0
corridor_position_only_1772866056,corridor_position_only,97,0.8016426715020581,-0.7110652300469741,1.3120585687337423,0.5839108088193017,0.360982798348782,1.3115,1.0939353048574494,0.0,0.05205821990966797,0.0,0
corridor_position_only_1772866056,corridor_position_only,98,0.8016426715019838,-0.7110652300469738,1.3120585687337127,0.6147184377521813,0.36559093175322077,1.3115,1.0927623126299275,0.0,0.05121755599975586,0.0,0
corridor_position_only_1772866056,corridor_position_only,99,0.8016426715019473,-0.7110652300469735,1.3120585687336979,-0.1356601539587038,0.3237914080595038,1.3115,1.3962324878216346,0.0,0.652651309967041,0.0,0
corridor_position_only_1772866056,corridor_position_only,100,0.8016426715014737,-0.7110652300469691,1.3120585687335062,0.8283740741528494,-0.1535622063867247,1.3115,0.558143799819594,0.0,0.050920724868774414,0.0,0
corridor_position_only_1772866056,corridor_position_only,101,0.8016426715014373,-0.7110652300469686,1.3120585687334918,-0.6686084919671815,0.4971076937777247,1.3115,1.9029767758811367,2.577539597814479,17.19550347328186,11.628900527954102,1
corridor_position_only_1772866056,corridor_position_only,102,-0.6677297543960015,0.4973810594843582,1.3114694601511863,-0.23866169075732746,0.4874489159537795,1.3115,0.42918300483876987,0.4294081016881235,10.20872950553894,2.3092989921569824,1
corridor_position_only_1772866056,corridor_position_only,103,-0.2384336426623348,0.48767561697122797,1.3118261684666528,0.9214670772629805,-0.6175721060958524,1.3115,1.6021680048653133,0.0,5.612196683883667,0.0,0
corridor_position_only_1772866056,corridor_position_only,104,-0.23843364265733105,0.48767561697679773,1.311826168478699,1.0111033652302361,0.0449036582813952,1.3115,1.3256658130439414,0.0,0.0511019229888916,0.0,0
corridor_position_only_1772866056,corridor_position_only,105,-0.2384336426572799,0.48767561697686684,1.3118261684787926,-0.2918562504944361,-0.2914149146617354,1.3115,0.7809200585866131,0.0,0.6523222923278809,0.0,0
corridor_position_only_1772866056,corridor_position_only,106,-0.23843364265662584,0.4876756169777613,1.3118261684800174,0.6959096646646317,0.34193532819971717,1.3115,0.9456414511298724,0.0,0.0511777400970459,0.0,0
corridor_position_only_1772866056,corridor_position_only,107,-0.23843364265657602,0.4876756169778298,1.3118261684801116,-0.758918537647011,0.0120526843128127,1.3115,0.7050686536614381,0.0,0.702519416809082,0.0,0
corridor_position_only_1772866056,corridor_position_only,108,-0.23843364265587216,0.4876756169787927,1.3118261684814314,-0.17748644512178002,-0.5821499194284695,1.3115,1.0715602389143712,0.0,7.1675705909729,0.0,0
corridor_position_only_1772866056,corridor_position_only,109,-0.23843364264877803,0.48767561698849016,1.31182616849472,0.3523082014928294,-0.6040574430072863,1.3115,1.2413126548510878,0.0,7.564721345901489,0.0,0
corridor_position_only_1772866056,corridor_position_only,110,-0.23843364264117997,0.4876756169988765,1.3118261685089512,-0.7287837213861684,0.38623572146494956,1.3115,0.5007328214897109,0.0,1.003035545349121,0.0,0
corridor_position_only_1772866056,corridor_position_only,111,-0.23843364264017314,0.4876756170002523,1.3118261685108359,-0.7048516506831496,0.6126427808606151,1.3115,0.48286919207584394,0.48283797727828814,8.200324773788452,2.7215378284454346,1
corridor_position_only_1772866056,corridor_position_only,112,-0.7049086196653007,0.6122542798781737,1.3105688199973862,0.7379687423043702,0.558519545325422,1.3115,1.443877893202264,0.0,12.43170952796936,0.0,0
corridor_position_only_1772866056,corridor_position_only,113,-0.7049086197923256,0.6122542799877956,1.310568820337768,-0.12725350147772496,-0.6282700152560291,1.3115,1.3684249449278563,1.3689314110184712,7.467991590499878,4.309674263000488,1
corridor_position_only_1772866056,corridor_position_only,114,-0.1279968697097832,-0.6279779873957886,1.311365653796066,-0.032191977672493044,0.5023309251201674,1.3115,1.1343618616209654,0.0,7.315240859985352,0.0,0
corridor_position_only_1772866056,corridor_position_only,115,-0.12799611549967083,-0.6279726655906352,1.3113451569747454,-0.8504970760709754,-0.09906027790007044,1.3115,0.8954082732783714,0.0,39.21709585189819,0.0,0
corridor_position_only_1772866056,corridor_position_only,116,-0.12800447957863637,-0.6279784557972643,1.3113646615152308,-0.6400629788877781,0.14901495510747143,1.3115,0.93054966854038,0.0,0.6525247097015381,0.0,0
corridor_position_only_1772866056,corridor_position_only,117,-0.1279968697445616,-0.6279779873996733,1.3113656537764,1.0340259910765421,-0.22792782373443055,1.3115,1.2289578025987535,0.0,0.05116152763366699,0.0,0
corridor_position_only_1772866056,corridor_position_only,118,-0.12799611542210948,-0.6279726655837261,1.311345156991568,-0.4298330480544449,0.5804677691914001,1.3115,1.2455656716033685,0.0,12.819092988967896,0.0,0
corridor_position_only_1772866056,corridor_position_only,119,-0.12800447959583133,-0.6279784558005521,1.3113646615145549,-0.7874570545139581,0.48143063822114984,1.3115,1.2906069327183651,0.0,7.5579750537872314,0.0,0
corridor_position_only_1772866056,corridor_position_only,120,-0.12799686975928354,-0.6279779873981447,1.311365653768568,-0.7267352086944394,0.017995786767414867,1.3115,0.880777913817914,0.0,0.752514123916626,0.0,0
corridor_position_only_1772866056,corridor_position_only,121,-0.12799686975984143,-0.6279779873980873,1.3113656537682716,0.37446810078409043,0.21295869866486405,1.3115,0.9796150134819103,0.0,0.6020932197570801,0.0,0
corridor_position_only_1772866056,corridor_position_only,122,-0.12799686976028796,-0.6279779873980411,1.3113656537680343,0.2851109662315847,0.49519110641461894,1.3115,1.1967317642240263,1.2738823626433506,7.413820505142212,5.611599922180176,1
corridor_position_only_1772866056,corridor_position_only,123,0.28409373176105135,0.49478076670647064,1.3110704203734593,1.0107155614397394,0.48022243906611906,1.3115,0.7267677846519779,0.7256696687062183,3.3570172786712646,3.2085177898406982,1
corridor_position_only_1772866056,corridor_position_only,124,1.0096292414497812,0.4807555012526186,1.3115613682965477,-0.32323049533139503,-0.48452152653955194,1.3115,1.6456836944205713,0.9712307077497873,44.02977180480957,7.120312452316284,1
corridor_position_only_1772866056,corridor_position_only,125,0.6266824528497421,-0.38516848155798566,1.3810291328878752,0.2838064136884284,-0.6361926088101109,1.3115,0.43059423012133086,0.0,18.153436422348022,0.0,0
corridor_position_only_1772866056,corridor_position_only,126,0.6266550251778362,-0.38523146230243155,1.3810312638135422,0.5107565171871349,-0.0064035926431784684,1.3115,0.4022158818750785,0.4828174456575291,2.664052724838257,7.815871477127075,1
corridor_position_only_1772866056,corridor_position_only,127,0.5117450428539086,-0.00655323367617501,1.311738811869079,0.48413718400178873,-0.5195643253401193,1.3115,0.5137534730507807,0.0,0.15149497985839844,0.0,0
corridor_position_only_1772866056,corridor_position_only,128,0.5117444149189794,-0.0065528698536689856,1.3117344486077869,1.0095034281445934,0.25413860452560666,1.3115,0.5618933484457057,0.0,6.366673707962036,0.0,0
corridor_position_only_1772866056,corridor_position_only,129,0.5117418087770838,-0.006552657431457665,1.311733098763487,0.9756678540076542,0.4469717841735611,1.3115,0.6487771951228364,0.6488488300737012,8.314761400222778,2.4105918407440186,1
corridor_position_only_1772866056,corridor_position_only,130,0.9754319504941275,0.44719419420230594,1.3112863038829126,-0.12684960684770574,0.37070027649423853,1.3115,1.1049325756661788,2.1749188229300267,233.2912368774414,17.65208625793457,1
corridor_position_only_1772866056,corridor_position_only,131,1.0009771693891143,0.5703701118968834,1.5575357797842142,0.3045670778279319,-0.21965596298897638,1.3115,1.0815090473786333,0.0,0.6027491092681885,0.0,0
corridor_position_only_1772866056,corridor_position_only,132,1.000977169388709,0.5703701118996729,1.5575357797846339,0.7885674927374753,-0.09901559844171082,1.3115,0.7441294946973633,0.0,0.05149435997009277,0.0,0
corridor_position_only_1772866056,corridor_position_only,133,1.000977169388709,0.5703701118996726,1.5575357797846336,-0.7612637656378625,0.4451285449744432,1.3115,1.7837354535085759,0.7008919048220965,8.9676673412323,3.510101079940796,1
corridor_position_only_1772866056,corridor_position_only,134,0.3071136700053767,0.49103863962063954,1.6055421174676396,1.1023342110804804,0.020163163498010173,1.3115,0.9698248242885654,0.9690505521912498,8.81780219078064,3.5126407146453857,1
corridor_position_only_1772866056,corridor_position_only,135,1.101839041403852,0.020712694717515384,1.312063192853937,0.8110011283226295,-0.4031437082048464,1.3115,0.5140440245445081,0.5145813552750501,16.52384638786316,2.8062286376953125,1
corridor_position_only_1772866056,corridor_position_only,136,0.8106351252969197,-0.4034730590531125,1.311020226445336,1.0179291360267877,0.08988394773550923,1.3115,0.5351375273839114,0.5353116505741571,3.2568745613098145,4.010117292404175,1
corridor_position_only_1772866056,corridor_position_only,137,1.0185816561142822,0.08975365837922254,1.3118319222283934,0.3521301725875494,-0.2508844254228771,1.3115,0.7484597478847576,1.225052558602398,8.519784212112427,14.035631656646729,1
corridor_position_only_1772866056,corridor_position_only,138,1.4179132216930308,-0.2553081792781594,1.5916137027918495,0.15824986319131829,0.3181654702447686,1.3115,1.4121216271768946,1.048579723517833,20.495018482208252,3.7082931995391846,1
corridor_position_only_1772866056,corridor_position_only,139,1.2205685101471968,0.34893261836471334,1.5974425547177251,0.22087935445103035,0.027728772889620834,1.3115,1.0882616702627177,0.0,99.48222756385803,0.0,0
corridor_position_only_1772866056,corridor_position_only,140,1.2205682571046665,0.34893454658508316,1.5974391535240886,-0.6073818172108301,-0.7034526027454723,1.3115,2.128539730844645,1.3974961645553863,20.485288619995117,4.746898651123047,1
corridor_position_only_1772866056,corridor_position_only,141,0.4504148478631176,-0.7473083675243097,1.6020537698364117,0.5224861003726611,-0.4503872420867566,1.3115,0.4216371821074939,0.42176829062662446,31.042425870895386,4.208855390548706,1
corridor_position_only_1772866056,corridor_position_only,142,0.5231740118446172,-0.4503555571708035,1.3116941445662131,-0.17813545844532475,0.06754690173826594,1.3115,0.8718130348615648,0.5796752443989398,16.996036767959595,5.824909448623657,1
corridor_position_only_1772866056,corridor_position_only,143,0.6860419147110167,0.017931360888283357,1.6102866386859018,0.9190425324866094,-0.2644969883099853,1.3115,0.47257646552900473,0.4862878249662854,4.5598533153533936,8.317789316177368,1
corridor_position_only_1772866056,corridor_position_only,144,0.9186397657882229,-0.2648051663786,1.311067938277654,-0.08705220543924252,0.11174712611309823,1.3115,1.0738752984632203,1.068273009904977,59.036190032958984,11.92341423034668,1
corridor_position_only_1772866056,corridor_position_only,145,1.0381745361809993,0.10341062125442346,1.3830503126454166,-0.5815003607986469,0.5301313969718934,1.3115,1.6764715445168175,1.8236805578566804,39.98330283164978,10.021758317947388,1
corridor_position_only_1772866056,corridor_position_only,146,0.4241803769228103,0.548766363120377,1.5777022966123209,0.03700706886423388,0.6035647584422456,1.3115,0.4730430184714146,0.0,13.979368209838867,0.0,0
corridor_position_only_1772866056,corridor_position_only,147,0.42418038031536454,0.5487663485483564,1.5777023012603135,0.38240049325575054,-0.4130399197987627,1.3115,0.9988395877170725,0.0,0.40174126625061035,0.0,0
corridor_position_only_1772866056,corridor_position_only,148,0.42418038031536454,0.5487663485483553,1.577702301260313,-0.619213147185695,-0.5342856991141075,1.3115,1.5272640427814845,1.8486491944658774,20.441401720046997,10.623386144638062,1
corridor_position_only_1772866056,corridor_position_only,149,0.2714671668897416,-0.4663309936161776,1.6176626536938148,-0.512513672720895,-0.2680531527130119,1.3115,0.8646823865366163,0.22958131723631958,7.516192436218262,2.507503032684326,1
corridor_position_only_1772866056,corridor_position_only,150,0.3416145325142935,-0.24793139920876145,1.6086221039618138,0.4500994377486758,-0.5062324969689606,1.3115,0.4083747989660132,0.5255652697917025,3.9611306190490723,8.717637538909912,1
corridor_position_only_1772866056,corridor_position_only,151,0.44903691657479455,-0.5067798466296041,1.3119108144348282,-0.5381707049909699,-0.3602168741700888,1.3115,0.9980279363535882,0.9978087110721557,9.725249767303467,3.01289439201355,1
corridor_position_only_1772866056,corridor_position_only,152,-0.5379886390629574,-0.36041890326212356,1.311209205880557,-0.6338997034786091,-0.10988997272303469,1.3115,0.2682606230433808,0.0,0.6544709205627441,0.0,0
corridor_position_only_1772866056,corridor_position_only,153,-0.5380105530152577,-0.360419061039009,1.3111919752537227,0.12477303083432634,0.20560249453674795,1.3115,0.8715862408712879,0.0,0.05257391929626465,0.0,0
corridor_position_only_1772866056,corridor_position_only,154,-0.5379863952079652,-0.3604152803128273,1.3112080976350042,0.37149857197097913,-0.63066309010225,1.3115,0.9487870516756941,0.9479762360363873,6.968452215194702,3.616572380065918,1
corridor_position_only_1772866056,corridor_position_only,155,0.3705843001492525,-0.6307331494960927,1.3114030031169182,-0.75194348356766,-0.362570111445742,1.3115,1.1541144005691952,1.115403259344116,23.048462629318237,11.027172565460205,1
corridor_position_only_1772866056,corridor_position_only,156,0.25310049094263876,-0.3860583416417435,1.5791280722404504,-0.5072793396356601,-0.45535402973536,1.3115,0.809076117673603,1.0054585580745916,126.35652089118958,14.618877172470093,1
corridor_position_only_1772866056,corridor_position_only,157,0.4706843685011055,-0.6768796683664521,1.5545177583860141,0.3523809571730465,-0.23611265923113267,1.3115,0.5170385714479276,0.0,0.6022350788116455,0.0,0
corridor_position_only_1772866056,corridor_position_only,158,0.47068496312428976,-0.6768796683685022,1.5545177584261132,-0.800293891870835,-0.39615163847131546,1.3115,1.3241046437216082,1.3244936778466743,10.068706750869751,3.8083479404449463,1
corridor_position_only_1772866056,corridor_position_only,159,-0.8007298098867528,-0.3964183705658191,1.3114797186033558,0.14114469027325027,-0.011876071245456199,1.3115,1.0173496716614117,0.0,0.45394158363342285,0.0,0
corridor_position_only_1772866056,corridor_position_only,160,-0.8007298098867957,-0.3964183705656188,1.311479718603414,0.18264742211385587,-0.4098455280058814,1.3115,0.9834688959929154,0.0,0.502049446105957,0.0,0
corridor_position_only_1772866056,corridor_position_only,161,-0.8007298098868575,-0.3964183705656709,1.3114797186035436,-0.8332188860045463,-0.300463226488713,1.3115,0.1013061210053261,0.0,0.7026832103729248,0.0,0
corridor_position_only_1772866056,corridor_position_only,162,-0.800729809886943,-0.39641837056574336,1.3114797186037253,-0.6356314547342441,0.48058448373661566,1.3115,0.8924076835953098,0.0,9.875432252883911,0.0,0
corridor_position_only_1772866056,corridor_position_only,163,-0.8007363831456601,-0.39641770040281976,1.3114797584924132,0.6911373949197446,-0.058140418671475236,1.3115,1.529744713808291,0.0,0.056070804595947266,0.0,0
corridor_position_only_1772866056,corridor_position_only,164,-0.8007363831456601,-0.39641770040281976,1.3114797584924132,0.2901190959173825,0.28123383752926945,1.3115,1.2842029759634201,0.0,0.7166295051574707,0.0,0
corridor_position_only_1772866056,corridor_position_only,165,-0.8007298098881748,-0.3964183705667684,1.3114797186063099,-0.3105561547069281,-0.24412492474827535,1.3115,0.5132869629012108,0.0,0.8777272701263428,0.0,0
corridor_position_only_1772866056,corridor_position_only,166,-0.8007298098882596,-0.3964183705668415,1.3114797186064906,-0.16721628927046872,0.6124719518415541,1.3115,1.1913014160430597,0.0,10.568245887756348,0.0,0
corridor_position_only_1772866056,corridor_position_only,167,-0.8007363831460852,-0.3964177004031259,1.3114797584932292,-0.6712671392663598,-0.5329715427607278,1.3115,0.18817342368977397,0.1874095988773749,5.261646509170532,2.307046413421631,1
corridor_position_only_1772866056,corridor_position_only,168,-0.6722397467822239,-0.5328044959825253,1.3117200194916356,-0.503224158330312,-0.35127923821465407,1.3115,0.24802769352637793,0.24728124939179907,3.2565317153930664,2.2053678035736084,1
corridor_position_only_1772866056,corridor_position_only,169,-0.5037130492199404,-0.3518594284631611,1.3114585629359905,-0.7139767160986251,-0.022321350730470035,1.3115,0.39090427984617654,0.0,0.752906084060669,0.0,0
corridor_position_only_1772866056,corridor_position_only,170,-0.5037130492199273,-0.3518594284635963,1.311458562935818,-0.6509388959029203,-0.1963464069111509,1.3115,0.21414890034956002,0.0,0.7526357173919678,0.0,0
corridor_position_only_1772866056,corridor_position_only,171,-0.5037130492200612,-0.35185942846349666,1.3114585629359237,0.7464368446214729,-0.3886415156402526,1.3115,1.2506908813636197,0.0,0.05125546455383301,0.0,0
corridor_position_only_1772866056,corridor_position_only,172,-0.5037064968253002,-0.351860982356803,1.3114565791612678,0.9690232104508749,0.02199221500113957,1.3115,1.519440359393515,0.0,3.2657597064971924,0.0,0
corridor_position_only_1772866056,corridor_position_only,173,-0.5037064968273317,-0.3518609823569295,1.311456579166205,0.6521349935864189,-0.4860018894819629,1.3115,1.1635993020845175,1.1627092437036801,11.430496215820312,4.01729154586792,1
corridor_position_only_1772866056,corridor_position_only,174,0.6512443390662817,-0.48591873374629035,1.3112381037134186,0.1330837705525898,-0.4099290276616797,1.3115,0.5237030444659672,0.0,0.705498456954956,0.0,0
corridor_position_only_1772866056,corridor_position_only,175,0.6512443390616506,-0.48591873373545136,1.311238103714433,-0.30093424347781306,0.05562131623466937,1.3115,1.0954039197292327,0.0,57.58533048629761,0.0,0
corridor_position_only_1772866056,corridor_position_only,176,0.6512443390617019,-0.48591873373562056,1.3112381037144618,0.1825922553172432,-0.6717944604059854,1.3115,0.5041672638648048,0.0,25.31678557395935,0.0,0
corridor_position_only_1772866056,corridor_position_only,177,0.6512443390617046,-0.485918733735625,1.3112381037144702,-0.7473908085229743,0.6172053593037848,1.3115,1.7813093805661333,0.0,8.571288347244263,0.0,0
corridor_position_only_1772866056,corridor_position_only,178,0.651244339061705,-0.48591873373562616,1.3112381037144725,-0.36830222225822007,0.19338474033567887,1.3115,1.2251238587074746,0.0,7.564512252807617,0.0,0
corridor_position_only_1772866056,corridor_position_only,179,0.6512443390617055,-0.48591873373562766,1.311238103714474,0.06166400570641384,-0.17713058396165293,1.3115,0.665548765688763,0.0,87.22812175750732,0.0,0
corridor_position_only_1772866056,corridor_position_only,180,0.6512443390617124,-0.48591873373564337,1.3112381037145004,0.7732876662352792,0.5829469752557884,1.3115,1.0758106460502306,0.0,0.05119895935058594,0.0,0
corridor_position_only_1772866056,corridor_position_only,181,0.6512443390617126,-0.48591873373564287,1.3112381037145,0.986790785419297,-0.49398576708838293,1.3115,0.3356435062383627,0.3347772210525614,8.840240240097046,2.4269871711730957,1
corridor_position_only_1772866056,corridor_position_only,182,0.9859044669232669,-0.49423815335980315,1.3119828822531643,0.2656057103225853,0.413672739265866,1.3115,1.158936029677263,0.0,0.5634210109710693,0.0,0
corridor_position_only_1772866056,corridor_position_only,183,0.9859044669277245,-0.4942381533563942,1.3119828822436093,-0.47337465166537035,-0.518136734502522,1.3115,1.4594748786182994,1.4587199719633774,3.4290237426757812,3.8106954097747803,1
corridor_position_only_1772866056,corridor_position_only,184,-0.472616934441314,-0.5182810986329782,1.3112952643834768,0.44542089141986874,-0.02430810636723002,1.3115,1.0424983495030469,0.0,0.05314302444458008,0.0,0
corridor_position_only_1772866056,corridor_position_only,185,-0.47261693437220964,-0.5182810985331333,1.3112952639529598,-0.09517379708833662,0.379007629833947,1.3115,0.9734425642297309,0.0,0.45527052879333496,0.0,0
corridor_position_only_1772866056,corridor_position_only,186,-0.47261693437148866,-0.5182810985345393,1.311295263949584,0.04403133519715996,-0.32890680089846874,1.3115,0.5502618476419062,0.0,0.3542776107788086,0.0,0
corridor_position_only_1772866056,corridor_position_only,187,-0.47261693437148866,-0.5182810985345396,1.3112952639495847,-0.4127544382190081,0.4930154636792571,1.3115,1.0130667782075866,0.0,0.9033007621765137,0.0,0
corridor_position_only_1772866056,corridor_position_only,188,-0.47261693437148855,-0.5182810985345392,1.311295263949584,0.9236277239317321,0.1147030063858252,1.3115,1.5330257874018176,0.0,0.05104184150695801,0.0,0
corridor_position_only_1772866056,corridor_position_only,189,-0.47261693437148905,-0.5182810985345393,1.311295263949584,0.37111736118755023,-0.2828396854611636,1.3115,0.8759681857289947,0.0,0.051337480545043945,0.0,0
corridor_position_only_1772866056,corridor_position_only,190,-0.47261693437148933,-0.5182810985345393,1.311295263949584,0.3559842022503137,-0.010024459624534132,1.3115,0.9720620847064706,0.0,0.05129718780517578,0.0,0
corridor_position_only_1772866056,corridor_position_only,191,-0.47261693437148933,-0.5182810985345391,1.3112952639495838,-0.5723803883696872,-0.3146938788489167,1.3115,0.22671688223381767,0.0,0.7024855613708496,0.0,0
corridor_position_only_1772866056,corridor_position_only,192,-0.47261693437148866,-0.5182810985345391,1.3112952639495838,-0.8065387143536853,0.04002842701318898,1.3115,0.650548478885823,0.0,8.418872117996216,0.0,0
corridor_position_only_1772866056,corridor_position_only,193,-0.47261693437148916,-0.5182810985345391,1.3112952639495834,-0.19499397404507146,0.3854075366193458,1.3115,0.9453717254728667,0.0,0.5024378299713135,0.0,0
corridor_position_only_1772866056,corridor_position_only,194,-0.4726169343714891,-0.5182810985345393,1.3112952639495838,-0.6203174712580108,-0.19712726277005532,1.3115,0.3534901366935975,0.0,0.4523587226867676,0.0,0
corridor_position_only_1772866056,corridor_position_only,195,-0.4726169343714898,-0.5182810985345385,1.3112952639495825,-0.41862373464890457,0.2493750289720732,1.3115,0.7695526217430362,0.0,0.5520331859588623,0.0,0
corridor_position_only_1772866056,corridor_position_only,196,-0.4726169343714889,-0.5182810985345391,1.3112952639495834,0.5024058169337922,0.002703385159597227,1.3115,1.1054837130097468,0.0,0.05120706558227539,0.0,0
corridor_position_only_1772866056,corridor_position_only,197,-0.4726169343714895,-0.5182810985345392,1.3112952639495834,-0.5130733252995743,0.5052110712724055,1.3115,1.0242914541964625,1.0822793280944287,7.415653228759766,12.532447814941406,1
corridor_position_only_1772866056,corridor_position_only,198,-0.5132040687131447,0.5049993943412394,1.3108314712698008,0.04269550282267098,0.5585673086266344,1.3115,0.5584749788533538,0.55791433560627,6.324441194534302,2.606877565383911,1
corridor_position_only_1772866056,corridor_position_only,199,0.04209608727584807,0.5588322512400381,1.3122186208094475,0.1296713615490115,0.09713811948720619,1.3115,0.4699270330326708,0.47047837072562576,1.7544851303100586,2.305490255355835,1
corridor_position_only_1772866056,corridor_position_only,200,0.12944098657287062,0.09658867715336428,1.3110747075580842,0.9744584358825197,0.03349299425157315,1.3115,0.8473698930881896,0.0,6.663992643356323,0.0,0
corridor_position_only_1772866056,corridor_position_only,201,0.12945504105670846,0.09657204752832874,1.3110590222378282,0.5287469732091561,-0.5334113550358048,1.3115,0.7458641491918651,0.0,9.86885380744934,0.0,0
corridor_position_only_1772866056,corridor_position_only,202,0.1294409864612509,0.09658867679203356,1.3110747076307045,-0.032373009478670944,0.26887437974836936,1.3115,0.23636055846693882,0.0,0.6540863513946533,0.0,0
corridor_position_only_1772866056,corridor_position_only,203,0.12944573363974898,0.09658323807326383,1.311069374193503,0.020563634122989782,-0.5874109250148023,1.3115,0.6926063183167669,0.6930154306384485,4.058701276779175,2.407228946685791,1
corridor_position_only_1772866056,corridor_position_only,204,0.01978093739082354,-0.5873917084754451,1.3124011255844787,-0.6259185658551252,0.5222367467162697,1.3115,1.283823963435227,1.2835397113502165,10.569007873535156,3.309246301651001,1
corridor_position_only_1772866056,corridor_position_only,205,-0.6260217221311613,0.5215793955912278,1.311344503136452,0.29890791364644986,-0.19477028488244097,1.3115,1.1698938926388607,0.0,7.175792217254639,0.0,0
corridor_position_only_1772866056,corridor_position_only,206,-0.6260300550166278,0.5215832741190378,1.3113582532618122,0.7182555351212587,-0.7366356003916756,1.3115,1.8412546005698152,1.8415516664552543,9.070345401763916,5.010496377944946,1
corridor_position_only_1772866056,corridor_position_only,207,0.7177481246132622,-0.7362298973104775,1.3111484986901014,0.19211808502296313,0.5208816169511331,1.3115,1.362577124922472,0.0,10.655227184295654,0.0,0
corridor_position_only_1772866056,corridor_position_only,208,0.7177481246094353,-0.7362298973261747,1.3111484986769057,0.5887274737535213,-0.12165254921740487,1.3115,0.6279743376196768,0.0,0.25333595275878906,0.0,0
corridor_position_only_1772866056,corridor_position_only,209,0.7177481246094348,-0.7362298973261747,1.3111484986769053,-0.5938213856072367,-0.5006442805404492,1.3115,1.3325596746560697,1.3320408702729556,8.827473163604736,3.409332275390625,1
corridor_position_only_1772866056,corridor_position_only,210,-0.5933458273738201,-0.5009338755555848,1.3119900965562121,0.9402245759169743,-0.24507078261374604,1.3115,1.5547682606658424,0.0,0.051373958587646484,0.0,0
corridor_position_only_1772866056,corridor_position_only,211,-0.5933458273686651,-0.500933875552912,1.3119900965359323,-0.8470467870419227,0.16870034915096044,1.3115,0.7160826851897082,0.0,0.6020097732543945,0.0,0
corridor_position_only_1772866056,corridor_position_only,212,-0.5933458273686255,-0.5009338755529282,1.311990096535758,-0.5783504735933301,-0.1733064539990693,1.3115,0.32797077336782715,0.0,0.4525132179260254,0.0,0
corridor_position_only_1772866056,corridor_position_only,213,-0.593345827368625,-0.5009338755529291,1.3119900965357592,0.12235051047652279,0.07505901379774027,1.3115,0.9186889009790543,0.0,0.5561091899871826,0.0,0
corridor_position_only_1772866056,corridor_position_only,214,-0.5933458273686252,-0.5009338755529293,1.3119900965357587,-0.456967114484549,0.4909265936915409,1.3115,1.0011925808616404,1.0016924043664792,3.958458185195923,3.808331251144409,1
corridor_position_only_1772866056,corridor_position_only,215,-0.4570451783053743,0.490702038960279,1.311245561543517,-0.8005585583250759,-0.09438001741886093,1.3115,0.6784707213198895,0.0,0.6020476818084717,0.0,0
corridor_position_only_1772866056,corridor_position_only,216,-0.45704517830498476,0.4907020389595004,1.3112455615428056,0.664095736289511,-0.12018114105621003,1.3115,1.2767675100592188,0.0,0.051499366760253906,0.0,0
corridor_position_only_1772866056,corridor_position_only,217,-0.45704517830495195,0.4907020389594358,1.3112455615427456,-0.07868761334510388,0.025945815217491397,1.3115,0.599293633545482,0.0,0.5521895885467529,0.0,0
corridor_position_only_1772866056,corridor_position_only,218,-0.457045178304604,0.490702038958721,1.3112455615420855,0.8350591008487913,0.5569626449716115,1.3115,1.2938021490377265,0.0,0.1018836498260498,0.0,0
corridor_position_only_1772866056,corridor_position_only,219,-0.45704517830453995,0.4907020389585913,1.3112455615419654,0.40340709469972924,-0.1813992489112155,1.3115,1.0918325512702922,0.0,0.3517916202545166,0.0,0
corridor_position_only_1772866056,corridor_position_only,220,-0.4570451783043177,0.4907020389581368,1.3112455615415466,0.5460569575755418,0.1623614961845481,1.3115,1.05547215584994,0.0,0.20151019096374512,0.0,0
corridor_position_only_1772866056,corridor_position_only,221,-0.4570451783041898,0.49070203895787706,1.3112455615413063,-0.4150097531624425,0.18018062970465287,1.3115,0.31335377341015863,0.0,0.5519518852233887,0.0,0
corridor_position_only_1772866056,corridor_position_only,222,-0.4570451783038403,0.4907020389571635,1.3112455615406486,0.7124336812096612,-0.4976796343373456,1.3115,1.5312018807761385,0.0,0.05092334747314453,0.0,0
corridor_position_only_1772866056,corridor_position_only,223,-0.4570451783038082,0.4907020389570982,1.3112455615405876,-0.6759071595509779,-0.40888140956675006,1.3115,0.9258245041218262,0.0,0.9030303955078125,0.0,0
corridor_position_only_1772866056,corridor_position_only,224,-0.4570451783032371,0.4907020389559302,1.3112455615395096,0.7724957715717773,-0.19726983030424305,1.3115,1.4089273597498984,0.0,0.051340341567993164,0.0,0
corridor_position_only_1772866056,corridor_position_only,225,-0.4570451783032056,0.49070203895586495,1.3112455615394496,-0.2919811986226717,0.4885654146480186,1.3115,0.16507800365384484,0.16550684714583996,3.2074544429779053,1.40403151512146,1
corridor_position_only_1772866056,corridor_position_only,226,-0.29159358403341373,0.488783237745549,1.3113792202590338,-0.46096944230057385,-0.7065447518773718,1.3115,1.2072684865958594,0.0,14.103071451187134,0.0,0
corridor_position_only_1772866056,corridor_position_only,227,-0.2915895621940522,0.48878377660944583,1.311386422696808,-0.03773654072566912,0.48353093101976363,1.3115,0.2539073882249593,0.0,0.8550870418548584,0.0,0
corridor_position_only_1772866056,corridor_position_only,228,-0.291593584033338,0.4887832377442447,1.3113792202571917,-0.35882275493917826,-0.22130263117817528,1.3115,0.7132613246571982,0.0,0.7555892467498779,0.0,0
corridor_position_only_1772866056,corridor_position_only,229,-0.29158956219409704,0.48878377660943084,1.311386422696802,0.36406313535698365,-0.18046838988923564,1.3115,0.9368985724554026,0.0,0.6092512607574463,0.0,0
corridor_position_only_1772866056,corridor_position_only,230,-0.2915895621941142,0.4887837766094249,1.3113864226968,-0.2893688645879192,0.5601748437660033,1.3115,0.071425687727995,0.07134376213861482,3.3598406314849854,1.103886365890503,1
corridor_position_only_1772866056,corridor_position_only,231,-0.29013655416109096,0.5600693948757766,1.3112106920498081,0.8483035282296632,-0.07326953360516819,1.3115,1.3027525103496629,0.0,0.0509190559387207,0.0,0
corridor_position_only_1772866056,corridor_position_only,232,-0.2901454662907196,0.5600739866965674,1.3112275742258406,-0.030226834141979353,-0.7121271703681586,1.3115,1.2984812488406223,2.24577212213916,3.809128522872925,21.342979669570923,1
corridor_position_only_1772866056,corridor_position_only,233,-0.03162009738575078,-0.7122201873764096,1.3119600855264906,0.3825538316954238,-0.38866232021478003,1.3115,0.5255758257486851,0.0,0.5032050609588623,0.0,0
corridor_position_only_1772866056,corridor_position_only,234,-0.03161546874074678,-0.7122200257417819,1.311957470240443,1.0780851221544403,-0.020701689516109623,1.3115,1.3075294337216545,0.0,0.05267214775085449,0.0,0
corridor_position_only_1772866056,corridor_position_only,235,-0.03161040108128493,-0.7122272856530442,1.3119564466327078,-0.8365496790829209,0.5132465602141257,1.3115,1.4661901638320303,0.0,14.826104164123535,0.0,0
corridor_position_only_1772866056,corridor_position_only,236,-0.03161040110647573,-0.7122272856573679,1.3119564466627733,-0.3298225525979577,0.018440575456700192,1.3115,0.789180726390186,0.0,0.5038447380065918,0.0,0
corridor_position_only_1772866056,corridor_position_only,237,-0.03162009737074045,-0.712220187141684,1.3119600854554583,-0.46387303937048446,-0.7278917314232478,1.3115,0.4325371831949589,0.43197055878391544,8.369680404663086,2.907042980194092,1
corridor_position_only_1772866056,corridor_position_only,238,-0.4632955078965511,-0.7273397942896147,1.3109984230272045,0.8590501337289052,0.07784560238200366,1.3115,1.5481995254225247,0.0,0.05127859115600586,0.0,0
corridor_position_only_1772866056,corridor_position_only,239,-0.46327740226265746,-0.7273350349104175,1.3110096449756186,-0.5254141257683229,0.5134020137008949,1.3115,1.2422920899099292,1.2426321169912407,9.136933088302612,5.524463653564453,1
corridor_position_only_1772866056,corridor_position_only,240,-0.5244514272141053,0.513399802169374,1.311558391580124,0.15549489187058407,-0.6784687616510744,1.3115,1.3721798984352647,0.0,10.781351089477539,0.0,0
corridor_position_only_1772866056,corridor_position_only,241,-0.524451427214286,0.5133998021697008,1.3115583915814777,-0.7088930401723994,0.08573099840681742,1.3115,0.4657459798131842,0.0,0.45172834396362305,0.0,0
corridor_position_only_1772866056,corridor_position_only,242,-0.5244514272142855,0.5133998021697006,1.3115583915814777,-0.30080901372047286,-0.2543056875771598,1.3115,0.7996171906045925,0.0,0.5023488998413086,0.0,0
corridor_position_only_1772866056,corridor_position_only,243,-0.5244514272142857,0.5133998021697008,1.3115583915814777,0.2496139970684501,-0.08890674737843696,1.3115,0.9807907341059926,0.0,0.05146169662475586,0.0,0
corridor_position_only_1772866056,corridor_position_only,244,-0.5244514272142857,0.5133998021697008,1.3115583915814777,0.5789578966707161,-0.44767191981630017,1.3115,1.4632740666898565,0.0,8.969245195388794,0.0,0
corridor_position_only_1772866056,corridor_position_only,245,-0.5244514272142862,0.5133998021696983,1.3115583915814737,0.30644445864790515,-0.67234093227264,1.3115,1.4478843413298412,0.0,7.267333269119263,0.0,0
corridor_position_only_1772866056,corridor_position_only,246,-0.5244514272142867,0.5133998021696979,1.3115583915814715,-0.2105286084007837,0.3162333679467594,1.3115,0.37070492627638574,0.36952416305494556,10.537815809249878,2.4109699726104736,1
corridor_position_only_1772866056,corridor_position_only,247,-0.2117216479294466,0.31662336201562424,1.311288763292052,0.5702701147955418,-0.062194931532683295,1.3115,0.8689156812473423,0.8684814649840081,4.113579750061035,3.409979820251465,1
corridor_position_only_1772866056,corridor_position_only,248,0.569525063723756,-0.0626984802700001,1.310583915476896,-0.3846311701200903,0.3824465844843504,1.3115,1.0528860747816362,0.0,102.8315052986145,0.0,0
corridor_position_only_1772866056,corridor_position_only,249,0.5695250637237458,-0.06269848027006583,1.3105839154771775,-0.33360833801021395,0.06797693627812573,1.3115,0.912538681387507,1.5934140300568937,5.063056230545044,19.164596557617188,1
corridor_position_only_1772866056,corridor_position_only,250,0.8314652573449044,0.04445852489450129,1.3826300376417189,0.9451155065661652,-0.555011201117347,1.3115,0.6142799148659245,0.6145984583758042,9.572122812271118,4.209444522857666,1
corridor_position_only_1772866056,corridor_position_only,251,0.9441895478916442,-0.5554884130662499,1.3121704643124348,-0.5060665350418558,0.001571901697864142,1.3115,1.5535634360698334,1.017729208497111,14.339782953262329,11.128934860229492,1
corridor_position_only_1772866056,corridor_position_only,252,0.6709324184902516,-0.05098346487844881,1.388334795489662,0.7256041950613934,0.16216834586052575,1.3115,0.2330799935058491,0.0,0.052138566970825195,0.0,0
corridor_position_only_1772866056,corridor_position_only,253,0.6709324184902538,-0.050983464878359135,1.3883347954896434,-0.3781580064410935,-0.07053009995432491,1.3115,1.052081924767916,0.14495915614473653,2.8061962127685547,2.7063698768615723,1
corridor_position_only_1772866056,corridor_position_only,254,0.7876674953706979,-0.13688250527460388,1.3858756010219286,0.9981256112588675,-0.6888275611796729,1.3115,0.5953718949603022,0.5956813479732213,10.824281215667725,4.109249114990234,1
corridor_position_only_1772866056,corridor_position_only,255,0.998645721968871,-0.6888313553761305,1.31161457391527,-0.515099665957625,0.037356746779313,1.3115,1.6789205675993264,0.7619730703303321,32.57379412651062,4.211172819137573,1
corridor_position_only_1772866056,corridor_position_only,256,0.6666612201180615,-0.007498854178190406,1.3886576024127233,0.5092869696832367,-0.3344424638701152,1.3115,0.37096101443195956,0.0,0.4516777992248535,0.0,0
corridor_position_only_1772866056,corridor_position_only,257,0.6666612201189023,-0.007498854172820521,1.388657602412839,0.998536181422826,-0.09142966631264471,1.3115,0.3509111950009988,0.0,0.15149712562561035,0.0,0
corridor_position_only_1772866056,corridor_position_only,258,0.6666596391724684,-0.007496366247027944,1.3886574028321594,-0.24054286203186737,0.3959298614830308,1.3115,0.9958525815720478,1.9483317878968458,102.63531732559204,8.018899202346802,1
corridor_position_only_1772866056,corridor_position_only,259,0.6703643139535083,0.6064949360516575,1.511172701231244,-0.41712248449577255,-0.5773410989420189,1.3115,1.6198655753388913,0.0,24.784378051757812,0.0,0
corridor_position_only_1772866056,corridor_position_only,260,0.6703643139535933,0.6064949360555101,1.5111727012350908,-0.19936782181169288,0.2528295440805183,1.3115,0.9598866522054511,0.4507433882782467,13.691532135009766,5.712920188903809,1
corridor_position_only_1772866056,corridor_position_only,261,0.9681957040230749,0.4337788907708092,1.5437813356009085,0.19627174148791826,0.34345362848873606,1.3115,0.811159587141054,1.2465604451336636,12.524443626403809,10.524520874023438,1
corridor_position_only_1772866056,corridor_position_only,262,0.1972211467066317,0.3431998244699444,1.3118094443694774,0.8830078970041229,0.10319602056248656,1.3115,0.7265709796912211,0.0,0.05317997932434082,0.0,0
corridor_position_only_1772866056,corridor_position_only,263,0.19721482305133642,0.3431908133044327,1.3117874977439854,0.851535968071643,-0.713775829491568,1.3115,1.2431068849697062,0.0,20.245054721832275,0.0,0
corridor_position_only_1772866056,corridor_position_only,264,0.19722210874922141,0.34318383695369126,1.3118025587112454,0.9882321784525603,0.3545281659530163,1.3115,0.7910914711424334,0.7901134384200132,3.257420539855957,2.607088088989258,1
corridor_position_only_1772866056,corridor_position_only,265,0.9872401437839795,0.35429257615034315,1.3108556797177262,0.6475671886614935,-0.19074692470090127,1.3115,0.6422197358213481,0.0,0.05123615264892578,0.0,0
corridor_position_only_1772866056,corridor_position_only,266,0.9872401437842241,0.35429257615062026,1.3108556797180089,0.8586280403173234,0.6091306866798317,1.3115,0.28545393828935894,0.28498042630083814,13.880641222000122,1.4108014106750488,1
corridor_position_only_1772866056,corridor_position_only,267,0.8598775710928288,0.6091212399843571,1.3120608691202569,-0.03787042148684694,0.27043808238313705,1.3115,0.9595092777027956,0.9600299111204119,5.9255430698394775,3.511974334716797,1
corridor_position_only_1772866056,corridor_position_only,268,-0.03823438653041933,0.26996346981110814,1.3112790752281192,-0.17013888355598095,-0.3483336254672917,1.3115,0.6322105212451212,0.7747027603902723,1.9052283763885498,5.010162115097046,1
corridor_position_only_1772866056,corridor_position_only,269,-0.1691635662691301,-0.34894365656021253,1.3118730462392043,-0.7895712981407308,-0.7184412136762894,1.3115,0.7221041044366866,0.7217936756887624,8.766929388046265,3.1089017391204834,1
corridor_position_only_1772866056,corridor_position_only,270,-0.789340650823188,-0.7180311666402859,1.311131454755522,-0.11126458532951089,0.1908353664202781,1.3115,1.1339425299981087,0.0,0.20162034034729004,0.0,0
corridor_position_only_1772866056,corridor_position_only,271,-0.789340650823202,-0.7180311666403942,1.3111314547562403,0.685535818571624,-0.6201492828229554,1.3115,1.4781209689940111,1.477396892972665,9.272152662277222,3.4114861488342285,1
corridor_position_only_1772866056,corridor_position_only,272,0.6848313333519849,-0.6206119912792013,1.311780103720848,0.9994588681815753,-0.10079032354267892,1.3115,0.6076225229362544,0.0,0.10540580749511719,0.0,0
corridor_position_only_1772866056,corridor_position_only,273,0.6848329031273541,-0.6206150267383296,1.3117901212872,1.0914962170034874,-0.42468308229914875,1.3115,0.4514027712307469,0.4522598146762341,17.667487859725952,2.7075188159942627,1
corridor_position_only_1772866056,corridor_position_only,274,1.0924379988366524,-0.4247179114827716,1.3113111857721171,0.33153432744989875,-0.038565985863317165,1.3115,0.8532805766219375,0.0,18.418041944503784,0.0,0
corridor_position_only_1772866056,corridor_position_only,275,1.09244900653225,-0.4247194353115567,1.3113202259086854,-0.43599633362291246,-0.48683382781379425,1.3115,1.5297069614526426,1.5292242316948825,7.098187208175659,3.6112329959869385,1
corridor_position_only_1772866056,corridor_position_only,276,-0.4354880613695301,-0.48732288491469034,1.3114483579144631,-0.7583558150513484,0.5885470138134749,1.3115,1.1232718406618234,0.0,12.824391603469849,0.0,0
corridor_position_only_1772866056,corridor_position_only,277,-0.43548806136446855,-0.4873228849032386,1.3114483578545135,1.0989073044852347,-0.5040679275724245,1.3115,1.534486734338863,1.533903775487745,21.461602449417114,3.4100136756896973,1
corridor_position_only_1772866056,corridor_position_only,278,1.0983245122669347,-0.5036268016443332,1.3108599902446547,0.5065128649826163,-0.5315470246890391,1.3115,0.5924702307531845,0.5918148012934765,16.536194324493408,3.607470750808716,1
corridor_position_only_1772866056,corridor_position_only,279,0.5071798905613182,-0.5317652663434991,1.3117917956685416,-0.4293934874215611,-0.005197142944449729,1.3115,1.0744504484018655,0.0,27.529324293136597,0.0,0
corridor_position_only_1772866056,corridor_position_only,280,0.5071798905613394,-0.531765266343415,1.3117917956685763,-0.6916730882776498,0.4626312252541428,1.3115,1.5575856100122913,0.0,60.390974044799805,0.0,0
corridor_position_only_1772866056,corridor_position_only,281,0.5071798905613424,-0.5317652663434135,1.3117917956685825,0.8884986943003128,0.5700651585676811,1.3115,1.165947854961531,1.1657531832459207,15.487436532974243,4.311319589614868,1
corridor_position_only_1772866056,corridor_position_only,282,0.8890690157448446,0.5696202772251339,1.3113874750244916,0.4256896056265411,0.013878027216957523,1.3115,0.7235813284127828,0.0,0.5025250911712646,0.0,0
corridor_position_only_1772866056,corridor_position_only,283,0.88906901574203,0.569620277241472,1.3113874750215317,-0.13433135928159368,-0.3860983011133118,1.3115,1.400266525084726,0.0,26.423674821853638,0.0,0
corridor_position_only_1772866056,corridor_position_only,284,0.8890690157420311,0.5696202772414676,1.31138747502153,-0.7123664000710418,-0.4404682805209592,1.3115,1.893376428026091,0.0,51.673763275146484,0.0,0
corridor_position_only_1772866056,corridor_position_only,285,0.889069015742029,0.5696202772414642,1.311387475021523,0.8140921036446596,-0.06266867188279923,1.3115,0.636718827422429,0.0,0.051095008850097656,0.0,0
corridor_position_only_1772866056,corridor_position_only,286,0.8890690157420295,0.5696202772414647,1.3113874750215242,0.7615176744636456,-0.2651101483423867,1.3115,0.8444194696471555,0.0,11.38740086555481,0.0,0
corridor_position_only_1772866056,corridor_position_only,287,0.889069015742029,0.5696202772414638,1.3113874750215224,-0.3437499685242069,0.4642376012519872,1.3115,1.237314902936115,1.2363084826337707,17.186912059783936,3.6113202571868896,1
corridor_position_only_1772866056,corridor_position_only,288,-0.3426688211430531,0.46338057975480473,1.3110981767336876,0.8128529870647874,0.44866223211876866,1.3115,1.1556156110329203,1.1545475866896633,3.3109025955200195,3.4086480140686035,1
corridor_position_only_1772866056,corridor_position_only,289,0.811816314100043,0.4489873931329804,1.311411481937086,0.5093884370285202,0.19151342039865282,1.3115,0.397184434867522,0.0,0.401536226272583,0.0,0
corridor_position_only_1772866056,corridor_position_only,290,0.8118059142422137,0.44898901732255103,1.3114168874059229,-0.5586446813091279,0.46731642313932775,1.3115,1.3705731412656177,1.3702271122554721,5.611477375030518,3.407449722290039,1
corridor_position_only_1772866056,corridor_position_only,291,-0.5583094103583599,0.46709977391932944,1.31161129610188,0.7637687996193596,-0.5659328020914862,1.3115,1.6778102123852552,0.0,0.051407575607299805,0.0,0
corridor_position_only_1772866056,corridor_position_only,292,-0.558309410326009,0.46709977377975004,1.3116112954398957,-0.5543738860322531,0.3808866911395915,1.3115,0.08630293364921317,0.0,0.6020047664642334,0.0,0
corridor_position_only_1772866056,corridor_position_only,293,-0.5583094103220451,0.4670997737605462,1.3116112953624763,-0.8603432022572358,-0.3486096050176698,1.3115,0.8698311413625928,0.0,0.7074847221374512,0.0,0
corridor_position_only_1772866056,corridor_position_only,294,-0.5583094103220456,0.4670997737605461,1.311611295362478,0.3792544105470368,-0.3860298796178444,1.3115,1.2676182927296462,0.0,0.05389404296875,0.0,0
corridor_position_only_1772866056,corridor_position_only,295,-0.5583094103220465,0.4670997737605459,1.3116112953624772,0.6726535731895666,-0.5960086022517591,1.3115,1.626489870337344,0.0,6.215097665786743,0.0,0
corridor_position_only_1772866056,corridor_position_only,296,-0.558309410322045,0.4670997737605468,1.311611295362478,1.0356501516485273,-0.2732676438628453,1.3115,1.7575127341394732,0.0,0.051451683044433594,0.0,0
corridor_position_only_1772866056,corridor_position_only,297,-0.5583094103220447,0.4670997737605465,1.3116112953624781,-0.6698257191224737,0.544751941462884,1.3115,0.13588877313450984,0.13599105050135926,4.663477659225464,1.106973648071289,1
corridor_position_only_1772866056,corridor_position_only,298,-0.6701580116257491,0.544379770682272,1.3111140081481327,-0.2764902103114102,0.23002844979861703,1.3115,0.5037769741886523,0.0,0.6129562854766846,0.0,0
corridor_position_only_1772866056,corridor_position_only,299,-0.6701580116256396,0.5443797706811891,1.3111140081472978,-0.18745978111923978,0.11013792141251366,1.3115,0.649279380836939,0.0,0.8672492504119873,0.0,0
corridor_position_only_1772866056,corridor_position_only,300,-0.6701580116256394,0.5443797706811883,1.311114008147297,1.0564551369096007,0.5882381731625402,1.3115,1.7271701343969277,1.7282917075623896,8.50899600982666,4.413945913314819,1
corridor_position_only_1772866056,corridor_position_only,301,1.0575696243611739,0.5885174846831949,1.3113608535465262,0.6298776543313227,-0.7092175767856067,1.3115,1.3663955248591766,0.0,19.28927206993103,0.0,0
corridor_position_only_1772866056,corridor_position_only,302,1.0575696243922141,0.5885174847112205,1.3113608536024328,0.09549080338204752,0.31553979206790805,1.3115,1.000056247357567,0.9660654492765632,110.22159242630005,11.524122953414917,1
corridor_position_only_1772866056,corridor_position_only,303,1.2255366785702067,0.5247238788284729,1.5381486951742764,-0.33067194742973827,0.6270490632166953,1.3115,1.5759522080383408,0.5370727953291061,27.20965886116028,3.4079055786132812,1
corridor_position_only_1772866056,corridor_position_only,304,0.7268271673831256,0.6920716646675116,1.6102442614161812,-0.5486975863981116,0.34906831998240306,1.3115,1.3542019146726079,0.36655125822017826,9.267916440963745,2.2069334983825684,1
corridor_position_only_1772866056,corridor_position_only,305,0.5230327312822372,0.38776267817227483,1.6054684549846625,-0.7097207675893997,0.19200604105065588,1.3115,1.2823491343949578,0.23283253795483402,3.0089917182922363,1.6056513786315918,1
corridor_position_only_1772866056,corridor_position_only,306,0.3636490785982579,0.21804808318741253,1.603408717383661,1.0116115803803134,-0.535446456693043,1.3115,1.0357703049566027,0.0,0.1514437198638916,0.0,0
corridor_position_only_1772866056,corridor_position_only,307,0.36364907859826023,0.2180480831873997,1.6034087173836549,-0.041100457852425554,0.1343346520904536,1.3115,0.5060047678506978,0.0,9.478712797164917,0.0,0
corridor_position_only_1772866056,corridor_position_only,308,0.3636490785982597,0.21804808318740046,1.6034087173836549,1.0772436982563796,-0.18057507532313088,1.3115,0.8679449308513182,0.0,0.05313444137573242,0.0,0
corridor_position_only_1772866056,corridor_position_only,309,0.36364907859826023,0.21804808318739974,1.6034087173836553,-0.4506264766222849,-0.7002217701166814,1.3115,1.2615367226527323,0.0,48.1235728263855,0.0,0
corridor_position_only_1772866056,corridor_position_only,310,0.3636490785982598,0.21804808318739946,1.6034087173836569,0.8401580511821607,-0.09280958820580043,1.3115,0.6394560126400713,0.0,0.051370859146118164,0.0,0
corridor_position_only_1772866056,corridor_position_only,311,0.36364907859825957,0.2180480831874002,1.603408717383655,0.8486111188880205,0.32404407573585325,1.3115,0.575876749177209,0.0,3.2570509910583496,0.0,0
corridor_position_only_1772866056,corridor_position_only,312,0.3636490785982598,0.21804808318740027,1.6034087173836553,0.6353495500490238,0.11742672192156478,1.3115,0.4112864012025293,0.0,0.05117011070251465,0.0,0
corridor_position_only_1772866056,corridor_position_only,313,0.3636490785982598,0.21804808318739946,1.6034087173836553,0.9521204343706913,0.10427753215149416,1.3115,0.6666730639018108,0.0,0.051360130310058594,0.0,0
corridor_position_only_1772866056,corridor_position_only,314,0.3636490785982601,0.21804808318739966,1.6034087173836564,-0.6404951694765342,-0.5709947215136957,1.3115,1.3100018770508828,1.446174450506426,216.79051399230957,8.925366163253784,1
corridor_position_only_1772866056,corridor_position_only,315,0.291062090631081,-0.5149071967757066,1.6207893957149615,-0.4755599916799326,-0.06754909277726562,1.3115,0.9399460732412688,0.0,145.6069643497467,0.0,0
corridor_position_only_1772866056,corridor_position_only,316,0.2910620876850125,-0.5149072034856024,1.6207894027321454,-0.3398550724096364,0.3528462042754966,1.3115,1.1165627497929995,0.0,7.364124774932861,0.0,0
corridor_position_only_1772866056,corridor_position_only,317,0.2910620876821981,-0.5149072034869842,1.6207894027291267,-0.8499680899021446,-0.6434579761702761,1.3115,1.1891741260034914,0.24528901493791844,21.60648798942566,2.007613182067871,1
corridor_position_only_1772866056,corridor_position_only,318,0.04717467063096681,-0.5382246501600025,1.6119958498074825,0.31624072637246003,-0.3422556168534173,1.3115,0.44843969507495973,0.0,0.40198850631713867,0.0,0
corridor_position_only_1772866056,corridor_position_only,319,0.047174670630942606,-0.5382246501599128,1.6119958498076918,0.6726646599866193,-0.6885637339713573,1.3115,0.7100262830748422,0.7872318889414318,36.06830143928528,8.419730424880981,1
corridor_position_only_1772866056,corridor_position_only,320,0.6718702092944069,-0.6888720147235347,1.311915042007004,-0.39326677856047054,0.6126744031490593,1.3115,1.6818264039529793,0.0,25.21256136894226,0.0,0
corridor_position_only_1772866056,corridor_position_only,321,0.6718632027923543,-0.6888897436421408,1.3119198326656734,0.3521846654185121,0.22218686952759892,1.3115,0.9655336030308783,0.0,0.45191526412963867,0.0,0
corridor_position_only_1772866056,corridor_position_only,322,0.6718713069158055,-0.6888741653527601,1.3119445543651114,-0.22595368706040808,-0.03166420198940645,1.3115,1.1126611583860704,0.0,0.4516873359680176,0.0,0
corridor_position_only_1772866056,corridor_position_only,323,0.6718941300440016,-0.6888781980526821,1.3119345591236615,-0.8071914383755114,-0.6350331449090014,1.3115,1.480065403046957,1.4787818453390278,11.923601865768433,3.910188674926758,1
corridor_position_only_1772866056,corridor_position_only,324,-0.8059490865526755,-0.6350568677600988,1.3114376389018454,0.2518659612544083,0.20432486759460322,1.3115,1.350383048213758,0.0,0.051900386810302734,0.0,0
corridor_position_only_1772866056,corridor_position_only,325,-0.8059490865486674,-0.6350568678069208,1.3114376386937985,-0.5410495219625238,-0.599323787380534,1.3115,0.2672987771083504,0.0,0.80983567237854,0.0,0
corridor_position_only_1772866056,corridor_position_only,326,-0.8059490865482484,-0.6350568678147744,1.3114376386680333,-0.8103962609555775,0.5433556263388298,1.3115,1.1784208873006552,0.0,20.487757444381714,0.0,0
corridor_position_only_1772866056,corridor_position_only,327,-0.8059490865482491,-0.6350568678147739,1.3114376386680324,0.5323579495517163,0.45371157602712164,1.3115,1.7252485186399997,2.353794476306564,8.06661081314087,13.629059314727783,1
corridor_position_only_1772866056,corridor_position_only,328,0.5314645027418862,0.45388391597008937,1.3120157583108467,-0.20020971838015844,0.3765697062877079,1.3115,0.7357478636598255,0.7361635464768737,11.930635452270508,2.3055477142333984,1
corridor_position_only_1772866056,corridor_position_only,329,-0.20068170294989496,0.37721263419413487,1.3119188260918295,0.21232808953670523,0.37996713592846654,1.3115,0.4130191900928142,0.0,0.6044542789459229,0.0,0
corridor_position_only_1772866056,corridor_position_only,330,-0.20069018791020354,0.37720557775713226,1.311926606814469,0.17033007397537636,0.2622040028918261,1.3115,0.38843478081206767,0.3884739021713472,3.257068634033203,2.1060526371002197,1
corridor_position_only_1772866056,corridor_position_only,331,0.17040073413205414,0.2622961789550088,1.3110113063937803,-0.38324139019188974,-0.5237856095244792,1.3115,0.9614803268015839,1.0131837582560197,3.6071560382843018,5.411727666854858,1
corridor_position_only_1772866056,corridor_position_only,332,-0.38385025693266167,-0.5235113792838817,1.3109920331371576,1.0611649370335183,-0.28010518210649915,1.3115,1.4653722208530517,0.0,0.05108833312988281,0.0,0
corridor_position_only_1772866056,corridor_position_only,333,-0.383850256900268,-0.5235113792091226,1.3109920326781734,0.4325588110427365,-0.05847908559338699,1.3115,0.9395632274391528,0.0,0.05106377601623535,0.0,0
corridor_position_only_1772866056,corridor_position_only,334,-0.3838502568996228,-0.5235113792095967,1.3109920326723472,-0.42020270268136595,0.6259628006619636,1.3115,1.1500489765816573,0.0,12.23213505744934,0.0,0
corridor_position_only_1772866056,corridor_position_only,335,-0.38385025689961527,-0.5235113792095849,1.3109920326722695,-0.47750686225843436,0.19163360510059435,1.3115,0.72125180508762,0.0,0.551856279373169,0.0,0
corridor_position_only_1772866056,corridor_position_only,336,-0.38385025689961383,-0.5235113792095839,1.3109920326722686,-0.3622725149707745,-0.10735605744017929,1.3115,0.41671466114662964,0.0,0.5552129745483398,0.0,0
corridor_position_only_1772866056,corridor_position_only,337,-0.38385025689961405,-0.5235113792095846,1.3109920326722695,0.5990443250183624,-0.1583721584683444,1.3115,1.0485269036691618,0.0,0.05136990547180176,0.0,0
corridor_position_only_1772866056,corridor_position_only,338,-0.3838502568996143,-0.5235113792095842,1.3109920326722686,1.0845214353248667,-0.6878899709992491,1.3115,1.477543910005975,1.4768085028925209,7.815438270568848,3.407872438430786,1
corridor_position_only_1772866056,corridor_position_only,339,1.0838392113239796,-0.687358114442937,1.3110018691347083,-0.0036642391662317086,0.2535040254103976,1.3115,1.4380144537423363,1.4379638470080387,20.71036171913147,3.8082926273345947,1
corridor_position_only_1772866056,corridor_position_only,340,-0.0032380122067218187,0.2539080484991198,1.31090610506427,0.9121910944703144,-0.16355544647587217,1.3115,1.0061245309102878,1.0047856322744289,4.1578898429870605,2.8064520359039307,1
corridor_position_only_1772866056,corridor_position_only,341,0.9110648894813995,-0.16279600094742977,1.3106048160517259,0.9353041510122815,-0.4535501523062141,1.3115,0.2917641507900356,0.2914205140724363,9.919321060180664,1.7043805122375488,1
corridor_position_only_1772866056,corridor_position_only,342,0.9352130152382093,-0.45315548174137116,1.310401843789222,0.5800300104270868,-0.5622260006351449,1.3115,0.3715542368826901,0.3706493075350094,8.274491310119629,2.810319185256958,1
corridor_position_only_1772866056,corridor_position_only,343,0.580982461219214,-0.5622546835814877,1.3111940444934986,-0.5168680782191803,-0.4166154715545921,1.3115,1.1074685912628677,2.319746619498738,73.79630827903748,13.837475776672363,1
corridor_position_only_1772866056,corridor_position_only,344,0.5263016726710658,-0.5838741944579317,1.3912198540590377,0.8203912550585057,-0.06661022524040017,1.3115,0.6003381975609152,0.0,0.05094313621520996,0.0,0
corridor_position_only_1772866056,corridor_position_only,345,0.5263081169042833,-0.5838725831007594,1.3912180710322977,0.00959501541528296,-0.03564095570060566,1.3115,0.7575653881885797,0.0,0.5516746044158936,0.0,0
corridor_position_only_1772866056,corridor_position_only,346,0.5263016726710192,-0.5838741944742403,1.3912198540580314,-0.5488956845364849,-0.2056539686404807,1.3115,1.1425651628273878,0.2520350132893152,4.358183145523071,1.6042041778564453,1
corridor_position_only_1772866056,corridor_position_only,347,0.5830793347274567,-0.3384396370546601,1.392975466175542,0.4286520691208411,-0.2961888517552692,1.3115,0.1796417568653605,0.0,11.070009231567383,0.0,0
corridor_position_only_1772866056,corridor_position_only,348,0.5830760380632674,-0.338444850777899,1.3929976236436001,1.0491853113456757,-0.11949317013887961,1.3115,0.5213823508271639,0.0,0.05149960517883301,0.0,0
corridor_position_only_1772866056,corridor_position_only,349,0.5830793347141555,-0.33843963704706426,1.3929754661370684,-0.5365398321164943,-0.028830594684031707,1.3115,1.1644926317627626,0.32826429961655446,4.459136724472046,9.320262670516968,1
corridor_position_only_1772866056,corridor_position_only,350,0.6409268376041781,-0.115111590567118,1.3951791082957956,-0.018980928102300676,-0.4012665894645965,1.3115,0.7241306068651651,0.6074060271139105,4.2682085037231445,2.106067419052124,1
corridor_position_only_1772866056,corridor_position_only,351,1.0796265883692397,-0.5350883683955729,1.386699690127541,-0.5419229385403174,-0.5126911968198515,1.3115,1.6234467946041469,0.5535928719357684,13.62756061553955,2.1073267459869385,1
corridor_position_only_1772866056,corridor_position_only,352,0.5366759989336056,-0.6430198595570336,1.3822910842582674,0.44266057374641776,-0.09085717671975568,1.3115,0.5645652363559496,0.0,0.501683235168457,0.0,0
corridor_position_only_1772866056,corridor_position_only,353,0.5366769818565338,-0.6430143996537907,1.382267037670689,0.2871723502343628,0.45000473942521746,1.3115,1.1233660904685598,0.0,11.981059551239014,0.0,0
corridor_position_only_1772866056,corridor_position_only,354,0.5366759989512876,-0.6430198595748128,1.382291084311882,-0.3383562699733266,-0.6645626597332814,1.3115,0.8781554199092994,0.2229133530145029,37.13628363609314,2.5060739517211914,1
corridor_position_only_1772866056,corridor_position_only,355,0.7085560613827997,-0.7849344261470873,1.3808266557914193,-0.7950211023950139,-0.5752209781502231,1.3115,1.5197138556018002,0.44808055065798985,20.697771787643433,2.1053028106689453,1
corridor_position_only_1772866056,corridor_position_only,356,0.26741866499325884,-0.706477362390773,1.3825251371688159,-0.24637859993608047,-0.046059372862148784,1.3115,0.8397524161630907,0.0,0.5520312786102295,0.0,0
corridor_position_only_1772866056,corridor_position_only,357,0.2674120973547768,-0.7064784138029381,1.3825237569990878,1.0825009037044344,0.5830730889031267,1.3115,1.5272056883164902,0.0,20.79555320739746,0.0,0
corridor_position_only_1772866056,corridor_position_only,358,0.2674208635183227,-0.706470074796397,1.382497824035884,0.3937357167503217,0.4495197366705105,1.3115,1.1650358695680352,0.0,21.515246868133545,0.0,0
corridor_position_only_1772866056,corridor_position_only,359,0.2674186649465532,-0.7064773624051546,1.3825251371772893,0.09589392206921576,0.1732714898683474,1.3115,0.8991236570165049,0.0,0.5644290447235107,0.0,0
corridor_position_only_1772866056,corridor_position_only,360,0.2674208635367709,-0.7064700747838188,1.3824978240041454,-0.2626828557662596,0.22523136800015264,1.3115,1.0742989447625664,0.0,0.8202722072601318,0.0,0
corridor_position_only_1772866056,corridor_position_only,361,0.2674186649452345,-0.7064773624055918,1.382525137177522,1.04936567538461,-0.6139804165053391,1.3115,0.7905955870399459,0.7960438626933997,21.769006490707397,6.814987897872925,1
corridor_position_only_1772866056,corridor_position_only,362,1.05002508271745,-0.6144356394890901,1.3119698358689673,0.8476579481762156,-0.4995961892992917,1.3115,0.23268170793611814,0.23360290772788214,9.519423961639404,3.107339859008789,1
corridor_position_only_1772866056,corridor_position_only,363,0.8468607544799934,-0.49914916852214986,1.3106237150708053,0.999225382997514,0.1957827908699734,1.3115,0.7114395097850097,0.7109171248478842,8.217480182647705,3.1113479137420654,1
corridor_position_only_1772866056,corridor_position_only,364,0.9983112253533638,0.19540205886905523,1.3112797053856027,0.8491696792368195,0.04101779188175203,1.3115,0.21465728778906473,0.2142980391225021,5.840920686721802,3.2211804389953613,1
corridor_position_only_1772866056,corridor_position_only,365,0.8493427707392458,0.04138573865483519,1.3119289053260115,0.4936420205445542,0.18652939205793684,1.3115,0.3841742934815457,0.3843152476368636,2.20829176902771,2.906877279281616,1
corridor_position_only_1772866056,corridor_position_only,366,0.493733398267022,0.1870802935181004,1.3120507387819553,-0.09236074799345795,0.15179411045501023,1.3115,0.5871556576489481,0.5874677780849678,3.1073334217071533,2.205601930618286,1
corridor_position_only_1772866056,corridor_position_only,367,-0.09262481987369553,0.15099730789138183,1.3112061217521076,1.1078380044774612,-0.676756658605596,1.3115,1.4581795870416854,1.4583570948722844,21.400038719177246,4.012840509414673,1
corridor_position_only_1772866056,corridor_position_only,368,1.1080350206268454,-0.67677300005618,1.3105346260931618,0.8528333385684477,0.3319976550960678,1.3115,1.0405513275031226,1.040173157190028,14.61338210105896,2.8069748878479004,1
corridor_position_only_1772866056,corridor_position_only,369,0.8533281246139235,0.33165998668055774,1.311284064760326,0.8682178424992715,-0.18771119805148062,1.3115,0.5195846204966946,0.519985208187515,2.805922508239746,1.90620756149292,1
corridor_position_only_1772866056,corridor_position_only,370,0.868914281605231,-0.18785288247964765,1.3115420343639603,0.7281506569275744,0.30437977518307,1.3115,0.5119642458892829,1.5338726523538901,3.257962942123413,14.434014320373535,1
corridor_position_only_1772866056,corridor_position_only,371,0.728220752162595,0.30449112800184774,1.311347075507935,0.7479474164588928,-0.577832757920784,1.3115,0.8825443922771095,0.8829259511748164,5.217081546783447,3.5114669799804688,1
corridor_position_only_1772866056,corridor_position_only,372,0.7477548169992311,-0.5778743721100008,1.3112481610652682,-0.22967088513766432,-0.23948185108669928,1.3115,1.0343454765720965,0.26828757558572924,28.113505840301514,3.9083704948425293,1
corridor_position_only_1772866056,corridor_position_only,373,0.8991459624047954,-0.37163167070403946,1.3908610685899274,-0.10287784328217475,-0.12649496251664283,1.3115,1.0346216178256122,0.2778161838743946,5.589009046554565,8.832311630249023,1
corridor_position_only_1772866056,corridor_position_only,374,1.055694602467484,-0.20974011183987662,1.3873188849759437,-0.42255159876443377,-0.6424288007421585,1.3115,1.5421348307717995,0.7615070550969318,20.439226150512695,3.909674882888794,1
corridor_position_only_1772866056,corridor_position_only,375,0.5311041535566322,-0.7602486833897772,1.3818732457555387,0.354829865791056,-0.10615918381801348,1.3115,0.681071282389348,0.0,0.5620512962341309,0.0,0
corridor_position_only_1772866056,corridor_position_only,376,0.5311041545587456,-0.76024868247987,1.3818732487501475,0.1558200981399842,-0.08460410013674957,1.3115,0.7760709495860413,0.0,0.6534862518310547,0.0,0
corridor_position_only_1772866056,corridor_position_only,377,0.5311041545398605,-0.7602486821657606,1.3818732486207144,-0.11945228356643134,-0.19501749904765864,1.3115,0.8646747155156485,0.0,0.602116584777832,0.0,0
corridor_position_only_1772866056,corridor_position_only,378,0.5311041545472808,-0.7602486821393706,1.381873248639826,0.3318678939166073,0.3079496013588844,1.3115,1.088896255178993,0.0,28.934122562408447,0.0,0
corridor_position_only_1772866056,corridor_position_only,379,0.5311041545413644,-0.760248682141298,1.3818732486645415,1.0208479653826805,-0.7179484314026792,1.3115,0.49657900237276065,0.0,22.703304052352905,0.0,0
corridor_position_only_1772866056,corridor_position_only,380,0.5311041545360791,-0.7602486821450319,1.381873248683574,0.4102948834544231,0.4908939742572821,1.3115,1.25893018900136,0.0,37.50836515426636,0.0,0
corridor_position_only_1772866056,corridor_position_only,381,0.5311041545274824,-0.7602486821511074,1.3818732487145324,-0.7535500324460904,0.5409151008307768,1.3115,1.829840420470347,0.0,1.8293256759643555,0.0,0
corridor_position_only_1772866056,corridor_position_only,382,0.5311041545270865,-0.7602486821513881,1.3818732487159604,0.08999782670729739,-0.39018899595202206,1.3115,0.580061512192863,0.0,34.38719701766968,0.0,0
corridor_position_only_1772866056,corridor_position_only,383,0.5311041545192274,-0.7602486821569431,1.3818732487442653,0.7185973295043389,-0.0021924058482002406,1.3115,0.7840633921156483,0.0,0.11654233932495117,0.0,0
corridor_position_only_1772866056,corridor_position_only,384,0.5311041545192035,-0.7602486821569595,1.38187324874435,0.5464106363103696,-0.3684146229921246,1.3115,0.39839755577218194,0.0,0.3648972511291504,0.0,0
corridor_position_only_1772866056,corridor_position_only,385,0.5311041545191468,-0.7602486821570011,1.3818732487445589,-0.5139619892222635,0.19285593134788648,1.3115,1.416165259854127,0.0,0.6619284152984619,0.0,0
corridor_position_only_1772866056,corridor_position_only,386,0.5311041545190064,-0.7602486821571002,1.3818732487450636,0.5323296907338615,-0.596151107667822,1.3115,0.17855506162305426,0.0,0.2043898105621338,0.0,0
corridor_position_only_1772866056,corridor_position_only,387,0.5311041545189596,-0.7602486821571328,1.3818732487452299,1.0355210667208832,-0.07860828140682341,1.3115,0.8508950883565631,0.0,0.053342580795288086,0.0,0
corridor_position_only_1772866056,corridor_position_only,388,0.5311041545189492,-0.7602486821571413,1.3818732487452734,-0.7869563598817484,0.1269499900661868,1.3115,1.5903953589457032,0.0,1.0655407905578613,0.0,0
corridor_position_only_1772866056,corridor_position_only,389,0.5311041545187031,-0.7602486821573139,1.3818732487461554,0.7506323193838982,0.4718996806407124,1.3115,1.253528857766755,0.0,0.15420150756835938,0.0,0
corridor_position_only_1772866056,corridor_position_only,390,0.5311041545186683,-0.7602486821573391,1.381873248746281,0.3379643199026656,-0.17824688248558762,1.3115,0.6172369761086582,0.0,0.6073837280273438,0.0,0
corridor_position_only_1772866056,corridor_position_only,391,0.5311041545185289,-0.7602486821574381,1.3818732487467853,-0.17251882622201276,-0.4175398519690616,1.3115,0.7858034330890055,0.31516941407153304,31.558613061904907,3.412775754928589,1
corridor_position_only_1772866056,corridor_position_only,392,0.7894129092420102,-0.580046733148442,1.3934333734046598,0.7574215792941106,-0.1607836394865998,1.3115,0.4283900845913704,0.0,0.05246710777282715,0.0,0
corridor_position_only_1772866056,corridor_position_only,393,0.7894129092433321,-0.5800467331466963,1.3934333734057427,0.3634891815089678,-0.1222712094150471,1.3115,0.6306207494624384,0.0,0.4534263610839844,0.0,0
corridor_position_only_1772866056,corridor_position_only,394,0.7894129092418992,-0.5800467331492642,1.3934333734067066,0.587483762479369,0.44248318454439606,1.3115,1.0454931327218988,0.0,13.388359069824219,0.0,0
corridor_position_only_1772866056,corridor_position_only,395,0.7894129092141499,-0.5800467331657448,1.3934333734338162,-0.8261483224561612,0.13906884160904753,1.3115,1.7702763571945532,0.8169155787037727,5.963175535202026,3.307476758956909,1
corridor_position_only_1772866056,corridor_position_only,396,0.37355568626912206,0.12256794226257249,1.3941892246340424,-0.41328085549813676,-0.20589516162582278,1.3115,0.856643018968133,0.5647854340798087,3.157771348953247,1.9050796031951904,1
corridor_position_only_1772866056,corridor_position_only,397,0.731272963574655,-0.3143332513777147,1.3881929811380471,1.0847909010659067,-0.5555317799870487,1.3115,0.4347798013790626,0.0,0.10126614570617676,0.0,0
corridor_position_only_1772866056,corridor_position_only,398,0.7312814319954222,-0.31432732384551043,1.3881702803629445,-0.024308363217431572,0.24297933001433425,1.3115,0.9420111342002234,0.9650829008667422,5.86169695854187,9.120432376861572,1
corridor_position_only_1772866056,corridor_position_only,399,-0.02366129936420508,0.24311614407485624,1.3118199817466505,-0.6185225183019238,-0.5999533417461554,1.3115,1.031807215572217,1.0319975609833305,3.6258747577667236,3.2135837078094482,1
corridor_position_only_1772866056,corridor_position_only,400,-0.6184426057280936,-0.6001945373527677,1.3114658563273842,-0.3296135588784648,-0.6338777870091323,1.3115,0.2907864865795322,0.29009430640388106,9.6483895778656,2.7063772678375244,1
corridor_position_only_1772866056,corridor_position_only,401,-0.33035910017984726,-0.6341300478874058,1.3114708900940741,-0.49271896240745156,-0.2986874736532744,1.3115,0.37266935253488986,0.0,0.401813268661499,0.0,0
corridor_position_only_1772866056,corridor_position_only,402,-0.3303591001799704,-0.6341300478873693,1.3114708900947118,-0.735401943677243,-0.029811847292036453,1.3115,0.7275027102949676,0.0,0.4517645835876465,0.0,0
corridor_position_only_1772866056,corridor_position_only,403,-0.3303591001799704,-0.6341300478873693,1.3114708900947099,-0.40978265365352173,-0.0010236293334023872,1.3115,0.6380688355561517,0.6382863570554973,5.961809158325195,3.213474750518799,1
corridor_position_only_1772866056,corridor_position_only,404,-0.40927562497777714,-0.0008505381044482674,1.3114184507619129,0.18332233294474665,-0.2973654232194739,1.3115,0.6626412479456741,0.6627553488291105,2.909761428833008,2.2059457302093506,1
corridor_position_only_1772866056,corridor_position_only,405,0.18361914067482887,-0.29683167540228433,1.3106520200190468,1.097384213940354,0.16636704685304626,1.3115,1.0244610214590741,1.0237524943089364,3.306809186935425,3.0069429874420166,1
corridor_position_only_1772866056,corridor_position_only,406,1.0964762773640297,0.16655923050507015,1.3118699185674831,0.0490375235463294,-0.6603644212665211,1.3115,1.3345151950046084,1.375351434474183,18.941377639770508,5.715502500534058,1
corridor_position_only_1772866056,corridor_position_only,407,0.04839393206974829,-0.660401327589925,1.31084798141291,-0.5255495682471185,0.20506671998759485,1.3115,1.0384827914134442,0.0,0.6530263423919678,0.0,0
corridor_position_only_1772866056,corridor_position_only,408,0.048394670961135366,-0.660396201829635,1.3108271452039566,-0.6813872768002017,-0.12419033358125353,1.3115,0.9055931079441297,0.0,0.9079265594482422,0.0,0
corridor_position_only_1772866056,corridor_position_only,409,0.04838663807178656,-0.660402258101356,1.3108476872039474,0.4448550379336662,0.3499482461250879,1.3115,1.0853551303567202,0.0,8.820608377456665,0.0,0
corridor_position_only_1772866056,corridor_position_only,410,0.048393932061583156,-0.6604013276012958,1.3108479814246405,-0.0815558548659513,-0.5335803976840064,1.3115,0.18157896495965667,0.18068511293038755,4.409437417984009,1.303419589996338,1
corridor_position_only_1772866056,corridor_position_only,411,-0.0802794875575856,-0.5335801910193969,1.3111550094123254,0.19719503221606915,0.41395374647320293,1.3115,0.9873260813137451,0.0,4.5610246658325195,0.0,0
corridor_position_only_1772866056,corridor_position_only,412,-0.08027865754415744,-0.5335749027704406,1.311135426438304,-0.6963553755460551,0.2947415577626141,1.3115,1.0323075191859639,0.0,0.8029062747955322,0.0,0
corridor_position_only_1772866056,corridor_position_only,413,-0.08028749065198365,-0.5335806316771647,1.3111538104562848,0.6769796697627048,0.2308152146988497,1.3115,1.0759900938422386,0.0,0.05122971534729004,0.0,0
corridor_position_only_1772866056,corridor_position_only,414,-0.0802794875505981,-0.533580191040215,1.311155009431535,-0.35151088643670947,-0.24817257613413274,1.3115,0.39373099624818436,0.0,0.602520227432251,0.0,0
corridor_position_only_1772866056,corridor_position_only,415,-0.0802794875512099,-0.533580191040215,1.3111550094314504,0.2246360410919297,-0.3232095971558756,1.3115,0.3704448479834311,0.0,0.6022882461547852,0.0,0
corridor_position_only_1772866056,corridor_position_only,416,-0.08027948755182143,-0.5335801910402145,1.311155009431366,0.3173779687207434,-0.03445646634501198,1.3115,0.6381661727961391,0.0,0.4017457962036133,0.0,0
corridor_position_only_1772866056,corridor_position_only,417,-0.08028749065383398,-0.533580631677473,1.3111538104560316,1.0934571853798056,0.4268578919417617,1.3115,1.5166142693567173,0.0,5.062083959579468,0.0,0
corridor_position_only_1772866056,corridor_position_only,418,-0.08028749065955465,-0.5335806316784268,1.311153810455251,-0.6423617993909864,0.3801758994668972,1.3115,1.072790122341669,0.0,0.9527590274810791,0.0,0
corridor_position_only_1772866056,corridor_position_only,419,-0.08027948755839076,-0.5335801910402099,1.3111550094304572,0.8474883597929666,0.36434149976161156,1.3115,1.2911299936140692,0.0,13.820547580718994,0.0,0
corridor_position_only_1772866056,corridor_position_only,420,-0.08028749067571,-0.53358063168112,1.3111538104530447,-0.7126179809924182,-0.18930523437666813,1.3115,0.7199774427164432,0.0,108.91336417198181,0.0,0
corridor_position_only_1772866056,corridor_position_only,421,-0.08027865726486558,-0.5335749027445432,1.3111354264760444,-0.1870303420021091,0.5974884159815231,1.3115,1.1360899110879021,0.0,1.103273630142212,0.0,0
corridor_position_only_1772866056,corridor_position_only,422,-0.08027865726260935,-0.5335749027443343,1.3111354264763504,-0.6103360986256564,0.44140789864258345,1.3115,1.1097533451440802,0.0,8.61674976348877,0.0,0
corridor_position_only_1772866056,corridor_position_only,423,-0.0802874908077974,-0.5335806317031554,1.3111538104349965,0.32859332262243734,0.30784866644071573,1.3115,0.9355142453289917,0.0,10.774396657943726,0.0,0
corridor_position_only_1772866056,corridor_position_only,424,-0.08027865722103461,-0.5335749027404875,1.3111354264819868,-0.0828498789552754,-0.5418821347690697,1.3115,0.008703688817585944,0.009255606477609748,1.5113635063171387,1.6084411144256592,1
corridor_position_only_1772866056,corridor_position_only,425,-0.08235605950785202,-0.5422521688667034,1.3118662627978401,-0.8218408004261168,-0.5572815187012735,1.3115,0.7396375447175733,0.30140290872706177,10.139494180679321,3.7096540927886963,1
corridor_position_only_1772866056,corridor_position_only,426,0.15722755922335396,-0.708525672299686,1.387155087265639,1.0412595234056818,-0.14874791517439856,1.3115,1.04908881573366,0.0,0.05152750015258789,0.0,0
corridor_position_only_1772866056,corridor_position_only,427,0.15722630720369152,-0.7085221601692221,1.3871489510865793,-0.0018878331295721917,-0.5978167238243639,1.3115,0.2080763491865393,0.0,12.122275590896606,0.0,0
corridor_position_only_1772866056,corridor_position_only,428,0.15722755922290077,-0.7085256723534736,1.3871550872523675,0.35502332660749825,0.15037630095506282,1.3115,0.8846239074181315,0.0,0.5021927356719971,0.0,0
corridor_position_only_1772866056,corridor_position_only,429,0.15722755922277326,-0.7085256723535369,1.3871550872524965,0.6744694635876478,-0.11123421774095399,1.3115,0.7937379678529938,0.0,0.05101466178894043,0.0,0
corridor_position_only_1772866056,corridor_position_only,430,0.15722630720490588,-0.7085221601895977,1.3871489510745898,-0.7584789281052013,0.21197840445165217,1.3115,1.3005999120705352,0.0,0.852515459060669,0.0,0
corridor_position_only_1772866056,corridor_position_only,431,0.1572275592225419,-0.7085256723536512,1.3871550872527298,-0.5910617512619771,-0.5762170932335826,1.3115,0.7636531572130023,0.4124969995865164,17.594780206680298,9.824259996414185,1
corridor_position_only_1772866056,corridor_position_only,432,0.3989497062416287,-0.7264114459625675,1.3855492951978357,0.4988637792377695,-0.6574110693692938,1.3115,0.14222226292668783,0.1450348265776985,20.789337396621704,5.0093910694122314,1
corridor_position_only_1772866056,corridor_position_only,433,0.4998240375982971,-0.6579008060694763,1.3122194746350195,0.7402890741609294,0.10231150812940903,1.3115,0.7973372649716325,0.0,0.1013641357421875,0.0,0
corridor_position_only_1772866056,corridor_position_only,434,0.49982403766372807,-0.6579008065658877,1.312219474500769,0.17159618147289346,-0.15756143053462957,1.3115,0.5983924585341439,0.5985880521585901,4.371124505996704,2.706367015838623,1
corridor_position_only_1772866056,corridor_position_only,435,0.17267924375203403,-0.15802416994827242,1.3113670319358586,0.018473173963861278,-0.4755886687582688,1.3115,0.3530251273556389,0.0,5.56444787979126,0.0,0
corridor_position_only_1772866056,corridor_position_only,436,0.17267924373697718,-0.15802416983673045,1.3113670319373396,0.7671801090135448,0.26498615889136656,1.3115,0.7296362345071317,0.0,0.052129507064819336,0.0,0
corridor_position_only_1772866056,corridor_position_only,437,0.1726792437369774,-0.15802416983672976,1.311367031937338,-0.04818277560771267,-0.08163313565306529,1.3115,0.23369989168412067,0.43183430085393254,6.185274124145508,5.314479827880859,1
corridor_position_only_1772866056,corridor_position_only,438,-0.049063846591757776,-0.08168635825233354,1.3117138861919952,0.6338944294280715,-0.5546112643283553,1.3115,0.8307165697867682,0.0,0.20270252227783203,0.0,0
corridor_position_only_1772866056,corridor_position_only,439,-0.04906384659221086,-0.08168635824811843,1.3117138861920772,-0.8489766246558035,-0.41158919725822996,1.3115,0.8652724319216747,1.1328112858497632,23.85092520713806,19.13851237297058,1
corridor_position_only_1772866056,corridor_position_only,440,0.037385586388465175,-0.49502741393432764,1.3875716394125923,1.028880909044288,-0.07268854364517796,1.3115,1.0803795585480174,0.0,12.945567607879639,0.0,0
corridor_position_only_1772866056,corridor_position_only,441,0.03738558638861056,-0.49502741394378347,1.387571639408015,0.027575877097842483,0.4171466316842324,1.3115,0.9153931473612712,0.0,0.8090431690216064,0.0,0
corridor_position_only_1772866056,corridor_position_only,442,0.037385586388610226,-0.4950274139437827,1.3875716394080153,-0.5756035465765232,-0.2968952764530576,1.3115,0.6486901535881462,0.29159888890157,13.483252048492432,2.8065147399902344,1
corridor_position_only_1772866056,corridor_position_only,443,0.2877188394960011,-0.34552690637573086,1.391035006837896,-0.12798941884108517,-0.2009895932447714,1.3115,0.44724736807439663,0.0,0.5519530773162842,0.0,0
corridor_position_only_1772866056,corridor_position_only,444,0.2877188394960566,-0.3455269063768545,1.391035006836394,0.8951118534795446,0.5696298592563976,1.3115,1.101255645357937,0.0,0.10123872756958008,0.0,0
corridor_position_only_1772866056,corridor_position_only,445,0.2877188394960595,-0.3455269063769099,1.3910350068363384,0.49088298746352654,-0.14173330754789149,1.3115,0.29855203776810185,0.0,0.3520314693450928,0.0,0
corridor_position_only_1772866056,corridor_position_only,446,0.2877188394960555,-0.34552690637686156,1.3910350068363626,-0.7968389763566719,0.4960209771940721,1.3115,1.3750615671970534,0.0,17.18701148033142,0.0,0
corridor_position_only_1772866056,corridor_position_only,447,0.28771883949606425,-0.3455269063768697,1.3910350068363548,0.4338394738118614,0.486891775730781,1.3115,0.848880391696703,0.0,7.619984149932861,0.0,0
corridor_position_only_1772866056,corridor_position_only,448,0.28771883949606847,-0.3455269063768721,1.3910350068363513,-0.7408956556087125,-0.030707377847289496,1.3115,1.0786495873988504,0.39106043965814735,8.993171691894531,3.1089892387390137,1
corridor_position_only_1772866056,corridor_position_only,449,0.12962058881295202,0.012118940730610137,1.3879694520385306,0.1422238470507209,0.19163296863227752,1.3115,0.19552929557169077,1.7328265657773032,3.7128818035125732,21.242424726486206,1
corridor_position_only_1772866056,corridor_position_only,450,0.14160169001295408,0.191786919421049,1.3106432826933836,0.5467529551402361,-0.6439561223378227,1.3115,0.9287705386408163,0.0,7.062657356262207,0.0,0
corridor_position_only_1772866056,corridor_position_only,451,0.1416016900126823,0.19178691942253093,1.310643282693127,1.0227857714295696,0.2703364858966756,1.3115,0.8846785595346728,0.0,0.0511174201965332,0.0,0
corridor_position_only_1772866056,corridor_position_only,452,0.1416016900126824,0.19178691942253084,1.3106432826931265,-0.17988819864372618,0.32137395184294404,1.3115,0.34662556374910247,0.34591391481981204,2.1557841300964355,1.9051647186279297,1
corridor_position_only_1772866056,corridor_position_only,453,-0.17893004494048192,0.32184232447765637,1.311214597786444,-0.5279152973678448,-0.6078043772937921,1.3115,0.9929923353081564,0.9926488431216722,10.823880910873413,4.41480827331543,1
corridor_position_only_1772866056,corridor_position_only,454,-0.5267054520665284,-0.6078357378846935,1.3108107726155132,-0.347677979059842,-0.7142216235435258,1.3115,0.2082528938405455,0.20733216560610893,7.738154411315918,1.9049320220947266,1
corridor_position_only_1772866056,corridor_position_only,455,-0.34890838773375366,-0.7142790996945708,1.3119573429027187,-0.287428451039753,0.3139126051295956,1.3115,1.0300282392476698,0.0,0.6019625663757324,0.0,0
corridor_position_only_1772866056,corridor_position_only,456,-0.34889763740489005,-0.7142735620163456,1.311947108944734,-0.4653278463284098,-0.5762150614489756,1.3115,0.1805999530323677,0.18136933774079358,12.423001050949097,1.9061248302459717,1
corridor_position_only_1772866056,corridor_position_only,457,-0.4664523097444325,-0.5762385080306504,1.311584822001422,0.403218230518521,-0.01436486891565636,1.3115,1.0353882567077703,0.0,0.351668119430542,0.0,0
corridor_position_only_1772866056,corridor_position_only,458,-0.4664523097867834,-0.5762385082036958,1.3115848219903623,0.7100515278593669,-0.3406625215728744,1.3115,1.1998572134499896,0.0,0.05109095573425293,0.0,0
corridor_position_only_1772866056,corridor_position_only,459,-0.46644454262719337,-0.5762270347530913,1.3115545938660518,0.28136170856676257,0.28485254853617714,1.3115,1.1404701842060005,0.0,0.5018930435180664,0.0,0
corridor_position_only_1772866056,corridor_position_only,460,-0.4664436688083061,-0.576233648053831,1.3115833278697464,-0.6191142307021915,-0.27822044676355917,1.3115,0.3348435090543113,0.0,0.7572052478790283,0.0,0
corridor_position_only_1772866056,corridor_position_only,461,-0.4664436688062461,-0.5762336480561796,1.3115833278698528,-0.13536495875404864,-0.1493263628346746,1.3115,0.5402434167748427,0.0,0.4517366886138916,0.0,0
corridor_position_only_1772866056,corridor_position_only,462,-0.46644359154681364,-0.5762310469048093,1.311569709124175,0.9961763104100105,-0.41228821394213816,1.3115,1.4717792752105794,1.471358053426684,5.5634026527404785,3.307175874710083,1
corridor_position_only_1772866056,corridor_position_only,463,0.9958182849199608,-0.4128876359418328,1.3115827995047593,0.884885152214772,0.1443440565882531,1.3115,0.5681666357218533,0.0,0.0528721809387207,0.0,0
corridor_position_only_1772866056,corridor_position_only,464,0.9958182849211863,-0.41288763593658584,1.3115827995044262,0.8342353327923302,0.42011070136044204,1.3115,0.8485253603835581,0.0,0.05095553398132324,0.0,0
corridor_position_only_1772866056,corridor_position_only,465,0.9958182849216503,-0.41288763593535516,1.311582799504616,0.6234931027751236,-0.11021873074533162,1.3115,0.47982758808256293,0.0,0.2014000415802002,0.0,0
corridor_position_only_1772866056,corridor_position_only,466,0.9958182849218293,-0.4128876359349024,1.3115827995050258,0.6659188389624542,0.15856636497379228,1.3115,0.6598434105563342,0.0,0.05140209197998047,0.0,0
corridor_position_only_1772866056,corridor_position_only,467,0.9958182849217847,-0.4128876359349792,1.3115827995050968,1.0786154237375754,0.5449712033670414,1.3115,0.9614306678491453,0.0,16.933053493499756,0.0,0
corridor_position_only_1772866056,corridor_position_only,468,0.9958182849075441,-0.41288763595755906,1.3115827995290523,-0.6119135710130583,0.25449639631979604,1.3115,1.7407478777630172,2.1848319908877833,40.58221745491028,17.6404812335968,1
corridor_position_only_1772866056,corridor_position_only,469,0.18099714667320466,0.310552613775415,1.5132253668529012,0.12960003743052506,0.4121259604873889,1.3115,0.2316288652839113,0.23172479888556327,5.614069700241089,4.408701658248901,1
corridor_position_only_1772866056,corridor_position_only,470,0.12895735015935683,0.41197661490583054,1.3117605239536814,0.29706912248928785,-0.04451260853703132,1.3115,0.48646073529947725,0.0,0.4014885425567627,0.0,0
corridor_position_only_1772866056,corridor_position_only,471,0.1289558269993148,0.4119902549152237,1.3117661840822883,0.49237066866327983,0.4569456863927498,1.3115,0.366184937995736,0.36558723329977394,6.814481973648071,2.406402111053467,1
corridor_position_only_1772866056,corridor_position_only,472,0.4916960983616388,0.45714338074636396,1.3115697039731609,-0.5557380195200363,-0.10882003014720865,1.3115,1.1905598761219418,0.0,47.430724143981934,0.0,0
corridor_position_only_1772866056,corridor_position_only,473,0.4917063939095453,0.4571493149107651,1.3115625678148048,0.5668471193539755,0.6197468731540255,1.3115,0.17912034636444057,0.17874581135362116,17.138093948364258,2.7124671936035156,1
corridor_position_only_1772866056,corridor_position_only,474,0.5663898698039813,0.6195039661790528,1.3114011300398722,0.7127406599617341,-0.46265503801989294,1.3115,1.0920103817839468,0.0,6.281230449676514,0.0,0
corridor_position_only_1772866056,corridor_position_only,475,0.5663898698075833,0.6195039661763713,1.3114011300458455,0.34788316241567485,-0.48465401463841823,1.3115,1.1255709829004628,0.0,4.410512208938599,0.0,0
corridor_position_only_1772866056,corridor_position_only,476,0.5663898698075607,0.6195039661764324,1.3114011300458275,0.22547695100965703,-0.7358145109920379,1.3115,1.397537048715645,0.0,8.016752004623413,0.0,0
corridor_position_only_1772866056,corridor_position_only,477,0.5663898698075589,0.6195039661764352,1.3114011300458293,0.6050443573733022,-0.4647917103329638,1.3115,1.0849844668386794,0.0,7.615747690200806,0.0,0
corridor_position_only_1772866056,corridor_position_only,478,0.5663898698075582,0.6195039661764347,1.3114011300458288,-0.22502153641792721,-0.538427818843221,1.3115,1.4025469840393492,0.0,11.516448259353638,0.0,0
corridor_position_only_1772866056,corridor_position_only,479,0.5663898698075571,0.6195039661764368,1.3114011300458324,1.1017346571772042,-0.2369427050835904,1.3115,1.0099975009134932,0.0,0.0530703067779541,0.0,0
corridor_position_only_1772866056,corridor_position_only,480,0.5663898698075571,0.6195039661764358,1.3114011300458317,0.8834400368817776,0.07184291517264152,1.3115,0.6328139102482178,0.0,0.05357217788696289,0.0,0
corridor_position_only_1772866056,corridor_position_only,481,0.5663898698075571,0.6195039661764363,1.3114011300458315,0.5057151663566712,-0.7385781058077211,1.3115,1.3594367744249465,0.0,12.194698095321655,0.0,0
corridor_position_only_1772866056,corridor_position_only,482,0.566389869807556,0.6195039661764372,1.3114011300458326,0.701099110591181,-0.6152308608830164,1.3115,1.2420614648564328,0.0,9.020090341567993,0.0,0
corridor_position_only_1772866056,corridor_position_only,483,0.5663898698075542,0.6195039661764375,1.3114011300458341,0.40008919234416074,-0.6538911611804015,1.3115,1.2842083458209546,0.0,16.097983837127686,0.0,0
corridor_position_only_1772866056,corridor_position_only,484,0.5663898698075522,0.6195039661764388,1.3114011300458366,0.23822830713285081,0.08619205390352902,1.3115,0.6261881640246465,0.0,0.5651881694793701,0.0,0
corridor_position_only_1772866056,corridor_position_only,485,0.5663898698075518,0.6195039661764394,1.311401130045837,-0.3382153327058792,0.3906178895874054,1.3115,0.9331127575196657,0.9327256001532503,3.5752265453338623,3.620572328567505,1
corridor_position_only_1772866056,corridor_position_only,486,-0.3378583139715084,0.39099158721588523,1.3113594481663273,-0.7569520582384333,-0.28375655011161244,1.3115,0.794307645100698,0.0,0.603173017501831,0.0,0
corridor_position_only_1772866056,corridor_position_only,487,-0.33786091504206045,0.3909913638827588,1.3113588970794727,0.6900348599807096,-0.03227231644922868,1.3115,1.1116302835510887,0.0,0.05211019515991211,0.0,0
corridor_position_only_1772866056,corridor_position_only,488,-0.33788652846991246,0.39100726284839354,1.3113613120187235,-0.22252196234634447,-0.14665739087709528,1.3115,0.5499020660235647,0.0,0.5028896331787109,0.0,0
corridor_position_only_1772866056,corridor_position_only,489,-0.3378609150415027,0.39099136388102157,1.3113588970721246,0.31268253283433034,0.26780111896464687,1.3115,0.6621047001243604,0.6618648963807593,1.904252290725708,2.104968786239624,1
corridor_position_only_1772866056,corridor_position_only,490,0.3124452438024081,0.26798460465728324,1.3114227655248052,0.4005642254787496,-0.16420517477394503,1.3115,0.4410815869446981,0.0,0.4524044990539551,0.0,0
corridor_position_only_1772866056,corridor_position_only,491,0.3124452438027935,0.26798460465668955,1.3114227655258688,-0.6384576695898463,-0.17979068155729994,1.3115,1.051056165772217,0.0,62.837604999542236,0.0,0
corridor_position_only_1772866056,corridor_position_only,492,0.3124364102523388,0.26797920371255884,1.3114346524779021,0.2604508415722837,0.06459510182466044,1.3115,0.20992283468463932,0.0,0.5564491748809814,0.0,0
corridor_position_only_1772866056,corridor_position_only,493,0.3124452438559561,0.2679846046375657,1.311422765669786,-0.20999862571349048,-0.7070057224769429,1.3115,1.1061436347883105,0.0,10.512542009353638,0.0,0
corridor_position_only_1772866056,corridor_position_only,494,0.31244524386417216,0.26798460463461454,1.3114227656920252,-0.33177365463388575,-0.0311597751878675,1.3115,0.7102854039937515,0.0,42.855303049087524,0.0,0
corridor_position_only_1772866056,corridor_position_only,495,0.3124364102362357,0.2679792037125481,1.3114346524481164,-0.35907382392803644,-0.15265153929670316,1.3115,0.7923737885759302,0.0,15.287447214126587,0.0,0
corridor_position_only_1772866056,corridor_position_only,496,0.3124415482930938,0.2679808069296068,1.3114333980054433,-0.5041469898286783,0.3598319076593063,1.3115,0.8217380785462822,0.0,148.304274559021,0.0,0
corridor_position_only_1772866056,corridor_position_only,497,0.31244154821336656,0.26798080697581717,1.3114333977516242,-0.6084426946715995,-0.6322535200977107,1.3115,1.2878080745480687,0.0,7.115395545959473,0.0,0
corridor_position_only_1772866056,corridor_position_only,498,0.3124452440438106,0.26798460457023293,1.3114227661781892,-0.007161907416714075,0.2593443061683932,1.3115,0.31972393089389917,0.0,0.6018998622894287,0.0,0
corridor_position_only_1772866056,corridor_position_only,499,0.3124452440443235,0.2679846045700508,1.3114227661795756,0.336466246264685,-0.5570234909504601,1.3115,0.8253577237701929,0.0,6.162777900695801,0.0,0
corridor_position_only_1772866056,corridor_position_only,500,0.3124452440495739,0.2679846045681735,1.3114227661937834,1.0230101789874138,-0.6482516855262773,1.3115,1.1594789657489781,1.1919850942747559,14.235207796096802,5.024730205535889,1
corridor_position_only_1772866056,corridor_position_only,501,1.022481674361731,-0.6480496485504019,1.3109483488894278,-0.3542993348354344,-0.4036511300750722,1.3115,1.3983050051536858,0.0,534.1233835220337,0.0,0
corridor_position_only_1772866056,corridor_position_only,502,1.0224816743438907,-0.6480496485971587,1.310948348867252,-0.3339956428130534,0.30041321256228215,1.3115,1.6551775781707008,0.0,60.73483157157898,0.0,0
corridor_position_only_1772866056,corridor_position_only,503,1.022481674343881,-0.6480496485971483,1.3109483488672224,-0.7434442757073885,-0.07307717989276985,1.3115,1.8571720720362608,0.0,75.28734016418457,0.0,0
corridor_position_only_1772866056,corridor_position_only,504,1.0224816743438696,-0.6480496485971347,1.3109483488671851,0.9235590325286225,-0.5516768600844242,1.3115,0.13810759482517837,0.13695741526139082,5.460400581359863,1.606764316558838,1
corridor_position_only_1772866056,corridor_position_only,505,0.9251562692333896,-0.5516996386468409,1.3120532253371562,-0.18456552735497378,0.4933710169743125,1.3115,1.524354108178938,0.0,5.01128363609314,0.0,0
corridor_position_only_1772866056,corridor_position_only,506,0.9251562692419292,-0.5516996386260152,1.3120532253559818,1.036447768611257,0.026671084076570928,1.3115,0.588981151455358,0.0,0.05158066749572754,0.0,0
corridor_position_only_1772866056,corridor_position_only,507,0.9251562692419236,-0.551699638626023,1.3120532253559674,-0.04295164159501208,-0.3855431952181417,1.3115,0.9822633031775682,0.0,332.4598698616028,0.0,0
corridor_position_only_1772866056,corridor_position_only,508,0.9251562692419639,-0.5516996386259424,1.3120532253559598,-0.36455741623550086,0.15583590242537837,1.3115,1.4710432483162907,0.0,79.41341209411621,0.0,0
corridor_position_only_1772866056,corridor_position_only,509,0.9251562692419695,-0.5516996386259359,1.3120532253559514,0.046514188616282315,0.5925353229137321,1.3115,1.4426662327490083,1.4966140023602346,10.0931875705719,6.514922142028809,1
corridor_position_only_1772866056,corridor_position_only,510,0.04751152248530638,0.5921502738873203,1.3112168901382262,-0.646862154352116,-0.5351868573181999,1.3115,1.3240256382074358,0.0,1.4546821117401123,0.0,0
corridor_position_only_1772866056,corridor_position_only,511,0.04750666503660583,0.5921512288593391,1.3112200449700468,0.8129210266411351,0.028120111100189304,1.3115,0.9507840580941204,0.0,0.05102229118347168,0.0,0
corridor_position_only_1772866056,corridor_position_only,512,0.047510407600366955,0.5921509116689937,1.3112175714037408,0.83179687221858,0.2501468526084567,1.3115,0.8556121286909921,0.0,0.05101203918457031,0.0,0
corridor_position_only_1772866056,corridor_position_only,513,0.04752033297933522,0.5921603859802564,1.3112157434551466,0.2042927467731246,-0.6307093749439266,1.3115,1.2328779837077484,0.0,14.27702784538269,0.0,0
corridor_position_only_1772866056,corridor_position_only,514,0.04752033295235952,0.5921603860013999,1.311215743532485,-0.5444348613963874,0.556389253978388,1.3115,0.5930350805849598,0.5917956151646375,5.8625147342681885,2.7067041397094727,1
corridor_position_only_1772866056,corridor_position_only,515,-0.5431967433325297,0.5565596219030432,1.310839198053829,0.04326980190320351,-0.17723414586288522,1.3115,0.9393597494847571,0.9390383298420724,2.757429599761963,2.911018133163452,1
corridor_position_only_1772866056,corridor_position_only,516,0.04299108166809251,-0.1770120305223468,1.310752920963538,-0.7495747041421027,-0.0388213605895642,1.3115,0.804523302472023,0.8036986922625202,6.571386098861694,2.608290195465088,1
corridor_position_only_1772866056,corridor_position_only,517,-0.7488823221165041,-0.039669497998399667,1.312197713462473,-0.77002206328744,0.33734624595366147,1.3115,0.37760858921451457,0.3769881431042993,3.5079703330993652,1.904839038848877,1
corridor_position_only_1772866056,corridor_position_only,518,-0.7702784830308247,0.3366805379590384,1.3113865949584447,-0.5465520074971895,-0.2892845008665623,1.3115,0.6647448973458476,0.6642522603837738,3.557379722595215,2.0055322647094727,1
corridor_position_only_1772866056,corridor_position_only,519,-0.5474122844605116,-0.2890368454060863,1.311991985988839,-0.46692531463328774,0.4631385273809042,1.3115,0.7564695537755831,0.0,4.5097503662109375,0.0,0
corridor_position_only_1772866056,corridor_position_only,520,-0.5474176421967787,-0.2890184392779636,1.3119792974061033,-0.39970590904178915,-0.12299714109532234,1.3115,0.2222207400039515,0.0,0.6019124984741211,0.0,0
corridor_position_only_1772866056,corridor_position_only,521,-0.5474150064700298,-0.28904284348689224,1.3119937937294774,-0.8191541711309405,-0.6534088916080839,1.3115,0.4545382651288133,0.45441714857716486,8.12072205543518,2.911041021347046,1
corridor_position_only_1772866056,corridor_position_only,522,-0.8184107204551865,-0.6536322563853885,1.3115195718029782,0.19470696354227957,-0.05900561396088522,1.3115,1.1747290265812296,0.0,0.5041005611419678,0.0,0
corridor_position_only_1772866056,corridor_position_only,523,-0.8184080724152298,-0.6536281101709084,1.3115179698302935,0.7564084643096469,-0.2203029096846093,1.3115,1.6333456015312684,0.0,0.05289936065673828,0.0,0
corridor_position_only_1772866056,corridor_position_only,524,-0.818411061287033,-0.6536256030393792,1.3114995779149847,-0.46913487800892023,-0.023945086738425436,1.3115,0.7200634727678803,0.0,0.8199560642242432,0.0,0
corridor_position_only_1772866056,corridor_position_only,525,-0.8184187629899156,-0.6536364519487763,1.3115312868567808,0.27179005117645416,0.12891624171411742,1.3115,1.3419925401521278,0.0,0.9784877300262451,0.0,0
corridor_position_only_1772866056,corridor_position_only,526,-0.8184110612875111,-0.6536256030397305,1.3114995779165617,0.9407085155827597,-0.010618336403803608,1.3115,1.872954892856479,0.0,0.05684804916381836,0.0,0
corridor_position_only_1772866056,corridor_position_only,527,-0.8184100749255144,-0.6536320644650997,1.3115195449174673,0.6992439965686201,-0.3077694557092183,1.3115,1.5565650726006128,0.0,0.05369091033935547,0.0,0
corridor_position_only_1772866056,corridor_position_only,528,-0.8184097171579459,-0.6536321927594851,1.3115196131568214,-0.3241753060171827,0.6083585035107152,1.3115,1.3553184758619938,0.0,11.337396383285522,0.0,0
corridor_position_only_1772866056,corridor_position_only,529,-0.8184238515310279,-0.6536352836186529,1.311526240997581,-0.5078663686302323,0.48534186155081416,1.3115,1.1805570244984598,1.1917241834819707,12.524006366729736,4.413612604141235,1
corridor_position_only_1772866056,corridor_position_only,530,-0.508139314834482,0.4856431566378159,1.3115024259222008,-0.0002789847939322909,0.10241948644590804,1.3115,0.636225193017486,0.0,0.5522842407226562,0.0,0
corridor_position_only_1772866056,corridor_position_only,531,-0.5081383609628536,0.48563851490988896,1.311505808480511,0.7197422072451227,-0.04884589310569898,1.3115,1.3391655133807228,0.0,0.05135297775268555,0.0,0
corridor_position_only_1772866056,corridor_position_only,532,-0.508139314834362,0.4856431566382581,1.3115024259226264,1.0775066523303387,0.1747220783561837,1.3115,1.6158419013355398,0.0,0.051325321197509766,0.0,0
corridor_position_only_1772866056,corridor_position_only,533,-0.5081441787321991,0.4856383491402531,1.3115062982447454,0.8749808169598043,-0.15562916879707478,1.3115,1.5245519942951025,0.0,0.05108785629272461,0.0,0
corridor_position_only_1772866056,corridor_position_only,534,-0.508138360962894,0.485638514909875,1.3115058084805085,0.23643576497127428,-0.01835291920344262,1.3115,0.8991095565635856,0.0,0.45167970657348633,0.0,0
corridor_position_only_1772866056,corridor_position_only,535,-0.5081383609630189,0.48563851490983123,1.3115058084805022,-0.7156161492375155,0.262076177727658,1.3115,0.30500352664743235,0.0,0.702836275100708,0.0,0
corridor_position_only_1772866056,corridor_position_only,536,-0.5081393148341136,0.48564315663838487,1.3115024259228254,0.7503838844738024,5.061935013805918e-05,1.3115,1.3489554312400964,0.0,0.05160403251647949,0.0,0
corridor_position_only_1772866056,corridor_position_only,537,-0.5081441787321177,0.4856383491402625,1.3115062982445647,0.06085477568483855,0.38592909745418813,1.3115,0.5776692349771227,0.5772524950723573,3.308027982711792,2.507664918899536,1
corridor_position_only_1772866056,corridor_position_only,538,0.06051536819249714,0.38638400728907657,1.3113096969685056,0.10652907045009441,0.39501447284873803,1.3115,0.046816470888685215,0.04780176147970787,7.021898984909058,2.207549810409546,1
corridor_position_only_1772866056,corridor_position_only,539,0.10750367516183879,0.39507421460841174,1.3114164543369333,0.5382117882956075,0.39189406426090445,1.3115,0.43071986145911806,0.4306033415308164,3.9144279956817627,1.9047908782958984,1
corridor_position_only_1772866056,corridor_position_only,540,0.5380227183416706,0.39231090317367034,1.311882298822605,-0.5916115162937101,-0.264928500486103,1.3115,1.3069190043517258,0.0,28.808300495147705,0.0,0
corridor_position_only_1772866056,corridor_position_only,541,0.5380269248274504,0.39231526483465895,1.3118784202484048,0.417574513235478,0.11015585171536446,1.3115,0.30679449322312,0.0,0.5018997192382812,0.0,0
corridor_position_only_1772866056,corridor_position_only,542,0.5380269248274503,0.39231526483465795,1.3118784202484037,0.061091165783162205,0.6022901848328225,1.3115,0.5211116276627026,0.5209730954323148,4.2097227573394775,2.5171141624450684,1
corridor_position_only_1772866056,corridor_position_only,543,0.0613201144650328,0.6024545383722262,1.311355328073477,0.46718392803351017,-0.2963070827968456,1.3115,0.9861530853679727,0.0,6.524247884750366,0.0,0
corridor_position_only_1772866056,corridor_position_only,544,0.06132011444509186,0.6024545384173985,1.3113553280676675,-0.5263849915172485,0.4327829937365505,1.3115,0.6117072384552587,0.6110711105659742,7.418900012969971,2.805859327316284,1
corridor_position_only_1772866056,corridor_position_only,545,-0.525772852929879,0.4329476736883061,1.3116432188711489,-0.31947479268335854,0.14031974442066442,1.3115,0.35803633217955677,0.0,0.5518872737884521,0.0,0
corridor_position_only_1772866056,corridor_position_only,546,-0.5257625657309914,0.4329416483267853,1.3116379499439323,-0.2678742387870786,-0.4508266268661139,1.3115,0.9206262935858119,0.0,0.5021278858184814,0.0,0
corridor_position_only_1772866056,corridor_position_only,547,-0.5257563415433926,0.43294321473024644,1.3116510411787154,0.421568650833003,0.5462308205482153,1.3115,0.954074811336272,0.9541277195121941,4.358676195144653,2.807056427001953,1
corridor_position_only_1772866056,corridor_position_only,548,0.42167486088350414,0.5457658775248833,1.3110599594639272,0.6897026343280379,0.1706892573760176,1.3115,0.4610005986499412,0.0,0.0512387752532959,0.0,0
corridor_position_only_1772866056,corridor_position_only,549,0.4216787514702739,0.545767133730763,1.3110570818068181,0.45639144219736316,0.02704542696712453,1.3115,0.5198820790735362,0.0,0.5033855438232422,0.0,0
corridor_position_only_1772866056,corridor_position_only,550,0.42167486088018724,0.5457658775336937,1.3110599594593675,0.039430093522217935,0.4449103994841487,1.3115,0.3953265526888217,0.3963386297436718,5.259537935256958,2.9063756465911865,1
corridor_position_only_1772866056,corridor_position_only,551,0.0384275544299616,0.44477366811885577,1.310754346037013,1.0630182511081268,-0.5908699047696422,1.3115,1.456826778235674,0.0,19.80109691619873,0.0,0
corridor_position_only_1772866056,corridor_position_only,552,0.03842755442996282,0.4447736681188561,1.3107543460370092,0.593489967360056,0.5184371827216331,1.3115,0.5599295952450123,0.5589863722969013,4.965736150741577,3.4076361656188965,1
corridor_position_only_1772866056,corridor_position_only,553,0.592460592313229,0.5187784437338014,1.3112239907632879,-0.2938234672245187,0.5083982020987395,1.3115,0.8863448876076462,0.8860211244853605,5.761751651763916,2.8076674938201904,1
corridor_position_only_1772866056,corridor_position_only,554,-0.2934824424592589,0.5088705560391749,1.3118616664421723,-0.8373110067998992,0.5799014306197118,1.3115,0.5484478310095623,0.5482562857781015,12.323705196380615,3.3070502281188965,1
corridor_position_only_1772866056,corridor_position_only,555,-0.8370696283815897,0.5802619209312484,1.3120224475994346,0.7708602257502346,-0.3561898733778862,1.3115,1.8607473369118877,0.0,0.05086803436279297,0.0,0
corridor_position_only_1772866056,corridor_position_only,556,-0.8370696283703345,0.5802619208950321,1.312022447419003,0.5217056073272972,-8.029308989310202e-05,1.3115,1.4775207272418838,0.0,0.05093860626220703,0.0,0
corridor_position_only_1772866056,corridor_position_only,557,-0.8370696283690736,0.5802619208896433,1.3120224474013116,-0.8484152000983621,-0.09891281545176889,1.3115,0.6792696941816103,0.0,0.5518631935119629,0.0,0
corridor_position_only_1772866056,corridor_position_only,558,-0.8370696283689265,0.5802619208889341,1.3120224473993523,-0.2838746651215207,-0.330911140789403,1.3115,1.0659555753603704,0.0,9.169229984283447,0.0,0
corridor_position_only_1772866056,corridor_position_only,559,-0.837069628368925,0.5802619208889324,1.3120224473993498,0.9165378804705187,0.4280105634134833,1.3115,1.7602045460293758,0.0,0.051035404205322266,0.0,0
corridor_position_only_1772866056,corridor_position_only,560,-0.837069628368925,0.5802619208889332,1.3120224473993503,0.8955435513127907,-0.4883563333275463,1.3115,2.0356555888958097,0.0,17.7371609210968,0.0,0
corridor_position_only_1772866056,corridor_position_only,561,-0.837069628368925,0.5802619208889322,1.312022447399348,0.701854148383777,-0.6953630535178119,1.3115,1.9988761189569233,0.0,20.99570107460022,0.0,0
corridor_position_only_1772866056,corridor_position_only,562,-0.8370696283689236,0.5802619208889304,1.3120224473993434,0.8229896579860032,-0.02653362325410802,1.3115,1.7674835047480244,0.0,0.05164813995361328,0.0,0
corridor_position_only_1772866056,corridor_position_only,563,-0.8370696283689234,0.5802619208889307,1.3120224473993445,0.31417540320723125,-0.5850820620401551,1.3115,1.6381062219004883,0.0,18.551104068756104,0.0,0
corridor_position_only_1772866056,corridor_position_only,564,-0.8370696283689222,0.5802619208889297,1.3120224473993423,0.45335492114327147,0.3964400622612222,1.3115,1.3034516740732578,0.0,0.05124616622924805,0.0,0
corridor_position_only_1772866056,corridor_position_only,565,-0.8370696283689228,0.5802619208889299,1.3120224473993425,0.15257866917849183,-0.15159273821895947,1.3115,1.230859564632662,0.0,0.05092358589172363,0.0,0
corridor_position_only_1772866056,corridor_position_only,566,-0.8370696283689227,0.5802619208889296,1.3120224473993418,0.6608294776571699,0.08404279421479088,1.3115,1.5779529227649023,0.0,0.05117082595825195,0.0,0
corridor_position_only_1772866056,corridor_position_only,567,-0.8370696283689228,0.5802619208889299,1.3120224473993414,0.3302515450205705,0.12441657794839256,1.3115,1.253169570120215,0.0,0.05175614356994629,0.0,0
corridor_position_only_1772866056,corridor_position_only,568,-0.8370696283689227,0.5802619208889299,1.3120224473993414,-0.402406865681134,-0.03901216965208354,1.3115,0.7565926178823486,0.0,0.4517245292663574,0.0,0
corridor_position_only_1772866056,corridor_position_only,569,-0.8370696283689225,0.5802619208889299,1.312022447399342,0.09355613000734608,0.15315613261547922,1.3115,1.0239550427051844,0.0,0.050954580307006836,0.0,0
corridor_position_only_1772866056,corridor_position_only,570,-0.837069628368923,0.5802619208889296,1.3120224473993418,0.6008031418619415,-0.04739043425359135,1.3115,1.56889319433753,0.0,0.05100250244140625,0.0,0
corridor_position_only_1772866056,corridor_position_only,571,-0.8370696283689227,0.5802619208889297,1.3120224473993416,-0.36879588677145925,-0.24581384993613936,1.3115,0.9495692440076211,0.0,0.552039384841919,0.0,0
corridor_position_only_1772866056,corridor_position_only,572,-0.8370696283689224,0.5802619208889298,1.3120224473993423,-0.5954722386493243,-0.36265714109474584,1.3115,0.9733786155051811,0.0,8.079373121261597,0.0,0
corridor_position_only_1772866056,corridor_position_only,573,-0.8370696283689221,0.5802619208889293,1.3120224473993398,0.08240537717814755,-0.47356174269744805,1.3115,1.3985631457720038,0.0,10.622111797332764,0.0,0
corridor_position_only_1772866056,corridor_position_only,574,-0.8370696283689228,0.5802619208889287,1.3120224473993383,-0.46274070953503815,-0.033229208515224706,1.3115,0.7186750157645762,0.0,0.5523886680603027,0.0,0
corridor_position_only_1772866056,corridor_position_only,575,-0.8370696283689213,0.5802619208889283,1.312022447399339,-0.4388056203601179,-0.6925448479238717,1.3115,1.333660962824586,0.0,16.438079833984375,0.0,0
corridor_position_only_1772866056,corridor_position_only,576,-0.837069628368921,0.5802619208889277,1.312022447399336,0.717724816927189,0.042994835989419444,1.3115,1.645005155186858,0.0,0.053032875061035156,0.0,0
corridor_position_only_1772866056,corridor_position_only,577,-0.837069628368921,0.5802619208889279,1.3120224473993365,0.973735871915842,-0.19750133334009856,1.3115,1.9707695229127533,0.0,0.05341219902038574,0.0,0
corridor_position_only_1772866056,corridor_position_only,578,-0.8370696283689207,0.5802619208889275,1.3120224473993356,-0.647372304129376,-0.26866340179047504,1.3115,0.8698618000931272,0.0,0.6078841686248779,0.0,0
corridor_position_only_1772866056,corridor_position_only,579,-0.8370696283689212,0.580261920888927,1.3120224473993356,0.10520932223411517,0.22190354452750682,1.3115,1.0081223237332055,0.0,0.058159828186035156,0.0,0
corridor_position_only_1772866056,corridor_position_only,580,-0.8370696283689207,0.5802619208889275,1.3120224473993356,-0.32848211642031233,-0.20085247212883384,1.3115,0.9320950730697307,0.0,0.5112214088439941,0.0,0
corridor_position_only_1772866056,corridor_position_only,581,-0.8370696283689206,0.5802619208889271,1.3120224473993365,0.9258850070670919,0.23808085349746078,1.3115,1.795855562799462,0.0,0.05386042594909668,0.0,0
corridor_position_only_1772866056,corridor_position_only,582,-0.8370696283689218,0.5802619208889279,1.312022447399337,0.759752541526606,0.569253142780375,1.3115,1.596860203153861,1.5962788014975913,50.15997529029846,3.614924430847168,1
corridor_position_only_1772866056,corridor_position_only,583,0.7591250793788148,0.5698011408869845,1.3110424890453285,0.3883475157035128,-0.6727399858985535,1.3115,1.2966821749352233,0.0,5.272713899612427,0.0,0
corridor_position_only_1772866056,corridor_position_only,584,0.7591289808308991,0.569793315130972,1.3110146932363715,0.3237225877456864,0.2003745411388418,1.3115,0.5710071744207582,0.0,0.7084627151489258,0.0,0
corridor_position_only_1772866056,corridor_position_only,585,0.7591265241828777,0.5697953068667482,1.311031458074071,0.031260760749884264,-0.23592114810050058,1.3115,1.0858028342726047,0.0,0.7128105163574219,0.0,0
corridor_position_only_1772866056,corridor_position_only,586,0.7591265241828655,0.5697953068667446,1.311031458074055,0.6158348907562847,-0.645435468931307,1.3115,1.2236496844229268,0.0,8.666607856750488,0.0,0
corridor_position_only_1772866056,corridor_position_only,587,0.7591346943800935,0.5698027325890628,1.3110376807277224,0.9935003604287094,0.17561881659728396,1.3115,0.45859398032261023,0.0,0.0510714054107666,0.0,0
corridor_position_only_1772866056,corridor_position_only,588,0.7591260897156923,0.5697987794541676,1.3110273572709135,0.30363568817532327,-0.7290797531458806,1.3115,1.376429137927489,0.0,14.930566310882568,0.0,0
corridor_position_only_1772866056,corridor_position_only,589,0.7591289808314922,0.5697933151316509,1.3110146932380604,0.34112061425943163,0.4574618674227583,1.3115,0.432838981829584,0.431903991446101,15.49330997467041,1.8054463863372803,1
corridor_position_only_1772866056,corridor_position_only,590,0.3420305924773812,0.45764842950203954,1.3110578727867355,0.9156624550405383,-0.6517061578551653,1.3115,1.2488880292943094,0.0,15.831229448318481,0.0,0
corridor_position_only_1772866056,corridor_position_only,591,0.3420305924702598,0.45764842950243956,1.3110578727759936,-0.8497974975313481,-0.16312492658462396,1.3115,1.3438057713899578,0.0,241.95682978630066,0.0,0
corridor_position_only_1772866056,corridor_position_only,592,0.34203949743940476,0.4576542293083624,1.3110482428040846,0.27101017550787976,-0.6829025146475063,1.3115,1.1427664043197232,0.0,12.729297876358032,0.0,0
corridor_position_only_1772866056,corridor_position_only,593,0.3420354129731561,0.4576498168495298,1.3110562381433657,-0.19284230601179142,0.25888437189294156,1.3115,0.5706155214327038,0.0,0.9860961437225342,0.0,0
corridor_position_only_1772866056,corridor_position_only,594,0.3420305923527073,0.45764842950980317,1.311057872596777,0.4995207824584045,-0.15227469966593643,1.3115,0.62992823318192,0.0,0.8728492259979248,0.0,0
corridor_position_only_1772866056,corridor_position_only,595,0.34203541297243456,0.45764981684927686,1.3110562381404378,-0.26588664542158247,0.34106560973117006,1.3115,0.6190002450370794,0.618744577450845,3.6381354331970215,2.807556629180908,1
corridor_position_only_1772866056,corridor_position_only,596,-0.2656719621242549,0.34153129801765486,1.310953726397,0.7570411446105278,0.4352906519466039,1.3115,1.02700205138604,1.0266864632794723,8.818330764770508,3.1075336933135986,1
corridor_position_only_1772866056,corridor_position_only,597,0.7567127514648231,0.4352385834221869,1.3111664394746498,-0.2410059660875028,0.05694107782031255,1.3115,1.0670294060434709,1.267596812407995,17.88712453842163,13.532755136489868,1
corridor_position_only_1772866056,corridor_position_only,598,0.8968492886813416,0.08932230438650687,1.619769842845011,0.5254711797600604,0.20286849540819618,1.3115,0.4958273220478765,0.0,5.563192367553711,0.0,0
corridor_position_only_1772866056,corridor_position_only,599,0.8968492886813119,0.08932230438628536,1.6197698428451763,-0.0196908511679047,-0.5470756460314574,1.3115,1.157617585931777,0.0,262.67804646492004,0.0,0
corridor_position_only_1772866056,corridor_position_only,600,0.8968492886813144,0.08932230438628486,1.6197698428452114,-0.5668607810033723,-0.7080347778894983,1.3115,1.6950680755531653,4.0604096731716215,338.2602970600128,24.747273921966553,1
corridor_position_only_1772866056,corridor_position_only,601,0.39237907223050283,-0.7852041749971737,1.3833338628609786,-0.19792254183587987,-0.6444678647233275,1.3115,0.6110833072932059,0.688942103297219,18.537137031555176,8.022329807281494,1
corridor_position_only_1772866056,corridor_position_only,602,-0.19773714823642663,-0.644623646786381,1.3116344238556628,0.4690531079547886,0.08934068874799661,1.3115,0.9916213539742575,0.0,0.5070357322692871,0.0,0
corridor_position_only_1772866056,corridor_position_only,603,-0.19773979170119615,-0.6446188740279486,1.311639148981269,1.085287284920383,-0.11920177247653807,1.3115,1.3864420757136735,0.0,0.05270242691040039,0.0,0
corridor_position_only_1772866056,corridor_position_only,604,-0.1977394155746336,-0.6446163023752223,1.3116213122335112,0.08943878472492639,-0.7051645468993544,1.3115,0.29349177732758763,0.29292285673917046,41.54923057556152,3.107264757156372,1
corridor_position_only_1772866056,corridor_position_only,605,0.08881133316895673,-0.7053365229534795,1.3123808029347992,-0.11150229486214391,-0.6894194787220714,1.3115,0.2009469524174395,0.20037789661501124,11.32943844795227,3.313814640045166,1
corridor_position_only_1772866056,corridor_position_only,606,-0.11093355976490649,-0.6894978103020355,1.3108632524052282,-0.5558305759299493,-0.7109142196450725,1.3115,0.4454126435443951,0.44654811534438127,6.770078659057617,2.0051674842834473,1
corridor_position_only_1772866056,corridor_position_only,607,-0.5569854262327129,-0.7108324391579772,1.311766566739603,-0.29971686195019875,0.4937142934646447,1.3115,1.2317142591923043,0.0,8.618998527526855,0.0,0
corridor_position_only_1772866056,corridor_position_only,608,-0.5569787504860583,-0.7108324789069906,1.311767611015801,-0.2507179661580867,0.477666645752128,1.3115,1.2273246958113129,1.2278339522930197,14.277206420898438,4.312181711196899,1
corridor_position_only_1772866056,corridor_position_only,609,-0.24965536670286803,0.47779889782842955,1.3113560736246361,1.0773140894831401,-0.34673092843704334,1.3115,1.5622731492177553,0.0,12.716553449630737,0.0,0
corridor_position_only_1772866056,corridor_position_only,610,-0.24965536574098102,0.47779889769506223,1.3113560734498697,-0.10891540481141992,-0.27530811875430916,1.3115,0.766144852846105,0.0,7.4207680225372314,0.0,0
corridor_position_only_1772866056,corridor_position_only,611,-0.24965536574117342,0.47779889769553785,1.3113560734504177,0.22445616397957813,0.0013024122513455305,1.3115,0.6721835046843013,0.6718565508168041,3.357001304626465,2.10542631149292,1
corridor_position_only_1772866056,corridor_position_only,612,0.22379545020370462,0.0012437954810430585,1.3107139858424257,-4.524368077551966e-05,-0.32759411539104755,1.3115,0.3977934711425798,0.0,0.6021325588226318,0.0,0
corridor_position_only_1772866056,corridor_position_only,613,0.22379545019950742,0.0012437955025490915,1.3107139858441204,-0.7587424920815327,-0.27247647708110384,1.3115,1.019953044734601,1.0190436626893082,2.455950975418091,3.108384370803833,1
corridor_position_only_1772866056,corridor_position_only,614,-0.7577169881687709,-0.27265859814383414,1.311030485126305,0.232378893627587,-0.26584134837208256,1.3115,0.9901194627360754,0.0,0.552147626876831,0.0,0
corridor_position_only_1772866056,corridor_position_only,615,-0.7577187301934469,-0.27266749575855714,1.3110403873472736,0.007094710918766123,0.11744595763254173,1.3115,0.858561772656123,0.0,0.5519392490386963,0.0,0
corridor_position_only_1772866056,corridor_position_only,616,-0.7577154222360144,-0.2726598242948497,1.3110434843413241,1.0968075067992018,0.4665524831926259,1.3115,1.996419379355165,0.0,6.065013408660889,0.0,0
corridor_position_only_1772866056,corridor_position_only,617,-0.7577164597449544,-0.27266509198448,1.3110435791224495,0.3571490710123255,-0.46639716385197666,1.3115,1.1315730094257295,1.1314972800540297,6.537794589996338,2.9113306999206543,1
corridor_position_only_1772866056,corridor_position_only,618,0.3570255177515032,-0.4666408138031504,1.3113316388030893,0.06953224629889043,0.0031157783578292797,1.3115,0.5507482776684057,0.0,0.602726936340332,0.0,0
corridor_position_only_1772866056,corridor_position_only,619,0.35702551933960247,-0.46664080688494025,1.3113316409970515,0.9295390388776137,0.2492248055164148,1.3115,0.9166435149049611,0.0,7.364709377288818,0.0,0
corridor_position_only_1772866056,corridor_position_only,620,0.3570255194453069,-0.4666408064750467,1.311331641099925,-0.6140470545418966,0.34316045733369205,1.3115,1.2644208394205951,1.2641116202054785,6.413378000259399,3.4078524112701416,1
corridor_position_only_1772866056,corridor_position_only,621,-0.6135789173168407,0.34319161503915485,1.311487124662388,-0.32642867972581047,0.4621224583189917,1.3115,0.31080509100980397,0.0,4.559722661972046,0.0,0
corridor_position_only_1772866056,corridor_position_only,622,-0.613578917316841,0.3431916150390638,1.3114871246623743,0.04402304923960998,0.6048766575955294,1.3115,0.7077566022881491,0.0,10.42263388633728,0.0,0
corridor_position_only_1772866056,corridor_position_only,623,-0.6135789173168414,0.3431916150390632,1.3114871246623743,0.2938658768642759,-0.227296706518467,1.3115,1.0718735838174729,0.0,0.5606553554534912,0.0,0
corridor_position_only_1772866056,corridor_position_only,624,-0.6135789173168411,0.34319161503906337,1.3114871246623743,0.6368840153105959,-0.21189334362515966,1.3115,1.3681289622605928,0.0,0.05352044105529785,0.0,0
corridor_position_only_1772866056,corridor_position_only,625,-0.6135789173168411,0.3431916150390634,1.3114871246623745,0.2711670359400662,0.4463029980881349,1.3115,0.8907341686971149,0.8897518548795886,11.113131284713745,2.50647234916687,1
corridor_position_only_1772866056,corridor_position_only,626,0.2702753772475869,0.4462323516540233,1.3110107453698319,0.7671425036146926,0.30746118985558224,1.3115,0.5158823664182443,0.0,0.051184892654418945,0.0,0
corridor_position_only_1772866056,corridor_position_only,627,0.2702699808957214,0.44623726612915027,1.3110303909432206,-0.4756595102227057,-0.5928709750345802,1.3115,1.2791235136245613,0.0,11.130840063095093,0.0,0
corridor_position_only_1772866056,corridor_position_only,628,0.2702753772542891,0.44623235166539515,1.311010745358337,0.8056922690383939,0.4841059419385002,1.3115,0.5367549685080066,0.0,6.313336610794067,0.0,0
corridor_position_only_1772866056,corridor_position_only,629,0.27026998088745813,0.44623726614850723,1.311030390953269,0.015568367742194722,-0.0416657601081849,1.3115,0.5503839526202545,0.0,0.5549530982971191,0.0,0
corridor_position_only_1772866056,corridor_position_only,630,0.2702753772616792,0.44623235165760383,1.3110107453455369,-0.8351119008402077,-0.08781707453131926,1.3115,1.2276359654117068,0.7168617662140467,43.795475482940674,10.830671787261963,1
corridor_position_only_1772866056,corridor_position_only,631,0.04734487895700534,-0.06786114412301902,1.3824122502155793,0.499599279306548,-0.5582861321932405,1.3115,0.6708794666628561,0.0,3.8599681854248047,0.0,0
corridor_position_only_1772866056,corridor_position_only,632,0.04734487895854789,-0.06786114410578865,1.3824122502145102,0.7213945456207789,-0.35998393530240413,1.3115,0.7380428344577646,0.0,0.05111384391784668,0.0,0
corridor_position_only_1772866056,corridor_position_only,633,0.04734487895854744,-0.06786114410578761,1.3824122502145095,-0.8554329689051047,0.6280058557070382,1.3115,1.1420452141891388,0.0,39.301114082336426,0.0,0
corridor_position_only_1772866056,corridor_position_only,634,0.04734487895853812,-0.06786114410579147,1.3824122502145268,-0.28906435644184514,-0.7233308084854596,1.3115,0.7401622807298093,0.7438285711289981,20.51760721206665,7.322941064834595,1
corridor_position_only_1772866056,corridor_position_only,635,-0.2883642889601187,-0.7230792651269795,1.310666889775446,0.5946236935318749,-0.5467237052486478,1.3115,0.9004275400041513,0.0,0.10315775871276855,0.0,0
corridor_position_only_1772866056,corridor_position_only,636,-0.2883607355472303,-0.7230780656921967,1.3106593100943773,0.4322273020580487,0.30964329166113547,1.3115,1.2592701174224112,0.0,0.253281831741333,0.0,0
corridor_position_only_1772866056,corridor_position_only,637,-0.2883607029496296,-0.72307776881302,1.3106671971204593,-0.6973854569120961,-0.07299938951725227,1.3115,0.7680519788025446,0.0,0.7102429866790771,0.0,0
corridor_position_only_1772866056,corridor_position_only,638,-0.28835963242969237,-0.7230779553260156,1.3106676076416188,-0.06611493855300599,-0.652302474151308,1.3115,0.23324357562190587,0.23377055741381794,14.795804977416992,2.8062639236450195,1
corridor_position_only_1772866056,corridor_position_only,639,-0.06563579258860436,-0.6522625440917743,1.31098752763797,0.7289221862382782,0.559123347675183,1.3115,1.4487161292390613,0.0,17.73633360862732,0.0,0
corridor_position_only_1772866056,corridor_position_only,640,-0.06563579258909358,-0.6522625440839016,1.310987527634099,0.16274681988542894,-0.33139675849137723,1.3115,0.39384480785268905,0.0,0.6042757034301758,0.0,0
corridor_position_only_1772866056,corridor_position_only,641,-0.06563579258909302,-0.6522625440839014,1.310987527634099,0.7017298091806639,0.2285368197644434,1.3115,1.1681856653644727,0.0,0.051482200622558594,0.0,0
corridor_position_only_1772866056,corridor_position_only,642,-0.06563579258909319,-0.6522625440839018,1.3109875276340992,-0.0745051538221132,-0.3372708611781259,1.3115,0.31511694415949854,0.0,0.7591526508331299,0.0,0
corridor_position_only_1772866056,corridor_position_only,643,-0.0656357925890943,-0.6522625440839014,1.310987527634099,0.7195027972144252,0.5337593456901674,1.3115,1.4223539611678375,0.0,10.354140520095825,0.0,0
corridor_position_only_1772866056,corridor_position_only,644,-0.06563579258909558,-0.652262544083901,1.310987527634099,-0.2357955201266979,-0.08837558076363028,1.3115,0.5890017851468307,0.0,0.5542840957641602,0.0,0
corridor_position_only_1772866056,corridor_position_only,645,-0.0656357925890948,-0.6522625440839017,1.310987527634099,1.0673405702764713,0.08619951396360237,1.3115,1.3523911832808466,0.0,0.05277729034423828,0.0,0
corridor_position_only_1772866056,corridor_position_only,646,-0.06563579258909447,-0.6522625440839014,1.310987527634099,-0.6293712152816018,0.4780175762846578,1.3115,1.2630641471938748,0.0,9.18675422668457,0.0,0
corridor_position_only_1772866056,corridor_position_only,647,-0.06563579258909585,-0.6522625440839014,1.310987527634099,0.288184010714875,0.11545302747263908,1.3115,0.8453259221438628,0.0,0.551837682723999,0.0,0
corridor_position_only_1772866056,corridor_position_only,648,-0.06563579258909447,-0.6522625440839012,1.3109875276340988,-0.39349140961462037,0.2379709170640545,1.3115,0.9486860300386967,0.0,0.6522529125213623,0.0,0
corridor_position_only_1772866056,corridor_position_only,649,-0.06563579258909386,-0.6522625440839005,1.310987527634098,0.22205691740243627,-0.02828656796502782,1.3115,0.6871050696827207,0.0,0.602074384689331,0.0,0
corridor_position_only_1772866056,corridor_position_only,650,-0.06563579258909391,-0.6522625440839005,1.310987527634098,-0.3350666079546122,-0.060540489048141355,1.3115,0.6501755280785303,0.0,0.5025556087493896,0.0,0
corridor_position_only_1772866056,corridor_position_only,651,-0.06563579258909402,-0.6522625440839013,1.310987527634099,0.37478335523942197,-0.6683477841533301,1.3115,0.44071308506784,0.4402010773948359,8.822164535522461,2.1049201488494873,1
corridor_position_only_1772866056,corridor_position_only,652,0.37427526156447466,-0.6682006051332932,1.3112479536428236,-0.8727330384651101,-0.040708562688046235,1.3115,1.3959856830219102,0.5835093985101862,20.327245950698853,4.309715986251831,1
corridor_position_only_1772866056,corridor_position_only,653,0.2928009854469441,-0.09529179619451753,1.3850412362592521,0.5282273981372294,-0.6568644598915563,1.3115,0.6133496277283805,0.0,22.192044496536255,0.0,0
corridor_position_only_1772866056,corridor_position_only,654,0.29280098544693256,-0.09529179619452269,1.3850412362592543,-0.38379509124182976,0.2750021731529463,1.3115,0.7747955783019604,1.7591156349790644,24.495983362197876,9.118058681488037,1
corridor_position_only_1772866056,corridor_position_only,655,0.7607138845207645,0.34795064062923714,1.6184227432006324,-0.159016372937552,-0.37147962450766187,1.3115,1.2073463559281947,1.2210256310117196,6.6649017333984375,16.337495803833008,1
corridor_position_only_1772866056,corridor_position_only,656,0.9057577673907736,-0.38383573008821703,1.5911448081033914,0.6906641590600464,0.48243232696994964,1.3115,0.9353538505417327,0.0,7.414825916290283,0.0,0
corridor_position_only_1772866056,corridor_position_only,657,0.9057577673914717,-0.3838357300860201,1.5911448080978061,-0.12515561704495182,0.5816437442574088,1.3115,1.4398382687943405,0.0,47.61577081680298,0.0,0
corridor_position_only_1772866056,corridor_position_only,658,0.9057577673914721,-0.38383573008602,1.5911448080978041,0.10573942818563264,-0.21037054130394084,1.3115,0.8650553355022611,1.5234633777116149,3.306743621826172,12.328517198562622,1
corridor_position_only_1772866056,corridor_position_only,659,0.10592128595544648,-0.2102317842421897,1.3109326865146187,-0.8643519995530874,-0.5136064560613489,1.3115,1.0165956727812184,1.0156880776842823,9.681118488311768,2.707303047180176,1
corridor_position_only_1772866056,corridor_position_only,660,-0.8632332914220213,-0.5137605753318619,1.3116094227084352,1.0417061551650382,0.302665923804576,1.3115,2.072521781701925,0.0,0.051505327224731445,0.0,0
corridor_position_only_1772866056,corridor_position_only,661,-0.8632175419835437,-0.51376170563837,1.3116131317872655,-0.2822605224766237,-0.5982285968273232,1.3115,0.587065351575352,0.5858721214680288,7.265151739120483,2.105994701385498,1
corridor_position_only_1772866056,corridor_position_only,662,-0.2834565330476706,-0.5980459077753039,1.3113188123776296,-0.7774953234364869,-0.24829065985205573,1.3115,0.6053123926433789,0.0,32.963457107543945,0.0,0
corridor_position_only_1772866056,corridor_position_only,663,-0.2834565329903308,-0.5980459077433112,1.3113188126777517,-0.015330852408945383,-0.11412074251113002,1.3115,0.5532404350380319,0.0,0.4518744945526123,0.0,0
corridor_position_only_1772866056,corridor_position_only,664,-0.28345653298952156,-0.5980459077450265,1.3113188126811048,-0.14003012663341596,-0.6710642022624129,1.3115,0.16094358702135053,0.16060160371478868,13.378687381744385,2.1052005290985107,1
corridor_position_only_1772866056,corridor_position_only,665,-0.14054023151681916,-0.67117566550545,1.3120260855116683,0.756560535670151,0.4253781535387363,1.3115,1.416764038685979,0.0,21.36183476448059,0.0,0
corridor_position_only_1772866056,corridor_position_only,666,-0.1405352205883215,-0.6711743458430379,1.3120257981550412,0.06306253585102972,0.4663353579041206,1.3115,1.1555867120254477,0.0,4.559371709823608,0.0,0
corridor_position_only_1772866056,corridor_position_only,667,-0.1405348512582616,-0.6711684428886834,1.3120058321209793,0.3315647063048961,-0.33725576981630173,1.3115,0.5782524719841733,0.0,0.4517199993133545,0.0,0
corridor_position_only_1772866056,corridor_position_only,668,-0.14053485125812087,-0.6711684428886633,1.3120058321209962,0.5909001620182794,-0.30932802966915707,1.3115,0.8160428414928015,0.0,0.2012162208557129,0.0,0
corridor_position_only_1772866056,corridor_position_only,669,-0.14054023152621195,-0.6711756655059378,1.3120260855106087,0.5405760426661483,-0.469278212295571,1.3115,0.7104099079745998,0.7101688643758373,20.652735233306885,2.7104811668395996,1
corridor_position_only_1772866056,corridor_position_only,670,0.5403467180866032,-0.46945292147085416,1.3120190618498486,-0.14404817226730493,-0.6631816578415994,1.3115,0.7112857784769407,0.7110220124724245,9.428317308425903,3.106931209564209,1
corridor_position_only_1772866056,corridor_position_only,671,-0.14372664314432038,-0.663277883168758,1.311942759779054,-0.3426313147251605,0.40494983016977526,1.3115,1.0865881059340634,0.0,0.9593794345855713,0.0,0
corridor_position_only_1772866056,corridor_position_only,672,-0.1437266431429075,-0.6632778831699756,1.3119427597809663,-0.20438112630365834,-0.7164438351192162,1.3115,0.08065842057956754,0.08027821228320192,5.766946315765381,1.3037660121917725,1
corridor_position_only_1772866056,corridor_position_only,673,-0.20381373500303973,-0.7164168308137453,1.3115889585645935,0.1038576063748392,-0.18750588727180983,1.3115,0.6118892452211511,0.0,0.5522546768188477,0.0,0
corridor_position_only_1772866056,corridor_position_only,674,-0.2038137350024674,-0.7164168308049103,1.311588958563064,-0.8533309865246298,-0.10533325091088563,1.3115,0.8917935913397373,0.0,14.530760288238525,0.0,0
corridor_position_only_1772866056,corridor_position_only,675,-0.2038150193802284,-0.7164222972468508,1.3116084793772649,0.46988877410364527,-0.31449905922220245,1.3115,0.7844865214817621,0.0,0.3518850803375244,0.0,0
corridor_position_only_1772866056,corridor_position_only,676,-0.20381373499513356,-0.7164168308154922,1.3115889585851142,0.16020876645050341,0.5980429931856396,1.3115,1.3639343893257678,0.0,19.545690059661865,0.0,0
corridor_position_only_1772866056,corridor_position_only,677,-0.20381985557573434,-0.7164234647245795,1.3116085333195713,0.6534535757025641,0.3660317083393486,1.3115,1.3808066299985697,0.0,0.05157947540283203,0.0,0
corridor_position_only_1772866056,corridor_position_only,678,-0.20381373498573235,-0.7164168308290664,1.311588958613401,-0.8382112158073415,-0.3399939687875041,1.3115,0.7376681792337255,0.7554334083762697,32.0194673538208,13.528170824050903,1
corridor_position_only_1772866056,corridor_position_only,679,0.16388031047910112,-0.36390292114988937,1.5832453372015973,-0.18307453434045307,-0.23223020879870215,1.3115,0.4599574934844406,0.0,9.918818712234497,0.0,0
corridor_position_only_1772866056,corridor_position_only,680,0.16388030947522103,-0.36390292758069176,1.5832453355668958,0.40828122592637817,0.5955431658036748,1.3115,1.026700609464635,0.0,11.823429822921753,0.0,0
corridor_position_only_1772866056,corridor_position_only,681,0.16388030947523835,-0.36390292758067483,1.5832453355667049,0.9079471184655314,0.33311461987231217,1.3115,1.0551371499007298,0.0,0.051513671875,0.0,0
corridor_position_only_1772866056,corridor_position_only,682,0.16388030947523835,-0.3639029275806747,1.583245335566704,-0.08415350936417543,-0.3267937885831933,1.3115,0.36978830550391667,0.0,12.830738067626953,0.0,0
corridor_position_only_1772866056,corridor_position_only,683,0.16388030947525645,-0.3639029275806577,1.5832453355665035,-0.3842315954735552,-0.07787810621818292,1.3115,0.6753387195949913,0.0,58.240365743637085,0.0,0
corridor_position_only_1772866056,corridor_position_only,684,0.16388030947533994,-0.3639029275805766,1.5832453355655762,-0.7583523011957277,0.5730031865577921,1.3115,1.3424423944053163,0.0,1.506697177886963,0.0,0
corridor_position_only_1772866056,corridor_position_only,685,0.16388030947534227,-0.36390292758057396,1.5832453355655547,1.0918119009002851,0.005118725267561297,1.3115,1.0349297299994973,0.0,7.32772970199585,0.0,0
corridor_position_only_1772866056,corridor_position_only,686,0.1638803094753536,-0.36390292758056364,1.5832453355654375,-0.14822075694596204,-0.4333261377587037,1.3115,0.41960956277750966,0.0,0.8524227142333984,0.0,0
corridor_position_only_1772866056,corridor_position_only,687,0.1638803094753546,-0.3639029275805636,1.5832453355654224,0.36062383758380534,0.3305362297967972,1.3115,0.7712323168495362,0.0,0.5026843547821045,0.0,0
corridor_position_only_1772866056,corridor_position_only,688,0.16388030947535548,-0.3639029275805617,1.5832453355654148,0.7346473120081394,0.13080176764296303,1.3115,0.8027161603319191,0.0,0.0511631965637207,0.0,0
corridor_position_only_1772866056,corridor_position_only,689,0.1638803094753558,-0.36390292758056164,1.5832453355654135,-0.35786833114070526,-0.26870590552895474,1.3115,0.5959275496180395,1.4534850221697573,5.212515354156494,14.931215524673462,1
corridor_position_only_1772866056,corridor_position_only,690,-0.357251553892062,-0.26888566068575287,1.3109449007536926,0.05851674748903035,0.4800539227821242,1.3115,0.8566061453512515,0.8561688816991548,10.442654609680176,2.6078951358795166,1
corridor_position_only_1772866056,corridor_position_only,691,0.05784342197595094,0.4796672663228087,1.3123394548955374,-0.5810453662390808,-0.7322256542793862,1.3115,1.3699868756295117,0.0,8.568441152572632,0.0,0
corridor_position_only_1772866056,corridor_position_only,692,0.05784342679660026,0.47966728116908397,1.3123394542215294,-0.6068672455116899,0.5732014823320027,1.3115,0.6712597331518662,0.6696959755825448,19.0939998626709,2.6064374446868896,1
corridor_position_only_1772866056,corridor_position_only,693,-0.6052244599538898,0.5734727445104985,1.3109795489739395,0.11919627802863031,0.19079833717803818,1.3115,0.8192834543158183,0.818538020772058,7.173607587814331,3.1088640689849854,1
corridor_position_only_1772866056,corridor_position_only,694,0.11866232907635832,0.1914400368964984,1.3114944233581096,0.7264056029320753,-0.11142046806674344,1.3115,0.6790260469338079,0.0,0.052068233489990234,0.0,0
corridor_position_only_1772866056,corridor_position_only,695,0.11866232907611618,0.19144003689643077,1.311494423358667,-0.7859903136815638,-0.5152598025271058,1.3115,1.1479638788397508,1.147678092229205,8.0990309715271,3.307917833328247,1
corridor_position_only_1772866056,corridor_position_only,696,-0.7860074060660133,-0.514760958751227,1.3110917589754747,-0.7739415651965167,0.4161746384072059,1.3115,0.9310138759617658,0.9310783473893632,3.411374568939209,2.706362724304199,1
corridor_position_only_1772866056,corridor_position_only,697,-0.7738922036241042,0.4161573716080408,1.3112772401609947,0.8192017148186501,-0.4105234229443796,1.3115,1.7948118059236897,0.0,0.05106067657470703,0.0,0
corridor_position_only_1772866056,corridor_position_only,698,-0.7738857628556297,0.4161574089811122,1.3112776683831828,1.0127338841371516,0.6238817099092168,1.3115,1.7986548300460619,0.0,19.589309692382812,0.0,0
corridor_position_only_1772866056,corridor_position_only,699,-0.7738857628599622,0.4161574089916049,1.3112776683972864,0.25582784310199935,-0.3863895899160518,1.3115,1.3055235904380333,0.0,13.636492729187012,0.0,0
corridor_position_only_1772866056,corridor_position_only,700,-0.7738857628626865,0.416157409001769,1.3112776684073417,-0.7281523440624563,0.11209964558409624,1.3115,0.30747799680798593,0.3069601055096528,2.5559849739074707,3.007629156112671,1
corridor_position_only_1772866056,corridor_position_only,701,-0.7274350315041926,0.11276026993991256,1.3111059301213421,0.6979235204835756,0.5044529426531971,1.3115,1.4781983313726927,1.4773469010012084,2.9114174842834473,3.3074493408203125,1
corridor_position_only_1772866056,corridor_position_only,702,0.6970266909478589,0.5043967753268592,1.3113698223115142,0.16053300394595738,0.5998210655803261,1.3115,0.5449140191897275,0.544022942992228,8.366822004318237,2.2052717208862305,1
corridor_position_only_1772866056,corridor_position_only,703,0.16148776566392775,0.60007662430039,1.3119226578597516,0.07221601101951647,0.2439870349611335,1.3115,0.3671095482996305,0.36707878827895296,9.619969367980957,3.1126811504364014,1
corridor_position_only_1772866056,corridor_position_only,704,0.07263438139723988,0.2439267736338361,1.3107549633004294,0.4482021494703994,-0.5194505520070305,1.3115,0.8507623903286627,0.0,0.45290184020996094,0.0,0
corridor_position_only_1772866056,corridor_position_only,705,0.07263438140933154,0.24392677355829454,1.3107549633167117,0.11581120711023685,-0.7263703175496284,1.3115,0.9712575551159244,0.0,15.207316398620605,0.0,0
corridor_position_only_1772866056,corridor_position_only,706,0.07263438140953904,0.24392677355702846,1.310754963317085,0.9627166436317918,-0.42879810482464153,1.3115,1.1157086315862106,0.0,0.10110664367675781,0.0,0
corridor_position_only_1772866056,corridor_position_only,707,0.07263438140953804,0.24392677355702724,1.3107549633170852,-0.23545008049477467,0.42220983111243904,1.3115,0.3559514564625843,0.35622907658868436,3.657048225402832,3.7084710597991943,1
corridor_position_only_1772866056,corridor_position_only,708,-0.23549516253178904,0.4226775937505667,1.3114619724029604,-0.02331259440488853,-0.7029207447514066,1.3115,1.1454226570578336,1.1454284065154907,11.683748006820679,4.711768865585327,1
corridor_position_only_1772866056,corridor_position_only,709,-0.02436662589564531,-0.702707444394723,1.3109280304752269,-0.6381278000284636,-0.34607209393880634,1.3115,0.7098534209376238,1.5932337712852178,20.46832799911499,18.737892389297485,1
corridor_position_only_1772866056,corridor_position_only,710,0.21853404398938148,-0.3075519348377598,1.6089179172357582,1.0956314405683147,-0.6812918751800238,1.3115,0.9987185807751039,0.0,21.970871448516846,0.0,0
corridor_position_only_1772866056,corridor_position_only,711,0.21853146992599404,-0.3075594449512546,1.6089303818280958,-0.09514787489317056,0.2933600733788092,1.3115,0.7402457908766675,0.0,4.961879730224609,0.0,0
corridor_position_only_1772866056,corridor_position_only,712,0.21853145006962615,-0.3075593820993456,1.6089306772078176,0.2708569655279518,-0.2523155271211091,1.3115,0.3070095288832853,0.0,0.3517000675201416,0.0,0
corridor_position_only_1772866056,corridor_position_only,713,0.2185329821028702,-0.30756090739433056,1.608937872027742,0.24499472514803222,-0.25031319386482426,1.3115,0.304050673845226,0.0,1.9547786712646484,0.0,0
corridor_position_only_1772866056,corridor_position_only,714,0.21853144682415415,-0.3075593596177949,1.6089306610297196,-0.49326278155357534,0.5186605050920506,1.3115,1.13037838200913,1.503413012592057,18.402912855148315,12.929636478424072,1
corridor_position_only_1772866056,corridor_position_only,715,0.4380624065080543,0.4115892401014045,1.6184735596389905,-0.4352697841673163,-0.6895102303905329,1.3115,1.43852769368716,0.0,23.102394819259644,0.0,0
corridor_position_only_1772866056,corridor_position_only,716,0.43806240631814564,0.4115892400934173,1.6184735597604916,0.8449388426308926,-0.35487420577556533,1.3115,0.9204604362339229,0.0,10.563607931137085,0.0,0
corridor_position_only_1772866056,corridor_position_only,717,0.43806646649994974,0.41158662744883034,1.6184743710478746,-0.007630675878305571,0.054042058835830686,1.3115,0.6486272625699886,0.0,22.662209033966064,0.0,0
corridor_position_only_1772866056,corridor_position_only,718,0.4380717301845546,0.41158019910596977,1.618442331701821,-0.31309279724180683,-0.2579087619411845,1.3115,1.0519872676122168,1.3106870244468383,10.835938453674316,11.92459487915039,1
corridor_position_only_1772866056,corridor_position_only,719,0.5372912515198536,-0.23831691676020475,1.6063227875985628,0.8960504068781925,-0.1666784563026511,1.3115,0.4698517603005702,0.0,0.10109543800354004,0.0,0
corridor_position_only_1772866056,corridor_position_only,720,0.5372912515197523,-0.2383169167635081,1.60632278759879,0.1131239869535745,-0.4617695301552918,1.3115,0.5628227206223049,0.0,57.83321189880371,0.0,0
corridor_position_only_1772866056,corridor_position_only,721,0.5372912515197601,-0.23831691676329184,1.606322787598786,-0.21583876644882194,0.431811497025791,1.3115,1.0503320384622892,0.0,21.39100980758667,0.0,0
corridor_position_only_1772866056,corridor_position_only,722,0.5372912515197606,-0.23831691676329153,1.6063227875987858,-0.736226951441398,0.5496379311712704,1.3115,1.526316458584037,1.2232613144108209,51.9401969909668,14.72809386253357,1
corridor_position_only_1772866056,corridor_position_only,723,0.33821051004343006,0.6162979706814646,1.6143594058243793,0.7341613475576942,0.4054248249490492,1.3115,0.541265525426872,0.0,8.416430950164795,0.0,0
corridor_position_only_1772866056,corridor_position_only,724,0.33821051004421887,0.6162979710299366,1.6143594063886155,0.6553654210184392,0.15649004375382158,1.3115,0.635400965988475,0.0,11.229325532913208,0.0,0
corridor_position_only_1772866056,corridor_position_only,725,0.3382105101504278,0.6162979711078298,1.614359406807074,0.19548540352276933,-0.3548828861676149,1.3115,1.0272714022553517,0.0,0.9140739440917969,0.0,0
corridor_position_only_1772866056,corridor_position_only,726,0.3381945774787236,0.6163136825255298,1.6143975125064274,-0.6195679999771684,0.30886123520879283,1.3115,1.0505156187409046,0.294077014223911,5.48149847984314,1.304572582244873,1
corridor_position_only_1772866056,corridor_position_only,727,0.46068340147623954,0.34906818458593797,1.6086312175656574,0.16261517891163635,-0.667932306918664,1.3115,1.100646003706675,1.1014520125807115,20.586816549301147,4.609335660934448,1
corridor_position_only_1772866056,corridor_position_only,728,0.16382250190247488,-0.6682077263859074,1.3117817083073946,-0.2700781376808913,-0.3253829881615924,1.3115,0.5529906378312338,0.0,0.7027904987335205,0.0,0
corridor_position_only_1772866056,corridor_position_only,729,0.1638280856019852,-0.6682187501906418,1.3117946941123977,0.5725613818824087,0.5854457167242183,1.3115,1.318611993703152,0.0,18.810986042022705,0.0,0
corridor_position_only_1772866056,corridor_position_only,730,0.16383003953270076,-0.6682153786670064,1.3117840130145515,0.5974385200321732,0.422736470870381,1.3115,1.1739643661685393,0.0,4.709402084350586,0.0,0
corridor_position_only_1772866056,corridor_position_only,731,0.163823408294611,-0.6682060540354198,1.3117866182143965,-0.2282650443663523,0.23614171167735676,1.3115,0.9856867241724219,0.0,0.603574275970459,0.0,0
corridor_position_only_1772866056,corridor_position_only,732,0.16382155115881775,-0.6682008580055824,1.3117601866424615,-0.13779492183130937,0.4962658303333324,1.3115,1.2028945226939443,0.0,14.129414081573486,0.0,0
corridor_position_only_1772866056,corridor_position_only,733,0.16383003945467955,-0.668215378755276,1.311784013284253,0.6219200506898841,-0.2027497937876348,1.3115,0.6530733112341094,0.0,0.20127201080322266,0.0,0
corridor_position_only_1772866056,corridor_position_only,734,0.16382340837923604,-0.6682060540339235,1.311786618173061,-0.7175005720594603,0.005138821808710725,1.3115,1.109110166967113,0.0,22.908623695373535,0.0,0
corridor_position_only_1772866056,corridor_position_only,735,0.163822503952804,-0.6682077334430397,1.3117817106773875,0.6742120639374543,0.05910380042638941,1.3115,0.8885266735454442,0.0,0.05170798301696777,0.0,0
corridor_position_only_1772866056,corridor_position_only,736,0.16382155119846797,-0.6682008580446586,1.3117601864446762,-0.34712359536506443,0.08353503015795838,1.3115,0.9089399628719121,0.0,0.5028698444366455,0.0,0
corridor_position_only_1772866056,corridor_position_only,737,0.16381889912829928,-0.6682090793012663,1.3117892828235431,0.6313484699584673,-0.602143065372664,1.3115,0.4721744396741604,0.4712537892089349,6.663387775421143,2.5070507526397705,1
corridor_position_only_1772866056,corridor_position_only,738,0.6304262411551887,-0.6022717169058611,1.3120446766786726,-0.14108551343279763,0.5388387611707296,1.3115,1.3774482956961769,0.0,7.067190408706665,0.0,0
corridor_position_only_1772866056,corridor_position_only,739,0.630425725595468,-0.6022704256648748,1.3120157246191662,0.5427953920267652,-0.10860201840077433,1.3115,0.5013859168982697,0.5021022282931363,3.9096736907958984,2.1050832271575928,1
corridor_position_only_1772866056,corridor_position_only,740,0.5420817976972303,-0.10812836347734628,1.3111015989783672,0.5718404642018282,0.4409633018038125,1.3115,0.5498976212321182,0.5500653031909531,3.557509183883667,2.104710102081299,1
corridor_position_only_1772866056,corridor_position_only,741,0.5728302198511659,0.4408441179403275,1.3119040944475997,-0.48603312494023276,-0.26850015761552404,1.3115,1.274504235967463,0.0,61.05191731452942,0.0,0
corridor_position_only_1772866056,corridor_position_only,742,0.5728404017330536,0.44084914701341216,1.3118931876943527,0.8246567774683911,0.22040738982501695,1.3115,0.33467328844314875,0.3336555391969825,7.12383770942688,2.205061674118042,1
corridor_position_only_1772866056,corridor_position_only,743,0.8235599066275399,0.22074092980806853,1.311487951554695,1.0041337022090848,-0.06114047353963514,1.3115,0.3347596471338226,0.3341175443475758,5.460865259170532,3.006948232650757,1
corridor_position_only_1772866056,corridor_position_only,744,1.003436336066347,-0.06081653278656661,1.3107949209168903,0.6852596027814168,0.2661259626718627,1.3115,0.45621083511570404,0.45631499229707795,2.1043219566345215,2.4055938720703125,1
corridor_position_only_1772866056,corridor_position_only,745,0.6853343113980991,0.2663241498983071,1.3113584487504775,0.7898927035370973,-0.7273116907341028,1.3115,0.9991219451061641,0.0,7.317049503326416,0.0,0
corridor_position_only_1772866056,corridor_position_only,746,0.6853343113977776,0.26632414989976605,1.3113584487500516,-0.005555247610260716,-0.42014654153556086,1.3115,0.9739457957108156,0.9736715241723349,7.26481294631958,2.806708335876465,1
corridor_position_only_1772866056,corridor_position_only,747,-0.004656228147509878,-0.4205348535700687,1.3118790984346829,0.21002488646629347,0.5857064682019449,1.3115,1.0288876140419503,1.0286996377265187,5.663388252258301,4.232538461685181,1
corridor_position_only_1772866056,corridor_position_only,748,0.20914458336261665,0.5855002646717695,1.3108425380360358,0.5509757235932942,0.4422680073589721,1.3115,0.3706270905135762,0.0,6.3753297328948975,0.0,0
corridor_position_only_1772866056,corridor_position_only,749,0.2091445833621962,0.5855002646721832,1.310842538034891,0.22246542407415681,-0.1981352409457905,1.3115,0.7837489921643576,0.0,0.7039318084716797,0.0,0
corridor_position_only_1772866056,corridor_position_only,750,0.2091445833621972,0.5855002646721822,1.310842538034891,-0.5612845013878042,-0.3173514814466976,1.3115,1.1868878137190855,0.0,0.8566594123840332,0.0,0
corridor_position_only_1772866056,corridor_position_only,751,0.20914458336219743,0.5855002646721822,1.310842538034891,0.4602973345220358,0.3516402397409456,1.3115,0.34317436957358843,0.0,0.5543432235717773,0.0,0
corridor_position_only_1772866056,corridor_position_only,752,0.20914458336219588,0.5855002646721829,1.31084253803489,0.26020053859090986,0.40130893770708453,1.3115,0.19113761469087076,0.0,10.628013372421265,0.0,0
corridor_position_only_1772866056,corridor_position_only,753,0.20914458336219632,0.5855002646721831,1.3108425380348914,0.46290747957452694,-0.6717776120094923,1.3115,1.2826315522953144,1.2833969600674167,11.025211334228516,3.9111945629119873,1
corridor_position_only_1772866056,corridor_position_only,754,0.4632332025787755,-0.6718814330952357,1.3115518725286668,-0.2649687797471162,-0.258035016256462,1.3115,0.8375840175674375,0.0,120.1611020565033,0.0,0
corridor_position_only_1772866056,corridor_position_only,755,0.4632333679243084,-0.6718895590026929,1.3115808099165323,0.5792095182699357,-0.18717937222150305,1.3115,0.49839185301195493,0.0,0.3057687282562256,0.0,0
corridor_position_only_1772866056,corridor_position_only,756,0.4632333679250773,-0.6718895590031966,1.3115808099188184,-0.3066270006572567,-0.1483783074306131,1.3115,0.9309935682737357,0.0,21.86543297767639,0.0,0
corridor_position_only_1772866056,corridor_position_only,757,0.46323320248807265,-0.6718814325841546,1.3115518713687393,-0.7608472295172096,-0.22923248140439412,1.3115,1.3016570211424434,0.5447672498084207,20.787034511566162,4.810065746307373,1
corridor_position_only_1772866056,corridor_position_only,758,0.2985247937993729,-0.23205430917260939,1.5870840344375692,0.4578716726584042,0.12575567909811725,1.3115,0.47892167997001306,0.0,0.05092668533325195,0.0,0
corridor_position_only_1772866056,corridor_position_only,759,0.29852479379937336,-0.23205430917260764,1.5870840344375687,0.6153626803560968,-0.6037136387619593,1.3115,0.5607704197489597,0.0,11.070135831832886,0.0,0
corridor_position_only_1772866056,corridor_position_only,760,0.29852479379937213,-0.232054309172608,1.5870840344375772,-0.016738485507689083,0.6040266500545625,1.3115,0.9350769303637853,0.0,12.224735975265503,0.0,0
corridor_position_only_1772866056,corridor_position_only,761,0.2985247937993736,-0.23205430917260733,1.587084034437583,-0.5174992002517989,0.5907095733929885,1.3115,1.1911264103186263,0.0,55.83660650253296,0.0,0
corridor_position_only_1772866056,corridor_position_only,762,0.2985247937993748,-0.23205430917260658,1.5870840344376167,0.5894880399421893,0.2250577841097099,1.3115,0.6079125236971342,0.0,0.05301356315612793,0.0,0
corridor_position_only_1772866056,corridor_position_only,763,0.29852479379937447,-0.23205430917260664,1.5870840344376158,-0.08493226570821055,-0.37988441442002957,1.3115,0.49481270854797244,0.0,0.7674431800842285,0.0,0
corridor_position_only_1772866056,corridor_position_only,764,0.298524793799375,-0.23205430917260653,1.5870840344376167,-0.3407660954740023,-0.3480276724311783,1.3115,0.7057543638762453,0.5333507680951837,10.583784341812134,7.415682315826416,1
corridor_position_only_1772866056,corridor_position_only,765,0.5290491147707082,-0.31420496663594244,1.6153007875648704,0.32340893150868144,-0.6372302122527363,1.3115,0.48880273403783797,0.0,14.730547666549683,0.0,0
corridor_position_only_1772866056,corridor_position_only,766,0.5290511955183608,-0.3142036138034604,1.6152966838676193,-0.2837696536108647,-0.6164999611226787,1.3115,0.9188869568726388,0.6798013056068386,111.7313642501831,7.2163355350494385,1
corridor_position_only_1772866056,corridor_position_only,767,0.792443108263172,-0.6576665038083381,1.6080058803850625,0.4123365534752399,-0.3755896137237382,1.3115,0.5585374669755572,0.6399397189287654,10.724368810653687,9.117305517196655,1
corridor_position_only_1772866056,corridor_position_only,768,0.4121115540811071,-0.3757047749288848,1.3114665528131069,-0.3757299834402349,0.18586011978420036,1.3115,0.9674964704518694,0.0,25.454881191253662,0.0,0
corridor_position_only_1772866056,corridor_position_only,769,0.412109325951554,-0.3756812705683766,1.3114427844004322,-0.2528175446685492,-0.3705137473281736,1.3115,0.664946952653147,0.0,29.90120506286621,0.0,0
corridor_position_only_1772866056,corridor_position_only,770,0.4121115540955942,-0.3757047749270118,1.3114665528191445,1.00342625072617,-0.5974854247492369,1.3115,0.6315375904929114,0.6303199517985282,4.810038328170776,2.4080283641815186,1
corridor_position_only_1772866056,corridor_position_only,771,1.0020351620895147,-0.5976627655530313,1.3115098386614839,0.5868128225595588,0.47023351531610824,1.3115,1.145780108936994,1.2248654341324454,7.467421293258667,12.834664583206177,1
corridor_position_only_1772866056,corridor_position_only,772,0.5863744916789096,0.47016771094382576,1.310856222943737,0.5166586761354328,0.19147373060414052,1.3115,0.28728216802190687,0.0,0.3515634536743164,0.0,0
corridor_position_only_1772866056,corridor_position_only,773,0.5863744916830017,0.47016771093667714,1.3108562229471725,0.28235944458604956,-0.39523848516721755,1.3115,0.9172532079885404,0.0,0.4517030715942383,0.0,0
corridor_position_only_1772866056,corridor_position_only,774,0.5863744916830007,0.4701677109366825,1.3108562229471734,-0.0821120004326944,0.4108874075569223,1.3115,0.6711100945141844,0.0,57.38620853424072,0.0,0
corridor_position_only_1772866056,corridor_position_only,775,0.5863744916830009,0.4701677109366805,1.3108562229471732,1.063427783697986,-0.6029988794005848,1.3115,1.1744218954393435,1.199359580213767,11.677064180374146,4.410165548324585,1
corridor_position_only_1772866056,corridor_position_only,776,1.0632168799910247,-0.603198773594422,1.311485208780741,-0.6894162925921903,0.28528009645514196,1.3115,1.9649727072869065,1.8480246028961296,20.701860666275024,12.224498271942139,1
corridor_position_only_1772866056,corridor_position_only,777,0.35394864838489615,0.30500107938753995,1.5782926909264767,-0.3602335252479161,-0.1461298396849181,1.3115,0.8858632079558556,0.6640874474410672,7.168210983276367,14.829955339431763,1
corridor_position_only_1772866056,corridor_position_only,778,0.6889248830470435,-0.14470994523855457,1.5745458925761422,0.2952978071586698,0.09966277503525889,1.3115,0.5327789812742563,0.8266544765451767,2.9108974933624268,6.223736763000488,1
corridor_position_only_1772866056,corridor_position_only,779,0.2947553905783322,0.09986814536673028,1.3115582819065623,0.5422524977354473,-0.6174280977801392,1.3115,0.7587942553028021,0.7588206861134783,8.774334907531738,2.605901002883911,1
corridor_position_only_1772866056,corridor_position_only,780,0.5433686959109754,-0.6170002788273109,1.3114963120598733,0.5911492847400546,-0.7241136087884116,1.3115,0.11728704164488955,0.11716590728234401,7.766883373260498,3.006775379180908,1
corridor_position_only_1772866056,corridor_position_only,781,0.5899759611961638,-0.7244075343827814,1.3118502597690633,-0.3362618578307204,-0.40285287563543604,1.3115,0.980466225139707,0.9793589321521314,9.467815399169922,3.006535291671753,1
corridor_position_only_1772866056,corridor_position_only,782,-0.33508409165562425,-0.40292142946825,1.311851420939096,0.5792777470261792,0.09064938976175774,1.3115,1.0390716284884434,1.059078178009407,4.007984638214111,4.509272575378418,1
corridor_position_only_1772866056,corridor_position_only,783,0.578658703030591,0.09094626628828491,1.3115981409872517,1.0128545875703923,0.4090877797003162,1.3115,0.5382751139882388,0.0,7.264623641967773,0.0,0
corridor_position_only_1772866056,corridor_position_only,784,0.5786510904929394,0.09094507067362542,1.3116051351959528,0.9756322271191329,0.004804949440220696,1.3115,0.40621934269128496,0.0,10.085138320922852,0.0,0
corridor_position_only_1772866056,corridor_position_only,785,0.5786578107150003,0.0909363177466069,1.3115841617833013,0.599391120449855,0.27089849846843095,1.3115,0.18115259784480497,0.0,0.35341930389404297,0.0,0
corridor_position_only_1772866056,corridor_position_only,786,0.5786562803824702,0.09094342158687352,1.31160631647959,-0.1374541560314867,0.522133320028653,1.3115,0.8359060335722034,0.8356595802976979,11.130225896835327,2.8067467212677,1
corridor_position_only_1772866056,corridor_position_only,787,-0.13727804303372731,0.521921357326451,1.3106166516328543,-0.3401323344944924,-0.23675118403462048,1.3115,0.7853245627660282,0.0,0.4517834186553955,0.0,0
corridor_position_only_1772866056,corridor_position_only,788,-0.1372828763558059,0.5219035010796427,1.3105800294507377,0.6876010870231237,-0.1187293887050418,1.3115,1.0444352056778912,0.0,0.05100393295288086,0.0,0
corridor_position_only_1772866056,corridor_position_only,789,-0.13727449255369742,0.5219127859766066,1.3106081455089655,0.5252233656218699,-0.1554757674916145,1.3115,0.9475016938567532,0.0,0.051320791244506836,0.0,0
corridor_position_only_1772866056,corridor_position_only,790,-0.13727804303367125,0.5219213573258792,1.310616651632039,0.9827081917514127,-0.6550552797597549,1.3115,1.6246981106217293,0.0,20.541056394577026,0.0,0
corridor_position_only_1772866056,corridor_position_only,791,-0.13727987188537424,0.5219145125610567,1.3106010207402834,0.006848358831640811,-0.7128910862631377,1.3115,1.2431888923011274,0.0,9.713422298431396,0.0,0
corridor_position_only_1772866056,corridor_position_only,792,-0.13727634904355676,0.5219058679824538,1.3105877726923494,-0.7616590146973758,-0.06823446782753106,1.3115,0.8591391978472123,0.0,0.6532738208770752,0.0,0
corridor_position_only_1772866056,corridor_position_only,793,-0.1372843059545985,0.521920488260863,1.310610082844323,0.6421215230456496,-0.18011197266138612,1.3115,1.0489632092788848,0.0,0.051880598068237305,0.0,0
corridor_position_only_1772866056,corridor_position_only,794,-0.13728010602460705,0.521920040941299,1.3106105575632596,-0.5568863356430278,-0.5225243679913348,1.3115,1.1255817617539272,1.12591551444225,7.768284559249878,3.907357931137085,1
corridor_position_only_1772866056,corridor_position_only,795,-0.5577229574115008,-0.5223717762167287,1.3110459170582338,0.4434828210481352,0.4684429006729801,1.3115,1.4085904092220498,0.0,9.217364072799683,0.0,0
corridor_position_only_1772866056,corridor_position_only,796,-0.5577229574375213,-0.5223717762702851,1.3110459170889892,-0.6541240467191944,-0.3456564487893649,1.3115,0.201299983041907,0.0,0.6023211479187012,0.0,0
corridor_position_only_1772866056,corridor_position_only,797,-0.557722957439052,-0.5223717762738034,1.3110459170904245,0.1477412175446713,-0.0071490583553298626,1.3115,0.8735756163241125,0.0,0.05102682113647461,0.0,0
corridor_position_only_1772866056,corridor_position_only,798,-0.5577229574391779,-0.5223717762740953,1.3110459170905435,0.7691971950498533,0.34148837359124806,1.3115,1.5833419263690882,0.0,0.05118203163146973,0.0,0
corridor_position_only_1772866056,corridor_position_only,799,-0.5577229574393057,-0.5223717762743887,1.311045917090663,1.015479363698967,-0.29405574725072386,1.3115,1.589683603279367,0.0,6.6633827686309814,0.0,0
corridor_position_only_1772866056,corridor_position_only,800,-0.5577229574562995,-0.5223717763134377,1.311045917106604,0.9923014504417409,0.4610629011375361,1.3115,1.835679611501976,0.0,12.229361295700073,0.0,0
corridor_position_only_1772866056,corridor_position_only,801,-0.5577229574870275,-0.522371776383872,1.3110459171354014,0.2237816980840477,-0.05169598271418396,1.3115,0.9122967914100671,0.0,0.05244636535644531,0.0,0
corridor_position_only_1772866056,corridor_position_only,802,-0.5577229574871566,-0.5223717763841675,1.3110459171355227,0.46869663189973165,0.40828610704637824,1.3115,1.3855184862208876,0.0,13.1368088722229,0.0,0
corridor_position_only_1772866056,corridor_position_only,803,-0.5577229575209941,-0.5223717764614749,1.3110459171671915,-0.0024845883230601995,0.09589124139119343,1.3115,0.830986770090288,0.9769860205079648,10.01950979232788,4.911183834075928,1
corridor_position_only_1772866056,corridor_position_only,804,-0.003218252392329757,0.09537975003240692,1.3119042417288496,-0.5177200471247456,0.21048673736095558,1.3115,0.5272209012606641,0.0,0.4515819549560547,0.0,0
corridor_position_only_1772866056,corridor_position_only,805,-0.0032182523923688366,0.09537975003221166,1.3119042417302174,-0.5454061405366584,-0.7402628062089974,1.3115,0.9961256704166815,0.9959845049816122,22.60808491706848,3.2075726985931396,1
corridor_position_only_1772866056,corridor_position_only,806,-0.5448719888834347,-0.7398291165582405,1.310844367576839,0.14759789952808022,-0.5212875113499028,1.3115,0.7261373213226043,0.7251971917527404,7.319615602493286,2.405784845352173,1
corridor_position_only_1772866056,corridor_position_only,807,0.14684874627957,-0.5220100054523223,1.31239540595468,-0.5444871132549325,0.48103550506684367,1.3115,1.2182144181558463,1.218576839422425,9.12109375,3.813732385635376,1
corridor_position_only_1772866056,corridor_position_only,808,-0.5445183921670556,0.4813528369256944,1.3120415794882638,-0.6642052497579977,-0.437475567276014,1.3115,0.9265909958315992,0.0,8.78619933128357,0.0,0
corridor_position_only_1772866056,corridor_position_only,809,-0.5445183921664455,0.4813528369224096,1.31204157950835,-0.3867117133225697,-0.6636760132246889,1.3115,1.1558522002683926,1.1560413585376395,11.872200012207031,4.008484840393066,1
corridor_position_only_1772866056,corridor_position_only,810,-0.3868105731180903,-0.6634032043351605,1.3111571126475359,-0.4378441241585326,0.5758514909282876,1.3115,1.2403050998186034,1.2412217369369605,10.971014261245728,5.414741516113281,1
corridor_position_only_1772866056,corridor_position_only,811,-0.4380041528342604,0.5758950672314959,1.3113264484156797,-0.048933744816775926,-0.1536304858669817,1.3115,0.8267909924150625,0.0,0.6687214374542236,0.0,0
corridor_position_only_1772866056,corridor_position_only,812,-0.438004347223395,0.5758912192654182,1.3113178428398788,0.518653562632386,-0.5070925708127123,1.3115,1.4450080550788826,0.0,9.879493474960327,0.0,0
corridor_position_only_1772866056,corridor_position_only,813,-0.4380043472235064,0.5758912192658829,1.3113178428409387,0.8523844471459194,0.12456959775404919,1.3115,1.36703858023813,0.0,0.05286741256713867,0.0,0
corridor_position_only_1772866056,corridor_position_only,814,-0.4380043472235069,0.5758912192658835,1.3113178428409378,0.3273742966390014,-0.5819618335953592,1.3115,1.3879582823997783,0.0,9.221629858016968,0.0,0
corridor_position_only_1772866056,corridor_position_only,815,-0.4380043472235098,0.5758912192658843,1.3113178428409413,0.4986899684022992,-0.4596095955891263,1.3115,1.3963016191612483,1.396004252850684,11.172136306762695,4.309953212738037,1
corridor_position_only_1772866056,corridor_position_only,816,0.49775531316291155,-0.4596418517655646,1.3118623278100998,-0.4680449281032409,-0.0452758421206374,1.3115,1.050937404063753,0.0,154.04400539398193,0.0,0
corridor_position_only_1772866056,corridor_position_only,817,0.4977553131639605,-0.45964185176837946,1.3118623278101196,0.698246581101315,-0.64813092472374,1.3115,0.2751817770568053,0.0,7.531632900238037,0.0,0
corridor_position_only_1772866056,corridor_position_only,818,0.4977553131639606,-0.45964185176837863,1.3118623278101196,0.37254123701011155,0.2031798586690211,1.3115,0.6745452660686783,0.0,0.40225791931152344,0.0,0
corridor_position_only_1772866056,corridor_position_only,819,0.49775531316395993,-0.45964185176837924,1.3118623278101196,0.5608653387874356,-0.007007832496427002,1.3115,0.4570126497351247,0.0,0.3516976833343506,0.0,0
corridor_position_only_1772866056,corridor_position_only,820,0.4977553131639604,-0.45964185176837924,1.3118623278101194,0.7984724645555845,-0.07647993718811175,1.3115,0.48707698488776,0.0,0.051180362701416016,0.0,0
corridor_position_only_1772866056,corridor_position_only,821,0.49775531316395977,-0.4596418517683793,1.3118623278101196,0.021464932023983252,-0.49095042214168094,1.3115,0.477318431476018,0.4775692347968038,3.3621201515197754,2.007162570953369,1
corridor_position_only_1772866056,corridor_position_only,822,0.021238966219522232,-0.49093381630822375,1.3114572589633773,0.05122593666981712,-0.638988574676352,1.3115,0.15106101978679973,0.1517542420807679,9.069868803024292,1.50421142578125,1
corridor_position_only_1772866056,corridor_position_only,823,0.052600587369223656,-0.639345467827545,1.3115361234939256,0.9143161245786253,-0.4634284518083033,1.3115,0.8794887520020416,0.8785342410672066,7.621531963348389,2.417581081390381,1
corridor_position_only_1772866056,corridor_position_only,824,0.9132933971216488,-0.4635114828613469,1.3122241547471023,-0.1011994109438692,0.0013795649036320023,1.3115,1.1159390074322062,0.0,136.48563623428345,0.0,0
corridor_position_only_1772866056,corridor_position_only,825,0.9132895356755457,-0.46350864894112537,1.3122198841170944,0.4119662907700534,-0.6411791493821326,1.3115,0.5318762269952213,0.5325915960601327,13.68068552017212,1.8042206764221191,1
corridor_position_only_1772866056,corridor_position_only,826,0.41117046495335713,-0.6409960627504059,1.3110994079147056,-0.013858034678332576,0.627128554262654,1.3115,1.3374563283515855,0.0,12.62587285041809,0.0,0
corridor_position_only_1772866056,corridor_position_only,827,0.41117046483900427,-0.640996062539757,1.3110994079654055,-0.4367393520567793,-0.26138478589081365,1.3115,0.9290080405579167,0.0,244.65269827842712,0.0,0
corridor_position_only_1772866056,corridor_position_only,828,0.41117046483893527,-0.640996062539723,1.311099407965349,-0.1405039367361356,-0.10513627387830493,1.3115,0.7690842079586931,0.0,0.5520057678222656,0.0,0
corridor_position_only_1772866056,corridor_position_only,829,0.41117046483893593,-0.6409960625397222,1.3110994079653504,0.5317735286641838,-0.7315083011011984,1.3115,0.15079033393233338,0.15212032334735617,6.263747692108154,1.7069482803344727,1
corridor_position_only_1772866056,corridor_position_only,830,0.5329242653012742,-0.7318679625727297,1.311765212924675,0.08626692773225886,-0.7356992844316926,1.3115,0.4466738480920097,0.4462456661982468,13.858575820922852,2.2056586742401123,1
corridor_position_only_1772866056,corridor_position_only,831,0.08672124061151243,-0.7356172538055374,1.3113137990910113,0.21396678105324107,-0.6516793903834021,1.3115,0.15243696122974626,0.15223995351057187,6.4115824699401855,2.011164665222168,1
corridor_position_only_1772866056,corridor_position_only,832,0.21394890737075933,-0.652044136558469,1.3114527273211283,0.6768446747270751,0.28990036755188486,1.3115,1.0495389189995763,0.0,0.05110979080200195,0.0,0
corridor_position_only_1772866056,corridor_position_only,833,0.21394890733600186,-0.6520441365735689,1.3114527273767722,-0.5948768049404534,0.17917036842369227,1.3115,1.159791614210095,0.0,0.7021346092224121,0.0,0
corridor_position_only_1772866056,corridor_position_only,834,0.2139489073352041,-0.6520441367623775,1.3114527273019112,-0.5362958460074426,-0.4751040753370026,1.3115,0.7708274628541022,0.77159831075636,11.821606874465942,2.505460262298584,1
corridor_position_only_1772866056,corridor_position_only,835,-0.537108627701447,-0.47522699726998774,1.3121299683225633,0.92710886460404,0.29947485127922724,1.3115,1.6565313808615358,0.0,0.051839590072631836,0.0,0
corridor_position_only_1772866056,corridor_position_only,836,-0.5371026562651515,-0.4752201000136375,1.3121161470015323,0.8892515452490997,0.052280480699406384,1.3115,1.5207707093664986,0.0,9.323509216308594,0.0,0
corridor_position_only_1772866056,corridor_position_only,837,-0.5371032979440014,-0.4752260724000098,1.3121309994357984,0.06631185827011554,0.2413296318304281,1.3115,0.93678296641985,0.0,7.500293254852295,0.0,0
corridor_position_only_1772866056,corridor_position_only,838,-0.5371026562784572,-0.4752201000186925,1.312116147033064,-0.2509952660992084,-0.4111781371378468,1.3115,0.29318797956597553,0.2933780382158913,2.2613673210144043,2.8059985637664795,1
corridor_position_only_1772866056,corridor_position_only,839,-0.25075270609838274,-0.4115959699886313,1.312270808240212,0.9263359345171644,-0.046300045381000965,1.3115,1.2324688128088448,0.0,0.051094770431518555,0.0,0
corridor_position_only_1772866056,corridor_position_only,840,-0.2507633683255873,-0.4115678032822642,1.3122646013247512,0.5067814796633678,-0.21703449766440308,1.3115,0.7821240236205554,0.0,0.4018685817718506,0.0,0
corridor_position_only_1772866056,corridor_position_only,841,-0.2507695163100858,-0.41157804733381276,1.3122729959891917,0.7051505549729924,-0.3693461418390514,1.3115,0.9568528173373182,0.0,0.05099129676818848,0.0,0
corridor_position_only_1772866056,corridor_position_only,842,-0.25075270602813104,-0.41159597019258976,1.312270808192483,0.9882337262704779,0.1313782628268565,1.3115,1.3527412876409004,0.0,4.8596367835998535,0.0,0
corridor_position_only_1772866056,corridor_position_only,843,-0.2507695163100705,-0.41157804733379494,1.3122729959891937,-0.4945835083880026,0.21143667751998207,1.3115,0.6690240710470772,0.6686493404824648,4.408308029174805,2.9068284034729004,1
corridor_position_only_1772866056,corridor_position_only,844,-0.4940419353925125,0.21115674147658572,1.3109006819364635,-0.34849337663394175,0.16654533014677553,1.3115,0.1522331112461278,0.15249240248429907,2.656825542449951,2.205629825592041,1
corridor_position_only_1772866056,corridor_position_only,845,-0.34845101387237065,0.16597048961881086,1.3111722968005481,0.6350073379048093,-0.4850694145788456,1.3115,1.179425026836114,0.0,0.10175943374633789,0.0,0
corridor_position_only_1772866056,corridor_position_only,846,-0.3484459906854822,0.16597959539990803,1.3111727684520051,-0.14293582225959567,-0.1489562849218008,1.3115,0.37605736945435864,0.0,0.5523276329040527,0.0,0
corridor_position_only_1772866056,corridor_position_only,847,-0.34844917788451457,0.1659579824711975,1.3111613215163684,-0.8062533675208123,0.4650012515541143,1.3115,0.5468195932256454,0.5464683570080842,4.2088868618011475,2.306029796600342,1
corridor_position_only_1772866056,corridor_position_only,848,-0.8058484576564293,0.46487009805313334,1.3110019725278463,-0.7957429864496395,0.17324831565397425,1.3115,0.2917972456164327,0.2917301423260843,4.909576892852783,2.7111072540283203,1
corridor_position_only_1772866056,corridor_position_only,849,-0.7968390208840859,0.173318994575082,1.3119348563260291,0.887250250467259,-0.2960506903709585,1.3115,1.7482747965142873,0.0,0.0524592399597168,0.0,0
corridor_position_only_1772866056,corridor_position_only,850,-0.7968390410420956,0.17331879136601183,1.3119348942896112,0.762973846293665,0.4178532318156848,1.3115,1.5788646316887969,0.0,0.05264139175415039,0.0,0
corridor_position_only_1772866056,corridor_position_only,851,-0.7968376631772048,0.1733169781748811,1.3119408172484872,-0.7396987785166769,-0.6125827548070257,1.3115,0.7879742614839194,0.0,16.9418888092041,0.0,0
corridor_position_only_1772866056,corridor_position_only,852,-0.7968393359291062,0.17332584259717526,1.3119297629973252,0.6099005136808135,0.365357782858846,1.3115,1.4197864118442025,0.0,0.2513725757598877,0.0,0
corridor_position_only_1772866056,corridor_position_only,853,-0.7968398682398502,0.17332207528959492,1.311934462958989,-0.3943539662208879,-0.6875579638947726,1.3115,0.9503207521401176,0.9497531950400686,8.66605830192566,2.6058619022369385,1
corridor_position_only_1772866056,corridor_position_only,854,-0.395800147159169,-0.68733836299897,1.3116659139588416,-0.8285518876808068,-0.24777353950759806,1.3115,0.6168397932226403,0.0,24.66454267501831,0.0,0
corridor_position_only_1772866056,corridor_position_only,855,-0.3958064144743404,-0.6873454094558908,1.31168330698099,-0.2530740253850783,0.156065915546997,1.3115,0.8554035489987779,0.0,0.8606240749359131,0.0,0
corridor_position_only_1772866056,corridor_position_only,856,-0.39580142329743795,-0.6873442839136338,1.311683703240534,0.6419484119169989,0.11402299860314857,1.3115,1.3111499821617678,0.0,0.30590105056762695,0.0,0
corridor_position_only_1772866056,corridor_position_only,857,-0.39580641447451614,-0.6873454094558025,1.3116833069804728,0.7861711023603526,0.1082289988498808,1.3115,1.4247840268109093,0.0,18.95885944366455,0.0,0
corridor_position_only_1772866056,corridor_position_only,858,-0.3958014232868021,-0.6873442839052835,1.311683703211997,0.8403066952930975,0.06345076001193839,1.3115,1.446256032843657,0.0,13.235281467437744,0.0,0
corridor_position_only_1772866056,corridor_position_only,859,-0.39580142327924994,-0.6873442838993581,1.3116837031917417,0.6268391911299018,-0.13528831131014007,1.3115,1.1621358168722868,0.0,0.20144891738891602,0.0,0
corridor_position_only_1772866056,corridor_position_only,860,-0.395800147182397,-0.6873383630293614,1.3116659140744071,-0.419368833357705,0.07707447884378149,1.3115,0.7647761131965909,0.0,0.5019078254699707,0.0,0
corridor_position_only_1772866056,corridor_position_only,861,-0.39580641447984477,-0.6873454094531102,1.311683306964563,-0.19534373879491818,-0.01797116141139099,1.3115,0.698746879696518,0.6992310762740742,11.632336854934692,2.61295485496521,1
corridor_position_only_1772866056,corridor_position_only,862,-0.1954150826465152,-0.017540937493036077,1.3101365400325669,1.0715756933942486,0.1494252694180327,1.3115,1.277945695186509,0.0,0.15314698219299316,0.0,0
corridor_position_only_1772866056,corridor_position_only,863,-0.19541508266403784,-0.017540937379400448,1.3101365400458036,0.302639590136226,-0.6696998521372546,1.3115,0.820592204581159,0.8189786756292001,17.00717067718506,3.608067512512207,1
corridor_position_only_1772866056,corridor_position_only,864,0.30114563954416185,-0.6687758476695395,1.3109762633142445,0.46986765871746305,-0.23032952228764492,1.3115,0.4697899257060734,0.0,0.5049803256988525,0.0,0
corridor_position_only_1772866056,corridor_position_only,865,0.3013191324397877,-0.66897882863742,1.3109767682742075,0.11871242239924107,0.20627458378083063,1.3115,0.8940995583675586,0.8941817610683183,11.521112442016602,2.9071285724639893,1
corridor_position_only_1772866056,corridor_position_only,866,0.11817581988926507,0.20581207903466717,1.3107284653796172,-0.3273787609384131,-0.5283721746245814,1.3115,0.8588049825678623,0.8587652343548948,8.467517614364624,2.6057629585266113,1
corridor_position_only_1772866056,corridor_position_only,867,-0.3276129685963628,-0.5280523504970756,1.3109099303742977,-0.5175163876067244,0.2258611860139541,1.3115,0.7774633607241924,0.7778457223395633,6.522530555725098,2.7247917652130127,1
corridor_position_only_1772866056,corridor_position_only,868,-0.518749753538153,0.22567469474038893,1.311655561063107,0.7866615521044387,-0.5097931391353075,1.3115,1.49833628927706,1.4977459627613314,9.139566421508789,3.508626937866211,1
corridor_position_only_1772866056,corridor_position_only,869,0.7854848636632041,-0.5100495051086466,1.3115344028534985,0.33542029665248485,0.2183047686607953,1.3115,0.8561881007000235,0.0,0.3519866466522217,0.0,0
corridor_position_only_1772866056,corridor_position_only,870,0.7854884952905307,-0.5100511069948028,1.311533689266622,1.0315437312129305,-0.0066252016571894945,1.3115,0.5603399168583211,0.0,0.051397085189819336,0.0,0
corridor_position_only_1772866056,corridor_position_only,871,0.7855072209222094,-0.5100569019454203,1.3115418115693394,-0.5683843530827866,0.043762337979898924,1.3115,1.4627843813841432,0.0,73.70631074905396,0.0,0
corridor_position_only_1772866056,corridor_position_only,872,0.7854826307954498,-0.5100517584400265,1.3115363159454785,0.28288417407720745,0.0715624080181434,1.3115,0.7686873542860183,0.0,0.761662483215332,0.0,0
corridor_position_only_1772866056,corridor_position_only,873,0.7854647634799146,-0.5100476048217721,1.3115333267692688,-0.8100838570307366,-0.16133751193350654,1.3115,1.6332097631370743,0.0,149.70773029327393,0.0,0
corridor_position_only_1772866056,corridor_position_only,874,0.7854864974174871,-0.5100515350204307,1.3115360629636017,0.873088497177801,0.47012495789672426,1.3115,0.9840833648273488,0.0,21.65695858001709,0.0,0
corridor_position_only_1772866056,corridor_position_only,875,0.7854826307775505,-0.5100517584281878,1.3115363159253457,0.8374597197532845,0.4744923801203481,1.3115,0.9859151991157843,0.0,0.05091404914855957,0.0,0
corridor_position_only_1772866056,corridor_position_only,876,0.785498912549349,-0.5100546377701523,1.3115395873564082,-0.3051182540264423,0.35982778917292546,1.3115,1.395041663285131,0.0,23.98336100578308,0.0,0
corridor_position_only_1772866056,corridor_position_only,877,0.7854716921753083,-0.5100479207045647,1.3115295625444638,0.905579145997627,0.11249435316455625,1.3115,0.6340226211199094,0.0,12.200114011764526,0.0,0
corridor_position_only_1772866056,corridor_position_only,878,0.7854672099394618,-0.5100451305928312,1.3115280832485727,0.8065228783924627,-0.6572705497459671,1.3115,0.14872345479946364,0.14863209371765124,7.7651636600494385,2.506890296936035,1
corridor_position_only_1772866056,corridor_position_only,879,0.8072644115096386,-0.6570531175187515,1.3111630307784918,1.0601300905555178,0.3795221485915038,1.3115,1.06697209312106,0.0,0.10138154029846191,0.0,0
corridor_position_only_1772866056,corridor_position_only,880,0.8072644114992176,-0.6570531174911242,1.3111630307825233,-0.7043248905105854,-0.21318890788667988,1.3115,1.5754103491048024,0.0,410.6757516860962,0.0,0
corridor_position_only_1772866056,corridor_position_only,881,0.8072644115017169,-0.6570531175048675,1.3111630307838051,-0.4183970299113334,-0.09844669202062684,1.3115,1.3469547954951009,0.0,212.92503786087036,0.0,0
corridor_position_only_1772866056,corridor_position_only,882,0.8072644115016598,-0.657053117504837,1.3111630307837223,-0.5410326614154786,-0.5406433756794271,1.3115,1.3533130969502345,0.0,813.9868168830872,0.0,0
corridor_position_only_1772866056,corridor_position_only,883,0.8072644115014466,-0.6570531175047214,1.3111630307834086,1.0451032241642717,-0.13879657153813363,1.3115,0.5702256235862548,0.0,0.05151867866516113,0.0,0
corridor_position_only_1772866056,corridor_position_only,884,0.8072644115014465,-0.6570531175047216,1.3111630307834083,-0.2263647344424471,-0.3316472445288514,1.3115,1.0836412261722714,0.0,441.72290873527527,0.0,0
corridor_position_only_1772866056,corridor_position_only,885,0.8072644115013309,-0.6570531175046597,1.3111630307832411,-0.3646902130647699,-0.25479066559687824,1.3115,1.239069342613634,0.0,236.65895915031433,0.0,0
corridor_position_only_1772866056,corridor_position_only,886,0.8072644115012695,-0.6570531175046254,1.3111630307831494,-0.45577524558329024,0.3685984817607634,1.3115,1.627031189618744,0.0,25.291195392608643,0.0,0
corridor_position_only_1772866056,corridor_position_only,887,0.8072644115012624,-0.6570531175046223,1.3111630307831408,0.8407539831228337,-0.5301326224889098,1.3115,0.13126491157458245,0.0,6.6161041259765625,0.0,0
corridor_position_only_1772866056,corridor_position_only,888,0.8072644115012609,-0.6570531175046217,1.3111630307831386,-0.27360452864594087,0.0311230928008156,1.3115,1.281352518143833,0.0,26.659538984298706,0.0,0
corridor_position_only_1772866056,corridor_position_only,889,0.8072644115012545,-0.6570531175046181,1.3111630307831281,0.2779455855865929,-0.04843096322432694,1.3115,0.8065974582756331,0.0,0.5587441921234131,0.0,0
corridor_position_only_1772866056,corridor_position_only,890,0.8072644115012544,-0.6570531175046178,1.311163030783129,-0.3306446917999506,-0.07271564632052674,1.3115,1.2791745467893831,0.0,230.7811553478241,0.0,0
corridor_position_only_1772866056,corridor_position_only,891,0.8072644115011935,-0.657053117504585,1.3111630307830389,-0.2655894063391301,0.38695178416867704,1.3115,1.4969841892019464,0.0,0.859229326248169,0.0,0
corridor_position_only_1772866056,corridor_position_only,892,0.8072644115011933,-0.6570531175045851,1.3111630307830389,0.03561108262851009,0.2531583488349892,1.3115,1.1932870094677912,0.0,0.7171168327331543,0.0,0
corridor_position_only_1772866056,corridor_position_only,893,0.8072644115011915,-0.657053117504585,1.311163030783038,0.6671116841617806,0.4416668858063514,1.3115,1.1076229260016752,0.0,0.20476913452148438,0.0,0
corridor_position_only_1772866056,corridor_position_only,894,0.8072644115011933,-0.6570531175045848,1.311163030783037,0.7920942114664942,0.6165058539459877,1.3115,1.2736493639458177,0.0,12.66541314125061,0.0,0
corridor_position_only_1772866056,corridor_position_only,895,0.8072644115011899,-0.6570531175045831,1.3111630307830353,-0.4861799628726349,-0.07057465360334703,1.3115,1.4201955681410579,0.0,326.2877297401428,0.0,0
corridor_position_only_1772866056,corridor_position_only,896,0.8072644115011046,-0.6570531175045369,1.3111630307829083,0.08466447108769093,0.4087285985663941,1.3115,1.2876495849977276,0.0,0.6057267189025879,0.0,0
corridor_position_only_1772866056,corridor_position_only,897,0.8072644115011048,-0.6570531175045369,1.3111630307829085,-0.06671288451368396,-0.2920077127979616,1.3115,0.9471507667710365,0.0,351.7493028640747,0.0,0
corridor_position_only_1772866056,corridor_position_only,898,0.8072644115010117,-0.6570531175044871,1.3111630307827742,-0.6232639807735634,-0.47311999739184807,1.3115,1.4423047484239606,1.4418874944806648,12.976533651351929,4.011001348495483,1
corridor_position_only_1772866056,corridor_position_only,899,-0.6227033855826425,-0.4730745985185413,1.3122894982869906,0.25223554413935023,0.05297807719350267,1.3115,1.020906544045248,0.0,0.05149531364440918,0.0,0
corridor_position_only_1772866056,corridor_position_only,900,-0.6227419243608225,-0.47306915971446795,1.3122594423140364,-0.41748342946912026,0.016357955925252132,1.3115,0.5307264153980383,0.0,0.40180182456970215,0.0,0
corridor_position_only_1772866056,corridor_position_only,901,-0.6227219288085389,-0.4730708721293385,1.3122681495513868,-0.5930949370344178,0.041385570737440425,1.3115,0.5153094024976224,0.0,0.5522427558898926,0.0,0
corridor_position_only_1772866056,corridor_position_only,902,-0.6227446718310968,-0.47307007281762703,1.3122583074043077,-0.43951717575865806,-0.49178089046024526,1.3115,0.18418193462973045,0.18376443858727845,14.129456520080566,1.6043808460235596,1
corridor_position_only_1772866056,corridor_position_only,903,-0.43986810043607594,-0.4913528643425768,1.3118986957440755,0.9645593356553386,0.5896790458242923,1.3115,1.772299797721489,0.0,22.741839170455933,0.0,0
corridor_position_only_1772866056,corridor_position_only,904,-0.43986810043613206,-0.49135286428773983,1.3118986956957435,-0.13064538162166994,0.35308412984044624,1.3115,0.8992734210692052,0.0,0.20202040672302246,0.0,0
corridor_position_only_1772866056,corridor_position_only,905,-0.4398859493133557,-0.4913567151248,1.311888106453657,0.2305476934596684,0.4181960499555518,1.3115,1.1299414376213663,0.0,0.05114102363586426,0.0,0
corridor_position_only_1772866056,corridor_position_only,906,-0.43985422965903165,-0.4913557920625352,1.3119157571966014,0.46041946576550896,-0.44002714203942084,1.3115,0.9017358426061373,0.9013591192885777,12.074248313903809,3.4079155921936035,1
corridor_position_only_1772866056,corridor_position_only,907,0.4599689267483801,-0.43969854418989474,1.3120080592865824,-0.37815613566886386,-0.3812981458842526,1.3115,0.8401574167371287,0.0,227.74986100196838,0.0,0
corridor_position_only_1772866056,corridor_position_only,908,0.459966797769378,-0.4397013117371738,1.3120266016553785,0.697922919780505,0.11894995681459164,1.3115,0.6072187687863202,0.0,0.053494930267333984,0.0,0
corridor_position_only_1772866056,corridor_position_only,909,0.4599689266864997,-0.4396985433101438,1.3120080595154149,0.035397364472574466,-0.260424561782775,1.3115,0.46086921140158577,0.0,0.7699606418609619,0.0,0
corridor_position_only_1772866056,corridor_position_only,910,0.45996679776935046,-0.43970131173684024,1.3120266016547082,0.9519059869791033,-0.6879587704243457,1.3115,0.5510319491496207,0.5503064887476246,6.54549241065979,3.010838031768799,1
corridor_position_only_1772866056,corridor_position_only,911,0.9507301159499535,-0.6886495055058235,1.3117411492040754,-0.4009933324345899,0.5051890742822617,1.3115,1.803443066374975,0.0,14.631975173950195,0.0,0
corridor_position_only_1772866056,corridor_position_only,912,0.9507300622595761,-0.688649565690157,1.3117411294934902,0.6344609233463696,-0.530727711697232,1.3115,0.35350465108806767,0.0,9.217871189117432,0.0,0
corridor_position_only_1772866056,corridor_position_only,913,0.9507301170929406,-0.6886495015822003,1.3117411563115187,0.31007698866347244,0.6303922842661028,1.3115,1.4663927584166228,0.0,11.977805137634277,0.0,0
corridor_position_only_1772866056,corridor_position_only,914,0.9507301156428337,-0.6886495059204065,1.311741149103413,0.767210149607161,-0.5084467088086522,1.3115,0.2572016410785993,0.2566672312544488,24.887471437454224,1.7048325538635254,1
corridor_position_only_1772866056,corridor_position_only,915,0.7678207097954625,-0.5086448235931091,1.3118248805628825,-0.1983042957815374,-0.041462039250564686,1.3115,1.0731530114268844,0.0,236.75607681274414,0.0,0
corridor_position_only_1772866056,corridor_position_only,916,0.7678266319679182,-0.5086399077044358,1.3117983990497324,0.13753064692900718,-0.054247264284247754,1.3115,0.7770108057115745,0.0,0.608501672744751,0.0,0
corridor_position_only_1772866056,corridor_position_only,917,0.7678266319671951,-0.5086399077049193,1.3117983990495006,0.21939904451824943,-0.14094258539677462,1.3115,0.6602834456122941,0.0,31.256221055984497,0.0,0
corridor_position_only_1772866056,corridor_position_only,918,0.7678266319295869,-0.5086399077300359,1.3117983990373632,-0.8235061656840077,-0.12602073286400695,1.3115,1.6366849405972599,0.0,407.22553968429565,0.0,0
corridor_position_only_1772866056,corridor_position_only,919,0.7678207100750286,-0.5086448236001138,1.3118248807449553,0.5631538045320006,-0.589671218058742,1.3115,0.22012252127172816,0.2198088900243992,12.834381103515625,1.7068476676940918,1
corridor_position_only_1772866056,corridor_position_only,920,0.5635537615712072,-0.5895278942515692,1.3105029163070985,-0.5291308281963463,-0.22122140750885777,1.3115,1.1530872799004142,0.0,312.74985551834106,0.0,0
corridor_position_only_1772866056,corridor_position_only,921,0.5635471125878809,-0.5895341316838902,1.3105287727607615,0.6150254447363124,-0.5705818281979669,1.3115,0.054864850045881035,0.05354728690466055,10.771080255508423,1.203437089920044,1
corridor_position_only_1772866056,corridor_position_only,922,0.6136691360456252,-0.570789182857567,1.3114751276924945,0.46959318343974576,0.034383856351529074,1.3115,0.622087042240471,0.0,0.45177340507507324,0.0,0
corridor_position_only_1772866056,corridor_position_only,923,0.6136691360452283,-0.5707891828574898,1.3114751276926522,-0.7418605957301391,-0.7166803628525785,1.3115,1.3633580200174826,0.0,1173.288813829422,0.0,0
corridor_position_only_1772866056,corridor_position_only,924,0.6136626634157404,-0.5707950622293865,1.3115010935645537,0.6635337107368695,-0.4208992255841788,1.3115,0.15797431185375985,0.15827687344469044,8.925505876541138,2.60569429397583,1
corridor_position_only_1772866056,corridor_position_only,925,0.663706715232656,-0.42072284758642153,1.311427325428891,1.0326777873058903,0.1746505038069177,1.3115,0.7004349254982948,0.0,0.051555633544921875,0.0,0
corridor_position_only_1772866056,corridor_position_only,926,0.6637037715156182,-0.4207226789252589,1.311422761369337,0.3389208774492598,0.1892589564340844,1.3115,0.6910582679626835,0.0,5.011140584945679,0.0,0
corridor_position_only_1772866056,corridor_position_only,927,0.6637037714995341,-0.420722678933257,1.311422761346731,1.004274019468291,0.4727909317143101,1.3115,0.9562189457335398,0.0,11.732806921005249,0.0,0
corridor_position_only_1772866056,corridor_position_only,928,0.6637067151917011,-0.42072284760634227,1.3114273253703848,-0.3148370045466379,0.5806570802928562,1.3115,1.4001105587489693,0.0,21.34041118621826,0.0,0
corridor_position_only_1772866056,corridor_position_only,929,0.6637067151392678,-0.4207228476314487,1.311427325295457,0.5267798941845296,0.11257542926502173,1.3115,0.5505960513108754,0.0,0.45421314239501953,0.0,0
corridor_position_only_1772866056,corridor_position_only,930,0.6637037713940108,-0.4207226789852146,1.3114227611984721,-0.1991757659617821,-0.6345372603514327,1.3115,0.8889756898577096,0.8876671875047747,12.52878737449646,2.8077046871185303,1
corridor_position_only_1772866056,corridor_position_only,931,-0.19786502172783293,-0.6342857574865634,1.3118920596768806,-0.19240755628390915,0.4037016398112324,1.3115,1.03800181820116,0.0,18.927299976348877,0.0,0
corridor_position_only_1772866056,corridor_position_only,932,-0.19786502172783488,-0.6342857574877384,1.3118920596702375,-0.1346872976610306,0.5329383923465515,1.3115,1.168932758752798,0.0,11.221523523330688,0.0,0
corridor_position_only_1772866056,corridor_position_only,933,-0.19786502172783638,-0.6342857574877387,1.3118920596702361,-0.5503482593932534,0.07482243409032596,1.3115,0.7918832072401796,0.0,0.4523649215698242,0.0,0
corridor_position_only_1772866056,corridor_position_only,934,-0.19786502172783615,-0.6342857574877385,1.3118920596702357,0.012388193026387273,-0.05391432247887129,1.3115,0.6172824074923263,0.0,0.35202932357788086,0.0,0
corridor_position_only_1772866056,corridor_position_only,935,-0.1978650217278356,-0.6342857574877384,1.3118920596702357,0.43891281988655684,0.28911738617485494,1.3115,1.1216771099598268,0.0,0.05108928680419922,0.0,0
corridor_position_only_1772866056,corridor_position_only,936,-0.1978650217278345,-0.634285757487739,1.311892059670237,0.9194410740378249,0.3801183821985944,1.3115,1.5091019925633444,0.0,0.051073312759399414,0.0,0
corridor_position_only_1772866056,corridor_position_only,937,-0.19786502172783538,-0.6342857574877389,1.3118920596702375,-0.859367878880655,-0.4510974411334201,1.3115,0.6863994048517661,0.0,111.84603095054626,0.0,0
corridor_position_only_1772866056,corridor_position_only,938,-0.19786502172783582,-0.6342857574877403,1.311892059670237,-0.07543079406876418,0.4724223844274894,1.3115,1.113460015085732,0.0,13.280700922012329,0.0,0
corridor_position_only_1772866056,corridor_position_only,939,-0.19786502172783615,-0.6342857574877399,1.3118920596702348,-0.25089365234721583,0.20651068670374573,1.3115,0.8424671209852629,0.0,0.4520988464355469,0.0,0
corridor_position_only_1772866056,corridor_position_only,940,-0.1978650217278362,-0.6342857574877401,1.3118920596702344,-0.5070584695375142,-0.27294412893342174,1.3115,0.4755717762919789,0.0,11.55448842048645,0.0,0
corridor_position_only_1772866056,corridor_position_only,941,-0.19786502172783677,-0.6342857574877403,1.3118920596702341,-0.6353758527370846,0.2667881143205847,1.3115,1.0016736012378649,0.0,1.1332423686981201,0.0,0
corridor_position_only_1772866056,corridor_position_only,942,-0.1978650217278361,-0.6342857574877402,1.3118920596702357,0.10376841654405833,-0.33087959612637086,1.3115,0.42782961976299755,0.42749348444267377,4.219577312469482,2.408527374267578,1
corridor_position_only_1772866056,corridor_position_only,943,0.10294834146589016,-0.33088666926030746,1.3103193695946687,-0.5471482413656623,-0.5828148555604726,1.3115,0.6972049712601784,0.0,91.63570308685303,0.0,0
corridor_position_only_1772866056,corridor_position_only,944,0.10294834146727816,-0.33088666925664656,1.3103193696161237,-0.19127586524266726,0.2641421473238844,1.3115,0.6637985916401353,0.0,0.4049403667449951,0.0,0
corridor_position_only_1772866056,corridor_position_only,945,0.10294834146727905,-0.33088666925664634,1.3103193696161248,0.7541843762868972,0.03551562573610623,1.3115,0.747235176307726,0.0,0.05203509330749512,0.0,0
corridor_position_only_1772866056,corridor_position_only,946,0.10294834146727849,-0.3308866692566456,1.3103193696161246,-0.08115376894869519,-0.29398407415141387,1.3115,0.18776789521432935,0.0,5.015177011489868,0.0,0
corridor_position_only_1772866056,corridor_position_only,947,0.10294834146727871,-0.33088666925664634,1.3103193696161246,0.7145437481994692,-0.599479492130392,1.3115,0.6679763767703946,0.0,8.267621994018555,0.0,0
corridor_position_only_1772866056,corridor_position_only,948,0.10294834146727916,-0.33088666925664634,1.3103193696161226,-0.6377185727009411,0.6043007439814342,1.3115,1.1929645298626903,0.0,15.093162298202515,0.0,0
corridor_position_only_1772866056,corridor_position_only,949,0.10294834146727871,-0.3308866692566476,1.3103193696161204,0.3059875061727848,0.272202814380787,1.3115,0.6363514921538884,0.0,6.427307367324829,0.0,0
corridor_position_only_1772866056,corridor_position_only,950,0.10294834146727738,-0.3308866692566478,1.3103193696161162,0.18200249813578262,-0.6011138778056835,1.3115,0.2815558520345048,0.0,4.661502838134766,0.0,0
corridor_position_only_1772866056,corridor_position_only,951,0.10294834146727705,-0.3308866692566481,1.310319369616116,-0.28561921001666246,0.5462458111669083,1.3115,0.9593474470536251,0.0,3.7573037147521973,0.0,0
corridor_position_only_1772866056,corridor_position_only,952,0.1029483414672776,-0.33088666925664717,1.3103193696161153,-0.35833239720027954,0.5894002714644205,1.3115,1.0294218605681211,0.0,6.166964054107666,0.0,0
corridor_position_only_1772866056,corridor_position_only,953,0.10294834146727705,-0.3308866692566479,1.3103193696161135,-0.7732072375467419,-0.670500535700906,1.3115,0.939674183324578,0.0,371.2762486934662,0.0,0
corridor_position_only_1772866056,corridor_position_only,954,0.10294834146727183,-0.33088666925664967,1.3103193696160254,-0.4240341371964385,0.10059520089086971,1.3115,0.6810936286390089,0.0,0.9240813255310059,0.0,0
corridor_position_only_1772866056,corridor_position_only,955,0.10294834146727228,-0.3308866692566499,1.3103193696160265,-0.16104826348030776,0.3885607593646395,1.3115,0.7663551421252014,0.0,4.928059101104736,0.0,0
corridor_position_only_1772866056,corridor_position_only,956,0.10294834146727316,-0.3308866692566491,1.3103193696160265,-0.17767652529799915,-0.24484283952780406,1.3115,0.29352214630166645,0.0,0.40430140495300293,0.0,0
corridor_position_only_1772866056,corridor_position_only,957,0.10294834146727194,-0.3308866692566498,1.3103193696160251,-0.4586443213130312,-0.6266382182633284,1.3115,0.6347099270663921,0.0,55.52959728240967,0.0,0
corridor_position_only_1772866056,corridor_position_only,958,0.10294834146727161,-0.33088666925665056,1.3103193696160123,0.7936810640185619,-0.43901803108310805,1.3115,0.6991462502950764,0.0,0.05115461349487305,0.0,0
corridor_position_only_1772866056,corridor_position_only,959,0.10294834146727083,-0.3308866692566504,1.3103193696160105,0.7594219965044655,-0.21454438160517242,1.3115,0.6667042684293963,0.0,0.05120372772216797,0.0,0
corridor_position_only_1772866056,corridor_position_only,960,0.10294834146727128,-0.3308866692566504,1.310319369616011,0.9753237690270764,-0.5799834658710686,1.3115,0.90724279803249,0.0,3.707110643386841,0.0,0
corridor_position_only_1772866056,corridor_position_only,961,0.10294834146727161,-0.3308866692566501,1.3103193696160116,0.1805760066251012,-0.6981264504821026,1.3115,0.3753565041403678,0.0,16.233039617538452,0.0,0
corridor_position_only_1772866056,corridor_position_only,962,0.1029483414672705,-0.33088666925664995,1.3103193696160065,-0.5534643146653071,0.1589067952099027,1.3115,0.8190095279380316,0.0,3.507310152053833,0.0,0
corridor_position_only_1772866056,corridor_position_only,963,0.10294834146727094,-0.33088666925665067,1.3103193696160056,0.5436409939119007,-0.6489490781742929,1.3115,0.5434842258734657,0.5427437834506462,11.770018339157104,2.711029052734375,1
corridor_position_only_1772866056,corridor_position_only,964,0.5430838803691933,-0.6484564104973143,1.3108388176549808,0.3415613460333635,0.5464744853862485,1.3115,1.2118051060068706,0.0,16.49179720878601,0.0,0
corridor_position_only_1772866056,corridor_position_only,965,0.5430838803656368,-0.6484564105005111,1.3108388176546635,-0.1700515817195658,0.013611483351730125,1.3115,0.9730860807325895,0.0,0.5517556667327881,0.0,0
corridor_position_only_1772866056,corridor_position_only,966,0.5430838803655154,-0.6484564105006251,1.3108388176546515,0.7416779313351987,0.09765582162182629,1.3115,0.7720903426189124,0.0,0.10109400749206543,0.0,0
corridor_position_only_1772866056,corridor_position_only,967,0.5430838803654937,-0.648456410500645,1.3108388176546486,-0.6631571013015777,-0.25537058288947473,1.3115,1.2686741941428432,0.0,361.22823667526245,0.0,0
corridor_position_only_1772866056,corridor_position_only,968,0.5430838802869937,-0.6484564105738349,1.3108388176461387,0.43147277175779064,-0.6466714161329129,1.3115,0.1116273394575752,0.11119920628799743,11.474996566772461,1.4033291339874268,1
corridor_position_only_1772866056,corridor_position_only,969,0.4319289933260566,-0.6466910515573019,1.3125350050694573,-0.5621972180620911,0.3937131537389761,1.3115,1.4390027469753577,0.0,12.351747989654541,0.0,0
corridor_position_only_1772866056,corridor_position_only,970,0.43193359349301763,-0.6466759208039503,1.312509181385233,-0.5396203542707609,0.46519971634222335,1.3115,1.4765451311563969,0.0,14.573360204696655,0.0,0
corridor_position_only_1772866056,corridor_position_only,971,0.4319273488244373,-0.6467007315701397,1.312550811899233,0.12281088316375799,0.2620622582320812,1.3115,0.9598980493690301,0.0,9.116936445236206,0.0,0
corridor_position_only_1772866056,corridor_position_only,972,0.431927057490062,-0.6466995253814057,1.3125403715225732,0.8834122723603621,0.5407338528661317,1.3115,1.2703692413608516,0.0,22.534254550933838,0.0,0
corridor_position_only_1772866056,corridor_position_only,973,0.43193232488196687,-0.6466799027814543,1.3125151671040047,0.37530453708959066,-0.18898859000542745,1.3115,0.461182257578444,0.0,0.5034098625183105,0.0,0
corridor_position_only_1772866056,corridor_position_only,974,0.4319273488213272,-0.6467007315723237,1.3125508118993905,0.46968225717447964,-0.154298840111755,1.3115,0.4938483168183815,0.0,19.598739624023438,0.0,0
corridor_position_only_1772866056,corridor_position_only,975,0.4319225059778564,-0.6467037596253697,1.3125386761630136,-0.5827633394132185,0.4014454291989894,1.3115,1.4588369222494797,0.0,0.8527431488037109,0.0,0
corridor_position_only_1772866056,corridor_position_only,976,0.43192734881934813,-0.6467007315737126,1.3125508118994886,-0.018160018032109093,-0.22219837308370982,1.3115,0.6186937807740603,0.0,0.6024260520935059,0.0,0
corridor_position_only_1772866056,corridor_position_only,977,0.4319225059786984,-0.6467037596246078,1.312538676163299,0.8002288287171355,-0.07795573337207873,1.3115,0.6775875910784004,0.0,0.05159616470336914,0.0,0
corridor_position_only_1772866056,corridor_position_only,978,0.43193310067241986,-0.6466855017349982,1.3125323011278835,0.262769641626889,-0.29615981631648564,1.3115,0.3892115076150571,0.38869070130613803,3.3078534603118896,2.1061348915100098,1
corridor_position_only_1772866056,corridor_position_only,979,0.2638933389714293,-0.29639555398197753,1.3118494501401883,-0.8603567359681372,0.6012594774161212,1.3115,1.4386531578220454,0.0,52.119166135787964,0.0,0
corridor_position_only_1772866056,corridor_position_only,980,0.2638933389721161,-0.29639555398212536,1.3118494501279807,0.5706310333011784,-0.267862420784076,1.3115,0.3080621283569255,0.3069083829176495,8.172704458236694,3.6084413528442383,1
corridor_position_only_1772866056,corridor_position_only,981,0.5694876850105921,-0.2683618413461111,1.3108911060555752,1.0034708769800211,-0.1931083329825506,1.3115,0.44045984173910147,0.0,0.05106711387634277,0.0,0
corridor_position_only_1772866056,corridor_position_only,982,0.5694880953677419,-0.2683484909581518,1.3108880233064584,1.089838626119011,-0.7075925712977815,1.3115,0.6809555135851445,0.6816993759801119,11.571390867233276,2.8063206672668457,1
corridor_position_only_1772866056,corridor_position_only,983,1.0908808434281292,-0.7074941570430404,1.3119166667824724,0.49070629412092326,-0.5775874667437917,1.3115,0.6140728062956544,0.6127881477420144,41.65067768096924,3.4078195095062256,1
corridor_position_only_1772866056,corridor_position_only,984,0.4919355324220265,-0.5780220416937747,1.3120303889489415,0.36129724522136497,-0.43704306728488124,1.3115,0.19220227527410572,0.19266667385775965,3.858346700668335,2.709843873977661,1
corridor_position_only_1772866056,corridor_position_only,985,0.3605085353716788,-0.4373480272906666,1.311232123483268,-0.04612264440500946,-0.5228500242582803,1.3115,0.41552326001062734,0.4166236280216739,4.62575626373291,1.5069611072540283,1
corridor_position_only_1772866056,corridor_position_only,986,-0.04722997034594181,-0.5227920628600711,1.3112636628538903,0.6279348629420425,0.49080342476886163,1.3115,1.2178766031522947,0.0,0.15308046340942383,0.0,0
corridor_position_only_1772866056,corridor_position_only,987,-0.04722997034560178,-0.5227920628636396,1.3112636628541194,-0.6743132927012585,-0.7202019316108105,1.3115,0.6574223948958768,0.6563393922551939,9.579422235488892,2.7061355113983154,1
corridor_position_only_1772866056,corridor_position_only,988,-0.6732090952029626,-0.7200865566879084,1.3116569542298366,-0.5498961164188956,-0.4217411673301299,1.3115,0.32282516432625646,0.32318428031701335,10.369168996810913,2.105839729309082,1
corridor_position_only_1772866056,corridor_position_only,989,-0.5497534359795473,-0.4214619948261478,1.3114611798633624,1.058836761368229,-0.5568785964440948,1.3115,1.614280050209416,1.6127880170266444,17.336185216903687,4.116682291030884,1
corridor_position_only_1772866056,corridor_position_only,990,1.0573213826742338,-0.5570786406615825,1.311207503030234,0.9632512475491584,-0.1664319760234425,1.3115,0.401813504588672,0.0,0.051764726638793945,0.0,0
corridor_position_only_1772866056,corridor_position_only,991,1.0573213771060472,-0.5570786175438035,1.3112075034732253,0.26456863454877877,-0.20316212038077197,1.3115,0.8681669674379687,0.0,155.33567118644714,0.0,0
corridor_position_only_1772866056,corridor_position_only,992,1.0573213784923396,-0.5570786261987241,1.3112075069539784,-0.8505983724805575,0.3388490704971011,1.3115,2.1078055648971397,0.0,260.81102561950684,0.0,0
corridor_position_only_1772866056,corridor_position_only,993,1.0573213784923112,-0.5570786261987433,1.311207506953986,0.2931141019886099,-0.19658161456898282,1.3115,0.8449680126533633,0.0,203.13910007476807,0.0,0
corridor_position_only_1772866056,corridor_position_only,994,1.057321378492287,-0.55707862619876,1.311207506953994,-0.32747594318464956,0.23176900000708145,1.3115,1.5937202656195313,0.0,113.5463318824768,0.0,0
corridor_position_only_1772866056,corridor_position_only,995,1.0573213784922746,-0.5570786261987675,1.311207506953996,-0.1303010544543799,0.01251940525450601,1.3115,1.3171518690818296,0.0,200.7905511856079,0.0,0
corridor_position_only_1772866056,corridor_position_only,996,1.0573213784922528,-0.5570786261987841,1.311207506954005,0.776744535608092,0.363961458569232,1.3115,0.962828275480368,0.0,0.15119290351867676,0.0,0
corridor_position_only_1772866056,corridor_position_only,997,1.0573213784922513,-0.557078626198784,1.3112075069540046,0.7468991288066353,0.5353674293126532,1.3115,1.135693815627504,0.0,26.209608793258667,0.0,0
corridor_position_only_1772866056,corridor_position_only,998,1.0573213784922493,-0.5570786261987868,1.3112075069540063,-0.2041656190928982,0.4533259377985218,1.3115,1.6162508820029036,0.0,23.742302656173706,0.0,0
corridor_position_only_1772866056,corridor_position_only,999,1.0573213784922464,-0.557078626198788,1.311207506954005,0.6183922450964319,-0.6725222514998098,1.3115,0.4538569161293297,0.4549246868784059,6.263202905654907,3.006632089614868,1
corridor_position_only_1772866056,corridor_position_only,1000,0.6173403765791154,-0.6727047899186691,1.3117003218711631,-0.2102168632443001,-0.20085763875179863,1.3115,0.9526230940814387,0.0,39.65015149116516,0.0,0
