run_id,test_case,move_index,start_x,start_y,start_z,goal_x,goal_y,goal_z,cartesian_distance_m,path_length_m,plan_time_s,execution_time_s,success
corridor_position_only_1772912593,corridor_position_only,1,0.3546750414312918,0.440871266715017,1.233210890435335,-0.13066148444452752,0.563281457007225,1.3115,0.5066211431760548,0.5057227893492249,4.211296558380127,2.5074613094329834,1
corridor_position_only_1772912593,corridor_position_only,2,-0.12969134753706718,0.5632351096687978,1.311629208837719,-0.5637710546430907,-0.5286635290580576,1.3115,1.175018232228647,1.1899680176023062,8.21705675125122,8.620608806610107,1
corridor_position_only_1772912593,corridor_position_only,3,-0.4753305135426523,-0.47110226846357794,1.425392727651375,0.31840995327503974,0.22989172189176654,1.3115,1.0650765496386383,1.5416927789640147,51.18737530708313,10.403450965881348,1
corridor_position_only_1772912593,corridor_position_only,4,0.3351295742525806,0.24310217016073102,1.614336625037172,0.7769013140664358,-0.45124606192804856,1.3115,0.876921751906565,0.9638952474738155,6.446038722991943,4.5097010135650635,1
corridor_position_only_1772912593,corridor_position_only,5,0.8065869612769851,-0.4651706120113107,1.628191841228735,-0.26999187445419626,-0.021984662937305166,1.3115,1.206536156649182,2.578361522324888,93.35290884971619,11.126317739486694,1
corridor_position_only_1772912593,corridor_position_only,6,-0.1054619093894954,-0.09237836517348634,1.4393273414353824,0.33969243733975607,-0.5513354354640945,1.3115,0.6520305314938271,0.8576283933664959,11.477580070495605,10.035892963409424,1
corridor_position_only_1772912593,corridor_position_only,7,0.31716418795318246,-0.7181013147309783,1.4354977140381007,0.030930708718165167,0.33583177095400074,1.3115,1.099126920252215,1.2182119936648819,10.573278427124023,10.32107424736023,1
corridor_position_only_1772912593,corridor_position_only,8,-0.07209737117938031,0.43350680746556547,1.4259592334742186,0.3011656754845682,-0.6791771329227231,1.3115,1.1791911504630483,1.296192922101321,18.350547552108765,4.2133941650390625,1
corridor_position_only_1772912593,corridor_position_only,9,0.2560455927219967,-0.8173764861916504,1.4272530077092813,-0.744067742703176,0.5607687281860799,1.3115,1.7067248385141784,1.832697733472186,20.330101013183594,4.710976839065552,1
corridor_position_only_1772912593,corridor_position_only,10,-0.8037970435587424,0.676941909739887,1.4246372277901613,-0.2692555094983793,-0.6087985153552286,1.3115,1.3970193716163772,1.4436273276611893,20.570053339004517,9.520373344421387,1
corridor_position_only_1772912593,corridor_position_only,11,-0.36689975632689664,-0.6981365091341061,1.4253864606130846,-0.6311202185376483,-0.06262692550711468,1.3115,0.6976066294435502,0.7771310862677605,23.656267881393433,9.52651333808899,1
corridor_position_only_1772912593,corridor_position_only,12,-0.7767610925441488,-0.03827749475430782,1.4269344303630351,-0.36009807646876646,0.16730561870237126,1.3115,0.4787458545165843,0.42013718627267804,2.5214102268218994,2.906688928604126,1
corridor_position_only_1772912593,corridor_position_only,13,-0.4970246607875297,0.2749760016438119,1.4378603715651677,0.21057977365838032,-0.48900997810792585,1.3115,1.048973572787621,1.0433466365768655,16.630922079086304,2.7069954872131348,1
corridor_position_only_1772912593,corridor_position_only,14,0.08282747674390678,-0.592254347321802,1.4337422403427305,0.9890869021802229,0.4864927794875896,1.3115,1.4141940019373895,2.691624304744868,320.0466151237488,19.24236035346985,1
corridor_position_only_1772912593,corridor_position_only,15,1.024009045786632,0.7042414912201163,1.6089476121287083,-0.6976078609330956,-0.4737195470360945,1.3115,2.1071383587970494,2.174403466294174,138.26234674453735,9.019020080566406,1
corridor_position_only_1772912593,corridor_position_only,16,-0.7167177267731641,-0.5017919732964056,1.6284451151868986,-0.10264161183544662,-0.370166430342667,1.3115,0.7034692349603525,0.6090885805518087,4.710047006607056,2.309242010116577,1
corridor_position_only_1772912593,corridor_position_only,17,-0.11813168275138564,-0.3896566513937113,1.6180720525275643,-0.31618780179961137,0.002664418259433421,1.3115,0.5358437005108824,1.2069926672809488,26.74882483482361,11.423013925552368,1
corridor_position_only_1772912593,corridor_position_only,18,-0.3988379689098339,-0.013630237317127925,1.6579264655559323,-0.7252406242266942,0.6129826508891109,1.3115,0.7868886205185819,1.0771406972505846,20.457757711410522,9.120522737503052,1
corridor_position_only_1772912593,corridor_position_only,19,-0.7258482050195071,0.6125774886248304,1.3112181677196149,-0.86205516386102,0.3774440026969422,1.3115,0.2717354803313109,0.27084015267816,4.9099555015563965,3.8085525035858154,1
corridor_position_only_1772912593,corridor_position_only,20,-0.8613357463559016,0.3780838921430584,1.312315538770077,0.6556578271315445,-0.6412626485173598,1.3115,1.8276590319482622,1.8274517803710613,4.9618024826049805,4.81118631362915,1
corridor_position_only_1772912593,corridor_position_only,21,0.6551368533265189,-0.6414132022709039,1.3119354368874276,0.8376709900854264,0.1134116262610646,1.3115,0.7765818839349256,1.3683685053463241,20.48732876777649,11.322175025939941,1
corridor_position_only_1772912593,corridor_position_only,22,0.8635074264602597,0.12489155857645458,1.621793860583997,-0.25663303835955753,-0.2961981155352495,1.3115,1.2362497540895117,1.6192076232876877,10.973500967025757,6.315284729003906,1
corridor_position_only_1772912593,corridor_position_only,23,-0.2710923104579137,-0.3107271393594468,1.6120326258777131,0.8854556557862792,-0.09417669282748165,1.3115,1.2144205010348457,0.0,66.69762825965881,0.0,0
corridor_position_only_1772912593,corridor_position_only,24,-0.27109231031822334,-0.310727139477032,1.6120326258359856,0.6348759663586907,0.02819486946048788,1.3115,1.0129000472302556,0.0,71.58697080612183,0.0,0
corridor_position_only_1772912593,corridor_position_only,25,-0.27109231016971214,-0.310727139594786,1.612032625790292,0.1630564678351123,-0.15555864077535275,1.3115,0.5503474208473829,0.4311387695446946,21.79514718055725,3.6079866886138916,1
corridor_position_only_1772912593,corridor_position_only,26,0.13593676699698565,-0.16901725115000402,1.6220484118533163,-0.8107073539688927,0.13142790507643431,1.3115,1.0405972802981018,1.49104743662895,7.920079469680786,5.511402130126953,1
corridor_position_only_1772912593,corridor_position_only,27,-0.8528989466206282,0.12844922592049487,1.6348560608037825,0.9257967513215164,-0.4004724771494458,1.3115,1.8836336416391692,3.0656806911691254,159.68875074386597,16.531644582748413,1
corridor_position_only_1772912593,corridor_position_only,28,0.9377010586895483,-0.5842037319796753,1.443494342826955,-0.4195220359956043,-0.6372296038952384,1.3115,1.364657018586527,1.6482582780601438,14.375505208969116,12.326946020126343,1
corridor_position_only_1772912593,corridor_position_only,29,-0.48924572690841095,-0.7711414636518235,1.4289878419064799,0.9696607469429799,0.367357401521509,1.3115,1.8542899337596335,4.152547584455597,173.06682682037354,17.237446546554565,1
corridor_position_only_1772912593,corridor_position_only,30,1.0240467108764206,0.41100365317786425,1.6527197720572933,0.7198780564140448,-0.4866527390905867,1.3115,1.0073413035216487,1.0577037104713132,20.39752197265625,4.710073947906494,1
corridor_position_only_1772912593,corridor_position_only,31,0.7478508239871937,-0.5025384828450092,1.6248415310328173,0.727346387535172,0.48822944609487984,1.3115,1.0393384607528204,1.1215205623717177,6.615076065063477,14.333959579467773,1
corridor_position_only_1772912593,corridor_position_only,32,0.7439321446581518,0.5156895494646137,1.6275308505743942,-0.4212325078418716,-0.1561538984275238,1.3115,1.381614195217272,1.7839683886543356,16.783164739608765,11.025271654129028,1
corridor_position_only_1772912593,corridor_position_only,33,-0.2994548035542763,-0.30241032843645194,1.4473811895970514,-0.85922087728718,-0.04123320625842464,1.3115,0.632467583468004,1.0288457368955346,5.711237192153931,5.615694284439087,1
corridor_position_only_1772912593,corridor_position_only,34,-1.0324962530781674,0.008763533802852816,1.440978085351781,-0.6354268419446407,-0.27911675449141515,1.3115,0.5072511727267661,0.3981354962354759,7.484190464019775,1.5064334869384766,1
corridor_position_only_1772912593,corridor_position_only,35,-0.8034020956632161,-0.31677089727597985,1.4360450829354634,0.15524301229535165,0.22294804952197445,1.3115,1.107162346825879,1.0662170502359836,4.558948993682861,2.8064396381378174,1
corridor_position_only_1772912593,corridor_position_only,36,0.03089126987451496,0.3470684338248447,1.4376836648065474,1.0345705385752644,-0.3970511255359496,1.3115,1.2557899148770804,1.4491666795237195,27.372776746749878,16.64361548423767,1
corridor_position_only_1772912593,corridor_position_only,37,1.052591298672683,-0.5796898067594314,1.4434790227609524,-0.3084461401438592,-0.692317334334872,1.3115,1.3720518693828545,1.438992411964669,14.4290452003479,3.106933832168579,1
corridor_position_only_1772912593,corridor_position_only,38,-0.36629460821185533,-0.8187255844948265,1.426854847217374,-0.7709691150225211,-0.36013975813889587,1.3115,0.6223898756997506,0.6833916751370865,19.48856258392334,2.1070716381073,1
corridor_position_only_1772912593,corridor_position_only,39,-0.9066129561974983,-0.40159773579569674,1.4264827465895085,-0.5858183635151959,-0.07049190737862832,1.3115,0.47514342289378747,0.3964972302580208,6.187193393707275,1.7064151763916016,1
corridor_position_only_1772912593,corridor_position_only,40,-0.7220145662339184,-0.050719202045754405,1.425755435232234,0.4591726549584514,0.303465351461658,1.3115,1.2384281383800615,1.8657510032284705,13.031427383422852,11.42374873161316,1
corridor_position_only_1772912593,corridor_position_only,41,0.6253242874983557,0.35058858380141583,1.4376098707148781,-0.1440538309504401,0.12578821123557826,1.3115,0.8114071703807354,0.9556908030940511,3.407280206680298,5.210339784622192,1
corridor_position_only_1772912593,corridor_position_only,42,-0.28628446990039813,0.20902212980843846,1.4330148029797236,-0.6940456757521627,0.40470562893961304,1.3115,0.4683236916632625,0.5866751093312683,3.9613521099090576,2.706395149230957,1
corridor_position_only_1772912593,corridor_position_only,43,-0.7474743889109909,0.5715920165671029,1.4377987359297673,-0.7921836694384579,0.06888690394064434,1.3115,0.5202525547496343,0.44566239026494264,8.688080787658691,2.7083396911621094,1
corridor_position_only_1772912593,corridor_position_only,44,-0.9476856143210077,0.17351520726847924,1.445670336685321,0.14196844154917487,-0.43179480487803323,1.3115,1.2536936832916574,1.172839021144287,4.609370946884155,2.907465696334839,1
corridor_position_only_1772912593,corridor_position_only,45,0.00029623066692396893,-0.5168952428086768,1.4333532851883257,0.4964385969190874,-0.21162563418306157,1.3115,0.5951428439054944,0.4184446172443297,11.17088532447815,1.7050707340240479,1
corridor_position_only_1772912593,corridor_position_only,46,0.30686079189619564,-0.23253586743032909,1.4477115651504648,-0.19700649221838762,-0.5870873818154306,1.3115,0.6309854252156022,0.7095351537519274,12.573301315307617,9.722237586975098,1
corridor_position_only_1772912593,corridor_position_only,47,-0.1974401936041178,-0.587162264760968,1.3117394722556108,-0.36175969386856155,0.16381807925096203,1.3115,0.7687473138856451,1.1971674871087514,20.31212592124939,15.53635835647583,1
corridor_position_only_1772912593,corridor_position_only,48,-0.18959139022748228,0.16005034988037986,1.4360172843490049,0.1767674463016049,-0.41069495230277936,1.3115,0.6895459021477418,0.8219004504452061,7.9240381717681885,10.020843505859375,1
corridor_position_only_1772912593,corridor_position_only,49,0.2676309665742822,-0.5224603668462604,1.425985919497832,0.911628589297721,0.12688140229347022,1.3115,0.9216749410644839,1.0263994159972012,9.467394351959229,3.007866382598877,1
corridor_position_only_1772912593,corridor_position_only,50,1.072858672762209,0.11389852467411879,1.4314010562060313,0.5658441555208145,0.48962949717484106,1.3115,0.6423501752698326,0.0,461.19229888916016,0.0,0
corridor_position_only_1772912593,corridor_position_only,51,1.0728586727445844,0.11389852480683056,1.4314010561843382,0.3995067226777984,-0.6273916880968029,1.3115,1.0086080961798678,1.1204308526689768,21.661962270736694,2.9074718952178955,1
corridor_position_only_1772912593,corridor_position_only,52,0.3983986230254379,-0.7794056466375887,1.4292510522921829,0.3289423962453073,-0.7303632510787509,1.3115,0.14523991984505774,0.13861341713994682,48.198851346969604,2.2054922580718994,1
corridor_position_only_1772912593,corridor_position_only,53,0.2810480803105058,-0.8526558402136717,1.4261958911610837,-0.8629679408167945,-0.5220497373523568,1.3115,1.1963395000142396,1.278465117251635,5.862960338592529,3.109018087387085,1
corridor_position_only_1772912593,corridor_position_only,54,-0.9787591366304281,-0.6351368545369652,1.4323561024511018,0.41918721633415434,-0.4348539688011908,1.3115,1.4173826009886314,1.4672618415639653,22.496175289154053,3.613168239593506,1
corridor_position_only_1772912593,corridor_position_only,55,0.48752179222233827,-0.5830720634934745,1.432630608370168,-0.2280577982483314,0.2826791906321652,1.3115,1.1297132417575781,1.3151130519138048,9.500882863998413,8.319877624511719,1
corridor_position_only_1772912593,corridor_position_only,56,-0.34254054150959645,0.391327623056947,1.4309267577763318,0.43038875253928044,0.037856020982938055,1.3115,0.85826838316731,0.6872301699547962,6.011002063751221,9.619083166122437,1
corridor_position_only_1772912593,corridor_position_only,57,0.2681472849356158,0.13750317248173236,1.4470331873955702,-0.34736890725482017,-0.4077582299971391,1.3115,0.8333903195786728,0.9881867543841938,7.213756322860718,2.7058515548706055,1
corridor_position_only_1772912593,corridor_position_only,58,-0.4948849941522453,-0.49031497818007463,1.4362396813544076,0.8950362723610386,0.12418447212023931,1.3115,1.5248116898914692,1.8882968808888179,7.973027467727661,11.032031059265137,1
corridor_position_only_1772912593,corridor_position_only,59,1.0580421481140188,0.1102657434270651,1.432804830747143,0.27042349932944365,-0.06628068869288095,1.3115,0.8162270765970188,0.685493558713143,5.560811281204224,2.7111456394195557,1
corridor_position_only_1772912593,corridor_position_only,60,0.41298973355690816,-0.12166660332368365,1.4288688572806838,-0.31650917764222386,-0.7095898621231824,1.3115,0.9442446019636622,1.0697780614628303,23.05293345451355,4.840147972106934,1
corridor_position_only_1772912593,corridor_position_only,61,-0.3841752355706306,-0.8172852178664473,1.4248464787992416,0.9909889141874761,0.5676978648015553,1.3115,1.955019693586918,2.1139168816000566,21.617060899734497,13.429020166397095,1
corridor_position_only_1772912593,corridor_position_only,62,1.0798769471628367,0.7040666579306079,1.4327225960617886,-0.8423649860397847,0.5325097049955348,1.3115,1.9336857954845916,1.9339455491533757,16.423444986343384,4.5106329917907715,1
corridor_position_only_1772912593,corridor_position_only,63,-0.8426616122007724,0.5326108228318773,1.3120314837353875,1.036894794590899,0.4290349918121529,1.3115,1.8824081708168414,0.0,7.063841104507446,0.0,0
corridor_position_only_1772912593,corridor_position_only,64,-0.8426637409561692,0.5326123766683065,1.3120364792488668,0.8139528829464104,-0.30754916491527445,1.3115,1.8574849507752318,0.0,290.5477783679962,0.0,0
corridor_position_only_1772912593,corridor_position_only,65,-0.8426638015350536,0.5326123491318622,1.3120364357781173,0.9824587623866678,0.21334494063141296,1.3115,1.8528368355659748,0.0,17.59294581413269,0.0,0
corridor_position_only_1772912593,corridor_position_only,66,-0.8426616587679204,0.5326108120492155,1.3120314722356534,0.3459443233177544,0.6173339900432578,1.3115,1.1916217856358615,1.9090020455802186,74.3411591053009,13.233047008514404,1
corridor_position_only_1772912593,corridor_position_only,67,0.4304210261126967,0.683607911749602,1.4243180690268282,0.8659534285612076,0.2748160807942769,1.3115,0.6078874495639147,0.694932612995162,11.07599663734436,8.818091630935669,1
corridor_position_only_1772912593,corridor_position_only,68,1.0067913905446089,0.2959191647202414,1.4260971332720422,-0.16048853828244525,-0.33960480598058607,1.3115,1.334003617885652,2.677327198674918,23.146570444107056,14.730623245239258,1
corridor_position_only_1772912593,corridor_position_only,69,-0.03870173484284356,-0.2545615049638348,1.6615848937462778,0.8455373354257656,0.5117925192125917,1.3115,1.2213667166704028,1.4414906123965843,348.21286725997925,7.816589593887329,1
corridor_position_only_1772912593,corridor_position_only,70,0.7939466668260685,0.4447308275414556,1.6589488978014357,0.7092210447121483,0.15005044088864938,1.3115,0.4633958328512144,2.9448637977318795,25.070428133010864,17.735082864761353,1
corridor_position_only_1772912593,corridor_position_only,71,0.8847967702659884,0.14134900449164714,1.439079646924176,0.8909905874824164,-0.27859465448598975,1.3115,0.43893918302714063,0.5406232400878733,2.405350685119629,10.323221683502197,1
corridor_position_only_1772912593,corridor_position_only,72,1.00500910981836,-0.3846947965490159,1.4312118181015179,0.2731512394544169,-0.6936153158032764,1.3115,0.8033546844471245,0.9036420305049683,37.888482093811035,3.6154160499572754,1
corridor_position_only_1772912593,corridor_position_only,73,0.21222479048277215,-0.8171962698962669,1.4261717682339197,-0.3050752382817403,0.06880490002182083,1.3115,1.032350234797222,1.1533227545603018,25.003908395767212,3.009786605834961,1
corridor_position_only_1772912593,corridor_position_only,74,-0.4483486337730571,0.12677261124437605,1.429926166094916,0.7573943112274426,-0.24809805870092472,1.3115,1.2682148183252149,1.5184253595607415,16.60222887992859,7.315455198287964,1
corridor_position_only_1772912593,corridor_position_only,75,0.8784967366606254,-0.3595190845664682,1.4324862253662562,0.6531272222414466,-0.44646190821933746,1.3115,0.270163171699336,0.7225669353343578,5.210469484329224,9.51896047592163,1
corridor_position_only_1772912593,corridor_position_only,76,0.6519907879252261,-0.4465118222764497,1.3111819864373255,-0.7705668286438195,-0.012918736225364547,1.3115,1.4871695390447364,3.07493181571126,37.512967109680176,23.650174379348755,1
corridor_position_only_1772912593,corridor_position_only,77,-0.6660656287551525,-0.037021646347200954,1.424836016521069,0.5661130234383152,0.5978207571815227,1.3115,1.3907315200570889,1.3590506957984825,20.54185461997986,3.0069704055786133,1
corridor_position_only_1772912593,corridor_position_only,78,0.5775669356342052,0.5108928082924732,1.4296382596391926,0.7030590380315707,-0.37087648676591,1.3115,0.8984553443897176,1.6007955963540799,105.99887013435364,12.936393022537231,1
corridor_position_only_1772912593,corridor_position_only,79,0.792214410604326,-0.44992785780657996,1.4249115673653905,-0.8227548265505632,0.579678921767469,1.3115,1.9186135465783003,2.647162163108984,38.46159267425537,19.14241051673889,1
corridor_position_only_1772912593,corridor_position_only,80,-0.8797324091098131,0.676362265342683,1.424971687624299,-0.06245526417091707,-0.5048936042226579,1.3115,1.4408966600399729,1.5872003501918668,9.722793817520142,5.81186056137085,1
corridor_position_only_1772912593,corridor_position_only,81,-0.049032780172340446,-0.6745284146956483,1.4353892879487908,0.2155672494475307,0.23885479778988572,1.3115,0.9589737348820817,1.0687164629159063,9.81886887550354,4.615407943725586,1
corridor_position_only_1772912593,corridor_position_only,82,0.10360835227667575,0.3814102748278275,1.4412425672027007,1.0195429862744507,0.27087036353998595,1.3115,0.9316589824010227,1.0868719643727132,9.599646806716919,4.510947227478027,1
corridor_position_only_1772912593,corridor_position_only,83,1.184089885329584,0.3017982922446451,1.4334776343897437,-0.04135267626812045,-0.4026176204254096,1.3115,1.4187282308776574,1.7105657363206819,36.935105323791504,6.212883710861206,1
corridor_position_only_1772912593,corridor_position_only,84,-0.18750255423444606,-0.507527715509301,1.441288334916698,-0.8444721055358239,-0.583516191943497,1.3115,0.6739645775323604,0.7562827395144507,13.376803636550903,3.1077516078948975,1
corridor_position_only_1772912593,corridor_position_only,85,-0.9092093889375693,-0.7334131213565972,1.4326968595961729,0.8225228775098163,0.22382589878815262,1.3115,1.9823954860518258,2.833716175980836,149.57846021652222,16.9350106716156,1
corridor_position_only_1772912593,corridor_position_only,86,0.9469372098131014,0.2893351092488579,1.6631162403643471,0.10138266448156175,-0.09244978694750272,1.3115,0.9921472554930799,1.2283077752907294,166.55252289772034,9.221911430358887,1
corridor_position_only_1772912593,corridor_position_only,87,0.20621213564257712,-0.1046185076191905,1.4255435936211942,-0.08316361642440584,0.10317803472374554,1.3115,0.37406372470482574,0.2567417282973077,2.9065229892730713,3.107492208480835,1
corridor_position_only_1772912593,corridor_position_only,88,0.012072970177080089,0.06338222124924767,1.425646683257722,-0.130517797810334,0.11693152419136088,1.3115,0.1903394868637757,0.06165010098365164,2.459500551223755,2.206200122833252,1
corridor_position_only_1772912593,corridor_position_only,89,-0.04762491591851725,0.07851866585164127,1.4282764123044478,0.43253077786874905,-0.5191280971901155,1.3115,0.7754791255226147,0.7736094507876515,4.6607794761657715,10.622380018234253,1
corridor_position_only_1772912593,corridor_position_only,90,0.5019583766362381,-0.46582713745015725,1.428610350533821,-0.8204545825065056,0.061855648669738694,1.3115,1.4286147106473734,1.3357872415682204,12.097518920898438,3.109217643737793,1
corridor_position_only_1772912593,corridor_position_only,91,-0.7382657316376506,0.03030762229714512,1.428795486879178,-0.10364720625867363,0.14087801213979334,1.3115,0.6547707347662736,0.7133975328590454,1.1055409908294678,2.5067591667175293,1
corridor_position_only_1772912593,corridor_position_only,92,-0.02821868414694806,0.09931510487934936,1.429112115193716,0.9929832509950729,-0.21249497566173614,1.3115,1.0742027407827568,2.3682369846592115,34.13863277435303,8.92270016670227,1
corridor_position_only_1772912593,corridor_position_only,93,1.1029633180931362,-0.36344716883556927,1.4443304743950758,-0.4849419708476145,-0.6476975725975227,1.3115,1.6186060155618052,1.7048057316761003,23.144160270690918,3.5074024200439453,1
corridor_position_only_1772912593,corridor_position_only,94,-0.549017214811713,-0.7841991110685906,1.427908565230873,-0.6858140517817499,0.1954513066740744,1.3115,0.9959815608973367,1.1219267108691113,20.74689793586731,3.5082755088806152,1
corridor_position_only_1772912593,corridor_position_only,95,-0.8176979227250148,0.30382144100933267,1.4356017810435322,0.801542866341459,-0.7110243602989752,1.3115,1.9150075679923293,1.9529209182867033,20.79666757583618,11.130046606063843,1
corridor_position_only_1772912593,corridor_position_only,96,0.762459097349769,-0.8434640857802509,1.426315943925785,-0.6387973116538773,0.2143168652103431,1.3115,1.7594325122129377,1.9308824759657979,17.559133529663086,5.4117279052734375,1
corridor_position_only_1772912593,corridor_position_only,97,-0.7641646245680203,0.3382411895555583,1.4383782965842125,0.5839108088193017,0.360982798348782,1.3115,1.3542240054795334,1.331969794409359,7.216317415237427,33.36194062232971,0
corridor_position_only_1772912593,corridor_position_only,98,0.5517679467494978,0.5440486599899317,1.4454134083562,0.6147184377521813,0.36559093175322077,1.3115,0.23182477439320642,0.045308631829103586,8.565718173980713,32.55938100814819,0
corridor_position_only_1772912593,corridor_position_only,99,0.5964177891216347,0.5518881033829179,1.445954359798269,-0.1356601539587038,0.3237914080595038,1.3115,0.7784884019887285,0.9953217833348453,5.260541200637817,9.72030520439148,1
corridor_position_only_1772912593,corridor_position_only,100,-0.1799262886022871,0.5064472138016517,1.4454660907132117,0.8283740741528494,-0.1535622063867247,1.3115,1.2125299871469228,0.0,137.53467273712158,0.0,0
corridor_position_only_1772912593,corridor_position_only,101,-0.17992755890817197,0.5064479033290818,1.4454628250735349,-0.6686084919671815,0.4971076937777247,1.3115,0.5067961447678642,0.4888931022221267,4.760284900665283,2.50652813911438,1
corridor_position_only_1772912593,corridor_position_only,102,-0.6400268206116855,0.6715265891898051,1.4393774703037163,-0.23866169075732746,0.4874489159537795,1.3115,0.459707738305842,0.37222670023806154,6.527698040008545,2.309429407119751,1
corridor_position_only_1772912593,corridor_position_only,103,-0.26823912634524805,0.6543031779599497,1.4347043812887168,0.9214670772629805,-0.6175721060958524,1.3115,1.745922938925045,1.8460362211939165,26.00009298324585,6.014139890670776,1
corridor_position_only_1772912593,corridor_position_only,104,0.9012251889077781,-0.7729474845876628,1.4312389849081044,1.0111033652302361,0.0449036582813952,1.3115,0.8338411899342684,0.8300880077047054,20.820833444595337,2.9066216945648193,1
corridor_position_only_1772912593,corridor_position_only,105,1.170522480235749,0.009306180816879978,1.4322983985820454,-0.2918562504944361,-0.2914149146617354,1.3115,1.497857463999119,1.8527751082672224,6.914731740951538,9.418643712997437,1
corridor_position_only_1772912593,corridor_position_only,106,-0.4495614301900298,-0.3268862248532517,1.4339070379272605,0.6959096646646317,0.34193532819971717,1.3115,1.3320697361286489,3.2548686239649185,4.810173511505127,22.647619009017944,1
corridor_position_only_1772912593,corridor_position_only,107,0.8493833995506281,0.4547383851439023,1.4484378737148704,-0.758918537647011,0.0120526843128127,1.3115,1.673725703982448,1.8089679381141586,5.162553310394287,3.808382034301758,1
corridor_position_only_1772912593,corridor_position_only,108,-0.9252595100696526,0.10418992091753185,1.4489611854172146,-0.17748644512178002,-0.5821499194284695,1.3115,1.0242668161197137,1.0257013832299429,18.937145471572876,10.92713212966919,1
corridor_position_only_1772912593,corridor_position_only,109,-0.2799035832907014,-0.6923878402431143,1.4292585326704361,0.3523082014928294,-0.6040574430072863,1.3115,0.6491233102513811,0.538592316220005,32.46161937713623,2.1048576831817627,1
corridor_position_only_1772912593,corridor_position_only,110,0.25801356156714117,-0.7193212663727226,1.4285540731523647,-0.7287837213861684,0.38623572146494956,1.3115,1.4865149804298308,1.6424309721379318,22.109639644622803,3.908607006072998,1
corridor_position_only_1772912593,corridor_position_only,111,-0.8165903821729343,0.5223177080418738,1.4325680528431644,-0.7048516506831496,0.6126427808606151,1.3115,0.1878872968401332,0.2407207289687171,11.475619077682495,3.0082437992095947,1
corridor_position_only_1772912593,corridor_position_only,112,-0.7387080622677262,0.7500195142637529,1.4273282306169701,0.7379687423043702,0.558519545325422,1.3115,1.493540358434447,1.589705587564344,12.978652000427246,4.209875106811523,1
corridor_position_only_1772912593,corridor_position_only,113,0.8476440382040817,0.6476561070951097,1.4266236714225644,-0.12725350147772496,-0.6282700152560291,1.3115,1.609865255944566,1.7641952562751408,22.215426683425903,7.916171312332153,1
corridor_position_only_1772912593,corridor_position_only,114,-0.21436783673929993,-0.7453485615184816,1.4266133718000584,-0.032191977672493044,0.5023309251201674,1.3115,1.2661529265348601,1.3811889574046414,14.180231094360352,11.324209451675415,1
corridor_position_only_1772912593,corridor_position_only,115,-0.0999631570673043,0.6308245390554136,1.4275473308339726,-0.8504970760709754,-0.09906027790007044,1.3115,1.0533280555415008,1.1622900626270123,17.09070920944214,9.92687439918518,1
corridor_position_only_1772912593,corridor_position_only,116,-1.0134194362329514,-0.07717027938418958,1.4325466844944856,-0.6400629788877781,0.14901495510747143,1.3115,0.4529979076888694,0.39318505762656847,3.2564947605133057,9.718881607055664,1
corridor_position_only_1772912593,corridor_position_only,117,-0.7785122481587399,0.23584821401484532,1.432889881331164,1.0340259910765421,-0.22792782373443055,1.3115,1.8748649511818574,2.1414945587078353,7.720293760299683,6.1184492111206055,1
corridor_position_only_1772912593,corridor_position_only,118,1.1184616514672727,-0.3990423928226021,1.4479561955788098,-0.4298330480544449,0.5804677691914001,1.3115,1.8371926756243029,2.4593589482911207,72.559645652771,16.73574924468994,1
corridor_position_only_1772912593,corridor_position_only,119,-0.48393932418830987,0.6997130633389812,1.4254139285340979,-0.7874570545139581,0.48143063822114984,1.3115,0.39082811164427017,0.3932112936492081,32.60685896873474,1.7041566371917725,1
corridor_position_only_1772912593,corridor_position_only,120,-0.8639797896032702,0.5988560600922452,1.4257988537692443,-0.7267352086944394,0.017995786767414867,1.3115,0.6076997285574516,0.5356530582576627,17.93997311592102,3.4110682010650635,1
corridor_position_only_1772912593,corridor_position_only,121,-0.8711824314964327,0.06332075107011721,1.4288282142020143,0.37446810078409043,0.21295869866486405,1.3115,1.260080423536114,1.1545335175441513,5.081062078475952,2.9111855030059814,1
corridor_position_only_1772912593,corridor_position_only,122,0.2495788753424958,0.34033539767753274,1.4393893956621322,0.2851109662315847,0.49519110641461894,1.3115,0.2039571463181448,0.344467344580265,1.565546989440918,2.307760238647461,1
corridor_position_only_1772912593,corridor_position_only,123,0.3342812514240841,0.6662059264327884,1.4404257166530356,1.0107155614397394,0.48022243906611906,1.3115,0.7132847073601976,0.7930852309583739,20.84466552734375,3.3072609901428223,1
corridor_position_only_1772912593,corridor_position_only,124,1.1255360311337612,0.6125215631511141,1.4384342444808067,-0.32323049533139503,-0.48452152653955194,1.3115,1.8216861121680292,1.9685399572336386,20.387613773345947,12.726729393005371,1
corridor_position_only_1772912593,corridor_position_only,125,-0.4493210663300311,-0.5641898841911037,1.4293851244941473,0.2838064136884284,-0.6361926088101109,1.3115,0.7460276113440962,0.781173655604965,12.423465013504028,3.8089704513549805,1
corridor_position_only_1772912593,corridor_position_only,126,0.30155411760937767,-0.7790617223717247,1.427698139517061,0.5107565171871349,-0.0064035926431784684,1.3115,0.8088684918155317,0.83926427763928,19.241878747940063,10.420403242111206,1
corridor_position_only_1772912593,corridor_position_only,127,0.6664947847121881,-0.055962830105149707,1.4332643407157852,0.48413718400178873,-0.5195643253401193,1.3115,0.5128422716497762,0.6017379983109793,8.491301774978638,2.009730577468872,1
corridor_position_only_1772912593,corridor_position_only,128,0.5493819836042679,-0.6460840025114357,1.4274145673791176,1.0095034281445934,0.25413860452560666,1.3115,1.0176191197482156,0.0,368.6657180786133,0.0,0
corridor_position_only_1772912593,corridor_position_only,129,0.5493740521682838,-0.6460909140477169,1.427440002417613,0.9756678540076542,0.4469717841735611,1.3115,1.1789633378057354,2.6281705701947278,178.77141976356506,17.840385913848877,1
corridor_position_only_1772912593,corridor_position_only,130,1.0125121193007904,0.6701055912110103,1.5994474851770248,-0.12684960684770574,0.37070027649423853,1.3115,1.2127252119554959,1.1808792230116656,5.22419548034668,3.408241033554077,1
corridor_position_only_1772912593,corridor_position_only,131,-0.14150699924418167,0.6083902887199022,1.5626446020474396,0.3045670778279319,-0.21965596298897638,1.3115,0.9735072102159429,1.6594236420358635,28.2357075214386,15.128607511520386,1
corridor_position_only_1772912593,corridor_position_only,132,0.4156424595421977,-0.36821087626777027,1.4442970569582803,0.7885674927374753,-0.09901559844171082,1.3115,0.47872146006245525,0.5534830116075016,6.412573575973511,3.1072189807891846,1
corridor_position_only_1772912593,corridor_position_only,133,0.9349404530327585,-0.17696934378141305,1.4346619765767423,-0.7612637656378625,0.4451285449744432,1.3115,1.8108791807033389,2.0915039424951556,74.61835217475891,7.118160247802734,1
corridor_position_only_1772912593,corridor_position_only,134,-0.7654070017365757,0.624689932494275,1.4402297905957795,1.1023342110804804,0.020163163498010173,1.3115,1.9673538602588057,0.0,151.23179125785828,0.0,0
corridor_position_only_1772912593,corridor_position_only,135,-0.7654070017359083,0.6246899324940147,1.4402297905820807,0.8110011283226295,-0.4031437082048464,1.3115,1.8862862837995291,2.137948889135328,14.935150384902954,6.613577842712402,1
corridor_position_only_1772912593,corridor_position_only,136,0.882498239942129,-0.555515951833051,1.4352481326475897,1.0179291360267877,0.08988394773550923,1.3115,0.6709665850928546,0.7118488374561043,12.77365231513977,8.917742490768433,1
corridor_position_only_1772912593,corridor_position_only,137,1.192247017338084,0.05888099681921398,1.4386782682295798,0.3521301725875494,-0.2508844254228771,1.3115,0.9043921945485208,0.8333445799728117,11.324704885482788,2.5076358318328857,1
corridor_position_only_1772912593,corridor_position_only,138,0.47272817913425214,-0.3614588066375206,1.4338066732847157,0.15824986319131829,0.3181654702447686,1.3115,0.758778420394289,1.3316676066369357,3.563286542892456,8.316940307617188,1
corridor_position_only_1772912593,corridor_position_only,139,0.07497322814208507,0.4764821464418258,1.4406292396187825,0.22087935445103035,0.027728772889620834,1.3115,0.4892264797550227,0.39572955198224996,6.664868593215942,3.4149184226989746,1
corridor_position_only_1772912593,corridor_position_only,140,0.06813671904250995,0.08104360531507077,1.431482288351241,-0.6073818172108301,-0.7034526027454723,1.3115,1.0421877675357865,1.1347617455992645,22.648385286331177,3.2096846103668213,1
corridor_position_only_1772912593,corridor_position_only,141,-0.6757437485405309,-0.7757831213763298,1.4255833333610624,0.5224861003726611,-0.4503872420867566,1.3115,1.2468569509113452,1.3072956618691878,11.924421072006226,5.6140265464782715,1
corridor_position_only_1772912593,corridor_position_only,142,0.6020185635790021,-0.5737917663068639,1.4267509955465654,-0.17813545844532475,0.06754690173826594,1.3115,1.0164833383706344,0.8726963699126487,9.267935514450073,2.906559705734253,1
corridor_position_only_1772912593,corridor_position_only,143,-0.01975976619327291,0.03829093974450551,1.4313605948213417,0.9190425324866094,-0.2644969883099853,1.3115,0.9936784427434703,1.109973486889144,12.828320264816284,10.020519256591797,1
corridor_position_only_1772912593,corridor_position_only,144,1.0250394870430952,-0.33603782182020986,1.4252127766474052,-0.08705220543924252,0.11174712611309823,1.3115,1.2042383018558778,1.0658120146198502,2.8619537353515625,3.106722831726074,1
corridor_position_only_1772912593,corridor_position_only,145,0.05229854992658556,0.09934451183936714,1.4259791526292998,-0.5815003607986469,0.5301313969718934,1.3115,0.7748444205293072,2.4366106735477713,124.79779648780823,16.230840921401978,1
corridor_position_only_1772912593,corridor_position_only,146,-0.6018382544460592,0.5469623511790203,1.620747102524451,0.03700706886423388,0.6035647584422456,1.3115,0.7120119030207243,0.6174947977737321,14.384896516799927,2.4195926189422607,1
corridor_position_only_1772912593,corridor_position_only,147,0.010256614205651493,0.6276755584349601,1.628948126516327,0.38240049325575054,-0.4130399197987627,1.3115,1.1499361227383142,1.7425335670515396,29.970669746398926,15.031152248382568,1
corridor_position_only_1772912593,corridor_position_only,148,0.4116035664892721,-0.42461128535903014,1.6263019357394777,-0.619213147185695,-0.5342856991141075,1.3115,1.0833798193475366,1.0533583104282869,6.555538177490234,4.010508298873901,1
corridor_position_only_1772912593,corridor_position_only,149,-0.6318907723460785,-0.5628292981200036,1.6240597599975948,-0.512513672720895,-0.2680531527130119,1.3115,0.4459119547463141,0.29202195756629773,3.7573537826538086,1.704509973526001,1
corridor_position_only_1772912593,corridor_position_only,150,-0.5368550910107638,-0.2869211009014503,1.6244369648383326,0.4500994377486758,-0.5062324969689606,1.3115,1.0583507330965833,1.0517047891413238,8.665913820266724,4.609188556671143,1
corridor_position_only_1772912593,corridor_position_only,151,0.4826523316282376,-0.5254454394721255,1.6331871328089267,-0.5381707049909699,-0.3602168741700888,1.3115,1.082987886496916,1.542504471441269,4.8593738079071045,10.82152009010315,1
corridor_position_only_1772912593,corridor_position_only,152,-0.5549273134662422,-0.38034430001537867,1.6205156160523309,-0.6338997034786091,-0.10988997272303469,1.3115,0.41817799140990336,0.2888240870455385,10.025762796401978,9.021115064620972,1
corridor_position_only_1772912593,corridor_position_only,153,-0.6756992270440572,-0.12699552044253717,1.638893071776872,0.12477303083432634,0.20560249453674795,1.3115,0.9265870162313813,2.158079227176805,15.378642082214355,17.637861967086792,1
corridor_position_only_1772912593,corridor_position_only,154,0.12418918968475079,0.20512363863978147,1.3114784472151655,0.37149857197097913,-0.63066309010225,1.3115,0.8716085055646395,0.8721055541437215,8.134446859359741,2.8065717220306396,1
corridor_position_only_1772912593,corridor_position_only,155,0.37076553158647063,-0.6311196731830003,1.3118433746060383,-0.75194348356766,-0.362570111445742,1.3115,1.1543805775062883,1.155958240564306,8.816312074661255,2.8089773654937744,1
corridor_position_only_1772912593,corridor_position_only,156,-0.753402401518097,-0.36196331622175126,1.3124538018077474,-0.5072793396356601,-0.45535402973536,1.3115,0.26324759580830986,0.26310184254892416,7.6682844161987305,2.8059308528900146,1
corridor_position_only_1772912593,corridor_position_only,157,-0.5077380796319134,-0.45612185361081203,1.3124927690287218,0.3523809571730465,-0.23611265923113267,1.3115,0.88781179800464,0.8874040109031901,8.471571683883667,2.70686411857605,1
corridor_position_only_1772912593,corridor_position_only,158,0.3520065831759358,-0.23632302239228944,1.3115187187269777,-0.800293891870835,-0.39615163847131546,1.3115,1.1633320986120606,1.1628418522450337,6.86662483215332,3.5127086639404297,1
corridor_position_only_1772912593,corridor_position_only,159,-0.7997456845969809,-0.396470090018782,1.3113741214436887,0.14114469027325027,-0.011876071245456199,1.3115,1.016458200146505,0.0,218.87522172927856,0.0,0
corridor_position_only_1772912593,corridor_position_only,160,-0.7997456845965503,-0.39647009002012873,1.3113741214428802,0.18264742211385587,-0.4098455280058814,1.3115,0.982484164909972,0.0,324.124071598053,0.0,0
corridor_position_only_1772912593,corridor_position_only,161,-0.7997456845965516,-0.3964700900201304,1.311374121442884,-0.8332188860045463,-0.300463226488713,1.3115,0.10167491776761624,0.33916860607803556,14.728785991668701,4.9099626541137695,1
corridor_position_only_1772912593,corridor_position_only,162,-0.8491284761925508,-0.31624545000235005,1.6143835975490264,-0.6356314547342441,0.48058448373661566,1.3115,0.8787817676410075,2.3330722512600537,21.946304082870483,10.82284927368164,1
corridor_position_only_1772912593,corridor_position_only,163,-0.511989198722566,0.6010147398554194,1.4357781768185789,0.6911373949197446,-0.058140418671475236,1.3115,1.3774774729828851,0.0,113.01129961013794,0.0,0
corridor_position_only_1772912593,corridor_position_only,164,-0.511989198719029,0.6010147398547012,1.4357781768384212,0.2901190959173825,0.28123383752926945,1.3115,0.8724004854737768,1.050226399233615,20.64565682411194,9.822757959365845,1
corridor_position_only_1772912593,corridor_position_only,165,0.46547877528519366,0.3301281609617444,1.442482772922873,-0.3105561547069281,-0.24412492474827535,1.3115,0.9742449927086726,2.2958567236080287,16.690438270568848,20.342366695404053,1
corridor_position_only_1772912593,corridor_position_only,166,-0.4853577221281441,-0.2719340627201282,1.4390000661625404,-0.16721628927046872,0.6124719518415541,1.3115,0.9484957758287937,1.0681834153995826,13.630864143371582,2.9122977256774902,1
corridor_position_only_1772912593,corridor_position_only,167,-0.19385467331573575,0.7552555179944298,1.427304703227795,-0.6712671392663598,-0.5329715427607278,1.3115,1.3787176476699665,1.4840561547081694,13.320774555206299,10.621113061904907,1
corridor_position_only_1772912593,corridor_position_only,168,-0.7826653131202743,-0.6059244578423696,1.426185444967872,-0.503224158330312,-0.35127923821465407,1.3115,0.39507505382784414,0.4003576894865841,16.730295419692993,34.16621017456055,0
corridor_position_only_1772912593,corridor_position_only,169,-0.42397005128630355,-0.5085495002189709,1.4378181002610382,-0.7139767160986251,-0.022321350730470035,1.3115,0.5800671870086568,0.7157286960749955,7.01305627822876,5.116808176040649,1
corridor_position_only_1772912593,corridor_position_only,170,-0.8786228312889097,0.026161746652454326,1.4370909057924328,-0.6509388959029203,-0.1963464069111509,1.3115,0.3422322726641952,0.2358157575894967,3.560962200164795,7.815829753875732,1
corridor_position_only_1772912593,corridor_position_only,171,-0.8269842638804722,-0.20384034275276144,1.4375834623292922,0.7464368446214729,-0.3886415156402526,1.3115,1.58924588961338,1.4967136197814628,8.17161250114441,3.111426830291748,1
corridor_position_only_1772912593,corridor_position_only,172,0.6315367123567561,-0.5396539607879945,1.447524504170782,0.9690232104508749,0.02199221500113957,1.3115,0.6692131416143123,0.7260931841176865,11.190784454345703,3.2072641849517822,1
corridor_position_only_1772912593,corridor_position_only,173,1.1318824015664486,-0.02636937115579875,1.435965000579233,0.6521349935864189,-0.4860018894819629,1.3115,0.675952042482007,0.8394276722677,11.423731327056885,4.008072137832642,1
corridor_position_only_1772912593,corridor_position_only,174,0.5418999645576696,-0.6223630862395765,1.4382121603739701,0.1330837705525898,-0.4099290276616797,1.3115,0.47782306485907006,0.3941217435053546,6.762675046920776,2.908494234085083,1
corridor_position_only_1772912593,corridor_position_only,175,0.14923031324957722,-0.5918809599056745,1.4422692897975606,-0.30093424347781306,0.05562131623466937,1.3115,0.7993797175902403,0.7895275582567359,7.474786043167114,10.0236496925354,1
corridor_position_only_1772912593,corridor_position_only,176,-0.12715304203864308,0.009659693686066687,1.4410246804578732,0.1825922553172432,-0.6717944604059854,1.3115,0.7596700311392539,0.8857413556941902,36.08372449874878,8.517400026321411,1
corridor_position_only_1772912593,corridor_position_only,177,0.20025717635075524,-0.806236153957812,1.4246506337924874,-0.7473908085229743,0.6172053593037848,1.3115,1.7137752217952467,1.8301209248182293,20.50079321861267,13.025135278701782,1
corridor_position_only_1772912593,corridor_position_only,178,-0.795255596223589,0.7256329679270686,1.4240104356764725,-0.36830222225822007,0.19338474033567887,1.3115,0.6915460631445295,0.5338346617486014,20.63913345336914,2.9063966274261475,1
corridor_position_only_1772912593,corridor_position_only,179,-0.4979993841648884,0.2824190726518584,1.4309781690496168,0.06166400570641384,-0.17713058396165293,1.3115,0.7339509722967075,0.6069342509898032,2.3049778938293457,2.6094915866851807,1
corridor_position_only_1772912593,corridor_position_only,180,-0.10237825665867395,-0.17773008776157664,1.4328790549741302,0.7732876662352792,0.5829469752557884,1.3115,1.166256094391303,1.3082489701411595,14.89847207069397,6.413931369781494,1
corridor_position_only_1772912593,corridor_position_only,181,0.8783819431544315,0.6845804606275284,1.4274763937585089,0.986790785419297,-0.49398576708838293,1.3115,1.1892103910170608,0.0,556.2362713813782,0.0,0
corridor_position_only_1772912593,corridor_position_only,182,0.8783819437348311,0.684580457868067,1.4274763933162764,0.2656057103225853,0.413672739265866,1.3115,0.6799531072359329,0.5093753049197505,15.314939737319946,2.4096457958221436,1
corridor_position_only_1772912593,corridor_position_only,183,0.4095301832703221,0.4858185024493984,1.4312971613277201,-0.47337465166537035,-0.518136734502522,1.3115,1.342310852678391,1.671602600043908,23.545825958251953,8.723670244216919,1
corridor_position_only_1772912593,corridor_position_only,184,-0.5796828660117633,-0.649187539990208,1.4357560271620617,0.44542089141986874,-0.02430810636723002,1.3115,1.2069596432157634,1.7320896334167013,16.268996477127075,10.42342472076416,1
corridor_position_only_1772912593,corridor_position_only,185,0.6105282540315844,-0.11177978521678703,1.4447811559953756,-0.09517379708833662,0.379007629833947,1.3115,0.869857194182188,1.875669878264277,27.537898540496826,10.422569036483765,1
corridor_position_only_1772912593,corridor_position_only,186,-0.1882343682795744,0.47426609781091567,1.4255885271546873,0.04403133519715996,-0.32890680089846874,1.3115,0.843830702369322,0.8438766658249612,5.470960378646851,2.2059080600738525,1
corridor_position_only_1772912593,corridor_position_only,187,-0.09988531228404385,-0.36488818989616933,1.427100033987618,-0.4127544382190081,0.4930154636792571,1.3115,0.920461371617143,1.0423226118921018,11.372233152389526,2.807277202606201,1
corridor_position_only_1772912593,corridor_position_only,188,-0.4856682092025979,0.6033268746813695,1.425233894075389,0.9236277239317321,0.1147030063858252,1.3115,1.4959290459372112,0.0,338.3978443145752,0.0,0
corridor_position_only_1772912593,corridor_position_only,189,-0.4856646368750107,0.6033429515906921,1.4252514044926825,0.37111736118755023,-0.2828396854611636,1.3115,1.237874969631551,1.1520267929573242,9.628888130187988,2.9067537784576416,1
corridor_position_only_1772912593,corridor_position_only,190,0.20189030055290536,-0.3208403850224165,1.4363071597195385,0.3559842022503137,-0.010024459624534132,1.3115,0.3686845496336006,0.3755761886008264,3.0061779022216797,1.704242467880249,1
corridor_position_only_1772912593,corridor_position_only,191,0.18588670610917846,0.054305816346471095,1.4413888146689868,-0.5723803883696872,-0.3146938788489167,1.3115,0.8532296676744335,1.0038261311100511,4.7098095417022705,2.9069764614105225,1
corridor_position_only_1772912593,corridor_position_only,192,-0.7294627300936629,-0.3575665671998224,1.4324925377302866,-0.8065387143536853,0.04002842701318898,1.3115,0.4226839019401029,0.5017120274084127,3.307929515838623,2.5159029960632324,1
corridor_position_only_1772912593,corridor_position_only,193,-0.9521814355117924,0.09197797029435151,1.4291612666575495,-0.19499397404507146,0.3854075366193458,1.3115,0.8205351521218027,0.7819494716404162,9.04728627204895,2.1075117588043213,1
corridor_position_only_1772912593,corridor_position_only,194,-0.28843464783274675,0.5053176538422745,1.4295386812299231,-0.6203174712580108,-0.19712726277005532,1.3115,0.7858168995546783,0.8668318550234599,3.7696409225463867,8.018203496932983,1
corridor_position_only_1772912593,corridor_position_only,195,-0.7848387600730735,-0.20340879044356902,1.4331909984545708,-0.41862373464890457,0.2493750289720732,1.3115,0.5949246431909776,1.260622888033923,3.708486557006836,7.315930604934692,1
corridor_position_only_1772912593,corridor_position_only,196,-0.2462779764934533,0.27759486711869685,1.4376823914528483,0.5024058169337922,0.002703385159597227,1.3115,0.807474300090746,0.8554139345913441,4.40852689743042,9.623343706130981,1
corridor_position_only_1772912593,corridor_position_only,197,0.5022777085959552,0.002870617790830976,1.3116406296304635,-0.5130733252995743,0.5052110712724055,1.3115,1.1328211125387306,1.1322905533899401,4.769019603729248,2.7113685607910156,1
corridor_position_only_1772912593,corridor_position_only,198,-0.5122981152918669,0.5052997191310492,1.3120323823894582,0.04269550282267098,0.5585673086266344,1.3115,0.5575442903209971,0.5569701079773094,3.209214925765991,2.5062289237976074,1
corridor_position_only_1772912593,corridor_position_only,199,0.04209855030241716,0.5586705723240097,1.311640754379193,0.1296713615490115,0.09713811948720619,1.3115,0.4697671999011672,2.1762473104009947,276.48833870887756,12.323168516159058,1
corridor_position_only_1772912593,corridor_position_only,200,0.06754231020173662,0.07413157543039074,1.6513199523562043,0.9744584358825197,0.03349299425157315,1.3115,0.9693430524429637,0.8314159722634038,4.360007047653198,2.70648193359375,1
corridor_position_only_1772912593,corridor_position_only,201,0.8966160332154447,0.012178552842788543,1.6582831571818932,0.5287469732091561,-0.5334113550358048,1.3115,0.7438108301133588,1.314677822343678,176.4900414943695,14.736477851867676,1
corridor_position_only_1772912593,corridor_position_only,202,0.48703257209017126,-0.700395155129476,1.4370339065493196,-0.032373009478670944,0.26887437974836936,1.3115,1.1068081817102344,1.2612015003793107,10.64044451713562,4.210979223251343,1
corridor_position_only_1772912593,corridor_position_only,203,-0.14863349530427783,0.3848496319321775,1.4336948669754765,0.020563634122989782,-0.5874109250148023,1.3115,0.9944092943634594,1.1449965529462205,10.521995067596436,4.810732126235962,1
corridor_position_only_1772912593,corridor_position_only,204,0.03731376250016649,-0.7418448377408393,1.4292052482359523,-0.6259185658551252,0.5222367467162697,1.3115,1.432352574962416,1.5618897931650204,20.296937227249146,12.634224891662598,1
corridor_position_only_1772912593,corridor_position_only,205,-0.6933558889238598,0.6367807274025816,1.4248046562965404,0.29890791364644986,-0.19477028488244097,1.3115,1.2995778103145703,1.17469439849479,13.651213645935059,10.82243275642395,1
corridor_position_only_1772912593,corridor_position_only,206,0.1296522453725718,-0.2008087284288805,1.4351139535316972,0.7182555351212587,-0.7366356003916756,1.3115,0.805508956454332,0.8506315736993583,18.76698064804077,2.9083073139190674,1
corridor_position_only_1772912593,corridor_position_only,207,0.6710312630354676,-0.8566227469522556,1.425999695381114,0.19211808502296313,0.5208816169511331,1.3115,1.4628691960969322,1.6054704373939854,45.67409944534302,11.727962970733643,1
corridor_position_only_1772912593,corridor_position_only,208,0.12997720281344294,0.6537578619410294,1.427332928718286,0.5887274737535213,-0.12165254921740487,1.3115,0.9083668775312885,1.4592611098806858,36.087599992752075,14.93266773223877,1
corridor_position_only_1772912593,corridor_position_only,209,0.7339714094891924,-0.2264883370281448,1.4406276963985079,-0.5938213856072367,-0.5006442805404492,1.3115,1.361935809812744,1.3650943907331585,13.378639698028564,3.1070117950439453,1
corridor_position_only_1772912593,corridor_position_only,210,-0.5594432712507661,-0.6628970413970806,1.4341653049168732,0.9402245759169743,-0.24507078261374604,1.3115,1.5616110947953568,1.6158977530140703,18.296287298202515,3.3118715286254883,1
corridor_position_only_1772912593,corridor_position_only,211,1.0112708881786951,-0.2838170454877352,1.4309768669879923,-0.8470467870419227,0.16870034915096044,1.3115,1.9163484276699843,2.535078634068327,43.78406524658203,16.235438585281372,1
corridor_position_only_1772912593,corridor_position_only,212,-0.9820345577300729,0.28253790667999557,1.4395809690702905,-0.5783504735933301,-0.1733064539990693,1.3115,0.6222215486353803,0.5116145048444105,5.009878396987915,7.81893253326416,1
corridor_position_only_1772912593,corridor_position_only,213,-0.7516673321298376,-0.17356778833591097,1.4365342221233839,0.12235051047652279,0.07505901379774027,1.3115,0.9172546171241015,0.7919446551361875,5.009930372238159,2.5062859058380127,1
corridor_position_only_1772912593,corridor_position_only,214,-0.03292155586496359,0.1589573556410962,1.4387889982558764,-0.456967114484549,0.4909265936915409,1.3115,0.5533721170006431,0.6389797434173935,4.361085653305054,3.3161702156066895,1
corridor_position_only_1772912593,corridor_position_only,215,-0.42279814379275105,0.6651907076994137,1.4405791025423649,-0.8005585583250759,-0.09438001741886093,1.3115,0.8580862613732245,1.0260920896767676,14.830504417419434,9.819640159606934,1
corridor_position_only_1772912593,corridor_position_only,216,-0.9714871941576873,-0.06774621408849288,1.437307248258787,0.664095736289511,-0.12018114105621003,1.3115,1.6412520853454544,2.0318886879748437,8.120838165283203,16.33930516242981,1
corridor_position_only_1772912593,corridor_position_only,217,0.8092817813901763,-0.20721448375106155,1.4344955423415564,-0.07868761334510388,0.025945815217491397,1.3115,0.9262727861907303,1.6147873135303699,4.166506290435791,9.419830799102783,1
corridor_position_only_1772912593,corridor_position_only,218,-0.22997657048518605,0.07896724897154381,1.4312747798371315,0.8350591008487913,0.5569626449716115,1.3115,1.1735103653978138,1.29515747034454,18.242472648620605,11.029950618743896,1
corridor_position_only_1772912593,corridor_position_only,219,0.8902377840016801,0.7162753240706492,1.4355307219671747,0.40340709469972924,-0.1813992489112155,1.3115,1.0286920720099306,1.1899338363979726,20.234782934188843,12.534587860107422,1
corridor_position_only_1772912593,corridor_position_only,220,0.22021234869196127,-0.18487631009970096,1.4422424976750856,0.5460569575755418,0.1623614961845481,1.3115,0.4938040137037274,0.8999988647591581,6.091020584106445,8.617857933044434,1
corridor_position_only_1772912593,corridor_position_only,221,0.7166697277965451,0.15876141462214333,1.4352362166406756,-0.4150097531624425,0.18018062970465287,1.3115,1.1386254352098861,2.5034162018936397,26.09070611000061,10.231698274612427,1
corridor_position_only_1772912593,corridor_position_only,222,-0.5251622218514853,0.33666278960591023,1.4476769233288076,0.7124336812096612,-0.4976796343373456,1.3115,1.498771181372441,1.5071212555175226,12.234368324279785,3.8081233501434326,1
corridor_position_only_1772912593,corridor_position_only,223,0.6173702353806787,-0.6460928999674145,1.4386697664239383,-0.6759071595509779,-0.40888140956675006,1.3115,1.3209874567578737,1.499233241888365,28.561734676361084,10.021156549453735,1
corridor_position_only_1772912593,corridor_position_only,224,-0.8163909352984965,-0.4702737815766911,1.429258981270432,0.7724957715717773,-0.19726983030424305,1.3115,1.61646506375773,1.7239040676359403,17.489458799362183,5.1202757358551025,1
corridor_position_only_1772912593,corridor_position_only,225,0.900886300180675,-0.3231312424735911,1.440419655797776,-0.2919811986226717,0.4885654146480186,1.3115,1.4485871083696573,1.7283614236519316,75.1695945262909,6.918672561645508,1
corridor_position_only_1772912593,corridor_position_only,226,-0.2332604488040282,0.6574198433583025,1.4404408410986314,-0.46096944230057385,-0.7065447518773718,1.3115,1.388839999164356,1.5092343073940837,12.782619953155518,4.910345077514648,1
corridor_position_only_1772912593,corridor_position_only,227,-0.5234448155891158,-0.8229326641844099,1.4252013304059954,-0.03773654072566912,0.48353093101976363,1.3115,1.398459025642415,1.4701347271485967,33.440667152404785,3.9089040756225586,1
corridor_position_only_1772912593,corridor_position_only,228,-0.1127207776251703,0.588543527372438,1.4262054554877188,-0.35882275493917826,-0.22130263117817528,1.3115,0.8541512309162204,0.9148857216731906,13.032552480697632,2.6064891815185547,1
corridor_position_only_1772912593,corridor_position_only,229,-0.5145270163924451,-0.23334367272144532,1.431061241759166,0.36406313535698365,-0.18046838988923564,1.3115,0.8882631033745937,0.702148948982634,2.5568630695343018,2.313875913619995,1
corridor_position_only_1772912593,corridor_position_only,230,0.18572793474980254,-0.18247209816723647,1.439301518128449,-0.2893688645879192,0.5601748437660033,1.3115,0.8908280850644958,1.0274343920858875,14.701345682144165,3.007214069366455,1
corridor_position_only_1772912593,corridor_position_only,231,-0.3247826636701669,0.7089585821114499,1.4293394933711654,0.8483035282296632,-0.07326953360516819,1.3115,1.4148845128990524,0.0,259.64183735847473,0.0,0
corridor_position_only_1772912593,corridor_position_only,232,-0.3247899141857217,0.7089655637045922,1.429358499319656,-0.030226834141979353,-0.7121271703681586,1.3115,1.4560778113895918,1.5432081598477299,20.76583194732666,4.113759517669678,1
corridor_position_only_1772912593,corridor_position_only,233,-0.09906609629677693,-0.8172095783546297,1.4253879662430302,0.3825538316954238,-0.38866232021478003,1.3115,0.6546609629062734,0.6605588878597606,31.592324018478394,3.7082772254943848,1
corridor_position_only_1772912593,corridor_position_only,234,0.4756956609189057,-0.4997975651741909,1.4274651957934301,1.0780851221544403,-0.020701689516109623,1.3115,0.7783661398825297,0.8625419225317087,8.719753503799438,3.1067111492156982,1
corridor_position_only_1772912593,corridor_position_only,235,1.2212149574255715,-0.06602686384733386,1.4282840462736028,-0.8365496790829209,0.5132465602141257,1.3115,2.1409323932700093,3.5305704063975942,142.33834958076477,25.656665563583374,1
corridor_position_only_1772912593,corridor_position_only,236,-0.8608579506718306,0.5305768521489631,1.6247026282644328,-0.3298225525979577,0.018440575456700192,1.3115,0.8014849008330969,0.0,293.05229806900024,0.0,0
corridor_position_only_1772912593,corridor_position_only,237,-0.8608584601922697,0.5305761069678611,1.6247099165950392,-0.46387303937048446,-0.7278917314232478,1.3115,1.3562592585723836,3.299771116173866,71.84082198143005,12.129359483718872,1
corridor_position_only_1772912593,corridor_position_only,238,-0.4478153015225918,-0.7640204224581584,1.634112424876185,0.8590501337289052,0.07784560238200366,1.3115,1.5876758001304148,1.8051383253609214,417.7824411392212,13.02639627456665,1
corridor_position_only_1772912593,corridor_position_only,239,1.0265156528803407,0.13755445596726024,1.6491854490035789,-0.5254141257683229,0.5134020137008949,1.3115,1.6321087240069445,2.151218101112494,44.79496622085571,8.416979312896729,1
corridor_position_only_1772912593,corridor_position_only,240,-0.5616114726782382,0.5349014035166183,1.6366472706617303,0.15549489187058407,-0.6784687616510744,1.3115,1.446454093089122,1.5862030535643907,21.764255046844482,6.813977479934692,1
corridor_position_only_1772912593,corridor_position_only,241,0.1950779723436895,-0.7189451084982181,1.6467512985861135,-0.7088930401723994,0.08573099840681742,1.3115,1.2558107587120293,0.0,178.50033354759216,0.0,0
corridor_position_only_1772912593,corridor_position_only,242,0.1950685847466873,-0.7189507743648359,1.646779207511246,-0.30080901372047286,-0.2543056875771598,1.3115,0.7577610417056647,0.7072255784994529,3.2568929195404053,4.510377407073975,1
corridor_position_only_1772912593,corridor_position_only,243,-0.3391870485394678,-0.27999922169840835,1.639678840133528,0.2496139970684501,-0.08890674737843696,1.3115,0.7006456709079805,1.8895522518537826,28.026421070098877,17.93685793876648,1
corridor_position_only_1772912593,corridor_position_only,244,0.3732893170375373,-0.13586952946314873,1.4244353731373431,0.5789578966707161,-0.44767191981630017,1.3115,0.3902239021176677,0.5115201259210351,3.657306671142578,10.522369146347046,1
corridor_position_only_1772912593,corridor_position_only,245,0.6614067223050519,-0.5579046647746423,1.4256482830746426,0.30644445864790515,-0.67234093227264,1.3115,0.39003038146837715,0.48815055351107417,12.037829399108887,4.0155322551727295,1
corridor_position_only_1772912593,corridor_position_only,246,0.23254849456455345,-0.7895302891164002,1.4264730085634416,-0.2105286084007837,0.3162333679467594,1.3115,1.196766216581993,1.3402514916489523,26.624089002609253,3.411966562271118,1
corridor_position_only_1772912593,corridor_position_only,247,-0.31870139573426004,0.4312606694434602,1.4308381250130031,0.5702701147955418,-0.062194931532683295,1.3115,1.023723773656734,1.7832863356404631,67.30427932739258,10.621809959411621,1
corridor_position_only_1772912593,corridor_position_only,248,0.6921679705074877,-0.10178912846220153,1.4240636374284779,-0.3846311701200903,0.3824465844843504,1.3115,1.1860232659692116,2.6626171604971196,15.707440614700317,14.42923092842102,1
corridor_position_only_1772912593,corridor_position_only,249,-0.47845233725899317,0.4802142173568823,1.4257502155977044,-0.33360833801021395,0.06797693627812573,1.3115,0.4516331163607337,0.3438856019094177,16.582794666290283,8.925459146499634,1
corridor_position_only_1772912593,corridor_position_only,250,-0.4864666717224081,0.13826858932063496,1.4339008065501129,0.9451155065661652,-0.555011201117347,1.3115,1.595320142939124,1.6552928909127782,18.362335205078125,5.010546445846558,1
corridor_position_only_1772912593,corridor_position_only,251,0.9277793098554838,-0.7215143460019294,1.4337834933737352,-0.5060665350418558,0.001571901697864142,1.3115,1.6105033006155614,1.772019685798218,20.244552850723267,10.823249816894531,1
corridor_position_only_1772912593,corridor_position_only,252,-0.6564176396674475,0.045838912815214836,1.4306262900603173,0.7256041950613934,0.16216834586052575,1.3115,1.3920157907306403,0.0,91.02614951133728,0.0,0
corridor_position_only_1772912593,corridor_position_only,253,-0.6564188407261509,0.0458372881204378,1.4306230849020203,-0.3781580064410935,-0.07053009995432491,1.3115,0.3242850139320849,1.1513739434921606,2.7565653324127197,8.720869541168213,1
corridor_position_only_1772912593,corridor_position_only,254,-0.223718987473303,-0.180010227535524,1.4462448068399572,0.9981256112588675,-0.6888275611796729,1.3115,1.3303967323464294,1.3299105264127264,11.90958023071289,4.81097674369812,1
corridor_position_only_1772912593,corridor_position_only,255,0.9973419045919433,-0.6890191889917353,1.3117730489092088,-0.515099665957625,0.037356746779313,1.3115,1.6778264448236053,1.617813033905012,27.179252862930298,11.03098201751709,1
corridor_position_only_1772912593,corridor_position_only,256,-0.4346025674333682,0.008909552196731951,1.4293695410063085,0.5092869696832367,-0.3344424638701152,1.3115,1.0112918935264958,1.450926762890987,8.623047828674316,7.615443706512451,1
corridor_position_only_1772912593,corridor_position_only,257,0.34303990587626604,-0.4101683513872665,1.442113742400371,0.998536181422826,-0.09142966631264471,1.3115,0.7404928536605474,1.04262741888717,3.7606871128082275,8.219935894012451,1
corridor_position_only_1772912593,corridor_position_only,258,1.1432527612253045,-0.21576716110273056,1.448646827965672,-0.24054286203186737,0.3959298614830308,1.3115,1.5191684655781383,2.6364409016226675,14.327122688293457,9.421397924423218,1
corridor_position_only_1772912593,corridor_position_only,259,-0.33242166112887295,0.5055204401168266,1.42686445815236,-0.41712248449577255,-0.5773410989420189,1.3115,1.092278490338755,1.1814640144035882,9.369822025299072,3.007754325866699,1
corridor_position_only_1772912593,corridor_position_only,260,-0.5225875469513399,-0.660435122705982,1.4254724780303332,-0.19936782181169288,0.2528295440805183,1.3115,0.9754553132093654,1.0223026207881312,19.39222002029419,2.70687198638916,1
corridor_position_only_1772912593,corridor_position_only,261,-0.3163925717490197,0.3406209058411433,1.428128457523297,0.19627174148791826,0.34345362848873606,1.3115,0.5257707860737061,0.42197621150241305,7.1153342723846436,3.0075201988220215,1
corridor_position_only_1772912593,corridor_position_only,262,0.09471948594579083,0.4356817508985026,1.4255837897506167,0.8830078970041229,0.10319602056248656,1.3115,0.8631109378114766,0.0,125.20355582237244,0.0,0
corridor_position_only_1772912593,corridor_position_only,263,0.09471948594730872,0.43568175090490285,1.42558378975066,0.851535968071643,-0.713775829491568,1.3115,1.3809558384792162,1.487439641946413,75.24957537651062,11.422480583190918,1
corridor_position_only_1772912593,corridor_position_only,264,0.8426219298654932,-0.8477967531639319,1.424843314920909,0.9882321784525603,0.3545281659530163,1.3115,1.216402179651296,0.0,712.7087099552155,0.0,0
corridor_position_only_1772912593,corridor_position_only,265,0.842621929521073,-0.8477967530925181,1.424843315749614,0.6475671886614935,-0.19074692470090127,1.3115,0.6946996013719653,0.5790637458333854,20.57350444793701,2.6065738201141357,1
corridor_position_only_1772912593,corridor_position_only,266,0.7759716499024952,-0.2727041399374779,1.4280771336875715,0.8586280403173234,0.6091306866798317,1.3115,0.8933392235933665,1.769057117250306,123.02801942825317,9.719761610031128,1
corridor_position_only_1772912593,corridor_position_only,267,0.8653549595402595,0.6396269643315684,1.62653240520752,-0.03787042148684694,0.27043808238313705,1.3115,1.025359417870987,1.0948639151022224,8.469913482666016,9.420002460479736,1
corridor_position_only_1772912593,corridor_position_only,268,-0.07286921918293454,0.2750847242144802,1.6286550922213052,-0.17013888355598095,-0.3483336254672917,1.3115,0.706186362689831,0.0,107.1768410205841,0.0,0
corridor_position_only_1772912593,corridor_position_only,269,-0.07286921918248845,0.27508472421358166,1.6286550922170484,-0.7895712981407308,-0.7184412136762894,1.3115,1.265441824724558,0.0,265.71209144592285,0.0,0
corridor_position_only_1772912593,corridor_position_only,270,-0.07286921918250355,0.2750847242135883,1.6286550922170664,-0.11126458532951089,0.1908353664202781,1.3115,0.33039296443684113,0.1529634689005504,8.227909088134766,8.016601324081421,1
corridor_position_only_1772912593,corridor_position_only,271,-0.19835887548033848,0.19333109358502748,1.659018243938882,0.685535818571624,-0.6201492828229554,1.3115,1.250515526830615,0.0,961.869302034378,0.0,0
corridor_position_only_1772912593,corridor_position_only,272,-0.1983588754801584,0.1933310935769083,1.6590182439382333,0.9994588681815753,-0.10079032354267892,1.3115,1.2814225239589143,2.0246088909518516,15.994675159454346,10.02529501914978,1
corridor_position_only_1772912593,corridor_position_only,273,1.0498229407530786,-0.09517290649347332,1.6416750211335407,1.0914962170034874,-0.42468308229914875,1.3115,0.4683259148215738,0.7337100707274068,15.490863800048828,4.310638904571533,1
corridor_position_only_1772912593,corridor_position_only,274,1.122921118031018,-0.43761262181947846,1.6275287986219276,0.33153432744989875,-0.038565985863317165,1.3115,0.9409598671211392,0.8601496632710525,17.536595106124878,3.407597303390503,1
corridor_position_only_1772912593,corridor_position_only,275,0.36435005157121747,-0.03212021461003031,1.6281009134503759,-0.43599633362291246,-0.48683382781379425,1.3115,0.9734243394962677,0.9080712238302664,14.377274990081787,2.807044506072998,1
corridor_position_only_1772912593,corridor_position_only,276,-0.4133148302630548,-0.5008609931432045,1.6184694092945828,-0.7583558150513484,0.5885470138134749,1.3115,1.1832553845420122,1.8413134800293776,381.93276739120483,12.526307344436646,1
corridor_position_only_1772912593,corridor_position_only,277,-0.8765962749536914,0.665843208906354,1.6638407463692562,1.0989073044852347,-0.5040679275724245,1.3115,2.32281089656156,4.889897256009145,428.3154556751251,27.853255033493042,1
corridor_position_only_1772912593,corridor_position_only,278,1.249279785773341,-0.5835880697951696,1.6530852899129027,0.5065128649826163,-0.5315470246890391,1.3115,0.8192017329581004,0.6976462551686233,21.742165327072144,3.610482692718506,1
corridor_position_only_1772912593,corridor_position_only,279,0.5522455846208254,-0.55689652748275,1.6436009415510802,-0.4293934874215611,-0.005197142944449729,1.3115,1.1740010707147122,1.9144140718854783,66.56620240211487,12.530248165130615,1
corridor_position_only_1772912593,corridor_position_only,280,-0.5988003378617425,0.06376589557230175,1.4423368918230801,-0.6916730882776498,0.4626312252541428,1.3115,0.42992696037111183,0.5832137349804666,2.4571661949157715,2.607861042022705,1
corridor_position_only_1772912593,corridor_position_only,281,-0.6695100877585706,0.6415927904326666,1.440750897058877,0.8884986943003128,0.5700651585676811,1.3115,1.5649962816196539,1.661838771453149,32.91326069831848,3.309013605117798,1
corridor_position_only_1772912593,corridor_position_only,282,0.9922123936043442,0.6500279833920943,1.4248490838579728,0.4256896056265411,0.013878027216957523,1.3115,0.8593502492297381,0.9347123677141528,20.53718590736389,4.311358451843262,1
corridor_position_only_1772912593,corridor_position_only,283,0.2579720999979782,0.10244093665071065,1.4466231433127947,-0.13433135928159368,-0.3860983011133118,1.3115,0.6409608840299857,0.7885782828906467,9.234889268875122,2.409074544906616,1
corridor_position_only_1772912593,corridor_position_only,284,-0.28776637138156846,-0.466670677324746,1.4368800792913126,-0.7123664000710418,-0.4404682805209592,1.3115,0.4434996214704816,0.5551454846720638,15.938195943832397,3.3069393634796143,1
corridor_position_only_1772912593,corridor_position_only,285,-0.8417864877684225,-0.5003714807590918,1.4273373525731552,0.8140921036446596,-0.06266867188279923,1.3115,1.7166641927440343,1.8490334407555915,6.863641977310181,6.419476747512817,1
corridor_position_only_1772912593,corridor_position_only,286,0.9637982799561164,-0.1260049675025728,1.4325734023227317,0.7615176744636456,-0.2651101483423867,1.3115,0.27372698705988047,0.26385794381590655,5.764338970184326,1.3048763275146484,1
corridor_position_only_1772912593,corridor_position_only,287,0.8785844843814491,-0.3756442119829215,1.4319246069718992,-0.3437499685242069,0.4642376012519872,1.3115,1.487953312751198,1.801188839744951,70.14352893829346,11.727152347564697,1
corridor_position_only_1772912593,corridor_position_only,288,-0.21093599468004554,0.5437527984254285,1.4292344604880123,0.8128529870647874,0.44866223211876866,1.3115,1.0349142467514139,1.1429921951449398,9.368150472640991,3.107041835784912,1
corridor_position_only_1772912593,corridor_position_only,289,0.9312361171390763,0.500698886962999,1.4255804323028305,0.5093884370285202,0.19151342039865282,1.3115,0.5353180951393958,0.41777255006772496,7.064236640930176,1.9046576023101807,1
corridor_position_only_1772912593,corridor_position_only,290,0.6459927111373566,0.19548185788218006,1.4252802394000672,-0.5586446813091279,0.46731642313932775,1.3115,1.2401577403809343,1.1360156218058104,14.032373428344727,2.609955072402954,1
corridor_position_only_1772912593,corridor_position_only,291,-0.4261829019549658,0.5707725996185442,1.4339447055432675,0.7637687996193596,-0.5659328020914862,1.3115,1.6501748174881266,2.3134861334128582,87.47837591171265,18.436841249465942,1
corridor_position_only_1772912593,corridor_position_only,292,0.8113743985985103,-0.6298499412735459,1.431474671661993,-0.5543738860322531,0.3808866911395915,1.3115,1.7033058559501655,2.677966936485395,21.000247955322266,16.235490322113037,1
corridor_position_only_1772912593,corridor_position_only,293,-0.6416969470650711,0.46071951748701956,1.4236934381531787,-0.8603432022572358,-0.3486096050176698,1.3115,0.8458174631729939,0.9213158949659513,5.610751390457153,2.906932830810547,1
corridor_position_only_1772912593,corridor_position_only,294,-0.9994589702422869,-0.3882144868643297,1.4280216272098274,0.3792544105470368,-0.3860298796178444,1.3115,1.3836302426891276,1.229549294993156,9.868341207504272,10.522368907928467,1
corridor_position_only_1772912593,corridor_position_only,295,0.22498921903372382,-0.4693540832109354,1.4381140417567346,0.6726535731895666,-0.5960086022517591,1.3115,0.4821575020107085,0.451778990321118,10.847812175750732,1.708299160003662,1
corridor_position_only_1772912593,corridor_position_only,296,0.5919358174352318,-0.7327554433949932,1.431147912588845,1.0356501516485273,-0.2732676438628453,1.3115,0.6498669643027805,0.6574085425264127,13.185147762298584,2.9072844982147217,1
corridor_position_only_1772912593,corridor_position_only,297,1.1499796507866282,-0.3913733970443704,1.434012637260631,-0.6698257191224737,0.544751941462884,1.3115,2.050129649567041,2.37998076599954,104.44106340408325,16.837361812591553,1
corridor_position_only_1772912593,corridor_position_only,298,-0.7328524560704943,0.6329424787210803,1.4243223782109826,-0.2764902103114102,0.23002844979861703,1.3115,0.6191406165662113,0.8975082266782292,26.164913177490234,5.611927270889282,1
corridor_position_only_1772912593,corridor_position_only,299,-0.12335278757935153,0.24469667375943022,1.4290384515655723,-0.18745978111923978,0.11013792141251366,1.3115,0.18981847130960267,0.0,47.562748432159424,0.0,0
corridor_position_only_1772912593,corridor_position_only,300,-0.12335278758007207,0.2446966737593963,1.429038451580163,1.0564551369096007,0.5882381731625402,1.3115,1.2344159704494477,0.0,13.501526832580566,0.0,0
corridor_position_only_1772912593,corridor_position_only,301,-0.12335278758007195,0.24469667375939583,1.4290384515801602,0.6298776543313227,-0.7092175767856067,1.3115,1.2211157945152993,1.2214964583505707,19.430317640304565,4.810873985290527,1
corridor_position_only_1772912593,corridor_position_only,302,0.6289493380576221,-0.7094647465132189,1.3115968277373145,0.09549080338204752,0.31553979206790805,1.3115,1.1555138777642313,1.154890106578768,30.681172847747803,3.6080594062805176,1
corridor_position_only_1772912593,corridor_position_only,303,0.09651350242923218,0.31523506971216186,1.3118332374398278,-0.33067194742973827,0.6270490632166953,1.3115,0.5288813535790872,0.5286697522472054,12.323935508728027,1.7055604457855225,1
corridor_position_only_1772912593,corridor_position_only,304,-0.3301475158867466,0.6269708266224508,1.3115241758788754,-0.5486975863981116,0.34906831998240306,1.3115,0.35354481625646494,0.5794737879147046,18.408474683761597,11.822947025299072,1
corridor_position_only_1772912593,corridor_position_only,305,-0.643504818392612,0.48607349302791775,1.43355588485408,-0.7097207675893997,0.19200604105065588,1.3115,0.325204331563931,0.27185615849473177,3.8578689098358154,1.2068712711334229,1
corridor_position_only_1772912593,corridor_position_only,306,-0.8407261033857908,0.2990158101789846,1.4360100500025852,1.0116115803803134,-0.535446456693043,1.3115,2.0354323673570747,2.1148682171432416,16.446986436843872,6.320868968963623,1
corridor_position_only_1772912593,corridor_position_only,307,1.0217514747967675,-0.7014266716015898,1.4331668702185123,-0.041100457852425554,0.1343346520904536,1.3115,1.3575544365602323,1.5195801717040855,20.526723623275757,5.039462566375732,1
corridor_position_only_1772912593,corridor_position_only,308,-0.18333468847630863,0.22305074987218454,1.434453555025148,1.0772436982563796,-0.18057507532313088,1.3115,1.3293190935796824,2.1553797986174965,47.12233304977417,10.022897005081177,1
corridor_position_only_1772912593,corridor_position_only,309,1.1804984484179544,-0.2298459002387279,1.4248174027340739,-0.4506264766222849,-0.7002217701166814,1.3115,1.7013708631022704,1.800170800287965,20.79095482826233,6.214411020278931,1
corridor_position_only_1772912593,corridor_position_only,310,-0.5227872296583249,-0.8069245512103731,1.4258089073474467,0.8401580511821607,-0.09280958820580043,1.3115,1.542934394344536,1.6377817772909078,21.24581813812256,5.312575578689575,1
corridor_position_only_1772912593,corridor_position_only,311,0.9798406545899196,-0.15665958379067052,1.428877619300837,0.8486111188880205,0.32404407573585325,1.3115,0.5119323244682449,1.6727271625516258,32.79031300544739,15.230100154876709,1
corridor_position_only_1772912593,corridor_position_only,312,0.8656386535971686,0.3402872133254128,1.6147897072099113,0.6353495500490238,0.11742672192156478,1.3115,0.4412306838165796,0.29726472022192707,2.2050154209136963,2.607868194580078,1
corridor_position_only_1772912593,corridor_position_only,313,0.6570318020681573,0.1285156353667401,1.616155579884527,0.9521204343706913,0.10427753215149416,1.3115,0.4248291526207099,2.056786673642142,52.062864542007446,15.130373239517212,1
corridor_position_only_1772912593,corridor_position_only,314,0.8640807023157303,0.11371600933666164,1.4290964615879909,-0.6404951694765342,-0.5709947215136957,1.3115,1.6572284895870875,1.5911303873072862,41.540995836257935,7.418290853500366,1
corridor_position_only_1772912593,corridor_position_only,315,-0.5733166751820484,-0.5076170687767907,1.4275978468862105,-0.4755599916799326,-0.06754909277726562,1.3115,0.46550499752555324,0.4675803395823446,63.2751944065094,9.219977140426636,1
corridor_position_only_1772912593,corridor_position_only,316,-0.3811705016421332,-0.0831319457342137,1.427968536141444,-0.3398550724096364,0.3528462042754966,1.3115,0.4531543135505672,0.3835547685501498,1.15309476852417,1.804945707321167,1
corridor_position_only_1772912593,corridor_position_only,317,-0.2815358478712036,0.28710523751258016,1.4294271201138242,-0.8499680899021446,-0.6434579761702761,1.3115,1.09679985143071,1.0969896446658585,19.29006791114807,4.61297607421875,1
corridor_position_only_1772912593,corridor_position_only,318,-0.8491621362360271,-0.6439979624797141,1.3118018466956802,0.31624072637246003,-0.3422556168534173,1.3115,1.203832366416331,1.4925698698516494,133.18925285339355,8.920085430145264,1
corridor_position_only_1772912593,corridor_position_only,319,0.32061536555406545,-0.5330409421083059,1.4476960884943995,0.6726646599866193,-0.6885637339713573,1.3115,0.40825900972362045,0.45522535024280214,13.076917886734009,2.7109389305114746,1
corridor_position_only_1772912593,corridor_position_only,320,0.6663729237778522,-0.828432051691464,1.4273345323232136,-0.39326677856047054,0.6126744031490593,1.3115,1.7924959558763889,1.922263844827416,20.3353111743927,7.015027284622192,1
corridor_position_only_1772912593,corridor_position_only,321,-0.4253572093847846,0.7512464647665433,1.4266608991283962,0.3521846654185121,0.22218686952759892,1.3115,0.9474900817819054,1.0655135089552532,17.779285192489624,4.51053786277771,1
corridor_position_only_1772912593,corridor_position_only,322,0.5018103161300279,0.2338452903040343,1.4278006217018941,-0.22595368706040808,-0.03166420198940645,1.3115,0.7833655401190026,1.0530316454259423,3.1077468395233154,8.41795039176941,1
corridor_position_only_1772912593,corridor_position_only,323,-0.3877579355909829,0.012237290877208956,1.43465063946421,-0.8071914383755114,-0.6350331449090014,1.3115,0.7810566946780583,0.9051696769810741,20.758657455444336,10.620651960372925,1
corridor_position_only_1772912593,corridor_position_only,324,-0.8980089596616375,-0.7352596816565539,1.425298958876085,0.2518659612544083,0.20432486759460322,1.3115,1.4892889786688355,2.6300684939707026,152.03373551368713,12.937326192855835,1
corridor_position_only_1772912593,corridor_position_only,325,0.2717936578025145,0.21831495237042767,1.6175887594622127,-0.5410495219625238,-0.599323787380534,1.3115,1.192869428018505,1.2161854539181294,56.102072954177856,6.915146589279175,1
corridor_position_only_1772912593,corridor_position_only,326,-0.5202561652651553,-0.6208096717887925,1.6239711540554407,-0.8103962609555775,0.5433556263388298,1.3115,1.2397985072617896,3.300149562309736,20.55973196029663,15.22976541519165,1
corridor_position_only_1772912593,corridor_position_only,327,-0.838046952693539,0.5626563915358371,1.6262342069689693,0.5323579495517163,0.45371157602712164,1.3115,1.4102964900900952,1.3987256679934634,15.585270404815674,4.31519889831543,1
corridor_position_only_1772912593,corridor_position_only,328,0.5584728080389578,0.48690397756033477,1.6357741461386373,-0.20020971838015844,0.3765697062877079,1.3115,0.8324220979556567,0.743871167283646,9.985034942626953,2.50603985786438,1
corridor_position_only_1772912593,corridor_position_only,329,-0.18005260578154536,0.39877959293605175,1.6226505308761507,0.21232808953670523,0.37996713592846654,1.3115,0.5011298947993488,0.41295742470101493,8.616324186325073,2.6066224575042725,1
corridor_position_only_1772912593,corridor_position_only,330,0.23288081911036684,0.40277408362910466,1.624593777360734,0.17033007397537636,0.2622040028918261,1.3115,0.34885563882133297,0.12763193646808554,2.0049126148223877,3.5080854892730713,1
corridor_position_only_1772912593,corridor_position_only,331,0.19592440266780442,0.28061325430919176,1.6251491044031137,-0.38324139019188974,-0.5237856095244792,1.3115,1.0396472038381934,1.3681243459248877,9.372629165649414,12.135532855987549,1
corridor_position_only_1772912593,corridor_position_only,332,-0.35183918278264126,-0.5427496413468827,1.629563492236017,1.0611649370335183,-0.28010518210649915,1.3115,1.4719806859060631,0.0,14.830755233764648,0.0,0
corridor_position_only_1772912593,corridor_position_only,333,-0.3518362816259759,-0.5427476877124318,1.62954817327274,0.4325588110427365,-0.05847908559338699,1.3115,0.9751647968026832,1.6768099558197893,10.601459503173828,11.554171800613403,1
corridor_position_only_1772912593,corridor_position_only,334,0.43260727137900423,-0.05877254269031698,1.3113882718293912,-0.42020270268136595,0.6259628006619636,1.3115,1.0936852174075495,1.0943103002434726,2.3551318645477295,2.7067909240722656,1
corridor_position_only_1772912593,corridor_position_only,335,-0.42060735871985,0.62634077173841,1.3109540330590572,-0.47750686225843436,0.19163360510059435,1.3115,0.43841552471270395,0.0,67.5315215587616,0.0,0
corridor_position_only_1772912593,corridor_position_only,336,-0.4206073587282403,0.626340771779498,1.3109540328716838,-0.3622725149707745,-0.10735605744017929,1.3115,0.7360124246799923,0.7357992580260649,5.559560775756836,2.911349058151245,1
corridor_position_only_1772912593,corridor_position_only,337,-0.36195384658447916,-0.10683685852059752,1.3120321458209017,0.5990443250183624,-0.1583721584683444,1.3115,0.9623791644377403,1.9456754926510917,63.70947742462158,21.252923488616943,1
corridor_position_only_1772912593,corridor_position_only,338,0.5207361119348806,-0.16025647325282066,1.6569500853309767,1.0845214353248667,-0.6878899709992491,1.3115,0.845923613731914,0.5989614746001122,21.05655264854431,3.308323621749878,1
corridor_position_only_1772912593,corridor_position_only,339,0.960393346080817,-0.5669292681315854,1.6516535000232588,-0.0036642391662317086,0.2535040254103976,1.3115,1.31080975751731,0.0,367.84084248542786,0.0,0
corridor_position_only_1772912593,corridor_position_only,340,0.9603972501050049,-0.5669384899967683,1.6516491419373767,0.9121910944703144,-0.16355544647587217,1.3115,0.5298520095290672,0.0,152.95902037620544,0.0,0
corridor_position_only_1772912593,corridor_position_only,341,0.9603973888655194,-0.566930601498401,1.651657484497914,0.9353041510122815,-0.4535501523062141,1.3115,0.3594327629820767,0.24892790110786608,10.236900091171265,1.9079680442810059,1
corridor_position_only_1772912593,corridor_position_only,342,0.7808730837906361,-0.3945811723580421,1.6547402728097487,0.5800300104270868,-0.5622260006351449,1.3115,0.4315745746040723,0.34215927898576387,14.232922077178955,2.9068143367767334,1
corridor_position_only_1772912593,corridor_position_only,343,0.45257266439782673,-0.4906852156043231,1.6606613414947353,-0.5168680782191803,-0.4166154715545921,1.3115,1.0330611418613178,0.9957613583421099,34.5146279335022,6.313945770263672,1
corridor_position_only_1772912593,corridor_position_only,344,-0.3998634722906107,-0.316721253112184,1.6590770308342357,0.8203912550585057,-0.06661022524040017,1.3115,1.2932079949661963,0.0,101.74182605743408,0.0,0
corridor_position_only_1772912593,corridor_position_only,345,-0.399858615446986,-0.3167167340152767,1.6590535310548293,0.00959501541528296,-0.03564095570060566,1.3115,0.60617598593987,0.0,99.84099435806274,0.0,0
corridor_position_only_1772912593,corridor_position_only,346,-0.3998597740592462,-0.3167229658845329,1.65908089873699,-0.5488956845364849,-0.2056539686404807,1.3115,0.394157970777444,2.9475279143397923,11.175820112228394,14.360060214996338,1
corridor_position_only_1772912593,corridor_position_only,347,-0.7338010430365199,-0.2211135063686568,1.444586925682454,0.4286520691208411,-0.2961888517552692,1.3115,1.1724528456346806,0.9986589630303174,4.461004257202148,3.1082305908203125,1
corridor_position_only_1772912593,corridor_position_only,348,0.25692712879430546,-0.34655073238340633,1.4388800984873122,1.0491853113456757,-0.11949317013887961,1.3115,0.8339387590720705,0.9713155874334279,2.608175754547119,5.01024603843689,1
corridor_position_only_1772912593,corridor_position_only,349,1.1945299164266072,-0.20946694834974028,1.4360969985898597,-0.5365398321164943,-0.028830594684031707,1.3115,1.7449230294326226,1.9631909073985683,4.910176992416382,13.931620836257935,1
corridor_position_only_1772912593,corridor_position_only,350,-0.6980404055443238,0.014525119265912947,1.435347691740493,-0.018980928102300676,-0.4012665894645965,1.3115,0.8058180748173365,0.719484893853171,8.672986030578613,2.508453369140625,1
corridor_position_only_1772912593,corridor_position_only,351,-0.16610348295069577,-0.4699115665497441,1.4318588559752703,-0.5419229385403174,-0.5126911968198515,1.3115,0.3969340174102019,0.5169906212809298,12.0744309425354,2.305426836013794,1
corridor_position_only_1772912593,corridor_position_only,352,-0.6639468772230526,-0.6092388813543431,1.4301588599278126,0.44266057374641776,-0.09085717671975568,1.3115,1.2277538708065137,1.0791250323461412,16.992438793182373,3.1158149242401123,1
corridor_position_only_1772912593,corridor_position_only,353,0.25766396097810684,-0.04814915203935452,1.44766388145453,0.2871723502343628,0.45000473942521746,1.3115,0.517270381164975,0.6516403001307891,4.730751037597656,4.010944604873657,1
corridor_position_only_1772912593,corridor_position_only,354,0.4188563217459059,0.5627931120431375,1.4374299110037891,-0.3383562699733266,-0.6645626597332814,1.3115,1.4476295942182407,1.6020277948308999,20.995194673538208,8.418169975280762,1
corridor_position_only_1772912593,corridor_position_only,355,-0.40852410588047805,-0.7916614623002309,1.4278210094158048,-0.7950211023950139,-0.5752209781502231,1.3115,0.45799234570608127,0.4895369698445004,37.97536277770996,1.906665325164795,1
corridor_position_only_1772912593,corridor_position_only,356,-0.8897221504220127,-0.7017503529652387,1.4307242487784255,-0.24637859993608047,-0.046059372862148784,1.3115,0.9263023301477632,0.9923752419286679,25.53711462020874,4.613120079040527,1
corridor_position_only_1772912593,corridor_position_only,357,-0.08904149301067132,-0.11657846212949276,1.4364779662334155,1.0825009037044344,0.5830730889031267,1.3115,1.3702712768671628,0.0,24.410602569580078,0.0,0
corridor_position_only_1772912593,corridor_position_only,358,-0.08904149301044362,-0.11657846212894632,1.4364779662371001,0.3937357167503217,0.4495197366705105,1.3115,0.7544272642164658,2.072931679753228,22.73366689682007,10.12673020362854,1
corridor_position_only_1772912593,corridor_position_only,359,0.4153449002521371,0.479624815087327,1.6306824428767837,0.09589392206921576,0.1732714898683474,1.3115,0.5456910473661286,0.4116627882324328,7.654256343841553,3.412130355834961,1
corridor_position_only_1772912593,corridor_position_only,360,0.12464872664249282,0.1882101281822804,1.625936058082431,-0.2626828557662596,0.22523136800015264,1.3115,0.5002662906406331,0.369769540486835,5.763377666473389,3.2079758644104004,1
corridor_position_only_1772912593,corridor_position_only,361,-0.24145551994888304,0.23955480974559779,1.618161924173137,1.04936567538461,-0.6139804165053391,1.3115,1.5775878031066912,0.0,21.972313404083252,0.0,0
corridor_position_only_1772912593,corridor_position_only,362,-0.24145551994880254,0.23955480974912602,1.618161924133868,0.8476579481762156,-0.4995961892992917,1.3115,1.351500603610322,0.0,0.15444064140319824,0.0,0
corridor_position_only_1772912593,corridor_position_only,363,-0.24145551994880177,0.23955480974912666,1.6181619241338674,0.999225382997514,0.1957827908699734,1.3115,1.2787676209092596,0.0,7.599768400192261,0.0,0
corridor_position_only_1772912593,corridor_position_only,364,-0.24145551994880232,0.23955480974912544,1.6181619241338685,0.8491696792368195,0.04101779188175203,1.3115,1.1501833802815242,1.1427012991307182,4.6185462474823,3.1088650226593018,1
corridor_position_only_1772912593,corridor_position_only,365,0.8855803453449367,0.05139852601862434,1.6305343902360676,0.4936420205445542,0.18652939205793684,1.3115,0.5231242142714904,0.380552033749566,3.609419822692871,2.9067118167877197,1
corridor_position_only_1772912593,corridor_position_only,366,0.5399967745392377,0.21019139355292565,1.6432449577453456,-0.09236074799345795,0.15179411045501023,1.3115,0.7164781894561535,0.5825944809797964,2.6557376384735107,2.3059797286987305,1
corridor_position_only_1772912593,corridor_position_only,367,-0.04150332470948459,0.1746500830472883,1.645441275133842,1.1078380044774612,-0.676756658605596,1.3115,1.4688075796193365,0.0,30.707237482070923,0.0,0
corridor_position_only_1772912593,corridor_position_only,368,-0.04150332472353335,0.17465008304551624,1.6454412748799323,0.8528333385684477,0.3319976550960678,1.3115,0.9675293798158648,0.95764171205246,3.1569809913635254,3.1074490547180176,1
corridor_position_only_1772912593,corridor_position_only,369,0.8968736839351154,0.36569910484816753,1.646701635827502,0.8682178424992715,-0.18771119805148062,1.3115,0.6476451630833892,1.4166590453199321,11.274668455123901,13.039732933044434,1
corridor_position_only_1772912593,corridor_position_only,370,1.0012854225857502,-0.28586510814090216,1.4344683796479316,0.7281506569275744,0.30437977518307,1.3115,0.661900932840039,2.148274974869451,38.04029560089111,9.522051334381104,1
corridor_position_only_1772912593,corridor_position_only,371,0.8067596990531453,0.35370644771162796,1.6617742920182526,0.7479474164588928,-0.577832757920784,1.3115,0.9969534873117699,1.1319372398050127,20.662421703338623,7.28148078918457,1
corridor_position_only_1772912593,corridor_position_only,372,0.7894418419427692,-0.6059723694802919,1.6419929244954345,-0.22967088513766432,-0.23948185108669928,1.3115,1.1323125115052237,1.1022943480672096,14.542431831359863,4.8112404346466064,1
corridor_position_only_1772912593,corridor_position_only,373,-0.25505334488366094,-0.2582054791128008,1.6260145397648447,-0.10287784328217475,-0.12649496251664283,1.3115,0.37339582107086133,0.16454729620931782,1.8047511577606201,2.8076112270355225,1
corridor_position_only_1772912593,corridor_position_only,374,-0.1387718364566518,-0.14209016218499423,1.6336549540664156,-0.42255159876443377,-0.6424288007421585,1.3115,0.6592825806573629,0.6121055200768245,7.5461814403533936,2.7752742767333984,1
corridor_position_only_1772912593,corridor_position_only,375,-0.43078256079747645,-0.6798442699360725,1.631741037094802,0.354829865791056,-0.10615918381801348,1.3115,1.0241366045035991,0.0,206.4921236038208,0.0,0
corridor_position_only_1772912593,corridor_position_only,376,-0.4307801079073551,-0.6798457765466224,1.631764591304416,0.1558200981399842,-0.08460410013674957,1.3115,0.8949759010796889,0.8090476328129816,27.584531784057617,3.6748876571655273,1
corridor_position_only_1772912593,corridor_position_only,377,0.12846891769988666,-0.09538119009469878,1.621353836142772,-0.11945228356643134,-0.19501749904765864,1.3115,0.40914754780090706,0.29407196602619406,5.209294319152832,2.1083195209503174,1
corridor_position_only_1772912593,corridor_position_only,378,-0.1425888142587186,-0.20954690848701638,1.6219573978718125,0.3318678939166073,0.3079496013588844,1.3115,0.767655913498093,2.30817253599755,30.82423758506775,16.63509249687195,1
corridor_position_only_1772912593,corridor_position_only,379,0.44939933427644296,0.3300583097578325,1.4249866212447917,1.0208479653826805,-0.7179484314026792,1.3115,1.1990625007532456,0.0,228.0728476047516,0.0,0
corridor_position_only_1772912593,corridor_position_only,380,0.4494031166290202,0.3300511366856704,1.4249910901955474,0.4102948834544231,0.4908939742572821,1.3115,0.2006990280342692,0.24801253753445976,4.816945314407349,2.10859751701355,1
corridor_position_only_1772912593,corridor_position_only,381,0.5336080202421302,0.5631807300710254,1.4262464716702525,-0.7535500324460904,0.5409151008307768,1.3115,1.2924543951746879,1.2059496438251531,13.032186508178711,2.7066447734832764,1
corridor_position_only_1772912593,corridor_position_only,382,-0.6660294675484151,0.6859747957173101,1.4359286555929849,0.08999782670729739,-0.39018899595202206,1.3115,1.3210557393586406,1.4207541548778653,20.095924139022827,11.429942846298218,1
corridor_position_only_1772912593,corridor_position_only,383,-0.008522657038043724,-0.5525470496766276,1.4476216463914844,0.7185973295043389,-0.0021924058482002406,1.3115,0.9220210471725891,1.0100642814747527,6.0656914710998535,2.9069833755493164,1
corridor_position_only_1772912593,corridor_position_only,384,0.8881404779200802,-0.08789289349957718,1.4469273917875292,0.5464106363103696,-0.3684146229921246,1.3115,0.4623984253979037,0.6331004000645514,7.1642866134643555,3.4076523780822754,1
corridor_position_only_1772912593,corridor_position_only,385,0.3998690538544605,-0.4868160736371496,1.4467066599545748,-0.5139619892222635,0.19285593134788648,1.3115,1.1468749062330836,1.30453352230276,10.074082612991333,9.625789403915405,1
corridor_position_only_1772912593,corridor_position_only,386,-0.645172880267143,0.29363137499553227,1.4330459124299164,0.5323296907338615,-0.596151107667822,1.3115,1.4808776384282933,1.582093076895779,26.117751598358154,4.915093660354614,1
corridor_position_only_1772912593,corridor_position_only,387,0.5392086145966959,-0.7521255313677455,1.4302122700270736,1.0355210667208832,-0.07860828140682341,1.3115,0.8450113248847188,0.9182172220036792,20.09880256652832,8.218303680419922,1
corridor_position_only_1772912593,corridor_position_only,388,1.1887411696507204,-0.1878288498674976,1.445803879522185,-0.7869563598817484,0.1269499900661868,1.3115,2.0051194424087075,2.600997083818435,10.425326108932495,15.34928560256958,1
corridor_position_only_1772912593,corridor_position_only,389,-0.9251287882026529,0.2003159526494544,1.4308170028049148,0.7506323193838982,0.4718996806407124,1.3115,1.701813608526998,1.771066175014401,11.211548089981079,3.309114694595337,1
corridor_position_only_1772912593,corridor_position_only,390,0.7883293794492665,0.6479381137937332,1.440890311500842,0.3379643199026656,-0.17824688248558762,1.3115,0.9498169232266604,1.0381247470920927,21.284169673919678,3.629041910171509,1
corridor_position_only_1772912593,corridor_position_only,391,0.16275018070261882,-0.17992329139265187,1.4386144412820965,-0.17251882622201276,-0.4175398519690616,1.3115,0.4301453452576824,0.5608410002527706,13.151848316192627,8.920390367507935,1
corridor_position_only_1772912593,corridor_position_only,392,-0.31064040596171305,-0.4803871648766274,1.4287390718421817,0.7574215792941106,-0.1607836394865998,1.3115,1.121003040922174,1.245137169038109,6.8258044719696045,6.170397996902466,1
corridor_position_only_1772912593,corridor_position_only,393,0.8877027015845441,-0.2354921558096637,1.4286208283526147,0.3634891815089678,-0.1222712094150471,1.3115,0.5489408763851731,0.39011619686474863,4.386048078536987,1.9057748317718506,1
corridor_position_only_1772912593,corridor_position_only,394,0.5004641831222127,-0.1887432787665393,1.428518515203867,0.587483762479369,0.44248318454439606,1.3115,0.6478522887788896,1.651979889286413,10.923919916152954,10.734870672225952,1
corridor_position_only_1772912593,corridor_position_only,395,0.6266159574485638,0.4819158102220358,1.6449389412925957,-0.8261483224561612,0.13906884160904753,1.3115,1.5294605664823582,0.0,287.64883255958557,0.0,0
corridor_position_only_1772912593,corridor_position_only,396,0.6266159574603165,0.48191581017038543,1.6449389407646353,-0.41328085549813676,-0.20589516162582278,1.3115,1.290600961468197,2.5969541215625664,153.90171766281128,13.32956075668335,1
corridor_position_only_1772912593,corridor_position_only,397,-0.2857771834776388,-0.3293515786311615,1.4392971430849912,1.0847909010659067,-0.5555317799870487,1.3115,1.3949718519150982,0.0,15.664477109909058,0.0,0
corridor_position_only_1772912593,corridor_position_only,398,-0.28577718347991654,-0.32935157863551945,1.4392971430675936,-0.024308363217431572,0.24297933001433425,1.3115,0.642075324819185,3.221039059704563,25.660078048706055,21.044858694076538,1
corridor_position_only_1772912593,corridor_position_only,399,0.13576047166314453,0.2625897697118492,1.4310165920577833,-0.6185225183019238,-0.5999533417461554,1.3115,1.1520449921124634,1.7048259297647534,20.50921630859375,15.53911828994751,1
corridor_position_only_1772912593,corridor_position_only,400,-0.7177242746450402,-0.7014346555919331,1.426845448658876,-0.3296135588784648,-0.6338777870091323,1.3115,0.41048560353790076,0.4123573666437659,13.67888331413269,2.5084123611450195,1
corridor_position_only_1772912593,corridor_position_only,401,-0.31536246350821123,-0.7787645878891178,1.4283144148637037,-0.49271896240745156,-0.2986874736532744,1.3115,0.5249523510136522,0.5602970711973467,14.747918367385864,3.50811767578125,1
corridor_position_only_1772912593,corridor_position_only,402,-0.6509914740290751,-0.3348832847241743,1.4328950234481397,-0.735401943677243,-0.029811847292036453,1.3115,0.3390139540507284,0.4274572877800278,4.009185075759888,9.920072317123413,1
corridor_position_only_1772912593,corridor_position_only,403,-0.8984125196607272,0.01366492640087931,1.4351841131859913,-0.40978265365352173,-0.0010236293334023872,1.3115,0.5042545582127976,0.327329040603594,1.9544055461883545,2.007270574569702,1
corridor_position_only_1772912593,corridor_position_only,404,-0.5736733883935793,0.054668922232150134,1.437859730603412,0.18332233294474665,-0.2973654232194739,1.3115,0.844356254208052,0.7100641422026831,4.679983139038086,2.118591547012329,1
corridor_position_only_1772912593,corridor_position_only,405,0.015727429195330545,-0.3412937387367295,1.4369326901629704,1.097384213940354,0.16636704685304626,1.3115,1.2014300782700964,2.101393404160575,11.199716806411743,12.325627088546753,1
corridor_position_only_1772912593,corridor_position_only,406,1.2741089039287576,0.1638119283556657,1.438755277639237,0.0490375235463294,-0.6603644212665211,1.3115,1.4819785585478962,1.5385625224140678,20.22345995903015,10.551841497421265,1
corridor_position_only_1772912593,corridor_position_only,407,0.07773982179014965,-0.788633603639934,1.4259617061420946,-0.5255495682471185,0.20506671998759485,1.3115,1.1681181033962078,1.2994347826164145,20.178375959396362,6.972262382507324,1
corridor_position_only_1772912593,corridor_position_only,408,-0.6491947724026843,0.28243559131607804,1.427520522619178,-0.6813872768002017,-0.12419033358125353,1.3115,0.42407754220993793,0.43670175811594775,4.694084167480469,2.660759449005127,1
corridor_position_only_1772912593,corridor_position_only,409,-0.8386130660931909,-0.11103046992320953,1.430410815062543,0.4448550379336662,0.3499482461250879,1.3115,1.3689161890498156,1.3514236087938554,3.4285953044891357,2.906935214996338,1
corridor_position_only_1772912593,corridor_position_only,410,0.3637784747898484,0.5058123108213197,1.43829925431255,-0.0815558548659513,-0.5335803976840064,1.3115,1.137865509872866,1.3008778733051192,10.290208578109741,4.024397373199463,1
corridor_position_only_1772912593,corridor_position_only,411,-0.16598235655041144,-0.6817340095259483,1.436666843982585,0.19719503221606915,0.41395374647320293,1.3115,1.16107545542495,1.2439704792242905,9.759620428085327,3.5120673179626465,1
corridor_position_only_1772912593,corridor_position_only,412,0.10774526514473592,0.5314939126137919,1.427520561572941,-0.6963553755460551,0.2947415577626141,1.3115,0.8462211818399603,0.9261138180264138,12.044942140579224,2.955967903137207,1
corridor_position_only_1772912593,corridor_position_only,413,-0.807076563105748,0.3874166755370868,1.4268227711279815,0.6769796697627048,0.2308152146988497,1.3115,1.4967452226057079,1.6699222246364458,7.824379205703735,6.932862043380737,1
corridor_position_only_1772912593,corridor_position_only,414,0.8376438923041514,0.24681188729426531,1.4311953768678638,-0.35151088643670947,-0.24817257613413274,1.3115,1.2936095585922613,1.855660882068777,7.422547817230225,15.536693811416626,1
corridor_position_only_1772912593,corridor_position_only,415,-0.5065767776799844,-0.26844220819064973,1.4301162282177868,0.2246360410919297,-0.3232095971558756,1.3115,0.7427930147941959,0.5828000200224831,5.510738372802734,10.328831195831299,1
corridor_position_only_1772912593,corridor_position_only,416,0.06768449279696598,-0.3671776363404658,1.432710040376254,0.3173779687207434,-0.03445646634501198,1.3115,0.43329214482846884,0.39019395451219824,5.3252739906311035,2.0080127716064453,1
corridor_position_only_1772912593,corridor_position_only,417,0.14791074897626622,0.014600071013548266,1.4387738874793041,1.0934571853798056,0.4268578919417617,1.3115,1.0393330634334723,1.2034940818906066,20.502976417541504,4.509752511978149,1
corridor_position_only_1772912593,corridor_position_only,418,1.2324172597736933,0.5349728134356563,1.4388597594315473,-0.6423617993909864,0.3801758994668972,1.3115,1.8854652247069195,2.1255650768204752,20.271787643432617,13.032918930053711,1
corridor_position_only_1772912593,corridor_position_only,419,-0.7319423149235246,0.5144137869862353,1.4327840175695732,0.8474883597929666,0.36434149976161156,1.3115,1.5911733911004282,1.9132471696976594,14.485453844070435,11.729003667831421,1
corridor_position_only_1772912593,corridor_position_only,420,0.9833123594952388,0.4978074222104165,1.4484905334790015,-0.7126179809924182,-0.18930523437666813,1.3115,1.8349577458055,1.9997271248467687,11.87737226486206,4.513859510421753,1
corridor_position_only_1772912593,corridor_position_only,421,-0.8921056994568832,-0.19602176958810844,1.4412258643154081,-0.1870303420021091,0.5974884159815231,1.3115,1.0694009884814528,1.1066368636488593,14.959911108016968,3.1097500324249268,1
corridor_position_only_1772912593,corridor_position_only,422,-0.24186311511236003,0.69924561196961,1.4248476459973414,-0.6103360986256564,0.44140789864258345,1.3115,0.463789084440372,0.3102030167455425,23.29339361190796,3.2086822986602783,1
corridor_position_only_1772912593,corridor_position_only,423,-0.5140072954579942,0.5982490793168735,1.443791431703402,0.32859332262243734,0.30784866644071573,1.3115,0.9010045639675217,1.03804747344639,18.254113912582397,2.5084238052368164,1
corridor_position_only_1772912593,corridor_position_only,424,0.5000699523869703,0.37648105152364164,1.4451749451545597,-0.0828498789552754,-0.5418821347690697,1.3115,1.0959267597206703,1.707598222770374,60.59575915336609,14.741069078445435,1
corridor_position_only_1772912593,corridor_position_only,425,-0.19073610361951954,-0.613133136818137,1.4243005896432173,-0.8218408004261168,-0.5572815187012735,1.3115,0.6435343927106589,0.7449033298318962,21.31105923652649,10.330225467681885,1
corridor_position_only_1772912593,corridor_position_only,426,-0.9319232140298728,-0.6400892792928292,1.4259714624569222,1.0412595234056818,-0.14874791517439856,1.3115,2.0366566149266436,2.616457130712117,25.952722311019897,12.950860738754272,1
corridor_position_only_1772912593,corridor_position_only,427,1.1768354827975842,-0.27435547453063536,1.4436394536438317,-0.0018878331295721917,-0.5978167238243639,1.3115,1.2294212746305724,1.3209148509218698,9.46596884727478,3.235933303833008,1
corridor_position_only_1772912593,corridor_position_only,428,-0.055181507855514705,-0.7504991820435232,1.4315516661556904,0.35502332660749825,0.15037630095506282,1.3115,0.9971243877428336,1.0469921038586374,19.11657428741455,3.634521245956421,1
corridor_position_only_1772912593,corridor_position_only,429,0.21446854100278245,0.26099252329188416,1.4402158647772014,0.6744694635876478,-0.11123421774095399,1.3115,0.6055752384008098,1.08079506376385,34.864399433135986,9.80643916130066,1
corridor_position_only_1772912593,corridor_position_only,430,0.8090760685399642,-0.17382073749849558,1.4285875273350632,-0.7584789281052013,0.21197840445165217,1.3115,1.6185731786033444,2.5714423932124606,29.90609049797058,15.734954833984375,1
corridor_position_only_1772912593,corridor_position_only,431,-0.885678826162726,0.3304470624592383,1.4370783188794274,-0.5910617512619771,-0.5762170932335826,1.3115,0.9615659240082464,0.9960900281824286,20.675929307937622,10.841753005981445,1
corridor_position_only_1772912593,corridor_position_only,432,-0.6899031051734296,-0.6459669214237976,1.4258746893885756,0.4988637792377695,-0.6574110693692938,1.3115,1.1943112004698109,1.4233715249458125,73.34089231491089,11.929143905639648,1
corridor_position_only_1772912593,corridor_position_only,433,0.5180905831990308,-0.7934888313420176,1.4270641164441673,0.7402890741609294,0.10231150812940903,1.3115,0.9301534726013709,0.9623089004822637,21.408706665039062,9.547054290771484,1
corridor_position_only_1772912593,corridor_position_only,434,0.8962233380536118,0.08471834433031468,1.4301396901081902,0.17159618147289346,-0.15756143053462957,1.3115,0.7732136712654738,0.6734173969385194,6.434777498245239,3.009397268295288,1
corridor_position_only_1772912593,corridor_position_only,435,0.3003424848025673,-0.22889241080249523,1.4273395990577125,0.018473173963861278,-0.4755886687582688,1.3115,0.39208183430493204,0.554489670840809,1.8090286254882812,3.7104551792144775,1
corridor_position_only_1772912593,corridor_position_only,436,-0.09892691058049774,-0.6041626824427544,1.4376180681490909,0.7671801090135448,0.26498615889136656,1.3115,1.2334775413018992,1.9523118093254177,33.96268582344055,10.528126001358032,1
corridor_position_only_1772912593,corridor_position_only,437,0.9476970112401495,0.30919917881814113,1.4442110126499934,-0.04818277560771267,-0.08163313565306529,1.3115,1.0780253525616408,1.5728495184437896,11.058327674865723,11.829479217529297,1
corridor_position_only_1772912593,corridor_position_only,438,-0.22449042476857395,-0.04503048275055295,1.4410452281526827,0.6338944294280715,-0.5546112643283553,1.3115,1.0066176518444185,0.995227752841914,14.983731031417847,2.6073732376098633,1
corridor_position_only_1772912593,corridor_position_only,439,0.5361997805230382,-0.6866642128494758,1.4321945358775783,-0.8489766246558035,-0.41158919725822996,1.3115,1.4173733130891826,2.1492194039990076,17.1805522441864,11.534318447113037,1
corridor_position_only_1772912593,corridor_position_only,440,-0.8481075168321711,-0.4111886198902083,1.311386762095339,1.028880909044288,-0.07268854364517796,1.3115,1.9072671195495672,2.830948954082707,43.28492879867554,22.351025104522705,1
corridor_position_only_1772912593,corridor_position_only,441,1.1491378121230769,-0.1146118351530824,1.425312395354633,0.027575877097842483,0.4171466316842324,1.3115,1.2464435416363946,2.89063312981638,93.92027378082275,16.131852865219116,1
corridor_position_only_1772912593,corridor_position_only,442,0.008938516038711652,0.4268715421982355,1.6126687741213075,-0.5756035465765232,-0.2968952764530576,1.3115,0.9778703703726881,3.276757343645914,44.53757047653198,17.23681902885437,1
corridor_position_only_1772912593,corridor_position_only,443,-0.7398020401882808,-0.3389270391973287,1.4364193621467114,-0.12798941884108517,-0.2009895932447714,1.3115,0.6394890692379213,0.7309139466405049,4.378802061080933,4.411170721054077,1
corridor_position_only_1772912593,corridor_position_only,444,-0.010279881195080609,-0.3447239456919843,1.4446310446082335,0.8951118534795446,0.5696298592563976,1.3115,1.2936386469486716,0.0,344.447229385376,0.0,0
corridor_position_only_1772912593,corridor_position_only,445,-0.010279881195091045,-0.34472394569159953,1.4446310446107735,0.49088298746352654,-0.14173330754789149,1.3115,0.556860211485145,0.6410440948858677,3.0106472969055176,2.310297966003418,1
corridor_position_only_1772912593,corridor_position_only,446,0.6262639822220871,-0.26897898613706944,1.4456450730293655,-0.7968389763566719,0.4960209771940721,1.3115,1.621247012404439,2.521581898373888,14.120155572891235,13.933443307876587,1
corridor_position_only_1772912593,corridor_position_only,447,-0.8661483378660729,0.6200721756112212,1.4267156644953611,0.4338394738118614,0.486891775730781,1.3115,1.3118612650614419,1.2742892175613518,18.27924633026123,3.1102309226989746,1
corridor_position_only_1772912593,corridor_position_only,448,0.4076152642467404,0.655440745813788,1.4358934392180784,-0.7408956556087125,-0.030707377847289496,1.3115,1.3436332491983582,1.4613611102072765,16.14531397819519,3.1083807945251465,1
corridor_position_only_1772912593,corridor_position_only,449,-0.9066625335940225,0.016591402828704666,1.4370296450524036,0.1422238470507209,0.19163296863227752,1.3115,1.0707753644196238,2.127493094025933,2.1071431636810303,12.628296375274658,1
corridor_position_only_1772912593,corridor_position_only,450,0.3047645200587922,0.19650996904599322,1.4334237948541526,0.5467529551402361,-0.6439561223378227,1.3115,0.8830668520733822,2.150420124384188,72.89267897605896,16.5392165184021,1
corridor_position_only_1772912593,corridor_position_only,451,0.5652852033966643,-0.7841577243194038,1.4265020017454189,1.0227857714295696,0.2703364858966756,1.3115,1.155201397824257,2.604983057396135,195.77393651008606,11.925517797470093,1
corridor_position_only_1772912593,corridor_position_only,452,1.1576743422517422,0.35749012460740387,1.6568410320514029,-0.17988819864372618,0.32137395184294404,1.3115,1.3818966521271487,1.322686030706283,10.028071641921997,3.4079673290252686,1
corridor_position_only_1772912593,corridor_position_only,453,-0.1641182571380635,0.3375835893967163,1.6135544228735645,-0.5279152973678448,-0.6078043772937921,1.3115,1.057044733405661,1.1658919984816671,57.83914065361023,4.213254451751709,1
corridor_position_only_1772912593,corridor_position_only,454,-0.514122311582964,-0.6268134896033742,1.6153611503926715,-0.347677979059842,-0.7142216235435258,1.3115,0.3573170810721546,0.23002944414035217,21.42315411567688,2.406524181365967,1
corridor_position_only_1772912593,corridor_position_only,455,-0.3223478410898712,-0.7518361871047582,1.6378591620118463,-0.287428451039753,0.3139126051295956,1.3115,1.1151457996959548,2.0069253943031713,113.73324251174927,9.821505784988403,1
corridor_position_only_1772912593,corridor_position_only,456,-0.39464919826701306,0.41951443156921103,1.4280274245606632,-0.4653278463284098,-0.5762150614489756,1.3115,1.0050131020204576,1.11161457303368,6.115880966186523,2.9067084789276123,1
corridor_position_only_1772912593,corridor_position_only,457,-0.5716816123049295,-0.6775926323302147,1.4274729872954148,0.403218230518521,-0.01436486891565636,1.3115,1.1847997735834053,1.2860054898205278,19.039002180099487,4.912161827087402,1
corridor_position_only_1772912593,corridor_position_only,458,0.565597313968085,-0.07842414742233772,1.437960344811951,0.7100515278593669,-0.3406625215728744,1.3115,0.3250049285749719,0.48032831076082094,2.608691453933716,2.5067408084869385,1
corridor_position_only_1772912593,corridor_position_only,459,0.7777091935954231,-0.5093203608817559,1.4418669464892075,0.28136170856676257,0.28485254853617714,1.3115,0.9455511496923584,1.5367663978307577,17.48339533805847,10.832889318466187,1
corridor_position_only_1772912593,corridor_position_only,460,0.1684920528452576,0.4053118753619405,1.4337693829917537,-0.6191142307021915,-0.27822044676355917,1.3115,1.0499951882227303,1.3697641426510199,5.139158725738525,6.013704776763916,1
corridor_position_only_1772912593,corridor_position_only,461,-0.6188005457851752,-0.2779848806856737,1.312049180529753,-0.13536495875404864,-0.1493263628346746,1.3115,0.5002632133417367,0.3714550364786404,14.529204845428467,7.014781475067139,1
corridor_position_only_1772912593,corridor_position_only,462,-0.294649834697563,-0.14326934802084915,1.4310840663724298,0.9961763104100105,-0.41228821394213816,1.3115,1.323972671940407,1.4231338450276765,12.796903848648071,5.512867212295532,1
corridor_position_only_1772912593,corridor_position_only,463,1.054742774495672,-0.5747818242672335,1.4377554479055648,0.884885152214772,0.1443440565882531,1.3115,0.7496226267188945,0.7304584947936364,13.650983095169067,9.221338748931885,1
corridor_position_only_1772912593,corridor_position_only,464,1.056498570617644,0.13421676060270724,1.4361700395437726,0.8342353327923302,0.42011070136044204,1.3115,0.3829868287688559,2.680866484247951,74.65729308128357,10.02333950996399,1
corridor_position_only_1772912593,corridor_position_only,465,0.9385807212980226,0.5752942104709347,1.4443187040396472,0.6234931027751236,-0.11021873074533162,1.3115,0.7660607078190209,0.0,154.80514359474182,0.0,0
corridor_position_only_1772912593,corridor_position_only,466,0.9385806595820352,0.5752941149227485,1.4443200173688517,0.6659188389624542,0.15856636497379228,1.3115,0.5154101696852386,0.0,180.93887901306152,0.0,0
corridor_position_only_1772912593,corridor_position_only,467,0.9385806587186598,0.575294114557256,1.4443200155817497,1.0786154237375754,0.5449712033670414,1.3115,0.19537239031165263,0.26305505226951753,17.231534719467163,1.6043376922607422,1
corridor_position_only_1772912593,corridor_position_only,468,1.1854319602788785,0.665040601706397,1.4310492532386758,-0.6119135710130583,0.25449639631979604,1.3115,1.847509006035298,1.9290807686761524,34.082361936569214,3.90874981880188,1
corridor_position_only_1772912593,corridor_position_only,469,-0.7241009827777469,0.3911766081790702,1.439173587536336,0.12960003743052506,0.4121259604873889,1.3115,0.863449391812387,0.781852586322006,10.670641660690308,3.109337329864502,1
corridor_position_only_1772912593,corridor_position_only,470,0.04351373007778647,0.5390786531053863,1.4292452638506783,0.29706912248928785,-0.04451260853703132,1.3115,0.6470958544494045,0.5468460760075603,5.01676607131958,1.8064897060394287,1
corridor_position_only_1772912593,corridor_position_only,471,0.12897156211758254,-0.0010026432808348806,1.4368300550292954,0.49237066866327983,0.4569456863927498,1.3115,0.5978989931273371,0.6916077540894509,7.823695659637451,10.52019476890564,1
corridor_position_only_1772912593,corridor_position_only,472,0.43981095647720136,0.6164589302575516,1.4348324420167442,-0.5557380195200363,-0.10882003014720865,1.3115,1.2378845767149584,1.3950142755033672,9.216906547546387,9.52120041847229,1
corridor_position_only_1772912593,corridor_position_only,473,-0.7328323426748814,-0.08356749966293825,1.4405161710757102,0.5668471193539755,0.6197468731540255,1.3115,1.4833957608910626,1.5704447811083115,20.572537183761597,10.519960165023804,1
corridor_position_only_1772912593,corridor_position_only,474,0.5484939550629728,0.7662919397725858,1.4283733986098828,0.7127406599617341,-0.46265503801989294,1.3115,1.2453702443843728,0.0,685.782858133316,0.0,0
corridor_position_only_1772912593,corridor_position_only,475,0.5484893341869741,0.7662915043126298,1.4283716124360812,0.34788316241567485,-0.48465401463841823,1.3115,1.2723075498203462,1.3653117647274695,21.128284692764282,4.911463022232056,1
corridor_position_only_1772912593,corridor_position_only,476,0.2227458225116613,-0.5591092599820189,1.4269755064305925,0.22547695100965703,-0.7358145109920379,1.3115,0.2111084967091286,0.3077190341684969,13.424724102020264,2.3060576915740967,1
corridor_position_only_1772912593,corridor_position_only,477,0.19469279844517468,-0.8636364495919108,1.4242931090683384,0.6050443573733022,-0.4647917103329638,1.3115,0.5832562159142276,0.5820792228783771,11.175205707550049,2.612504482269287,1
corridor_position_only_1772912593,corridor_position_only,478,0.6720294499230384,-0.5369659417395212,1.4276321128361529,-0.22502153641792721,-0.538427818843221,1.3115,0.9045381566367195,1.0675253250159076,13.140506744384766,6.113385200500488,1
corridor_position_only_1772912593,corridor_position_only,479,-0.33902286714348595,-0.6208421989336237,1.4256619808868796,1.1017346571772042,-0.2369427050835904,1.3115,1.4953909265289167,1.7853520684445823,12.923652648925781,11.92741870880127,1
corridor_position_only_1772912593,corridor_position_only,480,1.2072914878597008,-0.3876056794654563,1.442949210888767,0.8834400368817776,0.07184291517264152,1.3115,0.5772795410013322,0.45736144170122667,10.472552061080933,4.010127782821655,1
corridor_position_only_1772912593,corridor_position_only,481,1.0472984182955218,0.040768567184614884,1.4345652976231187,0.5057151663566712,-0.7385781058077211,1.3115,0.9569946305826121,1.0757119107427884,20.39783239364624,5.112927198410034,1
corridor_position_only_1772912593,corridor_position_only,482,0.4559853859678537,-0.8572325081195815,1.4250358831764576,0.701099110591181,-0.6152308608830164,1.3115,0.36267882765966564,0.28719867056922344,9.832342147827148,1.904726266860962,1
corridor_position_only_1772912593,corridor_position_only,483,0.7254274457283141,-0.7597788605038649,1.4280282078310105,0.40008919234416074,-0.6538911611804015,1.3115,0.36143603473280705,0.3045221526372853,21.38820195198059,1.7049438953399658,1
corridor_position_only_1772912593,corridor_position_only,484,0.4224486988158414,-0.7901241384939397,1.4272727407894696,0.23822830713285081,0.08619205390352902,1.3115,0.9029233352171919,0.8546545943728323,20.400237560272217,2.7069876194000244,1
corridor_position_only_1772912593,corridor_position_only,485,0.39421595174616886,0.06383143883909251,1.4304789591262712,-0.3382153327058792,0.3906178895874054,1.3115,0.8108026662212744,2.4572670091080053,23.64924716949463,12.536401748657227,1
corridor_position_only_1772912593,corridor_position_only,486,-0.4249650914545532,0.5254076886957606,1.4311345893494951,-0.7569520582384333,-0.28375655011161244,1.3115,0.8827652838936852,0.9806973297030782,6.5160393714904785,3.4072628021240234,1
corridor_position_only_1772912593,corridor_position_only,487,-0.9227721905375774,-0.31944705946476504,1.434602643937914,0.6900348599807096,-0.03227231644922868,1.3115,1.6427934064184821,1.8283782016442465,6.562714099884033,5.711317300796509,1
corridor_position_only_1772912593,corridor_position_only,488,0.8536532027421792,-0.1115727792427014,1.4409876246011173,-0.22252196234634447,-0.14665739087709528,1.3115,1.084504938140757,0.9438103513214611,1.7558684349060059,3.108703136444092,1
corridor_position_only_1772912593,corridor_position_only,489,-0.08197497849682323,-0.2353591488289503,1.4336444964694166,0.31268253283433034,0.26780111896464687,1.3115,0.651033090060706,1.8766047565060395,39.726234912872314,12.533758878707886,1
corridor_position_only_1772912593,corridor_position_only,490,0.4622002099494804,0.29100053608451343,1.4289084983300162,0.4005642254787496,-0.16420517477394503,1.3115,0.4741265540548642,1.4396733907056134,18.928510189056396,11.22279405593872,1
corridor_position_only_1772912593,corridor_position_only,491,0.5260955337623671,-0.22966046684688232,1.4274702673282904,-0.6384576695898463,-0.17979068155729994,1.3115,1.171375371871428,3.081048797313935,15.712483406066895,25.452598333358765,1
corridor_position_only_1772912593,corridor_position_only,492,-0.815350404738712,-0.1821587763820086,1.4397631498983918,0.2604508415722837,0.06459510182466044,1.3115,1.1111648093762603,0.9752135962833784,3.2107486724853516,3.110269784927368,1
corridor_position_only_1772912593,corridor_position_only,493,0.107457233863273,0.13317331622449946,1.4348633788140421,-0.20999862571349048,-0.7070057224769429,1.3115,0.9065856622985599,1.0372189888568821,18.908447265625,3.51033353805542,1
corridor_position_only_1772912593,corridor_position_only,494,-0.2505440431604282,-0.8398861254720404,1.4255685237886855,-0.33177365463388575,-0.0311597751878675,1.3115,0.8207607370868916,0.748837174969405,16.030367851257324,3.208787679672241,1
corridor_position_only_1772912593,corridor_position_only,495,-0.17277632154438216,-0.09549118470211784,1.4356273348991004,-0.35907382392803644,-0.15265153929670316,1.3115,0.23104471602034057,0.1636380603836024,3.765894889831543,1.406662940979004,1
corridor_position_only_1772912593,corridor_position_only,496,-0.21840414848880396,-0.252584648789135,1.4359513839876825,-0.5041469898286783,0.3598319076593063,1.3115,0.6871616672702291,2.501698167576644,5.374400615692139,10.72224736213684,1
corridor_position_only_1772912593,corridor_position_only,497,-0.6037213071737445,0.477686782079908,1.429592876824298,-0.6084426946715995,-0.6322535200977107,1.3115,1.1162148957323081,1.2156755359246305,16.388296127319336,11.324302673339844,1
corridor_position_only_1772912593,corridor_position_only,498,-0.7005048756745844,-0.7339232737711199,1.4259836679924511,-0.007161907416714075,0.2593443061683932,1.3115,1.2167216062964186,1.2259113940944626,20.799163103103638,3.3113596439361572,1
corridor_position_only_1772912593,corridor_position_only,499,-0.12208977787226294,0.34650958621107736,1.4279769256244368,0.336466246264685,-0.5570234909504601,1.3115,1.0199080953694812,1.075782785218917,10.690914630889893,3.0081753730773926,1
corridor_position_only_1772912593,corridor_position_only,500,0.22768457509298468,-0.6702108005430225,1.4307362005374245,1.0230101789874138,-0.6482516855262773,1.3115,0.8045136981189057,0.8258835220087194,15.379939556121826,10.327441453933716,1
corridor_position_only_1772912593,corridor_position_only,501,1.0272877068419703,-0.7942900804517562,1.4272938881911779,-0.3542993348354344,-0.4036511300750722,1.3115,1.4404130545870346,1.5386488511024004,38.999672412872314,3.2131993770599365,1
corridor_position_only_1772912593,corridor_position_only,502,-0.4882943851022975,-0.5295952047107119,1.4437600437863498,-0.3339956428130534,0.30041321256228215,1.3115,0.8545260638496817,1.6055021441377915,53.1766254901886,16.03227162361145,1
corridor_position_only_1772912593,corridor_position_only,503,-0.1793800111573235,0.33488332269032633,1.4306794595917207,-0.7434442757073885,-0.07307717989276985,1.3115,0.7062605820791874,1.3710236593864822,3.410005807876587,10.128010272979736,1
corridor_position_only_1772912593,corridor_position_only,504,-0.9067716296510158,-0.042476760288468196,1.434043341300222,0.9235590325286225,-0.5516768600844242,1.3115,1.9037888394053022,1.9283431549408825,18.352049589157104,4.0084826946258545,1
corridor_position_only_1772912593,corridor_position_only,505,0.8992696013317842,-0.7181167965965078,1.4350587402262693,-0.18456552735497378,0.4933710169743125,1.3115,1.6302355875432086,1.7642516748206725,20.350566864013672,11.127154111862183,1
corridor_position_only_1772912593,corridor_position_only,506,-0.25634650048766294,0.6120045956450338,1.4256863567755333,1.036447768611257,0.026671084076570928,1.3115,1.4237172704065044,3.16878704410763,45.31334328651428,13.828787803649902,1
corridor_position_only_1772912593,corridor_position_only,507,1.1914300147914916,-0.01160909872985147,1.430921283245835,-0.04295164159501208,-0.3855431952181417,1.3115,1.2952938759339845,1.2410572379519715,9.72602915763855,3.1076388359069824,1
corridor_position_only_1772912593,corridor_position_only,508,0.0518473744738136,-0.5030993935186187,1.4290627531424542,-0.36455741623550086,0.15583590242537837,1.3115,0.7882954236153502,1.5641163272717755,8.36825942993164,11.228111743927002,1
corridor_position_only_1772912593,corridor_position_only,509,-0.48807618872558,0.21791715872934156,1.4272639444838877,0.046514188616282315,0.5925353229137321,1.3115,0.662968273242292,0.7049103985794165,14.291942358016968,2.0061967372894287,1
corridor_position_only_1772912593,corridor_position_only,510,0.0014335848344523283,0.7248269080803655,1.4256606712656894,-0.646862154352116,-0.5351868573181999,1.3115,1.4216028676480514,1.5396294108089303,9.672263860702515,10.724393844604492,1
corridor_position_only_1772912593,corridor_position_only,511,-0.7598069467503176,-0.6126220115113875,1.426491576056283,0.8129210266411351,0.028120111100189304,1.3115,1.702130079794339,1.840916020115171,20.461331605911255,6.213146209716797,1
corridor_position_only_1772912593,corridor_position_only,512,0.9720056779560295,-0.012665158445291883,1.4334734325800147,0.83179687221858,0.2501468526084567,1.3115,0.32187913976489513,2.099253239807456,51.8429319858551,12.72417140007019,1
corridor_position_only_1772912593,corridor_position_only,513,0.9819608458680811,0.2684777136939832,1.429074853825484,0.2042927467731246,-0.6307093749439266,1.3115,1.1946250202365458,3.222987187910489,335.6387071609497,17.635133743286133,1
corridor_position_only_1772912593,corridor_position_only,514,0.2443046281646155,-0.7561992635928221,1.4247428226988803,-0.5444348613963874,0.556389253978388,1.3115,1.5355202817760332,1.6331161308681879,13.6254723072052,9.519444704055786,1
corridor_position_only_1772912593,corridor_position_only,515,-0.4595648539406578,0.699464427676101,1.4332239897742758,0.04326980190320351,-0.17723414586288522,1.3115,1.0179684718347006,2.306476061739923,115.1757583618164,22.44481062889099,1
corridor_position_only_1772912593,corridor_position_only,516,0.15786568026496994,-0.2383776601156985,1.424986115894185,-0.7495747041421027,-0.0388213605895642,1.3115,0.9360287743622887,1.6809741099316282,7.6275904178619385,9.925260543823242,1
corridor_position_only_1772912593,corridor_position_only,517,-0.8920011976293007,-0.008803391253074055,1.4282833519645646,-0.77002206328744,0.33734624595366147,1.3115,0.3851452087839386,0.4721780896540237,2.1558146476745605,1.8050780296325684,1
corridor_position_only_1772912593,corridor_position_only,518,-0.8722463871000736,0.4625527331347516,1.4328441717219786,-0.5465520074971895,-0.2892845008665623,1.3115,0.828287669440121,0.8066104208051654,6.512195587158203,2.30584716796875,1
corridor_position_only_1772912593,corridor_position_only,519,-0.7112175487113855,-0.3275945157575885,1.4356548307140282,-0.46692531463328774,0.4631385273809042,1.3115,0.8368702785566938,0.9977218911181773,8.720861196517944,3.2103774547576904,1
corridor_position_only_1772912593,corridor_position_only,520,-0.4736206236805638,0.6403842947757132,1.4395444154522026,-0.39970590904178915,-0.12299714109532234,1.3115,0.7775667006766376,0.752455794075671,61.04202342033386,4.41171407699585,1
corridor_position_only_1772912593,corridor_position_only,521,-0.570984361681604,-0.10563198141139464,1.435699201921632,-0.8191541711309405,-0.6534088916080839,1.3115,0.6140628953329798,0.7404041721996535,23.399373054504395,2.6082634925842285,1
corridor_position_only_1772912593,corridor_position_only,522,-0.8996854137460132,-0.7689733585266086,1.4270600113592915,0.19470696354227957,-0.05900561396088522,1.3115,1.3096194065513158,1.5192637058965557,26.28156876564026,10.520402908325195,1
corridor_position_only_1772912593,corridor_position_only,523,0.35263396090110155,-0.14659502276046066,1.4417148719766382,0.7564084643096469,-0.2203029096846093,1.3115,0.43060726315464387,0.5594770300247953,4.261637449264526,3.0175087451934814,1
corridor_position_only_1772912593,corridor_position_only,524,0.8822859643306796,-0.3273006966574205,1.4347786789462251,-0.46913487800892023,-0.023945086738425436,1.3115,1.390525279116466,2.0820104383955953,21.90941333770752,12.924616813659668,1
corridor_position_only_1772912593,corridor_position_only,525,-0.6073002378117397,0.006821274539573277,1.4267509033131063,0.27179005117645416,0.12891624171411742,1.3115,0.8949802723620148,0.7641134337822744,2.404904365539551,3.1069843769073486,1
corridor_position_only_1772912593,corridor_position_only,526,0.12788123397854767,0.21481442334411643,1.43542941729378,0.9407085155827597,-0.010618336403803608,1.3115,0.8525647303040587,2.5680462328664335,12.252042293548584,15.832993030548096,1
corridor_position_only_1772912593,corridor_position_only,527,1.103689739589358,-0.07222608660446736,1.4387366747708348,0.6992439965686201,-0.3077694557092183,1.3115,0.4850218646448351,0.4490825634761073,4.672158241271973,2.706223964691162,1
corridor_position_only_1772912593,corridor_position_only,528,0.8097731233803845,-0.41158636805104665,1.428056760864545,-0.3241753060171827,0.6083585035107152,1.3115,1.529611735069257,2.6631933340830662,7.614678859710693,20.040388107299805,1
corridor_position_only_1772912593,corridor_position_only,529,-0.36093839333901045,0.7433949969831914,1.4257989440579735,-0.5078663686302323,0.48534186155081416,1.3115,0.3181878364149492,0.22064133794157303,27.507075309753418,1.4054222106933594,1
corridor_position_only_1772912593,corridor_position_only,530,-0.5564589668746697,0.641395521645673,1.4326984268837637,-0.0002789847939322909,0.10241948644590804,1.3115,0.783913514149416,0.628715045270656,11.076007843017578,4.111112117767334,1
corridor_position_only_1772912593,corridor_position_only,531,-0.1418021800763588,0.16898073503444405,1.4301897693817969,0.7197422072451227,-0.04884589310569898,1.3115,0.8965458340809773,0.0,79.56101441383362,0.0,0
corridor_position_only_1772912593,corridor_position_only,532,-0.1418021800764554,0.16898073503314426,1.430189769381971,1.0775066523303387,0.1747220783561837,1.3115,1.225085406477572,1.727703675062731,13.35249376296997,8.716476917266846,1
corridor_position_only_1772912593,corridor_position_only,533,1.2234349173740666,0.1748454095756266,1.4274265038075766,0.8749808169598043,-0.15562916879707478,1.3115,0.49403710521698224,2.223069434545566,43.36123061180115,10.82308578491211,1
corridor_position_only_1772912593,corridor_position_only,534,1.012020462770076,-0.27249551824815377,1.4409344465803338,0.23643576497127428,-0.01835291920344262,1.3115,0.8263615189917888,0.6312385869330838,5.868157625198364,2.307145595550537,1
corridor_position_only_1772912593,corridor_position_only,535,0.40343310189638315,-0.10506512551055303,1.4465023402380506,-0.7156161492375155,0.262076177727658,1.3115,1.185449111044646,2.876058567309817,43.602805376052856,8.616369724273682,1
corridor_position_only_1772912593,corridor_position_only,536,-0.7463669261097432,0.2663509972778504,1.6252592158307109,0.7503838844738024,5.061935013805918e-05,1.3115,1.552296275131022,2.3738986536510494,44.521496534347534,11.227717161178589,1
corridor_position_only_1772912593,corridor_position_only,537,0.8454566971707315,-0.0214679432158615,1.4257174501660357,0.06085477568483855,0.38592909745418813,1.3115,0.8914135683668385,2.5693798083341246,62.216338872909546,21.03957223892212,1
corridor_position_only_1772912593,corridor_position_only,538,0.07804250982037586,0.40699330966451686,1.6206730882796712,0.10652907045009441,0.39501447284873803,1.3115,0.31071365464742445,0.05276313376492966,5.563565015792847,2.207646131515503,1
corridor_position_only_1772912593,corridor_position_only,539,0.12873591192761535,0.41997081803956315,1.627402629250792,0.5382117882956075,0.39189406426090445,1.3115,0.5179317219457077,0.43441601291657894,14.028626918792725,1.904742956161499,1
corridor_position_only_1772912593,corridor_position_only,540,0.5631128595045019,0.41940469530245855,1.6316289372794142,-0.5916115162937101,-0.264928500486103,1.3115,1.3799213178309853,2.2403711781982496,29.953386306762695,14.729485034942627,1
corridor_position_only_1772912593,corridor_position_only,541,-0.6283704396511383,-0.28986236727742737,1.6381026599420079,0.417574513235478,0.11015585171536446,1.3115,1.1664839122235444,1.8462878268120997,14.990591287612915,9.726078271865845,1
corridor_position_only_1772912593,corridor_position_only,542,0.4471699699472431,0.12308612322276251,1.6277658854962054,0.061091165783162205,0.6022901848328225,1.3115,0.6918941291968329,0.6349272250572626,15.930838584899902,2.0065808296203613,1
corridor_position_only_1772912593,corridor_position_only,543,0.06821477853157976,0.6318978303989802,1.6254700373287334,0.46718392803351017,-0.2963070827968456,1.3115,1.057978226371115,1.1029621337832647,9.768130540847778,3.609955310821533,1
corridor_position_only_1772912593,corridor_position_only,544,0.5010460320787227,-0.30199996862744727,1.627704193537085,-0.5263849915172485,0.4327829937365505,1.3115,1.3021158174441765,1.3952334978393302,12.547688245773315,7.013634443283081,1
corridor_position_only_1772912593,corridor_position_only,545,-0.5544254973684727,0.4462621457966437,1.626041595497504,-0.31947479268335854,0.14031974442066442,1.3115,0.49773386652893925,0.5196869738593383,77.14030456542969,8.218809366226196,1
corridor_position_only_1772912593,corridor_position_only,546,-0.31808924144980755,0.1408789083323291,1.310320578530384,-0.2678742387870786,-0.4508266268661139,1.3115,0.593833628141668,0.5939900101570447,3.006413459777832,2.9064695835113525,1
corridor_position_only_1772912593,corridor_position_only,547,-0.26742088788623586,-0.45091403111322226,1.310445583366206,0.421568650833003,0.5462308205482153,1.3115,1.2120253922479913,1.9191765807618093,52.856943130493164,14.730929613113403,1
corridor_position_only_1772912593,corridor_position_only,548,0.32216798016494885,0.4158564133821371,1.6560773408885994,0.6897026343280379,0.1706892573760176,1.3115,0.560287604939435,0.3784700758856367,10.091219902038574,2.5062131881713867,1
corridor_position_only_1772912593,corridor_position_only,549,0.5316427575985276,0.10070114128934565,1.6522674255191303,0.45639144219736316,0.02704542696712453,1.3115,0.3566656179348636,0.0,42.32277250289917,0.0,0
corridor_position_only_1772912593,corridor_position_only,550,0.5316427575985313,0.1007011412893972,1.652267425519124,0.039430093522217935,0.4449103994841487,1.3115,0.6905619149641938,1.408799159877412,216.10005927085876,7.823846101760864,1
corridor_position_only_1772912593,corridor_position_only,551,-0.00576704623242541,0.4639563933421492,1.6427687004163407,1.0630182511081268,-0.5908699047696422,1.3115,1.5377579402737902,2.7632415664220127,26.152541399002075,12.427260637283325,1
corridor_position_only_1772912593,corridor_position_only,552,1.099089565421422,-0.6178790028097634,1.6381175967090176,0.593489967360056,0.5184371827216331,1.3115,1.2858944286139558,1.6276580126375604,504.6675670146942,11.224741458892822,1
corridor_position_only_1772912593,corridor_position_only,553,0.6452999166849459,0.722097493766194,1.6228226105980872,-0.2938234672245187,0.5083982020987395,1.3115,1.0121965645734743,0.9475374974246881,19.253065586090088,4.214479446411133,1
corridor_position_only_1772912593,corridor_position_only,554,-0.2822486471339224,0.5329895708034849,1.6204680067585755,-0.8373110067998992,0.5799014306197118,1.3115,0.636989933130616,0.586370264186834,8.019790410995483,3.20706844329834,1
corridor_position_only_1772912593,corridor_position_only,555,-0.8632074851299091,0.6029318862553448,1.6287436631194852,0.7708602257502346,-0.3561898733778862,1.3115,1.9211286722477718,2.1370905737807595,20.14139986038208,10.630865097045898,1
corridor_position_only_1772912593,corridor_position_only,556,0.8186903020312627,-0.3686830216819165,1.640329612380516,0.5217056073272972,-8.029308989310202e-05,1.3115,0.5763651571635926,0.4565765007765602,3.3608238697052,1.7052881717681885,1
corridor_position_only_1772912593,corridor_position_only,557,0.5619661902305958,0.008718006842580589,1.6335533967846692,-0.8484152000983621,-0.09891281545176889,1.3115,1.4506820638839324,2.4878999994163706,9.78735613822937,11.622587442398071,1
corridor_position_only_1772912593,corridor_position_only,558,-0.8701251874619089,-0.10815146879175519,1.615609772604834,-0.2838746651215207,-0.330911140789403,1.3115,0.6969894548747788,0.6170225666735094,14.084271669387817,3.3117098808288574,1
corridor_position_only_1772912593,corridor_position_only,559,-0.3020617330629717,-0.34898447700371354,1.6187988104908089,0.9165378804705187,0.4280105634134833,1.3115,1.4775448791376726,1.7061803197982222,42.207212924957275,6.714471817016602,1
corridor_position_only_1772912593,corridor_position_only,560,0.9263219979067536,0.44499183143640986,1.6113534178793572,0.8955435513127907,-0.4883563333275463,1.3115,0.980815059864455,1.0313844017882525,9.970409154891968,4.0083277225494385,1
corridor_position_only_1772912593,corridor_position_only,561,0.9254110462960317,-0.5051653660816744,1.6281896669553202,0.701854148383777,-0.6953630535178119,1.3115,0.43179299677794275,0.3123707593893129,24.496978759765625,1.9058759212493896,1
corridor_position_only_1772912593,corridor_position_only,562,0.7102795945780517,-0.7257561063339741,1.625518979305877,0.8229896579860032,-0.02653362325410802,1.3115,0.7747409622590655,1.1495090808367985,59.76070237159729,5.612651824951172,1
corridor_position_only_1772912593,corridor_position_only,563,0.8465812590681449,-0.021185799142978926,1.6165555431009553,0.31417540320723125,-0.5850820620401551,1.3115,0.8333629911635216,0.860744123711922,20.04580307006836,3.2125558853149414,1
corridor_position_only_1772912593,corridor_position_only,564,0.34262591211038906,-0.6089677228263918,1.631957316870342,0.45335492114327147,0.3964400622612222,1.3115,1.0610365779236477,1.4046919451075368,11.475247859954834,7.815385818481445,1
corridor_position_only_1772912593,corridor_position_only,565,0.47380517876394956,0.42101657139806303,1.6251485892232482,0.15257866917849183,-0.15159273821895947,1.3115,0.7276285655760589,0.7270718844920724,19.228113412857056,3.610283136367798,1
corridor_position_only_1772912593,corridor_position_only,566,0.1533672538259161,-0.15142025054768998,1.3119312094874909,0.6608294776571699,0.08404279421479088,1.3115,0.5594291197338602,0.5589300689070158,1.203625202178955,2.1053218841552734,1
corridor_position_only_1772912593,corridor_position_only,567,0.660549628896734,0.08345105499902955,1.3109399707207163,0.3302515450205705,0.12441657794839256,1.3115,0.33282925339515085,0.33360278289609197,1.3030848503112793,2.6064133644104004,1
corridor_position_only_1772912593,corridor_position_only,568,0.3295284490060888,0.12481371349645488,1.3109082471607452,-0.402406865681134,-0.03901216965208354,1.3115,0.7500457153048107,0.9479740513631106,5.6634016036987305,18.234312295913696,1
corridor_position_only_1772912593,corridor_position_only,569,-0.23923488264899628,-0.13083055874664284,1.445339615098156,0.09355613000734608,0.15315613261547922,1.3115,0.45750556449650037,0.5758126465566715,4.161499500274658,8.119309425354004,1
corridor_position_only_1772912593,corridor_position_only,570,0.26376994483699734,0.1456733791351569,1.4360833883525241,0.6008031418619415,-0.04739043425359135,1.3115,0.40790444051328506,0.5422978126956034,4.459927320480347,10.019561290740967,1
corridor_position_only_1772912593,corridor_position_only,571,0.7464548966752216,-0.10116542071411291,1.4303288757516879,-0.36879588677145925,-0.24581384993613936,1.3115,1.130852678189005,1.027135436674814,3.807114839553833,2.8062353134155273,1
corridor_position_only_1772912593,corridor_position_only,572,-0.24709678140681246,-0.3616227763319555,1.4344690511364413,-0.5954722386493243,-0.36265714109474584,1.3115,0.3694427109265906,0.5277121543127666,5.560251951217651,4.20990777015686,1
corridor_position_only_1772912593,corridor_position_only,573,-0.7522426620682883,-0.427177301958353,1.4346274858013355,0.08240537717814755,-0.47356174269744805,1.3115,0.8449551724916279,0.7184494286988649,7.9506566524505615,2.309192180633545,1
corridor_position_only_1772912593,corridor_position_only,574,-0.04857390288543029,-0.5720639015319497,1.4335583554713764,-0.46274070953503815,-0.033229208515224706,1.3115,0.6904891108983101,0.8131913481752083,6.526332378387451,2.106070041656494,1
corridor_position_only_1772912593,corridor_position_only,575,-0.620544580044219,0.005734628563190708,1.4335348480715946,-0.4388056203601179,-0.6925448479238717,1.3115,0.7317894375392162,0.829312162555601,19.036816835403442,2.7098686695098877,1
corridor_position_only_1772912593,corridor_position_only,576,-0.5034728835769177,-0.8143204382774969,1.4256107072052726,0.717724816927189,0.042994835989419444,1.3115,1.4964406291954129,1.6057745520593734,46.14556932449341,5.012216567993164,1
corridor_position_only_1772912593,corridor_position_only,577,0.8757137473443822,0.007333082598891177,1.4323009788572796,0.973735871915842,-0.19750133334009856,1.3115,0.2572126578367533,0.26989630495768496,6.553500175476074,7.1166486740112305,1
corridor_position_only_1772912593,corridor_position_only,578,0.9732697663379714,-0.1973239174112136,1.3115119892962817,-0.647372304129376,-0.26866340179047504,1.3115,1.622211466715709,1.8941992154875575,30.32359290122986,10.124744892120361,1
corridor_position_only_1772912593,corridor_position_only,579,-0.828910844374054,-0.3245586730979138,1.4469971715486554,0.10520932223411517,0.22190354452750682,1.3115,1.0906699429496771,1.4765699649077473,5.059932231903076,7.315018177032471,1
corridor_position_only_1772912593,corridor_position_only,580,0.2795478163297458,0.23931303119580452,1.437593623609323,-0.32848211642031233,-0.20085247212883384,1.3115,0.761147601554391,1.9625966344589654,18.169374227523804,9.520110845565796,1
corridor_position_only_1772912593,corridor_position_only,581,-0.515368809316539,-0.2137585095977272,1.44569952013262,0.9258850070670919,0.23808085349746078,1.3115,1.5163709587322196,3.3187245232971447,59.43848729133606,19.43822956085205,1
corridor_position_only_1772912593,corridor_position_only,582,0.9570535637618842,0.258887496151301,1.6319176776226072,0.759752541526606,0.569253142780375,1.3115,0.4877725044686651,0.391669364359873,15.093167543411255,3.2091033458709717,1
corridor_position_only_1772912593,corridor_position_only,583,0.7846477086117213,0.6104740160638032,1.6397898801486153,0.3883475157035128,-0.6727399858985535,1.3115,1.3825578697252867,1.6485486955872355,15.03909420967102,8.315870761871338,1
corridor_position_only_1772912593,corridor_position_only,584,0.4314621606167147,-0.7132840096632487,1.6477408685793127,0.3237225877456864,0.2003745411388418,1.3115,0.9795088997651723,1.6706181055664138,66.33085346221924,5.6125617027282715,1
corridor_position_only_1772912593,corridor_position_only,585,0.45709728274222927,0.2683517982092042,1.6609964857201875,0.031260760749884264,-0.23592114810050058,1.3115,0.7468438534079052,0.8281404730962754,5.415051460266113,3.510272264480591,1
corridor_position_only_1772912593,corridor_position_only,586,0.0988509968375536,-0.24122813034483698,1.6521347736910346,0.6158348907562847,-0.645435468931307,1.3115,0.7393835054868843,0.7129766038935685,14.536548852920532,2.907662868499756,1
corridor_position_only_1772912593,corridor_position_only,587,0.6580948480982655,-0.6834259787569325,1.6461504919880126,0.9935003604287094,0.17561881659728396,1.3115,0.9810432049174154,0.0,225.39393877983093,0.0,0
corridor_position_only_1772912593,corridor_position_only,588,0.658094847996717,-0.6834259788334401,1.6461504916982324,0.30363568817532327,-0.7290797531458806,1.3115,0.48960853207856603,0.38345444317438443,9.799660921096802,3.2077605724334717,1
corridor_position_only_1772912593,corridor_position_only,589,0.29252959684784435,-0.7845118067101218,1.6460928248836582,0.34112061425943163,0.4574618674227583,1.3115,1.2871721146279718,1.3003867542664487,20.40150237083435,7.219975709915161,1
corridor_position_only_1772912593,corridor_position_only,590,0.3685159460414459,0.4914319108265762,1.637995597381507,0.9156624550405383,-0.6517061578551653,1.3115,1.3087143773523784,1.4511923250891483,20.287012815475464,12.727118968963623,1
corridor_position_only_1772912593,corridor_position_only,591,0.9617317478948698,-0.6908118436193437,1.64830438246821,-0.8497974975313481,-0.16312492658462396,1.3115,1.9166452153421305,1.9634207933854129,12.988560676574707,8.32045841217041,1
corridor_position_only_1772912593,corridor_position_only,592,-0.9007929003745363,-0.18691608881865457,1.6450086593050406,0.27101017550787976,-0.6829025146475063,1.3115,1.3154288308705324,1.2745115669202938,10.924642324447632,2.7059690952301025,1
corridor_position_only_1772912593,corridor_position_only,593,0.24568236752761308,-0.7436054184076349,1.6510600941016276,-0.19284230601179142,0.25888437189294156,1.3115,1.1456835193307273,0.0,403.91522550582886,0.0,0
corridor_position_only_1772912593,corridor_position_only,594,0.2456823681090936,-0.7436054208825382,1.6510600936998032,0.4995207824584045,-0.15227469966593643,1.3115,0.7276036143995837,0.8260089162002521,24.098008632659912,5.313152551651001,1
corridor_position_only_1772912593,corridor_position_only,595,0.5487429450801096,-0.150643055221067,1.6427708240837176,-0.26588664542158247,0.34106560973117006,1.3115,1.0075411355369919,1.0489651013566395,53.52842736244202,11.422110080718994,1
corridor_position_only_1772912593,corridor_position_only,596,-0.2425394736946821,0.36263867688955365,1.6250788266362084,0.7570411446105278,0.4352906519466039,1.3115,1.0501292313261532,1.059244127923865,18.26405429840088,9.9220130443573,1
corridor_position_only_1772912593,corridor_position_only,597,0.7863985875349547,0.46896384625063814,1.6373418186748665,-0.2410059660875028,0.05694107782031255,1.3115,1.1539045754768873,2.197316718736581,103.56665873527527,19.637007474899292,1
corridor_position_only_1772912593,corridor_position_only,598,-0.3220520757044083,0.07275510424933801,1.4298878204873229,0.5254711797600604,0.20286849540819618,1.3115,0.8655869910943023,3.477819146796401,62.70817542076111,22.74818515777588,1
corridor_position_only_1772912593,corridor_position_only,599,0.6605451179276269,0.20824258426350706,1.425926636022996,-0.0196908511679047,-0.5470756460314574,1.3115,1.0228978725653863,3.17483646035833,21.508118629455566,18.13874888420105,1
corridor_position_only_1772912593,corridor_position_only,600,-0.13077307994251908,-0.6279257669229248,1.4258385484971585,-0.5668607810033723,-0.7080347778894983,1.3115,0.4578899871443137,0.5166515618362534,11.621302604675293,3.1068036556243896,1
corridor_position_only_1772912593,corridor_position_only,601,-0.6004984255949921,-0.8424013378897368,1.4256996009089495,-0.19792254183587987,-0.6444678647233275,1.3115,0.462910953458558,0.32821523180863493,20.863322973251343,2.607740640640259,1
corridor_position_only_1772912593,corridor_position_only,602,-0.28706418066141404,-0.7451308820504896,1.425540943188012,0.4690531079547886,0.08934068874799661,1.3115,1.131839870890941,1.2242571995241822,20.287304878234863,5.513452768325806,1
corridor_position_only_1772912593,corridor_position_only,603,0.6208421311268242,0.06851413239981838,1.4302879214005375,1.085287284920383,-0.11920177247653807,1.3115,0.5148369956564233,0.6502480225534026,7.675274848937988,2.3063387870788574,1
corridor_position_only_1772912593,corridor_position_only,604,1.2197666469877917,-0.1846823357654089,1.4290893610273323,0.08943878472492639,-0.7051645468993544,1.3115,1.24994802537603,1.2894047531665278,18.586760997772217,2.806122303009033,1
corridor_position_only_1772912593,corridor_position_only,605,0.10456395410508473,-0.8317164674296622,1.4247789739256276,-0.11150229486214391,-0.6894194787220714,1.3115,0.2824273054640072,0.2904273588681354,36.48510694503784,3.6081948280334473,1
corridor_position_only_1772912593,corridor_position_only,606,-0.18399633124129633,-0.7996854917614411,1.4251970262921978,-0.5558305759299493,-0.7109142196450725,1.3115,0.39883337130188606,0.4220281130849644,9.473456382751465,2.307722330093384,1
corridor_position_only_1772912593,corridor_position_only,607,-0.6042668752258811,-0.8379911131934721,1.4252793334381253,-0.29971686195019875,0.4937142934646447,1.3115,1.3708157197181183,1.4862640665544062,24.36752963066101,4.109062910079956,1
corridor_position_only_1772912593,corridor_position_only,608,-0.36647771366518656,0.6284912271020692,1.4277853580761615,-0.2507179661580867,0.477666645752128,1.3115,0.22286914991804851,0.08116125139006865,11.824658155441284,1.6050012111663818,1
corridor_position_only_1772912593,corridor_position_only,609,-0.28710720862250116,0.6422041231048103,1.435026463485538,1.0773140894831401,-0.34673092843704334,1.3115,1.6896439867834927,2.61382081628679,57.474212884902954,18.841405868530273,1
corridor_position_only_1772912593,corridor_position_only,610,1.1698581019546652,-0.4870892143700002,1.4348676243332248,-0.10891540481141992,-0.27530811875430916,1.3115,1.3020493403863915,1.4600150059376156,14.829089403152466,4.615041017532349,1
corridor_position_only_1772912593,corridor_position_only,611,-0.27963899996809705,-0.3128535768179835,1.437091852793668,0.22445616397957813,0.0013024122513455305,1.3115,0.6071072666932165,0.8080143019883234,2.710425615310669,5.712805986404419,1
corridor_position_only_1772912593,corridor_position_only,612,0.3915075743151307,-0.06228879735974543,1.4403342029285071,-4.524368077551966e-05,-0.32759411539104755,1.3115,0.49020278752823243,0.46993106707569676,4.058783531188965,3.4070520401000977,1
corridor_position_only_1772912593,corridor_position_only,613,0.10538719417849418,-0.43489482899205045,1.4288238570688296,-0.7587424920815327,-0.27247647708110384,1.3115,0.8870539572939335,1.0379210057353327,10.92331075668335,5.612294435501099,1
corridor_position_only_1772912593,corridor_position_only,614,-0.9232839004873432,-0.3046665140497464,1.4343001048207802,0.232378893627587,-0.26584134837208256,1.3115,1.1628171622982781,1.235646608505207,10.018090724945068,4.108958959579468,1
corridor_position_only_1772912593,corridor_position_only,615,0.3046065398535764,-0.4411179340548935,1.4478877690617824,0.007094710918766123,0.11744595763254173,1.3115,0.6473859227715713,0.550499134617379,6.263027906417847,2.207094669342041,1
corridor_position_only_1772912593,corridor_position_only,616,0.18510907597412263,0.0956243119681256,1.4401274213329718,1.0968075067992018,0.4665524831926259,1.3115,0.9926362629360433,0.0,237.660058259964,0.0,0
corridor_position_only_1772912593,corridor_position_only,617,0.18510907597408488,0.09562431196816534,1.4401274213323896,0.3571490710123255,-0.46639716385197666,1.3115,0.6016734269472339,0.7549652355714057,2.607207775115967,2.5075931549072266,1
corridor_position_only_1772912593,corridor_position_only,618,0.4056423838593614,-0.6260555383313933,1.4349285279713255,0.06953224629889043,0.0031157783578292797,1.3115,0.723920694435887,0.5993238011235053,14.078991174697876,2.610248565673828,1
corridor_position_only_1772912593,corridor_position_only,619,0.2329395638634265,-0.052182546307406805,1.4364777216211566,0.9295390388776137,0.2492248055164148,1.3115,0.7692312079115782,2.8188798901129557,7.024917125701904,19.5398530960083,1
corridor_position_only_1772912593,corridor_position_only,620,0.9905035585692991,0.28408771582060477,1.6535137848889399,-0.6140470545418966,0.34316045733369205,1.3115,1.6416594311486912,1.821012939229951,5.61064887046814,8.917670249938965,1
corridor_position_only_1772912593,corridor_position_only,621,-0.6512552596440515,0.3521216113433569,1.6324462678323846,-0.32642867972581047,0.4621224583189917,1.3115,0.469700968907107,0.5151660108116327,12.297218322753906,4.411484003067017,1
corridor_position_only_1772912593,corridor_position_only,622,-0.30522057903707356,0.4910117119868085,1.6290563352325336,0.04402304923960998,0.6048766575955294,1.3115,0.4855701430037235,0.4083380273245528,12.826947212219238,2.907550096511841,1
corridor_position_only_1772912593,corridor_position_only,623,0.06875725899145646,0.6541538766260009,1.6452811285526037,0.2938658768642759,-0.227296706518467,1.3115,0.9690401757121235,3.6489458971470667,151.0519723892212,22.744747161865234,1
corridor_position_only_1772912593,corridor_position_only,624,0.3888449100809561,-0.27935995716776796,1.4249416490959723,0.6368840153105959,-0.21189334362515966,1.3115,0.28097001515400477,0.3782440752616546,3.8075571060180664,9.018277168273926,1
corridor_position_only_1772912593,corridor_position_only,625,0.7641875398761869,-0.3220303077544101,1.4352345676128715,0.2711670359400662,0.4463029980881349,1.3115,0.9212575803708236,1.801841645061186,8.367156028747559,13.230726957321167,1
corridor_position_only_1772912593,corridor_position_only,626,0.18827167651933152,0.5574571861767392,1.4263618200871715,0.7671425036146926,0.30746118985558224,1.3115,0.6409232952174644,0.8240185243578017,21.35647487640381,5.511706829071045,1
corridor_position_only_1772912593,corridor_position_only,627,0.9192500275257913,0.3429051658289175,1.4311661785104675,-0.4756595102227057,-0.5928709750345802,1.3115,1.68397434617942,2.069931208987043,302.53431272506714,16.4346661567688,1
corridor_position_only_1772912593,corridor_position_only,628,-0.4668127625536252,-0.7486183290733001,1.430342783201793,0.8056922690383939,0.4841059419385002,1.3115,1.775669392338486,3.4304827067878594,21.31242060661316,22.54440927505493,1
corridor_position_only_1772912593,corridor_position_only,629,0.9307669855412237,0.556430013750009,1.4275848946394643,0.015568367742194722,-0.0416657601081849,1.3115,1.0994465732775471,1.2278344969287083,34.68890428543091,6.621562957763672,1
corridor_position_only_1772912593,corridor_position_only,630,-0.15464179761368269,0.005223340274281368,1.438866104216952,-0.8351119008402077,-0.08781707453131926,1.3115,0.6985114205764422,0.8609535650454594,2.406217575073242,2.910155773162842,1
corridor_position_only_1772912593,corridor_position_only,631,-1.0136496073005707,-0.05253266511210736,1.4418570776773914,0.499599279306548,-0.5582861321932405,1.3115,1.6008440679787839,1.5846874511430773,45.57774496078491,10.121594905853271,1
corridor_position_only_1772912593,corridor_position_only,632,0.41762930331294285,-0.702638301321209,1.434596345058722,0.7213945456207789,-0.35998393530240413,1.3115,0.47417090500462317,0.4563989688460391,12.773713111877441,3.412946939468384,1
corridor_position_only_1772912593,corridor_position_only,633,0.8184335925711524,-0.48497101974838774,1.4314947394818769,-0.8554329689051047,0.6280058557070382,1.3115,2.013689531290808,2.8625353390141184,386.1064224243164,12.228577375411987,1
corridor_position_only_1772912593,corridor_position_only,634,-0.8242712754163403,0.5259597821125073,1.425435967396194,-0.28906435644184514,-0.7233308084854596,1.3115,1.3638749321478472,1.2947246606370688,18.690430402755737,10.951937198638916,1
corridor_position_only_1772912593,corridor_position_only,635,-0.2332335979929524,-0.6248528921480034,1.424851990166689,0.5946236935318749,-0.5467237052486478,1.3115,0.83922615465149,1.5214387083208,17.83251690864563,8.616812944412231,1
corridor_position_only_1772912593,corridor_position_only,636,0.6234496849554502,-0.7032320101799419,1.4310855393654527,0.4322273020580487,0.30964329166113547,1.3115,1.0376815879767454,1.2017693137642422,14.416739463806152,11.522918939590454,1
corridor_position_only_1772912593,corridor_position_only,637,0.3395914865848335,0.46146015088174275,1.439916106939072,-0.6973854569120961,-0.07299938951725227,1.3115,1.1736519408193924,1.3059304877630273,9.066628456115723,3.2069249153137207,1
corridor_position_only_1772912593,corridor_position_only,638,-0.8667899903564761,-0.0386221383156322,1.4367344676744231,-0.06611493855300599,-0.652302474151308,1.3115,1.0165469812387293,1.09589852292893,18.496156930923462,3.7092032432556152,1
corridor_position_only_1772912593,corridor_position_only,639,-0.08035457455266207,-0.8006719135931191,1.4280410041941036,0.7289221862382782,0.559123347675183,1.3115,1.586680129636272,1.7471821374607563,49.77160167694092,7.214138746261597,1
corridor_position_only_1772912593,corridor_position_only,640,0.826704237436835,0.6884771866230297,1.4324837955596088,0.16274681988542894,-0.33139675849137723,1.3115,1.22295518929876,1.3518951746960521,18.74437665939331,5.514905214309692,1
corridor_position_only_1772912593,corridor_position_only,641,0.004931565894040202,-0.3830729737864347,1.4336629431474863,0.7017298091806639,0.2285368197644434,1.3115,0.9351567334373038,3.5552890812346774,4.6612389087677,13.326484203338623,1
corridor_position_only_1772912593,corridor_position_only,642,0.8735012253896169,0.2479629280183357,1.4372461479481413,-0.0745051538221132,-0.3372708611781259,1.3115,1.1211720549350037,1.8007873883215633,6.160785436630249,9.618571043014526,1
corridor_position_only_1772912593,corridor_position_only,643,-0.2290914256895773,-0.385506527272753,1.4320872969944225,0.7195027972144252,0.5337593456901674,1.3115,1.3264320718067508,1.4590298928372214,8.041252374649048,4.512001037597656,1
corridor_position_only_1772912593,corridor_position_only,644,0.7418725827730065,0.7033162889092712,1.436865401100842,-0.2357955201266979,-0.08837558076363028,1.3115,1.2642497457887252,1.3756741158216828,25.436884880065918,4.308708190917969,1
corridor_position_only_1772912593,corridor_position_only,645,-0.40053409651419924,-0.06285794134202732,1.4347319701491206,1.0673405702764713,0.08619951396360237,1.3115,1.4805607994455499,2.813546508139495,22.39756727218628,10.223603010177612,1
corridor_position_only_1772912593,corridor_position_only,646,1.2175256118541553,0.06545564951872204,1.4294954165684555,-0.6293712152816018,0.4780175762846578,1.3115,1.89609022776663,0.0,376.800763130188,0.0,0
corridor_position_only_1772912593,corridor_position_only,647,1.2175256118544637,0.06545564952316478,1.4294954165686886,0.288184010714875,0.11545302747263908,1.3115,0.9381356339792958,0.7843593286867473,11.548017501831055,2.707051992416382,1
corridor_position_only_1772912593,corridor_position_only,648,0.43408899474866225,0.10333116838612702,1.427446236794474,-0.39349140961462037,0.2379709170640545,1.3115,0.8464400258948948,0.845952412410432,9.066210985183716,3.907938003540039,1
corridor_position_only_1772912593,corridor_position_only,649,-0.3928663432389953,0.23841233887268484,1.3113896014858333,0.22205691740243627,-0.02828656796502782,1.3115,0.6702678088452054,0.670371483001077,1.8039095401763916,2.2049973011016846,1
corridor_position_only_1772912593,corridor_position_only,650,0.2221404458140409,-0.028340144933345995,1.3111504329964019,-0.3350666079546122,-0.060540489048141355,1.3115,0.5581367978620868,1.2435775064345909,3.60752010345459,9.921653985977173,1
corridor_position_only_1772912593,corridor_position_only,651,-0.17965809195376592,-0.13295643813720887,1.43599297627192,0.37478335523942197,-0.6683477841533301,1.3115,0.7807353667509057,0.8808857980301177,19.867470502853394,4.30974555015564,1
corridor_position_only_1772912593,corridor_position_only,652,0.38960400734828615,-0.8049305999067672,1.4249305121367501,-0.8727330384651101,-0.040708562688046235,1.3115,1.4799988582722723,1.651031794019511,40.79778265953064,11.830973148345947,1
corridor_position_only_1772912593,corridor_position_only,653,-1.0306334832046469,-0.0050718812778722255,1.4315353729708926,0.5282273981372294,-0.6568644598915563,1.3115,1.69389766623551,1.7563896162553636,20.171422719955444,4.810679912567139,1
corridor_position_only_1772912593,corridor_position_only,654,0.535016232264864,-0.8003240752316585,1.4273217739085227,-0.38379509124182976,0.2750021731529463,1.3115,1.4191389896625166,1.5827021320861558,21.243801832199097,5.819018840789795,1
corridor_position_only_1772912593,corridor_position_only,655,-0.498690576231854,0.39334787066476484,1.432875721038784,-0.159016372937552,-0.37147962450766187,1.3115,0.8456191385091943,0.8427755666890412,6.820765495300293,2.307694911956787,1
corridor_position_only_1772912593,corridor_position_only,656,-0.30914016574243086,-0.4277501298333989,1.4319536170176572,0.6906641590600464,0.48243232696994964,1.3115,1.3574055644570466,1.486943383399092,11.47787070274353,34.566725969314575,0
corridor_position_only_1772912593,corridor_position_only,657,0.7054026324694597,0.6589869057892341,1.4403464575248743,-0.12515561704495182,0.5816437442574088,1.3115,0.8440440628835029,0.9591397783061415,9.317240953445435,8.518354177474976,1
corridor_position_only_1772912593,corridor_position_only,658,-0.164563369456679,0.7217430843624637,1.4270650315975757,0.10573942818563264,-0.21037054130394084,1.3115,0.9773713163861416,0.9478355504660093,12.302270889282227,2.807440996170044,1
corridor_position_only_1772912593,corridor_position_only,659,-0.04599431918804453,-0.2185871484466578,1.4292999655195864,-0.8643519995530874,-0.5136064560613489,1.3115,0.8778510789161913,0.9854962621767169,8.570229530334473,3.1064014434814453,1
corridor_position_only_1772912593,corridor_position_only,660,-0.9668271691853513,-0.5696743482167874,1.4240830830686195,1.0417061551650382,0.302665923804576,1.3115,2.1926829720252696,3.2166483480299686,100.09280228614807,17.134116888046265,1
corridor_position_only_1772912593,corridor_position_only,661,1.1584811586966042,0.3226093537480748,1.4240377200443437,-0.2822605224766237,-0.5982285968273232,1.3115,1.7135763366487462,2.896722761741388,165.9279124736786,15.730352640151978,1
corridor_position_only_1772912593,corridor_position_only,662,-0.30361737068261374,-0.7572769579157339,1.4307388809016262,-0.7774953234364869,-0.24829065985205573,1.3115,0.7055815165106308,0.803612513600409,19.645428895950317,2.8089489936828613,1
corridor_position_only_1772912593,corridor_position_only,663,-0.9442168503129377,-0.2724507524003762,1.4344155441760575,-0.015330852408945383,-0.11412074251113002,1.3115,0.9502661838315203,0.781119359101463,3.5083167552948,2.7089388370513916,1
corridor_position_only_1772912593,corridor_position_only,664,-0.18360404752881976,-0.0948054287216206,1.4354419209519056,-0.14003012663341596,-0.6710642022624129,1.3115,0.5910452270631965,0.6878754403359817,14.49041223526001,2.4062721729278564,1
corridor_position_only_1772912593,corridor_position_only,665,-0.21747443398823918,-0.7816030320326735,1.4260947879973551,0.756560535670151,0.4253781535387363,1.3115,1.555210490537196,1.7372005005736977,20.875123500823975,6.415137529373169,1
corridor_position_only_1772912593,corridor_position_only,666,0.8761906274188195,0.5665659010217547,1.4431780982337064,0.06306253585102972,0.4663353579041206,1.3115,0.8297967080103279,0.7045273460910145,10.92037296295166,2.5060582160949707,1
corridor_position_only_1772912593,corridor_position_only,667,0.17294384135079446,0.6089081723537156,1.4402252923895449,0.3315647063048961,-0.33725576981630173,1.3115,0.9679653842789364,1.0104478139905058,10.780180931091309,4.913714408874512,1
corridor_position_only_1772912593,corridor_position_only,668,0.16809405586766812,-0.39944572533871264,1.4386246568738899,0.5909001620182794,-0.30932802966915707,1.3115,0.45060723569017047,0.2511714105539814,6.968312501907349,2.707737922668457,1
corridor_position_only_1772912593,corridor_position_only,669,0.419005742881458,-0.39398094629094144,1.4482992512323354,0.5405760426661483,-0.469278212295571,1.3115,0.1978965669111999,0.18584894373039293,7.563885688781738,2.005255937576294,1
corridor_position_only_1772912593,corridor_position_only,670,0.41031256332033345,-0.5791769567116342,1.435889143314569,-0.14404817226730493,-0.6631816578415994,1.3115,0.5743215771218548,0.6291505842103864,29.012112140655518,3.1078362464904785,1
corridor_position_only_1772912593,corridor_position_only,671,-0.17525880499484517,-0.80876332006476,1.4272817564860256,-0.3426313147251605,0.40494983016977526,1.3115,1.2306577847641698,1.3481369323377745,24.39545965194702,11.526493549346924,1
corridor_position_only_1772912593,corridor_position_only,672,-0.43427414188439706,0.5135333685524568,1.427101564592351,-0.20438112630365834,-0.7164438351192162,1.3115,1.2566059214809522,1.3492653532884247,13.496617794036865,11.221571922302246,1
corridor_position_only_1772912593,corridor_position_only,673,-0.26966535411262316,-0.8253449869913212,1.4248268186538637,0.1038576063748392,-0.18750588727180983,1.3115,0.7477974906139501,0.7457954291460475,20.607874393463135,4.109780788421631,1
corridor_position_only_1772912593,corridor_position_only,674,0.2345477706728103,-0.2781025360929459,1.4312444142197922,-0.8533309865246298,-0.10533325091088563,1.3115,1.1080018686810091,1.972687304953479,14.186963081359863,10.42232084274292,1
corridor_position_only_1772912593,corridor_position_only,675,-0.9978070279921569,-0.09104415269860139,1.428408555973769,0.46988877410364527,-0.31449905922220245,1.3115,1.4892047116494707,1.327611761080594,7.0761682987213135,3.1093668937683105,1
corridor_position_only_1772912593,corridor_position_only,676,0.29866020094170376,-0.3766124543685281,1.4411299250971432,0.16020876645050341,0.5980429931856396,1.3115,0.9929380437068452,1.1304564946058961,7.970928430557251,4.4110047817230225,1
corridor_position_only_1772912593,corridor_position_only,677,0.21726469198626278,0.7490821013000617,1.4317767353728383,0.6534535757025641,0.3660317083393486,1.3115,0.5928362665162933,0.47858377959163073,13.729748964309692,2.5090653896331787,1
corridor_position_only_1772912593,corridor_position_only,678,0.6546844466542878,0.5554795171404794,1.446133798935127,-0.8382112158073415,-0.3399939687875041,1.3115,1.7460631382663303,1.8655074571004155,17.250563859939575,3.9085302352905273,1
corridor_position_only_1772912593,corridor_position_only,679,-0.9646400817361338,-0.3703528188841294,1.4256657789454292,-0.18307453434045307,-0.23223020879870215,1.3115,0.8018456119322083,0.6415669060887365,6.6630024909973145,2.3050856590270996,1
corridor_position_only_1772912593,corridor_position_only,680,-0.3352481015376496,-0.24598917522876002,1.4287846366670804,0.40828122592637817,0.5955431658036748,1.3115,1.1290563439442554,1.2144298394832829,20.191807508468628,3.0067789554595947,1
corridor_position_only_1772912593,corridor_position_only,681,0.3752073656241315,0.738642737360359,1.4271045528112394,0.9079471184655314,0.33311461987231217,1.3115,0.6794329333801841,0.845113360626483,13.475558996200562,9.122056245803833,1
corridor_position_only_1772912593,corridor_position_only,682,1.0666205381500626,0.4388130652688087,1.4483460274295257,-0.08415350936417543,-0.3267937885831933,1.3115,1.388942618800613,1.7101556488630174,14.20130443572998,14.527929067611694,1
corridor_position_only_1772912593,corridor_position_only,683,-0.07099146388673166,-0.5180065854038398,1.4487782954303763,-0.3842315954735552,-0.07787810621818292,1.3115,0.5573847760955436,0.6801284117643277,6.46534538269043,4.009541273117065,1
corridor_position_only_1772912593,corridor_position_only,684,-0.5567870082289682,-0.043976948424717124,1.4376323852430666,-0.7583523011957277,0.5730031865577921,1.3115,0.6612128499196883,0.7719156973958988,7.564673900604248,3.7142562866210938,1
corridor_position_only_1772912593,corridor_position_only,685,-0.678875864012095,0.7170113210425699,1.433654140702683,1.0918119009002851,0.005118725267561297,1.3115,1.9123409379136584,0.0,0.052041053771972656,0.0,0
corridor_position_only_1772912593,corridor_position_only,686,-0.6788899916466886,0.7170108449279864,1.433646160762137,-0.14822075694596204,-0.4333261377587037,1.3115,1.2727154807668142,1.362549357262462,21.505541563034058,11.822743892669678,1
corridor_position_only_1772912593,corridor_position_only,687,-0.28738108596981116,-0.5418114007014054,1.4387979873780625,0.36062383758380534,0.3305362297967972,1.3115,1.0941231863807943,1.1452990851849472,10.723996639251709,11.331553936004639,1
corridor_position_only_1772912593,corridor_position_only,688,0.26009982595447,0.4639222343073337,1.4350768217065306,0.7346473120081394,0.13080176764296303,1.3115,0.5928202026699438,0.0,188.41797351837158,0.0,0
corridor_position_only_1772912593,corridor_position_only,689,0.2600998259566092,0.4639222343001579,1.4350768217069434,-0.35786833114070526,-0.26870590552895474,1.3115,0.9663849467571949,1.0946752072820476,8.181598424911499,2.7074549198150635,1
corridor_position_only_1772912593,corridor_position_only,690,-0.5240056133820445,-0.29990225391108993,1.4347814142470083,0.05851674748903035,0.4800539227821242,1.3115,0.9812554435902252,1.0425653317800028,3.460029363632202,2.606686592102051,1
corridor_position_only_1772912593,corridor_position_only,691,-0.013460830099313204,0.6089606089321713,1.4278694540397647,-0.5810453662390808,-0.7322256542793862,1.3115,1.4609841368495036,1.5796907877533477,20.741539001464844,4.110403537750244,1
corridor_position_only_1772912593,corridor_position_only,692,-0.6397138529202528,-0.84113814777269,1.4241149162812357,-0.6068672455116899,0.5732014823320027,1.3115,1.4191961133937625,1.540495507691167,20.187289237976074,11.726499319076538,1
corridor_position_only_1772912593,corridor_position_only,693,-0.6598322063184645,0.6990773076628165,1.4260385470483896,0.11919627802863031,0.19079833717803818,1.3115,0.9372043373892132,0.7747222143228587,14.629637002944946,2.908519983291626,1
corridor_position_only_1772912593,corridor_position_only,694,-0.011045326398905098,0.27569010096616164,1.4303573072344764,0.7264056029320753,-0.11142046806674344,1.3115,0.8413177314850419,0.0,128.36903262138367,0.0,0
corridor_position_only_1772912593,corridor_position_only,695,-0.011045326399641953,0.2756901009613915,1.430357307236,-0.7859903136815638,-0.5152598025271058,1.3115,1.1136734452366341,1.237969618596155,6.264315843582153,3.2075562477111816,1
corridor_position_only_1772912593,corridor_position_only,696,-0.9003903934909231,-0.5854603999715295,1.4252904513648534,-0.7739415651965167,0.4161746384072059,1.3115,1.0159775209653097,1.1900709421193483,5.710422039031982,3.4072213172912598,1
corridor_position_only_1772912593,corridor_position_only,697,-0.7853934436956737,0.5984680232520734,1.4425971212657127,0.8192017148186501,-0.4105234229443796,1.3115,1.8999936358918086,2.051847556724667,18.711482048034668,8.817915916442871,1
corridor_position_only_1772912593,corridor_position_only,698,0.8934195802912858,-0.5601043503674958,1.4344193105547771,1.0127338841371516,0.6238817099092168,1.3115,1.196314361252533,2.1593915527674548,469.75086426734924,15.532538652420044,1
corridor_position_only_1772912593,corridor_position_only,699,1.0819362407714816,0.7673122199966891,1.6577075054016233,0.25582784310199935,-0.3863895899160518,1.3115,1.4605966546902636,1.6564848357812032,20.150471687316895,5.211575746536255,1
corridor_position_only_1772912593,corridor_position_only,700,0.3194701748222012,-0.4040376719258471,1.6515782990101935,-0.7281523440624563,0.11209964558409624,1.3115,1.2163732659254975,0.0,111.16953372955322,0.0,0
corridor_position_only_1772912593,corridor_position_only,701,0.3194701748222779,-0.40403767192631646,1.6515782990109518,0.6979235204835756,0.5044529426531971,1.3115,1.0412662392872796,1.3239587484000506,19.051345825195312,16.031306266784668,1
corridor_position_only_1772912593,corridor_position_only,702,0.7468847637268721,0.5604213753969653,1.654581611314296,0.16053300394595738,0.5998210655803261,1.3115,0.6804893193921077,0.5649359679550106,19.00236177444458,2.20530366897583,1
corridor_position_only_1772912593,corridor_position_only,703,0.1892207700786812,0.6502506651333417,1.6457782996285426,0.07221601101951647,0.2439870349611335,1.3115,0.5389640363194409,0.3866466829353143,12.121377229690552,3.408822774887085,1
corridor_position_only_1772912593,corridor_position_only,704,0.11653388714208801,0.2705494711731383,1.6428737600797667,0.4482021494703994,-0.5194505520070305,1.3115,0.918647071366339,0.938309426177213,31.151972770690918,5.411592483520508,1
corridor_position_only_1772912593,corridor_position_only,705,0.47035516880076134,-0.5352178501339496,1.6208962544490007,0.11581120711023685,-0.7263703175496284,1.3115,0.5079042516433436,0.42876241950471183,12.475275039672852,2.706446886062622,1
corridor_position_only_1772912593,corridor_position_only,706,0.11311161258421243,-0.7697601096089118,1.636401526955625,0.9627166436317918,-0.42879810482464153,1.3115,0.9714138148626278,0.9495717841705248,20.647337675094604,4.414518117904663,1
corridor_position_only_1772912593,corridor_position_only,707,1.005683172729829,-0.4459674181047298,1.6400610275021814,-0.23545008049477467,0.42220983111243904,1.3115,1.549869619391085,2.2509589959803646,47.69116163253784,8.716400146484375,1
corridor_position_only_1772912593,corridor_position_only,708,-0.2552540417272185,0.43155430264972666,1.613374203241253,-0.02331259440488853,-0.7029207447514066,1.3115,1.1966446852530297,2.453068841492163,134.6594717502594,18.636655807495117,1
corridor_position_only_1772912593,corridor_position_only,709,-0.01628241709047347,-0.7357616836835894,1.627136320664635,-0.6381278000284636,-0.34607209393880634,1.3115,0.7988591512647653,0.94009730438717,18.942997694015503,9.5327627658844,1
corridor_position_only_1772912593,corridor_position_only,710,-0.6560257757455705,-0.3646477546932368,1.6198872205269186,1.0956314405683147,-0.6812918751800238,1.3115,1.8065628082875165,1.8379084720970202,21.8050217628479,5.210352420806885,1
corridor_position_only_1772912593,corridor_position_only,711,1.1450852995859155,-0.7273393179503146,1.6513218141957673,-0.09514787489317056,0.2933600733788092,1.3115,1.6417930563689864,1.7809997235398904,465.7742166519165,11.325571298599243,1
corridor_position_only_1772912593,corridor_position_only,712,-0.021599305432221327,0.5199556953699283,1.5649558552632206,0.2708569655279518,-0.2523155271211091,1.3115,0.863813279637991,3.4182833968035067,10.239927768707275,14.529432773590088,1
corridor_position_only_1772912593,corridor_position_only,713,0.08962413233909683,-0.2899508459519423,1.4440498164670739,0.24499472514803222,-0.25031319386482426,1.3115,0.20803994428530873,0.02425982472797204,0.8033640384674072,0.6027343273162842,1
corridor_position_only_1772912593,corridor_position_only,714,0.06592761138012138,-0.285095395377907,1.4422814017419652,-0.49326278155357534,0.5186605050920506,1.3115,0.9878366353457478,1.125852277516481,9.467493057250977,10.122469663619995,1
corridor_position_only_1772912593,corridor_position_only,715,-0.5539244200907965,0.6536253529972175,1.4292721754432982,-0.4352697841673163,-0.6895102303905329,1.3115,1.3535000566298965,1.480829171284286,13.192829132080078,4.209885835647583,1
corridor_position_only_1772912593,corridor_position_only,716,-0.4823635370313679,-0.8237054389412839,1.4271899220233912,0.8449388426308926,-0.35487420577556533,1.3115,1.4124158347691256,1.4945226885160878,16.034255504608154,10.121808528900146,1
corridor_position_only_1772912593,corridor_position_only,717,0.8663439670304889,-0.5415058134876773,1.4458148044213068,-0.007630675878305571,0.054042058835830686,1.3115,1.0660907144156853,1.2693958990571788,4.715794563293457,10.321107387542725,1
corridor_position_only_1772912593,corridor_position_only,718,-0.15165037325127706,0.10864501340439783,1.4290239309353692,-0.31309279724180683,-0.2579087619411845,1.3115,0.4174172981879632,0.5054786921771689,3.7578258514404297,1.9056434631347656,1
corridor_position_only_1772912593,corridor_position_only,719,-0.4731239206012119,-0.28139560984536593,1.4318533872359192,0.8960504068781925,-0.1666784563026511,1.3115,1.3792328672725216,1.8743887406867703,22.89948582649231,9.925423622131348,1
corridor_position_only_1772912593,corridor_position_only,720,1.0169832833383183,-0.3115652748996003,1.4463791769183667,0.1131239869535745,-0.4617695301552918,1.3115,0.9261292233399275,1.026910008663468,12.679514408111572,2.405025005340576,1
corridor_position_only_1772912593,corridor_position_only,721,0.04045766213563848,-0.628889283066677,1.4416240245611993,-0.21583876644882194,0.431811497025791,1.3115,1.0989568990465113,1.223396517201976,13.49515151977539,11.523353099822998,1
corridor_position_only_1772912593,corridor_position_only,722,-0.3026136233344956,0.5448957348917736,1.4261386952879875,-0.736226951441398,0.5496379311712704,1.3115,0.4485365505673195,0.5081391022148118,15.979948282241821,3.206665277481079,1
corridor_position_only_1772912593,corridor_position_only,723,-0.7945649293690594,0.6720795696636123,1.4255038816695635,0.7341613475576942,0.4054248249490492,1.3115,1.5559902530802852,1.681119475156449,19.62588381767273,5.313112020492554,1
corridor_position_only_1772912593,corridor_position_only,724,0.8734762354109088,0.4649539836538028,1.4293894672720078,0.6553654210184392,0.15649004375382158,1.3115,0.3957527713955309,0.0,174.3639416694641,0.0,0
corridor_position_only_1772912593,corridor_position_only,725,0.8734744345791022,0.46495646644249944,1.4294141243491685,0.19548540352276933,-0.3548828861676149,1.3115,1.0703781719756376,1.218184518702076,57.08509302139282,8.71764588356018,1
corridor_position_only_1772912593,corridor_position_only,726,0.29186104245941347,-0.48746342756961025,1.432868289952566,-0.6195679999771684,0.30886123520879283,1.3115,1.2163741734154059,1.4252649575727365,17.66654944419861,8.418431282043457,1
corridor_position_only_1772912593,corridor_position_only,727,-0.7209568423053971,0.44661189497256637,1.4351273383220902,0.16261517891163635,-0.667932306918664,1.3115,1.4276526235143892,1.537686723646288,20.438714027404785,4.710463762283325,1
corridor_position_only_1772912593,corridor_position_only,728,0.15450674457090935,-0.8126973516282026,1.4272400557489697,-0.2700781376808913,-0.3253829881615924,1.3115,0.6566150863195404,0.7301307448771145,20.267585277557373,2.9078710079193115,1
corridor_position_only_1772912593,corridor_position_only,729,-0.42589781312261554,-0.3707608642411536,1.4319837831864985,0.5725613818824087,0.5854457167242183,1.3115,1.3877204803498788,1.479381070542171,14.437829494476318,4.008341550827026,1
corridor_position_only_1772912593,corridor_position_only,730,0.5523592196516962,0.738838447659711,1.4305874053953127,0.5974385200321732,0.422736470870381,1.3115,0.3407849955275362,0.3316719689681902,19.84137201309204,2.608644962310791,1
corridor_position_only_1772912593,corridor_position_only,731,0.7431414009196633,0.5074094316764242,1.434976295674442,-0.2282650443663523,0.23614171167735676,1.3115,1.0161018912737971,0.8480629089966824,7.6686851978302,3.107992172241211,1
corridor_position_only_1772912593,corridor_position_only,732,-0.06629076154205604,0.25442607163549813,1.4325003062067856,-0.13779492183130937,0.4962658303333324,1.3115,0.27971483322811785,0.3287145288087191,2.4051880836486816,2.7060065269470215,1
corridor_position_only_1772912593,corridor_position_only,733,-0.014092153655257178,0.5789137335658461,1.428672372121492,0.6219200506898841,-0.2027497937876348,1.3115,1.0145140505972448,1.7673137339436136,47.87365412712097,15.729533195495605,1
corridor_position_only_1772912593,corridor_position_only,734,0.7502505127130726,-0.2912481145027557,1.4297377638256124,-0.7175005720594603,0.005138821808710725,1.3115,1.5020381591895478,1.6697541439589614,20.256483793258667,6.112779855728149,1
corridor_position_only_1772912593,corridor_position_only,735,-0.842888046949715,0.03599161185471231,1.4251664821340086,0.6742120639374543,0.05910380042638941,1.3115,1.5215278468944153,1.8259725465165006,5.5616679191589355,8.318571329116821,1
corridor_position_only_1772912593,corridor_position_only,736,0.8229678677153069,0.031674839101692706,1.428277394912055,-0.34712359536506443,0.08353503015795838,1.3115,1.17704735306291,0.999753849139882,3.8074305057525635,3.1066842079162598,1
corridor_position_only_1772912593,corridor_position_only,737,-0.17646757595880636,0.053928306064436785,1.437168755495159,0.6313484699584673,-0.602143065372664,1.3115,1.0482313888490837,1.1471903266364867,13.382919549942017,3.107038974761963,1
corridor_position_only_1772912593,corridor_position_only,738,0.6844254874228165,-0.7041321219323262,1.4243042574976998,-0.14108551343279763,0.5388387611707296,1.3115,1.496385588438099,1.7888532133036876,90.97467184066772,15.83178186416626,1
corridor_position_only_1772912593,corridor_position_only,739,-0.03329692031536846,0.6630669701616426,1.4329842835997093,0.5427953920267652,-0.10860201840077433,1.3115,0.9706254743259032,1.9213243445962271,42.751389265060425,11.323569774627686,1
corridor_position_only_1772912593,corridor_position_only,740,0.6885049963504112,-0.22451033251943023,1.4440159507818096,0.5718404642018282,0.4409633018038125,1.3115,0.6884956414186219,1.3466504031541493,12.376725196838379,10.221480369567871,1
corridor_position_only_1772912593,corridor_position_only,741,0.6229172762784791,0.6180085262599511,1.4437658848268733,-0.48603312494023276,-0.26850015761552404,1.3115,1.4258902143008083,1.646106883776665,20.37534523010254,10.32059931755066,1
corridor_position_only_1772912593,corridor_position_only,742,-0.661175787217667,-0.30701286250645404,1.4398064137987663,0.8246567774683911,0.22040738982501695,1.3115,1.5818764391294418,3.9112923610067485,31.375096082687378,20.64163827896118,1
corridor_position_only_1772912593,corridor_position_only,743,0.8429493144815499,0.23475101634010634,1.6160636668171753,1.0041337022090848,-0.06114047353963514,1.3115,0.4541929191164001,0.7974065465901653,9.584668397903442,5.71187162399292,1
corridor_position_only_1772912593,corridor_position_only,744,1.0334242875149386,-0.05571294392442293,1.6241870111974965,0.6852596027814168,0.2661259626718627,1.3115,0.5679543084318567,1.0404787670692344,4.1116485595703125,11.623101711273193,1
corridor_position_only_1772912593,corridor_position_only,745,0.7142210324637137,0.2865867088175926,1.6280633009092809,0.7898927035370973,-0.7273116907341028,1.3115,1.064860784280794,1.156186459009093,62.47036361694336,6.063204050064087,1
corridor_position_only_1772912593,corridor_position_only,746,0.8086820107535317,-0.7644727242755696,1.634585067754896,-0.005555247610260716,-0.42014654153556086,1.3115,0.9412368426885322,0.8910824273086777,9.274198532104492,2.7076642513275146,1
corridor_position_only_1772912593,corridor_position_only,747,-0.022476472839592754,-0.4437825073116734,1.6217098273910393,0.21002488646629347,0.5857064682019449,1.3115,1.1000611663871889,1.9866180011208365,99.65746736526489,12.523875713348389,1
corridor_position_only_1772912593,corridor_position_only,748,0.19102427120112409,0.6055090671635028,1.6205180092523686,0.5509757235932942,0.4422680073589721,1.3115,0.5017019251783233,0.4119903803166386,11.022145986557007,3.814727306365967,1
corridor_position_only_1772912593,corridor_position_only,749,0.5812102280863273,0.47729253591666576,1.6390568395266494,0.22246542407415681,-0.1981352409457905,1.3115,0.8319819705280744,0.9719170409652367,23.007250785827637,6.914304971694946,1
corridor_position_only_1772912593,corridor_position_only,750,0.28749953458354327,-0.19935190462590094,1.650031341154305,-0.5612845013878042,-0.3173514814466976,1.3115,0.9213911812001616,1.3485312438732997,9.89999771118164,9.030322551727295,1
corridor_position_only_1772912593,corridor_position_only,751,-0.5809511157662299,-0.33635380695793937,1.6205908798843065,0.4602973345220358,0.3516402397409456,1.3115,1.285718210008895,4.395519713998136,10.518949747085571,31.461711406707764,1
corridor_position_only_1772912593,corridor_position_only,752,0.47507466197138704,0.3692113954108709,1.615858578912191,0.26020053859090986,0.40130893770708453,1.3115,0.37394556512604094,0.24865621491459175,13.48081660270691,8.918233871459961,1
corridor_position_only_1772912593,corridor_position_only,753,0.29084101400845597,0.43200815295729045,1.635504392311354,0.46290747957452694,-0.6717776120094923,1.3115,1.163154645673891,1.3038109917428577,35.03196835517883,5.115206956863403,1
corridor_position_only_1772912593,corridor_position_only,754,0.46634811224760697,-0.6998278498858186,1.6218571849985524,-0.2649687797471162,-0.258035016256462,1.3115,0.9090252398274228,0.8623824949964345,8.265421867370605,2.507317304611206,1
corridor_position_only_1772912593,corridor_position_only,755,-0.283382697128412,-0.27380360218548094,1.6168178895259742,0.5792095182699357,-0.18717937222150305,1.3115,0.919123550425772,0.0,40.88654398918152,0.0,0
corridor_position_only_1772912593,corridor_position_only,756,-0.2833826971272406,-0.2738036022144016,1.616817889526248,-0.3066270006572567,-0.1483783074306131,1.3115,0.3308939647121988,0.12157500011475737,4.358548641204834,1.0030810832977295,1
corridor_position_only_1772912593,corridor_position_only,757,-0.32735968907644464,-0.16050666285907036,1.6184975278292184,-0.7608472295172096,-0.22923248140439412,1.3115,0.5356138235196701,0.45819563643041117,1.553929090499878,2.8066978454589844,1
corridor_position_only_1772912593,corridor_position_only,758,-0.7780724271858827,-0.24279420814004718,1.614621471421357,0.4578716726584042,0.12575567909811725,1.3115,1.3248658285878676,2.8768612969947096,8.092182874679565,10.523130893707275,1
corridor_position_only_1772912593,corridor_position_only,759,0.3237628366342873,0.2624309385506229,1.4472332989861763,0.6153626803560968,-0.6037136387619593,1.3115,0.9239374579051582,1.0134346470011204,18.292670726776123,10.423063039779663,1
corridor_position_only_1772912593,corridor_position_only,760,0.5264901274408718,-0.7298516641989061,1.429483147890091,-0.016738485507689083,0.6040266500545625,1.3115,1.4450774049675494,1.5697704230148977,20.096648454666138,10.421998977661133,1
corridor_position_only_1772912593,corridor_position_only,761,-0.06675397069013722,0.7219463336392689,1.425098912701156,-0.5174992002517989,0.5907095733929885,1.3115,0.4830104162224864,0.4897324299472247,24.224032402038574,2.3061063289642334,1
corridor_position_only_1772912593,corridor_position_only,762,-0.5564220317100771,0.7303967951867598,1.4273460015881647,0.5894880399421893,0.2250577841097099,1.3115,1.257735148795007,1.3939990286506814,23.38488483428955,4.70989727973938,1
corridor_position_only_1772912593,corridor_position_only,763,0.7481396844691742,0.239476644738638,1.4311218735606361,-0.08493226570821055,-0.37988441442002957,1.3115,1.044952816355195,1.6081947012991302,53.08081793785095,9.72800350189209,1
corridor_position_only_1772912593,corridor_position_only,764,-0.1895101562356173,-0.4101805371833296,1.4249042875817641,-0.3407660954740023,-0.3480276724311783,1.3115,0.1990021864043525,0.2954345975773712,7.980219841003418,3.6096174716949463,1
corridor_position_only_1772912593,corridor_position_only,765,-0.48425305808335917,-0.3902193168213045,1.427549118787486,0.32340893150868144,-0.6372302122527363,1.3115,0.8525254658161029,0.8009102483990216,12.824426174163818,2.0049829483032227,1
corridor_position_only_1772912593,corridor_position_only,766,0.23376364468406474,-0.7450188251745442,1.426960084779646,-0.2837696536108647,-0.6164999611226787,1.3115,0.545608691681624,0.6124519725984644,38.13844060897827,3.0064098834991455,1
corridor_position_only_1772912593,corridor_position_only,767,-0.37830352273160395,-0.7242260786281904,1.4267789754386797,0.4123365534752399,-0.3755896137237382,1.3115,0.8717501688807573,0.9114661206272738,14.130127429962158,3.81122088432312,1
corridor_position_only_1772912593,corridor_position_only,768,0.5051012382778698,-0.5035738093039042,1.4314563003619343,-0.3757299834402349,0.18586011978420036,1.3115,1.1249765765240596,1.6366114238287535,11.627963304519653,11.522905826568604,1
corridor_position_only_1772912593,corridor_position_only,769,-0.5062405396586639,0.27301433874791725,1.4308986410570848,-0.2528175446685492,-0.3705137473281736,1.3115,0.7018601338192637,0.7091340900497832,2.4551193714141846,2.1058435440063477,1
corridor_position_only_1772912593,corridor_position_only,770,-0.40299596413017147,-0.42827056055959334,1.4322786734700546,1.00342625072617,-0.5974854247492369,1.3115,1.42170482332632,1.4438601372043265,15.082404375076294,3.409785747528076,1
corridor_position_only_1772912593,corridor_position_only,771,1.0034443715463912,-0.7547593184409811,1.4295834565860126,0.5868128225595588,0.47023351531610824,1.3115,1.2992817219859178,1.9445608905738168,20.17297101020813,47.89341473579407,0
corridor_position_only_1772912593,corridor_position_only,772,0.5640890934314544,0.6427421223818769,1.4371100679565383,0.5166586761354328,0.19147373060414052,1.3115,0.4708191744975829,0.4695575921944979,21.541297435760498,3.311067819595337,1
corridor_position_only_1772912593,corridor_position_only,773,0.688899166585462,0.19759729639892135,1.4381098342593994,0.28235944458604956,-0.39523848516721755,1.3115,0.729903322091143,1.5708519451513894,45.59528422355652,10.92278790473938,1
corridor_position_only_1772912593,corridor_position_only,774,0.15127477829173797,-0.5297993146914171,1.4457601830660545,-0.0821120004326944,0.4108874075569223,1.3115,0.9784613914992364,1.1311940885757286,3.2070045471191406,3.306581735610962,1
corridor_position_only_1772912593,corridor_position_only,775,-0.1571816803791869,0.5581893740037532,1.43327974452491,1.063427783697986,-0.6029988794005848,1.3115,1.6891050677253718,1.8061683022473762,45.31323266029358,12.22269606590271,1
corridor_position_only_1772912593,corridor_position_only,776,1.0791592558978849,-0.7545904967872271,1.4296835114855186,-0.6894162925921903,0.28528009645514196,1.3115,2.055032278041942,2.1972537156381504,22.193819284439087,12.629984378814697,1
corridor_position_only_1772912593,corridor_position_only,777,-0.8014739883555315,0.37924920670203965,1.427542314055004,-0.3602335252479161,-0.1461298396849181,1.3115,0.6958319533602436,1.456625879139087,6.122956991195679,13.328867197036743,1
corridor_position_only_1772912593,corridor_position_only,778,-0.21828756856059695,-0.24478076802875168,1.4366419160530337,0.2952978071586698,0.09966277503525889,1.3115,0.63092930797722,0.7495985933819946,2.9564671516418457,2.3059327602386475,1
corridor_position_only_1772912593,corridor_position_only,779,0.45816609898650607,0.07822157728341862,1.4335321160281351,0.5422524977354473,-0.6174280977801392,1.3115,0.7112600299559253,0.8516590687528736,12.17228388786316,2.8067684173583984,1
corridor_position_only_1772912593,corridor_position_only,780,0.5538972882514539,-0.7674616445839988,1.4287980623879255,0.5911492847400546,-0.7241136087884116,1.3115,0.13048217843707188,0.09328875571765213,10.421443700790405,3.1124649047851562,1
corridor_position_only_1772912593,corridor_position_only,781,0.5897413245831689,-0.8534507746098636,1.424383507093523,-0.3362618578307204,-0.40285287563543604,1.3115,1.035984095715061,1.131456512879506,17.175533533096313,4.209202527999878,1
corridor_position_only_1772912593,corridor_position_only,782,-0.46916718164317717,-0.45502320422212694,1.4280103029420341,0.5792777470261792,0.09064938976175774,1.3115,1.1876741973155929,1.3946952582567538,16.181323766708374,5.411055088043213,1
corridor_position_only_1772912593,corridor_position_only,783,0.7268967021735105,0.07143579298924804,1.4280255082328592,1.0128545875703923,0.4090877797003162,1.3115,0.4575576143170536,1.3633266457206852,7.985001087188721,14.232116460800171,1
corridor_position_only_1772912593,corridor_position_only,784,1.0120204724469568,0.40942568928694767,1.3114250801930152,0.9756322271191329,0.004804949440220696,1.3115,0.406253680752714,0.40595181098626604,6.163926839828491,1.904872179031372,1
corridor_position_only_1772912593,corridor_position_only,785,0.9752663961130381,0.005164899727113453,1.31092157598189,0.599391120449855,0.27089849846843095,1.3115,0.4603226074496344,0.4597221841927303,3.9578168392181396,3.307525396347046,1
corridor_position_only_1772912593,corridor_position_only,786,0.5999320474033519,0.2706064350450521,1.3114582710880656,-0.1374541560314867,0.522133320028653,1.3115,0.7791047353385172,0.7777357100481478,5.309580326080322,3.31146240234375,1
corridor_position_only_1772912593,corridor_position_only,787,-0.13618767317795144,0.521606117653974,1.311791711190228,-0.3401323344944924,-0.23675118403462048,1.3115,0.7853020482587212,0.0,61.893134117126465,0.0,0
corridor_position_only_1772912593,corridor_position_only,788,-0.13618767318808034,0.5216061176922531,1.3117917109212844,0.6876010870231237,-0.1187293887050418,1.3115,1.0433875441554084,1.0430823965651432,8.51538896560669,2.4060914516448975,1
corridor_position_only_1772912593,corridor_position_only,789,0.6875027750566561,-0.11833587163787003,1.3105477803672712,0.5252233656218699,-0.1554757674916145,1.3115,0.16647788235305894,1.1465461601978173,33.049700021743774,10.921158790588379,1
corridor_position_only_1772912593,corridor_position_only,790,0.40953895722923195,-0.10377805039796054,1.4240912136757928,0.9827081917514127,-0.6550552797597549,1.3115,0.8031851196408877,0.7243263301804841,22.90887975692749,3.107210159301758,1
corridor_position_only_1772912593,corridor_position_only,791,0.9740883737783068,-0.5574133697512524,1.426531250794992,0.006848358831640811,-0.7128910862631377,1.3115,0.9863867170158148,0.9670132338712868,15.428315877914429,2.906813621520996,1
corridor_position_only_1772912593,corridor_position_only,792,0.008331609637230397,-0.6063164428836876,1.4252130252479716,-0.7616590146973758,-0.06823446782753106,1.3115,0.9462285271299828,0.8507155076067269,8.518648862838745,3.811572551727295,1
corridor_position_only_1772912593,corridor_position_only,793,-0.6606171865718543,-0.08389615349206674,1.4258572610948912,0.6421215230456496,-0.18011197266138612,1.3115,1.3112830405978062,2.772677291254472,25.70938730239868,16.03583025932312,1
corridor_position_only_1772912593,corridor_position_only,794,0.5186053809668157,-0.12209323616038063,1.4253358414865045,-0.5568863356430278,-0.5225243679913348,1.3115,1.1532502428539728,1.2060087786854659,9.743843793869019,11.222179412841797,1
corridor_position_only_1772912593,corridor_position_only,795,-0.48457188916569927,-0.4682586194437427,1.4280568111638625,0.4434828210481352,0.4684429006729801,1.3115,1.3237374260659671,2.00039591821346,68.17958760261536,9.32164454460144,1
corridor_position_only_1772912593,corridor_position_only,796,0.43167346566403497,0.6435581180561378,1.4383642947794428,-0.6541240467191944,-0.3456564487893649,1.3115,1.4743121265345513,1.6274616150998968,17.89257526397705,9.620641708374023,1
corridor_position_only_1772912593,corridor_position_only,797,-0.8052323294053996,-0.395106849616829,1.4311501143043621,0.1477412175446713,-0.0071490583553298626,1.3115,1.0358503650818234,0.9071099851935537,7.714378595352173,2.906989812850952,1
corridor_position_only_1772912593,corridor_position_only,798,-0.008015221594808386,0.03753044893771601,1.431858939499465,0.7691971950498533,0.34148837359124806,1.3115,0.8431701102765403,1.0191420279465444,4.5081329345703125,5.310554504394531,1
corridor_position_only_1772912593,corridor_position_only,799,0.9330660325806273,0.41835067425100986,1.4416418984606443,1.015479363698967,-0.29405574725072386,1.3115,0.7288702081151813,0.0,321.33894419670105,0.0,0
corridor_position_only_1772912593,corridor_position_only,800,0.9332093525064469,0.4184109761830987,1.4416470433875426,0.9923014504417409,0.4610629011375361,1.3115,0.14916204491502588,0.24954367275157124,4.2698118686676025,3.3080177307128906,1
corridor_position_only_1772912593,corridor_position_only,801,1.1079168022921362,0.5965783808497498,1.4394893516968055,0.2237816980840477,-0.05169598271418396,1.3115,1.1037824999043242,1.2161827740740836,26.27700662612915,4.208699464797974,1
corridor_position_only_1772912593,corridor_position_only,802,0.05317495909197656,-0.00847487952101493,1.4396356189438957,0.46869663189973165,0.40828610704637824,1.3115,0.6023011849064529,0.673532834275769,8.469548225402832,2.2052221298217773,1
corridor_position_only_1772912593,corridor_position_only,803,0.40294634320710204,0.567017685163089,1.4360164999690186,-0.0024845883230601995,0.09589124139119343,1.3115,0.6339075051039409,0.6623176604546088,8.6188325881958,2.1077139377593994,1
corridor_position_only_1772912593,corridor_position_only,804,-0.15173198921973718,0.20518247166388837,1.4437861381580146,-0.5177200471247456,0.21048673736095558,1.3115,0.3891979138079059,0.49558066630071496,4.868767023086548,3.709279775619507,1
corridor_position_only_1772912593,corridor_position_only,805,-0.6193136690232833,0.3692914633962524,1.4468224687515936,-0.5454061405366584,-0.7402628062089974,1.3115,1.1202165730407967,1.2337887353768016,22.995815992355347,3.8096084594726562,1
corridor_position_only_1772912593,corridor_position_only,806,-0.5859469608043105,-0.8623668030304787,1.4250608922666972,0.14759789952808022,-0.5212875113499028,1.3115,0.8168960898338286,0.8205143823961136,15.739294290542603,2.6060197353363037,1
corridor_position_only_1772912593,corridor_position_only,807,0.20796724808953582,-0.655866139207721,1.4273989109875889,-0.5444871132549325,0.48103550506684367,1.3115,1.3682709790931873,1.563300669786128,11.192173957824707,9.620898008346558,1
corridor_position_only_1772912593,corridor_position_only,808,-0.6166997121415068,0.6092208152912769,1.4289440015540098,-0.6642052497579977,-0.437475567276014,1.3115,1.0543354242766876,1.1281669184851604,9.422975540161133,2.80576491355896,1
corridor_position_only_1772912593,corridor_position_only,809,-0.7992885884395221,-0.5039261596074701,1.4288744226799333,-0.3867117133225697,-0.6636760132246889,1.3115,0.4577296677204131,0.44021831731574895,5.71233606338501,10.019498348236084,1
corridor_position_only_1772912593,corridor_position_only,810,-0.46980813186772175,-0.7662711500240907,1.425065089813625,-0.4378441241585326,0.5758514909282876,1.3115,1.3472980036985864,1.4616709470421971,23.154932022094727,9.618874788284302,1
corridor_position_only_1772912593,corridor_position_only,811,-0.49382020600422905,0.6935614070960656,1.4254270632274788,-0.048933744816775926,-0.1536304858669817,1.3115,0.9636583640408277,0.8957530549769608,15.229465246200562,2.6059494018554688,1
corridor_position_only_1772912593,corridor_position_only,812,-0.19188686782722697,-0.14971221013547023,1.4264692721262549,0.518653562632386,-0.5070925708127123,1.3115,0.8036207806227814,0.752986682978446,12.160736799240112,10.424585580825806,1
corridor_position_only_1772912593,corridor_position_only,813,0.39769187964164754,-0.6160406423359981,1.433343484259454,0.8523844471459194,0.12456959775404919,1.3115,0.8775503936107305,0.9756628085374903,7.967348575592041,4.610166788101196,1
corridor_position_only_1772912593,corridor_position_only,814,1.0234027570366329,0.10811039487251968,1.4359103835372111,0.3273742966390014,-0.5819618335953592,1.3115,0.9879945555103012,1.0446046422640318,15.11620020866394,2.6094510555267334,1
corridor_position_only_1772912593,corridor_position_only,815,0.3759507146791254,-0.7115160038156414,1.4259267234796469,0.4986899684022992,-0.4596095955891263,1.3115,0.3026800917741252,0.15882419004420514,8.816254377365112,3.307654857635498,1
corridor_position_only_1772912593,corridor_position_only,816,0.3642942137215115,-0.5601507379167812,1.4351733236281135,-0.4680449281032409,-0.0452758421206374,1.3115,0.9864987056818063,1.1498041690357228,10.519850969314575,9.219796419143677,1
corridor_position_only_1772912593,corridor_position_only,817,-0.6386204525272946,0.001929104294581735,1.4399475730180469,0.698246581101315,-0.64813092472374,1.3115,1.4920758311642492,1.5379827424299948,20.775960683822632,3.8081905841827393,1
corridor_position_only_1772912593,corridor_position_only,818,0.6744852344638687,-0.7976339878335863,1.4283506022871557,0.37254123701011155,0.2031798586690211,1.3115,1.051880504717418,1.2068050588797286,20.645191192626953,4.008040189743042,1
corridor_position_only_1772912593,corridor_position_only,819,0.24583061634224257,0.3277246992341459,1.4398221060139282,0.5608653387874356,-0.007007832496427002,1.3115,0.47724135092920084,1.8539074245771552,6.36815333366394,15.634133100509644,1
corridor_position_only_1772912593,corridor_position_only,820,0.7220074840468121,-0.06493247162909399,1.4366149137786164,0.7984724645555845,-0.07647993718811175,1.3115,0.14708493755267474,0.2396002693788072,1.9050230979919434,1.4035897254943848,1
corridor_position_only_1772912593,corridor_position_only,821,0.9474369817119196,-0.14594461860373936,1.4325748483928717,0.021464932023983252,-0.49095042214168094,1.3115,0.9955462622055771,0.97304852879722,7.115301609039307,2.505557060241699,1
corridor_position_only_1772912593,corridor_position_only,822,0.09302742735057523,-0.6114917176903993,1.4274727574766475,0.05122593666981712,-0.638988574676352,1.3115,0.12630566988055883,0.16038507256002477,8.765662670135498,1.4046392440795898,1
corridor_position_only_1772912593,corridor_position_only,823,0.0828039411225503,-0.7713873919234169,1.425155058341279,0.9143161245786253,-0.4634284518083033,1.3115,0.8939623550906789,0.9256999139008305,19.76786184310913,2.5110392570495605,1
corridor_position_only_1772912593,corridor_position_only,824,0.9901611107605348,-0.5880574775621112,1.4276295558173735,-0.1011994109438692,0.0013795649036320023,1.3115,1.2457888621672661,1.0607366716505908,9.220483779907227,3.10699200630188,1
corridor_position_only_1772912593,corridor_position_only,825,0.06790158788488776,-0.06424944003600205,1.441518308914973,0.4119662907700534,-0.6411791493821326,1.3115,0.6842025796142377,0.8039029759312447,13.676192998886108,2.806040048599243,1
corridor_position_only_1772912593,corridor_position_only,826,0.414876582685424,-0.7891905667912349,1.4277393196246364,-0.013858034678332576,0.627128554262654,1.3115,1.4843465916745,1.6193241312082263,21.805595636367798,7.115569591522217,1
corridor_position_only_1772912593,corridor_position_only,827,-0.04621145560417239,0.7613463050929785,1.4253713637417964,-0.4367393520567793,-0.26138478589081365,1.3115,1.1006623505203637,1.1843280025660388,20.78996229171753,10.125431776046753,1
corridor_position_only_1772912593,corridor_position_only,828,-0.5932792907777568,-0.2857630502763374,1.431601953866716,-0.1405039367361356,-0.10513627387830493,1.3115,0.5020518229247485,0.6920976295830543,4.159911870956421,5.717187166213989,1
corridor_position_only_1772912593,corridor_position_only,829,0.007974795816284685,-0.1892967951957103,1.4362961589885022,0.5317735286641838,-0.7315083011011984,1.3115,0.7641547689883545,0.8504997476193813,20.9374418258667,3.111389398574829,1
corridor_position_only_1772912593,corridor_position_only,830,0.5369193685031355,-0.8551862658382123,1.4247232749358496,0.08626692773225886,-0.7356992844316926,1.3115,0.47977522975408954,0.45125004032988436,18.090492010116577,1.9044289588928223,1
corridor_position_only_1772912593,corridor_position_only,831,0.08573137001407921,-0.8617492064907203,1.4254819410194015,0.21396678105324107,-0.6516793903834021,1.3115,0.271229664974714,0.10930943071130177,13.72891879081726,2.1069531440734863,1
corridor_position_only_1772912593,corridor_position_only,832,0.13598797579471045,-0.7735043257434748,1.4281161583245385,0.6768446747270751,0.28990036755188486,1.3115,1.1987305113681666,1.7293180411568145,21.45935583114624,9.519079685211182,1
corridor_position_only_1772912593,corridor_position_only,833,0.8438768655840049,0.32972538530819984,1.4359774759729143,-0.5948768049404534,0.17917036842369227,1.3115,1.4519550886929264,1.5664141866193932,5.9650256633758545,5.0115485191345215,1
corridor_position_only_1772912593,corridor_position_only,834,-0.7222084254226621,0.31102540704909315,1.443525169312835,-0.5362958460074426,-0.4751040753370026,1.3115,0.8185314261490111,0.8837117518246838,2.2052292823791504,2.7076685428619385,1
corridor_position_only_1772912593,corridor_position_only,835,-0.6673811657492585,-0.5708565946810952,1.4329671898888838,0.92710886460404,0.29947485127922724,1.3115,1.820612413706704,2.914996554120633,178.9416060447693,17.232969760894775,1
corridor_position_only_1772912593,corridor_position_only,836,0.9636625788310169,0.32690250328740256,1.6384492943504965,0.8892515452490997,0.052280480699406384,1.3115,0.4334167720397292,0.0,66.6942675113678,0.0,0
corridor_position_only_1772912593,corridor_position_only,837,0.9636711461108382,0.3269024565403394,1.638425000511138,0.06631185827011554,0.2413296318304281,1.3115,0.9588828686351892,1.4480264855076352,6.466431379318237,18.337021350860596,1
corridor_position_only_1772912593,corridor_position_only,838,0.03346361497754824,0.2445545278064714,1.626319074469712,-0.2509952660992084,-0.4111781371378468,1.3115,0.7810334388157679,0.0,233.9536838531494,0.0,0
corridor_position_only_1772912593,corridor_position_only,839,0.03346085581700187,0.24455311005037372,1.6263180394620596,0.9263359345171644,-0.046300045381000965,1.3115,0.9904200432942297,0.0,71.6474404335022,0.0,0
corridor_position_only_1772912593,corridor_position_only,840,0.03346085581699487,0.2445531100503745,1.626318039462081,0.5067814796633678,-0.21703449766440308,1.3115,0.7322608350341561,0.0,92.38802456855774,0.0,0
corridor_position_only_1772912593,corridor_position_only,841,0.03346085581698599,0.24455311005037708,1.62631803946211,0.7051505549729924,-0.3693461418390514,1.3115,0.9628861518338775,2.0105968940486365,28.833234548568726,14.829240322113037,1
corridor_position_only_1772912593,corridor_position_only,842,0.7234455053417574,-0.37594005406706954,1.6120243534012773,0.9882337262704779,0.1313782628268565,1.3115,0.6463741668615312,2.009116883681905,6.164153814315796,11.52341914176941,1
corridor_position_only_1772912593,corridor_position_only,843,1.1328597092633426,0.12267244548237982,1.4273670038964181,-0.4945835083880026,0.21143667751998207,1.3115,1.6339754215288924,2.7959722420098534,85.79018807411194,15.030424118041992,1
corridor_position_only_1772912593,corridor_position_only,844,-0.6276311603178828,0.2168967593914015,1.6636495822494353,-0.34849337663394175,0.16654533014677553,1.3115,0.45217529453234273,0.0,76.8452889919281,0.0,0
corridor_position_only_1772912593,corridor_position_only,845,-0.6276329280761973,0.2168959694059751,1.6636447673584154,0.6350073379048093,-0.4850694145788456,1.3115,1.4869504964078182,2.9161440011732784,49.088003635406494,16.936096668243408,1
corridor_position_only_1772912593,corridor_position_only,846,0.6793072786302853,-0.6442308281481357,1.4334673810420708,-0.14293582225959567,-0.1489562849218008,1.3115,0.9676035511341012,1.1073965195476074,16.53020167350769,4.409419059753418,1
corridor_position_only_1772912593,corridor_position_only,847,-0.30681121690791135,-0.14212095517204096,1.4334243047161905,-0.8062533675208123,0.4650012515541143,1.3115,0.7955535002684625,0.9264526993852644,3.5590312480926514,10.323413848876953,1
corridor_position_only_1772912593,corridor_position_only,848,-0.8852785945293727,0.5809169102903262,1.426610128702357,-0.7957429864496395,0.17324831565397425,1.3115,0.43296726192272206,0.3306655658047915,9.672468423843384,2.7071967124938965,1
corridor_position_only_1772912593,corridor_position_only,849,-0.9273991731698201,0.25298577333550115,1.429718625036341,0.887250250467259,-0.2960506903709585,1.3115,1.8995707969147033,2.274450203144086,4.110854148864746,11.32204532623291,1
corridor_position_only_1772912593,corridor_position_only,850,0.9410753897015554,-0.4779913387425349,1.447759235189142,0.762973846293665,0.4178532318156848,1.3115,0.9234848312437208,1.7797524811952317,121.30475044250488,8.421680212020874,1
corridor_position_only_1772912593,corridor_position_only,851,0.7731653602788986,0.43477637195775476,1.6109266824655877,-0.7396987785166769,-0.6125827548070257,1.3115,1.8642358705495155,1.8979953250183927,67.82497119903564,14.931126356124878,1
corridor_position_only_1772912593,corridor_position_only,852,-0.7436539348697249,-0.6397218469911339,1.6202133297902188,0.6099005136808135,0.365357782858846,1.3115,1.713942422463628,2.8534905765400778,172.6577353477478,18.335090398788452,1
corridor_position_only_1772912593,corridor_position_only,853,0.7666862990462011,0.45597247138695907,1.4418166872749345,-0.3943539662208879,-0.6875579638947726,1.3115,1.634826838833218,2.708201846591217,20.44962787628174,17.652145862579346,1
corridor_position_only_1772912593,corridor_position_only,854,-0.33042657941233156,-0.5527042248535511,1.6605509722086464,-0.8285518876808068,-0.24777353950759806,1.3115,0.6804029150458699,0.8400754845886959,99.64274144172668,7.61645245552063,1
corridor_position_only_1772912593,corridor_position_only,855,-0.8737085445473641,-0.27431236317126256,1.6434896080027854,-0.2530740253850783,0.156065915546997,1.3115,0.8250028902919897,0.8263388423534579,32.45640730857849,6.3130247592926025,1
corridor_position_only_1772912593,corridor_position_only,856,-0.2519755669823682,0.15648642076102154,1.3113745031852404,0.6419484119169989,0.11402299860314857,1.3115,0.8949319739634317,0.0,146.9682126045227,0.0,0
corridor_position_only_1772912593,corridor_position_only,857,-0.251966229711418,0.1565343778794239,1.3113733657338278,0.7861711023603526,0.1082289988498808,1.3115,1.0392605765256944,3.0367669816012084,23.801918268203735,16.53923201560974,1
corridor_position_only_1772912593,corridor_position_only,858,0.905117344125394,0.09809194994493299,1.4245125611674094,0.8403066952930975,0.06345076001193839,1.3115,0.13480456677596087,0.08817310231212201,5.467266321182251,3.2066500186920166,1
corridor_position_only_1772912593,corridor_position_only,859,0.9740159172848436,0.043105411549287945,1.4263925984261339,0.6268391911299018,-0.13528831131014007,1.3115,0.40688611270528596,0.3293427366204201,3.7572309970855713,10.121289014816284,1
corridor_position_only_1772912593,corridor_position_only,860,0.7656032981087922,-0.210530252651054,1.43084660138422,-0.419368833357705,0.07707447884378149,1.3115,1.2252016345044736,1.813504256969983,4.90924596786499,10.319035053253174,1
corridor_position_only_1772912593,corridor_position_only,861,-0.5599635487392504,0.13626172254420219,1.4293987163986335,-0.19534373879491818,-0.01797116141139099,1.3115,0.4130804953341973,0.2211370369831277,19.10950756072998,6.6156251430511475,1
corridor_position_only_1772912593,corridor_position_only,862,-0.3632482447626705,0.036021875216800045,1.4382493377204253,1.0715756933942486,0.1494252694180327,1.3115,1.4448686645979478,3.412157905409904,34.320215702056885,21.541522979736328,1
corridor_position_only_1772912593,corridor_position_only,863,1.1931159115306817,0.1462041763524875,1.4241726808347859,0.302639590136226,-0.6696998521372546,1.3115,1.2129891160585446,1.2649780296678232,20.542003870010376,2.9143762588500977,1
corridor_position_only_1772912593,corridor_position_only,864,0.3373354707529304,-0.7851787055112172,1.425098810738572,0.46986765871746305,-0.23032952228764492,1.3115,0.5816589093031665,0.5366375457945529,16.036355018615723,3.2074711322784424,1
corridor_position_only_1772912593,corridor_position_only,865,0.587916858066886,-0.3107794771352781,1.4278991333321676,0.11871242239924107,0.20627458378083063,1.3115,0.7078463552216059,0.9395481755341609,2.155442237854004,13.826750755310059,1
corridor_position_only_1772912593,corridor_position_only,866,-0.008146791720507474,0.29487763471861367,1.4291142245771011,-0.3273787609384131,-0.5283721746245814,1.3115,0.8907762932281155,1.0047552187428792,6.221693277359009,2.906203031539917,1
corridor_position_only_1772912593,corridor_position_only,867,-0.4438588467523864,-0.6104226595853686,1.4269565069580619,-0.5175163876067244,0.2258611860139541,1.3115,0.8474233350186064,0.9388389750795548,8.165041208267212,2.70615291595459,1
corridor_position_only_1772912593,corridor_position_only,868,-0.6380428955925816,0.3080628930375424,1.4272001162696442,0.7866615521044387,-0.5097931391353075,1.3115,1.6468326477071065,1.6684461776413966,11.78143310546875,4.611997842788696,1
corridor_position_only_1772912593,corridor_position_only,869,0.7134356943701528,-0.670086986147279,1.4389812774293564,0.33542029665248485,0.2183047686607953,1.3115,0.9738516452815782,1.1250749143258418,17.701038122177124,10.822143077850342,1
corridor_position_only_1772912593,corridor_position_only,870,0.20970537688992574,0.33550835374886745,1.4360894673208353,1.0315437312129305,-0.0066252016571894945,1.3115,0.89888608051211,2.7672140222782735,119.23823094367981,14.031388282775879,1
corridor_position_only_1772912593,corridor_position_only,871,1.2134740726000963,0.03849614245904748,1.6437182367168783,-0.5683843530827866,0.043762337979898924,1.3115,1.8125716920441017,3.72998082211731,55.43187928199768,25.255255460739136,1
corridor_position_only_1772912593,corridor_position_only,872,-0.7044284976276239,0.08744311912057703,1.42684420544681,0.28288417407720745,0.0715624080181434,1.3115,0.9941543111731734,2.1808291785109084,17.35314655303955,18.53701376914978,1
corridor_position_only_1772912593,corridor_position_only,873,0.4046604542003791,0.0547789895531872,1.424678863534355,-0.8100838570307366,-0.16133751193350654,1.3115,1.2389994104252566,1.7025362947111538,5.063793182373047,10.325701475143433,1
corridor_position_only_1772912593,corridor_position_only,874,-0.9605238593905556,-0.15864315140877186,1.4284354643345027,0.873088497177801,0.47012495789672426,1.3115,1.9419468355902272,2.0735325471080017,12.274120092391968,4.3092334270477295,1
corridor_position_only_1772912593,corridor_position_only,875,0.9567622750461526,0.6306579939861009,1.4413613596931762,0.8374597197532845,0.4744923801203481,1.3115,0.2355520566559242,0.07414926014050983,9.422185182571411,3.3114547729492188,1
corridor_position_only_1772912593,corridor_position_only,876,0.9688143237149596,0.5590049409375345,1.429337239650604,-0.3051182540264423,0.35982778917292546,1.3115,1.2947823622000683,1.3387928840251213,8.773403644561768,3.72135066986084,1
corridor_position_only_1772912593,corridor_position_only,877,-0.36987440568518026,0.5269706431616713,1.440578240708346,0.905579145997627,0.11249435316455625,1.3115,1.3473060341638872,0.0,152.48789811134338,0.0,0
corridor_position_only_1772912593,corridor_position_only,878,-0.36987190233185546,0.5269654317339877,1.4405641699650347,0.8065228783924627,-0.6572705497459671,1.3115,1.674209395480736,1.778223911733812,43.5715970993042,6.214627265930176,1
corridor_position_only_1772912593,corridor_position_only,879,0.8089301705462333,-0.8020208803576194,1.4282082030751604,1.0601300905555178,0.3795221485915038,1.3115,1.2135757634923219,2.5352820002997003,665.7650277614594,19.53630495071411,1
corridor_position_only_1772912593,corridor_position_only,880,1.187337535664735,0.5338254617919066,1.6348854981101262,-0.7043248905105854,-0.21318890788667988,1.3115,2.05936771449339,0.0,510.3238468170166,0.0,0
corridor_position_only_1772912593,corridor_position_only,881,1.1873375356716926,0.5338254617497683,1.634885498106967,-0.4183970299113334,-0.09844669202062684,1.3115,1.7557704154949914,2.648096376291318,127.28834700584412,11.322423696517944,1
corridor_position_only_1772912593,corridor_position_only,882,-0.49517826380512264,-0.12310173011092843,1.6576957389488776,-0.5410326614154786,-0.5406433756794271,1.3115,0.5443299929552089,0.4539938219174429,7.415321111679077,3.8085646629333496,1
corridor_position_only_1772912593,corridor_position_only,883,-0.5559686016496842,-0.5720699531264609,1.6290278003455851,1.0451032241642717,-0.13879657153813363,1.3115,1.6887808379421305,0.0,163.73315906524658,0.0,0
corridor_position_only_1772912593,corridor_position_only,884,-0.5559660244173946,-0.5720730238319371,1.6290534717854195,-0.2263647344424471,-0.3316472445288514,1.3115,0.5169930107357532,0.44537964220751863,5.722984075546265,4.513214349746704,1
corridor_position_only_1772912593,corridor_position_only,885,-0.189036676689732,-0.3409726593784601,1.632294528198453,-0.3646902130647699,-0.25479066559687824,1.3115,0.37575341677128293,0.930142643312572,39.40048933029175,13.832901000976562,1
corridor_position_only_1772912593,corridor_position_only,886,-0.4961747877723124,-0.4456846601278793,1.585237027030018,-0.45577524558329024,0.3685984817607634,1.3115,0.8600122779009348,1.6974067207254988,10.87305498123169,10.519510507583618,1
corridor_position_only_1772912593,corridor_position_only,887,-0.2980447056925295,0.4531927036123976,1.440159867029235,0.8407539831228337,-0.5301326224889098,1.3115,1.5100809620625688,2.1806121631731483,38.11929655075073,14.027207612991333,1
corridor_position_only_1772912593,corridor_position_only,888,0.8401154986060935,-0.5300444578063273,1.310851944189098,-0.27360452864594087,0.0311230928008156,1.3115,1.2471093532377289,0.0,165.6491026878357,0.0,0
corridor_position_only_1772912593,corridor_position_only,889,0.8401154986074257,-0.5300444578154065,1.3108519441904218,0.2779455855865929,-0.04843096322432694,1.3115,0.7402614330453904,0.0,46.1588933467865,0.0,0
corridor_position_only_1772912593,corridor_position_only,890,0.8401154986074217,-0.5300444578154061,1.3108519441904167,-0.3306446917999506,-0.07271564632052674,1.3115,1.2569126800388155,0.0,381.88456654548645,0.0,0
corridor_position_only_1772912593,corridor_position_only,891,0.8401154986073884,-0.5300444578154002,1.310851944190384,-0.2655894063391301,0.38695178416867704,1.3115,1.436476893170246,5.47378152681766,183.68015241622925,21.443509340286255,1
corridor_position_only_1772912593,corridor_position_only,892,-0.29555561875927894,0.3981155870788997,1.6283278574607438,0.03561108262851009,0.2531583488349892,1.3115,0.4806910403684847,0.3240820956254565,5.8120081424713135,2.4063427448272705,1
corridor_position_only_1772912593,corridor_position_only,893,-0.00352073630337546,0.2576957757416959,1.633504007179136,0.6671116841617806,0.4416668858063514,1.3115,0.7663418253996036,0.7120120681963568,9.366794347763062,5.712025165557861,1
corridor_position_only_1772912593,corridor_position_only,894,0.6775384774783921,0.4613258710577846,1.6139538242770857,0.7920942114664942,0.6165058539459877,1.3115,0.3587229559124561,0.22701381012636676,7.475725889205933,2.4070072174072266,1
corridor_position_only_1772912593,corridor_position_only,895,0.8012460629212484,0.6511135180528362,1.6298030228745635,-0.4861799628726349,-0.07057465360334703,1.3115,1.509839860174238,2.0308941538054177,233.38448309898376,9.218043565750122,1
corridor_position_only_1772912593,corridor_position_only,896,-0.6286506009998118,-0.11629350138066635,1.661306429511324,0.08466447108769093,0.4087285985663941,1.3115,0.9522768167016781,2.2857949186435103,245.55612874031067,12.324052095413208,1
corridor_position_only_1772912593,corridor_position_only,897,0.0037790373691907186,0.5483794889245701,1.4320817781057285,-0.06671288451368396,-0.2920077127979616,1.3115,0.851915327412829,0.9078065080037243,21.696231365203857,4.510462999343872,1
corridor_position_only_1772912593,corridor_position_only,898,-0.22919761702376218,-0.3289343867313354,1.4350126061140758,-0.6232639807735634,-0.47311999739184807,1.3115,0.4374164528565728,0.569907891672896,8.235674142837524,9.221243143081665,1
corridor_position_only_1772912593,corridor_position_only,899,-0.7530387928460116,-0.5509897375290274,1.4293552363935338,0.25223554413935023,0.05297807719350267,1.3115,1.1786617286428889,1.3143768086792993,13.830306768417358,7.715411901473999,1
corridor_position_only_1772912593,corridor_position_only,900,0.4044698568716508,0.021964722121979308,1.4299384650918077,-0.41748342946912026,0.016357955925252132,1.3115,0.830461504686931,0.6535343943117788,1.303205966949463,2.104982614517212,1
corridor_position_only_1772912593,corridor_position_only,901,-0.24531571430212162,-0.04664383126158525,1.4430166946178768,-0.5930949370344178,0.041385570737440425,1.3115,0.3820944966154289,1.4477014529454506,1.9050383567810059,9.219966173171997,1
corridor_position_only_1772912593,corridor_position_only,902,-0.7413658139297272,0.09623616449253597,1.4304184891562306,-0.43951717575865806,-0.49178089046024526,1.3115,0.6715789338151337,0.6878876387086746,8.124985456466675,2.106867790222168,1
corridor_position_only_1772912593,corridor_position_only,903,-0.5649535826297698,-0.5685840279265462,1.4274921250781465,0.9645593356553386,0.5896790458242923,1.3115,1.9220919042272442,2.0693010932276383,21.052607536315918,13.025633811950684,1
corridor_position_only_1772912593,corridor_position_only,904,1.0459599382453653,0.727926335304132,1.4320562648553676,-0.13064538162166994,0.35308412984044624,1.3115,1.2407419436499136,1.1810352816452194,16.503063678741455,2.70684814453125,1
corridor_position_only_1772912593,corridor_position_only,905,-0.12054340162313959,0.5440432239759261,1.44793395337059,0.2305476934596684,0.4181960499555518,1.3115,0.39713560893942507,0.3468940921621818,17.081661224365234,1.9045219421386719,1
corridor_position_only_1772912593,corridor_position_only,906,0.2216385391141068,0.6006994930967274,1.4421543525467146,0.46041946576550896,-0.44002714203942084,1.3115,1.075731760177096,1.157166709457043,16.581993103027344,3.7140543460845947,1
corridor_position_only_1772912593,corridor_position_only,907,0.3245150434923172,-0.5504865383880444,1.4381976959699723,-0.37815613566886386,-0.3812981458842526,1.3115,0.7337736737890515,0.8594756525170133,6.714022636413574,2.7078166007995605,1
corridor_position_only_1772912593,corridor_position_only,908,-0.531438710379786,-0.47286091613338455,1.4412424106921655,0.697922919780505,0.11894995681459164,1.3115,1.3705485107000146,1.7163846249643337,9.480019092559814,13.726980209350586,1
corridor_position_only_1772912593,corridor_position_only,909,0.8752613552340054,0.0980904780894694,1.439997923706159,0.035397364472574466,-0.260424561782775,1.3115,0.922180173929752,2.5068920045999734,12.778738737106323,16.3335120677948,1
corridor_position_only_1772912593,corridor_position_only,910,-0.1303623406148977,-0.2887245396942134,1.4354037207905535,0.9519059869791033,-0.6879587704243457,1.3115,1.1601917237791088,1.2000442597134393,21.041311025619507,4.10921311378479,1
corridor_position_only_1772912593,corridor_position_only,911,0.9413178213217801,-0.8284603938818323,1.4266701940917397,-0.4009933324345899,0.5051890742822617,1.3115,1.8957015353267657,2.0341094099308914,23.61077332496643,6.416924953460693,1
corridor_position_only_1772912593,corridor_position_only,912,-0.4633989288687833,0.6415277379932393,1.4284168391376482,0.6344609233463696,-0.530727711697232,1.3115,1.6103256321964279,1.6412191189897638,24.631027221679688,10.923476457595825,1
corridor_position_only_1772912593,corridor_position_only,913,0.5313390126717712,-0.6635951529530255,1.4343730390233376,0.31007698866347244,0.6303922842661028,1.3115,1.3185060313354686,1.43755910574655,21.805593252182007,11.42703127861023,1
corridor_position_only_1772912593,corridor_position_only,914,0.26601366645375846,0.7485989310767864,1.4242766514133276,0.767210149607161,-0.5084467088086522,1.3115,1.3579691559767968,1.5681249782059818,60.990601539611816,6.01336669921875,1
corridor_position_only_1772912593,corridor_position_only,915,0.8151283994784673,-0.6600358772844395,1.4315808281835083,-0.1983042957815374,-0.041462039250564686,1.3115,1.1933561187755954,1.340395110940139,20.14660406112671,6.114271879196167,1
corridor_position_only_1772912593,corridor_position_only,916,-0.3520938460268963,-0.006794996645569068,1.4315422628003733,0.13753064692900718,-0.054247264284247754,1.3115,0.5063536379494199,1.3609383148195193,2.4090158939361572,9.819231748580933,1
corridor_position_only_1772912593,corridor_position_only,917,0.29616365663205757,-0.15324176429956501,1.4456360628680325,0.21939904451824943,-0.14094258539677462,1.3115,0.1550372820853197,0.11021008471501838,0.45181918144226074,2.005955457687378,1
corridor_position_only_1772912593,corridor_position_only,918,0.36115916521006963,-0.24181648654670246,1.43722153990275,-0.8235061656840077,-0.12602073286400695,1.3115,1.1969321235512211,2.022399545884801,10.279330253601074,17.03605556488037,1
corridor_position_only_1772912593,corridor_position_only,919,-0.9738975934008374,-0.11421527243676725,1.4295812264611847,0.5631538045320006,-0.589671218058742,1.3115,1.6132354236617654,1.556284299545433,16.135001182556152,3.2098400592803955,1
corridor_position_only_1772912593,corridor_position_only,920,0.4646432573209069,-0.707974359110328,1.4289495099926341,-0.5291308281963463,-0.22122140750885777,1.3115,1.112793671951771,1.2490698850061956,13.125996589660645,2.8072142601013184,1
corridor_position_only_1772912593,corridor_position_only,921,-0.6915603808889724,-0.23541743421478056,1.4331630800400859,0.6150254447363124,-0.5705818281979669,1.3115,1.354364646527612,1.2971307228371456,6.96881103515625,2.910109043121338,1
corridor_position_only_1772912593,corridor_position_only,922,0.5199125835149437,-0.6988525007366067,1.4313620457947795,0.46959318343974576,0.034383856351529074,1.3115,0.7446707375759556,0.7681110181629318,7.7699689865112305,10.219489574432373,1
corridor_position_only_1772912593,corridor_position_only,923,0.6342668536085078,-0.010273668491328353,1.436379116166641,-0.7418605957301391,-0.7166803628525785,1.3115,1.5518801398034063,2.623307540581,30.175002574920654,19.440256595611572,1
corridor_position_only_1772912593,corridor_position_only,924,-0.7402883943088007,-0.7168278687692071,1.3116494137592325,0.6635337107368695,-0.4208992255841788,1.3115,1.4346742789904128,2.12331533933456,140.72879314422607,22.953786849975586,1
corridor_position_only_1772912593,corridor_position_only,925,0.7257325158913305,-0.47605496762372457,1.4301659847612536,1.0326777873058903,0.1746505038069177,1.3115,0.7291876480940214,1.4612272332042604,34.255374908447266,10.023235082626343,1
corridor_position_only_1772912593,corridor_position_only,926,1.0926154395115222,0.2016809560854168,1.6523044908891238,0.3389208774492598,0.1892589564340844,1.3115,0.8272590283386202,0.7187596837079934,5.8115928173065186,3.4083657264709473,1
corridor_position_only_1772912593,corridor_position_only,927,0.3741097079596899,0.20808485386684275,1.6343905362923898,1.004274019468291,0.4727909317143101,1.3115,0.7559329769071369,0.7062452585466229,7.565398931503296,3.1067864894866943,1
corridor_position_only_1772912593,corridor_position_only,928,1.0183918554504419,0.4970639573247826,1.6213523279323891,-0.3148370045466379,0.5806570802928562,1.3115,1.3713115869348547,1.3663679566246811,12.394200563430786,3.8170409202575684,1
corridor_position_only_1772912593,corridor_position_only,929,-0.3434827920719581,0.6048527391393094,1.6318036730349523,0.5267798941845296,0.11257542926502173,1.3115,1.0498992979648596,0.0,186.6691906452179,0.0,0
corridor_position_only_1772912593,corridor_position_only,930,-0.34347588558293607,0.6048528321329879,1.6318031326229463,-0.1991757659617821,-0.6345372603514327,1.3115,1.2882175370019198,2.5007834701420832,62.89056420326233,16.94788360595703,1
corridor_position_only_1772912593,corridor_position_only,931,-0.18674678836536393,-0.6569330620659928,1.6189506031310334,-0.19240755628390915,0.4037016398112324,1.3115,1.1043114997523362,2.2639521437872956,12.932171821594238,20.944512128829956,1
corridor_position_only_1772912593,corridor_position_only,932,-0.15332486375940713,0.44027349306704644,1.6443788439586826,-0.1346872976610306,0.5329383923465515,1.3115,0.34603824526173554,0.13725797801756548,13.042537689208984,2.007288932800293,1
corridor_position_only_1772912593,corridor_position_only,933,-0.11007243323229521,0.5701928831848022,1.637410563081364,-0.5503482593932534,0.07482243409032596,1.3115,0.7385474798994233,0.0,182.32167792320251,0.0,0
corridor_position_only_1772912593,corridor_position_only,934,-0.11007243323215055,0.5701928831845534,1.6374105630856084,0.012388193026387273,-0.05391432247887129,1.3115,0.7146496374276138,2.149906045208956,80.1396918296814,10.522049188613892,1
corridor_position_only_1772912593,corridor_position_only,935,0.12165837813794644,-0.08605051680652463,1.4244024003232254,0.43891281988655684,0.28911738617485494,1.3115,0.5041312212464272,1.5159026736947099,27.3292977809906,16.434330463409424,1
corridor_position_only_1772912593,corridor_position_only,936,0.461004302010941,0.30817606536872777,1.621994681298648,0.9194410740378249,0.3801183821985944,1.3115,0.5583430110711757,0.5225512744012264,9.227673768997192,9.720577239990234,1
corridor_position_only_1772912593,corridor_position_only,937,0.9588356483726995,0.4159766137604506,1.6430188016657232,-0.859367878880655,-0.4510974411334201,1.3115,2.04146667840661,2.2535089278582223,15.03058934211731,8.017529964447021,1
corridor_position_only_1772912593,corridor_position_only,938,-0.8847387703333729,-0.4818083254063841,1.6329557168211872,-0.07543079406876418,0.4724223844274894,1.3115,1.2918472920251054,3.4736419450454905,102.28452682495117,11.923524379730225,1
corridor_position_only_1772912593,corridor_position_only,939,0.05066267076261244,0.5410333206428959,1.426599431044397,-0.25089365234721583,0.20651068670374573,1.3115,0.4648542649603741,0.48816970003115867,17.65354585647583,4.710606575012207,1
corridor_position_only_1772912593,corridor_position_only,940,-0.3782675072850292,0.32609300565492955,1.4381801354176171,-0.5070584695375142,-0.27294412893342174,1.3115,0.625683991550982,0.8716582023559276,4.408451080322266,4.9098899364471436,1
corridor_position_only_1772912593,corridor_position_only,941,-0.4512415947248445,-0.45564396225783854,1.4485589865306023,-0.6353758527370846,0.2667881143205847,1.3115,0.7580228862190949,1.1361013185405464,7.0661420822143555,5.810945987701416,1
corridor_position_only_1772912593,corridor_position_only,942,-0.7480709014547743,0.3970386580444822,1.4377469104989777,0.10376841654405833,-0.33087959612637086,1.3115,1.127578596309098,1.040297830303255,6.81636381149292,2.8062589168548584,1
corridor_position_only_1772912593,corridor_position_only,943,-0.04968174487411581,-0.3739248472997954,1.4310835701117313,-0.5471482413656623,-0.5828148555604726,1.3115,0.5526374769443229,0.6771363739664873,15.320403099060059,3.2078845500946045,1
corridor_position_only_1772912593,corridor_position_only,944,-0.6333325213522625,-0.7172258968811323,1.4316267082370078,-0.19127586524266726,0.2641421473238844,1.3115,1.0830178906322072,1.1733124844493106,113.56080627441406,4.409672260284424,1
corridor_position_only_1772912593,corridor_position_only,945,-0.29866523376890997,0.4071677299804314,1.439401977707901,0.7541843762868972,0.03551562573610623,1.3115,1.1238222741543666,2.7955153865711355,156.60715198516846,16.43627667427063,1
corridor_position_only_1772912593,corridor_position_only,946,0.612652990182575,0.05897739903404279,1.4270176715139704,-0.08115376894869519,-0.29398407415141387,1.3115,0.7869523193952056,0.8347177657197972,5.611253261566162,2.5065815448760986,1
corridor_position_only_1772912593,corridor_position_only,947,-0.17174290785915236,-0.22631801685475364,1.4251984937900781,0.7145437481994692,-0.599479492130392,1.3115,0.9683392333410831,0.8744484171504017,23.700522422790527,3.1088972091674805,1
corridor_position_only_1772912593,corridor_position_only,948,0.6614063810106335,-0.4918733265217631,1.4248809681220003,-0.6377185727009411,0.6043007439814342,1.3115,1.7035781408940218,1.7963804361991595,21.69588041305542,15.935002326965332,1
corridor_position_only_1772912593,corridor_position_only,949,-0.6088063241547973,0.5080574764417705,1.4258554832078776,0.3059875061727848,0.272202814380787,1.3115,0.9516051440387536,0.8666620574990865,9.476227521896362,4.110761880874634,1
corridor_position_only_1772912593,corridor_position_only,950,0.2201551636453591,0.25874901478053625,1.4300740706460915,0.18200249813578262,-0.6011138778056835,1.3115,0.8688380920297007,1.727955434853422,9.468173503875732,9.619382381439209,1
corridor_position_only_1772912593,corridor_position_only,951,0.18249232644327895,-0.6016386543396772,1.311762741744344,-0.28561921001666246,0.5462458111669083,1.3115,1.2396641584523815,1.239700572039794,9.086090087890625,3.7101361751556396,1
corridor_position_only_1772912593,corridor_position_only,952,-0.28539453769477674,0.5462589386676201,1.3112125828617924,-0.35833239720027954,0.5894002714644205,1.3115,0.0847418937323216,0.08354135580413168,5.161354303359985,3.0062758922576904,1
corridor_position_only_1772912593,corridor_position_only,953,-0.35718373674213755,0.588934853332342,1.3107364841039875,-0.7732072375467419,-0.670500535700906,1.3115,1.3263685895434838,1.6437247422972991,181.64911675453186,14.731571912765503,1
corridor_position_only_1772912593,corridor_position_only,954,-0.8079478881198945,-0.7412156526314473,1.657129189964716,-0.4240341371964385,0.10059520089086971,1.3115,0.9876714120656499,1.190259968898772,41.2721312046051,6.816777467727661,1
corridor_position_only_1772912593,corridor_position_only,955,-0.45167906866209995,0.0979833015468561,1.6230022181362997,-0.16104826348030776,0.3885607593646395,1.3115,0.5156890107577409,1.6650026336778472,17.79920196533203,11.021973609924316,1
corridor_position_only_1772912593,corridor_position_only,956,-0.25356341708861097,0.486541501010987,1.4262007946201205,-0.17767652529799915,-0.24484283952780406,1.3115,0.7442030275519506,0.7508514175715689,2.40551495552063,2.8068320751190186,1
corridor_position_only_1772912593,corridor_position_only,957,-0.32419560260391245,-0.26094721269724797,1.427329210522366,-0.4586443213130312,-0.6266382182633284,1.3115,0.4064760454500233,0.524213755048533,9.670553207397461,2.310729503631592,1
corridor_position_only_1772912593,corridor_position_only,958,-0.5493590633568426,-0.7342987739431408,1.4265902761627869,0.7936810640185619,-0.43901803108310805,1.3115,1.3799250967033472,1.4299950239867747,31.975226640701294,4.0103302001953125,1
corridor_position_only_1772912593,corridor_position_only,959,0.8716123238471594,-0.5750232539940843,1.430745204220184,0.7594219965044655,-0.21454438160517242,1.3115,0.3959180542960318,0.27319361788736524,5.865537405014038,3.4154083728790283,1
corridor_position_only_1772912593,corridor_position_only,960,0.8845353032552482,-0.30218512217492477,1.4288850897945133,0.9753237690270764,-0.5799834658710686,1.3115,0.3149503525693998,0.44676866795967435,12.650497674942017,3.509178400039673,1
corridor_position_only_1772912593,corridor_position_only,961,0.9686791586693753,-0.7409029133859892,1.4323299544747157,0.1805760066251012,-0.6981264504821026,1.3115,0.7984586914418613,0.8505062660093264,17.436564683914185,2.405665397644043,1
corridor_position_only_1772912593,corridor_position_only,962,0.12208792168395916,-0.8221913523458193,1.4269144106346228,-0.5534643146653071,0.1589067952099027,1.3115,1.1967643399416201,1.3193704727879427,20.545419692993164,10.525552988052368,1
corridor_position_only_1772912593,corridor_position_only,963,-0.6798814069589619,0.22490108897486297,1.4258614964414469,0.5436409939119007,-0.6489490781742929,1.3115,1.5078792166243737,1.5672440991155123,17.39807438850403,4.00865912437439,1
corridor_position_only_1772912593,corridor_position_only,964,0.5072648284928257,-0.7962183205524116,1.42902746558244,0.3415613460333635,0.5464744853862485,1.3115,1.3579743445238048,1.5148668766773783,49.49299359321594,5.718258619308472,1
corridor_position_only_1772912593,corridor_position_only,965,0.4014522659373264,0.7060835185523654,1.4351321836331232,-0.1700515817195658,0.013611483351730125,1.3115,0.9063217332997352,0.9677598962735954,12.39130973815918,3.7088119983673096,1
corridor_position_only_1772912593,corridor_position_only,966,-0.32377487402633365,0.06579920977768244,1.4315299156805352,0.7416779313351987,0.09765582162182629,1.3115,1.072665700406806,1.8881607216532315,13.937150716781616,13.325775146484375,1
corridor_position_only_1772912593,corridor_position_only,967,0.8750118852822505,0.08240790633570114,1.4254475440276644,-0.6631571013015777,-0.25537058288947473,1.3115,1.5789370417662318,1.9946764839621318,8.333561658859253,12.026810646057129,1
corridor_position_only_1772912593,corridor_position_only,968,-0.8147626874373768,-0.276313558060957,1.4301585209317182,0.43147277175779064,-0.6466714161329129,1.3115,1.3055066477734765,1.3372939565125306,17.4818377494812,3.507922887802124,1
corridor_position_only_1772912593,corridor_position_only,969,0.4169156250026459,-0.7966451312004288,1.4285220220116357,-0.5621972180620911,0.3937131537389761,1.3115,1.5457389687828555,1.7004667492466872,21.93025517463684,4.9096691608428955,1
corridor_position_only_1772912593,corridor_position_only,970,-0.6527708053089195,0.5218290322922129,1.4302817726867088,-0.5396203542707609,0.46519971634222335,1.3115,0.17354830312538175,0.1403329435311971,6.563084125518799,1.9055261611938477,1
corridor_position_only_1772912593,corridor_position_only,971,-0.5707687010333015,0.6351199894582358,1.4373726177126094,0.12281088316375799,0.2620622582320812,1.3115,0.797539106459612,0.6504221987733672,14.077867269515991,2.5145177841186523,1
corridor_position_only_1772912593,corridor_position_only,972,0.04859487872741597,0.4367831229387359,1.4467630096249222,0.8834122723603621,0.5407338528661317,1.3115,0.8520691971532215,0.9700674530377118,12.279915571212769,3.3073089122772217,1
corridor_position_only_1772912593,corridor_position_only,973,0.9925693319926144,0.6595049212135385,1.4322658421164138,0.37530453708959066,-0.18898859000542745,1.3115,1.0561919589873083,1.171078072748826,27.261554718017578,4.911251544952393,1
corridor_position_only_1772912593,corridor_position_only,974,0.19537462575397258,-0.19435054276330876,1.4409911736450145,0.46968225717447964,-0.154298840111755,1.3115,0.3059685924940344,0.09834139024081312,2.7568695545196533,2.9061710834503174,1
corridor_position_only_1772912593,corridor_position_only,975,0.27897718084685263,-0.14303256612550735,1.447706779940694,-0.5827633394132185,0.4014454291989894,1.3115,1.0283993866939505,1.1629084937354732,8.367016553878784,2.9064786434173584,1
corridor_position_only_1772912593,corridor_position_only,976,-0.6729019618255401,0.5247297346028282,1.4297217293149478,-0.018160018032109093,-0.22219837308370982,1.3115,1.000282454258201,0.9062610104320629,117.47750639915466,8.417733430862427,1
corridor_position_only_1772912593,corridor_position_only,977,-0.18225570811761027,-0.23686689778054748,1.432381765369092,0.8002288287171355,-0.07795573337207873,1.3115,1.0025672169444744,1.4082364495158546,22.542057037353516,8.116727113723755,1
corridor_position_only_1772912593,corridor_position_only,978,0.9102047875774306,-0.11544286992442793,1.4251803504625875,0.262769641626889,-0.29615981631648564,1.3115,0.6817287620502495,0.6022096617679501,7.666226148605347,1.90439772605896,1
corridor_position_only_1772912593,corridor_position_only,979,0.37106838692410127,-0.38373257425588836,1.4259462244682397,-0.8603567359681372,0.6012594774161212,1.3115,1.5810487384777971,2.4186609240012893,20.69125270843506,15.937424898147583,1
corridor_position_only_1772912593,corridor_position_only,980,-0.9037846777916927,0.7324697473327699,1.4265399546339106,0.5706310333011784,-0.267862420784076,1.3115,1.7854412134957058,2.6459772926884875,119.95494437217712,20.54138994216919,1
corridor_position_only_1772912593,corridor_position_only,981,0.6647759034407777,-0.3280032253974679,1.4246096426678134,1.0034708769800211,-0.1931083329825506,1.3115,0.3817128611467281,0.4640997431471098,5.960989475250244,3.5081992149353027,1
corridor_position_only_1772912593,corridor_position_only,982,1.1241117027173257,-0.2618194871900853,1.4250589016047157,1.089838626119011,-0.7075925712977815,1.3115,0.46128506417189646,0.5710901477229156,35.10646438598633,3.5077762603759766,1
corridor_position_only_1772912593,corridor_position_only,983,1.103950931716717,-0.8324815218619696,1.4257393791128992,0.49070629412092326,-0.5775874667437917,1.3115,0.673862449328263,0.7346473120928524,13.447189569473267,3.312260627746582,1
corridor_position_only_1772912593,corridor_position_only,984,0.384938120440384,-0.682332127749838,1.4284055665486124,0.36129724522136497,-0.43704306728488124,1.3115,0.2727499324563701,0.20589668624691124,4.861836194992065,3.30894136428833,1
corridor_position_only_1772912593,corridor_position_only,985,0.4366380664177827,-0.5755260908642861,1.429885182169319,-0.04612264440500946,-0.5228500242582803,1.3115,0.4998477000692018,0.47983716541808563,5.664553880691528,1.504995346069336,1
corridor_position_only_1772912593,corridor_position_only,986,-0.029595516181617598,-0.6886297643400064,1.433884844130335,0.6279348629420425,0.49080342476886163,1.3115,1.3558712686368222,1.5225277400947785,20.79339599609375,11.524909257888794,1
corridor_position_only_1772912593,corridor_position_only,987,0.6567018786156863,0.6659709823329906,1.439892217106726,-0.6743132927012585,-0.7202019316108105,1.3115,1.9260221429259077,2.026133115019896,20.19717264175415,12.430399417877197,1
corridor_position_only_1772912593,corridor_position_only,988,-0.740526618529471,-0.795940446137122,1.4263050329075548,-0.5498961164188956,-0.4217411673301299,1.3115,0.4353679870816271,0.33893283282584324,28.552423238754272,3.7097878456115723,1
corridor_position_only_1772912593,corridor_position_only,989,-0.49529685944488816,-0.5856983186264966,1.4374697576801911,1.058836761368229,-0.5568785964440948,1.3115,1.559496799476795,0.0,0.20256471633911133,0.0,0
corridor_position_only_1772912593,corridor_position_only,990,-0.495296859445018,-0.585698318626645,1.43746975767953,0.9632512475491584,-0.1664319760234425,1.3115,1.5228313190586804,1.5797154582569128,14.799583435058594,3.307459592819214,1
corridor_position_only_1772912593,corridor_position_only,991,1.0359614848257945,-0.1976413490377759,1.4328173741387613,0.26456863454877877,-0.20316212038077197,1.3115,0.7808939195836041,0.6522572415795836,5.26016902923584,3.4084200859069824,1
corridor_position_only_1772912593,corridor_position_only,992,0.389345220292163,-0.2830111099786563,1.4271287944481623,-0.8505983724805575,0.3388490704971011,1.3115,1.3919555364396519,2.290016850820047,39.10935878753662,15.43570876121521,1
corridor_position_only_1772912593,corridor_position_only,993,-0.9007782524837338,0.5169726013253648,1.4441803886185847,0.2931141019886099,-0.19658161456898282,1.3115,1.3971909885953646,3.2292252909914883,65.60767269134521,29.359005212783813,1
corridor_position_only_1772912593,corridor_position_only,994,0.41468935599659595,-0.2699205755807981,1.4258189951227895,-0.32747594318464956,0.23176900000708145,1.3115,0.9030894718732019,1.6205846331925426,6.462724685668945,11.82251787185669,1
corridor_position_only_1772912593,corridor_position_only,995,-0.44728237431442475,0.3600612726834992,1.4385193431129712,-0.1303010544543799,0.01251940525450601,1.3115,0.4872334351017986,0.33068254588109264,3.5574305057525635,3.507362127304077,1
corridor_position_only_1772912593,corridor_position_only,996,-0.2897705390808293,0.0693234884496001,1.4357147812552182,0.776744535608092,0.363961458569232,1.3115,1.1134160273039067,1.2789536769341923,2.5106186866760254,4.009530544281006,1
corridor_position_only_1772912593,corridor_position_only,997,0.9181150503197859,0.48938903308381954,1.4480239105247334,0.7468991288066353,0.5353674293126532,1.3115,0.223758090008693,0.2587291569629825,9.183663129806519,1.8056755065917969,1
corridor_position_only_1772912593,corridor_position_only,998,0.7779744226786779,0.7038160250175759,1.4360977917432542,-0.2041656190928982,0.4533259377985218,1.3115,1.021209554965766,0.9250591706710235,14.93817400932312,3.1077966690063477,1
corridor_position_only_1772912593,corridor_position_only,999,-0.14380190235736257,0.6262742425765051,1.4429476679248348,0.6183922450964319,-0.6725222514998098,1.3115,1.5116516598874958,1.576846238882713,20.142309188842773,11.525941610336304,1
corridor_position_only_1772912593,corridor_position_only,1000,0.5445539221797453,-0.7916588368242232,1.427318338442788,-0.2102168632443001,-0.20085763875179863,1.3115,0.9654733977138318,1.0754763179663756,20.488508939743042,2.7082300186157227,1
