run_id,test_case,move_index,start_x,start_y,start_z,goal_x,goal_y,goal_z,cartesian_distance_m,path_length_m,plan_time_s,execution_time_s,success
pure_rrt_1773008170,pure_rrt,1,0.3546894077614381,0.4408744390572302,1.2336086920446467,-0.13066148444452752,0.563281457007225,1.3197,0.5078982968213229,0.5088681247966051,0.05152487754821777,2.506155490875244,1
pure_rrt_1773008170,pure_rrt,2,-0.1309686495686619,0.5633766315714078,1.3193211026743028,-0.5637710546430907,-0.5286635290580576,1.0125,1.2140876505887512,0.0,20.04603624343872,0.0,0
pure_rrt_1773008170,pure_rrt,3,-0.13096272877270326,0.5633827583329813,1.3193155567839558,0.31840995327503974,0.22989172189176654,1.1375,0.5883952544387807,0.5951450872277583,0.15411615371704102,2.7134480476379395,1
pure_rrt_1773008170,pure_rrt,4,0.3174658534800518,0.23039737072300934,1.1372782265834287,0.7769013140664358,-0.45124606192804856,1.1116,0.822422083264433,0.9546918677958973,0.10298919677734375,3.316786527633667,1
pure_rrt_1773008170,pure_rrt,5,0.7762382402018477,-0.45135754659017424,1.1116846224763544,-0.26999187445419626,-0.021984662937305166,1.3682,1.1596372988722283,0.0,0.05253028869628906,0.0,0
pure_rrt_1773008170,pure_rrt,6,0.776238240202791,-0.4513575465823029,1.1116846224804422,0.33969243733975607,-0.5513354354640945,1.3383,0.5019186643181576,0.5040893499554585,0.1528925895690918,2.3081204891204834,1
pure_rrt_1773008170,pure_rrt,7,0.3386282146226923,-0.5508899443708152,1.3378551883698826,0.030930708718165167,0.33583177095400074,1.4461,0.9448122008173317,0.0,20.06966257095337,0.0,0
pure_rrt_1773008170,pure_rrt,8,0.33862821462462195,-0.5508899443606959,1.337855188372067,0.3011656754845682,-0.6791771329227231,1.0435,0.32327391096332564,0.0,20.050105571746826,0.0,0
pure_rrt_1773008170,pure_rrt,9,0.338628214624622,-0.5508899443606964,1.3378551883720662,-0.744067742703176,0.5607687281860799,1.211,1.5569546490117594,0.0,20.020874500274658,0.0,0
pure_rrt_1773008170,pure_rrt,10,0.33862821462462106,-0.5508899443606958,1.3378551883720653,-0.2692555094983793,-0.6087985153552286,1.0149,0.6907793268075654,0.6984870126284147,0.20861530303955078,2.3168435096740723,1
pure_rrt_1773008170,pure_rrt,11,-0.2696581422902139,-0.609330149947145,1.0153372536992094,-0.6311202185376483,-0.06262692550711468,1.1093,0.6620938346417515,0.0,1.8105924129486084,0.0,0
pure_rrt_1773008170,pure_rrt,12,-0.269667194652615,-0.6093267820826263,1.0153328496028897,-0.36009807646876646,0.16730561870237126,1.2527,0.8171161450018964,0.0,0.15338635444641113,0.0,0
pure_rrt_1773008170,pure_rrt,13,-0.26966719465294836,-0.6093267820826631,1.0153328496028942,0.21057977365838032,-0.48900997810792585,1.0133,0.49509334106653635,0.49541671327049874,0.10300374031066895,3.0115902423858643,1
pure_rrt_1773008170,pure_rrt,14,0.2093728306685774,-0.4890271868732585,1.0134691312844322,0.9890869021802229,0.4864927794875896,1.0994,1.2517896597592384,1.764833860569661,0.15232110023498535,7.6149444580078125,1
pure_rrt_1773008170,pure_rrt,15,0.9881168286877959,0.4862709740195828,1.0990343961772708,-0.6976078609330956,-0.4737195470360945,1.3249,1.9530142858423765,2.0661625720705983,0.10110187530517578,4.411222457885742,1
pure_rrt_1773008170,pure_rrt,16,-0.6976922392728666,-0.4740705322303693,1.324447632363988,-0.10264161183544662,-0.370166430342667,1.2725,0.6062836531780988,0.6052283076971489,0.05141329765319824,2.1056506633758545,1
pure_rrt_1773008170,pure_rrt,17,-0.10374629136129257,-0.3706599027917514,1.2728244569953677,-0.31618780179961137,0.002664418259433421,1.1102,0.4592920182832276,0.46592727391310107,0.05131220817565918,2.7067527770996094,1
pure_rrt_1773008170,pure_rrt,18,-0.31634128783586546,0.002957020882968342,1.1099965743561142,-0.7252406242266942,0.6129826508891109,1.2946,0.757237321666536,0.8871133424520383,0.10125446319580078,2.806429862976074,1
pure_rrt_1773008170,pure_rrt,19,-0.7249272604957678,0.6128748172845174,1.2943030402947482,-0.86205516386102,0.3774440026969422,1.4047,0.29397145958558996,0.0,0.05112051963806152,0.0,0
pure_rrt_1773008170,pure_rrt,20,-0.724927260498288,0.6128748172860022,1.2943030403251115,0.6556578271315445,-0.6412626485173598,1.0032,1.8877544722246258,2.345351366358813,0.10117149353027344,5.912368059158325,1
pure_rrt_1773008170,pure_rrt,21,0.6550118736778934,-0.6412795857602119,1.003042349530991,0.8376709900854264,0.1134116262610646,1.4029,0.8733895573840578,0.0,0.05106687545776367,0.0,0
pure_rrt_1773008170,pure_rrt,22,0.6550118731765463,-0.6412795888835305,1.0030423485165665,-0.25663303835955753,-0.2961981155352495,1.3491,1.0343759307563767,0.0,0.05118417739868164,0.0,0
pure_rrt_1773008170,pure_rrt,23,0.6550118720427012,-0.6412795908491153,1.0030423458106146,0.8854556557862792,-0.09417669282748165,1.1701,0.6167123951348694,0.0,0.05102276802062988,0.0,0
pure_rrt_1773008170,pure_rrt,24,0.6550118716228965,-0.6412795894258938,1.0030423446350367,0.6348759663586907,0.02819486946048788,1.0777,0.6739252712924604,1.388032780109374,0.10131049156188965,7.315238952636719,1
pure_rrt_1773008170,pure_rrt,25,0.6337795730181137,0.028424906701548,1.0772140747502976,0.1630564678351123,-0.15555864077535275,1.4786,0.6453997586642496,0.0,0.05124974250793457,0.0,0
pure_rrt_1773008170,pure_rrt,26,0.6337829413041907,0.028415399983490533,1.0771980437342288,-0.8107073539688927,0.13142790507643431,1.1683,1.451021487014956,0.0,0.05116868019104004,0.0,0
pure_rrt_1773008170,pure_rrt,27,0.6337812952733908,0.0284204304514417,1.0772105183916512,0.9257967513215164,-0.4004724771494458,1.0464,0.5197801850829834,0.5285709749493686,0.051250457763671875,3.210721015930176,1
pure_rrt_1773008170,pure_rrt,28,0.926222419191701,-0.40088591689131486,1.0462532159416136,-0.4195220359956043,-0.6372296038952384,1.0484,1.3663422286293354,1.36537161705338,0.1527116298675537,3.8131871223449707,1
pure_rrt_1773008170,pure_rrt,29,-0.41837766194572,-0.6366338883859277,1.0478029203399144,0.9696607469429799,0.367357401521509,1.4237,1.7538380054204703,0.0,0.05287599563598633,0.0,0
pure_rrt_1773008170,pure_rrt,30,-0.41832352534485734,-0.6366200176495768,1.0478290256037202,0.7198780564140448,-0.4866527390905867,1.3019,1.1758167737311507,2.3072798513789334,0.2531857490539551,9.122691869735718,1
pure_rrt_1773008170,pure_rrt,31,0.719343520670889,-0.48689310199185576,1.301618558890734,0.727346387535172,0.48822944609487984,1.4036,0.9804734794964819,0.0,0.05209183692932129,0.0,0
pure_rrt_1773008170,pure_rrt,32,0.7193435214137318,-0.4868931031064744,1.3016185576149657,-0.4212325078418716,-0.1561538984275238,1.3649,1.1892462490899327,0.0,0.05159401893615723,0.0,0
pure_rrt_1773008170,pure_rrt,33,0.7193435214158442,-0.4868931014633945,1.3016185577066843,-0.85922087728718,-0.04123320625842464,1.2681,1.6406101903735335,0.0,0.05161094665527344,0.0,0
pure_rrt_1773008170,pure_rrt,34,0.719343520823222,-0.4868930995609251,1.3016185587831193,-0.6354268419446407,-0.27911675449141515,1.4866,1.3830371936427757,0.0,0.05208706855773926,0.0,0
pure_rrt_1773008170,pure_rrt,35,0.7193435204567734,-0.48689309970358996,1.3016185593723435,0.15524301229535165,0.22294804952197445,1.1893,0.9136187931633866,0.0,0.05188274383544922,0.0,0
pure_rrt_1773008170,pure_rrt,36,0.7193435207050254,-0.486893101312435,1.301618558874401,1.0345705385752644,-0.3970511255359496,1.276,0.3287795066082856,0.0,0.2531299591064453,0.0,0
pure_rrt_1773008170,pure_rrt,37,0.719343520758644,-0.4868931010200758,1.3016185588039078,-0.3084461401438592,-0.692317334334872,1.4147,1.0542002253054397,0.0,0.10235857963562012,0.0,0
pure_rrt_1773008170,pure_rrt,38,0.7193435211013248,-0.48689310133786773,1.3016185582267705,-0.7709691150225211,-0.36013975813889587,1.3093,1.4957129296593776,1.4972070475241601,0.10213637351989746,3.510019063949585,1
pure_rrt_1773008170,pure_rrt,39,-0.7710140177549334,-0.36070561867556283,1.309294866887474,-0.5858183635151959,-0.07049190737862832,1.4309,0.36511537487942086,0.0,0.05252695083618164,0.0,0
pure_rrt_1773008170,pure_rrt,40,-0.7710142466187453,-0.3606959234476948,1.3092784595928144,0.4591726549584514,0.303465351461658,1.2887,1.3981750551703223,0.0,0.05161333084106445,0.0,0
pure_rrt_1773008170,pure_rrt,41,-0.7710050354426243,-0.36070865789105766,1.3092884434360097,-0.1440538309504401,0.12578821123557826,1.3523,0.7947307786176883,0.0,0.05161404609680176,0.0,0
pure_rrt_1773008170,pure_rrt,42,-0.7710211095570928,-0.360705025768122,1.3092941293224065,-0.6940456757521627,0.40470562893961304,1.0229,0.8208533882855817,1.1029815254990543,0.10226702690124512,3.3091301918029785,1
pure_rrt_1773008170,pure_rrt,43,-0.6944471457876772,0.40438681304706103,1.0225626960060636,-0.7921836694384579,0.06888690394064434,1.1139,0.3611857142338747,5.013769450440867,0.1517810821533203,11.021832466125488,1
pure_rrt_1773008170,pure_rrt,44,-0.7911202102387241,0.06817937138021891,1.1140004386665903,0.14196844154917487,-0.43179480487803323,1.1447,1.0590425260991838,1.0944126985257057,0.05138111114501953,2.5059685707092285,1
pure_rrt_1773008170,pure_rrt,45,0.14177803011994497,-0.43196596248844976,1.144826571958431,0.4964385969190874,-0.21162563418306157,1.0399,0.430515462466754,0.4341948081039181,0.05122661590576172,2.1085216999053955,1
pure_rrt_1773008170,pure_rrt,46,0.49630158035788813,-0.21165972390624008,1.0396592978808021,-0.19700649221838762,-0.5870873818154306,1.1164,0.7921560106344949,0.8022386089038095,0.10410237312316895,2.6153059005737305,1
pure_rrt_1773008170,pure_rrt,47,-0.19702827023569255,-0.5868218391728552,1.115823043610318,-0.36175969386856155,0.16381807925096203,1.0505,0.7712741594854208,1.1930527440946965,0.050998687744140625,3.207331418991089,1
pure_rrt_1773008170,pure_rrt,48,-0.3620042633302873,0.1639098671198525,1.0507595379215962,0.1767674463016049,-0.41069495230277936,1.139,0.7926108961850055,1.2722943811318832,0.10130071640014648,3.709165096282959,1
pure_rrt_1773008170,pure_rrt,49,0.1771145713298661,-0.41018604872599795,1.1387808028868476,0.911628589297721,0.12688140229347022,1.3178,0.927361937147988,0.0,0.05157947540283203,0.0,0
pure_rrt_1773008170,pure_rrt,50,0.17711637593172797,-0.4102006096605396,1.138777087734359,0.5658441555208145,0.48962949717484106,1.1824,0.9811760628277525,0.0,20.051846742630005,0.0,0
pure_rrt_1773008170,pure_rrt,51,0.1771176743837062,-0.4101954304623029,1.1387745021142863,0.3995067226777984,-0.6273916880968029,1.1851,0.3142883308141482,0.3170286426390991,0.15317416191101074,1.8074634075164795,1
pure_rrt_1773008170,pure_rrt,52,0.3985417022025327,-0.627223817575838,1.1850474386851904,0.3289423962453073,-0.7303632510787509,1.1048,0.14805896645783614,0.1513529655391757,0.10229969024658203,2.3104395866394043,1
pure_rrt_1773008170,pure_rrt,53,0.3279609442488245,-0.7302872966230485,1.105191645878436,-0.8629679408167945,-0.5220497373523568,1.1335,1.2093286787667465,1.2082969499043843,0.10195469856262207,3.008246898651123,1
pure_rrt_1773008170,pure_rrt,54,-0.8614314849499242,-0.5222524935951443,1.1328926290498504,0.41918721633415434,-0.4348539688011908,1.4683,1.3266954679587815,0.0,0.10252499580383301,0.0,0
pure_rrt_1773008170,pure_rrt,55,-0.861431484949918,-0.5222524935952205,1.1328926290498478,-0.2280577982483314,0.2826791906321652,1.324,1.04192095214108,1.0493046964098727,0.10232853889465332,3.1085143089294434,1
pure_rrt_1773008170,pure_rrt,56,-0.22848794129485905,0.2822753749887514,1.3240170514331235,0.43038875253928044,0.037856020982938055,1.3046,0.7030194450915153,0.0,0.052134037017822266,0.0,0
pure_rrt_1773008170,pure_rrt,57,-0.22848794129443994,0.2822753750018889,1.324017051434665,-0.34736890725482017,-0.4077582299971391,1.0856,0.7396767878678007,0.7598875655844247,0.10174679756164551,4.010468244552612,1
pure_rrt_1773008170,pure_rrt,58,-0.3478072685738336,-0.4072075473263873,1.0856287786274539,0.8950362723610386,0.12418447212023931,1.3646,1.3801675579179455,0.0,0.0519404411315918,0.0,0
pure_rrt_1773008170,pure_rrt,59,-0.3478072685726995,-0.4072075473333037,1.085628778628354,0.27042349932944365,-0.06628068869288095,1.0817,0.7060140512941729,0.7171938127920106,0.15188097953796387,3.308616876602173,1
pure_rrt_1773008170,pure_rrt,60,0.2699977163958952,-0.06605591452045574,1.0814682104521762,-0.31650917764222386,-0.7095898621231824,1.1897,0.8774054927683749,0.8973248788552722,0.10177803039550781,3.007831335067749,1
pure_rrt_1773008170,pure_rrt,61,-0.317665570201801,-0.7100647657120516,1.1902363749649716,0.9909889141874761,0.5676978648015553,1.4948,1.8541879357669475,0.0,0.051656484603881836,0.0,0
pure_rrt_1773008170,pure_rrt,62,-0.31766557020191766,-0.7100647657123687,1.1902363749646774,-0.8423649860397847,0.5325097049955348,1.32,1.355042209902678,1.7229940784653286,0.05097222328186035,4.208686828613281,1
pure_rrt_1773008170,pure_rrt,63,-0.8421701275018365,0.5328079441111631,1.3199391695450577,1.036894794590899,0.4290349918121529,1.2785,1.8823843953456518,1.8824386179019934,0.0512845516204834,4.310272693634033,1
pure_rrt_1773008170,pure_rrt,64,1.0359021929350323,0.4292514298777573,1.2782029352010196,0.8139528829464104,-0.30754916491527445,1.3423,0.7721690529978752,0.0,0.05125284194946289,0.0,0
pure_rrt_1773008170,pure_rrt,65,1.0359077462816568,0.42924448288259665,1.2782075330604648,0.9824587623866678,0.21334494063141296,1.4214,0.2645250249256341,0.0,0.0509946346282959,0.0,0
pure_rrt_1773008170,pure_rrt,66,1.0358787539384804,0.42923637708987133,1.2781913788201669,0.3459443233177544,0.6173339900432578,1.388,0.7234971761106767,0.0,0.10282230377197266,0.0,0
pure_rrt_1773008170,pure_rrt,67,1.0358964117847778,0.4292530463166788,1.278204278338169,0.8659534285612076,0.2748160807942769,1.1145,0.2820114973062533,4.176922506491583,0.1528489589691162,6.6151347160339355,1
pure_rrt_1773008170,pure_rrt,68,0.8654611135380889,0.27439860776673575,1.1145587164441855,-0.16048853828244525,-0.33960480598058607,1.0161,1.1996945440435565,1.2059379653687792,0.0511324405670166,2.906330108642578,1
pure_rrt_1773008170,pure_rrt,69,-0.16040901290800602,-0.3399804470496884,1.0153142767220682,0.8455373354257656,0.5117925192125917,1.1577,1.32578992905161,1.338111639218103,0.05099010467529297,3.709205150604248,1
pure_rrt_1773008170,pure_rrt,70,0.8444134928458508,0.5122752714292261,1.15748079730928,0.7092210447121483,0.15005044088864938,1.1339,0.38734981592131257,0.39100453924109546,0.1031334400177002,3.2146387100219727,1
pure_rrt_1773008170,pure_rrt,71,0.7104678583085472,0.15011406132063473,1.1346056216565663,0.8909905874824164,-0.27859465448598975,1.1055,0.4660759122385134,0.4700005261219763,0.1536870002746582,3.31190824508667,1
pure_rrt_1773008170,pure_rrt,72,0.890330868857062,-0.277868458725442,1.1053650371234802,0.2731512394544169,-0.6936153158032764,1.4715,0.8293436894076389,2.7805040373734187,0.20288801193237305,6.919140815734863,1
pure_rrt_1773008170,pure_rrt,73,0.2729120934533666,-0.6933633578094962,1.471157565253034,-0.3050752382817403,0.06880490002182083,1.4382,0.9571081495835785,0.0,0.05168724060058594,0.0,0
pure_rrt_1773008170,pure_rrt,74,0.27291357098060953,-0.6933598869037179,1.4711327573383055,0.7573943112274426,-0.24809805870092472,1.1573,0.7290203583598861,0.0,20.052645206451416,0.0,0
pure_rrt_1773008170,pure_rrt,75,0.2729068998505577,-0.6933640394255839,1.4711573024310836,0.6531272222414466,-0.44646190821933746,1.3277,0.47550831073076033,0.0,0.057877302169799805,0.0,0
pure_rrt_1773008170,pure_rrt,76,0.27291357097055474,-0.6933598868964357,1.4711327572967907,-0.7705668286438195,-0.012918736225364547,1.1978,1.2753675157057325,0.0,0.10454487800598145,0.0,0
pure_rrt_1773008170,pure_rrt,77,0.27291209347193013,-0.6933633578140448,1.471157565286894,0.5661130234383152,0.5978207571815227,1.4573,1.3241281041748645,1.8435567264986186,0.206434965133667,4.9159324169158936,1
pure_rrt_1773008170,pure_rrt,78,0.5654517192090985,0.5982106336936719,1.4583739695538835,0.7030590380315707,-0.37087648676591,1.2294,1.0052336544144433,1.1169540226491608,0.10175561904907227,2.6096556186676025,1
pure_rrt_1773008170,pure_rrt,79,0.7040338565844535,-0.37085634302383436,1.2294784382445285,-0.8227548265505632,0.579678921767469,1.1324,1.8011177628719974,2.5557831367206116,0.15245747566223145,36.37283110618591,0
pure_rrt_1773008170,pure_rrt,80,-0.8217936135480772,0.5793324253255603,1.1315219996133477,-0.06245526417091707,-0.5048936042226579,1.1233,1.32371009411516,0.0,20.05793023109436,0.0,0
pure_rrt_1773008170,pure_rrt,81,-0.8218039651032468,0.5793324261165248,1.1315220005305329,0.2155672494475307,0.23885479778988572,1.2807,1.101961037285439,0.0,0.053546905517578125,0.0,0
pure_rrt_1773008170,pure_rrt,82,-0.8218039650981628,0.5793324261190617,1.1315220005332205,1.0195429862744507,0.27087036353998595,1.1314,1.8670049422173165,1.867202061590544,0.10376667976379395,4.413454294204712,1
pure_rrt_1773008170,pure_rrt,83,1.0191697494614074,0.2712145092555387,1.1315020451594677,-0.04135267626812045,-0.4026176204254096,1.2923,1.2667334118694833,0.0,20.03065299987793,0.0,0
pure_rrt_1773008170,pure_rrt,84,1.0191697496782122,0.271214509705879,1.131502044988508,-0.8444721055358239,-0.583516191943497,1.4489,2.0747209447762187,0.0,0.10149383544921875,0.0,0
pure_rrt_1773008170,pure_rrt,85,1.0191697496782122,0.2712145097058789,1.1315020449885074,0.8225228775098163,0.22382589878815262,1.1997,0.21346342507810237,0.0,0.0511929988861084,0.0,0
pure_rrt_1773008170,pure_rrt,86,1.0191697496782122,0.2712145097058789,1.1315020449885078,0.10138266448156175,-0.09244978694750272,1.1097,0.9874513575765863,0.9932197887766289,0.0509796142578125,3.0084218978881836,1
pure_rrt_1773008170,pure_rrt,87,0.10082808871267018,-0.09267235946892627,1.1097840304962419,-0.08316361642440584,0.10317803472374554,1.4988,0.4728041338584324,0.0,0.051120758056640625,0.0,0
pure_rrt_1773008170,pure_rrt,88,0.10081724237347836,-0.09266427787291331,1.1097962757079176,-0.130517797810334,0.11693152419136088,1.2548,0.34419817128855684,0.0,0.05120491981506348,0.0,0
pure_rrt_1773008170,pure_rrt,89,0.10082324374464097,-0.09266568195717942,1.1097968315475302,0.43253077786874905,-0.5191280971901155,1.0455,0.5440902152658667,0.555066137147067,0.10122132301330566,2.608057737350464,1
pure_rrt_1773008170,pure_rrt,90,0.43238821640288805,-0.5192676676477257,1.045315256633907,-0.8204545825065056,0.061855648669738694,1.0236,1.3812280549994658,0.0,20.044776678085327,0.0,0
pure_rrt_1773008170,pure_rrt,91,0.43238821639130903,-0.5192676676819865,1.0453152566303097,-0.10364720625867363,0.14087801213979334,1.0548,0.8504212210896988,0.9219617476479359,0.1552417278289795,2.910747528076172,1
pure_rrt_1773008170,pure_rrt,92,-0.1045652149968484,0.14109607624092643,1.0543848472492472,0.9929832509950729,-0.21249497566173614,1.3137,1.1818983101912774,0.0,0.05363273620605469,0.0,0
pure_rrt_1773008170,pure_rrt,93,-0.10456291255802769,0.14109627918827358,1.054380599047834,-0.4849419708476145,-0.6476975725975227,1.396,0.9399935019494882,1.0761862146901136,0.10202860832214355,4.410992860794067,1
pure_rrt_1773008170,pure_rrt,94,-0.4848473232233643,-0.6476527675326329,1.3952773694344582,-0.6858140517817499,0.1954513066740744,1.2111,0.886077541382923,0.0,0.051169395446777344,0.0,0
pure_rrt_1773008170,pure_rrt,95,-0.48489459063960605,-0.6476698766969575,1.3953020895778114,0.801542866341459,-0.7110243602989752,1.0318,1.338308219523374,1.3515917648963214,0.05142831802368164,3.207751750946045,1
pure_rrt_1773008170,pure_rrt,96,0.8014421387110852,-0.7103075297562382,1.0311645088472399,-0.6387973116538773,0.2143168652103431,1.1908,1.7189250816107342,0.0,0.052983760833740234,0.0,0
pure_rrt_1773008170,pure_rrt,97,0.8014419245705824,-0.7103076371422736,1.0311646637710177,0.5839108088193017,0.360982798348782,1.4981,1.1887016411673221,1.296311836120506,0.10165524482727051,3.0075631141662598,1
pure_rrt_1773008170,pure_rrt,98,0.584721169997406,0.3612276562618343,1.4979820694087158,0.6147184377521813,0.36559093175322077,1.2646,0.2353424410667572,0.23609871135294144,0.0510861873626709,2.506058692932129,1
pure_rrt_1773008170,pure_rrt,99,0.6151372054969948,0.3649705718105545,1.2647493466555273,-0.1356601539587038,0.3237914080595038,1.4855,0.7836601619610996,0.7840350296202002,0.051786184310913086,3.6082682609558105,1
pure_rrt_1773008170,pure_rrt,100,-0.1357046351583382,0.3245157221408235,1.4857297725201262,0.8283740741528494,-0.1535622063867247,1.4304,1.0775284902124147,1.0797640418877616,0.05128192901611328,2.9068551063537598,1
pure_rrt_1773008170,pure_rrt,101,0.8295383103521408,-0.15308317690712261,1.4298865360556055,-0.6686084919671815,0.4971076937777247,1.0057,1.6873429488377234,1.752650401097353,0.05120253562927246,2.9066240787506104,1
pure_rrt_1773008170,pure_rrt,102,-0.6679476614193418,0.4973565039819846,1.006240164388857,-0.23866169075732746,0.4874489159537795,1.3604,0.5566091933016165,0.5653411106401591,0.05095028877258301,2.2079522609710693,1
pure_rrt_1773008170,pure_rrt,103,-0.23742879297485608,0.48754200227881017,1.360550035528687,0.9214670772629805,-0.6175721060958524,1.3409,1.601468998912972,2.11165701103267,0.10201215744018555,5.616797924041748,1
pure_rrt_1773008170,pure_rrt,104,0.9202066096294195,-0.6175181085096627,1.3412001230592328,1.0111033652302361,0.0449036582813952,1.2685,0.6725697920589125,0.0,0.10257434844970703,0.0,0
pure_rrt_1773008170,pure_rrt,105,0.9202066096323867,-0.6175181084863617,1.3412001230656867,-0.2918562504944361,-0.2914149146617354,1.1334,1.2722501959392853,1.2789402773341492,0.10298919677734375,2.9101691246032715,1
pure_rrt_1773008170,pure_rrt,106,-0.29139893342558915,-0.29138578694669826,1.132927313196387,0.6959096646646317,0.34193532819971717,1.3205,1.1878793775412984,0.0,0.05225348472595215,0.0,0
pure_rrt_1773008170,pure_rrt,107,-0.2913989334252104,-0.2913857869472666,1.1329273131967685,-0.758918537647011,0.0120526843128127,1.0558,0.5626705151448007,4.186374913250633,0.3026163578033447,12.637863159179688,1
pure_rrt_1773008170,pure_rrt,108,-0.7584706728666989,0.01145121425097155,1.055401516726568,-0.17748644512178002,-0.5821499194284695,1.2174,0.8462555685942456,3.3186091986916737,0.10099649429321289,7.114640712738037,1
pure_rrt_1773008170,pure_rrt,109,-0.17844736465389713,-0.582521291748591,1.2175536764289263,0.3523082014928294,-0.6040574430072863,1.2269,0.5312745340886054,0.530971558297622,0.05102944374084473,2.6058597564697266,1
pure_rrt_1773008170,pure_rrt,110,0.3514067978263352,-0.6040568961930417,1.226992447227331,-0.7287837213861684,0.38623572146494956,1.4769,1.4865883126532775,0.0,0.05100822448730469,0.0,0
pure_rrt_1773008170,pure_rrt,111,0.3514078342892394,-0.6040554261660996,1.2269882464869801,-0.7048516506831496,0.6126427808606151,1.4379,1.6249684287228772,1.9092133820339454,0.051291465759277344,3.709462881088257,1
pure_rrt_1773008170,pure_rrt,112,-0.7048906653147018,0.6125461199931354,1.4380083932042478,0.7379687423043702,0.558519545325422,1.1317,1.4760037170253173,1.4769685377150608,0.10160517692565918,3.7086100578308105,1
pure_rrt_1773008170,pure_rrt,113,0.7379284479945154,0.5584747107311672,1.1316993300938636,-0.12725350147772496,-0.6282700152560291,1.2503,1.4734208391539723,0.0,0.2013401985168457,0.0,0
pure_rrt_1773008170,pure_rrt,114,0.7379418077108667,0.5584953487892849,1.131707872988976,-0.032191977672493044,0.5023309251201674,1.0893,0.773342690898696,0.7728916527253573,0.050950050354003906,3.009742498397827,1
pure_rrt_1773008170,pure_rrt,115,-0.03142774595019046,0.5018398535603548,1.0888501142917815,-0.8504970760709754,-0.09906027790007044,1.4563,1.0802661496319554,0.0,0.05155587196350098,0.0,0
pure_rrt_1773008170,pure_rrt,116,-0.031420080525653094,0.5018426205810328,1.0888532306624046,-0.6400629788877781,0.14901495510747143,1.4353,0.7841931542895719,0.0,0.051027774810791016,0.0,0
pure_rrt_1773008170,pure_rrt,117,-0.031424492197125065,0.501831177630592,1.0888439074579237,1.0340259910765421,-0.22792782373443055,1.1492,1.2928169979886224,1.3316860048787027,0.10118651390075684,4.5095603466033936,1
pure_rrt_1773008170,pure_rrt,118,1.033452195174523,-0.2281541077089095,1.1492276054226203,-0.4298330480544449,0.5804677691914001,1.3195,1.680495680211215,1.73113801793184,0.05138254165649414,3.3073840141296387,1
pure_rrt_1773008170,pure_rrt,119,-0.4289478253459544,0.5805102538250634,1.3196492204983121,-0.7874570545139581,0.48143063822114984,1.3045,0.37225681526140253,0.3716821095703717,0.05120539665222168,1.6074120998382568,1
pure_rrt_1773008170,pure_rrt,120,-0.7873434527342995,0.4814829188422451,1.304199251766029,-0.7267352086944394,0.017995786767414867,1.0764,0.5199867113203077,0.5711456305260392,0.05094432830810547,3.4081497192382812,1
pure_rrt_1773008170,pure_rrt,121,-0.727367688188975,0.017703434095021467,1.0764869635471253,0.37446810078409043,0.21295869866486405,1.3813,1.159774853752123,0.0,0.05435609817504883,0.0,0
pure_rrt_1773008170,pure_rrt,122,-0.7273512063914795,0.017729865033325326,1.0764833327525967,0.2851109662315847,0.49519110641461894,1.2697,1.1359496329134384,1.1673641558450456,0.1022639274597168,2.71344256401062,1
pure_rrt_1773008170,pure_rrt,123,0.2845708015709647,0.4952502081211923,1.269397674025147,1.0107155614397394,0.48022243906611906,1.3893,0.7361308402056207,0.0,0.052413225173950195,0.0,0
pure_rrt_1773008170,pure_rrt,124,0.28457440313999577,0.4952579970176878,1.2693962356795723,-0.32323049533139503,-0.48452152653955194,1.2652,1.1530014387596175,1.6866530335980914,0.1024165153503418,4.3143534660339355,1
pure_rrt_1773008170,pure_rrt,125,-0.32429308694912207,-0.484371331030485,1.265546720857782,0.2838064136884284,-0.6361926088101109,1.0003,0.6805810208844224,3.0893833698516024,0.20216107368469238,7.217631816864014,1
pure_rrt_1773008170,pure_rrt,126,0.28419229357597486,-0.6363749354397574,1.0002085032568475,0.5107565171871349,-0.0064035926431784684,1.1621,0.6887699883728897,0.7184586511191435,0.1017308235168457,3.0132861137390137,1
pure_rrt_1773008170,pure_rrt,127,0.5110671857951707,-0.005912518675231751,1.1617101665753697,0.48413718400178873,-0.5195643253401193,1.0097,0.5363492278627482,0.5469761210482255,0.10233736038208008,1.8055927753448486,1
pure_rrt_1773008170,pure_rrt,128,0.4849726897657691,-0.5193753884417155,1.009399911203188,1.0095034281445934,0.25413860452560666,1.4645,1.0395058843716813,0.0,0.051624298095703125,0.0,0
pure_rrt_1773008170,pure_rrt,129,0.4849820626333893,-0.5193751776724174,1.009403400343862,0.9756678540076542,0.4469717841735611,1.4394,1.16597430170711,1.2324656210467781,0.10187435150146484,2.2064526081085205,1
pure_rrt_1773008170,pure_rrt,130,0.9753917129361791,0.4472041424685834,1.4395733410835985,-0.12684960684770574,0.37070027649423853,1.4158,1.105148831739064,1.1054827913852003,0.10166716575622559,3.1078176498413086,1
pure_rrt_1773008170,pure_rrt,131,-0.1265969734845248,0.37012480233437595,1.4156152096327157,0.3045670778279319,-0.21965596298897638,1.1538,0.77607409071853,0.7866308471723387,0.051239728927612305,2.3072962760925293,1
pure_rrt_1773008170,pure_rrt,132,0.30479125796517703,-0.2192057524460885,1.1541972430698766,0.7885674927374753,-0.09901559844171082,1.029,0.5139644619254873,0.5134202316253602,0.05128121376037598,3.307074546813965,1
pure_rrt_1773008170,pure_rrt,133,0.7880991785632191,-0.0997168330411615,1.02880887291059,-0.7612637656378625,0.4451285449744432,1.439,1.6928197717274251,0.0,0.05105996131896973,0.0,0
pure_rrt_1773008170,pure_rrt,134,0.7880978465765422,-0.0997156924832086,1.0288114468950733,1.1023342110804804,0.020163163498010173,1.4735,0.5575512013712919,0.5626981701590276,0.051015377044677734,3.1071033477783203,1
pure_rrt_1773008170,pure_rrt,135,1.10126284523975,0.020527425466184496,1.4724797714650828,0.8110011283226295,-0.4031437082048464,1.0428,0.6696071981543037,0.6907216151722274,0.05148029327392578,2.8094265460968018,1
pure_rrt_1773008170,pure_rrt,136,0.8112279496677084,-0.40283963101443976,1.0435960122404442,1.0179291360267877,0.08988394773550923,1.243,0.5703190824729795,0.5853567029787325,0.10151886940002441,4.009231328964233,1
pure_rrt_1773008170,pure_rrt,137,1.0182797345091443,0.0899963224695644,1.2425607692746645,0.3521301725875494,-0.2508844254228771,1.0346,0.7766611904101771,0.7846048403381898,0.05091738700866699,2.006415605545044,1
pure_rrt_1773008170,pure_rrt,138,0.3519555469592979,-0.2510881196060076,1.0339193692283772,0.15824986319131829,0.3181654702447686,1.3803,0.6939388178043967,0.0,0.05103754997253418,0.0,0
pure_rrt_1773008170,pure_rrt,139,0.35195907701413826,-0.2510962479090737,1.0339315329084737,0.22087935445103035,0.027728772889620834,1.3829,0.4655150662597543,0.0,0.05094718933105469,0.0,0
pure_rrt_1773008170,pure_rrt,140,0.35195841481585804,-0.2510906524245974,1.033931417376945,-0.6073818172108301,-0.7034526027454723,1.0642,1.0610754930621733,1.0691748165267534,0.10126614570617676,2.3058338165283203,1
pure_rrt_1773008170,pure_rrt,141,-0.6059510462900218,-0.7034299639006814,1.064077057597606,0.5224861003726611,-0.4503872420867566,1.2376,1.1694063556228864,1.1709431261435228,0.05189681053161621,3.006603956222534,1
pure_rrt_1773008170,pure_rrt,142,0.5222206044813757,-0.4506438720833546,1.2375598027942594,-0.17813545844532475,0.06754690173826594,1.2749,0.8720175361077332,0.8786979785258782,0.10100817680358887,2.8074681758880615,1
pure_rrt_1773008170,pure_rrt,143,-0.17843347483180766,0.06751728007930066,1.2749618620011545,0.9190425324866094,-0.2644969883099853,1.1325,1.1554144032244373,1.3598424944446006,0.20252013206481934,5.1152801513671875,1
pure_rrt_1773008170,pure_rrt,144,0.9183580687655066,-0.2643064857967162,1.132154232009459,-0.08705220543924252,0.11174712611309823,1.4362,1.115665705997923,0.0,0.15243864059448242,0.0,0
pure_rrt_1773008170,pure_rrt,145,0.9183580687429428,-0.26430648578261234,1.132154232017069,-0.5815003607986469,0.5301313969718934,1.2116,1.6991228584987088,0.0,20.0327627658844,0.0,0
pure_rrt_1773008170,pure_rrt,146,0.9183580687465369,-0.2643064857807514,1.1321542320142424,0.03700706886423388,0.6035647584422456,1.1059,1.2372022333642005,0.0,20.04319190979004,0.0,0
pure_rrt_1773008170,pure_rrt,147,0.9183580687465347,-0.26430648578075105,1.1321542320142424,0.38240049325575054,-0.4130399197987627,1.2696,0.5729428385606582,0.5743320889875819,0.1535484790802002,3.2163257598876953,1
pure_rrt_1773008170,pure_rrt,148,0.382727032101192,-0.4132923328881062,1.2701490945285216,-0.619213147185695,-0.5342856991141075,1.365,1.0136667163367346,2.1061077207876515,0.15248942375183105,5.514711380004883,1
pure_rrt_1773008170,pure_rrt,149,-0.6205797458958957,-0.5346805479589096,1.3651180019082882,-0.512513672720895,-0.2680531527130119,1.1006,0.3908173709044033,0.4095863559911984,0.15216922760009766,2.005889892578125,1
pure_rrt_1773008170,pure_rrt,150,-0.5127715966310744,-0.2680042881784722,1.1003437123579856,0.4500994377486758,-0.5062324969689606,1.1559,0.9934585091525548,0.9943253867313329,0.15201139450073242,33.46980929374695,0
pure_rrt_1773008170,pure_rrt,151,0.4490861778334928,-0.5061634375213506,1.1561987881395699,-0.5381707049909699,-0.3602168741700888,1.4976,1.0547660117287099,0.0,0.1022958755493164,0.0,0
pure_rrt_1773008170,pure_rrt,152,0.44908617780508886,-0.5061634375215599,1.1561987881153226,-0.6338997034786091,-0.10988997272303469,1.3249,1.165483237483326,0.0,0.05194997787475586,0.0,0
pure_rrt_1773008170,pure_rrt,153,0.44908617780087323,-0.5061634375242744,1.1561987881203541,0.12477303083432634,0.20560249453674795,1.2191,0.7846950501908172,0.837128820931928,0.10283756256103516,2.409534215927124,1
pure_rrt_1773008170,pure_rrt,154,0.12568950715732374,0.2060804528720922,1.220016371119931,0.37149857197097913,-0.63066309010225,1.2588,0.8729639299094354,0.936393194325308,0.1531076431274414,2.4162442684173584,1
pure_rrt_1773008170,pure_rrt,155,0.37144900080848664,-0.6307005961881891,1.2584268160398715,-0.75194348356766,-0.362570111445742,1.0605,1.1717848161282478,1.1741134872383212,0.15573859214782715,3.1269359588623047,1
pure_rrt_1773008170,pure_rrt,156,-0.7531634178969601,-0.3624151730672622,1.061285520825201,-0.5072793396356601,-0.45535402973536,1.1123,0.26776685401045874,0.2674849234630057,0.103973388671875,2.7127161026000977,1
pure_rrt_1773008170,pure_rrt,157,-0.5075610107918372,-0.45520558575855413,1.1121454317480386,0.3523809571730465,-0.23611265923113267,1.169,0.8892324446694374,0.8902650940775874,0.10221385955810547,2.71366810798645,1
pure_rrt_1773008170,pure_rrt,158,0.3522501411189438,-0.2358517530122869,1.1682879945585476,-0.800293891870835,-0.39615163847131546,1.2942,1.170430533766447,1.1700640316249415,0.1522843837738037,3.510556697845459,1
pure_rrt_1773008170,pure_rrt,159,-0.7997181407596266,-0.39689927589007007,1.2945295662058625,0.14114469027325027,-0.011876071245456199,1.1151,1.032308434608006,1.0329696224883276,0.10126137733459473,3.5080466270446777,1
pure_rrt_1773008170,pure_rrt,160,0.1407156457012153,-0.011261584046910925,1.1153011214873305,0.18264742211385587,-0.4098455280058814,1.1101,0.40081727248177995,0.40735643114218695,0.10131025314331055,2.107447385787964,1
pure_rrt_1773008170,pure_rrt,161,0.18196703145660909,-0.4101681288706874,1.1107012116938941,-0.8332188860045463,-0.300463226488713,1.0355,1.0238617264349303,1.023273764590059,0.05113959312438965,3.006910800933838,1
pure_rrt_1773008170,pure_rrt,162,-0.8324978536687133,-0.29986395685663336,1.0348910768896071,-0.6356314547342441,0.48058448373661566,1.3156,0.8524398201443057,0.910382179283597,0.10145282745361328,3.809267044067383,1
pure_rrt_1773008170,pure_rrt,163,-0.6350573870595155,0.48085158128603545,1.3161744222170888,0.6911373949197446,-0.058140418671475236,1.1145,1.4456754643915801,2.23448198505829,0.15138578414916992,7.817305564880371,1
pure_rrt_1773008170,pure_rrt,164,0.6905140193783161,-0.058208411948837094,1.1144250285198734,0.2901190959173825,0.28123383752926945,1.4527,0.624473451632593,0.6282641742734025,0.05115175247192383,3.711049795150757,1
pure_rrt_1773008170,pure_rrt,165,0.29063326980174975,0.28133840571959007,1.452217277802242,-0.3105561547069281,-0.24412492474827535,1.4298,0.7987759198620845,0.0,0.10154151916503906,0.0,0
pure_rrt_1773008170,pure_rrt,166,0.2906332698017501,0.2813384057195909,1.4522172778022413,-0.16721628927046872,0.6124719518415541,1.0354,0.7021483370231694,0.7547090246821458,0.050911664962768555,2.109726905822754,1
pure_rrt_1773008170,pure_rrt,167,-0.16671430415322827,0.6120644317337595,1.0353150984144484,-0.6712671392663598,-0.5329715427607278,1.119,1.2540670273396963,2.4117032981663105,0.15109825134277344,6.1183881759643555,1
pure_rrt_1773008170,pure_rrt,168,-0.670336651658923,-0.5323668671942805,1.1184029229006645,-0.503224158330312,-0.35127923821465407,1.3345,0.3277457269391076,0.0,0.052553415298461914,0.0,0
pure_rrt_1773008170,pure_rrt,169,-0.6703366516587165,-0.5323668671942281,1.1184029228990897,-0.7139767160986251,-0.022321350730470035,1.1071,0.5120338271590694,0.0,20.08431124687195,0.0,0
pure_rrt_1773008170,pure_rrt,170,-0.6703366516586973,-0.532366867194221,1.1184029228989347,-0.6509388959029203,-0.1963464069111509,1.0662,0.3406041218429383,0.3607681460392159,0.1516737937927246,2.7082111835479736,1
pure_rrt_1773008170,pure_rrt,171,-0.6505069644948894,-0.19625165467942823,1.065880723506663,0.7464368446214729,-0.3886415156402526,1.4678,1.4662895243593552,0.0,0.05140280723571777,0.0,0
pure_rrt_1773008170,pure_rrt,172,-0.6505069644948862,-0.19625165467945754,1.0658807235065737,0.9690232104508749,0.02199221500113957,1.2855,1.6488605158777092,0.0,0.051152944564819336,0.0,0
pure_rrt_1773008170,pure_rrt,173,-0.6505069644948859,-0.1962516546794606,1.0658807235065666,0.6521349935864189,-0.4860018894819629,1.2363,1.3453155761093925,1.348093659868062,0.10146784782409668,4.2090089321136475,1
pure_rrt_1773008170,pure_rrt,174,0.6508288394294006,-0.48635773346278655,1.2363661577296379,0.1330837705525898,-0.4099290276616797,1.3923,0.5460921777336533,0.0,0.05190730094909668,0.0,0
pure_rrt_1773008170,pure_rrt,175,0.6508164840203485,-0.4863565550307593,1.2363548503971538,-0.30093424347781306,0.05562131623466937,1.4037,1.1079593220557713,0.0,0.05139970779418945,0.0,0
pure_rrt_1773008170,pure_rrt,176,0.6508290049772889,-0.48635305881950763,1.2363546403416368,0.1825922553172432,-0.6717944604059854,1.0952,0.5230284883680224,0.5469281761700507,0.1517500877380371,2.708346128463745,1
pure_rrt_1773008170,pure_rrt,177,0.18327742901097177,-0.671426097584331,1.0949060971779623,-0.7473908085229743,0.6172053593037848,1.0485,1.5902414677939385,1.6906632294107085,0.10120868682861328,3.4096531867980957,1
pure_rrt_1773008170,pure_rrt,178,-0.7470590530834821,0.6176372481392045,1.0488543298024942,-0.36830222225822007,0.19338474033567887,1.2155,0.5926362346920349,0.0,0.051508426666259766,0.0,0
pure_rrt_1773008170,pure_rrt,179,-0.7470590530832164,0.6176372481393795,1.0488543298018391,0.06166400570641384,-0.17713058396165293,1.2118,1.1455305252139545,0.0,0.3018076419830322,0.0,0
pure_rrt_1773008170,pure_rrt,180,-0.7470590530832046,0.6176372481393665,1.0488543298018342,0.7732876662352792,0.5829469752557884,1.2335,1.5319110892927643,1.5327157639679843,0.20147347450256348,3.6087839603424072,1
pure_rrt_1773008170,pure_rrt,181,0.7727656275563065,0.5830595513856488,1.2331415279587663,0.986790785419297,-0.49398576708838293,1.3645,1.1059332866055318,0.0,0.051301002502441406,0.0,0
pure_rrt_1773008170,pure_rrt,182,0.7727656275842565,0.5830595514353841,1.233141527946922,0.2656057103225853,0.413672739265866,1.3367,0.5446351356162995,0.0,0.050983428955078125,0.0,0
pure_rrt_1773008170,pure_rrt,183,0.7727656275873209,0.5830595514212276,1.2331415279362292,-0.47337465166537035,-0.518136734502522,1.4921,1.6830206017639349,0.0,0.05093979835510254,0.0,0
pure_rrt_1773008170,pure_rrt,184,0.7727656275666924,0.5830595513714797,1.233141527938642,0.44542089141986874,-0.02430810636723002,1.0492,0.7140619956631513,0.7746025822129622,0.15118193626403809,2.606534957885742,1
pure_rrt_1773008170,pure_rrt,185,0.4447498980235985,-0.02457192168833386,1.049111672289956,-0.09517379708833662,0.379007629833947,1.2013,0.6910537880957104,0.7237407034172828,0.10284066200256348,4.116517066955566,1
pure_rrt_1773008170,pure_rrt,186,-0.0946750874896859,0.37949826943986253,1.2015962154926123,0.04403133519715996,-0.32890680089846874,1.1697,0.7225611281672917,1.0171246443222264,0.1529092788696289,4.319417953491211,1
pure_rrt_1773008170,pure_rrt,187,0.04542147274517615,-0.32872550016988084,1.169755295226564,-0.4127544382190081,0.4930154636792571,1.4308,0.9763850239254086,0.0,0.05363607406616211,0.0,0
pure_rrt_1773008170,pure_rrt,188,0.045411261970007236,-0.32872898165391856,1.1697702567581647,0.9236277239317321,0.1147030063858252,1.1243,0.9848673140718512,1.011754407745449,0.2551898956298828,2.5108628273010254,1
pure_rrt_1773008170,pure_rrt,189,0.9224588294808638,0.11520018076025243,1.1241558338436006,0.37111736118755023,-0.2828396854611636,1.0951,0.6806301427660523,0.6880332655465425,0.15283846855163574,2.208615303039551,1
pure_rrt_1773008170,pure_rrt,190,0.3710855082677137,-0.2830346562278144,1.09494211755959,0.3559842022503137,-0.010024459624534132,1.2243,0.302483187371232,0.0,0.0522761344909668,0.0,0
pure_rrt_1773008170,pure_rrt,191,0.3710928736805787,-0.28302877388715897,1.0949286796717694,-0.5723803883696872,-0.3146938788489167,1.2109,0.951101373258751,0.9509122906328796,0.15983247756958008,3.011378049850464,1
pure_rrt_1773008170,pure_rrt,192,-0.5721525198936723,-0.3147177645682995,1.210705061836737,-0.8065387143536853,0.04002842701318898,1.1393,0.4311385293045906,0.0,20.081032752990723,0.0,0
pure_rrt_1773008170,pure_rrt,193,-0.5721538810095086,-0.3147166547269018,1.2107050369246557,-0.19499397404507146,0.3854075366193458,1.1249,0.7998662282477624,0.0,0.7287125587463379,0.0,0
pure_rrt_1773008170,pure_rrt,194,-0.5721175050794334,-0.3147110111273902,1.2107079073870193,-0.6203174712580108,-0.19712726277005532,1.4616,0.28124014072158615,0.0,0.05479168891906738,0.0,0
pure_rrt_1773008170,pure_rrt,195,-0.5721434448389856,-0.31471253146710826,1.2107062147013465,-0.41862373464890457,0.2493750289720732,1.2216,0.5847065518849663,0.0,0.10722184181213379,0.0,0
pure_rrt_1773008170,pure_rrt,196,-0.5721538810093509,-0.3147166547263642,1.2107050369247068,0.5024058169337922,0.002703385159597227,1.4307,1.141854548505791,0.0,0.055178165435791016,0.0,0
pure_rrt_1773008170,pure_rrt,197,-0.5721538810093509,-0.3147166547263642,1.2107050369247068,-0.5130733252995743,0.5052110712724055,1.2752,0.8245796433253569,1.063696364767405,0.4249589443206787,4.939939498901367,1
pure_rrt_1773008170,pure_rrt,198,-0.5117904202031927,0.5051541080930224,1.2748678787374028,0.04269550282267098,0.5585673086266344,1.0253,0.6104029283371557,0.6122553581290531,0.1528301239013672,2.6161305904388428,1
pure_rrt_1773008170,pure_rrt,199,0.042945910625852124,0.5590424351957207,1.025567671494667,0.1296713615490115,0.09713811948720619,1.4996,0.6675204485078823,0.0,0.05207180976867676,0.0,0
pure_rrt_1773008170,pure_rrt,200,0.04294228988062124,0.5590458791585227,1.025584654233894,0.9744584358825197,0.03349299425157315,1.418,1.1392620281080996,0.0,0.05206489562988281,0.0,0
pure_rrt_1773008170,pure_rrt,201,0.04294385621952465,0.5590379088450944,1.0255793556970245,0.5287469732091561,-0.5334113550358048,1.4845,1.2806475785313531,0.0,0.05189776420593262,0.0,0
pure_rrt_1773008170,pure_rrt,202,0.04294744928963026,0.5590477799383778,1.025575432693351,-0.032373009478670944,0.26887437974836936,1.4632,0.5304611537117774,0.0,0.05203127861022949,0.0,0
pure_rrt_1773008170,pure_rrt,203,0.04294394978078761,0.5590499682994486,1.025587808833071,0.020563634122989782,-0.5874109250148023,1.4243,1.214020127433226,0.0,0.15233421325683594,0.0,0
pure_rrt_1773008170,pure_rrt,204,0.042944084768173046,0.5590504127323828,1.0255881976357761,-0.6259185658551252,0.5222367467162697,1.0832,0.6723478349604649,0.6713398295089317,0.1042490005493164,2.5080220699310303,1
pure_rrt_1773008170,pure_rrt,205,-0.6249061182602507,0.5222713433143649,1.0831918356159926,0.29890791364644986,-0.19477028488244097,1.2428,1.1802778606128614,0.0,0.052149295806884766,0.0,0
pure_rrt_1773008170,pure_rrt,206,-0.6249061182556104,0.522271343315187,1.0831918355797439,0.7182555351212587,-0.7366356003916756,1.1069,1.8410573041259786,2.1240172679836973,0.20284438133239746,4.21173095703125,1
pure_rrt_1773008170,pure_rrt,207,0.7174921307217274,-0.736840867628998,1.1067680167881158,0.19211808502296313,0.5208816169511331,1.2005,1.366261110033195,0.0,0.15134859085083008,0.0,0
pure_rrt_1773008170,pure_rrt,208,0.717492096525411,-0.736840622671155,1.1067679114146711,0.5887274737535213,-0.12165254921740487,1.0293,0.6332755885838922,0.6913640845912075,0.10175561904907227,2.7091708183288574,1
pure_rrt_1773008170,pure_rrt,209,0.5897579086502557,-0.1219142138271163,1.0292230861617384,-0.5938213856072367,-0.5006442805404492,1.1895,1.2529904621892647,1.2611115335646612,0.051088809967041016,2.9077041149139404,1
pure_rrt_1773008170,pure_rrt,210,-0.5932321874009711,-0.5002177681537909,1.1890676312333999,0.9402245759169743,-0.24507078261374604,1.4927,1.5839135849403332,0.0,0.0508723258972168,0.0,0
pure_rrt_1773008170,pure_rrt,211,-0.59323218739587,-0.5002177681601037,1.1890676312127715,-0.8470467870419227,0.16870034915096044,1.1326,0.7176781256491284,0.0,20.028669595718384,0.0,0
pure_rrt_1773008170,pure_rrt,212,-0.5932321873958512,-0.5002177681600102,1.1890676312126813,-0.5783504735933301,-0.1733064539990693,1.392,0.38506365582039265,0.0,0.056998491287231445,0.0,0
pure_rrt_1773008170,pure_rrt,213,-0.5932321873958516,-0.5002177681600101,1.1890676312126813,0.12235051047652279,0.07505901379774027,1.2275,0.9189553962650067,0.0,0.0548708438873291,0.0,0
pure_rrt_1773008170,pure_rrt,214,-0.5932321873958507,-0.50021776816001,1.189067631212681,-0.456967114484549,0.4909265936915409,1.2115,1.000719005163313,0.0,20.063970804214478,0.0,0
pure_rrt_1773008170,pure_rrt,215,-0.5932321873958524,-0.5002177681600113,1.1890676312126822,-0.8005585583250759,-0.09438001741886093,1.4787,0.5399772338336783,0.0,0.052695274353027344,0.0,0
pure_rrt_1773008170,pure_rrt,216,-0.5932321873958515,-0.5002177681600104,1.1890676312126818,0.664095736289511,-0.12018114105621003,1.4977,1.3492795428237432,0.0,0.053182363510131836,0.0,0
pure_rrt_1773008170,pure_rrt,217,-0.5932321873958524,-0.5002177681600113,1.1890676312126822,-0.07868761334510388,0.025945815217491397,1.2779,0.7412795861900464,0.0,0.05231595039367676,0.0,0
pure_rrt_1773008170,pure_rrt,218,-0.5932321873958515,-0.5002177681600107,1.1890676312126818,0.8350591008487913,0.5569626449716115,1.3592,1.7851026449181775,0.0,0.15232276916503906,0.0,0
pure_rrt_1773008170,pure_rrt,219,-0.5932321873958513,-0.50021776816001,1.1890676312126809,0.40340709469972924,-0.1813992489112155,1.0774,1.0523330113099367,1.0730130313687787,0.15172624588012695,3.007924795150757,1
pure_rrt_1773008170,pure_rrt,220,0.4032174425954285,-0.18130320282920662,1.0771547504563985,0.5460569575755418,0.1623614961845481,1.1484,0.378925372561008,0.0,0.30222344398498535,0.0,0
pure_rrt_1773008170,pure_rrt,221,0.40321744331363524,-0.1813031983390726,1.0771547527484104,-0.4150097531624425,0.18018062970465287,1.4844,0.9828606179918167,0.0,0.05166363716125488,0.0,0
pure_rrt_1773008170,pure_rrt,222,0.40321744331083414,-0.18130319865376066,1.0771547534491215,0.7124336812096612,-0.4976796343373456,1.2896,0.49075626701878927,0.527564348175234,0.10169315338134766,2.410735607147217,1
pure_rrt_1773008170,pure_rrt,223,0.7128587244318904,-0.49785948110233436,1.2893037427664094,-0.6759071595509779,-0.40888140956675006,1.2711,1.3917324290177386,1.39927553394788,0.05100584030151367,2.907613754272461,1
pure_rrt_1773008170,pure_rrt,224,-0.6768093825323674,-0.40920030329291013,1.2711398582528886,0.7724957715717773,-0.19726983030424305,1.374,1.468325632771653,0.0,0.5533065795898438,0.0,0
pure_rrt_1773008170,pure_rrt,225,-0.6768167159064131,-0.4092053820894169,1.2711448579573814,-0.2919811986226717,0.4885654146480186,1.0286,1.006438665274333,0.0,20.03465247154236,0.0,0
pure_rrt_1773008170,pure_rrt,226,-0.6768093963215189,-0.40920020702127136,1.2711398792289983,-0.46096944230057385,-0.7065447518773718,1.2921,0.3680217259485915,0.3729962469477087,0.35440564155578613,3.117232322692871,1
pure_rrt_1773008170,pure_rrt,227,-0.46044671347189325,-0.7063736483758016,1.2921832765140284,-0.03773654072566912,0.48353093101976363,1.2514,1.2634160335585818,0.0,0.5032041072845459,0.0,0
pure_rrt_1773008170,pure_rrt,228,-0.4604450154385509,-0.7063705782321996,1.2921733668931967,-0.35882275493917826,-0.22130263117817528,1.4264,0.513453781876613,0.0,0.05410885810852051,0.0,0
pure_rrt_1773008170,pure_rrt,229,-0.46043065270567773,-0.7063522439580685,1.2921313516448123,0.36406313535698365,-0.18046838988923564,1.0787,1.0009479389004894,1.119109261603914,0.15298724174499512,3.0138258934020996,1
pure_rrt_1773008170,pure_rrt,230,0.3649995820821442,-0.1805291734242687,1.078520749424461,-0.2893688645879192,0.5601748437660033,1.4804,1.0669336610691198,0.0,0.10221481323242188,0.0,0
pure_rrt_1773008170,pure_rrt,231,0.36499928660985614,-0.18052884890475804,1.0785205271135885,0.8483035282296632,-0.07326953360516819,1.0401,0.4965517974893653,0.5009143069295886,0.15288162231445312,3.008962631225586,1
pure_rrt_1773008170,pure_rrt,232,0.8484466192242011,-0.07348809476941065,1.0396530212869908,-0.030226834141979353,-0.7121271703681586,1.0929,1.0875486873120377,2.177736577784327,0.5089514255523682,6.019864559173584,1
pure_rrt_1773008170,pure_rrt,233,-0.030573422481531415,-0.7119361042464747,1.092809256513018,0.3825538316954238,-0.38866232021478003,1.2975,0.5630971213345125,0.5731762233777855,0.051128387451171875,2.408406972885132,1
pure_rrt_1773008170,pure_rrt,234,0.3825799172015426,-0.3888122415325763,1.297342342569804,1.0780851221544403,-0.020701689516109623,1.3376,0.7879426042575735,0.0,0.051073551177978516,0.0,0
pure_rrt_1773008170,pure_rrt,235,0.38258473404316573,-0.3888138053880593,1.297340593824854,-0.8365496790829209,0.5132465602141257,1.1176,1.5271896743781195,0.0,20.026350259780884,0.0,0
pure_rrt_1773008170,pure_rrt,236,0.38258473402847437,-0.38881380538482213,1.2973405937843363,-0.3298225525979577,0.018440575456700192,1.0599,0.8542589234709259,0.8645074790670437,0.6065924167633057,2.409215211868286,1
pure_rrt_1773008170,pure_rrt,237,-0.3298528239139411,0.018859323123184626,1.0597369285781935,-0.46387303937048446,-0.7278917314232478,1.4451,0.85094256705895,0.0,0.15262651443481445,0.0,0
pure_rrt_1773008170,pure_rrt,238,-0.32985282391388615,0.018859323123233268,1.0597369285712737,0.8590501337289052,0.07784560238200366,1.1231,1.1920505453433812,1.19105606511571,0.15389013290405273,3.6097288131713867,1
pure_rrt_1773008170,pure_rrt,239,0.8580149911714013,0.0780529848404323,1.1229389311251068,-0.5254141257683229,0.5134020137008949,1.2973,1.4607555171436348,0.0,20.046329975128174,0.0,0
pure_rrt_1773008170,pure_rrt,240,0.8580149911714697,0.07805298483642611,1.1229389311261482,0.15549489187058407,-0.6784687616510744,1.3097,1.0491612553259522,1.1472141180700686,0.2015073299407959,2.809110403060913,1
pure_rrt_1773008170,pure_rrt,241,0.15546976520666816,-0.6786790074997482,1.3101096843381126,-0.7088930401723994,0.08573099840681742,1.2096,1.158252093932316,0.0,0.05119967460632324,0.0,0
pure_rrt_1773008170,pure_rrt,242,0.1554738515042295,-0.6786791407343776,1.3101068084811294,-0.30080901372047286,-0.2543056875771598,1.2918,0.623395556672495,0.6579157048443917,0.1513204574584961,2.713132381439209,1
pure_rrt_1773008170,pure_rrt,243,-0.3014282472355946,-0.25456105840414106,1.2914989227444842,0.2496139970684501,-0.08890674737843696,1.2614,0.576189943438288,0.0,20.04374408721924,0.0,0
pure_rrt_1773008170,pure_rrt,244,-0.3014302238899291,-0.25456606388541153,1.2914984207117757,0.5789578966707161,-0.44767191981630017,1.4674,0.9183215558916157,0.0,0.05094265937805176,0.0,0
pure_rrt_1773008170,pure_rrt,245,-0.30143432968055806,-0.2545643676876024,1.291503443581702,0.30644445864790515,-0.67234093227264,1.1021,0.761529739180791,0.7822630937627679,0.051056623458862305,2.11165452003479,1
pure_rrt_1773008170,pure_rrt,246,0.3069394756250543,-0.6724826241308883,1.1020805365489355,-0.2105286084007837,0.3162333679467594,1.3581,1.1449360229467975,0.0,0.05170249938964844,0.0,0
pure_rrt_1773008170,pure_rrt,247,0.3069367476753383,-0.6724785923641131,1.1020727630395646,0.5702701147955418,-0.062194931532683295,1.1193,0.6648965232349817,0.0,20.019367933273315,0.0,0
pure_rrt_1773008170,pure_rrt,248,0.3069437466910775,-0.6724873514673075,1.1020716231437087,-0.3846311701200903,0.3824465844843504,1.1979,1.26504725310786,2.628253859773217,0.15185165405273438,5.812220096588135,1
pure_rrt_1773008170,pure_rrt,249,-0.38409792202108145,0.38274726844284856,1.1978069019359758,-0.33360833801021395,0.06797693627812573,1.3358,0.34737825956439444,0.0,0.10120105743408203,0.0,0
pure_rrt_1773008170,pure_rrt,250,-0.3841034611874357,0.38271451561964787,1.197778645010655,0.9451155065661652,-0.555011201117347,1.15,1.6274014203585154,0.0,20.058447122573853,0.0,0
pure_rrt_1773008170,pure_rrt,251,-0.38410842667943557,0.3827225459079297,1.1977824501571486,-0.5060665350418558,0.001571901697864142,1.1581,0.40214958737708834,0.41516293460832093,0.20615243911743164,1.9079773426055908,1
pure_rrt_1773008170,pure_rrt,252,-0.5053110514760646,0.0019327292253266543,1.1579822840874674,0.7256041950613934,0.16216834586052575,1.3759,1.2602840663538395,0.0,0.05237317085266113,0.0,0
pure_rrt_1773008170,pure_rrt,253,-0.5053110514742546,0.0019327292293162268,1.1579822840380798,-0.3781580064410935,-0.07053009995432491,1.0363,0.19032954768828347,0.19279195574311087,0.20262360572814941,2.608001947402954,1
pure_rrt_1773008170,pure_rrt,254,-0.3776113256443087,-0.0702391283360451,1.0362699549391794,0.9981256112588675,-0.6888275611796729,1.2291,1.5206864223388816,1.5897621742881172,0.20214128494262695,4.021540641784668,1
pure_rrt_1773008170,pure_rrt,255,0.9972020855577127,-0.6888485552341388,1.2292684013763353,-0.515099665957625,0.037356746779313,1.4992,1.6992038713010087,0.0,0.0517125129699707,0.0,0
pure_rrt_1773008170,pure_rrt,256,0.997202085749548,-0.6888485552026375,1.2292684016881523,0.5092869696832367,-0.3344424638701152,1.498,0.6602132306996267,0.0,0.05148172378540039,0.0,0
pure_rrt_1773008170,pure_rrt,257,0.9972020856274322,-0.6888485559894673,1.2292684018235933,0.998536181422826,-0.09142966631264471,1.0366,0.6277198599817727,0.6781261220998885,0.10131072998046875,2.308603048324585,1
pure_rrt_1773008170,pure_rrt,258,0.9978355284048162,-0.09133575643348318,1.0367580996256907,-0.24054286203186737,0.3959298614830308,1.1066,1.3326239947382037,1.3656309041632653,0.10125207901000977,2.706087350845337,1
pure_rrt_1773008170,pure_rrt,259,-0.2398640374275902,0.39571690893200906,1.106332891102847,-0.41712248449577255,-0.5773410989420189,1.1326,0.989420236681366,5.607557920131891,0.3019566535949707,11.623124837875366,1
pure_rrt_1773008170,pure_rrt,260,-0.4176025336888859,-0.577776864865357,1.132881150075429,-0.19936782181169288,0.2528295440805183,1.4666,0.9213585983997014,0.0,0.051386356353759766,0.0,0
pure_rrt_1773008170,pure_rrt,261,-0.41761969543890665,-0.5777608928349445,1.1328890769764322,0.19627174148791826,0.34345362848873606,1.4404,1.148939449409109,0.0,0.05179119110107422,0.0,0
pure_rrt_1773008170,pure_rrt,262,-0.4176195057245976,-0.5777572028160708,1.1328845955454274,0.8830078970041229,0.10319602056248656,1.4396,1.499801077639377,0.0,0.05086970329284668,0.0,0
pure_rrt_1773008170,pure_rrt,263,-0.41761777043287285,-0.5777685056563601,1.132896164850004,0.851535968071643,-0.713775829491568,1.1848,1.2774753274330126,5.376572310627383,0.401599645614624,14.229448556900024,1
pure_rrt_1773008170,pure_rrt,264,0.8501857743840251,-0.7134824748932777,1.1840909051423951,0.9882321784525603,0.3545281659530163,1.0789,1.082020639896412,4.2062616594292175,0.2536280155181885,8.624504327774048,1
pure_rrt_1773008170,pure_rrt,265,0.9872223846003307,0.35500837787164863,1.0789280144114017,0.6475671886614935,-0.19074692470090127,1.4169,0.7262503462698005,0.0,0.0519711971282959,0.0,0
pure_rrt_1773008170,pure_rrt,266,0.9872223846065835,0.3550083778678782,1.0789280144176225,0.8586280403173234,0.6091306866798317,1.3518,0.3944284139546386,0.0,0.15251684188842773,0.0,0
pure_rrt_1773008170,pure_rrt,267,0.9872223845973191,0.3550083778858585,1.0789280144111912,-0.03787042148684694,0.27043808238313705,1.3058,1.0532987675925267,0.0,0.0523228645324707,0.0,0
pure_rrt_1773008170,pure_rrt,268,0.9872223845978005,0.3550083778830864,1.0789280144111246,-0.17013888355598095,-0.3483336254672917,1.4936,1.4163784573099356,0.0,0.0520939826965332,0.0,0
pure_rrt_1773008170,pure_rrt,269,0.9872223845995907,0.35500837787990464,1.0789280144124285,-0.7895712981407308,-0.7184412136762894,1.327,2.0906528948324814,2.2340054986427402,0.3540992736816406,5.016397476196289,1
pure_rrt_1773008170,pure_rrt,270,-0.7884712292904219,-0.7182861645623941,1.326636931937164,-0.11126458532951089,0.1908353664202781,1.0039,1.1786729503799143,0.0,20.05858087539673,0.0,0
pure_rrt_1773008170,pure_rrt,271,-0.7884712292895987,-0.7182861645635363,1.3266369318771962,0.685535818571624,-0.6201492828229554,1.4086,1.4795423512824584,0.0,0.05123615264892578,0.0,0
pure_rrt_1773008170,pure_rrt,272,-0.7884712292895992,-0.7182861645635363,1.3266369318771962,0.9994588681815753,-0.10079032354267892,1.1497,1.8998162608482576,3.9220036912542193,0.25144004821777344,10.823305368423462,1
pure_rrt_1773008170,pure_rrt,273,0.9989967359087363,-0.10030784271676832,1.1494540241298496,1.0914962170034874,-0.42468308229914875,1.3317,0.3833915045717477,0.0,20.046038389205933,0.0,0
pure_rrt_1773008170,pure_rrt,274,0.9989967359107743,-0.10030784272501361,1.1494540241333617,0.33153432744989875,-0.038565985863317165,1.4695,0.7427971124510055,0.0,0.05400824546813965,0.0,0
pure_rrt_1773008170,pure_rrt,275,0.9989967359107741,-0.10030784272501389,1.1494540241333617,-0.43599633362291246,-0.48683382781379425,1.0671,1.4884185003047774,1.4931829591388404,0.3198978900909424,3.9358439445495605,1
pure_rrt_1773008170,pure_rrt,276,-0.43476187267548994,-0.4872838524569451,1.0675611879466484,-0.7583558150513484,0.5885470138134749,1.0577,1.1234866867881574,1.4871130232817225,0.10105156898498535,5.512930393218994,1
pure_rrt_1773008170,pure_rrt,277,-0.7577882147446848,0.5890805309234475,1.0583348190255628,1.0989073044852347,-0.5040679275724245,1.0535,2.154603253249974,0.0,20.054553985595703,0.0,0
pure_rrt_1773008170,pure_rrt,278,-0.7577890983766247,0.5890746100337756,1.0583266999383383,0.5065128649826163,-0.5315470246890391,1.2766,1.7034950942936915,0.0,0.4126572608947754,0.0,0
pure_rrt_1773008170,pure_rrt,279,-0.7577210765971313,0.5890863659614717,1.0583468616572855,-0.4293934874215611,-0.005197142944449729,1.1362,0.6833981313415967,0.0,20.12286615371704,0.0,0
pure_rrt_1773008170,pure_rrt,280,-0.7577733772260022,0.5890583021891899,1.058317633252352,-0.6916730882776498,0.4626312252541428,1.3024,0.28271762544724605,0.0,0.21780872344970703,0.0,0
pure_rrt_1773008170,pure_rrt,281,-0.7577842003693286,0.5890635495432884,1.0583173365877157,0.8884986943003128,0.5700651585676811,1.3588,1.6735884019533762,1.6742907948199963,0.2585866451263428,4.033608675003052,1
pure_rrt_1773008170,pure_rrt,282,0.8880019132857997,0.5702684056623735,1.358499562336215,0.4256896056265411,0.013878027216957523,1.1018,0.7675920715741315,2.4587566250943858,0.2090907096862793,5.5184924602508545,1
pure_rrt_1773008170,pure_rrt,283,0.4252278691002922,0.013361157771363943,1.1015882058455562,-0.13433135928159368,-0.3860983011133118,1.3171,0.7204996341285933,0.0,0.05134129524230957,0.0,0
pure_rrt_1773008170,pure_rrt,284,0.4252271570495064,0.01339590970993644,1.1015904519786366,-0.7123664000710418,-0.4404682805209592,1.132,1.2251679660303694,2.5610950075854952,0.1548149585723877,4.812676429748535,1
pure_rrt_1773008170,pure_rrt,285,-0.7122366967620809,-0.4400563613814731,1.13114133916918,0.8140921036446596,-0.06266867188279923,1.2443,1.5763584483413826,0.0,20.060327291488647,0.0,0
pure_rrt_1773008170,pure_rrt,286,-0.7122248756300233,-0.4400583570216453,1.1311599153224778,0.7615176744636456,-0.2651101483423867,1.4527,1.518522968456882,0.0,0.053168296813964844,0.0,0
pure_rrt_1773008170,pure_rrt,287,-0.7122290261259989,-0.44006594641108543,1.131163746782247,-0.3437499685242069,0.4642376012519872,1.4231,1.0191999304110768,1.0689266729165476,0.2040090560913086,2.5101120471954346,1
pure_rrt_1773008170,pure_rrt,288,-0.3442577945361801,0.46386292478837965,1.4224725059272458,0.8128529870647874,0.44866223211876866,1.0461,1.2168782540471303,1.2578069674582002,0.15245771408081055,2.9083645343780518,1
pure_rrt_1773008170,pure_rrt,289,0.8122995147148533,0.44872058969551065,1.0460046500559401,0.5093884370285202,0.19151342039865282,1.2118,0.4305795478025768,0.0,0.053754568099975586,0.0,0
pure_rrt_1773008170,pure_rrt,290,0.8122995147104987,0.4487205897091938,1.0460046500567524,-0.5586446813091279,0.46731642313932775,1.1383,1.3741732879233273,1.3739653768772153,0.10243511199951172,3.309535503387451,1
pure_rrt_1773008170,pure_rrt,291,-0.5574770698864961,0.4674872294219481,1.1384787462764039,0.7637687996193596,-0.5659328020914862,1.0018,1.682952372737625,2.452663823683855,0.3026301860809326,8.619301557540894,1
pure_rrt_1773008170,pure_rrt,292,0.7627433829925147,-0.5654939380444257,1.0014935676606735,-0.5543738860322531,0.3808866911395915,1.3856,1.6667249164221567,1.8287415824833488,0.05115199089050293,3.2078638076782227,1
pure_rrt_1773008170,pure_rrt,293,-0.5535581694365395,0.38090797613963334,1.3860134522576573,-0.8603432022572358,-0.3486096050176698,1.3186,0.7942654034551005,0.8314064031174345,0.05139446258544922,2.810434103012085,1
pure_rrt_1773008170,pure_rrt,294,-0.8606075393446632,-0.34842997129155234,1.3191187565176539,0.3792544105470368,-0.3860298796178444,1.131,1.2546155086117587,1.254497567904554,0.10117793083190918,3.708858013153076,1
pure_rrt_1773008170,pure_rrt,295,0.3789381287342074,-0.3850881330130761,1.1304984767384172,0.6726535731895666,-0.5960086022517591,1.3706,0.4340563881893778,0.4431655522664277,0.05144929885864258,1.7056159973144531,1
pure_rrt_1773008170,pure_rrt,296,0.6726329292733668,-0.5961240861355548,1.3704369278647723,1.0356501516485273,-0.2732676438628453,1.2758,0.49494841566940107,0.0,0.051566362380981445,0.0,0
pure_rrt_1773008170,pure_rrt,297,0.6726329292898747,-0.5961240861717394,1.3704369278471988,-0.6698257191224737,0.544751941462884,1.2138,1.7687081331564787,1.912043709170464,0.10162591934204102,3.8111441135406494,1
pure_rrt_1773008170,pure_rrt,298,-0.6706701349264164,0.5446510530634384,1.2137811051966416,-0.2764902103114102,0.23002844979861703,1.0048,0.5459288394871945,0.5581676296163373,0.10122060775756836,3.5161333084106445,1
pure_rrt_1773008170,pure_rrt,299,-0.2769942653918519,0.22930692900562835,1.0047571889167264,-0.18745978111923978,0.11013792141251366,1.0376,0.152631341750448,0.17436345333558448,0.20327043533325195,2.2113049030303955,1
pure_rrt_1773008170,pure_rrt,300,-0.18640654495259074,0.10999936091146988,1.0374261708366443,1.0564551369096007,0.5882381731625402,1.4416,1.3916802815177052,0.0,20.067185401916504,0.0,0
pure_rrt_1773008170,pure_rrt,301,-0.1864060689073762,0.10999956011238757,1.0374246183388638,0.6298776543313227,-0.7092175767856067,1.452,1.2285392062491358,0.0,0.3018643856048584,0.0,0
pure_rrt_1773008170,pure_rrt,302,-0.18640000934804596,0.10999064410955933,1.0374234638648059,0.09549080338204752,0.31553979206790805,1.2728,0.42085032528327465,0.0,0.05188441276550293,0.0,0
pure_rrt_1773008170,pure_rrt,303,-0.18640656650504422,0.10999938401022316,1.0374262606689366,-0.33067194742973827,0.6270490632166953,1.4173,0.6576145746059978,0.0,20.028911113739014,0.0,0
pure_rrt_1773008170,pure_rrt,304,-0.18640656650613266,0.1099993840071234,1.03742626066931,-0.5486975863981116,0.34906831998240306,1.2913,0.5028524781329706,0.0,0.053913116455078125,0.0,0
pure_rrt_1773008170,pure_rrt,305,-0.1864059741231736,0.10999966681341256,1.0374243540343362,-0.7097207675893997,0.19200604105065588,1.074,0.530962518784465,0.5321222311101048,0.30536460876464844,2.61100172996521,1
pure_rrt_1773008170,pure_rrt,306,-0.7102327090044844,0.1920590674604344,1.0735891310425538,1.0116115803803134,-0.535446456693043,1.0637,1.8692538189003767,4.119634689154282,0.5054326057434082,9.320301532745361,1
pure_rrt_1773008170,pure_rrt,307,1.0107066374438372,-0.535411469592045,1.0634742414838558,-0.041100457852425554,0.1343346520904536,1.1541,1.2502284036650806,1.28444456088065,0.10121965408325195,3.30926775932312,1
pure_rrt_1773008170,pure_rrt,308,-0.04072882798171559,0.13432052956310958,1.154343277252385,1.0772436982563796,-0.18057507532313088,1.4495,1.1983902963488031,0.0,0.05095243453979492,0.0,0
pure_rrt_1773008170,pure_rrt,309,-0.04072882798153174,0.13432052956313542,1.1543432772528135,-0.4506264766222849,-0.7002217701166814,1.3981,0.961194190681854,3.143787126790133,0.3021550178527832,9.519921779632568,1
pure_rrt_1773008170,pure_rrt,310,-0.44981639649932914,-0.700013115547524,1.3980837879763013,0.8401580511821607,-0.09280958820580043,1.4304,1.4261046724721704,0.0,0.05113935470581055,0.0,0
pure_rrt_1773008170,pure_rrt,311,-0.4498163964993165,-0.7000131155475434,1.3980837879761938,0.8486111188880205,0.32404407573585325,1.4495,1.6544638921998418,0.0,0.051410675048828125,0.0,0
pure_rrt_1773008170,pure_rrt,312,-0.44981639649931093,-0.7000131155475471,1.398083787976203,0.6353495500490238,0.11742672192156478,1.105,1.3898529153130381,1.5262993073197257,0.10142993927001953,3.8086187839508057,1
pure_rrt_1773008170,pure_rrt,313,0.6358109016135425,0.11773077841284588,1.1050225053609792,0.9521204343706913,0.10427753215149416,1.1248,0.31721264105046454,0.37742821492612755,0.10155367851257324,5.130427598953247,1
pure_rrt_1773008170,pure_rrt,314,0.9519155648709255,0.10460044175504132,1.1244420408040297,-0.6404951694765342,-0.5709947215136957,1.0514,1.7313393402859951,1.7967395699105029,0.42496180534362793,4.759812116622925,1
pure_rrt_1773008170,pure_rrt,315,-0.6396210235172374,-0.5710467161292037,1.0509563370739046,-0.4755599916799326,-0.06754909277726562,1.3901,0.6288436236390572,0.0,0.05969524383544922,0.0,0
pure_rrt_1773008170,pure_rrt,316,-0.6396210235172328,-0.5710467161292547,1.0509563370737827,-0.3398550724096364,0.3528462042754966,1.4421,1.0471060685836944,0.0,0.11404585838317871,0.0,0
pure_rrt_1773008170,pure_rrt,317,-0.6396210235172319,-0.5710467161292578,1.0509563370737771,-0.8499680899021446,-0.6434579761702761,1.2032,0.2695689370433103,0.2692250091021108,0.26370739936828613,1.5261523723602295,1
pure_rrt_1773008170,pure_rrt,318,-0.8496548410477749,-0.6434136165904507,1.2026163480374006,0.31624072637246003,-0.3422556168534173,1.3103,1.2089683138262,0.0,0.1139376163482666,0.0,0
pure_rrt_1773008170,pure_rrt,319,-0.8496597747393843,-0.6434163048420061,1.2026191400995851,0.6726646599866193,-0.6885637339713573,1.0773,1.5281409823037058,1.8973102715990364,0.515711784362793,6.265894651412964,1
pure_rrt_1773008170,pure_rrt,320,0.6726213847744567,-0.6887712374418984,1.0771175091049814,-0.39326677856047054,0.6126744031490593,1.4649,1.726341099665839,0.0,0.20427322387695312,0.0,0
pure_rrt_1773008170,pure_rrt,321,0.6726213847779425,-0.6887712374376034,1.0771175091092324,0.3521846654185121,0.22218686952759892,1.4323,1.028921263068671,0.0,0.053632497787475586,0.0,0
pure_rrt_1773008170,pure_rrt,322,0.6726213847775939,-0.6887712374383437,1.0771175091087473,-0.22595368706040808,-0.03166420198940645,1.4881,1.1866479779548524,0.0,0.05516839027404785,0.0,0
pure_rrt_1773008170,pure_rrt,323,0.6726213847774626,-0.688771237438312,1.0771175091085015,-0.8071914383755114,-0.6350331449090014,1.4054,1.5167409693097207,1.5190798167322068,0.2557220458984375,3.829160690307617,1
pure_rrt_1773008170,pure_rrt,324,-0.8079719123395075,-0.6352679435288466,1.4061834108229483,0.2518659612544083,0.20432486759460322,1.4407,1.3525397597566837,0.0,0.05362129211425781,0.0,0
pure_rrt_1773008170,pure_rrt,325,-0.8079600751759719,-0.6352700740176465,1.406188755666479,-0.5410495219625238,-0.599323787380534,1.0124,0.47707752308095613,0.48251456914634216,0.2043619155883789,3.3108115196228027,1
pure_rrt_1773008170,pure_rrt,326,-0.5417912602833734,-0.5999743145529286,1.0131485056208724,-0.8103962609555775,0.5433556263388298,1.3683,1.2269819004718014,0.0,0.05105233192443848,0.0,0
pure_rrt_1773008170,pure_rrt,327,-0.5417837210981997,-0.5999745448292483,1.013148802821175,0.5323579495517163,0.45371157602712164,1.1661,1.512424820819327,3.131900795678549,0.35167503356933594,10.427496671676636,1
pure_rrt_1773008170,pure_rrt,328,0.531766387396625,0.453445964926757,1.1657475958122436,-0.20020971838015844,0.3765697062877079,1.4654,0.7946637917421338,0.0,0.05168795585632324,0.0,0
pure_rrt_1773008170,pure_rrt,329,0.5317663873730781,0.4534459649283567,1.1657475958663728,0.21232808953670523,0.37996713592846654,1.4011,0.40352288481233944,0.0,0.05140066146850586,0.0,0
pure_rrt_1773008170,pure_rrt,330,0.5317663873855674,0.45344596492167755,1.1657475958361505,0.17033007397537636,0.2622040028918261,1.432,0.48795495633880676,0.0,0.05177640914916992,0.0,0
pure_rrt_1773008170,pure_rrt,331,0.5317663873765648,0.4534459649269202,1.165747595856689,-0.38324139019188974,-0.5237856095244792,1.4054,1.3600198740927252,0.0,0.05166220664978027,0.0,0
pure_rrt_1773008170,pure_rrt,332,0.531766387381958,0.4534459649270014,1.1657475958439223,1.0611649370335183,-0.28010518210649915,1.1334,0.9052107360411837,1.3759433264958012,0.30344724655151367,3.0085933208465576,1
pure_rrt_1773008170,pure_rrt,333,1.059710643128546,-0.2801755420709912,1.1333785753827255,0.4325588110427365,-0.05847908559338699,1.3937,0.7143080451864453,0.0,0.051068782806396484,0.0,0
pure_rrt_1773008170,pure_rrt,334,1.059710643110913,-0.2801755421321158,1.1333785753972796,-0.42020270268136595,0.6259628006619636,1.054,1.7371042471791378,2.9703904160549235,0.1512148380279541,7.3191750049591064,1
pure_rrt_1773008170,pure_rrt,335,-0.4199024695825512,0.6258481775584586,1.0540406007962324,-0.47750686225843436,0.19163360510059435,1.4361,0.5812314044425567,0.0,0.052017927169799805,0.0,0
pure_rrt_1773008170,pure_rrt,336,-0.41990246958077615,0.6258481775628926,1.0540406007191563,-0.3622725149707745,-0.10735605744017929,1.4293,0.8256689885440838,0.0,0.05292773246765137,0.0,0
pure_rrt_1773008170,pure_rrt,337,-0.4199024695805972,0.6258481775633983,1.0540406007125416,0.5990443250183624,-0.1583721584683444,1.1112,1.2870591682576746,1.3570589481033657,0.1527409553527832,3.8181064128875732,1
pure_rrt_1773008170,pure_rrt,338,0.6003489685631115,-0.158300465629523,1.1110097519889188,1.0845214353248667,-0.6878899709992491,1.4083,0.776704263751915,0.0,20.023401737213135,0.0,0
pure_rrt_1773008170,pure_rrt,339,0.6003489685920367,-0.15830046558635796,1.1110097520034568,-0.0036642391662317086,0.2535040254103976,1.2302,0.7406896847999218,0.0,0.05129504203796387,0.0,0
pure_rrt_1773008170,pure_rrt,340,0.6003489685920363,-0.1583004655863583,1.1110097520034565,0.9121910944703144,-0.16355544647587217,1.1526,0.3146472231322676,0.0,0.10132861137390137,0.0,0
pure_rrt_1773008170,pure_rrt,341,0.6003489685920358,-0.1583004655863585,1.111009752003457,0.9353041510122815,-0.4535501523062141,1.3977,0.5306210041401228,0.0,0.0511934757232666,0.0,0
pure_rrt_1773008170,pure_rrt,342,0.6003489685920365,-0.15830046558635819,1.111009752003457,0.5800300104270868,-0.5622260006351449,1.1138,0.4044458967640046,0.0,20.062177896499634,0.0,0
pure_rrt_1773008170,pure_rrt,343,0.6003489685920349,-0.15830046558635827,1.111009752003456,-0.5168680782191803,-0.4166154715545921,1.0118,1.150974868051657,0.0,20.065853595733643,0.0,0
pure_rrt_1773008170,pure_rrt,344,0.6003489685920359,-0.15830046558635735,1.1110097520034559,0.8203912550585057,-0.06661022524040017,1.0966,0.2388165592267263,0.2378225161579099,0.05115652084350586,3.109273672103882,1
pure_rrt_1773008170,pure_rrt,345,0.8193305690139694,-0.06676605400960403,1.0965812190298265,0.00959501541528296,-0.03564095570060566,1.1641,0.8131415770271585,0.8142261711416688,0.05118155479431152,2.9128544330596924,1
pure_rrt_1773008170,pure_rrt,346,0.009563203148362676,-0.035787099469059364,1.1638901747713266,-0.5488956845364849,-0.2056539686404807,1.4322,0.6424338446801656,0.0,20.058176279067993,0.0,0
pure_rrt_1773008170,pure_rrt,347,0.009565257036188629,-0.035795545257925415,1.1638741285428835,0.4286520691208411,-0.2961888517552692,1.4834,0.5878224329355985,1.3466291291867136,0.2556755542755127,4.715731620788574,1
pure_rrt_1773008170,pure_rrt,348,0.429627476435794,-0.2956349277448712,1.483037533865547,1.0491853113456757,-0.11949317013887961,1.1396,0.7299501142121954,0.7308252641239263,0.05162763595581055,2.40750789642334,1
pure_rrt_1773008170,pure_rrt,349,1.0491532650674638,-0.119688481992126,1.1392068333664769,-0.5365398321164943,-0.028830594684031707,1.3207,1.5986298895234028,0.0,0.05100083351135254,0.0,0
pure_rrt_1773008170,pure_rrt,350,1.049159163567331,-0.1196831599094999,1.1392060990321162,-0.018980928102300676,-0.4012665894645965,1.1998,1.106292955806248,0.0,20.024577379226685,0.0,0
pure_rrt_1773008170,pure_rrt,351,1.0491500207753703,-0.11968584002709493,1.139204498792477,-0.5419229385403174,-0.5126911968198515,1.4906,1.676139961519404,0.0,0.05420422554016113,0.0,0
pure_rrt_1773008170,pure_rrt,352,1.0491570108085364,-0.1196816259011414,1.1392053460988916,0.44266057374641776,-0.09085717671975568,1.2681,0.6207113732194226,0.0,0.053540706634521484,0.0,0
pure_rrt_1773008170,pure_rrt,353,1.0491532704935178,-0.11968846742228312,1.1392068408429803,0.2871723502343628,0.45000473942521746,1.4696,1.0071369878943646,1.0146919279510835,0.2631819248199463,2.5099363327026367,1
pure_rrt_1773008170,pure_rrt,354,0.28675688367891217,0.4493898792659709,1.4704236153937031,-0.3383562699733266,-0.6645626597332814,1.0577,1.3423850031624973,0.0,20.07619833946228,0.0,0
pure_rrt_1773008170,pure_rrt,355,0.2867568836789085,0.4493898792660018,1.4704236153938137,-0.7950211023950139,-0.5752209781502231,1.4852,1.4900635428837903,0.0,0.10112214088439941,0.0,0
pure_rrt_1773008170,pure_rrt,356,0.28675688367890784,0.44938987926600193,1.4704236153938124,-0.24637859993608047,-0.046059372862148784,1.0893,0.8215586500881005,0.8345030987716358,0.10147452354431152,2.3068583011627197,1
pure_rrt_1773008170,pure_rrt,357,-0.24628814357594064,-0.046016568550208914,1.0888134158213025,1.0825009037044344,0.5830730889031267,1.4813,1.521670085152266,2.0062482548647838,0.15172028541564941,6.414686441421509,1
pure_rrt_1773008170,pure_rrt,358,1.0817717644029377,0.5834608412528468,1.4812536943327685,0.3937357167503217,0.4495197366705105,1.1327,0.7828304415383897,0.7876649622338445,0.1012113094329834,3.2076661586761475,1
pure_rrt_1773008170,pure_rrt,359,0.3946698368338446,0.44900388707508243,1.132318007601747,0.09589392206921576,0.1732714898683474,1.0542,0.4140022043715227,0.4142809331962574,0.10114431381225586,3.3089005947113037,1
pure_rrt_1773008170,pure_rrt,360,0.09662265598365549,0.17295980510104134,1.0537481587571236,-0.2626828557662596,0.22523136800015264,1.2173,0.39822351994290744,3.931675841473281,0.10144925117492676,8.92729926109314,1
pure_rrt_1773008170,pure_rrt,361,-0.26320706838568786,0.22522997245406892,1.2170963495380032,1.04936567538461,-0.6139804165053391,1.3643,1.5648610798839067,0.0,0.10277843475341797,0.0,0
pure_rrt_1773008170,pure_rrt,362,-0.26320706838569546,0.22522997245380122,1.2170963495362863,0.8476579481762156,-0.4995961892992917,1.1568,1.3277912861403398,1.3367030416037122,0.1528623104095459,4.218135595321655,1
pure_rrt_1773008170,pure_rrt,363,0.8476768930024077,-0.5000335523471701,1.1570740470399503,0.999225382997514,0.1957827908699734,1.3031,0.7269462891065371,0.0,0.052306413650512695,0.0,0
pure_rrt_1773008170,pure_rrt,364,0.8476768917043792,-0.5000335487226458,1.1570740468581673,0.8491696792368195,0.04101779188175203,1.2557,0.5499689629584275,0.0,0.05211925506591797,0.0,0
pure_rrt_1773008170,pure_rrt,365,0.8476768899229202,-0.500033546277256,1.157074047799732,0.4936420205445542,0.18652939205793684,1.1926,0.7732861374103032,0.0,0.0522000789642334,0.0,0
pure_rrt_1773008170,pure_rrt,366,0.8476768902853155,-0.5000335484479774,1.157074048396256,-0.09236074799345795,0.15179411045501023,1.2883,1.1514209954078447,0.0,0.052568912506103516,0.0,0
pure_rrt_1773008170,pure_rrt,367,0.8476768920690202,-0.5000335516631719,1.1570740478146129,1.1078380044774612,-0.676756658605596,1.1274,0.3159041152797552,0.3210154923566887,0.10319018363952637,3.6107633113861084,1
pure_rrt_1773008170,pure_rrt,368,1.1071420396474596,-0.6765251684788057,1.1272988397209973,0.8528333385684477,0.3319976550960678,1.3544,1.0645967020970895,0.0,0.05187392234802246,0.0,0
pure_rrt_1773008170,pure_rrt,369,1.1071420396285383,-0.6765251684496284,1.1272988397263186,0.8682178424992715,-0.18771119805148062,1.0008,0.558592719324528,0.5832838959809422,0.10199975967407227,2.0117690563201904,1
pure_rrt_1773008170,pure_rrt,370,0.8677682957879989,-0.18735716670826943,1.000359817880554,0.7281506569275744,0.30437977518307,1.4628,0.6893106898491224,0.0,0.05382204055786133,0.0,0
pure_rrt_1773008170,pure_rrt,371,0.8677682957880174,-0.18735716671122685,1.000359817879021,0.7479474164588928,-0.577832757920784,1.2692,0.4889818748956848,0.5180078373096064,0.1518387794494629,3.6090917587280273,1
pure_rrt_1773008170,pure_rrt,372,0.7481124911071865,-0.5778678710567182,1.2690181127758038,-0.22967088513766432,-0.23948185108669928,1.3597,1.0386475023040642,0.0,0.052104949951171875,0.0,0
pure_rrt_1773008170,pure_rrt,373,0.7481124911254353,-0.5778678711038433,1.2690181127679248,-0.10287784328217475,-0.12649496251664283,1.371,0.9686704068903216,0.0,0.05190777778625488,0.0,0
pure_rrt_1773008170,pure_rrt,374,0.7481124911324898,-0.5778678711092611,1.2690181127572062,-0.42255159876443377,-0.6424288007421585,1.3353,1.1743150401769207,1.175070441300488,0.10202264785766602,2.909939765930176,1
pure_rrt_1773008170,pure_rrt,375,-0.4225037930075857,-0.6420060449456282,1.3346143894375784,0.354829865791056,-0.10615918381801348,1.1821,0.9563681899075887,0.0,0.05101442337036133,0.0,0
pure_rrt_1773008170,pure_rrt,376,-0.42249924371434944,-0.6420072084366647,1.3346237388158162,0.1558200981399842,-0.08460410013674957,1.035,0.8572781760707577,1.764935571294987,0.15185761451721191,7.316666126251221,1
pure_rrt_1773008170,pure_rrt,377,0.15495058260768807,-0.08461271459758614,1.034595160635589,-0.11945228356643134,-0.19501749904765864,1.3321,0.4195179124176734,0.0,0.0510406494140625,0.0,0
pure_rrt_1773008170,pure_rrt,378,0.15495058260768296,-0.08461271459742317,1.0345951606355563,0.3318678939166073,0.3079496013588844,1.1651,0.44992935006209356,0.4623291238581465,0.05208563804626465,2.508917808532715,1
pure_rrt_1773008170,pure_rrt,379,0.3310606167368971,0.30843843184016784,1.1651623934951734,1.0208479653826805,-0.7179484314026792,1.157,1.236666165162143,1.5384508884557027,0.1527729034423828,6.716148138046265,1
pure_rrt_1773008170,pure_rrt,380,1.020792851688931,-0.7176981160974218,1.1567787165297903,0.4102948834544231,0.4908939742572821,1.424,1.3801484791231275,0.0,0.05122041702270508,0.0,0
pure_rrt_1773008170,pure_rrt,381,1.0207928516864166,-0.7176981160936879,1.156778716524112,-0.7535500324460904,0.5409151008307768,1.3599,2.1848702835842464,0.0,20.04387903213501,0.0,0
pure_rrt_1773008170,pure_rrt,382,1.0207928516921627,-0.717698116081673,1.156778716532529,0.08999782670729739,-0.39018899595202206,1.1502,0.9867547222161592,0.9871283626525849,0.15374541282653809,3.516350030899048,1
pure_rrt_1773008170,pure_rrt,383,0.08974467359072141,-0.39058899898953275,1.1503087544237767,0.7185973295043389,-0.0021924058482002406,1.1546,0.7391386819819401,0.7429773735665839,0.10163044929504395,2.310748815536499,1
pure_rrt_1773008170,pure_rrt,384,0.7180805616965986,-0.002160235976299371,1.1538171826744112,0.5464106363103696,-0.3684146229921246,1.2042,0.40761656930516815,0.41375738590901406,0.051262855529785156,3.207582473754883,1
pure_rrt_1773008170,pure_rrt,385,0.5466256272402753,-0.36831835914864347,1.2038701182275777,-0.5139619892222635,0.19285593134788648,1.2012,1.199904082016276,1.2153399494945234,0.10167431831359863,2.9075586795806885,1
pure_rrt_1773008170,pure_rrt,386,-0.5135167981927389,0.19308311700939662,1.2009259397911278,0.5323296907338615,-0.596151107667822,1.1478,1.31130008208672,1.336290206057238,0.05141782760620117,3.9111862182617188,1
pure_rrt_1773008170,pure_rrt,387,0.5324436076279269,-0.5961489839890898,1.1477902432668932,1.0355210667208832,-0.07860828140682341,1.0636,0.7266521215396743,0.7520896813338664,0.0514378547668457,2.313229560852051,1
pure_rrt_1773008170,pure_rrt,388,1.0348451466289998,-0.07913317711432927,1.0638151064833923,-0.7869563598817484,0.1269499900661868,1.2102,1.839255158473085,0.0,0.055253028869628906,0.0,0
pure_rrt_1773008170,pure_rrt,389,1.03484514662938,-0.07913317711140208,1.063815106483477,0.7506323193838982,0.4718996806407124,1.4702,0.7413250455581328,0.0,0.1058509349822998,0.0,0
pure_rrt_1773008170,pure_rrt,390,1.0348451466296087,-0.07913317711036882,1.0638151064836086,0.3379643199026656,-0.17824688248558762,1.3387,0.755664024508479,0.0,0.05362200736999512,0.0,0
pure_rrt_1773008170,pure_rrt,391,1.0348451466296353,-0.07913317711028527,1.0638151064836274,-0.17251882622201276,-0.4175398519690616,1.4514,1.3124286229015225,0.0,0.052904367446899414,0.0,0
pure_rrt_1773008170,pure_rrt,392,1.0348451466296402,-0.07913317711027995,1.063815106483632,0.7574215792941106,-0.1607836394865998,1.3078,0.3783639279630544,0.0,0.05366039276123047,0.0,0
pure_rrt_1773008170,pure_rrt,393,1.0348451466296387,-0.07913317711029436,1.0638151064836325,0.3634891815089678,-0.1222712094150471,1.1505,0.6783022869622195,0.679554915532846,0.15355753898620605,3.642059326171875,1
pure_rrt_1773008170,pure_rrt,394,0.3624818170448197,-0.12241996124198729,1.1506134382485569,0.587483762479369,0.44248318454439606,1.274,0.620456028409368,0.0,0.21288132667541504,0.0,0
pure_rrt_1773008170,pure_rrt,395,0.36248181704485194,-0.12241996124757049,1.1506134382490305,-0.8261483224561612,0.13906884160904753,1.0002,1.2263124418171254,0.0,20.13650918006897,0.0,0
pure_rrt_1773008170,pure_rrt,396,0.3624818170445877,-0.12241996124886667,1.1506134382487962,-0.41328085549813676,-0.20589516162582278,1.1435,0.7802733073688493,0.7803412929898096,0.1015157699584961,2.8127472400665283,1
pure_rrt_1773008170,pure_rrt,397,-0.41251921921222007,-0.20571868364792878,1.1432879769123518,1.0847909010659067,-0.5555317799870487,1.2149,1.5392969435779331,1.5430842272567105,0.05143570899963379,4.009334564208984,1
pure_rrt_1773008170,pure_rrt,398,1.0846559228754908,-0.555128098157417,1.2145987749764946,-0.024308363217431572,0.24297933001433425,1.29,1.36837955241503,0.0,0.051074981689453125,0.0,0
pure_rrt_1773008170,pure_rrt,399,1.0846559228705914,-0.5551280981887914,1.2145987749647857,-0.6185225183019238,-0.5999533417461554,1.3274,1.7074982346416236,1.7072863680600154,0.05086398124694824,5.263763904571533,1
pure_rrt_1773008170,pure_rrt,400,-0.6182811656145166,-0.6004193306894948,1.327295588988382,-0.3296135588784648,-0.6338777870091323,1.2325,0.30567083467296524,0.31249164320055134,0.31926655769348145,3.36163592338562,1
pure_rrt_1773008170,pure_rrt,401,-0.32963566387139254,-0.633929531583083,1.231640575960045,-0.49271896240745156,-0.2986874736532744,1.2211,0.3729537550528,0.0,20.109187602996826,0.0,0
pure_rrt_1773008170,pure_rrt,402,-0.3296356638719634,-0.6339295315848629,1.2316405759639555,-0.735401943677243,-0.029811847292036453,1.1069,0.7383526674930909,2.0904182103219298,0.3028719425201416,9.43131947517395,1
pure_rrt_1773008170,pure_rrt,403,-0.7349154857316399,-0.029606008393904718,1.106575021221577,-0.40978265365352173,-0.0010236293334023872,1.2366,0.35133289910599796,0.0,0.05290699005126953,0.0,0
pure_rrt_1773008170,pure_rrt,404,-0.734908479531675,-0.029609001330283352,1.106576047718982,0.18332233294474665,-0.2973654232194739,1.4506,1.0164614140177992,0.0,0.0536036491394043,0.0,0
pure_rrt_1773008170,pure_rrt,405,-0.734919868210498,-0.029606158700797136,1.1065756803195448,1.097384213940354,0.16636704685304626,1.398,1.8656558849002518,0.0,0.05285024642944336,0.0,0
pure_rrt_1773008170,pure_rrt,406,-0.7349270283212553,-0.02959958083466785,1.1065759188999758,0.0490375235463294,-0.6603644212665211,1.0848,1.0064486540076958,4.005353945525453,0.40403199195861816,9.469296216964722,1
pure_rrt_1773008170,pure_rrt,407,0.04822091399586387,-0.6602881938706325,1.0843869217127917,-0.5255495682471185,0.20506671998759485,1.0424,1.0391412776070637,0.0,20.08712673187256,0.0,0
pure_rrt_1773008170,pure_rrt,408,0.04822361291969515,-0.660290281509593,1.084404123000073,-0.6813872768002017,-0.12419033358125353,1.2577,0.9218278936720247,0.0,20.05060911178589,0.0,0
pure_rrt_1773008170,pure_rrt,409,0.048226163054584714,-0.6602971739084084,1.084409512534137,0.4448550379336662,0.3499482461250879,1.3165,1.1098541649508025,0.0,0.05227971076965332,0.0,0
pure_rrt_1773008170,pure_rrt,410,0.04822237817792016,-0.660306463233507,1.0844127696274928,-0.0815558548659513,-0.5335803976840064,1.1676,0.19955450573388286,0.200348371083122,0.05097842216491699,1.5068895816802979,1
pure_rrt_1773008170,pure_rrt,411,-0.08269458315203648,-0.5335136290680194,1.1671947613617522,0.19719503221606915,0.41395374647320293,1.4092,1.0171524762955813,0.0,0.051879167556762695,0.0,0
pure_rrt_1773008170,pure_rrt,412,-0.08269458315201761,-0.5335136290683253,1.1671947613617548,-0.6963553755460551,0.2947415577626141,1.3756,1.0516743631590038,0.0,0.05119204521179199,0.0,0
pure_rrt_1773008170,pure_rrt,413,-0.08269458315201583,-0.5335136290683218,1.167194761361746,0.6769796697627048,0.2308152146988497,1.3364,1.0908409438312392,0.0,0.05129528045654297,0.0,0
pure_rrt_1773008170,pure_rrt,414,-0.0826945831520165,-0.5335136290683212,1.167194761361746,-0.35151088643670947,-0.24817257613413274,1.1123,0.3958473900712273,0.40498772893432156,0.0511775016784668,1.8070275783538818,1
pure_rrt_1773008170,pure_rrt,415,-0.3515850785214257,-0.2482415345613611,1.112011966287354,0.2246360410919297,-0.3232095971558756,1.0996,0.5812099844331325,0.5806121873122762,0.0516200065612793,3.4230079650878906,1
pure_rrt_1773008170,pure_rrt,416,0.22367550505500286,-0.32321120385093516,1.0998362148502219,0.3173779687207434,-0.03445646634501198,1.0122,0.3159739803882881,3.247236066888677,0.3077538013458252,10.604808330535889,1
pure_rrt_1773008170,pure_rrt,417,0.31567188456086515,-0.03485591961515529,1.0124738209097133,1.0934571853798056,0.4268578919417617,1.1224,0.9111604594152535,0.0,0.7109344005584717,0.0,0
pure_rrt_1773008170,pure_rrt,418,0.31567188456068274,-0.03485591961595788,1.0124738209098756,-0.6423617993909864,0.3801758994668972,1.2376,1.0680644863251232,1.0695749071167757,0.2556886672973633,4.227059364318848,1
pure_rrt_1773008170,pure_rrt,419,-0.642230864768123,0.3803415590137702,1.237967952811767,0.8474883597929666,0.36434149976161156,1.4249,1.501486916422834,0.0,0.05253171920776367,0.0,0
pure_rrt_1773008170,pure_rrt,420,-0.6422308647681018,0.38034155901340855,1.2379679528119365,-0.7126179809924182,-0.18930523437666813,1.0364,0.6083432049022716,0.7928653687158081,0.1544506549835205,4.517369985580444,1
pure_rrt_1773008170,pure_rrt,421,-0.7129519911686208,-0.1894620692796406,1.036268115548499,-0.1870303420021091,0.5974884159815231,1.2072,0.9618224141893065,1.0479069456859256,0.10146284103393555,2.709724187850952,1
pure_rrt_1773008170,pure_rrt,422,-0.18642796993682886,0.5976957227884452,1.2074522023243683,-0.6103360986256564,0.44140789864258345,1.3149,0.4644017816180886,0.0,0.05119824409484863,0.0,0
pure_rrt_1773008170,pure_rrt,423,-0.18642765190141117,0.5976875733703644,1.2074335729135428,0.32859332262243734,0.30784866644071573,1.0972,0.6011693910762202,0.6055303543227121,0.05175662040710449,2.91031551361084,1
pure_rrt_1773008170,pure_rrt,424,0.32791632338221965,0.30774938924339623,1.0971262422174899,-0.0828498789552754,-0.5418821347690697,1.3482,0.976545253137582,0.0,0.051204681396484375,0.0,0
pure_rrt_1773008170,pure_rrt,425,0.32791632337368815,0.3077493892187115,1.0971262422163663,-0.8218408004261168,-0.5572815187012735,1.2472,1.4466312758130782,1.5403773864640646,0.10275793075561523,3.5089027881622314,1
pure_rrt_1773008170,pure_rrt,426,-0.8218783498732423,-0.5568593026484955,1.2466254029343529,1.0412595234056818,-0.14874791517439856,1.122,1.9113788558234326,2.0097014902384633,0.051515817642211914,4.4146857261657715,1
pure_rrt_1773008170,pure_rrt,427,1.040929497927089,-0.1484632841365986,1.1220002789742867,-0.0018878331295721917,-0.5978167238243639,1.328,1.1540460930023706,0.0,0.2534165382385254,0.0,0
pure_rrt_1773008170,pure_rrt,428,1.04092511747399,-0.14846387309792627,1.1220004792837117,0.35502332660749825,0.15037630095506282,1.0028,0.7576116885340062,0.7663387129405077,0.15694880485534668,4.046642780303955,1
pure_rrt_1773008170,pure_rrt,429,0.35448802258566664,0.1500794668120164,1.0027297207298247,0.6744694635876478,-0.11123421774095399,1.3755,0.556444647226944,0.0,0.0639955997467041,0.0,0
pure_rrt_1773008170,pure_rrt,430,0.3544925666572374,0.15006998124169224,1.0027153264994446,-0.7584789281052013,0.21197840445165217,1.385,1.178422578115129,0.0,0.1748354434967041,0.0,0
pure_rrt_1773008170,pure_rrt,431,0.3544925666570611,0.1500699812387923,1.0027153264989237,-0.5910617512619771,-0.5762170932335826,1.0533,1.193366956084418,1.2513985999325614,0.4133789539337158,3.566204071044922,1
pure_rrt_1773008170,pure_rrt,432,-0.591317960296488,-0.575866466751366,1.0530003344315437,0.4988637792377695,-0.6574110693692938,1.2126,1.1048157315496636,1.103912970955792,0.20586109161376953,3.4478156566619873,1
pure_rrt_1773008170,pure_rrt,433,0.4979845005098682,-0.6570681464792683,1.2120909855143187,0.7402890741609294,0.10231150812940903,1.0879,0.8067170303946944,2.4179796923421226,0.5098028182983398,8.032316446304321,1
pure_rrt_1773008170,pure_rrt,434,0.7405693235697901,0.10245719664559702,1.0878666753389035,0.17159618147289346,-0.15756143053462957,1.479,0.7377841151507315,0.0,0.05186653137207031,0.0,0
pure_rrt_1773008170,pure_rrt,435,0.7405693235572502,0.10245719665824768,1.0878666753313015,0.018473173963861278,-0.4755886687582688,1.259,0.9406627911185228,0.0,0.05133366584777832,0.0,0
pure_rrt_1773008170,pure_rrt,436,0.740569323557858,0.10245719665010229,1.0878666753297939,0.7671801090135448,0.26498615889136656,1.0251,0.17624827091845943,0.19999053591972535,0.10153937339782715,2.4068403244018555,1
pure_rrt_1773008170,pure_rrt,437,0.7673132173463186,0.26534467802326234,1.0252593387208737,-0.04818277560771267,-0.08163313565306529,1.1246,0.8917936334663193,0.9260532007853857,0.10192489624023438,2.1055798530578613,1
pure_rrt_1773008170,pure_rrt,438,-0.04724283965338838,-0.08190557961265954,1.1243366518512583,0.6338944294280715,-0.5546112643283553,1.4242,0.8816556421059513,0.0,20.018314599990845,0.0,0
pure_rrt_1773008170,pure_rrt,439,-0.04724283967063539,-0.08190557962550468,1.1243366518443492,-0.8489766246558035,-0.41158919725822996,1.2282,0.8730727030506374,0.8847151596956062,0.26540637016296387,3.631248712539673,1
pure_rrt_1773008170,pure_rrt,440,-0.8489830205100337,-0.41201244266938014,1.2282661928842296,1.028880909044288,-0.07268854364517796,1.4007,1.9160498595304414,0.0,0.10337185859680176,0.0,0
pure_rrt_1773008170,pure_rrt,441,-0.8489830205100417,-0.4120124426693865,1.2282661928842267,0.027575877097842483,0.4171466316842324,1.3338,1.2111967866547733,0.0,0.0534515380859375,0.0,0
pure_rrt_1773008170,pure_rrt,442,-0.8489830205100415,-0.4120124426693876,1.2282661928842271,-0.5756035465765232,-0.2968952764530576,1.4939,0.3981828954245335,0.0,0.05336356163024902,0.0,0
pure_rrt_1773008170,pure_rrt,443,-0.8489830205100413,-0.4120124426693871,1.228266192884227,-0.12798941884108517,-0.2009895932447714,1.2977,0.7544424896554063,0.0,0.053507089614868164,0.0,0
pure_rrt_1773008170,pure_rrt,444,-0.848983020510041,-0.41201244266938697,1.2282661928842264,0.8951118534795446,0.5696298592563976,1.475,2.016523272858696,0.0,20.044880151748657,0.0,0
pure_rrt_1773008170,pure_rrt,445,-0.8489830205100428,-0.4120124426693873,1.2282661928842273,0.49088298746352654,-0.14173330754789149,1.4457,1.3840408919832938,0.0,0.05130767822265625,0.0,0
pure_rrt_1773008170,pure_rrt,446,-0.8489830205100437,-0.4120124426693856,1.228266192884227,-0.7968389763566719,0.4960209771940721,1.3063,0.9128707290644043,4.1695582637178585,0.201676607131958,11.438364744186401,1
pure_rrt_1773008170,pure_rrt,447,-0.7973784575765173,0.49580710258396254,1.3060313605531346,0.4338394738118614,0.486891775730781,1.3596,1.2324149774963649,1.2334605909501644,0.15247178077697754,3.11476993560791,1
pure_rrt_1773008170,pure_rrt,448,0.4344155274306009,0.48723173691562754,1.3593898276137435,-0.7408956556087125,-0.030707377847289496,1.2524,1.2888227677968307,1.2904879133941871,0.1525108814239502,3.314863443374634,1
pure_rrt_1773008170,pure_rrt,449,-0.7409409531594779,-0.030435153088625516,1.2527324383880343,0.1422238470507209,0.19163296863227752,1.4153,0.9250527158510646,0.0,0.052399396896362305,0.0,0
pure_rrt_1773008170,pure_rrt,450,-0.7409409531594793,-0.030435153088691463,1.2527324383880287,0.5467529551402361,-0.6439561223378227,1.2739,1.4265383439799948,1.4319717068546123,0.25708961486816406,3.207956552505493,1
pure_rrt_1773008170,pure_rrt,451,0.5455443807702361,-0.6440089392827124,1.27435626371435,1.0227857714295696,0.2703364858966756,1.4486,1.0460151916390668,0.0,0.05108189582824707,0.0,0
pure_rrt_1773008170,pure_rrt,452,0.5455534582059367,-0.6440114569892799,1.2743565350030985,-0.17988819864372618,0.32137395184294404,1.3718,1.2114989946135104,0.0,0.052170753479003906,0.0,0
pure_rrt_1773008170,pure_rrt,453,0.5455534566822065,-0.6440114528465797,1.2743565355267186,-0.5279152973678448,-0.6078043772937921,1.2373,1.0747182445027617,1.076374371161041,0.10284733772277832,2.606356382369995,1
pure_rrt_1773008170,pure_rrt,454,-0.5279947190338982,-0.6081320804114414,1.2364106545818305,-0.347677979059842,-0.7142216235435258,1.1296,0.23489919925160435,0.2378938918009921,0.05092358589172363,2.004659652709961,1
pure_rrt_1773008170,pure_rrt,455,-0.3467447378476274,-0.7139397409970331,1.1290279376371883,-0.287428451039753,0.3139126051295956,1.1236,1.0295767721863591,1.2103503293412101,0.15204548835754395,6.515219688415527,1
pure_rrt_1773008170,pure_rrt,456,-0.28748129661902155,0.3134798369017667,1.1233851095417315,-0.4653278463284098,-0.5762150614489756,1.3188,0.9281020346964489,1.4532334877684754,0.251828670501709,3.307955265045166,1
pure_rrt_1773008170,pure_rrt,457,-0.4646736458667146,-0.5760874745226482,1.318548763299348,0.403218230518521,-0.01436486891565636,1.3829,1.0358135336103196,0.0,0.05102896690368652,0.0,0
pure_rrt_1773008170,pure_rrt,458,-0.46466029628526617,-0.5760751540947479,1.318541048299738,0.7100515278593669,-0.3406625215728744,1.2606,1.1994682748677274,1.1987953363557673,0.20379209518432617,3.319962739944458,1
pure_rrt_1773008170,pure_rrt,459,0.7092631638921456,-0.34058878910013135,1.2598903189049073,0.28136170856676257,0.28485254853617714,1.3134,0.7596971819513181,0.0,0.05300498008728027,0.0,0
pure_rrt_1773008170,pure_rrt,460,0.7092564776274104,-0.34057767299783587,1.259890871146851,-0.6191142307021915,-0.27822044676355917,1.1373,1.3354720828606883,1.3364540334503454,0.3087291717529297,4.068953037261963,1
pure_rrt_1773008170,pure_rrt,461,-0.6190447931253326,-0.2781805707660915,1.137353010282688,-0.13536495875404864,-0.1493263628346746,1.0387,0.5101784055768155,0.0,20.12917709350586,0.0,0
pure_rrt_1773008170,pure_rrt,462,-0.6190171129158233,-0.2781869339775992,1.1373653153704035,0.9961763104100105,-0.41228821394213816,1.1429,1.6207601860784657,1.6214312328319729,0.10113120079040527,4.1105263233184814,1
pure_rrt_1773008170,pure_rrt,463,0.9966018764994808,-0.41186084515669,1.143011305355677,0.884885152214772,0.1443440565882531,1.1359,0.5673579909315362,2.76189369824787,0.2544867992401123,7.9186155796051025,1
pure_rrt_1773008170,pure_rrt,464,0.8853858682594142,0.1446918601539129,1.1353581287471601,0.8342353327923302,0.42011070136044204,1.1599,0.2812013848022582,0.2905765957396289,0.10184097290039062,2.9217066764831543,1
pure_rrt_1773008170,pure_rrt,465,0.8338264672518683,0.42037241193500685,1.16024805709133,0.6234931027751236,-0.11021873074533162,1.2701,0.5812353518702592,0.0,0.05404162406921387,0.0,0
pure_rrt_1773008170,pure_rrt,466,0.8338264672566923,0.4203724119328941,1.1602480570878835,0.6659188389624542,0.15856636497379228,1.0692,0.32407580372996986,0.3724860134327121,0.2153334617614746,2.541870355606079,1
pure_rrt_1773008170,pure_rrt,467,0.6659989756144122,0.15864504633252216,1.0693077622651177,1.0786154237375754,0.5449712033670414,1.1156,0.5671359661891827,0.6065102973489526,0.3164350986480713,3.434839963912964,1
pure_rrt_1773008170,pure_rrt,468,1.0778107606894305,0.5452628919034176,1.1162481802119752,-0.6119135710130583,0.25449639631979604,1.347,1.7300173046639988,0.0,0.054425954818725586,0.0,0
pure_rrt_1773008170,pure_rrt,469,1.0778182812556718,0.54526402633801,1.1162492566897206,0.12960003743052506,0.4121259604873889,1.3532,0.9864021681122683,0.0,0.05436086654663086,0.0,0
pure_rrt_1773008170,pure_rrt,470,1.0777948041533643,0.5452596290309972,1.1162426289068845,0.29706912248928785,-0.04451260853703132,1.0321,0.9820610287630792,1.061681942751403,0.153883695602417,2.521289348602295,1
pure_rrt_1773008170,pure_rrt,471,0.2975183986907489,-0.04377368619464818,1.0322965237842059,0.49237066866327983,0.4569456863927498,1.2038,0.5640042017147274,0.5981821630503694,0.15985560417175293,2.4109256267547607,1
pure_rrt_1773008170,pure_rrt,472,0.4921186171998602,0.4570426722122337,1.2031530631697944,-0.5557380195200363,-0.10882003014720865,1.2713,1.1928319806405276,0.0,0.10353755950927734,0.0,0
pure_rrt_1773008170,pure_rrt,473,0.4921041347590984,0.45703113484643487,1.203147948229396,0.5668471193539755,0.6197468731540255,1.2079,0.17912427874290202,0.2019166476603509,0.1027669906616211,2.607635021209717,1
pure_rrt_1773008170,pure_rrt,474,0.5670211285026473,0.6194125081207855,1.2077773599986399,0.7127406599617341,-0.46265503801989294,1.1034,1.0968131060211903,1.883174863552391,0.15220022201538086,5.9147233963012695,1
pure_rrt_1773008170,pure_rrt,475,0.7134550164266776,-0.4621941132550724,1.1029986784053816,0.34788316241567485,-0.48465401463841823,1.2101,0.3815991623451307,0.38241545855576764,0.051965951919555664,1.906243085861206,1
pure_rrt_1773008170,pure_rrt,476,0.34703950173688003,-0.4850284233210853,1.2098359942828063,0.22547695100965703,-0.7358145109920379,1.4524,0.36947044858578626,0.0,0.05089569091796875,0.0,0
pure_rrt_1773008170,pure_rrt,477,0.3470402948378456,-0.48502565170396256,1.209824464663483,0.6050443573733022,-0.4647917103329638,1.292,0.27152960662890513,0.28430596265433805,0.05099153518676758,2.8076887130737305,1
pure_rrt_1773008170,pure_rrt,478,0.6044462118509656,-0.4646714630523686,1.291511494109548,-0.22502153641792721,-0.538427818843221,1.3478,0.8346407259013866,0.8409793817837635,0.051180362701416016,3.4070966243743896,1
pure_rrt_1773008170,pure_rrt,479,-0.22560076936517037,-0.5390824147470157,1.3484336060507371,1.1017346571772042,-0.2369427050835904,1.4284,1.3636357148707916,0.0,0.051013946533203125,0.0,0
pure_rrt_1773008170,pure_rrt,480,-0.22559486682076313,-0.5390920440216408,1.3484604024679614,0.8834400368817776,0.07184291517264152,1.3828,1.2666408922638197,0.0,0.0513303279876709,0.0,0
pure_rrt_1773008170,pure_rrt,481,-0.22559121004470462,-0.5390983872382683,1.3484537445430957,0.5057151663566712,-0.7385781058077211,1.1902,0.7743677562681508,0.0,20.046212673187256,0.0,0
pure_rrt_1773008170,pure_rrt,482,-0.22559695936230584,-0.5390938079904436,1.3484680259529498,0.701099110591181,-0.6152308608830164,1.0029,0.9919575179670865,0.0,20.058342933654785,0.0,0
pure_rrt_1773008170,pure_rrt,483,-0.22559943911872699,-0.539094198520071,1.3484483185890186,0.40008919234416074,-0.6538911611804015,1.1759,0.6591187513838733,0.6591607036895095,0.1532440185546875,3.209882974624634,1
pure_rrt_1773008170,pure_rrt,484,0.3984787076771276,-0.654010118755574,1.1765889766341513,0.23822830713285081,0.08619205390352902,1.3767,0.7833414765965001,0.0,0.05177187919616699,0.0,0
pure_rrt_1773008170,pure_rrt,485,0.3984778675703329,-0.6540136293904184,1.1765922436544984,-0.3382153327058792,0.3906178895874054,1.4267,1.3025074938591727,0.0,0.051958322525024414,0.0,0
pure_rrt_1773008170,pure_rrt,486,0.3984766080119587,-0.6540121192161381,1.1765886731420112,-0.7569520582384333,-0.28375655011161244,1.4767,1.2498685521904047,1.2617886086073948,0.10195541381835938,2.8099515438079834,1
pure_rrt_1773008170,pure_rrt,487,-0.7566511279529111,-0.2833973451540726,1.476075210975141,0.6900348599807096,-0.03227231644922868,1.2095,1.4923225089878949,0.0,20.022940397262573,0.0,0
pure_rrt_1773008170,pure_rrt,488,-0.7566529879348654,-0.2833963894244558,1.4760641477790086,-0.22252196234634447,-0.14665739087709528,1.3738,0.5607597187217954,0.5596494072486617,0.15345430374145508,3.515690803527832,1
pure_rrt_1773008170,pure_rrt,489,-0.22380134440828203,-0.1462150984390164,1.3740292950415585,0.31268253283433034,0.26780111896464687,1.2731,0.6851358269803803,0.6976392156979557,0.1017763614654541,2.306525945663452,1
pure_rrt_1773008170,pure_rrt,490,0.3115995909208005,0.267772983111685,1.273579889292784,0.4005642254787496,-0.16420517477394503,1.3016,0.44193320954227505,2.3751489849912644,0.10190367698669434,7.014751672744751,1
pure_rrt_1773008170,pure_rrt,491,0.40035563153520315,-0.16383760881707535,1.301564334736732,-0.6384576695898463,-0.17979068155729994,1.1103,1.0563946331113494,0.0,20.02081799507141,0.0,0
pure_rrt_1773008170,pure_rrt,492,0.40035898418005383,-0.16384481873853857,1.3015673909808316,0.2604508415722837,0.06459510182466044,1.1097,0.32950293078615883,0.0,0.2532069683074951,0.0,0
pure_rrt_1773008170,pure_rrt,493,0.4003589841800542,-0.16384481873853796,1.301567390980831,-0.20999862571349048,-0.7070057224769429,1.2179,0.8213162677181187,0.0,20.05669903755188,0.0,0
pure_rrt_1773008170,pure_rrt,494,0.40035898418005417,-0.16384481873853823,1.3015673909808307,-0.33177365463388575,-0.0311597751878675,1.0145,0.7975156478485219,0.798004608888347,0.05112576484680176,2.807673931121826,1
pure_rrt_1773008170,pure_rrt,495,-0.33135132376931065,-0.03094357243405156,1.014574452739632,-0.35907382392803644,-0.15265153929670316,1.1681,0.19786727843300997,0.19880860318363774,0.051158905029296875,1.8079009056091309,1
pure_rrt_1773008170,pure_rrt,496,-0.35960932388728617,-0.15253138052342588,1.1677162257803437,-0.5041469898286783,0.3598319076593063,1.3396,0.5594205107012082,0.0,0.051317691802978516,0.0,0
pure_rrt_1773008170,pure_rrt,497,-0.3596108728523641,-0.1525293503864834,1.1677070517535644,-0.6084426946715995,-0.6322535200977107,1.2022,0.5415185297233489,0.0,20.032829761505127,0.0,0
pure_rrt_1773008170,pure_rrt,498,-0.3596108728519596,-0.1525293503865059,1.1677070517534145,-0.007161907416714075,0.2593443061683932,1.0825,0.5487444066856508,0.6009028418333816,0.15336847305297852,3.71405029296875,1
pure_rrt_1773008170,pure_rrt,499,-0.006024583238177006,0.25935438092617463,1.082126572199398,0.336466246264685,-0.5570234909504601,1.2337,0.8981911277665828,0.0,20.05904746055603,0.0,0
pure_rrt_1773008170,pure_rrt,500,-0.00602406859474916,0.2593566878463671,1.0821247232378155,1.0230101789874138,-0.6482516855262773,1.0638,1.3722245580060386,0.0,20.142156839370728,0.0,0
pure_rrt_1773008170,pure_rrt,501,-0.006025235173488269,0.25936262756494133,1.082111547882997,-0.3542993348354344,-0.4036511300750722,1.3111,0.7831460927044268,0.0,0.051233530044555664,0.0,0
pure_rrt_1773008170,pure_rrt,502,-0.0060184458486487735,0.259355570661476,1.0821088295779209,-0.3339956428130534,0.30041321256228215,1.0135,0.33758249833653237,0.3402979957994078,0.0508882999420166,2.707348346710205,1
pure_rrt_1773008170,pure_rrt,503,-0.33502869944434066,0.29983135932503746,1.0132946873903368,-0.7434442757073885,-0.07307717989276985,1.197,0.5827621328096485,0.0,20.051936864852905,0.0,0
pure_rrt_1773008170,pure_rrt,504,-0.3350286994443533,0.2998313593253478,1.0132946873903308,0.9235590325286225,-0.5516768600844242,1.2822,1.5431848217063904,2.006356710394272,0.2555515766143799,6.226622104644775,1
pure_rrt_1773008170,pure_rrt,505,0.9230014947063057,-0.5521515317601013,1.2824815923481836,-0.18456552735497378,0.4933710169743125,1.0136,1.5466478005588378,1.9729100580805499,0.1529695987701416,4.217947959899902,1
pure_rrt_1773008170,pure_rrt,506,-0.18371611038522448,0.49353385176847697,1.0138963031724213,1.036447768611257,0.026671084076570928,1.3214,1.3421323552568556,0.0,0.05205583572387695,0.0,0
pure_rrt_1773008170,pure_rrt,507,-0.18372609211477425,0.4935370279279505,1.0138989094340005,-0.04295164159501208,-0.3855431952181417,1.0678,0.8919107647124392,1.2099480658599506,0.15236449241638184,3.8112173080444336,1
pure_rrt_1773008170,pure_rrt,508,-0.04208891065659193,-0.3848808044431554,1.0676878599037396,-0.36455741623550086,0.15583590242537837,1.2308,0.6503584122803585,0.0,0.051751136779785156,0.0,0
pure_rrt_1773008170,pure_rrt,509,-0.04208891065677145,-0.38488080444337536,1.0676878599039594,0.046514188616282315,0.5925353229137321,1.0251,0.982347454330572,1.3460434902140948,0.10169219970703125,5.713601112365723,1
pure_rrt_1773008170,pure_rrt,510,0.04627325348118108,0.5923210761273072,1.0249121331337567,-0.646862154352116,-0.5351868573181999,1.1896,1.3337289556231966,0.0,0.10130429267883301,0.0,0
pure_rrt_1773008170,pure_rrt,511,0.04626888241942714,0.5923127045027756,1.024897156784594,0.8129210266411351,0.028120111100189304,1.1058,0.9553083600233042,0.9680400976394883,0.050956010818481445,2.507848024368286,1
pure_rrt_1773008170,pure_rrt,512,0.8120825813789896,0.02829794527987116,1.1055890303344937,0.83179687221858,0.2501468526084567,1.1634,0.23010367046151475,0.2375237575607707,0.051055192947387695,3.908869504928589,1
pure_rrt_1773008170,pure_rrt,513,0.831817202469491,0.250244206153324,1.1639386229331814,0.2042927467731246,-0.6307093749439266,1.3806,1.103090343923643,0.0,20.05490779876709,0.0,0
pure_rrt_1773008170,pure_rrt,514,0.8318172024463658,0.250244206146338,1.163938622949197,-0.5444348613963874,0.556389253978388,1.1896,1.4101251858667263,1.4137673047555295,0.051854610443115234,4.008815765380859,1
pure_rrt_1773008170,pure_rrt,515,-0.5447476562097269,0.5562821711995289,1.1896933566755408,0.04326980190320351,-0.17723414586288522,1.376,0.9583949518800833,0.0,0.05096626281738281,0.0,0
pure_rrt_1773008170,pure_rrt,516,-0.544757350988691,0.5562774795684897,1.189682946882653,-0.7495747041421027,-0.0388213605895642,1.416,0.6688140146871553,0.0,0.051311492919921875,0.0,0
pure_rrt_1773008170,pure_rrt,517,-0.5447912108146921,0.5562728295389421,1.1896637134144303,-0.77002206328744,0.33734624595366147,1.1261,0.32046549200960067,0.0,0.25164318084716797,0.0,0
pure_rrt_1773008170,pure_rrt,518,-0.5447816082122952,0.5562641099414269,1.1896560416448478,-0.5465520074971895,-0.2892845008665623,1.041,0.8585186114875223,1.026625012826606,0.05105257034301758,3.109347105026245,1
pure_rrt_1773008170,pure_rrt,519,-0.5456857262905476,-0.28881333035012235,1.0407014398780041,-0.46692531463328774,0.4631385273809042,1.0097,0.7567006594843648,0.8795241174805106,0.051230430603027344,3.009561777114868,1
pure_rrt_1773008170,pure_rrt,520,-0.4664513447426277,0.463201189163332,1.0097153917260353,-0.39970590904178915,-0.12299714109532234,1.2697,0.6447289602028873,0.0,0.051122188568115234,0.0,0
pure_rrt_1773008170,pure_rrt,521,-0.46645134474497896,0.4632011891652847,1.0097153917346673,-0.8191541711309405,-0.6534088916080839,1.5,1.2694866495269832,1.758651932585444,0.10106110572814941,4.113787412643433,1
pure_rrt_1773008170,pure_rrt,522,-0.8177360627095515,-0.6532848665607708,1.5003351802088245,0.19470696354227957,-0.05900561396088522,1.175,1.2182166026442725,2.102806976176143,0.2023611068725586,3.8181161880493164,1
pure_rrt_1773008170,pure_rrt,523,0.1947606438375828,-0.05911639008239411,1.1749218407525133,0.7564084643096469,-0.2203029096846093,1.3251,0.6033099102927605,0.0,0.1586911678314209,0.0,0
pure_rrt_1773008170,pure_rrt,524,0.19476094948232014,-0.059109259549165176,1.1749168212341,-0.46913487800892023,-0.023945086738425436,1.3906,0.6989373522800921,0.0,0.05275678634643555,0.0,0
pure_rrt_1773008170,pure_rrt,525,0.1947555512558249,-0.059107216739359855,1.1749252429608434,0.27179005117645416,0.12891624171411742,1.3259,0.25314128934225705,0.0,0.05286455154418945,0.0,0
pure_rrt_1773008170,pure_rrt,526,0.1947562087796827,-0.059107202628192475,1.1749280456131381,0.9407085155827597,-0.010618336403803608,1.3771,0.774383311618453,0.0,0.052759408950805664,0.0,0
pure_rrt_1773008170,pure_rrt,527,0.19475634630983685,-0.05910819452819593,1.1749314050080235,0.6992439965686201,-0.3077694557092183,1.4748,0.6373863713150973,0.0,0.05280709266662598,0.0,0
pure_rrt_1773008170,pure_rrt,528,0.19475480384794708,-0.059106784767903014,1.1749249320495148,-0.3241753060171827,0.6083585035107152,1.0997,0.8487974790156653,0.0,20.033718824386597,0.0,0
pure_rrt_1773008170,pure_rrt,529,0.19476094948819106,-0.0591092595624734,1.1749168212410412,-0.5078663686302323,0.48534186155081416,1.0102,0.9040153774397628,0.9119167671070046,0.10184073448181152,2.8138720989227295,1
pure_rrt_1773008170,pure_rrt,530,-0.5075705196287195,0.4849697866110062,1.0095797460912848,-0.0002789847939322909,0.10241948644590804,1.0762,0.6388487236445749,0.6448181424892808,0.10262274742126465,2.011578321456909,1
pure_rrt_1773008170,pure_rrt,531,0.0005135610195110552,0.10237342793701071,1.0757102336628885,0.7197422072451227,-0.04884589310569898,1.0631,0.7350620018754722,0.7364949550283829,0.10185050964355469,3.2124521732330322,1
pure_rrt_1773008170,pure_rrt,532,0.7203683948400136,-0.048632338662983166,1.0627861144371047,1.0775066523303387,0.1747220783561837,1.3347,0.5013702142400454,0.0,0.05184459686279297,0.0,0
pure_rrt_1773008170,pure_rrt,533,0.7203762163899325,-0.048628811638915595,1.0627787376862905,0.8749808169598043,-0.15562916879707478,1.282,0.28880723813602643,0.0,0.05176281929016113,0.0,0
pure_rrt_1773008170,pure_rrt,534,0.7203615483730201,-0.048631163851294804,1.0627881726866035,0.23643576497127428,-0.01835291920344262,1.109,0.48706926501637504,0.4910938662374873,0.10190105438232422,3.413503646850586,1
pure_rrt_1773008170,pure_rrt,535,0.2351288844245114,-0.01795283504446754,1.108820373239886,-0.7156161492375155,0.262076177727658,1.3497,1.0199781182041268,0.0,0.052222251892089844,0.0,0
pure_rrt_1773008170,pure_rrt,536,0.2351288844245123,-0.017952835044472662,1.108820373239888,0.7503838844738024,5.061935013805918e-05,1.3834,0.5841282486557684,0.5859944551928146,0.10188746452331543,3.3079981803894043,1
pure_rrt_1773008170,pure_rrt,537,0.7500814631223476,-2.4945657043473624e-05,1.3826013064258351,0.06085477568483855,0.38592909745418813,1.0839,0.844521415081044,0.8590816264234683,0.05119752883911133,1.90543532371521,1
pure_rrt_1773008170,pure_rrt,538,0.060646911930524294,0.3860968116812044,1.0841137112329564,0.10652907045009441,0.39501447284873803,1.3036,0.22440795018858842,0.22706137632598777,0.051297664642333984,2.20534348487854,1
pure_rrt_1773008170,pure_rrt,539,0.10737426452676158,0.39484068705115033,1.3036455451512023,0.5382117882956075,0.39189406426090445,1.374,0.4365540101639319,0.43676865088468536,0.051256656646728516,1.9050533771514893,1
pure_rrt_1773008170,pure_rrt,540,0.5384617418221623,0.3917464999673905,1.3736484169957857,-0.5916115162937101,-0.264928500486103,1.0573,1.3447542325142385,1.4296960746153304,0.05157661437988281,32.768675804138184,0
pure_rrt_1773008170,pure_rrt,541,-0.5909665252064917,-0.26523827559821767,1.0569197466788882,0.417574513235478,0.11015585171536446,1.4097,1.1324882710988402,0.0,0.05268740653991699,0.0,0
pure_rrt_1773008170,pure_rrt,542,-0.5909665256434578,-0.2652425649984249,1.0569173087077885,0.061091165783162205,0.6022901848328225,1.4824,1.1656877049911962,2.5895345195718487,0.20248842239379883,7.223795413970947,1
pure_rrt_1773008170,pure_rrt,543,0.061484243315908405,0.6027020318856029,1.4818311413860383,0.46718392803351017,-0.2963070827968456,1.054,1.0751042312267967,0.0,0.2541239261627197,0.0,0
pure_rrt_1773008170,pure_rrt,544,0.06148424332104285,0.6027020318406757,1.4818311413995156,-0.5263849915172485,0.4327829937365505,1.0128,0.7710077356175629,0.7939759990931059,0.10255670547485352,2.908823251724243,1
pure_rrt_1773008170,pure_rrt,545,-0.5259728376274243,0.4333240243987685,1.0132058846629604,-0.31947479268335854,0.14031974442066442,1.156,0.3858537417546918,0.0,20.0383358001709,0.0,0
pure_rrt_1773008170,pure_rrt,546,-0.5259728376273735,0.4333240244021353,1.0132058846631677,-0.2678742387870786,-0.4508266268661139,1.3387,0.9768744443275706,0.0,20.073995351791382,0.0,0
pure_rrt_1773008170,pure_rrt,547,-0.5259728376273732,0.433324024402134,1.0132058846631666,0.421568650833003,0.5462308205482153,1.4791,1.06190401810859,0.0,0.05275249481201172,0.0,0
pure_rrt_1773008170,pure_rrt,548,-0.525972837627373,0.4333240244021338,1.0132058846631664,0.6897026343280379,0.1706892573760176,1.1983,1.2574194628274205,0.0,0.053224802017211914,0.0,0
pure_rrt_1773008170,pure_rrt,549,-0.5259728376273732,0.43332402440213613,1.0132058846631673,0.45639144219736316,0.02704542696712453,1.3575,1.1174257536252266,0.0,20.073222160339355,0.0,0
pure_rrt_1773008170,pure_rrt,550,-0.5259728376273733,0.4333240244021337,1.0132058846631666,0.039430093522217935,0.4449103994841487,1.038,0.5660648962755302,2.4150847862790235,0.1011207103729248,7.518012285232544,1
pure_rrt_1773008170,pure_rrt,551,0.03883500332817902,0.445166877276393,1.038396238367048,1.0630182511081268,-0.5908699047696422,1.3453,1.4887959758441858,4.556807791939883,0.35356664657592773,8.824317693710327,1
pure_rrt_1773008170,pure_rrt,552,1.0620444402117544,-0.5909417835516615,1.3453902244801892,0.593489967360056,0.5184371827216331,1.3136,1.2046890068442717,0.0,0.1017160415649414,0.0,0
pure_rrt_1773008170,pure_rrt,553,1.0620347425982284,-0.5909447184248281,1.3453851656304119,-0.2938234672245187,0.5083982020987395,1.051,1.7701889638658006,2.570086472327706,0.15533757209777832,9.119932413101196,1
pure_rrt_1773008170,pure_rrt,554,-0.2940108587284228,0.5081928434456747,1.0507498326283737,-0.8373110067998992,0.5799014306197118,1.3862,0.6425293667674941,0.0,0.10242033004760742,0.0,0
pure_rrt_1773008170,pure_rrt,555,-0.29399661522053444,0.508177544057598,1.0507456645645847,0.7708602257502346,-0.3561898733778862,1.4251,1.4216864255332908,0.0,0.15202951431274414,0.0,0
pure_rrt_1773008170,pure_rrt,556,-0.29399661522083853,0.5081775440574934,1.0507456645646234,0.5217056073272972,-8.029308989310202e-05,1.3002,0.9929368612148575,0.0,0.05166125297546387,0.0,0
pure_rrt_1773008170,pure_rrt,557,-0.29401085872893074,0.5081928434464666,1.0507498326287767,-0.8484152000983621,-0.09891281545176889,1.0605,0.8222144006032129,0.0,20.050336837768555,0.0,0
pure_rrt_1773008170,pure_rrt,558,-0.29401085875260885,0.5081928434458165,1.0507498326139233,-0.2838746651215207,-0.330911140789403,1.4919,0.9480568068241005,0.0,0.20338940620422363,0.0,0
pure_rrt_1773008170,pure_rrt,559,-0.29399782318809875,0.5081905490656455,1.0507528518986353,0.9165378804705187,0.4280105634134833,1.3913,1.260078521367386,0.0,0.2030351161956787,0.0,0
pure_rrt_1773008170,pure_rrt,560,-0.2939966152605751,0.5081775440437912,1.0507456645695021,0.8955435513127907,-0.4883563333275463,1.1736,1.556656276887808,4.421450822649688,0.30391979217529297,9.042317867279053,1
pure_rrt_1773008170,pure_rrt,561,0.8946993020453895,-0.4886303832078227,1.1730883259554339,0.701854148383777,-0.6953630535178119,1.2142,0.2856883266901472,0.298064701098973,0.10266995429992676,2.0067553520202637,1
pure_rrt_1773008170,pure_rrt,562,0.7008830381396918,-0.695127937974303,1.2139546886955834,0.8229896579860032,-0.02653362325410802,1.1853,0.6802569187231391,0.0,0.051953792572021484,0.0,0
pure_rrt_1773008170,pure_rrt,563,0.7008959462798531,-0.6951409557408438,1.2139676323377704,0.31417540320723125,-0.5850820620401551,1.253,0.403966909835846,5.616219284575828,0.1530771255493164,11.125287771224976,1
pure_rrt_1773008170,pure_rrt,564,0.31413231097878,-0.5850108201345005,1.2522724574585138,0.45335492114327147,0.3964400622612222,1.1706,0.994635189425585,0.0,20.053518056869507,0.0,0
pure_rrt_1773008170,pure_rrt,565,0.3141323104835687,-0.5850108201696682,1.2522724560514837,0.15257866917849183,-0.15159273821895947,1.4248,0.4936765805683595,0.0,0.10429978370666504,0.0,0
pure_rrt_1773008170,pure_rrt,566,0.31413231048349355,-0.58501082016973,1.2522724560516074,0.6608294776571699,0.08404279421479088,1.4112,0.7701231257875013,0.0,0.05418992042541504,0.0,0
pure_rrt_1773008170,pure_rrt,567,0.314132310483455,-0.5850108201697611,1.2522724560516696,0.3302515450205705,0.12441657794839256,1.0528,0.7371135079796335,0.8707876367149697,0.2544550895690918,3.0125339031219482,1
pure_rrt_1773008170,pure_rrt,568,0.33115414454150083,0.12425713807260122,1.0525972427831682,-0.402406865681134,-0.03901216965208354,1.4804,0.8647449460078236,0.0,0.05241250991821289,0.0,0
pure_rrt_1773008170,pure_rrt,569,0.3311541445415443,0.12425713807313023,1.052597242783238,0.09355613000734608,0.15315613261547922,1.3178,0.3572400745038617,0.0,0.15284085273742676,0.0,0
pure_rrt_1773008170,pure_rrt,570,0.33115414454154984,0.1242571380732859,1.0525972427832504,0.6008031418619415,-0.04739043425359135,1.4144,0.482778112564401,0.0,0.052086830139160156,0.0,0
pure_rrt_1773008170,pure_rrt,571,0.3311541445415503,0.12425713807328706,1.0525972427832508,-0.36879588677145925,-0.24581384993613936,1.3537,0.8470805468813958,0.0,0.05288577079772949,0.0,0
pure_rrt_1773008170,pure_rrt,572,0.3311541445415501,0.12425713807328749,1.0525972427832517,-0.5954722386493243,-0.36265714109474584,1.2177,1.0597079266117146,2.64136293175271,0.15304207801818848,7.219637632369995,1
pure_rrt_1773008170,pure_rrt,573,-0.5950775408339881,-0.36243040747055844,1.2182575843263406,0.08240537717814755,-0.47356174269744805,1.3669,0.7024441939434408,0.7016032518667354,0.10209465026855469,2.412060022354126,1
pure_rrt_1773008170,pure_rrt,574,0.08138644033335446,-0.4733971525082351,1.3668707160284128,-0.46274070953503815,-0.033229208515224706,1.4827,0.7093931189180684,0.0,0.10194134712219238,0.0,0
pure_rrt_1773008170,pure_rrt,575,0.08138644033250003,-0.4733971524969238,1.3668707160250215,-0.4388056203601179,-0.6925448479238717,1.135,0.6102372664534106,0.6155273535388988,0.1018991470336914,2.6105356216430664,1
pure_rrt_1773008170,pure_rrt,576,-0.43990287594607097,-0.6925766662919093,1.1349351515743429,0.717724816927189,0.042994835989419444,1.4041,1.397718507391057,0.0,0.052178382873535156,0.0,0
pure_rrt_1773008170,pure_rrt,577,-0.4398964350139732,-0.6925801380164015,1.1349410957952566,0.973735871915842,-0.19750133334009856,1.2691,1.5038144611662856,0.0,0.05202364921569824,0.0,0
pure_rrt_1773008170,pure_rrt,578,-0.43989812989537047,-0.6925778397884597,1.1349395711945038,-0.647372304129376,-0.26866340179047504,1.2417,0.48388714890557183,0.5087986788708978,0.10191154479980469,3.107663869857788,1
pure_rrt_1773008170,pure_rrt,579,-0.6477004255695931,-0.2692745380691712,1.2419381782708006,0.10520932223411517,0.22190354452750682,1.2178,0.8992839645025511,0.0,0.05110883712768555,0.0,0
pure_rrt_1773008170,pure_rrt,580,-0.6477004255695945,-0.26927453806917045,1.2419381782708003,-0.32848211642031233,-0.20085247212883384,1.3655,0.3490693796263272,0.3530673511857454,0.051374197006225586,3.3087520599365234,1
pure_rrt_1773008170,pure_rrt,581,-0.3287219675898386,-0.20069973261291008,1.3652314775190706,0.9258850070670919,0.23808085349746078,1.1342,1.349052484972257,1.5107397462137109,0.05137491226196289,3.4099414348602295,1
pure_rrt_1773008170,pure_rrt,582,0.924751355926909,0.23799300033379997,1.1340804550864716,0.759752541526606,0.569253142780375,1.4259,0.47129241190663107,0.0,0.051105499267578125,0.0,0
pure_rrt_1773008170,pure_rrt,583,0.924751355931309,0.23799300031953674,1.1340804550620973,0.3883475157035128,-0.6727399858985535,1.4154,1.0937569832284117,0.0,20.03482723236084,0.0,0
pure_rrt_1773008170,pure_rrt,584,0.9247513559308547,0.2379930002882929,1.134080455081236,0.3237225877456864,0.2003745411388418,1.0433,0.6090088830876903,0.6093851660893912,0.15407824516296387,2.111926317214966,1
pure_rrt_1773008170,pure_rrt,585,0.32346573949660024,0.20069942833699375,1.0431680908440628,0.031260760749884264,-0.23592114810050058,1.4408,0.6588872532929849,0.0,0.05309581756591797,0.0,0
pure_rrt_1773008170,pure_rrt,586,0.3234657394997316,0.2006994283456335,1.0431680908427707,0.6158348907562847,-0.645435468931307,1.1219,0.898678306467825,1.14263989741299,0.10272908210754395,2.708224296569824,1
pure_rrt_1773008170,pure_rrt,587,0.6164835508527332,-0.6452909832703037,1.122125145623762,0.9935003604287094,0.17561881659728396,1.2324,0.9100522609879013,0.0,0.051971435546875,0.0,0
pure_rrt_1773008170,pure_rrt,588,0.6164835508557066,-0.645290983248393,1.1221251456402404,0.30363568817532327,-0.7290797531458806,1.3052,0.37203594643994453,0.0,20.053674459457397,0.0,0
pure_rrt_1773008170,pure_rrt,589,0.6164835508495358,-0.645290983251638,1.1221251456488603,0.34112061425943163,0.4574618674227583,1.1895,1.1386079077175209,2.5678042704247703,0.10114860534667969,5.612990617752075,1
pure_rrt_1773008170,pure_rrt,590,0.3412172917555799,0.45721502914050144,1.1890550062115128,0.9156624550405383,-0.6517061578551653,1.0143,1.2610443119832653,0.0,20.056012392044067,0.0,0
pure_rrt_1773008170,pure_rrt,591,0.3412205907341592,0.4572226989100527,1.189081694762562,-0.8497974975313481,-0.16312492658462396,1.4255,1.363542767236822,0.0,0.10336637496948242,0.0,0
pure_rrt_1773008170,pure_rrt,592,0.3412208812969757,0.4572211437542584,1.1890563614939904,0.27101017550787976,-0.6829025146475063,1.0909,1.1464929877485364,1.7805164212827391,0.30452775955200195,7.117760419845581,1
pure_rrt_1773008170,pure_rrt,593,0.2711605368037757,-0.6827634387011057,1.0906094917106,-0.19284230601179142,0.25888437189294156,1.1061,1.0498757989326901,1.202261485346841,0.05116629600524902,2.9079997539520264,1
pure_rrt_1773008170,pure_rrt,594,-0.1926810240955552,0.25902779597150943,1.1061040405734417,0.4995207824584045,-0.15227469966593643,1.3989,0.8567628363617761,0.0,0.05096244812011719,0.0,0
pure_rrt_1773008170,pure_rrt,595,-0.1926869707229817,0.2590237978695852,1.1060991508379625,-0.26588664542158247,0.34106560973117006,1.1702,0.12727124629234576,0.12814591922439753,0.051367759704589844,1.3044345378875732,1
pure_rrt_1773008170,pure_rrt,596,-0.26683921834968566,0.3411912346821704,1.17040701775319,0.7570411446105278,0.4352906519466039,1.4402,1.0630023289036916,1.0677009677800509,0.051072120666503906,3.0083038806915283,1
pure_rrt_1773008170,pure_rrt,597,0.7579216347482638,0.43524686695004733,1.4398332093223083,-0.2410059660875028,0.05694107782031255,1.3506,1.0718834766179257,1.2119457153091444,0.05145668983459473,6.51621150970459,1
pure_rrt_1773008170,pure_rrt,598,-0.24048721893739367,0.057049096557382016,1.3499003450862657,0.5254711797600604,0.20286849540819618,1.1381,0.8079696478179376,0.0,0.05208086967468262,0.0,0
pure_rrt_1773008170,pure_rrt,599,-0.24048721893646785,0.05704909655713419,1.3499003450793325,-0.0196908511679047,-0.5470756460314574,1.0051,0.7297979299740096,0.7788240502269765,0.05120110511779785,2.308364152908325,1
pure_rrt_1773008170,pure_rrt,600,-0.020160733613773463,-0.5469677502712316,1.004746671006523,-0.5668607810033723,-0.7080347778894983,1.474,0.7382561994138848,0.7461259281018456,0.05188441276550293,2.906982898712158,1
pure_rrt_1773008170,pure_rrt,601,-0.5675233172859087,-0.708043921048646,1.4744346431831383,-0.19792254183587987,-0.6444678647233275,1.0428,0.571799889250582,0.583231130616907,0.051483869552612305,2.808124303817749,1
pure_rrt_1773008170,pure_rrt,602,-0.19675104856468603,-0.6439277405416398,1.0418525986450342,0.4690531079547886,0.08934068874799661,1.36,1.0402862746477133,0.0,0.051699161529541016,0.0,0
pure_rrt_1773008170,pure_rrt,603,-0.19674799537413293,-0.6439229405030057,1.0418500229077567,1.085287284920383,-0.11920177247653807,1.2443,1.3999759845510025,0.0,0.05155158042907715,0.0,0
pure_rrt_1773008170,pure_rrt,604,-0.19675972088613955,-0.6439529108854023,1.041871283867236,0.08943878472492639,-0.7051645468993544,1.3791,0.4465194911558333,0.45544895132817925,0.051590681076049805,2.8088536262512207,1
pure_rrt_1773008170,pure_rrt,605,0.08897976908115562,-0.7051768034766819,1.3798524968771726,-0.11150229486214391,-0.6894194787220714,1.3453,0.20404711781065307,0.7257595456053311,0.15404796600341797,4.618882179260254,1
pure_rrt_1773008170,pure_rrt,606,-0.11038792229007294,-0.6895236179154618,1.3456297101877754,-0.5558305759299493,-0.7109142196450725,1.323,0.4465297518724507,0.4473199312567475,0.10287141799926758,2.0072851181030273,1
pure_rrt_1773008170,pure_rrt,607,-0.5566390325317692,-0.7111455714329882,1.3236197193251442,-0.29971686195019875,0.4937142934646447,1.2454,1.2344288639969465,1.6934462990948036,0.10217547416687012,3.915736675262451,1
pure_rrt_1773008170,pure_rrt,608,-0.3000457622270072,0.49372441882576357,1.245075287703198,-0.2507179661580867,0.477666645752128,1.3965,0.1600641341315119,0.1632486787590391,0.10328435897827148,1.6105022430419922,1
pure_rrt_1773008170,pure_rrt,609,-0.25045712011105825,0.4777333675947787,1.3962127149654249,1.0773140894831401,-0.34673092843704334,1.0465,1.6015669650273687,1.654217722746172,0.10202193260192871,3.615483522415161,1
pure_rrt_1773008170,pure_rrt,610,1.0771122871683936,-0.34667946819073825,1.0461867930500715,-0.10891540481141992,-0.27530811875430916,1.1108,1.189928746680109,1.191136461833484,0.1037454605102539,3.0170938968658447,1
pure_rrt_1773008170,pure_rrt,611,-0.10959648465272903,-0.27522812482809567,1.1103960997569786,0.22445616397957813,0.0013024122513455305,1.3459,0.4934798851274273,0.0,0.05208730697631836,0.0,0
pure_rrt_1773008170,pure_rrt,612,-0.10959760750210973,-0.2752253728646694,1.1103865932539203,-4.524368077551966e-05,-0.32759411539104755,1.1531,0.12871923216245545,0.12908116325056646,0.10268473625183105,1.3114867210388184,1
pure_rrt_1773008170,pure_rrt,613,0.00018749068652540446,-0.3273911102882347,1.152875198905777,-0.7587424920815327,-0.27247647708110384,1.2908,0.7733133817809437,0.0,0.05134749412536621,0.0,0
pure_rrt_1773008170,pure_rrt,614,0.00018749068636744748,-0.32739111028840634,1.1528751989058443,0.232378893627587,-0.26584134837208256,1.2366,0.25438369269672895,0.0,0.05152440071105957,0.0,0
pure_rrt_1773008170,pure_rrt,615,0.00018749068638362898,-0.32739111028843143,1.1528751989058361,0.007094710918766123,0.11744595763254173,1.2655,0.45892490944528946,0.0,0.05142331123352051,0.0,0
pure_rrt_1773008170,pure_rrt,616,0.00018749068638529431,-0.32739111028843026,1.1528751989058352,1.0968075067992018,0.4665524831926259,1.2128,1.3551800142988613,3.3133918456497224,0.1511669158935547,6.714360237121582,1
pure_rrt_1773008170,pure_rrt,617,1.0960817911988716,0.4663266865246069,1.2123681813072595,0.3571490710123255,-0.46639716385197666,1.373,1.20074890264374,0.0,0.2012491226196289,0.0,0
pure_rrt_1773008170,pure_rrt,618,1.0960817912009728,0.4663266865282103,1.2123681813112879,0.06953224629889043,0.0031157783578292797,1.1654,1.1271975530679577,0.0,0.051189422607421875,0.0,0
pure_rrt_1773008170,pure_rrt,619,1.0960817912004925,0.46632668652860354,1.2123681813106764,0.9295390388776137,0.2492248055164148,1.3514,0.30691947103168815,0.0,0.05146360397338867,0.0,0
pure_rrt_1773008170,pure_rrt,620,1.0960817912006409,0.4663266865273292,1.212368181310573,-0.6140470545418966,0.34316045733369205,1.1355,1.7162806607173775,1.716849194413972,0.051241397857666016,4.11149263381958,1
pure_rrt_1773008170,pure_rrt,621,-0.6137551251719406,0.3434580805746078,1.1353203646272902,-0.32642867972581047,0.4621224583189917,1.1257,0.31101490673877974,0.3129098271060375,0.10153698921203613,2.9090425968170166,1
pure_rrt_1773008170,pure_rrt,622,-0.32520814120591846,0.4618821525955791,1.1252382579245594,0.04402304923960998,0.6048766575955294,1.0603,0.401243165425007,0.40653438253602614,0.10121011734008789,2.2066962718963623,1
pure_rrt_1773008170,pure_rrt,623,0.04363050978928157,0.6039395678355777,1.0596253726180755,0.2938658768642759,-0.227296706518467,1.0963,0.8688593160177043,0.0,0.1011192798614502,0.0,0
pure_rrt_1773008170,pure_rrt,624,0.043628902600841096,0.6039507648059921,1.0596514602351843,0.6368840153105959,-0.21189334362515966,1.0598,1.0087384497887182,3.2185513011357196,0.1513657569885254,10.225894927978516,1
pure_rrt_1773008170,pure_rrt,625,0.6367982481791574,-0.21189332820017087,1.059852402252294,0.2711670359400662,0.4463029980881349,1.2679,0.781148123105625,0.9031997278851076,0.10268259048461914,2.712663412094116,1
pure_rrt_1773008170,pure_rrt,626,0.2704297007738472,0.44659487356960414,1.267593908177454,0.7671425036146926,0.30746118985558224,1.3811,0.5281717744547414,0.0,0.0521090030670166,0.0,0
pure_rrt_1773008170,pure_rrt,627,0.2704297008098045,0.4465948736463258,1.2675939081210061,-0.4756595102227057,-0.5928709750345802,1.0926,1.2914183014316052,1.589843964108402,0.10216403007507324,3.9159345626831055,1
pure_rrt_1773008170,pure_rrt,628,-0.4754466705407786,-0.593455138345363,1.0930030914605202,0.8056922690383939,0.4841059419385002,1.1082,1.674122400028663,1.839358483778526,0.10198688507080078,3.911623239517212,1
pure_rrt_1773008170,pure_rrt,629,0.8063784855525595,0.484343545139666,1.1082020989582486,0.015568367742194722,-0.0416657601081849,1.2421,0.9591637396930497,0.0,0.05205821990966797,0.0,0
pure_rrt_1773008170,pure_rrt,630,0.8063784232349287,0.48434318763978834,1.1082021734268208,-0.8351119008402077,-0.08781707453131926,1.3623,1.7568220043900922,0.0,20.070000171661377,0.0,0
pure_rrt_1773008170,pure_rrt,631,0.8063765733928914,0.4843478637638753,1.1082006376292126,0.499599279306548,-0.5582861321932405,1.4883,1.151378948464458,0.0,0.21644282341003418,0.0,0
pure_rrt_1773008170,pure_rrt,632,0.8063808071394496,0.484339022238232,1.108205599935697,0.7213945456207789,-0.35998393530240413,1.2623,0.8624668140909911,0.0,0.11534333229064941,0.0,0
pure_rrt_1773008170,pure_rrt,633,0.8063795907765793,0.48434547210996093,1.1082019962247767,-0.8554329689051047,0.6280058557070382,1.1415,1.668342904317474,1.6688252943501927,0.26743388175964355,5.039150714874268,1
pure_rrt_1773008170,pure_rrt,634,-0.8557972849463071,0.627817063481769,1.1414052763006772,-0.28906435644184514,-0.7233308084854596,1.0503,1.4680214424669134,6.004842778087211,0.3531310558319092,9.92853569984436,1
pure_rrt_1773008170,pure_rrt,635,-0.28926067085341123,-0.7225890592091826,1.0495279403517541,0.5946236935318749,-0.5467237052486478,1.0971,0.9024651202055521,0.9030263057602761,0.10183453559875488,2.407252788543701,1
pure_rrt_1773008170,pure_rrt,636,0.5947337875082955,-0.546474978714431,1.097234853085567,0.4322273020580487,0.30964329166113547,1.1137,0.8715606414628626,0.9159799631243127,0.2027437686920166,3.01408314704895,1
pure_rrt_1773008170,pure_rrt,637,0.43198556776234576,0.30972577171430404,1.1140826696973154,-0.6973854569120961,-0.07299938951725227,1.0897,1.192707833040216,1.3407907635509146,0.15218687057495117,3.0082032680511475,1
pure_rrt_1773008170,pure_rrt,638,-0.6965145943879659,-0.07341572373407337,1.0897309807005786,-0.06611493855300599,-0.652302474151308,1.0071,0.8598496815473046,0.9054761274251494,0.15121746063232422,2.8097715377807617,1
pure_rrt_1773008170,pure_rrt,639,-0.06500576059128275,-0.6520844568056434,1.0067121541775323,0.7289221862382782,0.559123347675183,1.2671,1.4714441072104407,0.0,20.019176244735718,0.0,0
pure_rrt_1773008170,pure_rrt,640,-0.06500576062268486,-0.6520844567952353,1.0067121541940698,0.16274681988542894,-0.33139675849137723,1.1372,0.414413942423036,0.42859553140779033,0.3108549118041992,3.01218581199646,1
pure_rrt_1773008170,pure_rrt,641,0.1619772842501095,-0.33178723626459855,1.1373019250350438,0.7017298091806639,0.2285368197644434,1.4871,0.8530266872630274,0.0,0.05204939842224121,0.0,0
pure_rrt_1773008170,pure_rrt,642,0.16198161298390087,-0.3317921406651019,1.1372966525376498,-0.0745051538221132,-0.3372708611781259,1.2767,0.2745711210898383,0.0,0.05204510688781738,0.0,0
pure_rrt_1773008170,pure_rrt,643,0.16197597375567843,-0.3318029805697449,1.1373129554984431,0.7195027972144252,0.5337593456901674,1.3487,1.0510560318553785,0.0,0.10248327255249023,0.0,0
pure_rrt_1773008170,pure_rrt,644,0.16197908885657614,-0.331794059793702,1.1373073886330554,-0.2357955201266979,-0.08837558076363028,1.0631,0.47221174489083534,0.47325491866607877,0.1022953987121582,2.012547016143799,1
pure_rrt_1773008170,pure_rrt,645,-0.23631012539630136,-0.0887761540273971,1.0633151245910017,1.0673405702764713,0.08619951396360237,1.4342,1.3666298736395852,0.0,0.05195283889770508,0.0,0
pure_rrt_1773008170,pure_rrt,646,-0.23631012538879775,-0.08877615402301567,1.0633151245429397,-0.6293712152816018,0.4780175762846578,1.2454,0.7133772178686532,0.7970748779939918,0.15244698524475098,3.8108694553375244,1
pure_rrt_1773008170,pure_rrt,647,-0.6295155607228242,0.47753985123612935,1.2451720892766542,0.288184010714875,0.11545302747263908,1.4364,1.004911680298167,0.0,0.052225351333618164,0.0,0
pure_rrt_1773008170,pure_rrt,648,-0.6295155607228299,0.4775398512361237,1.2451720892765874,-0.39349140961462037,0.2379709170640545,1.287,0.338895630308474,0.0,0.05166149139404297,0.0,0
pure_rrt_1773008170,pure_rrt,649,-0.6295155607228239,0.47753985123612097,1.2451720892765814,0.22205691740243627,-0.02828656796502782,1.2347,0.9905279988551912,0.0,0.05178642272949219,0.0,0
pure_rrt_1773008170,pure_rrt,650,-0.6295155607228249,0.47753985123612086,1.245172089276582,-0.3350666079546122,-0.060540489048141355,1.2202,0.6138845523627078,0.0,0.05159497261047363,0.0,0
pure_rrt_1773008170,pure_rrt,651,-0.6295155607228241,0.4775398512361223,1.2451720892765832,0.37478335523942197,-0.6683477841533301,1.0922,1.5313638514863197,2.2454539200593064,0.25493669509887695,9.220203399658203,1
pure_rrt_1773008170,pure_rrt,652,0.3747700697219468,-0.6689838064069337,1.0923819194968434,-0.8727330384651101,-0.040708562688046235,1.0257,1.3983705750601945,1.5924613259258487,0.10112142562866211,8.617281675338745,1
pure_rrt_1773008170,pure_rrt,653,-0.8720201409367871,-0.04057071834956315,1.0254581439747017,0.5282273981372294,-0.6568644598915563,1.4705,1.593290118014014,1.6960685012191032,0.10143852233886719,3.415719747543335,1
pure_rrt_1773008170,pure_rrt,654,0.5274714627929973,-0.6567635787810349,1.470617395722241,-0.38379509124182976,0.2750021731529463,1.2389,1.3237398159985607,0.0,0.052526235580444336,0.0,0
pure_rrt_1773008170,pure_rrt,655,0.5274800536327156,-0.6567613875355514,1.4706153676824327,-0.159016372937552,-0.37147962450766187,1.4111,0.7457915975662522,0.0,0.05213475227355957,0.0,0
pure_rrt_1773008170,pure_rrt,656,0.527473164292162,-0.6567618800892192,1.4706261090311865,0.6906641590600464,0.48243232696994964,1.2004,1.1821238903654028,0.0,20.03837490081787,0.0,0
pure_rrt_1773008170,pure_rrt,657,0.5274763299053891,-0.6567699413844724,1.4706228297847912,-0.12515561704495182,0.5816437442574088,1.037,1.4654779675845935,2.0908279089300996,0.10143923759460449,6.413269281387329,1
pure_rrt_1773008170,pure_rrt,658,-0.12591502394241558,0.582175653946709,1.0374635341617533,0.10573942818563264,-0.21037054130394084,1.3147,0.8710070693097208,0.0,0.05104780197143555,0.0,0
pure_rrt_1773008170,pure_rrt,659,-0.1259144124699237,0.5821610595564831,1.0374489386016794,-0.8643519995530874,-0.5136064560613489,1.0268,1.3214045248120738,2.0594619735027635,0.051534414291381836,4.309765338897705,1
pure_rrt_1773008170,pure_rrt,660,-0.8636467898476663,-0.5139877938981716,1.0271244480426014,1.0417061551650382,0.302665923804576,1.0746,2.0735349207910545,0.0,20.05494713783264,0.0,0
pure_rrt_1773008170,pure_rrt,661,-0.8636595644823168,-0.5139822072627724,1.0271243885237427,-0.2822605224766237,-0.5982285968273232,1.2814,0.6401393495102644,0.6418351697542274,0.15396928787231445,2.25826096534729,1
pure_rrt_1773008170,pure_rrt,662,-0.2817883157291878,-0.5987221977520747,1.2813757239050894,-0.7774953234364869,-0.24829065985205573,1.1519,0.6207186668095649,0.6273952330357223,0.10212874412536621,1.9071433544158936,1
pure_rrt_1773008170,pure_rrt,663,-0.7764871155747423,-0.24864203088926873,1.151373201186584,-0.015330852408945383,-0.11412074251113002,1.497,0.846706984760043,0.0,20.04451298713684,0.0,0
pure_rrt_1773008170,pure_rrt,664,-0.7764871155747658,-0.24864203088926706,1.151373201186554,-0.14003012663341596,-0.6710642022624129,1.0592,0.7694243878750334,0.7841994866859933,0.10499048233032227,2.6163151264190674,1
pure_rrt_1773008170,pure_rrt,665,-0.13965123655272046,-0.6718958504775372,1.0599739130939634,0.756560535670151,0.4253781535387363,1.3822,1.4529402711892674,0.0,0.20213818550109863,0.0,0
pure_rrt_1773008170,pure_rrt,666,-0.1396567591952658,-0.6718924778753053,1.0599847958153341,0.06306253585102972,0.4663353579041206,1.3032,1.1814446048265534,0.0,0.20226287841796875,0.0,0
pure_rrt_1773008170,pure_rrt,667,-0.1396550608393811,-0.671900698141944,1.0599877940936966,0.3315647063048961,-0.33725576981630173,1.3954,0.6682339746469895,0.0,0.05182385444641113,0.0,0
pure_rrt_1773008170,pure_rrt,668,-0.13965457661197686,-0.6719047511032716,1.059987399365521,0.5909001620182794,-0.30932802966915707,1.1128,0.817288979398848,0.8318908912246713,0.1523149013519287,2.509352684020996,1
pure_rrt_1773008170,pure_rrt,669,0.590794680304733,-0.30933252870525446,1.112400488625748,0.5405760426661483,-0.469278212295571,1.2613,0.22422220619943103,0.23227125709255061,0.052040815353393555,2.005685806274414,1
pure_rrt_1773008170,pure_rrt,670,0.5404264436937545,-0.4694875495709544,1.2612300859930343,-0.14404817226730493,-0.6631816578415994,1.2253,0.7122596988130572,0.7134256205349653,0.052095890045166016,3.0081849098205566,1
pure_rrt_1773008170,pure_rrt,671,-0.14497045660154295,-0.6631284322184962,1.2248706719430487,-0.3426313147251605,0.40494983016977526,1.2214,1.0862196071624974,1.3589361863357485,0.10129332542419434,6.815431833267212,1
pure_rrt_1773008170,pure_rrt,672,-0.3419047986253203,0.4046090152176284,1.2212728992843347,-0.20438112630365834,-0.7164438351192162,1.4301,1.1485995871888997,1.6562711454977794,0.10145688056945801,3.9091951847076416,1
pure_rrt_1773008170,pure_rrt,673,-0.2045927617401611,-0.7161070273271837,1.4295029198478264,0.1038576063748392,-0.18750588727180983,1.495,0.6155084584037659,0.0,0.05207467079162598,0.0,0
pure_rrt_1773008170,pure_rrt,674,-0.20458545699249292,-0.7161117608669995,1.429501078065325,-0.8533309865246298,-0.10533325091088563,1.1527,0.9330273238926443,6.81442824616104,0.3020777702331543,12.729076147079468,1
pure_rrt_1773008170,pure_rrt,675,-0.8523007703860721,-0.10602504521014774,1.1519453526302907,0.46988877410364527,-0.31449905922220245,1.3105,1.3478821099334903,0.0,0.05233573913574219,0.0,0
pure_rrt_1773008170,pure_rrt,676,-0.8522931274281189,-0.10602355746726502,1.151942487138499,0.16020876645050341,0.5980429931856396,1.3048,1.2426726085716544,1.2521921325937615,0.15276336669921875,4.325073957443237,1
pure_rrt_1773008170,pure_rrt,677,0.1592999419738521,0.5974977390564201,1.3043458019362024,0.6534535757025641,0.3660317083393486,1.37,0.5496133284652099,0.0,0.0520634651184082,0.0,0
pure_rrt_1773008170,pure_rrt,678,0.1592999420703024,0.5974977394379408,1.3043458016710057,-0.8382112158073415,-0.3399939687875041,1.4738,1.3793599741957074,0.0,0.10209345817565918,0.0,0
pure_rrt_1773008170,pure_rrt,679,0.1592999420873611,0.5974977392539422,1.3043458016220066,-0.18307453434045307,-0.23223020879870215,1.1039,0.9196995538091559,0.9714593183027145,0.10254311561584473,2.106886625289917,1
pure_rrt_1773008170,pure_rrt,680,-0.18413794068325406,-0.23225173097816237,1.104545399204294,0.40828122592637817,0.5955431658036748,1.1055,1.0179419292706156,1.097757960122734,0.15219688415527344,2.316148519515991,1
pure_rrt_1773008170,pure_rrt,681,0.4078069340682584,0.5954054217558308,1.105670394656761,0.9079471184655314,0.33311461987231217,1.3302,0.6077418962661931,0.0,0.051772117614746094,0.0,0
pure_rrt_1773008170,pure_rrt,682,0.40780693406737345,0.5954054217472908,1.1056703946575395,-0.08415350936417543,-0.3267937885831933,1.0785,1.0455690755666893,1.1187649626658982,0.10236001014709473,2.709329605102539,1
pure_rrt_1773008170,pure_rrt,683,-0.08380949015945216,-0.32720619806278073,1.0788103600448316,-0.3842315954735552,-0.07787810621818292,1.0869,0.3904912047906207,0.392109552626707,0.15212392807006836,2.708843231201172,1
pure_rrt_1773008170,pure_rrt,684,-0.3834033589638574,-0.0773245139881598,1.0862563816357556,-0.7583523011957277,0.5730031865577921,1.0375,0.7522566132167899,1.012805326052883,0.15136361122131348,4.610906600952148,1
pure_rrt_1773008170,pure_rrt,685,-0.7568216293947879,0.5732652994249853,1.0377807945816953,1.0918119009002851,0.005118725267561297,1.0013,1.934313135826605,2.8536924913037565,0.25154876708984375,8.522979736328125,1
pure_rrt_1773008170,pure_rrt,686,1.0918152965976269,0.00492684049480302,1.001245977047594,-0.14822075694596204,-0.4333261377587037,1.2253,1.3341496513649378,1.334689192516329,0.10137605667114258,3.610405206680298,1
pure_rrt_1773008170,pure_rrt,687,-0.14766558927411638,-0.433036542744764,1.224980252699512,0.36062383758380534,0.3305362297967972,1.2969,0.9200945443127718,3.173360002261329,0.20482420921325684,11.176079034805298,1
pure_rrt_1773008170,pure_rrt,688,0.3613968961558298,0.3308897246259447,1.2970336277773264,0.7346473120081394,0.13080176764296303,1.1456,0.44975905447844783,0.450432967703615,0.20575642585754395,3.4128406047821045,1
pure_rrt_1773008170,pure_rrt,689,0.7340857092293663,0.1306394735957877,1.1459059268050424,-0.35786833114070526,-0.26870590552895474,1.1157,1.1630789982296816,1.3517341731303403,0.25339317321777344,5.720556735992432,1
pure_rrt_1773008170,pure_rrt,690,-0.3571068881685051,-0.2683341330611712,1.1157644954587318,0.05851674748903035,0.4800539227821242,1.3535,0.8884513823308434,0.0,20.05821943283081,0.0,0
pure_rrt_1773008170,pure_rrt,691,-0.3571022024110188,-0.26833334987179813,1.1157606502289856,-0.5810453662390808,-0.7322256542793862,1.3515,0.5664977067423709,0.0,20.05853271484375,0.0,0
pure_rrt_1773008170,pure_rrt,692,-0.35709845958363184,-0.26833250377068607,1.1157513571245046,-0.6068672455116899,0.5732014823320027,1.227,0.884839056965444,0.0,0.3023955821990967,0.0,0
pure_rrt_1773008170,pure_rrt,693,-0.3570988333248796,-0.2683326177838759,1.1157525237758656,0.11919627802863031,0.19079833717803818,1.3437,0.6997273174747745,0.0,0.05196976661682129,0.0,0
pure_rrt_1773008170,pure_rrt,694,-0.35710682251335985,-0.26833417291038353,1.1157645196738706,0.7264056029320753,-0.11142046806674344,1.462,1.1482595937761948,0.0,0.051705121994018555,0.0,0
pure_rrt_1773008170,pure_rrt,695,-0.3571010473154295,-0.2683333268007493,1.1157647123251897,-0.7859903136815638,-0.5152598025271058,1.3939,0.5676952751861418,0.5769688853613805,0.10213804244995117,2.2109932899475098,1
pure_rrt_1773008170,pure_rrt,696,-0.786108733956574,-0.5152965417449695,1.3941845884908404,-0.7739415651965167,0.4161746384072059,1.3125,0.9351251100503292,0.0,0.05299997329711914,0.0,0
pure_rrt_1773008170,pure_rrt,697,-0.7861087339522607,-0.5152965417307942,1.3941845883614636,0.8192017148186501,-0.4105234229443796,1.3306,1.6099820009026165,0.0,0.05713844299316406,0.0,0
pure_rrt_1773008170,pure_rrt,698,-0.7861087339520679,-0.5152965417305535,1.3941845883576247,1.0127338841371516,0.6238817099092168,1.4668,2.130454142118791,0.0,0.767871618270874,0.0,0
pure_rrt_1773008170,pure_rrt,699,-0.7861087339520679,-0.5152965417305538,1.3941845883576227,0.25582784310199935,-0.3863895899160518,1.2126,1.0654678763614884,1.0686479450846134,0.4615046977996826,3.0206360816955566,1
pure_rrt_1773008170,pure_rrt,700,0.25651819970582723,-0.38586927337233745,1.212395088864674,-0.7281523440624563,0.11209964558409624,1.2723,1.1050510044290707,0.0,0.05334782600402832,0.0,0
pure_rrt_1773008170,pure_rrt,701,0.2565277921449124,-0.3858765303100623,1.2123857590233484,0.6979235204835756,0.5044529426531971,1.3238,0.9999649456431249,3.919045168349337,0.6635634899139404,10.136499881744385,1
pure_rrt_1773008170,pure_rrt,702,0.696986016107791,0.5046432268297454,1.3239639719121559,0.16053300394595738,0.5998210655803261,1.4542,0.5601803979601871,0.5626334367214572,0.10218262672424316,2.208914041519165,1
pure_rrt_1773008170,pure_rrt,703,0.15978628453486077,0.6000856777715944,1.4542916331905138,0.07221601101951647,0.2439870349611335,1.4133,0.36899201916387037,0.38352192077173464,0.15320229530334473,3.1088249683380127,1
pure_rrt_1773008170,pure_rrt,704,0.07131192384945073,0.24377866194168796,1.412857218652222,0.4482021494703994,-0.5194505520070305,1.0357,0.9310277346969145,1.0120213109058747,0.10141372680664062,2.5063960552215576,1
pure_rrt_1773008170,pure_rrt,705,0.44705255702532387,-0.5189362616681452,1.0356764806586831,0.11581120711023685,-0.7263703175496284,1.083,0.39368672179267034,0.0,20.060993194580078,0.0,0
pure_rrt_1773008170,pure_rrt,706,0.4471081901442878,-0.5189274391179887,1.0356429106973726,0.9627166436317918,-0.42879810482464153,1.1538,0.5365971225793207,0.5828580437408091,0.35625290870666504,2.83031964302063,1
pure_rrt_1773008170,pure_rrt,707,0.962315321196579,-0.4288806112930429,1.1534687139992892,-0.23545008049477467,0.42220983111243904,1.3745,1.4858841570034782,0.0,0.10310578346252441,0.0,0
pure_rrt_1773008170,pure_rrt,708,0.9623153062566839,-0.42888062696953533,1.1534687394229597,-0.02331259440488853,-0.7029207447514066,1.2846,1.031385355828249,1.0373715286844047,0.15305781364440918,3.6098763942718506,1
pure_rrt_1773008170,pure_rrt,709,-0.023638523828819202,-0.7026066530445783,1.2839784416648243,-0.6381278000284636,-0.34607209393880634,1.1443,0.7240331687616415,0.0,0.15262198448181152,0.0,0
pure_rrt_1773008170,pure_rrt,710,-0.02363852382695697,-0.7026066530388985,1.2839784416539854,1.0956314405683147,-0.6812918751800238,1.0622,1.1412297096268726,0.0,0.2524755001068115,0.0,0
pure_rrt_1773008170,pure_rrt,711,-0.023639475091001838,-0.7026126561221095,1.2840036430049182,-0.09514787489317056,0.2933600733788092,1.3443,1.0003553267807672,0.0,0.0519559383392334,0.0,0
pure_rrt_1773008170,pure_rrt,712,-0.023638523826776447,-0.7026066530389281,1.2839784416542275,0.2708569655279518,-0.2523155271211091,1.3499,0.5420658107511975,0.5961094985971993,0.10495781898498535,4.014536142349243,1
pure_rrt_1773008170,pure_rrt,713,0.2712397669846521,-0.2518935632338893,1.3493824777718997,0.24499472514803222,-0.25031319386482426,1.4713,0.12472041538813104,0.0,0.05173540115356445,0.0,0
pure_rrt_1773008170,pure_rrt,714,0.27123976698465907,-0.25189356323395407,1.3493824777718997,-0.49326278155357534,0.5186605050920506,1.2502,1.0899793038549797,0.0,20.031883716583252,0.0,0
pure_rrt_1773008170,pure_rrt,715,0.27123976698465757,-0.25189356323395273,1.349382477771894,-0.4352697841673163,-0.6895102303905329,1.2469,0.8373570036086541,0.8701746146796794,0.2060387134552002,2.436336040496826,1
pure_rrt_1773008170,pure_rrt,716,-0.43538148912954583,-0.6893321306285847,1.2463855333242946,0.8449388426308926,-0.35487420577556533,1.0402,1.339251555746108,0.0,20.02154564857483,0.0,0
pure_rrt_1773008170,pure_rrt,717,-0.4353814891293546,-0.6893321306301319,1.2463855333241738,-0.007630675878305571,0.054042058835830686,1.0199,0.8870578564029779,0.0,20.057876586914062,0.0,0
pure_rrt_1773008170,pure_rrt,718,-0.43538148912935404,-0.6893321306301321,1.2463855333241745,-0.31309279724180683,-0.2579087619411845,1.216,0.4494484707392846,0.0,0.05257701873779297,0.0,0
pure_rrt_1773008170,pure_rrt,719,-0.43538148912935454,-0.6893321306301325,1.2463855333241751,0.8960504068781925,-0.1666784563026511,1.1612,1.432876244510318,4.05196422416401,0.25363802909851074,7.519784688949585,1
pure_rrt_1773008170,pure_rrt,720,0.8954408495959951,-0.16617879926227758,1.1608169100229935,0.1131239869535745,-0.4617695301552918,1.1252,0.8370556242234637,0.8479452558547282,0.05231976509094238,2.105715274810791,1
pure_rrt_1773008170,pure_rrt,721,0.11272025639252131,-0.46224551021996513,1.1254821881727413,-0.21583876644882194,0.431811497025791,1.0457,0.9558525834276576,1.415939467027548,0.051094770431518555,4.210312128067017,1
pure_rrt_1773008170,pure_rrt,722,-0.21626534908891654,0.4323901810827191,1.045884053241033,-0.736226951441398,0.5496379311712704,1.481,0.6880646698862977,0.0,0.051167964935302734,0.0,0
pure_rrt_1773008170,pure_rrt,723,-0.2162585254142547,0.43238960434083473,1.0458846734404459,0.7341613475576942,0.4054248249490492,1.418,1.0210263711227967,0.0,0.05098533630371094,0.0,0
pure_rrt_1773008170,pure_rrt,724,-0.21626394677919958,0.43238316085701306,1.0458686784714302,0.6553654210184392,0.15649004375382158,1.2876,0.9456684401417738,0.0,0.05111575126647949,0.0,0
pure_rrt_1773008170,pure_rrt,725,-0.21626534908910142,0.4323901810826442,1.0458840532410751,0.19548540352276933,-0.3548828861676149,1.4754,0.9868239524931934,0.0,0.051542043685913086,0.0,0
pure_rrt_1773008170,pure_rrt,726,-0.21625852541446766,0.4323896043406392,1.0458846734401899,-0.6195679999771684,0.30886123520879283,1.4998,0.6196425695014139,0.0,0.05092787742614746,0.0,0
pure_rrt_1773008170,pure_rrt,727,-0.21626394677887523,0.43238316085729045,1.0458686784717472,0.16261517891163635,-0.667932306918664,1.3361,1.1993655574957371,0.0,0.10108828544616699,0.0,0
pure_rrt_1773008170,pure_rrt,728,-0.2162585254146797,0.43238960434042306,1.0458846734399345,-0.2700781376808913,-0.3253829881615924,1.1348,0.7648671701079829,0.8635517097979705,0.10102081298828125,2.7063724994659424,1
pure_rrt_1773008170,pure_rrt,729,-0.26953662339077017,-0.32541670037370196,1.134650419900364,0.5725613818824087,0.5854457167242183,1.0201,1.2457612901619162,0.0,20.06007695198059,0.0,0
pure_rrt_1773008170,pure_rrt,730,-0.26952964415796016,-0.32542642831473956,1.1346634673323783,0.5974385200321732,0.422736470870381,1.3781,1.1707445779816916,0.0,0.05485391616821289,0.0,0
pure_rrt_1773008170,pure_rrt,731,-0.26953370526500287,-0.32541838055232686,1.134662603188632,-0.2282650443663523,0.23614171167735676,1.2353,0.5719971374004833,0.0,0.05556941032409668,0.0,0
pure_rrt_1773008170,pure_rrt,732,-0.2695306094678486,-0.32541027038566755,1.1346525419268247,-0.13779492183130937,0.4962658303333324,1.3258,0.8538402992466966,1.0666947137610623,0.20870518684387207,3.628192186355591,1
pure_rrt_1773008170,pure_rrt,733,-0.13819613066442277,0.4966803424011027,1.3257215199400123,0.6219200506898841,-0.2027497937876348,1.458,1.0413821204786597,0.0,0.052489280700683594,0.0,0
pure_rrt_1773008170,pure_rrt,734,-0.13820539246677951,0.49667364508639295,1.3257288239804381,-0.7175005720594603,0.005138821808710725,1.0907,0.7952533782987447,0.8118659801856639,0.10365819931030273,2.10762619972229,1
pure_rrt_1773008170,pure_rrt,735,-0.7169988187028236,0.0048725806355944395,1.090309518539787,0.6742120639374543,0.05910380042638941,1.2927,1.4069010811576041,0.0,20.069873094558716,0.0,0
pure_rrt_1773008170,pure_rrt,736,-0.7169988187028056,0.004872580635592788,1.0903095185397824,-0.34712359536506443,0.08353503015795838,1.3174,0.44109584964476367,0.0,0.053717613220214844,0.0,0
pure_rrt_1773008170,pure_rrt,737,-0.7169988187028056,0.004872580635592788,1.0903095185397824,0.6313484699584673,-0.602143065372664,1.2459,1.4868479422119967,1.4974712686639222,0.15255355834960938,3.313654661178589,1
pure_rrt_1773008170,pure_rrt,738,0.63180810910427,-0.6020218193794279,1.2456744696960387,-0.14108551343279763,0.5388387611707296,1.0456,1.3924644374043686,1.6493686057759525,0.15162086486816406,7.515686750411987,1
pure_rrt_1773008170,pure_rrt,739,-0.14052406550270402,0.5388025422712241,1.0449988235458494,0.5427953920267652,-0.10860201840077433,1.174,0.9501049677503146,1.445877744621151,0.10141730308532715,6.413843154907227,1
pure_rrt_1773008170,pure_rrt,740,0.5432818265699,-0.10851921107399295,1.1734022065011334,0.5718404642018282,0.4409633018038125,1.1667,0.5502649791817423,0.6257471173346381,0.1012272834777832,3.009145975112915,1
pure_rrt_1773008170,pure_rrt,741,0.5709785657187822,0.44083211687124074,1.166188005390366,-0.48603312494023276,-0.26850015761552404,1.3351,1.2841173045097558,0.0,20.057356595993042,0.0,0
pure_rrt_1773008170,pure_rrt,742,0.5709801847359229,0.4408298153404233,1.1661874111117223,0.8246567774683911,0.22040738982501695,1.4289,0.426562731296149,0.0,0.05595755577087402,0.0,0
pure_rrt_1773008170,pure_rrt,743,0.5709793761185447,0.4408338035249691,1.1661900655870574,1.0041337022090848,-0.06114047353963514,1.1649,0.6630252704947988,2.1190675089742386,0.7583918571472168,11.528692483901978,1
pure_rrt_1773008170,pure_rrt,744,1.0043102328555378,-0.06120567598892117,1.1653894631714912,0.6852596027814168,0.2661259626718627,1.3468,0.491781546107065,0.0,0.051114559173583984,0.0,0
pure_rrt_1773008170,pure_rrt,745,1.0043102328556026,-0.06120567598851338,1.1653894631715163,0.7898927035370973,-0.7273116907341028,1.1441,0.7000895235621192,0.0,0.3014397621154785,0.0,0
pure_rrt_1773008170,pure_rrt,746,1.0043102328556577,-0.06120567598819659,1.1653894631715436,-0.005555247610260716,-0.42014654153556086,1.4726,1.114919345753306,0.0,0.051105499267578125,0.0,0
pure_rrt_1773008170,pure_rrt,747,1.0043102328556577,-0.06120567598819826,1.1653894631715445,0.21002488646629347,0.5857064682019449,1.4068,1.0524559758400178,1.0780586374088152,0.15156841278076172,2.2086219787597656,1
pure_rrt_1773008170,pure_rrt,748,0.21036413717880975,0.5858273317551129,1.4072336025596355,0.5509757235932942,0.4422680073589721,1.275,0.39257006771628405,2.0578121005728183,0.10105586051940918,6.01328182220459,1
pure_rrt_1773008170,pure_rrt,749,0.5516950279692759,0.44198478963577437,1.2746843101957142,0.22246542407415681,-0.1981352409457905,1.2274,0.7213747927557249,0.0,0.05139756202697754,0.0,0
pure_rrt_1773008170,pure_rrt,750,0.5516986485267205,0.4419794801635446,1.2746664756088273,-0.5612845013878042,-0.3173514814466976,1.1573,1.352438497991842,1.450777438446303,0.10114717483520508,3.106670379638672,1
pure_rrt_1773008170,pure_rrt,751,-0.5614792708093841,-0.317261713343172,1.1572323741633177,0.4602973345220358,0.3516402397409456,1.1616,1.221260140264062,0.0,0.1012721061706543,0.0,0
pure_rrt_1773008170,pure_rrt,752,-0.5614870819256856,-0.31726168050729026,1.1572294075511778,0.26020053859090986,0.40130893770708453,1.4851,1.1397426922178335,0.0,0.05137157440185547,0.0,0
pure_rrt_1773008170,pure_rrt,753,-0.5615115788750422,-0.31727338390072524,1.1572264795403011,0.46290747957452694,-0.6717776120094923,1.2021,1.0849522053529093,1.1002267258014187,0.10152482986450195,2.9093997478485107,1
pure_rrt_1773008170,pure_rrt,754,0.46237862749106784,-0.6716729341917254,1.201564425218925,-0.2649687797471162,-0.258035016256462,1.2573,0.8385922920383333,0.8421973011734906,0.1010887622833252,2.80704927444458,1
pure_rrt_1773008170,pure_rrt,755,-0.26620018866116907,-0.25733079594767705,1.2568659465389,0.5792095182699357,-0.18717937222150305,1.4941,0.8808625267008069,0.0,0.051785945892333984,0.0,0
pure_rrt_1773008170,pure_rrt,756,-0.2662001886430099,-0.25733079592328256,1.2568659462908784,-0.3066270006572567,-0.1483783074306131,1.3288,0.13667289402587224,0.0,0.05133199691772461,0.0,0
pure_rrt_1773008170,pure_rrt,757,-0.2662001886424719,-0.25733079592263197,1.2568659462832303,-0.7608472295172096,-0.22923248140439412,1.2713,0.4956546703417601,0.0,0.0515899658203125,0.0,0
pure_rrt_1773008170,pure_rrt,758,-0.26620018864244416,-0.25733079592261626,1.256865946282998,0.4578716726584042,0.12575567909811725,1.2066,0.8207082143047011,0.8209002517541527,0.10199689865112305,2.6111977100372314,1
pure_rrt_1773008170,pure_rrt,759,0.4574928331657268,0.1256625340779849,1.2065880058266507,0.6153626803560968,-0.6037136387619593,1.0938,0.7547407663674378,0.879762222553717,0.1535341739654541,2.8116872310638428,1
pure_rrt_1773008170,pure_rrt,760,0.6151597844635266,-0.603612270983611,1.0935866930858205,-0.016738485507689083,0.6040266500545625,1.1809,1.365763815878554,1.7354475723873632,0.253063440322876,3.816542387008667,1
pure_rrt_1773008170,pure_rrt,761,-0.01675511332493021,0.6040813104254903,1.1807440583709279,-0.5174992002517989,0.5907095733929885,1.3782,0.5384350404905993,0.0,0.10235977172851562,0.0,0
pure_rrt_1773008170,pure_rrt,762,-0.016750574213651198,0.6040840818818006,1.1807515332801235,0.5894880399421893,0.2250577841097099,1.3127,0.7270464837726252,0.7310104156530864,0.20485281944274902,1.9072003364562988,1
pure_rrt_1773008170,pure_rrt,763,0.5891522961120268,0.22529910736164288,1.3122318869246397,-0.08493226570821055,-0.37988441442002957,1.38,0.9084214928491312,0.0,0.05183768272399902,0.0,0
pure_rrt_1773008170,pure_rrt,764,0.589154535110082,0.22530509939858914,1.3122324330969215,-0.3407660954740023,-0.3480276724311783,1.1018,1.1125397320271289,1.1731973257600357,0.3030576705932617,3.6159684658050537,1
pure_rrt_1773008170,pure_rrt,765,-0.3401655661168196,-0.34875971833508557,1.102182368391341,0.32340893150868144,-0.6372302122527363,1.2746,0.7438240245176064,0.7433837915766877,0.15225911140441895,2.6086513996124268,1
pure_rrt_1773008170,pure_rrt,766,0.32194046187001923,-0.6378139737969413,1.274647415936924,-0.2837696536108647,-0.6164999611226787,1.4638,0.6349155307518343,0.0,0.10215258598327637,0.0,0
pure_rrt_1773008170,pure_rrt,767,0.3219417793845276,-0.6378142257561148,1.2746410613328059,0.4123365534752399,-0.3755896137237382,1.2191,0.28287412718807603,0.28551064222692557,0.15250253677368164,1.3044915199279785,1
pure_rrt_1773008170,pure_rrt,768,0.4128769588031619,-0.3760736302467701,1.218572475848173,-0.3757299834402349,0.18586011978420036,1.3491,0.9770915429679837,0.0,0.0511014461517334,0.0,0
pure_rrt_1773008170,pure_rrt,769,0.4128769625641885,-0.37607215154813295,1.2185473696513878,-0.2528175446685492,-0.3705137473281736,1.0607,0.6841753173881471,0.6840750789004357,0.10143327713012695,2.259371042251587,1
pure_rrt_1773008170,pure_rrt,770,-0.2523035362937328,-0.3708718428387018,1.0608936502192456,1.00342625072617,-0.5974854247492369,1.4866,1.3451531175888591,0.0,0.15413260459899902,0.0,0
pure_rrt_1773008170,pure_rrt,771,-0.25230353629363234,-0.3708718428386809,1.0608936502184636,0.5868128225595588,0.47023351531610824,1.3044,1.212794223929048,0.0,0.4595174789428711,0.0,0
pure_rrt_1773008170,pure_rrt,772,-0.2523035362936311,-0.37087184283868135,1.060893650218464,0.5166586761354328,0.19147373060414052,1.1196,0.9544536990442276,0.9594905177894456,0.20424437522888184,2.6080684661865234,1
pure_rrt_1773008170,pure_rrt,773,0.516501654340719,0.1915580297828595,1.11976485656457,0.28235944458604956,-0.39523848516721755,1.0792,0.633086275269382,0.6770647308568002,0.10132765769958496,2.4064152240753174,1
pure_rrt_1773008170,pure_rrt,774,0.2832994416526466,-0.39551832932272935,1.0791961589014993,-0.0821120004326944,0.4108874075569223,1.2754,0.9068140282004399,0.0,20.055443048477173,0.0,0
pure_rrt_1773008170,pure_rrt,775,0.2832928825555797,-0.39551804603901786,1.0792017545709838,1.063427783697986,-0.6029988794005848,1.2761,0.8309197790676952,0.8384085978235074,0.40812134742736816,3.5266366004943848,1
pure_rrt_1773008170,pure_rrt,776,1.0634002624608143,-0.6033054161327122,1.2755837333530393,-0.6894162925921903,0.28528009645514196,1.0466,1.978480133584666,2.075908156195664,0.20532536506652832,3.9190573692321777,1
pure_rrt_1773008170,pure_rrt,777,-0.6893403413675573,0.28508940184382725,1.0462861235863374,-0.3602335252479161,-0.1461298396849181,1.4961,0.7046941564220037,0.0,0.051924943923950195,0.0,0
pure_rrt_1773008170,pure_rrt,778,-0.6893403413676682,0.2850894018467475,1.0462861235746286,0.2952978071586698,0.09966277503525889,1.4565,1.0826683434348636,0.0,0.05220317840576172,0.0,0
pure_rrt_1773008170,pure_rrt,779,-0.6893403413676953,0.2850894018470589,1.0462861235735872,0.5422524977354473,-0.6174280977801392,1.2307,1.5379750441024993,1.7424912337421534,0.2025301456451416,5.213668346405029,1
pure_rrt_1773008170,pure_rrt,780,0.541142909409699,-0.6168592557094624,1.2302538938885754,0.5911492847400546,-0.7241136087884116,1.0587,0.20841034603972253,0.22589202983045617,0.1527693271636963,2.607570171356201,1
pure_rrt_1773008170,pure_rrt,781,0.5906620177707608,-0.7235302500141749,1.0580433518432346,-0.3362618578307204,-0.40285287563543604,1.4161,1.0441390773684174,0.0,0.05173897743225098,0.0,0
pure_rrt_1773008170,pure_rrt,782,0.590662033487275,-0.723530229243478,1.0580433672347873,0.5792777470261792,0.09064938976175774,1.2492,0.8363963846358218,0.0,0.05177927017211914,0.0,0
pure_rrt_1773008170,pure_rrt,783,0.5906620465743201,-0.7235302211910521,1.0580433828826536,1.0128545875703923,0.4090877797003162,1.3583,1.2454814786814907,0.0,0.05338716506958008,0.0,0
pure_rrt_1773008170,pure_rrt,784,0.590662040338059,-0.723530243424637,1.0580433810653251,0.9756322271191329,0.004804949440220696,1.2544,0.8468943970030747,0.0,0.05170416831970215,0.0,0
pure_rrt_1773008170,pure_rrt,785,0.5906620298001811,-0.7235302535553938,1.0580433695818003,0.599391120449855,0.27089849846843095,1.1367,0.9975728571808562,1.2520149522812385,0.15224814414978027,3.5096781253814697,1
pure_rrt_1773008170,pure_rrt,786,0.5984490042496511,0.27121583455129145,1.1365578362241993,-0.1374541560314867,0.522133320028653,1.4174,0.8266712567788489,0.0,0.05192255973815918,0.0,0
pure_rrt_1773008170,pure_rrt,787,0.5984490042495494,0.27121583455522724,1.1365578362222626,-0.3401323344944924,-0.23675118403462048,1.4901,1.1242586370503278,0.0,0.051477909088134766,0.0,0
pure_rrt_1773008170,pure_rrt,788,0.5984490042495771,0.2712158345555427,1.136557836221226,0.6876010870231237,-0.1187293887050418,1.1219,0.40027518430361964,0.4201271224742293,0.10193371772766113,3.311833143234253,1
pure_rrt_1773008170,pure_rrt,789,0.6881124932805651,-0.11855099142202852,1.1217376998125208,0.5252233656218699,-0.1554757674916145,1.2756,0.22709010197756696,0.0,0.05205082893371582,0.0,0
pure_rrt_1773008170,pure_rrt,790,0.6881124932804386,-0.11855099142786527,1.1217376998127517,0.9827081917514127,-0.6550552797597549,1.1918,0.6160618498686934,4.088939512987344,0.20428013801574707,11.221716165542603,1
pure_rrt_1773008170,pure_rrt,791,0.9817863036129404,-0.6549351638936586,1.1913903180459031,0.006848358831640811,-0.7128910862631377,1.4609,1.0131625505214255,1.0141803670119192,0.050871849060058594,3.207320213317871,1
pure_rrt_1773008170,pure_rrt,792,0.00670382638482625,-0.7122696008704283,1.4610637612551713,-0.7616590146973758,-0.06823446782753106,1.2541,1.0237171028279166,0.0,0.05113387107849121,0.0,0
pure_rrt_1773008170,pure_rrt,793,0.006702493131802961,-0.7122752019486092,1.4610554343687254,0.6421215230456496,-0.18011197266138612,1.4397,0.8291025875964545,0.0,0.05120277404785156,0.0,0
pure_rrt_1773008170,pure_rrt,794,0.006698016380677768,-0.7122688390338503,1.4610632078919465,-0.5568863356430278,-0.5225243679913348,1.432,0.5953779943784911,0.0,0.051020145416259766,0.0,0
pure_rrt_1773008170,pure_rrt,795,0.006703826382903344,-0.7122696008904124,1.4610637612372424,0.4434828210481352,0.4684429006729801,1.1381,1.2996782265627753,1.8785299010017644,0.10145950317382812,4.6139750480651855,1
pure_rrt_1773008170,pure_rrt,796,0.44288187779442334,0.46850663627638245,1.1377137332874745,-0.6541240467191944,-0.3456564487893649,1.395,1.3901365942023904,0.0,0.05085468292236328,0.0,0
pure_rrt_1773008170,pure_rrt,797,0.44288173446538304,0.46851086130605735,1.1377292825372494,0.1477412175446713,-0.0071490583553298626,1.2075,0.5641172191271681,0.0,0.05105113983154297,0.0,0
pure_rrt_1773008170,pure_rrt,798,0.4428820835161422,0.46851029348723117,1.137729764311385,0.7691971950498533,0.34148837359124806,1.4671,0.48072952094383975,0.0,0.05116987228393555,0.0,0
pure_rrt_1773008170,pure_rrt,799,0.44287515272380407,0.4685085200957986,1.1377352965171657,1.015479363698967,-0.29405574725072386,1.2539,0.9606633554973784,0.0,0.05105328559875488,0.0,0
pure_rrt_1773008170,pure_rrt,800,0.4428804460959405,0.468508578526605,1.1377347241366138,0.9923014504417409,0.4610629011375361,1.4103,0.6133601778193739,0.0,0.051212310791015625,0.0,0
pure_rrt_1773008170,pure_rrt,801,0.44287064076126914,0.4684957900488692,1.1377110163712825,0.2237816980840477,-0.05169598271418396,1.1414,0.5644581949569017,0.6700622760535823,0.10106515884399414,3.807966947555542,1
pure_rrt_1773008170,pure_rrt,802,0.22445011009968577,-0.05169866614597754,1.1415478049672103,0.46869663189973165,0.40828610704637824,1.1493,0.5208670190250767,0.0,0.05097031593322754,0.0,0
pure_rrt_1773008170,pure_rrt,803,0.22445562548758163,-0.051697567569370176,1.141547346838371,-0.0024845883230601995,0.09589124139119343,1.2935,0.3104415016998789,0.0,0.05121946334838867,0.0,0
pure_rrt_1773008170,pure_rrt,804,0.2244576444772519,-0.05168803873884519,1.1415334317938384,-0.5177200471247456,0.21048673736095558,1.4995,0.8646984463314058,0.0,0.0510249137878418,0.0,0
pure_rrt_1773008170,pure_rrt,805,0.22445011009975308,-0.05169866614614668,1.141547804967257,-0.5454061405366584,-0.7402628062089974,1.2448,1.038007821455853,1.101860316510305,0.05145621299743652,3.0092966556549072,1
pure_rrt_1773008170,pure_rrt,806,-0.5441132040383864,-0.7395261149556842,1.243924449751477,0.14759789952808022,-0.5212875113499028,1.0743,0.7448924706656873,0.7487667137595141,0.0511784553527832,2.4078047275543213,1
pure_rrt_1773008170,pure_rrt,807,0.14726018934656393,-0.5208768643966624,1.0734058716829225,-0.5444871132549325,0.48103550506684367,1.2693,1.2331736439972802,1.36318695445169,0.1015923023223877,2.8125009536743164,1
pure_rrt_1773008170,pure_rrt,808,-0.5435377343764811,0.4807995401734455,1.2695117406813248,-0.6642052497579977,-0.437475567276014,1.1726,0.9312259165806916,2.4638027311149076,0.3173837661743164,7.738086938858032,1
pure_rrt_1773008170,pure_rrt,809,-0.6642071031686448,-0.43767425767131674,1.1729682970905668,-0.3867117133225697,-0.6636760132246889,1.276,0.37241914116147296,0.37793337452391335,0.10301470756530762,3.1090028285980225,1
pure_rrt_1773008170,pure_rrt,810,-0.38797749625762135,-0.6636301226030352,1.276566565350194,-0.4378441241585326,0.5758514909282876,1.2717,1.2404938671024242,1.506103625270866,0.1523604393005371,4.315051317214966,1
pure_rrt_1773008170,pure_rrt,811,-0.4384899525026315,0.576196118014544,1.272516400627876,-0.048933744816775926,-0.1536304858669817,1.2277,0.8284982923609832,0.8413492739318866,0.10174560546875,2.611476421356201,1
pure_rrt_1773008170,pure_rrt,812,-0.04917267733370034,-0.15295730475182706,1.2282977734788951,0.518653562632386,-0.5070925708127123,1.1609,0.6725926592908593,0.6952824164027737,0.10149335861206055,3.311509609222412,1
pure_rrt_1773008170,pure_rrt,813,0.5187276872342599,-0.5071560975083365,1.1609021864364721,0.8523844471459194,0.12456959775404919,1.0943,0.717523545765301,0.0,20.045591592788696,0.0,0
pure_rrt_1773008170,pure_rrt,814,0.5187276872446908,-0.5071560974804319,1.1609021864009834,0.3273742966390014,-0.5819618335953592,1.3487,0.27835236130588265,0.2813439905526259,0.1553051471710205,2.608001947402954,1
pure_rrt_1773008170,pure_rrt,815,0.3270368824167587,-0.5820777980075376,1.348091073580546,0.4986899684022992,-0.4596095955891263,1.2859,0.2198430625811449,0.22090443188536654,0.10184025764465332,2.607666254043579,1
pure_rrt_1773008170,pure_rrt,816,0.4984442994505214,-0.4593044373404574,1.2860909185471097,-0.4680449281032409,-0.0452758421206374,1.1168,1.0649791170439398,1.065975920611878,0.10212874412536621,3.0112836360931396,1
pure_rrt_1773008170,pure_rrt,817,-0.4680546290179384,-0.0449959777380711,1.117154305104111,0.698246581101315,-0.64813092472374,1.3878,1.340626483837582,0.0,20.05824041366577,0.0,0
pure_rrt_1773008170,pure_rrt,818,-0.46805462902706313,-0.044995977736197526,1.1171543051103159,0.37254123701011155,0.2031798586690211,1.0218,0.8816377369857127,0.8818991156650116,0.20543956756591797,2.8102614879608154,1
pure_rrt_1773008170,pure_rrt,819,0.3724891272238587,0.20359268170210415,1.0220770926897562,0.5608653387874356,-0.007007832496427002,1.3724,0.45007145327162545,0.0,0.05251669883728027,0.0,0
pure_rrt_1773008170,pure_rrt,820,0.37247515556282934,0.20360373185399183,1.0220841062938315,0.7984724645555845,-0.07647993718811175,1.3526,0.6075864752654908,0.0,0.2029705047607422,0.0,0
pure_rrt_1773008170,pure_rrt,821,0.37248560426612753,0.20359986719336776,1.0220813022706725,0.021464932023983252,-0.49095042214168094,1.4057,0.8676283317206002,0.0,0.052886247634887695,0.0,0
pure_rrt_1773008170,pure_rrt,822,0.3724888076177145,0.20359256718074692,1.0220778618992612,0.05122593666981712,-0.638988574676352,1.193,0.9178056385509005,0.0,20.062770128250122,0.0,0
pure_rrt_1773008170,pure_rrt,823,0.3724873192674154,0.20359231073865092,1.0220784928662079,0.9143161245786253,-0.4634284518083033,1.3318,0.9134673305132051,1.4608365172443256,0.10138940811157227,5.412737607955933,1
pure_rrt_1773008170,pure_rrt,824,0.9145262972160383,-0.46314282644708116,1.331478954189005,-0.1011994109438692,0.0013795649036320023,1.4104,1.1196911617740992,0.0,0.05234503746032715,0.0,0
pure_rrt_1773008170,pure_rrt,825,0.9144928162357516,-0.4631260322321893,1.3314713738555841,0.4119662907700534,-0.6411791493821326,1.4904,0.5563219657101363,0.0,0.10191869735717773,0.0,0
pure_rrt_1773008170,pure_rrt,826,0.9144967801440282,-0.46313668123961693,1.3314780532616353,-0.013858034678332576,0.627128554262654,1.2477,1.4344126701047337,1.829464783358846,0.15192627906799316,5.614347696304321,1
pure_rrt_1773008170,pure_rrt,827,-0.015387102178664958,0.6273682967098059,1.2474192702492108,-0.4367393520567793,-0.26138478589081365,1.0185,1.0098632544066963,1.3117363986620314,0.1016988754272461,3.110734701156616,1
pure_rrt_1773008170,pure_rrt,828,-0.43760063227747037,-0.2611973962071066,1.0182508093339857,-0.1405039367361356,-0.10513627387830493,1.2511,0.4084608500186079,0.0,0.05141329765319824,0.0,0
pure_rrt_1773008170,pure_rrt,829,-0.4376006322764028,-0.2611973962041533,1.0182508093257598,0.5317735286641838,-0.7315083011011984,1.2951,1.1124405986574408,1.1722401583772026,0.10153317451477051,3.809462308883667,1
pure_rrt_1773008170,pure_rrt,830,0.532920648551886,-0.7309812782629549,1.294025733480581,0.08626692773225886,-0.7356992844316926,1.4349,0.4683666991488721,0.46882805390638466,0.10148382186889648,2.10683012008667,1
pure_rrt_1773008170,pure_rrt,831,0.0857907646964064,-0.7351727399848127,1.4345512026081764,0.21396678105324107,-0.6516793903834021,1.4371,0.15299257160043914,0.15445231686782573,0.10118293762207031,2.006953477859497,1
pure_rrt_1773008170,pure_rrt,832,0.2140601617953437,-0.6508270603337333,1.4363397728071141,0.6768446747270751,0.28990036755188486,1.2202,1.0704457017405702,1.326811833152154,0.10132932662963867,2.907155990600586,1
pure_rrt_1773008170,pure_rrt,833,0.6756768230703935,0.2899741473083051,1.2201089759834356,-0.5948768049404534,0.17917036842369227,1.263,1.2760970335393094,0.0,0.05158424377441406,0.0,0
pure_rrt_1773008170,pure_rrt,834,0.6756768230653195,0.28997414725826687,1.22010897595738,-0.5362958460074426,-0.4751040753370026,1.2285,1.433280449372479,0.0,0.10140275955200195,0.0,0
pure_rrt_1773008170,pure_rrt,835,0.6756768230422749,0.28997414718304815,1.2201089760440291,0.92710886460404,0.29947485127922724,1.3612,0.2884701231378817,0.0,0.05139756202697754,0.0,0
pure_rrt_1773008170,pure_rrt,836,0.6756768230615627,0.289974147276294,1.2201089760123272,0.8892515452490997,0.052280480699406384,1.205,0.3199073650986943,0.0,20.03761863708496,0.0,0
pure_rrt_1773008170,pure_rrt,837,0.6756768230552866,0.289974147230234,1.220108976001466,0.06631185827011554,0.2413296318304281,1.3274,0.6206474949734098,0.0,0.05116534233093262,0.0,0
pure_rrt_1773008170,pure_rrt,838,0.6756768230552856,0.28997414723023707,1.2201089760014698,-0.2509952660992084,-0.4111781371378468,1.0772,1.170794030610989,1.2371863205992806,0.1012728214263916,3.712130546569824,1
pure_rrt_1773008170,pure_rrt,839,-0.25170996990921424,-0.41098392718995463,1.0772307346574146,0.9263359345171644,-0.046300045381000965,1.2347,1.243214806907698,2.5984171664877596,0.15158414840698242,8.922017097473145,1
pure_rrt_1773008170,pure_rrt,840,0.9267403400399193,-0.04666135039211716,1.2342306257486406,0.5067814796633678,-0.21703449766440308,1.4846,0.5177617958900146,0.519025082252663,0.15291285514831543,3.2105584144592285,1
pure_rrt_1773008170,pure_rrt,841,0.5064867393061324,-0.2174014725232832,1.4856825604804988,0.7051505549729924,-0.3693461418390514,1.1693,0.4033018953153962,0.7456354886918812,0.16040563583374023,3.3695292472839355,1
pure_rrt_1773008170,pure_rrt,842,0.7038615038073605,-0.3693487047824385,1.1689017610594705,0.9882337262704779,0.1313782628268565,1.3464,0.6025783615653668,0.0,0.05300426483154297,0.0,0
pure_rrt_1773008170,pure_rrt,843,0.7038615037974953,-0.3693487047971292,1.168901761053859,-0.4945835083880026,0.21143667751998207,1.3249,1.3408644816310964,0.0,0.056281089782714844,0.0,0
pure_rrt_1773008170,pure_rrt,844,0.7038615037940439,-0.369348704801706,1.1689017610518833,-0.34849337663394175,0.16654533014677553,1.4259,1.2085864908546669,0.0,0.15395307540893555,0.0,0
pure_rrt_1773008170,pure_rrt,845,0.7038615037924167,-0.36934870480331583,1.1689017610509653,0.6350073379048093,-0.4850694145788456,1.4262,0.290404136673886,0.30069164421598443,0.15651202201843262,3.3089983463287354,1
pure_rrt_1773008170,pure_rrt,846,0.6342746637140113,-0.48509253532410035,1.4264820279952959,-0.14293582225959567,-0.1489562849218008,1.4297,0.8467904544134108,0.0,0.052152395248413086,0.0,0
pure_rrt_1773008170,pure_rrt,847,0.63427983592638,-0.48509626649650717,1.426490107932863,-0.8062533675208123,0.4650012515541143,1.19,1.741765993234992,2.7539727930207047,0.45276594161987305,8.819340944290161,1
pure_rrt_1773008170,pure_rrt,848,-0.8060282991492164,0.46526513190176116,1.1893182453526976,-0.7957429864496395,0.17324831565397425,1.1583,0.2938396504449016,0.2965530577812062,0.10108208656311035,2.8084604740142822,1
pure_rrt_1773008170,pure_rrt,849,-0.7950584721013075,0.17244911931543094,1.1577549868441528,0.887250250467259,-0.2960506903709585,1.3594,1.7579292992145865,0.0,0.10128521919250488,0.0,0
pure_rrt_1773008170,pure_rrt,850,-0.7950584721012989,0.17244911931545093,1.1577549868441444,0.762973846293665,0.4178532318156848,1.3797,1.5927797940895554,0.0,0.051152706146240234,0.0,0
pure_rrt_1773008170,pure_rrt,851,-0.7950584721012988,0.17244911931544926,1.1577549868441437,-0.7396987785166769,-0.6125827548070257,1.4362,0.8347882153057706,0.8737007232776094,0.10151171684265137,2.706847667694092,1
pure_rrt_1773008170,pure_rrt,852,-0.7391524247437729,-0.613013530658726,1.4365406515608643,0.6099005136808135,0.365357782858846,1.0179,1.7182590761946857,1.9473812793799907,0.050935983657836914,3.1072351932525635,1
pure_rrt_1773008170,pure_rrt,853,0.6091344064860924,0.364773647228394,1.0176068107488847,-0.3943539662208879,-0.6875579638947726,1.0342,1.454189144457043,0.0,20.02331233024597,0.0,0
pure_rrt_1773008170,pure_rrt,854,0.6091344064896251,0.36477364725889244,1.0176068107412397,-0.8285518876808068,-0.24777353950759806,1.3156,1.5908978211392641,0.0,0.05404067039489746,0.0,0
pure_rrt_1773008170,pure_rrt,855,0.6091344064896248,0.3647736472588924,1.0176068107412397,-0.2530740253850783,0.156065915546997,1.4605,0.9915224023510286,0.0,0.05403947830200195,0.0,0
pure_rrt_1773008170,pure_rrt,856,0.6091344064896248,0.3647736472588926,1.0176068107412402,0.6419484119169989,0.11402299860314857,1.4987,0.5435101687223791,0.0,0.05555462837219238,0.0,0
pure_rrt_1773008170,pure_rrt,857,0.6091344064896246,0.36477364725889233,1.0176068107412397,0.7861711023603526,0.1082289988498808,1.3734,0.47301790857751674,0.0,20.13720679283142,0.0,0
pure_rrt_1773008170,pure_rrt,858,0.6091344064896256,0.3647736472588934,1.0176068107412406,0.8403066952930975,0.06345076001193839,1.217,0.42894493051236365,4.782085033359933,0.8077726364135742,11.126877784729004,1
pure_rrt_1773008170,pure_rrt,859,0.8397780255591926,0.06337102145360127,1.2170961966520257,0.6268391911299018,-0.13528831131014007,1.0492,0.3361511721717709,0.34882045179780274,0.1010894775390625,3.5081660747528076,1
pure_rrt_1773008170,pure_rrt,860,0.6260407251120771,-0.1353010192540182,1.0492890969815818,-0.419368833357705,0.07707447884378149,1.3169,1.0998182088629949,0.0,0.10113739967346191,0.0,0
pure_rrt_1773008170,pure_rrt,861,0.6260407251118449,-0.13530101925550259,1.0492890969806798,-0.19534373879491818,-0.01797116141139099,1.4363,0.915541463913541,0.0,0.051319122314453125,0.0,0
pure_rrt_1773008170,pure_rrt,862,0.6260407251117938,-0.135301019255109,1.049289096980611,1.0715756933942486,0.1494252694180327,1.2218,0.5561748637655196,0.0,0.05205035209655762,0.0,0
pure_rrt_1773008170,pure_rrt,863,0.6260407251117852,-0.1353010192547789,1.0492890969806423,0.302639590136226,-0.6696998521372546,1.347,0.6919553370458482,0.0,20.060405492782593,0.0,0
pure_rrt_1773008170,pure_rrt,864,0.6260407251118041,-0.1353010192546592,1.049289096980718,0.46986765871746305,-0.23032952228764492,1.4517,0.4419897939144018,0.0,0.05460619926452637,0.0,0
pure_rrt_1773008170,pure_rrt,865,0.6260407251118043,-0.13530101925465923,1.0492890969807176,0.11871242239924107,0.20627458378083063,1.023,0.6121658402282263,0.6224243987330732,0.2555961608886719,2.7137725353240967,1
pure_rrt_1773008170,pure_rrt,866,0.11967388377944069,0.2056886463332999,1.0228947298688262,-0.3273787609384131,-0.5283721746245814,1.3981,0.9378061370820695,0.0,0.15232157707214355,0.0,0
pure_rrt_1773008170,pure_rrt,867,0.11967388377937807,0.2056886463334744,1.0228947298685078,-0.5175163876067244,0.2258611860139541,1.1467,0.6494198320182308,0.6494251048936419,0.15247488021850586,2.4141342639923096,1
pure_rrt_1773008170,pure_rrt,868,-0.5175015086175621,0.22556968005214764,1.1465429057414758,0.7866615521044387,-0.5097931391353075,1.1874,1.4977546751542288,1.568275679889418,0.15204071998596191,3.2136926651000977,1
pure_rrt_1773008170,pure_rrt,869,0.786686799977798,-0.5095140083260131,1.1868049196064046,0.33542029665248485,0.2183047686607953,1.0728,0.8639205697588704,0.9541490885298171,0.20212221145629883,2.5136804580688477,1
pure_rrt_1773008170,pure_rrt,870,0.335247998912896,0.21829382276817,1.0729797708323936,1.0315437312129305,-0.0066252016571894945,1.2656,0.7566497651174405,0.0,0.15356969833374023,0.0,0
pure_rrt_1773008170,pure_rrt,871,0.3352479989129272,0.21829382277010434,1.072979770831736,-0.5683843530827866,0.043762337979898924,1.283,0.9439921416072644,0.0,0.40645694732666016,0.0,0
pure_rrt_1773008170,pure_rrt,872,0.335247998912927,0.218293822770103,1.0729797708317395,0.28288417407720745,0.0715624080181434,1.3963,0.358898382297767,0.0,0.15384316444396973,0.0,0
pure_rrt_1773008170,pure_rrt,873,0.33524799891292684,0.21829382277010298,1.0729797708317395,-0.8100838570307366,-0.16133751193350654,1.085,1.2066687600321215,0.0,0.5532925128936768,0.0,0
pure_rrt_1773008170,pure_rrt,874,0.33524799891292667,0.21829382277010362,1.07297977083174,0.873088497177801,0.47012495789672426,1.0395,0.5948211640887674,0.0,0.6598372459411621,0.0,0
pure_rrt_1773008170,pure_rrt,875,0.33524799891292656,0.21829382277010298,1.0729797708317392,0.8374597197532845,0.4744923801203481,1.4354,0.6702258841973765,0.0,0.05275607109069824,0.0,0
pure_rrt_1773008170,pure_rrt,876,0.3352479989129267,0.2182938227701037,1.0729797708317395,-0.3051182540264423,0.35982778917292546,1.3099,0.6973033748222248,0.0,0.05406522750854492,0.0,0
pure_rrt_1773008170,pure_rrt,877,0.3352479989129264,0.21829382277010376,1.07297977083174,0.905579145997627,0.11249435316455625,1.1204,0.5819964117055498,0.0,0.15412545204162598,0.0,0
pure_rrt_1773008170,pure_rrt,878,0.33524799891292667,0.218293822770103,1.07297977083174,0.8065228783924627,-0.6572705497459671,1.4564,1.0657035491089217,6.150708288793664,0.8577172756195068,11.42686128616333,1
pure_rrt_1773008170,pure_rrt,879,0.8050780448147716,-0.6575556148057163,1.4565416802734386,1.0601300905555178,0.3795221485915038,1.0716,1.1352365086541476,1.2957469416241316,0.0510401725769043,4.809335470199585,1
pure_rrt_1773008170,pure_rrt,880,1.06011549947031,0.37906015158508743,1.0713128333856101,-0.7043248905105854,-0.21318890788667988,1.2306,1.867988554485591,0.0,0.05114579200744629,0.0,0
pure_rrt_1773008170,pure_rrt,881,1.0601154994667767,0.3790601515937986,1.0713128333829456,-0.4183970299113334,-0.09844669202062684,1.127,1.554706771630105,1.563013696792123,0.10102605819702148,4.00915002822876,1
pure_rrt_1773008170,pure_rrt,882,-0.41726810616278276,-0.09847395075280764,1.1266795865979875,-0.5410326614154786,-0.5406433756794271,1.1277,0.45916501033979706,0.5269326573584128,0.10152220726013184,2.20668625831604,1
pure_rrt_1773008170,pure_rrt,883,-0.5402751296984327,-0.5401763115520023,1.127765312921114,1.0451032241642717,-0.13879657153813363,1.0047,1.640022954666913,1.6460561341145215,0.05133414268493652,3.610398530960083,1
pure_rrt_1773008170,pure_rrt,884,1.0442256841235076,-0.13827087525682136,1.0045505463955706,-0.2263647344424471,-0.3316472445288514,1.4023,1.3453620552799392,0.0,0.051073312759399414,0.0,0
pure_rrt_1773008170,pure_rrt,885,1.0442256841228608,-0.1382708752613336,1.0045505463950413,-0.3646902130647699,-0.25479066559687824,1.4506,1.4824240223192378,0.0,0.05124378204345703,0.0,0
pure_rrt_1773008170,pure_rrt,886,1.0442256841225213,-0.1382708752617712,1.0045505463947229,-0.45577524558329024,0.3685984817607634,1.3388,1.6182218733666165,0.0,0.051044464111328125,0.0,0
pure_rrt_1773008170,pure_rrt,887,1.044225684122424,-0.13827087526089674,1.004550546394582,0.8407539831228337,-0.5301326224889098,1.079,0.4477712397981844,0.4741736276353273,0.05087924003601074,2.4065158367156982,1
pure_rrt_1773008170,pure_rrt,888,0.8406367690556931,-0.5301076072104847,1.0791498434881506,-0.27360452864594087,0.0311230928008156,1.2209,1.2556299912833115,0.0,0.05159258842468262,0.0,0
pure_rrt_1773008170,pure_rrt,889,0.8406367690547745,-0.5301076072286834,1.0791498434947817,0.2779455855865929,-0.04843096322432694,1.1728,0.7465950101263564,0.0,0.05103707313537598,0.0,0
pure_rrt_1773008170,pure_rrt,890,0.8406367690450011,-0.5301076072579226,1.079149843494144,-0.3306446917999506,-0.07271564632052674,1.2938,1.275610581696949,0.0,0.0513765811920166,0.0,0
pure_rrt_1773008170,pure_rrt,891,0.8406367690412708,-0.5301076072550142,1.0791498434877949,-0.2655894063391301,0.38695178416867704,1.3195,1.4568810782732342,0.0,0.05135488510131836,0.0,0
pure_rrt_1773008170,pure_rrt,892,0.840636769048425,-0.530107607227034,1.0791498434854094,0.03561108262851009,0.2531583488349892,1.2122,1.1310500686840381,0.0,0.051503658294677734,0.0,0
pure_rrt_1773008170,pure_rrt,893,0.840636769055167,-0.5301076072165949,1.0791498434900741,0.6671116841617806,0.4416668858063514,1.125,0.9882099256884875,1.299191216962983,0.05151033401489258,3.1591813564300537,1
pure_rrt_1773008170,pure_rrt,894,0.6669003430338399,0.441386236288542,1.1249587405041797,0.7920942114664942,0.6165058539459877,1.4227,0.367410183293523,0.382114370270961,0.05115461349487305,1.8057513236999512,1
pure_rrt_1773008170,pure_rrt,895,0.7930143565909158,0.6165808696063345,1.4222547162124837,-0.4861799628726349,-0.07057465360334703,1.0996,1.4874901296881085,1.566869859967637,0.10179543495178223,4.017543315887451,1
pure_rrt_1773008170,pure_rrt,896,-0.4857686020110995,-0.07051824852141433,1.0992596986509424,0.08466447108769093,0.4087285985663941,1.1923,0.7508181730643303,0.7797324844019289,0.15364646911621094,2.8199400901794434,1
pure_rrt_1773008170,pure_rrt,897,0.08400299189648638,0.40851383269836244,1.1920404670691447,-0.06671288451368396,-0.2920077127979616,1.2416,0.7182630843994202,0.0,0.05277252197265625,0.0,0
pure_rrt_1773008170,pure_rrt,898,0.08400299174837644,0.408513832550199,1.1920404669682396,-0.6232639807735634,-0.47311999739184807,1.1186,1.1326509977513577,1.5920307055208573,0.10313963890075684,4.321611404418945,1
pure_rrt_1773008170,pure_rrt,899,-0.6225535255168337,-0.47293678674394,1.1186954197708505,0.25223554413935023,0.05297807719350267,1.286,1.0343274061272487,0.0,0.05200076103210449,0.0,0
pure_rrt_1773008170,pure_rrt,900,-0.6225535255110183,-0.47293678674286066,1.1186954197451695,-0.41748342946912026,0.016357955925252132,1.2874,0.5567084738821986,0.5960113016905232,0.10219359397888184,2.813390016555786,1
pure_rrt_1773008170,pure_rrt,901,-0.4175165213080551,0.01612599843139674,1.2874350328012247,-0.5930949370344178,0.041385570737440425,1.4963,0.2740262771797792,0.0,0.05190467834472656,0.0,0
pure_rrt_1773008170,pure_rrt,902,-0.41751652129866335,0.01612599844786021,1.2874350327442232,-0.43951717575865806,-0.49178089046024526,1.1476,0.5272639500094394,0.561904024014106,0.10211324691772461,2.4096031188964844,1
pure_rrt_1773008170,pure_rrt,903,-0.43940129676822814,-0.49217535887399183,1.1484040281645107,0.9645593356553386,0.5896790458242923,1.489,1.8048601126931754,0.0,0.10230469703674316,0.0,0
pure_rrt_1773008170,pure_rrt,904,-0.4393833041205214,-0.49217512504345373,1.1484166236874314,-0.13064538162166994,0.35308412984044624,1.3291,0.9178391990057418,0.0,0.05199551582336426,0.0,0
pure_rrt_1773008170,pure_rrt,905,-0.43939699520033754,-0.4921628823271478,1.148391749214928,0.2305476934596684,0.4181960499555518,1.1372,1.1303559292104144,1.1906683981406856,0.1018378734588623,3.8177437782287598,1
pure_rrt_1773008170,pure_rrt,906,0.23005080404054207,0.4182667534851502,1.1372151929804,0.46041946576550896,-0.44002714203942084,1.283,0.900550576790353,1.0867396393925604,0.10195684432983398,3.10860276222229,1
pure_rrt_1773008170,pure_rrt,907,0.46086842274753037,-0.4397019857891274,1.282615366217252,-0.37815613566886386,-0.3812981458842526,1.3429,0.8432125800839191,0.0,0.051587581634521484,0.0,0
pure_rrt_1773008170,pure_rrt,908,0.46087567030369053,-0.4396972282671884,1.2826081460159395,0.697922919780505,0.11894995681459164,1.3723,0.6134514687857693,0.0,0.05140089988708496,0.0,0
pure_rrt_1773008170,pure_rrt,909,0.46086051330029776,-0.4396957305512905,1.2826144030325015,0.035397364472574466,-0.260424561782775,1.0245,0.528942424101958,2.618553386565194,0.15212035179138184,7.116283178329468,1
pure_rrt_1773008170,pure_rrt,910,0.03609955338645504,-0.25994592760622565,1.023554781652802,0.9519059869791033,-0.6879587704243457,1.3032,1.0488555027130222,1.091048212064777,0.10110831260681152,3.5076959133148193,1
pure_rrt_1773008170,pure_rrt,911,0.9517424310965559,-0.6880515275925323,1.303390241084846,-0.4009933324345899,0.5051890742822617,1.2484,1.8046443157900345,3.8260764859681835,0.15121078491210938,10.420073747634888,1
pure_rrt_1773008170,pure_rrt,912,-0.4005781090010525,0.5052006094715127,1.2475605852615486,0.6344609233463696,-0.530727711697232,1.4521,1.4786107186354798,0.0,0.0509946346282959,0.0,0
pure_rrt_1773008170,pure_rrt,913,-0.4005781090046221,0.5052006094562045,1.2475605852601808,0.31007698866347244,0.6303922842661028,1.1431,0.729119768732309,0.7314541420141156,0.051320791244506836,2.0082571506500244,1
pure_rrt_1773008170,pure_rrt,914,0.31024353718896625,0.6308890793653176,1.1431361086517144,0.767210149607161,-0.5084467088086522,1.3994,1.2540238056304702,0.0,0.0510404109954834,0.0,0
pure_rrt_1773008170,pure_rrt,915,0.3102435371883706,0.630889079361376,1.1431361086515102,-0.1983042957815374,-0.041462039250564686,1.3035,0.85813373244824,0.0,0.0513920783996582,0.0,0
pure_rrt_1773008170,pure_rrt,916,0.31024353718781117,0.6308890793598014,1.1431361086518002,0.13753064692900718,-0.054247264284247754,1.1762,0.7073434616610038,0.7403800514818013,0.05107569694519043,3.7101871967315674,1
pure_rrt_1773008170,pure_rrt,917,0.13791774759649544,-0.05429200016960212,1.1757542579871405,0.21939904451824943,-0.14094258539677462,1.3183,0.18565240163881325,0.0,0.15256977081298828,0.0,0
pure_rrt_1773008170,pure_rrt,918,0.13791774759587538,-0.05429200016409423,1.1757542579876143,-0.8235061656840077,-0.12602073286400695,1.3104,0.9734528380785613,0.0,0.15277981758117676,0.0,0
pure_rrt_1773008170,pure_rrt,919,0.13791774759594266,-0.05429200016461336,1.1757542579875708,0.5631538045320006,-0.589671218058742,1.3389,0.7029033676176557,0.7392426604908333,0.1539783477783203,2.210033416748047,1
pure_rrt_1773008170,pure_rrt,920,0.5616134042317946,-0.5894394115201437,1.3392637178055906,-0.5291308281963463,-0.22122140750885777,1.3605,1.1514158496107088,0.0,0.052492618560791016,0.0,0
pure_rrt_1773008170,pure_rrt,921,0.5616134121879228,-0.5894393989692254,1.3392637270001615,0.6150254447363124,-0.5705818281979669,1.3296,0.05746164647725385,0.05679487549320993,0.10636401176452637,1.2080633640289307,1
pure_rrt_1773008170,pure_rrt,922,0.6141306268296212,-0.5703457055360774,1.329397220612474,0.46959318343974576,0.034383856351529074,1.4192,0.6282144974036994,0.0,0.05283975601196289,0.0,0
pure_rrt_1773008170,pure_rrt,923,0.6141306268826217,-0.5703457054503033,1.3293972206705145,-0.7418605957301391,-0.7166803628525785,1.3141,1.3639501577110995,1.3639683748036406,0.10276079177856445,4.314474105834961,1
pure_rrt_1773008170,pure_rrt,924,-0.7416475473302648,-0.7169024074111976,1.3138289305094202,0.6635337107368695,-0.4208992255841788,1.4517,1.442622848660498,0.0,0.05253744125366211,0.0,0
pure_rrt_1773008170,pure_rrt,925,-0.7416475473268829,-0.716902407403454,1.3138289304726363,1.0326777873058903,0.1746505038069177,1.3232,1.9857454025004007,0.0,0.052684783935546875,0.0,0
pure_rrt_1773008170,pure_rrt,926,-0.7416475473266954,-0.7169024074029486,1.3138289304703015,0.3389208774492598,0.1892589564340844,1.1545,1.419204793544114,1.5214060369732805,0.1024630069732666,3.2095448970794678,1
pure_rrt_1773008170,pure_rrt,927,0.33823971880632114,0.18931826949555214,1.15438893295052,1.004274019468291,0.4727909317143101,1.2204,0.7268534246027052,0.7492149763715945,0.10235309600830078,3.008411407470703,1
pure_rrt_1773008170,pure_rrt,928,1.003529653714183,0.47318931075724463,1.2202302051671694,-0.3148370045466379,0.5806570802928562,1.2898,1.324567825162549,1.3244272288635937,0.10351443290710449,3.412602663040161,1
pure_rrt_1773008170,pure_rrt,929,-0.31437618195480926,0.5810246312071902,1.290129083008709,0.5267798941845296,0.11257542926502173,1.3662,0.9658027664271208,0.0,0.05216622352600098,0.0,0
pure_rrt_1773008170,pure_rrt,930,-0.3143818851934329,0.5810311916755581,1.290128694851128,-0.1991757659617821,-0.6345372603514327,1.0451,1.245358652265346,2.0650005779454004,0.1017911434173584,4.314769744873047,1
pure_rrt_1773008170,pure_rrt,931,-0.19805331265394524,-0.6346147938199984,1.0451571590058446,-0.19240755628390915,0.4037016398112324,1.1476,1.0433731003742728,1.4536323359726744,0.05093860626220703,3.9107367992401123,1
pure_rrt_1773008170,pure_rrt,932,-0.19259061081064444,0.403824110424092,1.1471873690537138,-0.1346872976610306,0.5329383923465515,1.3737,0.2670791333074582,0.0,0.0514836311340332,0.0,0
pure_rrt_1773008170,pure_rrt,933,-0.19259061081060666,0.4038241104243264,1.147187369053695,-0.5503482593932534,0.07482243409032596,1.0878,0.4896524254541038,0.5013433632265052,0.05258774757385254,2.307112216949463,1
pure_rrt_1773008170,pure_rrt,934,-0.5495940071810207,0.07481965951758826,1.0878342860941164,0.012388193026387273,-0.05391432247887129,1.0661,0.5769478405043604,0.578605075774456,0.10152578353881836,3.4073314666748047,1
pure_rrt_1773008170,pure_rrt,935,0.011752889518459486,-0.05363909714149084,1.0660166122144212,0.43891281988655684,0.28911738617485494,1.2697,0.5843239986747735,0.0,0.0509798526763916,0.0,0
pure_rrt_1773008170,pure_rrt,936,0.01175288951943998,-0.053639097186960236,1.066016612211209,0.9194410740378249,0.3801183821985944,1.4857,1.0900355669532387,0.0,0.05165743827819824,0.0,0
pure_rrt_1773008170,pure_rrt,937,0.011752889519494547,-0.05363909719512551,1.0660166122107486,-0.859367878880655,-0.4510974411334201,1.2654,0.9780481908528628,0.9821923017928939,0.05088472366333008,2.8081955909729004,1
pure_rrt_1773008170,pure_rrt,938,-0.8587438509754735,-0.45139108913516973,1.265819994783822,-0.07543079406876418,0.4724223844274894,1.4567,1.2261508289960772,0.0,0.050981998443603516,0.0,0
pure_rrt_1773008170,pure_rrt,939,-0.8587438509754736,-0.45139108913516857,1.2658199947838193,-0.25089365234721583,0.20651068670374573,1.4152,0.9080919538145878,0.0,0.05137801170349121,0.0,0
pure_rrt_1773008170,pure_rrt,940,-0.8587438509754729,-0.451391089135169,1.2658199947838191,-0.5070584695375142,-0.27294412893342174,1.1285,0.4175915541409268,0.0,0.1012411117553711,0.0,0
pure_rrt_1773008170,pure_rrt,941,-0.8587438509754723,-0.4513910891351697,1.265819994783819,-0.6353758527370846,0.2667881143205847,1.4123,0.766244753875352,0.0,0.05118966102600098,0.0,0
pure_rrt_1773008170,pure_rrt,942,-0.858743850975473,-0.4513910891351691,1.2658199947838198,0.10376841654405833,-0.33087959612637086,1.2409,0.9703473044291023,0.0,0.20142197608947754,0.0,0
pure_rrt_1773008170,pure_rrt,943,-0.8587438509754728,-0.4513910891351689,1.2658199947838193,-0.5471482413656623,-0.5828148555604726,1.4032,0.3650168436424818,0.0,0.10123133659362793,0.0,0
pure_rrt_1773008170,pure_rrt,944,-0.8587438509754729,-0.451391089135169,1.2658199947838193,-0.19127586524266726,0.2641421473238844,1.3733,0.9844050365459568,0.0,0.05127096176147461,0.0,0
pure_rrt_1773008170,pure_rrt,945,-0.8587438509754728,-0.4513910891351689,1.2658199947838191,0.7541843762868972,0.03551562573610623,1.1694,1.6875759036797664,6.715695187686315,0.8531966209411621,15.434300899505615,1
pure_rrt_1773008170,pure_rrt,946,0.7542693063048485,0.03561177014273044,1.1695319478630604,-0.08115376894869519,-0.29398407415141387,1.0576,0.9050380633953893,0.9046219634547052,0.15310096740722656,2.814453363418579,1
pure_rrt_1773008170,pure_rrt,947,-0.08008658354989151,-0.29408574490961226,1.0577319231513413,0.7145437481994692,-0.599479492130392,1.4814,0.9508929194805741,0.9577883215828197,0.30230116844177246,3.3094611167907715,1
pure_rrt_1773008170,pure_rrt,948,0.7151056525217884,-0.5997143758327812,1.4817651997440016,-0.6377185727009411,0.6043007439814342,1.0704,1.8571502687319463,0.0,1.4049079418182373,0.0,0
pure_rrt_1773008170,pure_rrt,949,0.7151056515720752,-0.5997143855988354,1.4817652024883,0.3059875061727848,0.272202814380787,1.4833,0.9631301138053266,0.0,0.05246162414550781,0.0,0
pure_rrt_1773008170,pure_rrt,950,0.7151056515676265,-0.5997143856020827,1.4817652024811268,0.18200249813578262,-0.6011138778056835,1.4301,0.5356026735601866,0.5356366640553255,0.2532675266265869,2.307126045227051,1
pure_rrt_1773008170,pure_rrt,951,0.18204388968240143,-0.6009296428012549,1.4294874803185622,-0.28561921001666246,0.5462458111669083,1.3621,1.240669726200685,1.7532130354683135,0.252025842666626,4.810885667800903,1
pure_rrt_1773008170,pure_rrt,952,-0.2849138617344278,0.5457491058131281,1.3613989665899582,-0.35833239720027954,0.5894002714644205,1.49,0.15438241935789773,0.0,0.10108280181884766,0.0,0
pure_rrt_1773008170,pure_rrt,953,-0.28491386173436273,0.5457491058130339,1.3613989665892268,-0.7732072375467419,-0.670500535700906,1.4836,1.3162927880649113,1.8302846409727977,0.15160560607910156,3.91223406791687,1
pure_rrt_1773008170,pure_rrt,954,-0.7740052717510579,-0.6705099936628283,1.4833241322864996,-0.4240341371964385,0.10059520089086971,1.4023,0.8506749826472647,0.0,0.05100226402282715,0.0,0
pure_rrt_1773008170,pure_rrt,955,-0.7740052717510212,-0.6705099936626514,1.483324132285394,-0.16104826348030776,0.3885607593646395,1.1829,1.2600007195098772,0.0,20.06607723236084,0.0,0
pure_rrt_1773008170,pure_rrt,956,-0.7740052717510107,-0.6705099936626417,1.4833241322853197,-0.17767652529799915,-0.24484283952780406,1.3953,0.7379354631809312,0.0,0.05537009239196777,0.0,0
pure_rrt_1773008170,pure_rrt,957,-0.7740052717510097,-0.6705099936626414,1.4833241322853195,-0.4586443213130312,-0.6266382182633284,1.007,0.5729414810739362,0.0,20.127525806427002,0.0,0
pure_rrt_1773008170,pure_rrt,958,-0.7740052717510068,-0.6705099936626424,1.4833241322853103,0.7936810640185619,-0.43901803108310805,1.2683,1.599207414178221,1.6065064851217659,0.25324392318725586,3.310375928878784,1
pure_rrt_1773008170,pure_rrt,959,0.7937089847703438,-0.4389917852940816,1.2676813542055414,0.7594219965044655,-0.21454438160517242,1.2274,0.23059666537846754,0.0,0.05116629600524902,0.0,0
pure_rrt_1773008170,pure_rrt,960,0.793708984770018,-0.43899178529551713,1.26768135420531,0.9753237690270764,-0.5799834658710686,1.3364,0.23996840652909351,0.239153472406213,0.15147113800048828,1.80458664894104,1
pure_rrt_1773008170,pure_rrt,961,0.9742653249368166,-0.5799225815649817,1.3359789777221969,0.1805760066251012,-0.6981264504821026,1.3362,0.80244310544732,0.8037065677684743,0.1520249843597412,2.407801866531372,1
pure_rrt_1773008170,pure_rrt,962,0.18102434468672002,-0.6978572672364481,1.3359582877997074,-0.5534643146653071,0.1589067952099027,1.2923,1.1293468446451314,0.0,20.05649709701538,0.0,0
pure_rrt_1773008170,pure_rrt,963,0.1810243446915944,-0.6978572672286691,1.3359582878129261,0.5436409939119007,-0.6489490781742929,1.4112,0.3735561008753353,0.3739032166395886,0.5166230201721191,2.6110680103302,1
pure_rrt_1773008170,pure_rrt,964,0.5435965221588104,-0.6487723081619492,1.4108294826933294,0.3415613460333635,0.5464744853862485,1.4701,1.2136499100239282,0.0,0.05288243293762207,0.0,0
pure_rrt_1773008170,pure_rrt,965,0.5435965220583829,-0.6487723082224439,1.41082948241682,-0.1700515817195658,0.013611483351730125,1.0542,1.0369332143850585,1.074390168092681,0.35601258277893066,2.5080182552337646,1
pure_rrt_1773008170,pure_rrt,966,-0.17029156045477506,0.013029972442949692,1.053841117678889,0.7416779313351987,0.09765582162182629,1.1169,0.9180557232240844,0.0,1.2061803340911865,0.0,0
pure_rrt_1773008170,pure_rrt,967,-0.1702915604552398,0.013029972459074432,1.0538411176790767,-0.6631571013015777,-0.25537058288947473,1.0125,0.5627294087535483,0.5626053790738009,0.4040255546569824,2.707948684692383,1
pure_rrt_1773008170,pure_rrt,968,-0.6629692776597411,-0.25526595091803617,1.0127573453998513,0.43147277175779064,-0.6466714161329129,1.4421,1.2390870642502987,1.2419634216987268,0.45267415046691895,4.111129522323608,1
pure_rrt_1773008170,pure_rrt,969,0.4307830138448071,-0.6462628521909017,1.4419875647727438,-0.5621972180620911,0.3937131537389761,1.2807,1.4469186267437641,1.5332306007735976,0.45238566398620605,4.309503078460693,1
pure_rrt_1773008170,pure_rrt,970,-0.5618696512612384,0.39398810806164153,1.2805205417838366,-0.5396203542707609,0.46519971634222335,1.4576,0.19215425806525202,0.0,0.050994157791137695,0.0,0
pure_rrt_1773008170,pure_rrt,971,-0.5618696512611738,0.39398810806163537,1.280520541783811,0.12281088316375799,0.2620622582320812,1.1107,0.7176565198515286,0.7191669849762234,0.10172915458679199,3.0071418285369873,1
pure_rrt_1773008170,pure_rrt,972,0.1223609152604826,0.26191152046929583,1.1105230917653475,0.8834122723603621,0.5407338528661317,1.0316,0.8143524517066192,0.8306178917150164,0.1512925624847412,4.009156227111816,1
pure_rrt_1773008170,pure_rrt,973,0.8829552118993539,0.5413375860922671,1.0321772144059933,0.37530453708959066,-0.18898859000542745,1.4119,0.9670961301895281,0.0,0.05206036567687988,0.0,0
pure_rrt_1773008170,pure_rrt,974,0.8829552119035389,0.5413375860537094,1.0321772144108192,0.46968225717447964,-0.154298840111755,1.4547,0.9128143715240178,0.0,0.051018714904785156,0.0,0
pure_rrt_1773008170,pure_rrt,975,0.882955211898127,0.5413375860606615,1.0321772144215013,-0.5827633394132185,0.4014454291989894,1.1511,1.4771740981141623,1.478391934511553,0.301450252532959,3.5077569484710693,1
pure_rrt_1773008170,pure_rrt,976,-0.5827196025466239,0.4015532896085871,1.1510191210191745,-0.018160018032109093,-0.22219837308370982,1.2041,0.8429776040275232,0.8630738690797143,0.15142226219177246,2.7062079906463623,1
pure_rrt_1773008170,pure_rrt,977,-0.018590817341956944,-0.2219392623856579,1.203838524948409,0.8002288287171355,-0.07795573337207873,1.0699,0.8421023678062526,0.0,0.7526748180389404,0.0,0
pure_rrt_1773008170,pure_rrt,978,-0.01859069596165097,-0.22194015164321226,1.2038310666791925,0.262769641626889,-0.29615981631648564,1.4731,0.39645675255174534,0.0,0.05128669738769531,0.0,0
pure_rrt_1773008170,pure_rrt,979,-0.01858838762424514,-0.22193757293547697,1.2038219688099114,-0.8603567359681372,0.6012594774161212,1.1522,1.1785126913381065,0.0,20.036992073059082,0.0,0
pure_rrt_1773008170,pure_rrt,980,-0.018594774102104084,-0.22194557584648544,1.2038390565686896,0.5706310333011784,-0.267862420784076,1.2463,0.5925355183245556,0.0,0.05136275291442871,0.0,0
pure_rrt_1773008170,pure_rrt,981,-0.018587466189329327,-0.2219591418208819,1.20383331572229,1.0034708769800211,-0.1931083329825506,1.0486,1.0341822896969566,0.0,20.051456451416016,0.0,0
pure_rrt_1773008170,pure_rrt,982,-0.01859263947920875,-0.22194730295010626,1.2038395043782633,1.089838626119011,-0.7075925712977815,1.4436,1.2336759268482698,0.0,1.4133875370025635,0.0,0
pure_rrt_1773008170,pure_rrt,983,-0.0185956007553732,-0.22194317886404488,1.2038393653421342,0.49070629412092326,-0.5775874667437917,1.0678,0.6359072169340185,0.6559370413452993,0.2518501281738281,2.5059914588928223,1
pure_rrt_1773008170,pure_rrt,984,0.48944389192121857,-0.5779737330829611,1.0681779964185338,0.36129724522136497,-0.43704306728488124,1.2268,0.24787891326796194,0.24952819350274882,0.2011423110961914,3.107020616531372,1
pure_rrt_1773008170,pure_rrt,985,0.36114019009891685,-0.4370828389324173,1.2263312595910834,-0.04612264440500946,-0.5228500242582803,1.3352,0.43019928996352086,0.4325436166075849,0.10116124153137207,1.504744291305542,1
pure_rrt_1773008170,pure_rrt,986,-0.04699156718133457,-0.5232523989982224,1.3353164758836957,0.6279348629420425,0.49080342476886163,1.3716,1.2186678767889647,0.0,20.021265268325806,0.0,0
pure_rrt_1773008170,pure_rrt,987,-0.046991567180755395,-0.5232523989907237,1.3353164758832463,-0.6743132927012585,-0.7202019316108105,1.473,0.6717725943520626,0.673862279406703,0.8072078227996826,2.712268114089966,1
pure_rrt_1773008170,pure_rrt,988,-0.6734018777311488,-0.7204162977709649,1.4725489757564567,-0.5498961164188956,-0.4217411673301299,1.2096,0.4166565377772665,0.0,1.1550419330596924,0.0,0
pure_rrt_1773008170,pure_rrt,989,-0.6734018777316311,-0.7204162977698882,1.4725489757399508,1.058836761368229,-0.5568785964440948,1.3711,1.7428962038010596,0.0,20.020153284072876,0.0,0
pure_rrt_1773008170,pure_rrt,990,-0.6734018777316312,-0.7204162977698887,1.4725489757399532,0.9632512475491584,-0.1664319760234425,1.0773,1.772499318492317,0.0,20.05861234664917,0.0,0
pure_rrt_1773008170,pure_rrt,991,-0.6734018777316327,-0.7204162977698886,1.472548975739953,0.26456863454877877,-0.20316212038077197,1.2074,1.1034693223057972,0.0,0.053617238998413086,0.0,0
pure_rrt_1773008170,pure_rrt,992,-0.6734018777316318,-0.7204162977698882,1.4725489757399528,-0.8505983724805575,0.3388490704971011,1.0495,1.1543015871234559,0.0,3.3801727294921875,0.0,0
pure_rrt_1773008170,pure_rrt,993,-0.6734018777316305,-0.720416297769888,1.4725489757399528,0.2931141019886099,-0.19658161456898282,1.2447,1.1227070277345352,0.0,0.052435874938964844,0.0,0
pure_rrt_1773008170,pure_rrt,994,-0.6734018777316325,-0.720416297769888,1.4725489757399537,-0.32747594318464956,0.23176900000708145,1.2041,1.0480393342192122,0.0,20.062512159347534,0.0,0
pure_rrt_1773008170,pure_rrt,995,-0.6734018777316336,-0.7204162977698881,1.4725489757399535,-0.1303010544543799,0.01251940525450601,1.4758,0.9122301344348547,0.0,0.05103182792663574,0.0,0
pure_rrt_1773008170,pure_rrt,996,-0.673401877731634,-0.7204162977698882,1.472548975739954,0.776744535608092,0.363961458569232,1.0164,1.86731669157477,0.0,20.022364854812622,0.0,0
pure_rrt_1773008170,pure_rrt,997,-0.6734018777316335,-0.7204162977698882,1.4725489757399548,0.7468991288066353,0.5353674293126532,1.1853,1.9174878597901452,0.0,2.4125592708587646,0.0,0
pure_rrt_1773008170,pure_rrt,998,-0.6734018777316334,-0.7204162977698885,1.4725489757399552,-0.2041656190928982,0.4533259377985218,1.2217,1.2887120355642654,0.0,2.450953960418701,0.0,0
pure_rrt_1773008170,pure_rrt,999,-0.6734018777316325,-0.720416297769888,1.472548975739955,0.6183922450964319,-0.6725222514998098,1.4753,1.2926845955513389,1.2932600414107025,0.2549126148223877,3.714331865310669,1
pure_rrt_1773008170,pure_rrt,1000,0.6189551636062149,-0.672792964092309,1.4755796636431973,-0.2102168632443001,-0.20085763875179863,1.4277,0.9552704662064196,0.0,0.05138564109802246,0.0,0
