run_id,test_case,move_index,start_x,start_y,start_z,goal_x,goal_y,goal_z,cartesian_distance_m,path_length_m,plan_time_s,execution_time_s,success
pure_rrt_1772962410,pure_rrt,1,0.35459349156928477,0.44089376048142503,1.228945942960313,-0.13066148444452752,0.563281457007225,1.3115,0.5072142666967963,0.5076937924787648,0.05111074447631836,2.5061686038970947,1
pure_rrt_1772962410,pure_rrt,2,-0.1304342306284384,0.5634447869585513,1.3112618624937609,-0.5637710546430907,-0.5286635290580576,1.3115,1.1749389063560756,1.722126227928672,0.10111427307128906,3.8097479343414307,1
pure_rrt_1772962410,pure_rrt,3,-0.47472201074761544,-0.47145109354491344,1.4259110385977012,0.31840995327503974,0.22989172189176654,1.3115,1.0649084199460948,1.276642901647012,0.10114765167236328,3.71004056930542,1
pure_rrt_1772962410,pure_rrt,4,0.19354818290963594,0.3441285713161936,1.4355785885400305,0.7769013140664358,-0.45124606192804856,1.3115,0.9941414280538466,1.2512049213360463,0.05170631408691406,2.9071204662323,1
pure_rrt_1772962410,pure_rrt,5,0.688111744946231,-0.6124719260163152,1.4426937499100885,-0.26999187445419626,-0.021984662937305166,1.3115,1.1330708509983871,1.3373595661633815,0.050920724868774414,2.907180070877075,1
pure_rrt_1772962410,pure_rrt,6,-0.4276554350350962,0.02021633126062901,1.432447924187001,0.33969243733975607,-0.5513354354640945,1.3115,0.9644286285928627,0.9508615231514013,0.05116915702819824,2.1094815731048584,1
pure_rrt_1772962410,pure_rrt,7,0.22683708345146947,-0.6457779106377346,1.4274836677390716,0.030930708718165167,0.33583177095400074,1.3115,1.007665165537631,1.2285101972681998,0.21144318580627441,3.8685319423675537,1
pure_rrt_1772962410,pure_rrt,8,-0.07377072769488202,0.4374063043169113,1.4270382506484935,0.3011656754845682,-0.6791771329227231,1.3115,1.1835053722353497,1.5923979240821984,0.6354537010192871,3.642331838607788,1
pure_rrt_1772962410,pure_rrt,9,0.2593363403610862,-0.8181855548098091,1.42709803370568,-0.744067742703176,0.5607687281860799,1.3115,1.70929739188339,2.2185358096231016,0.25902390480041504,3.839484930038452,1
pure_rrt_1772962410,pure_rrt,10,-0.8023228274841916,0.6803494374623584,1.4255095003203728,-0.2692555094983793,-0.6087985153552286,1.3115,1.399664736971559,1.6547439190666609,0.30782532691955566,4.555762529373169,1
pure_rrt_1772962410,pure_rrt,11,-0.36827835488053673,-0.700820189326012,1.4252481191012172,-0.6311202185376483,-0.06262692550711468,1.3115,0.6995106302792152,0.8073379496435446,0.15494441986083984,4.436604738235474,1
pure_rrt_1772962410,pure_rrt,12,-0.780562555703159,-0.03605039167291747,1.4290111022754641,-0.36009807646876646,0.16730561870237126,1.3115,0.48161489222365006,0.4293349756421432,0.15344715118408203,2.9144821166992188,1
pure_rrt_1772962410,pure_rrt,13,-0.49626268874913604,0.27819670962077087,1.4388189322660097,0.21057977365838032,-0.48900997810792585,1.3115,1.0509245828656384,1.1015051328960646,0.20735740661621094,2.5125303268432617,1
pure_rrt_1772962410,pure_rrt,14,0.08425997166059829,-0.5951036955677662,1.4342057347767843,0.9890869021802229,0.4864927794875896,1.3115,1.4154926373502785,2.195044306779443,0.15580415725708008,4.023620843887329,1
pure_rrt_1772962410,pure_rrt,15,1.0976760984963911,0.6239603079864647,1.438447410639097,-0.6976078609330956,-0.4737195470360945,1.3115,2.108094211408763,2.6451528628825063,0.05168509483337402,3.8103396892547607,1
pure_rrt_1772962410,pure_rrt,16,-0.8198720832217423,-0.5394221405488322,1.4259470978742173,-0.10264161183544662,-0.370166430342667,1.3115,0.7457648307169171,0.584909572353773,0.05178999900817871,2.305795907974243,1
pure_rrt_1772962410,pure_rrt,17,-0.24714809813178273,-0.4207951015634245,1.4287940924121671,-0.31618780179961137,0.002664418259433421,1.3115,0.4447947276283083,0.5206522317904996,0.0516357421875,3.9081804752349854,1
pure_rrt_1772962410,pure_rrt,18,-0.4641468413345915,0.04480838217943087,1.429967114617145,-0.7252406242266942,0.6129826508891109,1.3115,0.6364168605044966,0.8003495034179658,0.051447391510009766,3.2080812454223633,1
pure_rrt_1772962410,pure_rrt,19,-0.6917588448477363,0.7686741408804116,1.4313880866536732,-0.86205516386102,0.3774440026969422,1.3115,0.44320989453531984,0.3979719157173997,0.10128617286682129,3.3098840713500977,1
pure_rrt_1772962410,pure_rrt,20,-0.9542194266110627,0.5062557426971003,1.4311248145215787,0.6556578271315445,-0.6412626485173598,1.3115,1.980609332135589,2.26212279071059,0.051358938217163086,3.4112346172332764,1
pure_rrt_1772962410,pure_rrt,21,0.6206547814264797,-0.7905548694549632,1.4295079246322007,0.8376709900854264,0.1134116262610646,1.3115,0.9371111622821585,1.1377313290512316,0.10225820541381836,3.1319801807403564,1
pure_rrt_1772962410,pure_rrt,22,0.9931634970084066,0.09794269642976253,1.430182250063811,-0.25663303835955753,-0.2961981155352495,1.3115,1.3158357936894767,1.2778177178553982,0.27236151695251465,3.7528417110443115,1
pure_rrt_1772962410,pure_rrt,23,-0.1571478066685914,-0.4405754731614127,1.4379458237782041,0.8854556557862792,-0.09417669282748165,1.3115,1.105894498264038,1.2211446844106941,0.26178717613220215,3.572413444519043,1
pure_rrt_1772962410,pure_rrt,24,1.033370154590898,-0.17130625966499385,1.4351328136182788,0.6348759663586907,0.02819486946048788,1.3115,0.4624752871023057,0.2744330081271872,0.2070465087890625,2.617765426635742,1
pure_rrt_1772962410,pure_rrt,25,0.8027890163356569,-0.022757123751152034,1.4376569136738928,0.1630564678351123,-0.15555864077535275,1.3115,0.6654393611762478,1.7034764975872663,0.10425758361816406,3.917090892791748,1
pure_rrt_1772962410,pure_rrt,26,-0.0016575824180682375,-0.15020824862766116,1.433821301137336,-0.8107073539688927,0.13142790507643431,1.3115,0.8653571266428728,1.0088802512035755,0.051091909408569336,3.6106696128845215,1
pure_rrt_1772962410,pure_rrt,27,-0.9465439182284797,0.2021788085201718,1.429242271600129,0.9257967513215164,-0.4004724771494458,1.3115,1.9704596919226056,2.130727369130364,0.1012258529663086,3.1085524559020996,1
pure_rrt_1772962410,pure_rrt,28,0.8912555013033122,-0.585546926018414,1.4464657481177088,-0.4195220359956043,-0.6372296038952384,1.3115,1.3187208213435113,1.3263690363841216,0.05152726173400879,3.8086674213409424,1
pure_rrt_1772962410,pure_rrt,29,-0.41866538043533325,-0.6374180809375102,1.3111929447352542,0.9696607469429799,0.367357401521509,1.3115,1.7137745768901331,3.344933639674234,0.1013174057006836,6.312872409820557,1
pure_rrt_1772962410,pure_rrt,30,1.0162965707859344,0.40688362664192457,1.64888183057447,0.7198780564140448,-0.4866527390905867,1.3115,1.0000488348829184,1.3287268349756587,0.10112619400024414,5.712977409362793,1
pure_rrt_1772962410,pure_rrt,31,0.7839618701400974,-0.514692494323964,1.6539791688620182,0.727346387535172,0.48822944609487984,1.3115,1.0612962416538119,1.3126153961395195,0.05126619338989258,4.812417268753052,1
pure_rrt_1772962410,pure_rrt,32,0.7554104814564895,0.5240599271040283,1.6379263961617827,-0.4212325078418716,-0.1561538984275238,1.3115,1.397760267292078,2.9772810277379564,0.4041728973388672,6.0169782638549805,1
pure_rrt_1772962410,pure_rrt,33,-0.28459949463213985,-0.2777359518047363,1.4416660108176749,-0.85922087728718,-0.04123320625842464,1.3115,0.6348751628686702,1.4499241387639432,0.205552339553833,3.8296444416046143,1
pure_rrt_1772962410,pure_rrt,34,-1.029831445146845,0.00669157721839124,1.4392462449755166,-0.6354268419446407,-0.27911675449141515,1.3115,0.5035479089492634,0.39555853479245956,0.10239934921264648,1.5071280002593994,1
pure_rrt_1772962410,pure_rrt,35,-0.8011986906265773,-0.3140795384216821,1.4354271888800396,0.15524301229535165,0.22294804952197445,1.3115,1.103873774235302,1.0676431548263448,0.10208892822265625,2.7081754207611084,1
pure_rrt_1772962410,pure_rrt,36,0.031213240260160258,0.3422311822441718,1.4360494198588971,1.0345705385752644,-0.3970511255359496,1.3115,1.2525081862670897,1.726919784969138,0.05109095573425293,3.5071091651916504,1
pure_rrt_1772962410,pure_rrt,37,1.0500411842886845,-0.5805460869094152,1.4425284774917686,-0.3084461401438592,-0.692317334334872,1.3115,1.3693608305734266,1.4411240755530927,0.05246424674987793,3.106503963470459,1
pure_rrt_1772962410,pure_rrt,38,-0.3669094056907613,-0.8186323755113263,1.4260701655292694,-0.7709691150225211,-0.36013975813889587,1.3115,0.6217765287622976,0.7018121964134693,0.051250457763671875,2.004751205444336,1
pure_rrt_1772962410,pure_rrt,39,-0.921454507327569,-0.41300476070432235,1.4306691423809221,-0.5858183635151959,-0.07049190737862832,1.3115,0.49413354492723205,0.41224552897421257,0.05095839500427246,1.704509973526001,1
pure_rrt_1772962410,pure_rrt,40,-0.7430573885160958,-0.04373211969041138,1.4319737121211085,0.4591726549584514,0.303465351461658,1.3115,1.2571464022616632,1.960177357516005,0.05083918571472168,3.708008289337158,1
pure_rrt_1772962410,pure_rrt,41,0.6263441064021869,0.35049620570256845,1.4366169617329252,-0.1440538309504401,0.12578821123557826,1.3115,0.8121951235804346,1.3816386201298856,0.05104565620422363,3.607287645339966,1
pure_rrt_1772962410,pure_rrt,42,-0.28698028588860447,0.20777537654235095,1.432595038696328,-0.6940456757521627,0.40470562893961304,1.3115,0.4681322081750893,0.5878403264378854,0.05109596252441406,2.7060320377349854,1
pure_rrt_1772962410,pure_rrt,43,-0.7481325571710473,0.5713807800207794,1.4381854871587858,-0.7921836694384579,0.06888690394064434,1.3115,0.5200863472988817,0.4553106195195406,0.0508122444152832,2.7061820030212402,1
pure_rrt_1772962410,pure_rrt,44,-0.9467180929985075,0.1730586100477698,1.445361566407369,0.14196844154917487,-0.43179480487803323,1.3115,1.2525992747139374,1.177517946014104,0.0510714054107666,2.9076497554779053,1
pure_rrt_1772962410,pure_rrt,45,0.00039377456512712516,-0.516649992440216,1.433822276470067,0.4964385969190874,-0.21162563418306157,1.3115,0.5950319858925068,0.4211846778028239,0.10312628746032715,1.711040735244751,1
pure_rrt_1772962410,pure_rrt,46,0.30689071884622976,-0.2324500375717802,1.4473387332272414,-0.19700649221838762,-0.5870873818154306,1.3115,0.63097718397393,0.6986781070088797,0.10264968872070312,3.7145583629608154,1
pure_rrt_1772962410,pure_rrt,47,-0.19619138280108236,-0.587172428114071,1.3108776227563972,-0.36175969386856155,0.16381807925096203,1.3115,0.769025354026485,1.120959230770239,0.10506629943847656,3.7127010822296143,1
pure_rrt_1772962410,pure_rrt,48,-0.1850704988668005,0.16000193094586318,1.438910349381078,0.1767674463016049,-0.41069495230277936,1.3115,0.6876445507984609,0.8454132582520759,0.15767192840576172,3.715364456176758,1
pure_rrt_1772962410,pure_rrt,49,0.26688895550345926,-0.5297744551876075,1.4273060202724475,0.911628589297721,0.12688140229347022,1.3115,0.9275220454957988,1.041295662456984,0.05188179016113281,2.9068801403045654,1
pure_rrt_1772962410,pure_rrt,50,1.0772473670832103,0.11330909263692562,1.4347265342824516,0.5658441555208145,0.48962949717484106,1.3115,0.6467882732542212,0.6997881764128987,0.05091524124145508,3.707937717437744,1
pure_rrt_1772962410,pure_rrt,51,0.5657707656504795,0.4897772756340809,1.3107303573603264,0.3995067226777984,-0.6273916880968029,1.3115,1.1294736906448735,1.3196949915819323,0.05098676681518555,3.4081292152404785,1
pure_rrt_1772962410,pure_rrt,52,0.3996836704556123,-0.6272464271724919,1.3118075909513363,0.3289423962453073,-0.7303632510787509,1.3115,0.12504999744744233,0.13415888541352178,0.05131411552429199,2.106379747390747,1
pure_rrt_1772962410,pure_rrt,53,0.3290947581322154,-0.730479045891334,1.3116904584843754,-0.8629679408167945,-0.5220497373523568,1.3115,1.2101472187953284,1.210070617652034,0.05118584632873535,3.2076101303100586,1
pure_rrt_1772962410,pure_rrt,54,-0.8626943369720141,-0.5221791848466446,1.3112408179411918,0.41918721633415434,-0.4348539688011908,1.3115,1.2848525507774657,1.2852413503163773,0.1010274887084961,4.108824014663696,1
pure_rrt_1772962410,pure_rrt,55,0.41945140898976074,-0.43526769072822086,1.3112464140750058,-0.2280577982483314,0.2826791906321652,1.3115,0.966807096694593,1.6842043385994245,0.050983428955078125,5.311791658401489,1
pure_rrt_1772962410,pure_rrt,56,-0.2281391147245596,0.2825247997849287,1.3113725728541865,0.43038875253928044,0.037856020982938055,1.3115,0.7025110529530455,0.5880617169783958,0.10151219367980957,3.712480068206787,1
pure_rrt_1772962410,pure_rrt,57,0.2682774846886048,0.1369869454493159,1.4475662056107343,-0.34736890725482017,-0.4077582299971391,1.3115,0.8332357399886594,1.0005075937844272,0.15409088134765625,2.7127420902252197,1
pure_rrt_1772962410,pure_rrt,58,-0.49480098420597396,-0.49043519543849956,1.436132091191344,0.8950362723610386,0.12418447212023931,1.3115,1.524774768169536,2.0587838617304635,0.20361685752868652,3.6177031993865967,1
pure_rrt_1772962410,pure_rrt,59,1.0579979087796805,0.10914486299710532,1.4338064742264427,0.27042349932944365,-0.06628068869288095,1.3115,0.816092181217495,0.685882584840128,0.10382795333862305,2.708730697631836,1
pure_rrt_1772962410,pure_rrt,60,0.412054374802615,-0.12133194899584128,1.4289672039158114,-0.31650917764222386,-0.7095898621231824,1.3115,0.9437429556313396,1.2866593225664957,0.10210871696472168,2.8094334602355957,1
pure_rrt_1772962410,pure_rrt,61,-0.3841425661691592,-0.8174685712161422,1.424545755063538,0.9909889141874761,0.5676978648015553,1.3115,1.9551092006524053,2.8602737216922605,0.1020362377166748,4.616302251815796,1
pure_rrt_1772962410,pure_rrt,62,1.0800368014112367,0.7038038926679973,1.4317226721753156,-0.8423649860397847,0.5325097049955348,1.3115,1.9337589875758108,1.938172298804531,0.15206122398376465,4.516266822814941,1
pure_rrt_1772962410,pure_rrt,63,-0.8411005729597427,0.5325297450284626,1.3114967872258994,1.036894794590899,0.4290349918121529,1.3115,1.8808449602493282,2.0073299736596355,0.20472311973571777,5.311022043228149,1
pure_rrt_1772962410,pure_rrt,64,1.0368887489996348,0.4290300433600893,1.3116277702230932,0.8139528829464104,-0.30754916491527445,1.3115,0.7695773819192536,3.2175993355250228,0.20131397247314453,8.315935373306274,1
pure_rrt_1772962410,pure_rrt,65,0.6562482525425175,-0.2815280658455994,1.6569174530634805,0.9824587623866678,0.21334494063141296,1.3115,0.6860217242575043,3.7888259962374997,0.20190978050231934,6.313248872756958,1
pure_rrt_1772962410,pure_rrt,66,1.1581173956075554,0.2285545840895445,1.4393855447819544,0.3459443233177544,0.6173339900432578,1.3115,0.9094664581008768,1.018537713484606,0.050969839096069336,2.4057302474975586,1
pure_rrt_1772962410,pure_rrt,67,0.370686560959523,0.7728824421470151,1.431279149511915,0.8659534285612076,0.2748160807942769,1.3115,0.712535202718391,0.8689945918363154,0.05094480514526367,4.211617469787598,1
pure_rrt_1772962410,pure_rrt,68,1.0241244876423286,0.3028181305743121,1.4324082925898352,-0.16048853828244525,-0.33960480598058607,1.3115,1.3530092630205666,3.524951417561119,0.2051393985748291,6.5182435512542725,1
pure_rrt_1772962410,pure_rrt,69,-0.03539090888667362,-0.251427275315263,1.6594834852699083,0.8455373354257656,0.5117925192125917,1.3115,1.216401057384911,1.9951257638395228,0.15251636505126953,3.7102034091949463,1
pure_rrt_1772962410,pure_rrt,70,0.7717139900640753,0.45941037468102996,1.4285419690874481,0.7092210447121483,0.15005044088864938,1.3115,0.33661217949244226,3.0851869763378823,0.15204501152038574,6.61687445640564,1
pure_rrt_1772962410,pure_rrt,71,0.7604038309633756,0.17145825553123262,1.6453129147999457,0.8909905874824164,-0.27859465448598975,1.3115,0.5753534434418281,0.8539057110265408,0.20204496383666992,3.9095239639282227,1
pure_rrt_1772962410,pure_rrt,72,0.95288680788286,-0.286919559985213,1.6500794145027093,0.2731512394544169,-0.6936153158032764,1.3115,0.8614394353128731,1.0583730303270142,0.051544189453125,2.8070645332336426,1
pure_rrt_1772962410,pure_rrt,73,0.2616420074686081,-0.7415351800620142,1.6415915679357576,-0.3050752382817403,0.06880490002182083,1.3115,1.0424873741410128,3.1173473356661225,0.20127511024475098,5.712169170379639,1
pure_rrt_1772962410,pure_rrt,74,-0.44874441425235334,0.1275258441270375,1.430928800633301,0.7573943112274426,-0.24809805870092472,1.3115,1.2689078689559954,1.8323028265055104,0.05092883110046387,3.5070245265960693,1
pure_rrt_1772962410,pure_rrt,75,0.8479013172576779,-0.41341769866964395,1.4461170341268068,0.6531272222414466,-0.44646190821933746,1.3115,0.2390619454268157,0.34169340080562066,0.05135488510131836,3.7101526260375977,1
pure_rrt_1772962410,pure_rrt,76,0.6524499894377133,-0.44682249626013715,1.3116161901133414,-0.7705668286438195,-0.012918736225364547,1.3115,1.4876993483279295,8.972101686290246,0.20149517059326172,16.23617386817932,1
pure_rrt_1772962410,pure_rrt,77,-0.689060558676804,-0.034986599681492064,1.4300054294567284,0.5661130234383152,0.5978207571815227,1.3115,1.4106556663305112,1.3896601151802719,0.10210180282592773,3.010927438735962,1
pure_rrt_1772962410,pure_rrt,78,0.5774301141386065,0.510173540428531,1.4287163913713055,0.7030590380315707,-0.37087648676591,1.3115,0.8976477367787101,1.9883689589029259,0.10277676582336426,4.713851690292358,1
pure_rrt_1772962410,pure_rrt,79,0.6387304839383664,-0.30036963638291814,1.427797728738506,-0.8227548265505632,0.579678921767469,1.3115,1.7099561220064197,2.378384280252307,0.10214066505432129,4.514932870864868,1
pure_rrt_1772962410,pure_rrt,80,-0.7786740718354752,0.4810476199929927,1.4247247187182122,-0.06245526417091707,-0.5048936042226579,1.3115,1.2238747137632655,1.3134164057926643,0.10171723365783691,2.9074015617370605,1
pure_rrt_1772962410,pure_rrt,81,0.005308979100637046,-0.4544157103372934,1.4299678124533535,0.2155672494475307,0.23885479778988572,1.3115,0.7340757183531325,0.7257293000738503,0.10176753997802734,2.5086026191711426,1
pure_rrt_1772962410,pure_rrt,82,0.28600431873731014,0.1852726180814711,1.429407493488536,1.0195429862744507,0.27087036353998595,1.3115,0.7478690579376135,1.0444143991219343,0.05170845985412598,3.4074859619140625,1
pure_rrt_1772962410,pure_rrt,83,0.9319188183406141,0.2567683355274169,1.4292174261344572,-0.04135267626812045,-0.4026176204254096,1.3115,1.1814840809513536,1.901234722318088,0.050971269607543945,4.409388065338135,1
pure_rrt_1772962410,pure_rrt,84,0.0498218059434154,-0.36829054196962907,1.4274098369482853,-0.8444721055358239,-0.583516191943497,1.3115,0.92710235185598,0.8366224564436439,0.10112857818603516,3.106823682785034,1
pure_rrt_1772962410,pure_rrt,85,-0.7732453428725069,-0.5173257693886417,1.4271603451629535,0.8225228775098163,0.22382589878815262,1.3115,1.7632808408947866,2.6930803882894465,0.10095381736755371,7.015873908996582,1
pure_rrt_1772962410,pure_rrt,86,0.8815824825037556,0.2545674221819762,1.652284116228818,0.10138266448156175,-0.09244978694750272,1.3115,0.919383768264229,2.3589439820116156,0.10095882415771484,6.714536190032959,1
pure_rrt_1772962410,pure_rrt,87,0.15092803920274478,-0.08728444558850146,1.6429450628702231,-0.08316361642440584,0.10317803472374554,1.3115,0.4482529300986215,1.7815916803109824,0.10113286972045898,6.414032459259033,1
pure_rrt_1772962410,pure_rrt,88,-0.030668742153790007,0.12220983622813109,1.6454927561429196,-0.130517797810334,0.11693152419136088,1.3115,0.3486385745287013,0.06123325984966434,0.05104207992553711,2.3113515377044678,1
pure_rrt_1772962410,pure_rrt,89,-0.09001021912387797,0.13341764375907497,1.6357942117593711,0.43253077786874905,-0.5191280971901155,1.3115,0.8966781882869731,1.9661252766598813,0.20235013961791992,4.8165366649627686,1
pure_rrt_1772962410,pure_rrt,90,0.4812213058900334,-0.5457673782569528,1.6447023000806604,-0.8204545825065056,0.061855648669738694,1.3115,1.4746489867298984,4.04892226482467,0.662574291229248,7.53110146522522,1
pure_rrt_1772962410,pure_rrt,91,-0.9623164559483249,0.1174558566676775,1.4288798246290182,-0.10364720625867363,0.14087801213979334,1.3115,0.8669714533705754,0.7299864065031043,0.10220170021057129,2.510768413543701,1
pure_rrt_1772962410,pure_rrt,92,-0.23877471500855385,0.21416823940180402,1.428385741534581,0.9929832509950729,-0.21249497566173614,1.3115,1.3087900757859672,2.0141109340984262,0.10214924812316895,3.709876298904419,1
pure_rrt_1772962410,pure_rrt,93,1.101951795174319,-0.36389526559736624,1.445494947942881,-0.4849419708476145,-0.6476975725975227,1.3115,1.6176310519312187,1.7240890814904755,0.05122089385986328,3.1071300506591797,1
pure_rrt_1772962410,pure_rrt,94,-0.5486401987819775,-0.7842420117329374,1.428266489229098,-0.6858140517817499,0.1954513066740744,1.3115,0.9961175016457822,1.3109897077016703,0.05114126205444336,3.3099069595336914,1
pure_rrt_1772962410,pure_rrt,95,-0.8181487204911678,0.3039788565736955,1.4365876579522738,0.801542866341459,-0.7110243602989752,1.3115,1.9155362927624857,2.0755454711683825,0.05088376998901367,3.206831932067871,1
pure_rrt_1772962410,pure_rrt,96,0.7629434017210764,-0.8435495856302018,1.426210095936809,-0.6387973116538773,0.2143168652103431,1.3115,1.7598627393796162,2.064540196909233,0.05138516426086426,3.1070315837860107,1
pure_rrt_1772962410,pure_rrt,97,-0.7625269312884508,0.33874711410188424,1.439881663724018,0.5839108088193017,0.360982798348782,1.3115,1.3527271954170752,1.3322670560840029,0.051130056381225586,3.407352924346924,1
pure_rrt_1772962410,pure_rrt,98,0.5520354182639413,0.5445254188269765,1.4449230494043188,0.6147184377521813,0.36559093175322077,1.3115,0.23183705853219064,0.04428695776031867,0.051206111907958984,2.606365919113159,1
pure_rrt_1772962410,pure_rrt,99,0.595730218277386,0.5516408383765917,1.4456286397463072,-0.1356601539587038,0.3237914080595038,1.3115,0.7777131421646816,0.7767525833058909,0.05157208442687988,3.711681604385376,1
pure_rrt_1772962410,pure_rrt,100,-0.179673713740021,0.5060619382698788,1.4455539206717005,0.8283740741528494,-0.1535622063867247,1.3115,1.212119964581526,2.3279408860363056,0.051264047622680664,4.612222671508789,1
pure_rrt_1772962410,pure_rrt,101,0.9613493172176608,-0.284524496062749,1.4445859073159208,-0.6686084919671815,0.4971076937777247,1.3115,1.8125736395091836,2.8722078190668134,0.051404476165771484,4.613804340362549,1
pure_rrt_1772962410,pure_rrt,102,-0.7269971932609213,0.6408484634101245,1.4306713978643364,-0.23866169075732746,0.4874489159537795,1.3115,0.5255519063177193,0.4181800956683127,0.10245347023010254,2.20805287361145,1
pure_rrt_1772962410,pure_rrt,103,-0.3095738957228569,0.616139845119263,1.428293384776084,0.9214670772629805,-0.6175721060958524,1.3115,1.7467534887523135,2.3647875948476003,0.10225081443786621,3.918375015258789,1
pure_rrt_1772962410,pure_rrt,104,0.9272342661935006,-0.7696661829585113,1.4294364154193562,1.0111033652302361,0.0449036582813952,1.3115,0.8273252384115978,0.9116287704820425,0.25212717056274414,2.8075122833251953,1
pure_rrt_1772962410,pure_rrt,105,1.1255049708535134,0.0259403315002599,1.4241697565040337,-0.2918562504944361,-0.2914149146617354,1.3115,1.4568190203584555,2.333535578954531,0.1016230583190918,3.8095803260803223,1
pure_rrt_1772962410,pure_rrt,106,-0.4346903016369382,-0.3173713663295887,1.4271431727929673,0.6959096646646317,0.34193532819971717,1.3115,1.3138930491732934,1.9646850719376954,0.10175156593322754,3.70892333984375,1
pure_rrt_1772962410,pure_rrt,107,0.8502556332804978,0.4554133073278318,1.4481526745917899,-0.758918537647011,0.0120526843128127,1.3115,1.674719113133182,1.9066844348258702,0.051434993743896484,3.107753038406372,1
pure_rrt_1772962410,pure_rrt,108,-0.927143929686041,0.10409036493132495,1.4476116021355816,-0.17748644512178002,-0.5821499194284695,1.3115,1.0253967233599597,1.0621241096828202,0.05098104476928711,3.0068256855010986,1
pure_rrt_1772962410,pure_rrt,109,-0.2796199319692667,-0.6922782462207435,1.4276925619379144,0.3523082014928294,-0.6040574430072863,1.3115,0.6485497570967184,0.5371826484673526,0.05095052719116211,2.106963872909546,1
pure_rrt_1772962410,pure_rrt,110,0.25689305828222697,-0.7189374926241977,1.428865699913204,-0.7287837213861684,0.38623572146494956,1.3115,1.4855104357202311,1.7508744852986127,0.051438093185424805,3.007612466812134,1
pure_rrt_1772962410,pure_rrt,111,-0.8161171240065672,0.5222841518976501,1.431697635551877,-0.7048516506831496,0.6126427808606151,1.3115,0.18706191214197704,0.24307479915513838,0.05108928680419922,3.0109469890594482,1
pure_rrt_1772962410,pure_rrt,112,-0.7382944538086613,0.749681782980129,1.4263873405052867,0.7379687423043702,0.558519545325422,1.3115,1.4930154474456703,1.6170009690060267,0.051081180572509766,3.407200336456299,1
pure_rrt_1772962410,pure_rrt,113,0.8475007409982511,0.6486843325255223,1.4267580459318636,-0.12725350147772496,-0.6282700152560291,1.3115,1.610603196536985,2.860598545045377,0.05113506317138672,4.409114360809326,1
pure_rrt_1772962410,pure_rrt,114,-0.2156340493628034,-0.7445796904869664,1.426877426767243,-0.032191977672493044,0.5023309251201674,1.3115,1.2656022390890531,1.6398945326673535,0.05124855041503906,3.1105568408966064,1
pure_rrt_1772962410,pure_rrt,115,-0.1001598414984467,0.6310146043813829,1.4278303890839867,-0.8504970760709754,-0.09906027790007044,1.3115,1.0533508716228697,1.1661586396167065,0.0516505241394043,3.8184025287628174,1
pure_rrt_1772962410,pure_rrt,116,-1.012218692401733,-0.07683037754230804,1.4330861776924062,-0.6400629788877781,0.14901495510747143,1.3115,0.45198361473245874,0.3908923280749705,0.10263252258300781,3.8169033527374268,1
pure_rrt_1772962410,pure_rrt,117,-0.779133589353951,0.23519177683102888,1.4329450820120586,1.0340259910765421,-0.22792782373443055,1.3115,1.875306997928528,2.342140624867931,0.10277962684631348,3.609764814376831,1
pure_rrt_1772962410,pure_rrt,118,1.1189746409390176,-0.399066808013367,1.448779691398519,-0.4298330480544449,0.5804677691914001,1.3115,1.8376993658091805,2.788997181836011,0.10187935829162598,4.512195587158203,1
pure_rrt_1772962410,pure_rrt,119,-0.44987681034938853,0.7340722982558796,1.4303325442798909,-0.7874570545139581,0.48143063822114984,1.3115,0.438074654842467,0.3936058441531586,0.1019890308380127,1.7076551914215088,1
pure_rrt_1772962410,pure_rrt,120,-0.8323987157762666,0.6416350498384253,1.434029877048337,-0.7267352086944394,0.017995786767414867,1.3115,0.6442858666322465,0.5934225179581616,0.051079750061035156,3.2081995010375977,1
pure_rrt_1772962410,pure_rrt,121,-0.8848836946771368,0.07620910211492504,1.43542167308288,0.37446810078409043,0.21295869866486405,1.3115,1.2728016255283647,1.1659996176462035,0.05115151405334473,3.107288360595703,1
pure_rrt_1772962410,pure_rrt,122,0.25026376982684573,0.340840710238707,1.4397404337186304,0.2851109662315847,0.49519110641461894,1.3115,0.20367616634568175,0.3736427516666653,0.05122661590576172,2.2081966400146484,1
pure_rrt_1772962410,pure_rrt,123,0.3355252324719945,0.6665312474785532,1.4396459881513026,1.0107155614397394,0.48022243906611906,1.3115,0.7120493990608422,0.7913511514600002,0.0509951114654541,3.306720733642578,1
pure_rrt_1772962410,pure_rrt,124,1.1241466405252285,0.6129031434206627,1.4383634093383062,-0.32323049533139503,-0.48452152653955194,1.3115,1.820806361002385,2.4611888693482165,0.10244631767272949,4.609616279602051,1
pure_rrt_1772962410,pure_rrt,125,-0.4505205104715232,-0.5641995635209245,1.4279949850832105,0.2838064136884284,-0.6361926088101109,1.3115,0.7469873570990099,0.8391096683835791,0.10100293159484863,3.5099472999572754,1
pure_rrt_1772962410,pure_rrt,126,0.3032754375159683,-0.7781235192852247,1.4265975810031373,0.5107565171871349,-0.0064035926431784684,1.3115,0.8073707306750053,0.8620723938685668,0.10871028900146484,3.1082985401153564,1
pure_rrt_1772962410,pure_rrt,127,0.6656726926038298,-0.05690367430853656,1.4336199983201454,0.48413718400178873,-0.5195643253401193,1.3115,0.5117844398631928,0.6209076320808934,0.05098843574523926,1.9071569442749023,1
pure_rrt_1772962410,pure_rrt,128,0.5496709162105429,-0.6457875336855617,1.4275172844939181,1.0095034281445934,0.25413860452560666,1.3115,1.0172379286915074,1.0962901975687447,0.05123710632324219,3.7141308784484863,1
pure_rrt_1772962410,pure_rrt,129,1.009549963948375,0.254670840041893,1.311663623098215,0.9756678540076542,0.4469717841735611,1.3115,0.1952630975388957,0.19682192321284342,0.10215258598327637,3.5195984840393066,1
pure_rrt_1772962410,pure_rrt,130,0.9751247157672941,0.4474335309331488,1.3121189581704935,-0.12684960684770574,0.37070027649423853,1.3115,1.1046428305786404,2.239922328478212,0.3533451557159424,4.9182891845703125,1
pure_rrt_1772962410,pure_rrt,131,-0.21692467405613491,0.3935619364209212,1.6621882043985787,0.3045670778279319,-0.21965596298897638,1.3115,0.8780501444360109,2.445846217128159,0.4532029628753662,5.915194988250732,1
pure_rrt_1772962410,pure_rrt,132,0.4325129673910879,-0.3204409306499963,1.4328260473377996,0.7885674927374753,-0.09901559844171082,1.3115,0.43649056407419023,0.5199850663721202,0.10168671607971191,3.3136696815490723,1
pure_rrt_1772962410,pure_rrt,133,0.9276777778920656,-0.162395643973722,1.4292277130189426,-0.7612637656378625,0.4451285449744432,1.3115,1.7987409463374797,1.813348548642108,0.1015934944152832,4.310074090957642,1
pure_rrt_1772962410,pure_rrt,134,-0.7602265897131201,0.4454344032233639,1.3116411476489733,1.1023342110804804,0.020163163498010173,1.3115,1.9104942773829752,0.0,0.051352739334106445,0.0,0
pure_rrt_1772962410,pure_rrt,135,-0.760330629007864,0.44544185843256157,1.3116360701701093,0.8110011283226295,-0.4031437082048464,1.3115,1.7858278119728561,1.9999903895280657,0.10127878189086914,3.7106714248657227,1
pure_rrt_1772962410,pure_rrt,136,0.8930333611124562,-0.4796989718932081,1.4258230531380016,1.0179291360267877,0.08988394773550923,1.3115,0.5942166418092139,0.6268302814839974,0.05097150802612305,3.9094135761260986,1
pure_rrt_1772962410,pure_rrt,137,1.1781712712894554,0.06609293604376618,1.4322277744315026,0.3521301725875494,-0.2508844254228771,1.3115,0.8929690587843404,0.8167804426625742,0.050876617431640625,2.5077197551727295,1
pure_rrt_1772962410,pure_rrt,138,0.4690436083214573,-0.33821526323062756,1.4272998708686213,0.15824986319131829,0.3181654702447686,1.3115,0.7354169085511334,2.3484956585830816,0.05148005485534668,4.6095359325408936,1
pure_rrt_1772962410,pure_rrt,139,0.07287659749617942,0.47686579461639955,1.4408208644207998,0.22087935445103035,0.027728772889620834,1.3115,0.490257856975674,0.4031920616138273,0.05112719535827637,3.411109447479248,1
pure_rrt_1772962410,pure_rrt,140,0.06820996536329382,0.08143344215790993,1.4323562774214524,-0.6073818172108301,-0.7034526027454723,1.3115,1.042629656185708,1.161512112897491,0.05109381675720215,3.1099910736083984,1
pure_rrt_1772962410,pure_rrt,141,-0.6757229423266422,-0.7750127387784238,1.4264644052923863,0.5224861003726611,-0.4503872420867566,1.3115,1.2467170639695777,1.3826258885346514,0.05110573768615723,2.4057445526123047,1
pure_rrt_1772962410,pure_rrt,142,0.6026766519059724,-0.5733906174901456,1.4278118381049532,-0.17813545844532475,0.06754690173826594,1.3115,1.0168563806699888,0.8770780627945474,0.10399842262268066,2.908665895462036,1
pure_rrt_1772962410,pure_rrt,143,-0.01943623103082881,0.038599689683740265,1.4324560769329644,0.9190425324866094,-0.2644969883099853,1.3115,0.9935996972277442,1.0368280625801818,0.051310062408447266,3.708373546600342,1
pure_rrt_1772962410,pure_rrt,144,0.918154316044137,-0.26518406894759294,1.3116605428050576,-0.08705220543924252,0.11174712611309823,1.3115,1.0735535861877545,1.0732543504291163,0.10150551795959473,3.2076191902160645,1
pure_rrt_1772962410,pure_rrt,145,-0.08629753119985017,0.11242041271948033,1.310444798352517,-0.5815003607986469,0.5301313969718934,1.3115,0.6478498454567164,0.6799974539275216,0.1012122631072998,2.2051351070404053,1
pure_rrt_1772962410,pure_rrt,146,-0.5812300930405503,0.5302340255176027,1.3119046049691137,0.03700706886423388,0.6035647584422456,1.3115,0.6225710790395974,0.6211208752607792,0.10113644599914551,2.4086549282073975,1
pure_rrt_1772962410,pure_rrt,147,0.03554469961637852,0.6038388275364586,1.3119168003357897,0.38240049325575054,-0.4130399197987627,1.3115,1.0744075121134287,1.5960826707390714,0.051024675369262695,3.7142951488494873,1
pure_rrt_1772962410,pure_rrt,148,0.4339240573757453,-0.580056923818614,1.4379004731156102,-0.619213147185695,-0.5342856991141075,1.3115,1.0616826532661656,1.1965334368170546,0.10224199295043945,2.911177158355713,1
pure_rrt_1772962410,pure_rrt,149,-0.7319973211819517,-0.6469328885214761,1.4309370786165092,-0.512513672720895,-0.2680531527130119,1.3115,0.4538591652666216,0.3575011295257326,0.10337495803833008,1.7070555686950684,1
pure_rrt_1772962410,pure_rrt,150,-0.678391205927748,-0.29857649925222335,1.4341938935393235,0.4500994377486758,-0.5062324969689606,1.3115,1.1539783090529916,1.3150244680312095,0.1527538299560547,2.9094226360321045,1
pure_rrt_1772962410,pure_rrt,151,0.4815281561845393,-0.6687444875820107,1.4334838857579082,-0.5381707049909699,-0.3602168741700888,1.3115,1.0723129786143992,0.9774589829843069,0.10312867164611816,3.1162912845611572,1
pure_rrt_1772962410,pure_rrt,152,-0.48661807248458977,-0.5346458420515906,1.4422742760966771,-0.6338997034786091,-0.10988997272303469,1.3115,0.4682001053459147,0.8703437177526806,0.10215902328491211,3.4144413471221924,1
pure_rrt_1772962410,pure_rrt,153,-0.8069046037555435,-0.08801404050169546,1.4379904543501145,0.12477303083432634,0.20560249453674795,1.3115,0.9850044261243981,1.8560069734511067,0.10238957405090332,4.014924049377441,1
pure_rrt_1772962410,pure_rrt,154,0.3017100324837212,0.21824947838392691,1.4395946856047481,0.37149857197097913,-0.63066309010225,1.3115,0.8613543043705894,2.8586258647237393,0.05096745491027832,5.111084938049316,1
pure_rrt_1772962410,pure_rrt,155,0.30626421117775376,-0.7698744126479943,1.4300459974987954,-0.75194348356766,-0.362570111445742,1.3115,1.1400673105212877,1.2639168195421133,0.05094265937805176,2.5092549324035645,1
pure_rrt_1772962410,pure_rrt,156,-0.8979474763547678,-0.41260282687265876,1.4298846703835408,-0.5072793396356601,-0.45535402973536,1.3115,0.41044389211633653,0.28342462231341164,0.05096173286437988,2.8073675632476807,1
pure_rrt_1772962410,pure_rrt,157,-0.6381512608605282,-0.5257755919983873,1.4279200353748935,0.3523809571730465,-0.23611265923113267,1.3115,1.0385626193054185,1.2759226265479475,0.051347970962524414,2.808772087097168,1
pure_rrt_1772962410,pure_rrt,158,0.45810619252424367,-0.38740253999765245,1.4439369483192899,-0.800293891870835,-0.39615163847131546,1.3115,1.265380126448084,1.3268419405386227,0.1011655330657959,2.858928680419922,1
pure_rrt_1772962410,pure_rrt,159,-0.8489793872408993,-0.5794384376934487,1.4467414749013154,0.14114469027325027,-0.011876071245456199,1.3115,1.149244528033427,1.3293149771584853,0.051366329193115234,2.908959150314331,1
pure_rrt_1772962410,pure_rrt,160,0.29271440986188446,-0.059206068025456936,1.430610775163739,0.18264742211385587,-0.4098455280058814,1.3115,0.386329068861502,0.4327772477043933,0.05114865303039551,2.608065128326416,1
pure_rrt_1772962410,pure_rrt,161,0.2336757101414524,-0.45373276185638933,1.4375207697713601,-0.8332188860045463,-0.300463226488713,1.3115,1.0851897825593104,1.743969288323439,0.10117316246032715,4.409038305282593,1
pure_rrt_1772962410,pure_rrt,162,-0.9657835388823633,-0.32501146872465664,1.4260237556548183,-0.6356314547342441,0.48058448373661566,1.3115,0.8781235265602534,1.606444313851908,0.05197715759277344,3.609501838684082,1
pure_rrt_1772962410,pure_rrt,163,-0.512829264017303,0.601289979254526,1.437410705960445,0.6911373949197446,-0.058140418671475236,1.3115,1.378491084997048,3.78627769927901,0.05118513107299805,6.0127716064453125,1
pure_rrt_1772962410,pure_rrt,164,0.8436296410034877,-0.12577072812034318,1.433266583631604,0.2901190959173825,0.28123383752926945,1.3115,0.6977490529341187,2.3027183992982536,0.3016345500946045,4.515746116638184,1
pure_rrt_1772962410,pure_rrt,165,0.17445059629236848,0.39359310631169225,1.4314234753403317,-0.3105561547069281,-0.24412492474827535,1.3115,0.8101218893423375,0.9329224899829022,0.10264039039611816,2.911296844482422,1
pure_rrt_1772962410,pure_rrt,166,-0.47325702656913904,-0.2645123812926418,1.4326729707745476,-0.16721628927046872,0.6124719518415541,1.3115,0.9367205251810561,1.1777451558563443,0.10260510444641113,2.608973979949951,1
pure_rrt_1772962410,pure_rrt,167,-0.19404943385276718,0.7556305957580852,1.4283445099047343,-0.6712671392663598,-0.5329715427607278,1.3115,1.379088412412471,1.717886141329209,0.10254096984863281,3.316667318344116,1
pure_rrt_1772962410,pure_rrt,168,-0.7818356429870255,-0.6069188501974202,1.426111425127424,-0.503224158330312,-0.35127923821465407,1.3115,0.39510979406622715,0.6379039973571485,0.10492587089538574,3.7147390842437744,1
pure_rrt_1772962410,pure_rrt,169,-0.4238197630784662,-0.5083383292033733,1.4381808936568177,-0.7139767160986251,-0.022321350730470035,1.3115,0.5800444893002287,1.18545601654286,0.10227274894714355,3.910487174987793,1
pure_rrt_1772962410,pure_rrt,170,-0.8774546420849672,0.025614300970723133,1.4369830953453993,-0.6509388959029203,-0.1963464069111509,1.3115,0.34106003332154683,0.23757422265324596,0.10180258750915527,5.010983467102051,1
pure_rrt_1772962410,pure_rrt,171,-0.8260211765622357,-0.20509805441718068,1.4378789074751963,0.7464368446214729,-0.3886415156402526,1.3115,1.5881700345987373,1.5026217014578938,0.05114006996154785,3.2104244232177734,1
pure_rrt_1772962410,pure_rrt,172,0.6303605421699214,-0.5394534642112849,1.4466835641131661,0.9690232104508749,0.02199221500113957,1.3115,0.6694686322747424,0.9395928955823262,0.05100202560424805,3.0093069076538086,1
pure_rrt_1772962410,pure_rrt,173,1.1329201236153603,-0.026206384564901555,1.4354979683868114,0.6521349935864189,-0.4860018894819629,1.3115,0.6767139305222984,1.0994583990200935,0.05116081237792969,3.8122615814208984,1
pure_rrt_1772962410,pure_rrt,174,0.5409199498010548,-0.6220293663347494,1.43875862075714,0.1330837705525898,-0.4099290276616797,1.3115,0.476981822846769,0.41086669538901477,0.05120849609375,2.910977363586426,1
pure_rrt_1772962410,pure_rrt,175,0.14748734596163163,-0.5924371269315578,1.4424798271312624,-0.30093424347781306,0.05562131623466937,1.3115,0.7988850873246837,0.6786191480369378,0.05109596252441406,3.006192684173584,1
pure_rrt_1772962410,pure_rrt,176,-0.1259502725242031,0.009713335176713092,1.440538984118424,0.1825922553172432,-0.6717944604059854,1.3115,0.7591458531462144,0.9325380218582446,0.05092930793762207,5.1127541065216064,1
pure_rrt_1772962410,pure_rrt,177,0.1988907550616304,-0.8061614822413057,1.4256361181238804,-0.7473908085229743,0.6172053593037848,1.3115,1.7130233555473082,2.5598885561581057,0.05106091499328613,3.8079705238342285,1
pure_rrt_1772962410,pure_rrt,178,-0.797302126387901,0.725688961335567,1.4246708312530936,-0.36830222225822007,0.19338474033567887,1.3115,0.6929620036366275,0.5384414306434675,0.05115509033203125,2.9142215251922607,1
pure_rrt_1772962410,pure_rrt,179,-0.49752171885657837,0.28292397076335574,1.4304139217500822,0.06166400570641384,-0.17713058396165293,1.3115,0.7338115484674858,0.6104380609555207,0.1024022102355957,2.6188180446624756,1
pure_rrt_1772962410,pure_rrt,180,-0.1026371071951081,-0.17776953162398137,1.4333085238056682,0.7732876662352792,0.5829469752557884,1.3115,1.1665209509563685,1.766947119722813,0.15561771392822266,5.023277521133423,1
pure_rrt_1772962410,pure_rrt,181,0.8767795013329389,0.6842688469418321,1.426464665979573,0.986790785419297,-0.49398576708838293,1.3115,1.1889505004555974,2.9900560682278146,0.10216593742370605,4.911033391952515,1
pure_rrt_1772962410,pure_rrt,182,0.9816551987913115,-0.6682567371618142,1.4382388503732642,0.2656057103225853,0.413672739265866,1.3115,1.303595411963902,1.9032089423779648,0.051116228103637695,3.6103453636169434,1
pure_rrt_1772962410,pure_rrt,183,0.17551326184409966,0.5242034005501428,1.4258344036348989,-0.47337465166537035,-0.518136734502522,1.3115,1.2331264482180362,1.4125507815991798,0.10127544403076172,2.7079105377197266,1
pure_rrt_1772962410,pure_rrt,184,-0.588785080654112,-0.5905268743757399,1.4265170544288206,0.44542089141986874,-0.02430810636723002,1.3115,1.1846580134064195,1.6756360357978102,0.05167722702026367,3.3086841106414795,1
pure_rrt_1772962410,pure_rrt,185,0.607565896490587,-0.09055514275759488,1.4373042240859846,-0.09517379708833662,0.379007629833947,1.3115,0.8544934037973214,2.5274234750674673,0.05121755599975586,4.710774660110474,1
pure_rrt_1772962410,pure_rrt,186,-0.1904933951222062,0.4993990253330865,1.4292211001346855,0.04403133519715996,-0.32890680089846874,1.3115,0.8688789606829201,0.917137747561979,0.051050424575805664,2.307805299758911,1
pure_rrt_1772962410,pure_rrt,187,-0.0995326155174,-0.3654794786156109,1.4272684396502364,-0.4127544382190081,0.4930154636792571,1.3115,0.9211535202024888,1.0974200653665944,0.051251888275146484,2.609651803970337,1
pure_rrt_1772962410,pure_rrt,188,-0.48587506397224267,0.6045288232318894,1.4249088957455993,0.9236277239317321,0.1147030063858252,1.3115,1.4964922377320329,3.3889270607900817,0.05124473571777344,5.0116589069366455,1
pure_rrt_1772962410,pure_rrt,189,1.0835453236893589,0.09801452715189488,1.431485362441676,0.37111736118755023,-0.2828396854611636,1.3115,0.8167006919428019,0.7765182462888316,0.05103445053100586,2.108931064605713,1
pure_rrt_1772962410,pure_rrt,190,0.4864296636312688,-0.3927146893961324,1.431596977145214,0.3559842022503137,-0.010024459624534132,1.3115,0.4217714004966991,0.32804980495988045,0.05161285400390625,1.403573751449585,1
pure_rrt_1772962410,pure_rrt,191,0.5183176719046589,-0.06944436412139529,1.4367805057250411,-0.5723803883696872,-0.3146938788489167,1.3115,1.1249287925353444,1.1147800326412782,0.05119681358337402,2.5103824138641357,1
pure_rrt_1772962410,pure_rrt,192,-0.5067699443649563,-0.4886745486630971,1.4441442333467034,-0.8065387143536853,0.04002842701318898,1.3115,0.6220792912399912,1.2197652637109606,0.05098581314086914,3.716491937637329,1
pure_rrt_1772962410,pure_rrt,193,-0.9537080909906283,0.09156952009659301,1.4298276662904936,-0.19499397404507146,0.3854075366193458,1.3115,0.8221857015396558,0.7850854700195128,0.10482549667358398,2.107893228530884,1
pure_rrt_1772962410,pure_rrt,194,-0.2895533733736956,0.506025743585873,1.4295380250805172,-0.6203174712580108,-0.19712726277005532,1.3115,0.785978380212531,0.8849098282077015,0.10309171676635742,5.122721195220947,1
pure_rrt_1772962410,pure_rrt,195,-0.7852986354853257,-0.20436608494448774,1.433387533410444,-0.41862373464890457,0.2493750289720732,1.3115,0.5959765533664247,1.7243127257787205,0.1027672290802002,4.11683464050293,1
pure_rrt_1772962410,pure_rrt,196,-0.24587930657176216,0.2767447502979789,1.4384648857039422,0.5024058169337922,0.002703385159597227,1.3115,0.8069382740138464,3.7402354193690317,0.1520085334777832,5.913034439086914,1
pure_rrt_1772962410,pure_rrt,197,0.5498314745516047,0.014642687513507502,1.6405952392891778,-0.5130733252995743,0.5052110712724055,1.3115,1.2160294524448385,1.4163927455054026,0.10151553153991699,4.109219551086426,1
pure_rrt_1772962410,pure_rrt,198,-0.504481570323656,0.5255983744884852,1.6131161932774287,0.04269550282267098,0.5585673086266344,1.3115,0.625669264102332,0.5570343076316091,0.05124688148498535,2.309856414794922,1
pure_rrt_1772962410,pure_rrt,199,0.049674706615669084,0.5818622967719859,1.61706412052934,0.1296713615490115,0.09713811948720619,1.3115,0.5785554637195985,0.5065999959182559,0.10104846954345703,3.9609158039093018,1
pure_rrt_1772962410,pure_rrt,200,0.16086613874556954,0.11001334664008286,1.6285578337500817,0.9744584358825197,0.03349299425157315,1.3115,0.8765349167218243,0.8559861542088699,0.10195231437683105,2.708327293395996,1
pure_rrt_1772962410,pure_rrt,201,1.0143807774025997,0.045538878767725596,1.6359080251981681,0.5287469732091561,-0.5334113550358048,1.3115,0.8223528025181975,0.9082170754877762,0.10111474990844727,3.8083906173706055,1
pure_rrt_1772962410,pure_rrt,202,0.5601145812295204,-0.5548283554714745,1.6321499072558587,-0.032373009478670944,0.26887437974836936,1.3115,1.0641165839206905,2.6905474630568063,0.4017345905303955,8.919304370880127,1
pure_rrt_1772962410,pure_rrt,203,-0.12539860761070076,0.327537617910048,1.425599205501879,0.020563634122989782,-0.5874109250148023,1.3115,0.9335172418913272,1.5826127669187802,0.05116605758666992,3.9089505672454834,1
pure_rrt_1772962410,pure_rrt,204,0.050126606884591474,-0.734765594831154,1.42951869913747,-0.6259185658551252,0.5222367467162697,1.3115,1.432138392609625,2.3277418177941303,0.05169057846069336,3.9119694232940674,1
pure_rrt_1772962410,pure_rrt,205,-0.6877421012550441,0.6513437435462115,1.4271825286401327,0.29890791364644986,-0.19477028488244097,1.3115,1.3049021604861628,1.2007892294672102,0.05097460746765137,3.309760093688965,1
pure_rrt_1772962410,pure_rrt,206,0.12991503521738013,-0.20200458651275272,1.4354570472178128,0.7182555351212587,-0.7366356003916756,1.3115,0.8045745548942683,0.9034290063443553,0.05101585388183594,2.309299945831299,1
pure_rrt_1772962410,pure_rrt,207,0.6696831581806635,-0.8563741285836795,1.4258799166664153,0.19211808502296313,0.5208816169511331,1.3115,1.4621848559759427,1.9403332063727226,0.05123090744018555,3.3086135387420654,1
pure_rrt_1772962410,pure_rrt,208,0.12382605449550921,0.6297036724275634,1.4249695937645674,0.5887274737535213,-0.12165254921740487,1.3115,0.8908113437433386,2.3511672556269225,0.10230755805969238,4.421379804611206,1
pure_rrt_1772962410,pure_rrt,209,0.7221562570674589,-0.25818253095001203,1.448702664841539,-0.5938213856072367,-0.5006442805404492,1.3115,1.3451429021757222,1.3814413782493729,0.10331273078918457,3.120171546936035,1
pure_rrt_1772962410,pure_rrt,210,-0.5917953370986306,-0.6730838733280069,1.4368167940857608,0.9402245759169743,-0.24507078261374604,1.3115,1.595614150908373,1.6948187001438724,0.10201311111450195,3.1099319458007812,1
pure_rrt_1772962410,pure_rrt,211,1.0451645287023914,-0.31243808847497434,1.425839670732764,-0.8470467870419227,0.16870034915096044,1.3115,1.9557687541974975,2.885679534314467,0.10207128524780273,4.117399454116821,1
pure_rrt_1772962410,pure_rrt,212,-0.971993747763403,0.23745385461259852,1.42689916863719,-0.5783504735933301,-0.1733064539990693,1.3115,0.5805135886025772,0.47825709754133255,0.15191245079040527,5.515863418579102,1
pure_rrt_1772962410,pure_rrt,213,-0.7352838458687234,-0.17341762944762573,1.4310180292262715,0.12235051047652279,0.07505901379774027,1.3115,0.900867299180263,0.7762511665967096,0.051000118255615234,2.5093185901641846,1
pure_rrt_1772962410,pure_rrt,214,-0.025051543006107013,0.1393299547164867,1.4313634079572957,-0.456967114484549,0.4909265936915409,1.3115,0.5696828012071637,0.6831452322946988,0.05108833312988281,3.3128116130828857,1
pure_rrt_1772962410,pure_rrt,215,-0.458680874519636,0.6647793243291102,1.4385058018694328,-0.8005585583250759,-0.09438001741886093,1.3115,0.8422195263444578,0.9722441233714135,0.051115989685058594,3.1102712154388428,1
pure_rrt_1772962410,pure_rrt,216,-0.9720758264415873,-0.06775925198828249,1.4373594180086764,0.664095736289511,-0.12018114105621003,1.3115,1.641842267163584,2.162437634115254,0.051084041595458984,3.7106285095214844,1
pure_rrt_1772962410,pure_rrt,217,0.8097513115399,-0.2316375809341176,1.4423030288137924,-0.07868761334510388,0.025945815217491397,1.3115,0.9342282170704759,1.8125309678376718,0.051116943359375,3.910337209701538,1
pure_rrt_1772962410,pure_rrt,218,-0.23215200199572383,0.07933464593434314,1.4320855273156012,0.8350591008487913,0.5569626449716115,1.3115,1.1754186117706886,1.3834529281869072,0.05127406120300293,3.010073184967041,1
pure_rrt_1772962410,pure_rrt,219,0.8909834250048538,0.7164143546278554,1.4355128284679308,0.40340709469972924,-0.1813992489112155,1.3115,1.0291642853297236,1.3287045830646016,0.0511775016784668,3.408806800842285,1
pure_rrt_1772962410,pure_rrt,220,0.21955151743708934,-0.18421155219876295,1.4426686590756161,0.5460569575755418,0.1623614961845481,1.3115,0.4938865228262466,1.645461499463629,0.051558732986450195,4.310999393463135,1
pure_rrt_1772962410,pure_rrt,221,0.7158570701295055,0.15823573468636187,1.4357587738390323,-0.4150097531624425,0.18018062970465287,1.3115,1.1378847012398776,2.6548598256108673,0.10127973556518555,4.8119895458221436,1
pure_rrt_1772962410,pure_rrt,222,-0.5496107114850305,0.27889432035823053,1.434323728315852,0.7124336812096612,-0.4976796343373456,1.3115,1.4869125140643098,1.5682495049468053,0.05132174491882324,2.710145950317383,1
pure_rrt_1772962410,pure_rrt,223,0.6159865000041527,-0.6454599426133705,1.438818636941241,-0.6759071595509779,-0.40888140956675006,1.3115,1.3195335028750932,1.7547311771338627,0.15120744705200195,6.717217206954956,1
pure_rrt_1772962410,pure_rrt,224,-0.6755478624136881,-0.40919898230067847,1.3112385789256404,0.7724957715717773,-0.19726983030424305,1.3115,1.4634699859350513,2.5176794736982537,0.25237584114074707,7.72445821762085,1
pure_rrt_1772962410,pure_rrt,225,0.903053292371206,-0.2983165189550876,1.4336599472966132,-0.2919811986226717,0.4885654146480186,1.3115,1.4360409690602394,2.8771036795565874,0.10177755355834961,4.818373680114746,1
pure_rrt_1772962410,pure_rrt,226,-0.33639619451785885,0.646374326323721,1.4327272915930886,-0.46096944230057385,-0.7065447518773718,1.3115,1.3640398023703795,1.8860911094983586,0.10160136222839355,3.4136579036712646,1
pure_rrt_1772962410,pure_rrt,227,-0.5236734454885752,-0.822840704868985,1.424914164572193,-0.03773654072566912,0.48353093101976363,1.3115,1.3984292256638544,1.6953147744711219,0.10162091255187988,3.1119778156280518,1
pure_rrt_1772962410,pure_rrt,228,-0.11428405262989971,0.5873416639708964,1.4252519793771317,-0.35882275493917826,-0.22130263117817528,1.3115,0.8524343293277554,0.9465732932210771,0.050820112228393555,2.505375623703003,1
pure_rrt_1772962410,pure_rrt,229,-0.5156388565487314,-0.2331818830832834,1.430533972550117,0.36406313535698365,-0.18046838988923564,1.3115,0.8892825161604515,0.7028980105754853,0.0512995719909668,2.3104701042175293,1
pure_rrt_1772962410,pure_rrt,230,0.18539860856020884,-0.18314485501284133,1.43901704149095,-0.2893688645879192,0.5601748437660033,1.3115,0.8911727801177141,1.0774510098368015,0.05084085464477539,2.705475091934204,1
pure_rrt_1772962410,pure_rrt,231,-0.32351853851576484,0.7097854277382534,1.4295223597705964,0.8483035282296632,-0.07326953360516819,1.3115,1.4143094802771754,3.1201628175954856,0.051050424575805664,4.960463523864746,1
pure_rrt_1772962410,pure_rrt,232,1.003402325763771,-0.15263737828632534,1.4370765555931007,-0.030226834141979353,-0.7121271703681586,1.3115,1.1820268774295564,1.2872464131377694,0.051258087158203125,2.2056803703308105,1
pure_rrt_1772962410,pure_rrt,233,-0.035664654316512445,-0.845777239999883,1.4249724539611175,0.3825538316954238,-0.38866232021478003,1.3115,0.6298704229761984,0.6325077298590712,0.05100107192993164,2.210381507873535,1
pure_rrt_1772962410,pure_rrt,234,0.4757643729071792,-0.500384160272716,1.427278962502297,1.0780851221544403,-0.020701689516109623,1.3115,0.7786464704107076,0.8646974763621988,0.05116438865661621,3.106919765472412,1
pure_rrt_1772962410,pure_rrt,235,1.2213926640168398,-0.06558865171195671,1.4287836540614638,-0.8365496790829209,0.5132465602141257,1.3115,2.1410119909982885,3.595151276670406,0.10104107856750488,4.9104931354522705,1
pure_rrt_1772962410,pure_rrt,236,-0.9028958284697643,0.6401069653056408,1.426669768492175,-0.3298225525979577,0.018440575456700192,1.3115,0.85331480437222,0.7224750097815023,0.051302433013916016,2.5099973678588867,1
pure_rrt_1772962410,pure_rrt,237,-0.47494657613157065,0.06335771486181649,1.4287460584152698,-0.46387303937048446,-0.7278917314232478,1.3115,0.7999655915579975,0.9894429880189893,0.10155391693115234,2.510193109512329,1
pure_rrt_1772962410,pure_rrt,238,-0.5224458976874842,-0.8400558372408486,1.4249943900398154,0.8590501337289052,0.07784560238200366,1.3115,1.6625147561003626,1.9590874997847194,0.10106325149536133,3.8134987354278564,1
pure_rrt_1772962410,pure_rrt,239,1.01049746453574,0.054027599834230694,1.429802923511731,-0.5254141257683229,0.5134020137008949,1.3115,1.6074964532020344,1.6908232579314353,0.10210847854614258,3.7127397060394287,1
pure_rrt_1772962410,pure_rrt,240,-0.5252714280514048,0.513042798275619,1.3109284980370308,0.15549489187058407,-0.6784687616510744,1.3115,1.3722765415154352,2.048677639197338,0.05103802680969238,3.709221124649048,1
pure_rrt_1772962410,pure_rrt,241,0.1741784318322952,-0.809572491955363,1.4243473330658312,-0.7088930401723994,0.08573099840681742,1.3115,1.2625838923031258,1.7050206271117085,0.10174059867858887,3.2092761993408203,1
pure_rrt_1772962410,pure_rrt,242,-0.8412155496724343,0.13793736361928377,1.425496056682343,-0.30080901372047286,-0.2543056875771598,1.3115,0.6774134160544936,0.5695965222733936,0.10278677940368652,2.2082607746124268,1
pure_rrt_1772962410,pure_rrt,243,-0.4542033927387066,-0.2754870069778036,1.4291306012387222,0.2496139970684501,-0.08890674737843696,1.3115,0.7375690271526519,1.5442452721709112,0.10302066802978516,3.6120500564575195,1
pure_rrt_1772962410,pure_rrt,244,0.3974619991795366,-0.1630697617739452,1.433028668326925,0.5789578966707161,-0.44767191981630017,1.3115,0.3587594826535043,0.48828531429010996,0.10236644744873047,3.31561017036438,1
pure_rrt_1772962410,pure_rrt,245,0.6581949232557164,-0.5720731399512085,1.4278718714891951,0.30644445864790515,-0.67234093227264,1.3115,0.3838286492729829,0.5911008084753229,0.1021885871887207,3.6099071502685547,1
pure_rrt_1772962410,pure_rrt,246,0.22604228245479407,-0.7805244149456447,1.425631499714394,-0.2105286084007837,0.3162333679467594,1.3115,1.185958589624676,1.465801569353912,0.16115999221801758,2.8115034103393555,1
pure_rrt_1772962410,pure_rrt,247,-0.31844548104676995,0.4177974258265007,1.4270265956860004,0.5702701147955418,-0.062194931532683295,1.3115,1.016638808883164,2.4237422949751393,0.05104255676269531,4.410020589828491,1
pure_rrt_1772962410,pure_rrt,248,0.7274218057604791,-0.1454638649847356,1.4402179966911761,-0.3846311701200903,0.3824465844843504,1.3115,1.2377073913068761,3.0057128336501537,0.05098414421081543,5.712723970413208,1
pure_rrt_1772962410,pure_rrt,249,-0.281587333400458,0.5435822282613679,1.4483209376767667,-0.33360833801021395,0.06797693627812573,1.3115,0.4976208874935044,0.5418249547101337,0.050861358642578125,2.6098427772521973,1
pure_rrt_1772962410,pure_rrt,250,-0.48880254642540333,0.17301114066976878,1.4455253091193752,0.9451155065661652,-0.555011201117347,1.3115,1.613722496689214,1.8014560894175795,0.05263638496398926,3.1107981204986572,1
pure_rrt_1772962410,pure_rrt,251,0.9274271887957373,-0.7213907620885431,1.4335022212667141,-0.5060665350418558,0.001571901697864142,1.3115,1.6101129809752233,1.8717149783511235,0.1014866828918457,4.010401964187622,1
pure_rrt_1772962410,pure_rrt,252,-0.656424834478464,0.04567016503758223,1.4303206035484481,0.7256041950613934,0.16216834586052575,1.3115,1.3920109196603139,2.652385802243539,0.05172109603881836,4.412701368331909,1
pure_rrt_1772962410,pure_rrt,253,0.8829239320361213,0.15936804552692807,1.4308490886898504,-0.3781580064410935,-0.07053009995432491,1.3115,1.2874101979634411,1.148891214326207,0.05109071731567383,3.1120285987854004,1
pure_rrt_1772962410,pure_rrt,254,-0.22146293926188887,-0.154385798668218,1.4387113416619608,0.9981256112588675,-0.6888275611796729,1.3115,1.3376124085567935,1.4057447608300087,0.10114049911499023,4.513049364089966,1
pure_rrt_1772962410,pure_rrt,255,0.9978896539486465,-0.6886998652840276,1.3107827831140155,-0.515099665957625,0.037356746779313,1.3115,1.678182171419837,1.74629286235485,0.10136866569519043,3.7090165615081787,1
pure_rrt_1772962410,pure_rrt,256,-0.41543602905591215,0.0067548855033108535,1.4259159817618428,0.5092869696832367,-0.3344424638701152,1.3115,0.9922798357817728,1.4570024926596792,0.2025010585784912,5.223080635070801,1
pure_rrt_1772962410,pure_rrt,257,0.5090535480967027,-0.3345247152181638,1.3112107257161698,0.998536181422826,-0.09142966631264471,1.3115,0.5465240477873449,0.9219372911333673,0.15328288078308105,3.7152211666107178,1
pure_rrt_1772962410,pure_rrt,258,1.1430099477999822,-0.2159115567434146,1.4478898702442486,-0.24054286203186737,0.3959298614830308,1.3115,1.5189372914495833,2.5755144626851756,0.10185384750366211,4.311967134475708,1
pure_rrt_1772962410,pure_rrt,259,-0.3332234134301091,0.5044961707143143,1.4269253514734965,-0.41712248449577255,-0.5773410989420189,1.3115,1.0912075622474082,1.2986434708170127,0.05103445053100586,2.6096580028533936,1
pure_rrt_1772962410,pure_rrt,260,-0.5217371419323849,-0.6607114048038681,1.4254134253937494,-0.19936782181169288,0.2528295440805183,1.3115,0.9754257082569638,1.0963128434821574,0.050908565521240234,2.405977964401245,1
pure_rrt_1772962410,pure_rrt,261,-0.3172070949429927,0.34155489024227037,1.428513140410343,0.19627174148791826,0.34345362848873606,1.3115,0.5266461769519091,0.42288159297005384,0.0510098934173584,3.010164499282837,1
pure_rrt_1772962410,pure_rrt,262,0.09489283295533169,0.4363808925033751,1.4256408814663568,0.8830078970041229,0.10319602056248656,1.3115,0.8632297804714648,2.791997100209569,0.0514223575592041,4.812384128570557,1
pure_rrt_1772962410,pure_rrt,263,1.0486824056970963,0.08163592537678858,1.4345553085189122,0.851535968071643,-0.713775829491568,1.3115,0.8286671144710944,1.1350378742104816,0.050936222076416016,2.7061023712158203,1
pure_rrt_1772962410,pure_rrt,264,0.8241634071751207,-0.8476078959525949,1.4256894493500987,0.9882321784525603,0.3545281659530163,1.3115,1.2186422376502872,2.579492545337192,0.10121035575866699,5.4116051197052,1
pure_rrt_1772962410,pure_rrt,265,0.8570555758596992,0.2570616866161454,1.6556750777625941,0.6475671886614935,-0.19074692470090127,1.3115,0.6023905883174925,4.090166172978412,0.20229101181030273,6.91399073600769,1
pure_rrt_1772962410,pure_rrt,266,0.7794875855276205,-0.29559980876899367,1.4354421321016861,0.8586280403173234,0.6091306866798317,1.3115,0.9166035855751983,3.214822286111424,0.10100197792053223,5.5181849002838135,1
pure_rrt_1772962410,pure_rrt,267,0.7709657809049152,0.4524756046054117,1.6487807652470707,-0.03787042148684694,0.27043808238313705,1.3115,0.895048588849791,2.966115588786355,0.3542296886444092,6.1181275844573975,1
pure_rrt_1772962410,pure_rrt,268,-0.1491020427455414,0.351406542310201,1.4264623086531847,-0.17013888355598095,-0.3483336254672917,1.3115,0.7094330014056489,0.7799457815402797,0.10247302055358887,2.014206886291504,1
pure_rrt_1772962410,pure_rrt,269,-0.3091707797933786,-0.3873062445201739,1.4275553332317292,-0.7895712981407308,-0.7184412136762894,1.3115,0.5948981981801205,0.7002248395963858,0.10200786590576172,3.1081371307373047,1
pure_rrt_1772962410,pure_rrt,270,-0.8519947396169676,-0.8292432195235389,1.4256502660629966,-0.11126458532951089,0.1908353664202781,1.3115,1.26580873998172,1.380711588189922,0.10195088386535645,3.108009099960327,1
pure_rrt_1772962410,pure_rrt,271,-0.24397111910555658,0.2935576197775653,1.4351131496480336,0.685535818571624,-0.6201492828229554,1.3115,1.3092454551442043,1.8132641147395192,0.10105347633361816,3.9107072353363037,1
pure_rrt_1772962410,pure_rrt,272,0.7044662749427353,-0.765810454081921,1.4279166627264646,0.9994588681815753,-0.10079032354267892,1.3115,0.7367667496898687,0.7676348815808979,0.05098223686218262,2.1101784706115723,1
pure_rrt_1772962410,pure_rrt,273,1.1443585103138676,-0.17590750209419082,1.4331099463242014,1.0914962170034874,-0.42468308229914875,1.3115,0.2819090108622306,0.4354851109479333,0.05115199089050293,3.214991331100464,1
pure_rrt_1772962410,pure_rrt,274,1.127821564522442,-0.5979720743938555,1.4388178876639566,0.33153432744989875,-0.038565985863317165,1.3115,0.9814368957446389,1.372522802726909,0.1547834873199463,3.108151435852051,1
pure_rrt_1772962410,pure_rrt,275,0.1598148337232027,0.010629862875723983,1.4401184632575093,-0.43599633362291246,-0.48683382781379425,1.3115,0.7867679326075131,0.9416334257674822,0.0511934757232666,2.9068284034729004,1
pure_rrt_1772962410,pure_rrt,276,-0.5648409520167262,-0.5833741247972681,1.4315479274915317,-0.7583558150513484,0.5885470138134749,1.3115,1.1938419754025325,1.5920304049637575,0.05110621452331543,3.1103675365448,1
pure_rrt_1772962410,pure_rrt,277,-0.7851732463253737,0.7368942700826829,1.4287734967882022,1.0989073044852347,-0.5040679275724245,1.3115,2.259092687563025,3.3902993533926944,0.05113649368286133,4.611652374267578,1
pure_rrt_1772962410,pure_rrt,278,1.1695270879947726,-0.6042248687718513,1.4253757539880352,0.5065128649826163,-0.5315470246890391,1.3115,0.676636990034747,0.9191888163293371,0.051253318786621094,2.910766124725342,1
pure_rrt_1772962410,pure_rrt,279,0.3903636510661762,-0.639051547885525,1.42970504413704,-0.4293934874215611,-0.005197142944449729,1.3115,1.0429504327743708,1.195979618296446,0.05110478401184082,3.8131117820739746,1
pure_rrt_1772962410,pure_rrt,280,-0.5748604056756059,0.03464806930128013,1.4278022871438298,-0.6916730882776498,0.4626312252541428,1.3115,0.4586294872671665,0.6245470932985682,0.051383256912231445,2.8144381046295166,1
pure_rrt_1772962410,pure_rrt,281,-0.7383079669801373,0.624338928098739,1.4351157695658294,0.8884986943003128,0.5700651585676811,1.3115,1.632398975045901,1.7431969580500566,0.10612821578979492,3.109940528869629,1
pure_rrt_1772962410,pure_rrt,282,0.9895076687113458,0.688507236890809,1.4298742694264184,0.4256896056265411,0.013878027216957523,1.3115,0.8871458992004103,1.1656892286983662,0.15245628356933594,3.016062021255493,1
pure_rrt_1772962410,pure_rrt,283,0.25702878477815905,0.10273552797408908,1.44718662643067,-0.13433135928159368,-0.3860983011133118,1.3115,0.6407278169479275,0.8004685656293676,0.10310864448547363,2.3070523738861084,1
pure_rrt_1772962410,pure_rrt,284,-0.28806927552394923,-0.46729011267261095,1.4374191739071058,-0.7123664000710418,-0.4404682805209592,1.3115,0.443399480081281,0.5559859081809485,0.10189199447631836,3.3150887489318848,1
pure_rrt_1772962410,pure_rrt,285,-0.8428566351472,-0.4998219747964465,1.4272098943775369,0.8140921036446596,-0.06266867188279923,1.3115,1.7175479361255412,2.166040390763063,0.10195803642272949,3.4108591079711914,1
pure_rrt_1772962410,pure_rrt,286,0.9634338264038785,-0.12628173708194107,1.431746803738167,0.7615176744636456,-0.2651101483423867,1.3115,0.27295192616410663,0.26366840170074984,0.05134892463684082,1.3104515075683594,1
pure_rrt_1772962410,pure_rrt,287,0.8793221946709796,-0.3747290206358771,1.4321675507632605,-0.3437499685242069,0.4642376012519872,1.3115,1.488062890751628,4.476267606548038,0.10107207298278809,7.414498567581177,1
pure_rrt_1772962410,pure_rrt,288,-0.1776978082735683,0.3955956480418139,1.648255010018658,0.8128529870647874,0.44866223211876866,1.3115,1.0475738051630117,1.0978200118244545,0.10113930702209473,3.607630968093872,1
pure_rrt_1772962410,pure_rrt,289,0.6911825437384898,0.32466472701822324,1.6506136625996926,0.5093884370285202,0.19151342039865282,1.3115,0.4071565348250629,0.313235241496088,0.10168743133544922,2.408676862716675,1
pure_rrt_1772962410,pure_rrt,290,0.4308740373635924,0.1525495605067056,1.6595110700937477,-0.5586446813091279,0.46731642313932775,1.3115,1.0951425374457344,1.3565909686428292,0.1528797149658203,3.410392999649048,1
pure_rrt_1772962410,pure_rrt,291,-0.3971336936504012,0.4020688098368701,1.6518011389221778,0.7637687996193596,-0.5659328020914862,1.3115,1.5493632836515696,3.341477577456285,0.10140228271484375,5.912322282791138,1
pure_rrt_1772962410,pure_rrt,292,0.7815575106093026,-0.7235824114851889,1.430504226103984,-0.5543738860322531,0.3808866911395915,1.3115,1.7374483304593702,2.2966571516184047,0.051111698150634766,3.610680341720581,1
pure_rrt_1772962410,pure_rrt,293,-0.6498523630042742,0.4857709068704276,1.4271296433887861,-0.8603432022572358,-0.3486096050176698,1.3115,0.8682554039326662,0.999992767599591,0.05086517333984375,2.809349298477173,1
pure_rrt_1772962410,pure_rrt,294,-1.0143532226063277,-0.40055752722122606,1.4321129965174264,0.3792544105470368,-0.3860298796178444,1.3115,1.3988926987646775,1.2478253467629505,0.05183672904968262,3.6104719638824463,1
pure_rrt_1772962410,pure_rrt,295,0.22963830794626006,-0.4915693344520487,1.4430367872871699,0.6726535731895666,-0.5960086022517591,1.3115,0.4737847742456136,0.4360358205094164,0.051023006439208984,1.5040090084075928,1
pure_rrt_1772962410,pure_rrt,296,0.5906976044223406,-0.7324845767528924,1.4310033574166652,1.0356501516485273,-0.2732676438628453,1.3115,0.6504952061082918,0.7517654575809478,0.051195383071899414,2.405320167541504,1
pure_rrt_1772962410,pure_rrt,297,1.151418452240256,-0.3917061180702201,1.4336685514542573,-0.6698257191224737,0.544751941462884,1.3115,2.0515382482302527,3.158038221544016,0.10125422477722168,4.6129443645477295,1
pure_rrt_1772962410,pure_rrt,298,-0.7222893976706444,0.6819762917863771,1.42806450193109,-0.2764902103114102,0.23002844979861703,1.3115,0.6454309029152462,1.0377794248749104,0.10250186920166016,2.908892869949341,1
pure_rrt_1772962410,pure_rrt,299,-0.12348684164428392,0.24341847235551914,1.4297159895456244,-0.18745978111923978,0.11013792141251366,1.3115,0.1892914747921538,0.3119641782486275,0.10255122184753418,3.7150137424468994,1
pure_rrt_1772962410,pure_rrt,300,-0.1881386729771619,0.10957665164443828,1.311347855213516,1.0564551369096007,0.5882381731625402,1.3115,1.3334656452036953,1.3339217606148335,0.10180902481079102,4.015641212463379,1
pure_rrt_1772962410,pure_rrt,301,1.056475121279076,0.588658558774312,1.3113603141777403,0.6298776543313227,-0.7092175767856067,1.3115,1.3661873522962789,3.305802442751851,0.1519484519958496,6.118102312088013,1
pure_rrt_1772962410,pure_rrt,302,0.627870549728818,-0.7483160165106886,1.6322011935032088,0.09549080338204752,0.31553979206790805,1.3115,1.232098466552513,2.9934558303392778,0.10110688209533691,5.912816286087036,1
pure_rrt_1772962410,pure_rrt,303,0.06314422950896459,0.32240490407048294,1.6266634083984588,-0.33067194742973827,0.6270490632166953,1.3115,0.5892598908069784,0.5465349478286965,0.05111432075500488,2.305793523788452,1
pure_rrt_1772962410,pure_rrt,304,-0.3666663070139189,0.6588048391100063,1.64008223293771,-0.5486975863981116,0.34906831998240306,1.3115,0.48686587655930624,0.37715619457214256,0.10165810585021973,2.911238193511963,1
pure_rrt_1772962410,pure_rrt,305,-0.5912799508127484,0.3601475413140999,1.6375359775328413,-0.7097207675893997,0.19200604105065588,1.3115,0.3854857323369535,4.30389664634154,0.2517716884613037,7.517789125442505,1
pure_rrt_1772962410,pure_rrt,306,-0.8356243424499625,0.2706975414365251,1.428901973620819,1.0116115803803134,-0.535446456693043,1.3115,2.0188937376011173,2.2966203269464405,0.0510101318359375,3.2100255489349365,1
pure_rrt_1772962410,pure_rrt,307,1.0147372840103126,-0.7025829650514335,1.4343803316977146,-0.041100457852425554,0.1343346520904536,1.3115,1.352894678436722,1.753442520658453,0.05123472213745117,3.2097418308258057,1
pure_rrt_1772962410,pure_rrt,308,-0.18287789371983343,0.21855478586316118,1.434107920847027,1.0772436982563796,-0.18057507532313088,1.3115,1.3274953012759347,2.264176476665301,0.05115556716918945,4.1096882820129395,1
pure_rrt_1772962410,pure_rrt,309,1.2104742980475922,-0.2762307310495647,1.4340324941133626,-0.4506264766222849,-0.7002217701166814,1.3115,1.7187316244637265,1.8685038015764843,0.051157474517822266,4.209729433059692,1
pure_rrt_1772962410,pure_rrt,310,-0.5130826875855339,-0.8198870385515951,1.425698223343581,0.8401580511821607,-0.09280958820580043,1.3115,1.5404360908770958,1.7427276941573167,0.051375389099121094,3.910872220993042,1
pure_rrt_1772962410,pure_rrt,311,0.9820029907572076,-0.15873825535266048,1.4301034921838283,0.8486111188880205,0.32404407573585325,1.3115,0.5147222154232556,0.5326460773545377,0.10108804702758789,3.711310625076294,1
pure_rrt_1772962410,pure_rrt,312,0.8490250525454643,0.32440279954501006,1.311619322011237,0.6353495500490238,0.11742672192156478,1.3115,0.29748332947114053,0.2978426845783778,0.10121011734008789,2.607093572616577,1
pure_rrt_1772962410,pure_rrt,313,0.6357261339971854,0.11717268942791306,1.311418332776391,0.9521204343706913,0.10427753215149416,1.3115,0.31665698327931957,1.5506084265947768,0.2525026798248291,7.019694566726685,1
pure_rrt_1772962410,pure_rrt,314,1.0964395296632472,0.08993728851610641,1.4263307825895497,-0.6404951694765342,-0.5709947215136957,1.3115,1.86197727687208,2.264630811277778,0.10238337516784668,4.517637014389038,1
pure_rrt_1772962410,pure_rrt,315,-0.7452916981453257,-0.6790099528694513,1.4281496369063151,-0.4755599916799326,-0.06754909277726562,1.3115,0.6784148544126842,0.6669051503896026,0.10154461860656738,2.9126741886138916,1
pure_rrt_1772962410,pure_rrt,316,-0.6245095007955183,-0.043175918584526796,1.4284510885435686,-0.3398550724096364,0.3528462042754966,1.3115,0.5015368605653808,0.5602217540322397,0.1017451286315918,1.80594801902771,1
pure_rrt_1772962410,pure_rrt,317,-0.44076429021627705,0.47352655335326416,1.4295036827244947,-0.8499680899021446,-0.6434579761702761,1.3115,1.195419197607609,1.451863803417598,0.10167908668518066,2.81007981300354,1
pure_rrt_1772962410,pure_rrt,318,-0.9380437902813248,-0.7458259927950106,1.425425899099908,0.31624072637246003,-0.3422556168534173,1.3115,1.322527053613944,1.4728485054322602,0.05153775215148926,2.5104336738586426,1
pure_rrt_1772962410,pure_rrt,319,0.41993125920369434,-0.456774409739398,1.4295838086597987,0.6726646599866193,-0.6885637339713573,1.3115,0.3626902929040352,0.45155176444286554,0.051332712173461914,3.010498046875,1
pure_rrt_1772962410,pure_rrt,320,0.694523773499339,-0.8141810984089479,1.4249727172470252,-0.39326677856047054,0.6126744031490593,1.3115,1.7977989223037043,2.7206748547301602,0.051050424575805664,4.033340215682983,1
pure_rrt_1772962410,pure_rrt,321,-0.43355805761943456,0.7437633536417361,1.4264733006769497,0.3521846654185121,0.22218686952759892,1.3115,0.950080267901878,1.280435080208786,0.051158905029296875,2.9103739261627197,1
pure_rrt_1772962410,pure_rrt,322,0.5089601412976336,0.23482817157150634,1.4305360271232388,-0.22595368706040808,-0.03166420198940645,1.3115,0.7907503373576812,1.7138725898547176,0.05119919776916504,3.808238983154297,1
pure_rrt_1772962410,pure_rrt,323,-0.394636552752083,0.01874708233816906,1.4395677296531253,-0.8071914383755114,-0.6350331449090014,1.3115,0.7836015968396363,0.9314131788550412,0.1011347770690918,3.311368942260742,1
pure_rrt_1772962410,pure_rrt,324,-0.8978226077845994,-0.7272994601080057,1.426293179852218,0.2518659612544083,0.20432486759460322,1.3115,1.484211968651002,1.6514384877130053,0.05123496055603027,3.2107245922088623,1
pure_rrt_1772962410,pure_rrt,325,0.1533771423367986,0.36855808722864164,1.4478620659934631,-0.5410495219625238,-0.599323787380534,1.3115,1.1990072261370495,1.4927308278950593,0.05098366737365723,3.1068599224090576,1
pure_rrt_1772962410,pure_rrt,326,-0.6317761653913931,-0.7247213138712133,1.4288037129539073,-0.8103962609555775,0.5433556263388298,1.3115,1.2859566189823808,1.689696936029439,0.10110592842102051,3.1118812561035156,1
pure_rrt_1772962410,pure_rrt,327,-0.8732810939690301,0.6604440345946659,1.4258778689416687,0.5323579495517163,0.45371157602712164,1.3115,1.4253567016711772,1.6389317125711977,0.1017000675201416,3.715210437774658,1
pure_rrt_1772962410,pure_rrt,328,0.6664686212744615,0.5282539655022174,1.4291276367665144,-0.20020971838015844,0.3765697062877079,1.3115,0.8876799647683946,0.7176799191586887,0.10296249389648438,2.508636474609375,1
pure_rrt_1772962410,pure_rrt,329,-0.04615491652240933,0.4436540669616726,1.4346701631160867,0.21232808953670523,0.37996713592846654,1.3115,0.2933264029845046,0.4089304702706977,0.10314798355102539,2.60770583152771,1
pure_rrt_1772962410,pure_rrt,330,0.36276415830609365,0.4461142622280718,1.4332611888442266,0.17033007397537636,0.2622040028918261,1.3115,0.29271085974060845,0.6836608799867603,0.10217595100402832,2.908843755722046,1
pure_rrt_1772962410,pure_rrt,331,0.06433395003014919,0.40787378074258424,1.441117932027416,-0.38324139019188974,-0.5237856095244792,1.3115,1.0416879153329628,1.2750285812374986,0.10216283798217773,2.707214593887329,1
pure_rrt_1772962410,pure_rrt,332,-0.5023201940572649,-0.6229292886452568,1.430019211973013,1.0611649370335183,-0.28010518210649915,1.3115,1.6050111921020254,1.7772003490102408,0.10160160064697266,2.9132080078125,1
pure_rrt_1772962410,pure_rrt,333,1.1727085197059925,-0.405134696154115,1.434135362176972,0.4325588110427365,-0.05847908559338699,1.3115,0.8264569774790523,0.6362416436429599,0.052182674407958984,2.3062379360198975,1
pure_rrt_1772962410,pure_rrt,334,0.5909964820641487,-0.14806163538109834,1.4427028774771544,-0.42020270268136595,0.6259628006619636,1.3115,1.2801764776311346,3.7946574425225728,0.051038265228271484,5.9123616218566895,1
pure_rrt_1772962410,pure_rrt,335,-0.32823838872111155,0.7337231422514818,1.426658901685193,-0.47750686225843436,0.19163360510059435,1.3115,0.5739370314921017,0.7812219186330185,0.05102372169494629,2.706082344055176,1
pure_rrt_1772962410,pure_rrt,336,-0.6096475234934758,0.28954804440728144,1.432854092399808,-0.3622725149707745,-0.10735605744017929,1.3115,0.48317085657883707,1.89448401389302,0.0510103702545166,4.261032819747925,1
pure_rrt_1772962410,pure_rrt,337,-0.21241279170923966,-0.19792493341742134,1.4370444527343538,0.5990443250183624,-0.1583721584683444,1.3115,0.8220635522308564,0.9494465264518942,0.1015777587890625,4.412559747695923,1
pure_rrt_1772962410,pure_rrt,338,0.5983006318573623,-0.1581569183703934,1.3116627704827988,1.0845214353248667,-0.6878899709992491,1.3115,0.7190464541782412,0.7233006498127409,0.1014857292175293,2.9105007648468018,1
pure_rrt_1772962410,pure_rrt,339,1.0841921164710662,-0.6873190154308884,1.311196217380139,-0.0036642391662317086,0.2535040254103976,1.3115,1.4382557272481786,1.449251383396993,0.10103511810302734,3.9095544815063477,1
pure_rrt_1772962410,pure_rrt,340,-0.0037469073315223866,0.25351368490317294,1.3112839998706622,0.9121910944703144,-0.16355544647587217,1.3115,1.0064239316262649,1.0085103282238714,0.20259618759155273,2.8097405433654785,1
pure_rrt_1772962410,pure_rrt,341,0.9134053307483359,-0.16397048944928452,1.3119876778460324,0.9353041510122815,-0.4535501523062141,1.3115,0.2904069167546929,0.29158945812813625,0.15273356437683105,1.706270694732666,1
pure_rrt_1772962410,pure_rrt,342,0.9348024871887356,-0.4533537493904399,1.3114470101925138,0.5800300104270868,-0.5622260006351449,1.3115,0.3711019808174089,0.3712745403405978,0.2529909610748291,2.8092238903045654,1
pure_rrt_1772962410,pure_rrt,343,0.5800114800029633,-0.5624851922091306,1.311948860225698,-0.5168680782191803,-0.4166154715545921,1.3115,1.1065364621759828,1.154222335900536,0.15204453468322754,6.121504545211792,1
pure_rrt_1772962410,pure_rrt,344,-0.4517736009490082,-0.5734688165156084,1.436236859739136,0.8203912550585057,-0.06661022524040017,1.3115,1.3750884831848778,1.4863817029701873,0.10180282592773438,3.5109941959381104,1
pure_rrt_1772962410,pure_rrt,345,0.9535011690642603,-0.11467779822400606,1.4253116723721004,0.00959501541528296,-0.03564095570060566,1.3115,0.95402240337458,0.7906718283109276,0.051146745681762695,2.806457042694092,1
pure_rrt_1772962410,pure_rrt,346,0.1631649070253265,-0.09333610074026547,1.4327615112188754,-0.5488956845364849,-0.2056539686404807,1.3115,0.7309924374493162,1.595956223337028,0.050987958908081055,3.8101305961608887,1
pure_rrt_1772962410,pure_rrt,347,-0.7240894661561059,-0.21694065265202003,1.43847907221765,0.4286520691208411,-0.2961888517552692,1.3115,1.1624186031697086,0.9891535569735084,0.05106496810913086,2.9064548015594482,1
pure_rrt_1772962410,pure_rrt,348,0.25660961087795287,-0.3456954435135472,1.4400569179026124,1.0491853113456757,-0.11949317013887961,1.3115,0.8341885821517748,1.3408956842043405,0.05114865303039551,4.010075330734253,1
pure_rrt_1772962410,pure_rrt,349,1.1945135799368938,-0.21011293312186768,1.4366195411848572,-0.5365398321164943,-0.028830594684031707,1.3115,1.745011203745545,2.405222337290736,0.05089211463928223,3.8607337474823,1
pure_rrt_1772962410,pure_rrt,350,-0.6985678388262546,0.015543107907249831,1.434453288753189,-0.018980928102300676,-0.4012665894645965,1.3115,0.8066512283916528,0.725387894244066,0.05098581314086914,2.5065784454345703,1
pure_rrt_1772962410,pure_rrt,351,-0.16638686977386752,-0.4701846528618114,1.4324601442663472,-0.5419229385403174,-0.5126911968198515,1.3115,0.3968192305379769,0.5166140361844639,0.0509951114654541,2.3104143142700195,1
pure_rrt_1772962410,pure_rrt,352,-0.6638259936196207,-0.6095448374700201,1.4302937446706445,0.44266057374641776,-0.09085717671975568,1.3115,1.2277871830854623,1.0846796472755595,0.05099678039550781,3.1102795600891113,1
pure_rrt_1772962410,pure_rrt,353,0.25632871116876976,-0.048539329569803974,1.4480667487941097,0.2871723502343628,0.45000473942521746,1.3115,0.5178300837891854,1.0348835712275783,0.10384845733642578,3.3076016902923584,1
pure_rrt_1772962410,pure_rrt,354,0.42014937889674797,0.5618670191236304,1.438391422461208,-0.3383562699733266,-0.6645626597332814,1.3115,1.4476056126041752,2.7031095605313293,0.05123734474182129,4.511396884918213,1
pure_rrt_1772962410,pure_rrt,355,-0.40650343485154533,-0.7919747150012205,1.4265056240375205,-0.7950211023950139,-0.5752209781502231,1.3115,0.4595154556623184,0.49449484236466795,0.050934791564941406,1.908527135848999,1
pure_rrt_1772962410,pure_rrt,356,-0.8924759890621485,-0.701077756910718,1.4313433381474576,-0.24637859993608047,-0.046059372862148784,1.3115,0.9278218284646286,1.2008184136007347,0.051136016845703125,2.906700372695923,1
pure_rrt_1772962410,pure_rrt,357,-0.08764281131133755,-0.11640726706626126,1.4368030089035386,1.0825009037044344,0.5830730889031267,1.3115,1.3690178692107178,1.4218224957646073,0.10132288932800293,4.5164475440979,1
pure_rrt_1772962410,pure_rrt,358,1.0820781586055133,0.5828908112684698,1.311290317259132,0.3937357167503217,0.4495197366705105,1.3115,0.7011442111045587,0.7011322017591199,0.15332341194152832,3.2199652194976807,1
pure_rrt_1772962410,pure_rrt,359,0.39459935208945685,0.44909934784401473,1.3111463998278934,0.09589392206921576,0.1732714898683474,1.3115,0.4065784871240776,0.5388079763035865,0.15300583839416504,3.510591983795166,1
pure_rrt_1772962410,pure_rrt,360,0.26837887504421754,0.17308309577512623,1.4360332563221117,-0.2626828557662596,0.22523136800015264,1.3115,0.5479548668984189,1.330893604026661,0.25261831283569336,5.118601560592651,1
pure_rrt_1772962410,pure_rrt,361,-0.2624324105093865,0.2248834493608607,1.3107709477184288,1.04936567538461,-0.6139804165053391,1.3115,1.5570829570476865,1.5644677928788238,0.10239529609680176,4.216278076171875,1
pure_rrt_1772962410,pure_rrt,362,1.0489901984556909,-0.6139880679247843,1.3118890348148444,0.8476579481762156,-0.4995961892992917,1.3115,0.2315606362190125,0.23563716190460635,0.15205144882202148,3.014244794845581,1
pure_rrt_1772962410,pure_rrt,363,0.8465826357174538,-0.4998775683702314,1.3109913046467383,0.999225382997514,0.1957827908699734,1.3115,0.7122102235199784,0.736500623911374,0.10147476196289062,3.1115617752075195,1
pure_rrt_1772962410,pure_rrt,364,0.9988966064250273,0.1951788226221148,1.3106602908479164,0.8491696792368195,0.04101779188175203,1.3115,0.21490574965694623,0.21575788776123025,0.10153627395629883,3.1089725494384766,1
pure_rrt_1772962410,pure_rrt,365,0.8486744221736378,0.04048903494198734,1.3108715555757164,0.4936420205445542,0.18652939205793684,1.3115,0.3838960628288122,0.3846990780335293,0.10105252265930176,2.910994529724121,1
pure_rrt_1772962410,pure_rrt,366,0.4929815285906304,0.18656071466633437,1.3112670781745126,-0.09236074799345795,0.15179411045501023,1.3115,0.5863739010031116,0.5858075156513092,0.05090594291687012,2.209977865219116,1
pure_rrt_1772962410,pure_rrt,367,-0.09174666689614219,0.15113583159251548,1.3109095211473805,1.1078380044774612,-0.676756658605596,1.3115,1.4575354910897442,1.4647114368647427,0.10097074508666992,4.110314607620239,1
pure_rrt_1772962410,pure_rrt,368,1.1072643649183793,-0.6767487529217999,1.3112603777519398,0.8528333385684477,0.3319976550960678,1.3115,1.0403386565331754,1.1306798731019927,0.10381793975830078,4.713082790374756,1
pure_rrt_1772962410,pure_rrt,369,0.8527500574928244,0.33181589884431373,1.31115743549099,0.8682178424992715,-0.18771119805148062,1.3115,0.5197574185448636,1.7483164269940865,0.15142130851745605,7.614198923110962,1
pure_rrt_1772962410,pure_rrt,370,1.0006963417035166,-0.29311158827047323,1.4357345785786668,0.7281506569275744,0.30437977518307,1.3115,0.6683646536182029,2.841499329061703,0.15179705619812012,7.614647388458252,1
pure_rrt_1772962410,pure_rrt,371,0.7603967491440029,0.32872733091900197,1.6332713222727324,0.7479474164588928,-0.577832757920784,1.3115,0.9620514354225806,2.798363232730392,0.10130715370178223,5.417487859725952,1
pure_rrt_1772962410,pure_rrt,372,0.7740932616923637,-0.5992158841116566,1.6263239353501215,-0.22967088513766432,-0.23948185108669928,1.3115,1.1117846676614822,1.285331316167749,0.10212373733520508,2.9090499877929688,1
pure_rrt_1772962410,pure_rrt,373,-0.25936743052801403,-0.2598838917131049,1.630529781694599,-0.10287784328217475,-0.12649496251664283,1.3115,0.37955447429407985,0.16171472434197878,0.15236258506774902,2.813671112060547,1
pure_rrt_1772962410,pure_rrt,374,-0.1460287118524648,-0.14485538837855882,1.6388796876595269,-0.42255159876443377,-0.6424288007421585,1.3115,0.656674704529827,0.6132771318042757,0.10240864753723145,2.5079944133758545,1
pure_rrt_1772962410,pure_rrt,375,-0.43502095179492406,-0.6815064734043389,1.634217803133646,0.354829865791056,-0.10615918381801348,1.3115,1.0290945525727841,2.7170098419345914,0.45321226119995117,6.867377996444702,1
pure_rrt_1772962410,pure_rrt,376,0.17623474771179493,-0.07988600645934885,1.4410738051765601,0.1558200981399842,-0.08460410013674957,1.3115,0.1312569591032098,0.20120562461556457,0.05249166488647461,3.8142385482788086,1
pure_rrt_1772962410,pure_rrt,377,-0.02267592911334615,-0.04964415988507903,1.4412680742428077,-0.11945228356643134,-0.19501749904765864,1.3115,0.21757486898351658,0.3156285960652984,0.10169625282287598,2.1115479469299316,1
pure_rrt_1772962410,pure_rrt,378,-0.29840777705198884,-0.20317341384239365,1.4404696460755897,0.3318678939166073,0.3079496013588844,1.3115,0.8216613217696345,0.8339882763462865,0.05103898048400879,3.0088698863983154,1
pure_rrt_1772962410,pure_rrt,379,0.2237223343022513,0.4331616155004918,1.4332461899660935,1.0208479653826805,-0.7179484314026792,1.3115,1.4054485926486437,1.9721940700408886,0.05109906196594238,3.511584520339966,1
pure_rrt_1772962410,pure_rrt,380,1.0234286941387611,-0.8467284405093898,1.4245256734134468,0.4102948834544231,0.4908939742572821,1.3115,1.4757850782349993,2.3554756273246698,0.10134744644165039,4.310557126998901,1
pure_rrt_1772962410,pure_rrt,381,0.36722484250390863,0.6501195268274936,1.4337430805575344,-0.7535500324460904,0.5409151008307768,1.3115,1.1326982377141117,1.1822136274041286,0.052510738372802734,3.110081672668457,1
pure_rrt_1772962410,pure_rrt,382,-0.8146300649315128,0.6614063339201383,1.4265720035532938,0.08999782670729739,-0.39018899595202206,1.3115,1.3919216666686332,1.4017284350533967,0.05122232437133789,2.9061529636383057,1
pure_rrt_1772962410,pure_rrt,383,-0.049577273647048004,-0.4432346321113269,1.4290851469453725,0.7185973295043389,-0.0021924058482002406,1.3115,0.8935528708789932,1.6088002648558999,0.10114502906799316,3.5088794231414795,1
pure_rrt_1772962410,pure_rrt,384,0.8747042257302822,-0.05097837532840926,1.4319314261330909,0.5464106363103696,-0.3684146229921246,1.3115,0.47227765200724864,1.1119882648828816,0.05130434036254883,3.359400510787964,1
pure_rrt_1772962410,pure_rrt,385,0.38943460146453235,-0.4622038867726951,1.4430233542362862,-0.5139619892222635,0.19285593134788648,1.3115,1.1236223378387684,1.2969803859348161,0.10113334655761719,4.011069297790527,1
pure_rrt_1772962410,pure_rrt,386,-0.6407051294516574,0.27158004141946884,1.4288355521099425,0.5323296907338615,-0.596151107667822,1.3115,1.4638086173584879,1.866799550459058,0.10126805305480957,3.4078867435455322,1
pure_rrt_1772962410,pure_rrt,387,0.5401601007917822,-0.7516694769135339,1.4296044646128243,1.0355210667208832,-0.07860828140682341,1.3115,0.8440038649346435,0.882131069032201,0.05094432830810547,5.114548683166504,1
pure_rrt_1772962410,pure_rrt,388,1.1882319425264956,-0.18659448518434196,1.4457458071335243,-0.7869563598817484,0.1269499900661868,1.3115,2.0044203413115276,2.6963240043628747,0.1016845703125,4.216068983078003,1
pure_rrt_1772962410,pure_rrt,389,-0.9253472796458488,0.20068535685538338,1.4307348477354205,0.7506323193838982,0.4718996806407124,1.3115,1.7019640932477789,1.8035761490024742,0.10225391387939453,3.110457420349121,1
pure_rrt_1772962410,pure_rrt,390,0.7899213238989878,0.6477914482067179,1.4406322221077876,0.3379643199026656,-0.17824688248558762,1.3115,0.9504102209155566,1.1919937627127692,0.10201811790466309,3.3094141483306885,1
pure_rrt_1772962410,pure_rrt,391,0.16239836630305793,-0.18031903320670195,1.437742356564208,-0.17251882622201276,-0.4175398519690616,1.3115,0.4293953601216997,0.50230391587718,0.10231661796569824,3.7158126831054688,1
pure_rrt_1772962410,pure_rrt,392,-0.17325816787347825,-0.41710135880898463,1.3109360747725833,0.7574215792941106,-0.1607836394865998,1.3115,0.965330970723626,2.1896768037927594,0.3019731044769287,5.718307733535767,1
pure_rrt_1772962410,pure_rrt,393,0.7996992235837932,-0.1601802315787483,1.6369533912577774,0.3634891815089678,-0.1222712094150471,1.3115,0.5455604500415301,0.3952557631732044,0.10148477554321289,1.9048645496368408,1
pure_rrt_1772962410,pure_rrt,394,0.4066160167437164,-0.11880735207131495,1.6361024329694636,0.587483762479369,0.44248318454439606,1.3115,0.6731470474060958,1.3598892355557317,0.05096077919006348,3.5095441341400146,1
pure_rrt_1772962410,pure_rrt,395,0.6253421092669114,0.4820157918296799,1.6451669824813628,-0.8261483224561612,0.13906884160904753,1.3115,1.5283228517716676,3.062215502545718,0.35166454315185547,6.217575311660767,1
pure_rrt_1772962410,pure_rrt,396,-0.9406652388607133,0.18814629133060334,1.4243895311493229,-0.41328085549813676,-0.20589516162582278,1.3115,0.6679423633112743,0.5565585864418794,0.050994157791137695,1.9100735187530518,1
pure_rrt_1772962410,pure_rrt,397,-0.561485119981801,-0.21388605807243835,1.428338327230343,1.0847909010659067,-0.5555317799870487,1.3115,1.685407289496878,1.847616379951034,0.05103421211242676,3.106795072555542,1
pure_rrt_1772962410,pure_rrt,398,1.1080225099108492,-0.7131418699566641,1.4316848116015763,-0.024308363217431572,0.24297933001433425,1.3115,1.4868709911129288,2.0154439033579115,0.05100679397583008,3.5107247829437256,1
pure_rrt_1772962410,pure_rrt,399,-0.14565394793747866,0.3481302685118848,1.431837973002859,-0.6185225183019238,-0.5999533417461554,1.3115,1.0662778458848663,1.3032742320972641,0.10212206840515137,3.1085567474365234,1
pure_rrt_1772962410,pure_rrt,400,-0.6978631962036832,-0.7374294728135471,1.4307581286918571,-0.3296135588784648,-0.6338777870091323,1.3115,0.4006909635644092,0.39753355917839867,0.051201820373535156,2.5105223655700684,1
pure_rrt_1772962410,pure_rrt,401,-0.31318097798308725,-0.7778903500930661,1.4273332069613724,-0.49271896240745156,-0.2986874736532744,1.3115,0.5246776310023991,0.7072652601875189,0.05096793174743652,2.912224292755127,1
pure_rrt_1772962410,pure_rrt,402,-0.649739434812966,-0.3352083524251413,1.4321701290095354,-0.735401943677243,-0.029811847292036453,1.3115,0.33936171087442196,0.43015503939197725,0.05173540115356445,3.8148319721221924,1
pure_rrt_1772962410,pure_rrt,403,-0.8986390962261144,0.013035868058723601,1.4353770121339346,-0.40978265365352173,-0.0010236293334023872,1.3115,0.504503523324546,0.32789625612620854,0.15311884880065918,2.0104563236236572,1
pure_rrt_1772962410,pure_rrt,404,-0.573462508359559,0.05512179818235674,1.4363125102564203,0.18332233294474665,-0.2973654232194739,1.3115,0.8441259977018095,0.713733955815663,0.10212945938110352,2.1106293201446533,1
pure_rrt_1772962410,pure_rrt,405,0.017116975459765538,-0.34235433566509277,1.4376410637446964,1.097384213940354,0.16636704685304626,1.3115,1.2007024275515923,1.9051858568637947,0.40285754203796387,4.617841005325317,1
pure_rrt_1772962410,pure_rrt,406,1.2850926844112012,0.16286013537691887,1.44568502579635,0.0490375235463294,-0.6603644212665211,1.3115,1.4911527931467785,1.5742807224086433,0.10202264785766602,3.513676643371582,1
pure_rrt_1772962410,pure_rrt,407,0.07759475469140154,-0.7887308607811523,1.4252142462993524,-0.5255495682471185,0.20506671998759485,1.3115,1.168052925019329,1.7755915825701087,0.10222053527832031,3.4136385917663574,1
pure_rrt_1772962410,pure_rrt,408,-0.6492450215795349,0.28284636881457753,1.4276907521309372,-0.6813872768002017,-0.12419033358125353,1.3115,0.4245141841548945,0.44048686047624197,0.10175824165344238,2.7065699100494385,1
pure_rrt_1772962410,pure_rrt,409,-0.8403714154867682,-0.11074784168080243,1.431580169696452,0.4448550379336662,0.3499482461250879,1.3115,1.3705718401622182,1.3647438612668306,0.10109472274780273,2.91127347946167,1
pure_rrt_1772962410,pure_rrt,410,0.36380530190395766,0.5056509640443974,1.4374179472275292,-0.0815558548659513,-0.5335803976840064,1.3115,1.1376307452742733,1.493902265898042,0.05099606513977051,3.2110965251922607,1
pure_rrt_1772962410,pure_rrt,411,-0.16707808990236606,-0.6817812633683713,1.435148981367142,0.19719503221606915,0.41395374647320293,1.3115,1.161300645777638,1.4435467750582236,0.10127544403076172,3.006612777709961,1
pure_rrt_1772962410,pure_rrt,412,0.1086305417598109,0.5322987293545469,1.4282924949678075,-0.6963553755460551,0.2947415577626141,1.3115,0.8473937831470861,0.9265010433907186,0.05114173889160156,2.707043170928955,1
pure_rrt_1772962410,pure_rrt,413,-0.8063095345541629,0.3867671981651823,1.4262814460491828,0.6769796697627048,0.2308152146988497,1.3115,1.4958752171044185,1.9985469652051926,0.051169395446777344,3.4089343547821045,1
pure_rrt_1772962410,pure_rrt,414,0.8364145226269425,0.24781209055809642,1.4321053161411026,-0.35151088643670947,-0.24817257613413274,1.3115,1.2929474890243384,2.3613108569787165,0.05102229118347168,4.209741592407227,1
pure_rrt_1772962410,pure_rrt,415,-0.5067746026326344,-0.2674670644653668,1.4304964545850951,0.2246360410919297,-0.3232095971558756,1.3115,0.7431210640993541,0.5847013561198516,0.051517486572265625,3.710282564163208,1
pure_rrt_1772962410,pure_rrt,416,0.06913448036686731,-0.3683105298593825,1.432645849806955,0.3173779687207434,-0.03445646634501198,1.3115,0.4333124532720098,0.3960520605024402,0.05124473571777344,2.0048232078552246,1
pure_rrt_1772962410,pure_rrt,417,0.14796764235994575,0.014144692316061414,1.439336094155233,1.0934571853798056,0.4268578919417617,1.3115,1.0395310135219882,1.4861354831969835,0.05087757110595703,3.3131752014160156,1
pure_rrt_1772962410,pure_rrt,418,1.2328727601184282,0.5350473608296454,1.4393890527094269,-0.6423617993909864,0.3801758994668972,1.3115,1.8859600824317615,2.013971783800559,0.051181793212890625,3.111268997192383,1
pure_rrt_1772962410,pure_rrt,419,-0.7322773724072963,0.5139263957563573,1.4324373964817283,0.8474883597929666,0.36434149976161156,1.3115,1.5914337132321188,1.7519029714256844,0.10118651390075684,4.3103907108306885,1
pure_rrt_1772962410,pure_rrt,420,0.9840696122689868,0.49801963618484146,1.4479903117115123,-0.7126179809924182,-0.18930523437666813,1.3115,1.8356998316747433,2.1796811410886683,0.05108284950256348,3.4086997509002686,1
pure_rrt_1772962410,pure_rrt,421,-0.8930594427751724,-0.1950275830997781,1.4412696360786934,-0.1870303420021091,0.5974884159815231,1.3115,1.0692983018719564,1.1509814009096067,0.10205316543579102,2.9097838401794434,1
pure_rrt_1772962410,pure_rrt,422,-0.24168737378239835,0.6996820334948186,1.4249770767255483,-0.6103360986256564,0.44140789864258345,1.3115,0.46420303532442214,0.39172755220685845,0.15252375602722168,3.1205010414123535,1
pure_rrt_1772962410,pure_rrt,423,-0.5132149079143609,0.5987624546789195,1.443805670449788,0.32859332262243734,0.30784866644071573,1.3115,0.9004314075040727,1.0400570176743542,0.10312891006469727,2.623368978500366,1
pure_rrt_1772962410,pure_rrt,424,0.500765909034367,0.3766560963793043,1.44482017285647,-0.0828498789552754,-0.5418821347690697,1.3115,1.0964005374690555,2.3430285766422547,0.1050882339477539,4.516025543212891,1
pure_rrt_1772962410,pure_rrt,425,-0.19616546183039513,-0.6517297804092516,1.4311586769921907,-0.8218408004261168,-0.5572815187012735,1.3115,0.6439784953288821,0.7350786796327072,0.10185050964355469,3.7109575271606445,1
pure_rrt_1772962410,pure_rrt,426,-0.9311785066694566,-0.6600699442463956,1.428662301882874,1.0412595234056818,-0.14874791517439856,1.3115,2.041001961019021,2.2533040968934763,0.1016082763671875,3.1128976345062256,1
pure_rrt_1772962410,pure_rrt,427,1.1810491699548487,-0.247399583197147,1.4362261239237981,-0.0018878331295721917,-0.5978167238243639,1.3115,1.24003577839543,1.3784342477547833,0.10157632827758789,2.4105288982391357,1
pure_rrt_1772962410,pure_rrt,428,-0.05533047933493443,-0.7508134056136735,1.4325698927952002,0.35502332660749825,0.15037630095506282,1.3115,0.997592628390129,1.2019837151216861,0.0513157844543457,3.0122952461242676,1
pure_rrt_1772962410,pure_rrt,429,0.21449071404603903,0.2610067920852019,1.440146994736342,0.6744694635876478,-0.11123421774095399,1.3115,0.6055525317269763,1.9354464252178927,0.05105137825012207,4.3146021366119385,1
pure_rrt_1772962410,pure_rrt,430,0.8206950113451958,-0.1936372100289651,1.4345193174639905,-0.7584789281052013,0.21197840445165217,1.3115,1.6350682280012299,2.6338304601842752,0.05099058151245117,4.312262296676636,1
pure_rrt_1772962410,pure_rrt,431,-0.8861115814736334,0.30470090108407105,1.4307933617674864,-0.5910617512619771,-0.5762170932335826,1.3115,0.9366439137593077,1.0368377367305406,0.10102009773254395,3.0069804191589355,1
pure_rrt_1772962410,pure_rrt,432,-0.6896663342558385,-0.6448779303030756,1.4247927194381416,0.4988637792377695,-0.6574110693692938,1.3115,1.193983312502177,1.2562719443090198,0.1511077880859375,4.612359046936035,1
pure_rrt_1772962410,pure_rrt,433,0.5184196765866982,-0.7936374597082482,1.426732162345155,0.7402890741609294,0.10231150812940903,1.3115,0.9301768830647511,1.0390822187455242,0.05102205276489258,4.011421203613281,1
pure_rrt_1772962410,pure_rrt,434,0.8962643850243097,0.08444147414596445,1.4311765683543198,0.17159618147289346,-0.15756143053462957,1.3115,0.7733252175671939,0.6726086517236616,0.05095338821411133,3.009791851043701,1
pure_rrt_1772962410,pure_rrt,435,0.30165002918250106,-0.22961097683058695,1.4281345263941465,0.018473173963861278,-0.4755886687582688,1.3115,0.3928075470313355,0.8329780869513722,0.05118107795715332,2.9119441509246826,1
pure_rrt_1772962410,pure_rrt,436,-0.10018724710339155,-0.6027644280556629,1.4381035927180852,0.7671801090135448,0.26498615889136656,1.3115,1.233428425687249,2.6100321528522317,0.05163931846618652,4.812777757644653,1
pure_rrt_1772962410,pure_rrt,437,0.937732599089889,0.29945691622362314,1.4386255415358913,-0.04818277560771267,-0.08163313565306529,1.3115,1.0646218375626546,1.7718812000118804,0.051151275634765625,3.813002109527588,1
pure_rrt_1772962410,pure_rrt,438,-0.22550437781158617,-0.04540409866042584,1.441150464632047,0.6338944294280715,-0.5546112643283553,1.3115,1.007307048735299,1.0212431943088844,0.15311336517333984,2.7280046939849854,1
pure_rrt_1772962410,pure_rrt,439,0.5355867976440213,-0.6866984222477864,1.4329551325780976,-0.8489766246558035,-0.41158919725822996,1.3115,1.4168459003273859,1.4320303204528984,0.1530144214630127,4.075419664382935,1
pure_rrt_1772962410,pure_rrt,440,-0.8496771467722608,-0.41120546559591487,1.3112607162058625,1.028880909044288,-0.07268854364517796,1.3115,1.9088148503134053,2.1906510566772686,0.15263986587524414,3.717838764190674,1
pure_rrt_1772962410,pure_rrt,441,1.1774157296965102,-0.14154337370427456,1.4343692448720637,0.027575877097842483,0.4171466316842324,1.3115,1.2842753054079048,2.6130677691312143,0.10185503959655762,6.314521551132202,1
pure_rrt_1772962410,pure_rrt,442,0.1892257550286227,0.3646492791921682,1.6530093941858137,-0.5756035465765232,-0.2968952764530576,1.3115,1.0673489242112046,3.2545625972259624,0.1512899398803711,7.815176725387573,1
pure_rrt_1772962410,pure_rrt,443,-0.7515766199742597,-0.35745857720896873,1.4443260053061469,-0.12798941884108517,-0.2009895932447714,1.3115,0.6564954592725551,0.8927634808908284,0.05109548568725586,2.9116194248199463,1
pure_rrt_1772962410,pure_rrt,444,-0.029502632412210905,-0.36590744776835776,1.448189880499369,0.8951118534795446,0.5696298592563976,1.3115,1.3224318975988665,1.3677671830578009,0.05106973648071289,3.910557508468628,1
pure_rrt_1772962410,pure_rrt,445,0.894889506680538,0.569449427211232,1.3110979145732804,0.49088298746352654,-0.14173330754789149,1.3115,0.8179256148709377,0.9469281415754883,0.0513768196105957,3.710259437561035,1
pure_rrt_1772962410,pure_rrt,446,0.6312306968607543,-0.22660272510354854,1.433297074783013,-0.7968389763566719,0.4960209771940721,1.3115,1.6051176075638025,3.0024171410315423,0.10100603103637695,4.611496448516846,1
pure_rrt_1772962410,pure_rrt,447,-0.8687163839730063,0.6107363120266712,1.4255455591137411,0.4338394738118614,0.486891775730781,1.3115,1.313390886740723,1.266095456740821,0.05174899101257324,3.1122069358825684,1
pure_rrt_1772962410,pure_rrt,448,0.395958262409402,0.6498131900137889,1.4346723301309006,-0.7408956556087125,-0.030707377847289496,1.3115,1.330682718421254,1.4611410401508989,0.10102963447570801,2.911492347717285,1
pure_rrt_1772962410,pure_rrt,449,-0.9033682831371943,0.012187199590483033,1.4334596975148957,0.1422238470507209,0.19163296863227752,1.3115,1.0678660283742658,1.9190519195559939,0.05143427848815918,3.9181084632873535,1
pure_rrt_1772962410,pure_rrt,450,0.31197966416348266,0.19771818701287944,1.4350203733012163,0.5467529551402361,-0.6439561223378227,1.3115,0.8824915998452952,3.036171943652379,0.10259413719177246,5.3225977420806885,1
pure_rrt_1772962410,pure_rrt,451,0.4876921043529684,-0.7847636916621705,1.429099528343552,1.0227857714295696,0.2703364858966756,1.3115,1.1888613318199979,3.115371317020291,0.10203242301940918,5.112461566925049,1
pure_rrt_1772962410,pure_rrt,452,1.1878558530554284,0.30158797710454555,1.434748402018116,-0.17988819864372618,0.32137395184294404,1.3115,1.3734283542852854,1.2009535536189815,0.1016690731048584,3.1136794090270996,1
pure_rrt_1772962410,pure_rrt,453,-0.00904942317085694,0.3963942425730229,1.4441364416984102,-0.5279152973678448,-0.6078043772937921,1.3115,1.138081319245262,2.4814259667958356,0.10174894332885742,4.61230993270874,1
pure_rrt_1772962410,pure_rrt,454,-0.6199730702730493,-0.7260473943034111,1.4284063332595742,-0.347677979059842,-0.7142216235435258,1.3115,0.296566276419071,0.278060453006928,0.05103945732116699,1.9048206806182861,1
pure_rrt_1772962410,pure_rrt,455,-0.37545954937200904,-0.8484480027049829,1.4257723931005066,-0.287428451039753,0.3139126051295956,1.3115,1.1712770111054305,1.5548476152027446,0.0516660213470459,3.210693597793579,1
pure_rrt_1772962410,pure_rrt,456,-0.39512365338121413,0.40888429954173366,1.4259936380859486,-0.4653278463284098,-0.5762150614489756,1.3115,0.9942123379307999,1.2210314645326101,0.051042795181274414,2.7063260078430176,1
pure_rrt_1772962410,pure_rrt,457,-0.5694219935350735,-0.6888861903591428,1.4284664431364371,0.403218230518521,-0.01436486891565636,1.3115,1.1894070654527333,1.5322101002508113,0.05092620849609375,3.1066439151763916,1
pure_rrt_1772962410,pure_rrt,458,0.5587963978904394,-0.06736344152072357,1.432964327991579,0.7100515278593669,-0.3406625215728744,1.3115,0.3351478546458487,0.48908657696300584,0.05129742622375488,2.6068084239959717,1
pure_rrt_1772962410,pure_rrt,459,0.7944151886343349,-0.4937619506280604,1.4377134218388472,0.28136170856676257,0.28485254853617714,1.3115,0.9409538987487613,1.8419967861078248,0.05098557472229004,4.008233308792114,1
pure_rrt_1772962410,pure_rrt,460,0.16710310014304364,0.39563075997716646,1.4311595622333404,-0.6191142307021915,-0.27822044676355917,1.3115,1.0423682415448068,1.081204662655454,0.10105037689208984,3.7108778953552246,1
pure_rrt_1772962410,pure_rrt,461,-0.6194557452129171,-0.27862373879692115,1.310903402188076,-0.13536495875404864,-0.1493263628346746,1.3115,0.5010609313187744,0.45614875456866977,0.2035541534423828,3.7087738513946533,1
pure_rrt_1772962410,pure_rrt,462,-0.3133150938461726,-0.139472266558472,1.4401053402059816,0.9961763104100105,-0.41228821394213816,1.3115,1.343776622991029,1.6177578983365717,0.10195350646972656,3.1101999282836914,1
pure_rrt_1772962410,pure_rrt,463,1.0602691981241787,-0.5708750216583423,1.436621789199449,0.884885152214772,0.1443440565882531,1.3115,0.7469627538103448,0.744396040417909,0.10233402252197266,3.912137508392334,1
pure_rrt_1772962410,pure_rrt,464,1.0517248826411612,0.13506388885862938,1.4351292832362699,0.8342353327923302,0.42011070136044204,1.3115,0.3792592639401237,0.4450432270364683,0.10215425491333008,3.7098751068115234,1
pure_rrt_1772962410,pure_rrt,465,0.8335614007795258,0.4196145774014154,1.3121942322211453,0.6234931027751236,-0.11021873074533162,1.3115,0.5699583372550743,0.6491962835414725,0.10233235359191895,3.7141456604003906,1
pure_rrt_1772962410,pure_rrt,466,0.7650232278717078,-0.18222981038131134,1.4317460541928368,0.6659188389624542,0.15856636497379228,1.3115,0.37473033849248155,0.3447535250472765,0.051506996154785156,2.607640027999878,1
pure_rrt_1772962410,pure_rrt,467,0.8329426624229727,0.1531020484251709,1.4341459987958758,1.0786154237375754,0.5449712033670414,1.3115,0.4784961664082957,1.1787096557508323,0.4033536911010742,6.015222549438477,1
pure_rrt_1772962410,pure_rrt,468,1.078618274333832,0.545332754961604,1.3120085520064104,-0.6119135710130583,0.25449639631979604,1.3115,1.7153670062890716,4.26251348040131,0.30223560333251953,7.915919065475464,1
pure_rrt_1772962410,pure_rrt,469,-0.7297873184380808,0.350197395140192,1.4288437491847867,0.12960003743052506,0.4121259604873889,1.3115,0.8695696234951735,0.7892264503599647,0.050852060317993164,3.1067111492156982,1
pure_rrt_1772962410,pure_rrt,470,0.039972638796089366,0.5242329304273821,1.4266434008731221,0.29706912248928785,-0.04451260853703132,1.3115,0.634687397687993,0.5466890577868065,0.051186561584472656,1.7046644687652588,1
pure_rrt_1772962410,pure_rrt,471,0.1284757616261819,-0.0008578324970131557,1.437108486087293,0.49237066866327983,0.4569456863927498,1.3115,0.5981480226938223,0.7229136152142094,0.05129408836364746,3.1108314990997314,1
pure_rrt_1772962410,pure_rrt,472,0.4401816234470377,0.6168960955061221,1.4349966771459606,-0.5557380195200363,-0.10882003014720865,1.3115,1.2384551907707597,1.3804856897117617,0.05102348327636719,4.509616851806641,1
pure_rrt_1772962410,pure_rrt,473,-0.7335484179097564,-0.08365668175755128,1.4392912974580163,0.5668471193539755,0.6197468731540255,1.3115,1.4839594772444686,1.5693766006669334,0.05103659629821777,3.213411808013916,1
pure_rrt_1772962410,pure_rrt,474,0.5478906846842457,0.7660062706398065,1.4278069527579784,0.7127406599617341,-0.46265503801989294,1.3115,1.2451150280219896,1.8146120908994945,0.10236859321594238,3.4199631214141846,1
pure_rrt_1772962410,pure_rrt,475,0.608702770825717,-0.6109292111107357,1.4411441320131027,0.34788316241567485,-0.48465401463841823,1.3115,0.31745849231154755,0.3516893194783916,0.10274529457092285,1.9069032669067383,1
pure_rrt_1772962410,pure_rrt,476,0.2582203109001476,-0.6398488594572237,1.440903258957229,0.22547695100965703,-0.7358145109920379,1.3115,0.16439810619399245,0.2361553023705463,0.10234379768371582,2.307526111602783,1
pure_rrt_1772962410,pure_rrt,477,0.21357635001188405,-0.8644753196622255,1.4250884650381708,0.6050443573733022,-0.4647917103329638,1.3115,0.5708734778772901,0.5953899110027661,0.20703959465026855,2.422348976135254,1
pure_rrt_1772962410,pure_rrt,478,0.6723400502717316,-0.5372510241426143,1.4272919232515868,-0.22502153641792721,-0.538427818843221,1.3115,0.9048021726334717,1.2413052951149959,0.10271549224853516,2.8071062564849854,1
pure_rrt_1772962410,pure_rrt,479,-0.33967034671452767,-0.6209530739065371,1.4269250395551536,1.1017346571772042,-0.2369427050835904,1.3115,1.4961401299223172,1.6671996890269674,0.051084280014038086,3.309957981109619,1
pure_rrt_1772962410,pure_rrt,480,1.2075243407798077,-0.38821054465044463,1.443776679895197,0.8834400368817776,0.07184291517264152,1.3115,0.5780803940390636,0.4625156410367704,0.05093216896057129,4.00836706161499,1
pure_rrt_1772962410,pure_rrt,481,1.0478125818105792,0.04133479993862835,1.434301022659426,0.5057151663566712,-0.7385781058077211,1.3115,0.9577128168494572,1.313591932483519,0.05099320411682129,4.815455913543701,1
pure_rrt_1772962410,pure_rrt,482,0.4564794283601187,-0.8568379190449318,1.4256330884492163,0.701099110591181,-0.6152308608830164,1.3115,0.3622694044042882,0.29872900374124806,0.051107168197631836,1.6049606800079346,1
pure_rrt_1772962410,pure_rrt,483,0.7258482163699979,-0.7595356626401695,1.428269894552113,0.40008919234416074,-0.6538911611804015,1.3115,0.3618216559254855,0.30733330904161016,0.05108380317687988,1.705204963684082,1
pure_rrt_1772962410,pure_rrt,484,0.42010479465318107,-0.7905854745317664,1.425560750808956,0.23822830713285081,0.08619205390352902,1.3115,0.9026780965310618,0.9246442663247268,0.051165103912353516,2.409271717071533,1
pure_rrt_1772962410,pure_rrt,485,0.3945268333519587,0.06326606356822975,1.4308750921779194,-0.3382153327058792,0.3906178895874054,1.3115,0.8113696522237615,2.8572553792487025,0.05127596855163574,4.910776376724243,1
pure_rrt_1772962410,pure_rrt,486,-0.4317536934675029,0.5007173692185862,1.4265316722592059,-0.7569520582384333,-0.28375655011161244,1.3115,0.8569630051418319,0.9826530944244338,0.10161995887756348,3.5131752490997314,1
pure_rrt_1772962410,pure_rrt,487,-0.921148599280552,-0.3197470816447969,1.4349616373464418,0.6900348599807096,-0.03227231644922868,1.3115,1.6412789695592875,2.103794559365742,0.15418791770935059,3.5166096687316895,1
pure_rrt_1772962410,pure_rrt,488,0.8545475475453677,-0.11206893452982505,1.442237457018383,-0.22252196234634447,-0.14665739087709528,1.3115,1.085526311573558,0.9440241046283219,0.10221314430236816,3.111417293548584,1
pure_rrt_1772962410,pure_rrt,489,-0.0813267164514595,-0.23553782991135974,1.4344231383982042,0.31268253283433034,0.26780111896464687,1.3115,0.6509250985574446,2.330630784075109,0.20240545272827148,5.9160706996917725,1
pure_rrt_1772962410,pure_rrt,490,0.16621933102186248,0.18055415478071682,1.6525635148878597,0.4005642254787496,-0.16420517477394503,1.3115,0.5386101057914257,2.473449632234509,0.25168824195861816,6.111898899078369,1
pure_rrt_1772962410,pure_rrt,491,0.5359550287081706,-0.25302458409617884,1.4325977452684977,-0.6384576695898463,-0.17979068155729994,1.3115,1.1829087261128042,1.8456723318714212,0.05088305473327637,3.6116867065429688,1
pure_rrt_1772962410,pure_rrt,492,-0.8011640544725952,-0.1821414837263609,1.4326994081820983,0.2604508415722837,0.06459510182466044,1.3115,1.0966286639959062,0.9616086005784156,0.051106929779052734,2.91938853263855,1
pure_rrt_1772962410,pure_rrt,493,0.1071647977556408,0.13304146507142245,1.4348275517196993,-0.20999862571349048,-0.7070057224769429,1.3115,0.9063562210895632,1.1377222222195036,0.10358047485351562,3.1083388328552246,1
pure_rrt_1772962410,pure_rrt,494,-0.251421243012081,-0.8396647140499379,1.4264384495037579,-0.33177365463388575,-0.0311597751878675,1.3115,0.8205775974227715,0.883405286518468,0.05141711235046387,2.605675220489502,1
pure_rrt_1772962410,pure_rrt,495,-0.17230158662768869,-0.0953626542673348,1.4362985597297864,-0.35907382392803644,-0.15265153929670316,1.3115,0.23182011449551704,0.16438126922361135,0.050940752029418945,1.4038739204406738,1
pure_rrt_1772962410,pure_rrt,496,-0.21829947295644192,-0.25278530830050716,1.4367241303846945,-0.5041469898286783,0.3598319076593063,1.3115,0.6875243552216744,2.1910802704941794,0.051077842712402344,4.414628982543945,1
pure_rrt_1772962410,pure_rrt,497,-0.6032477531338533,0.4773345082834499,1.4299341387884552,-0.6084426946715995,-0.6322535200977107,1.3115,1.1159028745257962,1.3759803739652932,0.10181689262390137,2.8109915256500244,1
pure_rrt_1772962410,pure_rrt,498,-0.7003514441483604,-0.7341875109203274,1.4257026183103667,-0.007161907416714075,0.2593443061683932,1.3115,1.216823505456232,1.2897602420985064,0.15338468551635742,2.910966634750366,1
pure_rrt_1772962410,pure_rrt,499,-0.12272445633919682,0.34682609000714115,1.4275779255212322,0.336466246264685,-0.5570234909504601,1.3115,1.020428464493416,1.1819892884826297,0.10300612449645996,2.709225654602051,1
pure_rrt_1772962410,pure_rrt,500,0.2292334551661085,-0.6710566737621825,1.4305057525377503,1.0230101789874138,-0.6482516855262773,1.3115,0.802971932203113,0.8206020257425681,0.10271310806274414,3.716230630874634,1
pure_rrt_1772962410,pure_rrt,501,1.0280230286321714,-0.7938344333490048,1.4285144155999494,-0.3542993348354344,-0.4036511300750722,1.3115,1.4410935084700864,1.548331180560986,0.10229897499084473,3.1140618324279785,1
pure_rrt_1772962410,pure_rrt,502,-0.48977528013911426,-0.5294594012378324,1.4436442722010308,-0.3339956428130534,0.30041321256228215,1.3115,0.8546449316625082,1.8979659662402038,0.10154891014099121,4.511770009994507,1
pure_rrt_1772962410,pure_rrt,503,-0.16020385445056823,0.3786084049435379,1.447609572993078,-0.7434442757073885,-0.07307717989276985,1.3115,0.7501433678951701,1.282137652975201,0.1010892391204834,3.6103157997131348,1
pure_rrt_1772962410,pure_rrt,504,-0.9201620054611857,-0.03326378870101844,1.4411790012181496,0.9235590325286225,-0.5516768600844242,1.3115,1.9196030896683638,2.0554170898027206,0.050992727279663086,3.110168695449829,1
pure_rrt_1772962410,pure_rrt,505,0.9310799086150947,-0.7153696767020454,1.4327011774183576,-0.18456552735497378,0.4933710169743125,1.3115,1.6493660990688643,2.30203461359151,0.051335811614990234,4.4113194942474365,1
pure_rrt_1772962410,pure_rrt,506,-0.257312058079471,0.6121460522887855,1.4256888301357205,1.036447768611257,0.026671084076570928,1.3115,1.4246524195359656,3.1052451931292375,0.10129022598266602,4.909944534301758,1
pure_rrt_1772962410,pure_rrt,507,1.2034755793558758,-0.02364856936438396,1.4385618260938389,-0.04295164159501208,-0.3855431952181417,1.3115,1.3041063012651561,1.267762280508972,0.051003456115722656,3.1107540130615234,1
pure_rrt_1772962410,pure_rrt,508,0.04203660918870877,-0.5269048499524944,1.4334001989729845,-0.36455741623550086,0.15583590242537837,1.3115,0.8039361261803203,1.63551493852251,0.051886796951293945,3.7118842601776123,1
pure_rrt_1772962410,pure_rrt,509,-0.5017002823900623,0.24034263704463094,1.4312646946344878,0.046514188616282315,0.5925353229137321,1.3115,0.6625121706665846,0.7449166148249909,0.05109715461730957,2.0049266815185547,1
pure_rrt_1772962410,pure_rrt,510,0.022745276692483607,0.7420290050639478,1.428551424949001,-0.646862154352116,-0.5351868573181999,1.3115,1.4468432903785098,1.7908617019257782,0.05096292495727539,3.4106338024139404,1
pure_rrt_1772962410,pure_rrt,511,-0.7596940509134396,-0.6142818701358664,1.4264277137088128,0.8129210266411351,0.028120111100189304,1.3115,1.702647017742176,2.1507420182178345,0.05138349533081055,3.708688497543335,1
pure_rrt_1772962410,pure_rrt,512,0.9703577093016705,-0.011665201004665962,1.4326093775333906,0.83179687221858,0.2501468526084567,1.3115,0.32001896555800047,0.42211407464318745,0.102142333984375,3.7152295112609863,1
pure_rrt_1772962410,pure_rrt,513,0.831145230962761,0.2504556770893562,1.3116601419994702,0.2042927467731246,-0.6307093749439266,1.3115,1.0813861065803445,1.1662922858404445,0.10280108451843262,2.609457492828369,1
pure_rrt_1772962410,pure_rrt,514,0.20559810863411,-0.6304667615515984,1.3119201490951649,-0.5444348613963874,0.556389253978388,1.3115,1.4039860520168093,2.9066248216799013,0.30701327323913574,5.721778154373169,1
pure_rrt_1772962410,pure_rrt,515,-0.5945567858111608,0.5860152278713455,1.647737949988534,0.04326980190320351,-0.17723414586288522,1.3115,1.0499658668326017,3.6576473717900084,0.15189790725708008,7.120556831359863,1
pure_rrt_1772962410,pure_rrt,516,-0.11434607581225342,-0.17749790000123916,1.4312223849493886,-0.7495747041421027,-0.0388213605895642,1.3115,0.6611202933589236,0.8133515562812831,0.10458993911743164,2.7103865146636963,1
pure_rrt_1772962410,pure_rrt,517,-0.9082809610493919,-0.0008509608240393624,1.4325900106546197,-0.77002206328744,0.33734624595366147,1.3115,0.3849099429255169,0.46928402147868303,0.05136418342590332,1.7045378684997559,1
pure_rrt_1772962410,pure_rrt,518,-0.8725697098576202,0.45854756250917483,1.4315865182128096,-0.5465520074971895,-0.2892845008665623,1.3115,0.8245975437276432,0.8410536936073393,0.05110931396484375,2.21058988571167,1
pure_rrt_1772962410,pure_rrt,519,-0.7101434586721566,-0.32610882875159153,1.4345731434729585,-0.46692531463328774,0.4631385273809042,1.3115,0.8349930858373391,1.2044052681236652,0.05128002166748047,3.1105563640594482,1
pure_rrt_1772962410,pure_rrt,520,-0.439189071571327,0.6418390742144445,1.442290335479841,-0.39970590904178915,-0.12299714109532234,1.3115,0.7769423841107083,0.8704977729145669,0.051259517669677734,4.310638666152954,1
pure_rrt_1772962410,pure_rrt,521,-0.5690669185669078,-0.106328827618897,1.4350603898285366,-0.8191541711309405,-0.6534088916080839,1.3115,0.6140907101105006,0.7598872306191053,0.0510861873626709,2.5109570026397705,1
pure_rrt_1772962410,pure_rrt,522,-0.9028883242733045,-0.7663970609348676,1.426096717736397,0.19470696354227957,-0.05900561396088522,1.3115,1.3108205379848434,1.543892798686859,0.05107307434082031,3.8080525398254395,1
pure_rrt_1772962410,pure_rrt,523,0.3540174233945492,-0.14994540214313107,1.4420855961073462,0.7564084643096469,-0.2203029096846093,1.3115,0.4288604978158934,0.5586935703472106,0.05134248733520508,3.010774850845337,1
pure_rrt_1772962410,pure_rrt,524,0.8820851321623894,-0.3319439339161222,1.4352677462778678,-0.46913487800892023,-0.023945086738425436,1.3115,1.391393999113424,2.0669552985333794,0.05144214630126953,3.7169137001037598,1
pure_rrt_1772962410,pure_rrt,525,-0.6229046341782304,0.014857271305189143,1.4318000152893533,0.27179005117645416,0.12891624171411742,1.3115,0.9099231409362448,0.7829263150192642,0.10360383987426758,3.008011817932129,1
pure_rrt_1772962410,pure_rrt,526,0.12735031917578898,0.2354688069622552,1.4408986035314615,0.9407085155827597,-0.010618336403803608,1.3115,0.8595664234882374,1.951330562282445,0.050969839096069336,4.312544107437134,1
pure_rrt_1772962410,pure_rrt,527,1.1085781265654848,-0.09781826699972981,1.4467583903130825,0.6992439965686201,-0.3077694557092183,1.3115,0.47950887767684086,0.46275775434944827,0.05141305923461914,2.811842441558838,1
pure_rrt_1772962410,pure_rrt,528,0.8020961710565053,-0.44201886303520865,1.4349826598643087,-0.3241753060171827,0.6083585035107152,1.3115,1.545000977187025,2.8605702494974885,0.10122108459472656,4.517231702804565,1
pure_rrt_1772962410,pure_rrt,529,-0.3645374762304123,0.7410416329159868,1.4268544169408206,-0.5078663686302323,0.48534186155081416,1.3115,0.3150114061117746,0.21966709228786727,0.10274147987365723,1.4080703258514404,1
pure_rrt_1772962410,pure_rrt,530,-0.5589716458134553,0.6394264641685318,1.4321311421063314,-0.0002789847939322909,0.10241948644590804,1.3115,0.7842613442250868,0.6335009242704122,0.10262012481689453,4.116665363311768,1
pure_rrt_1772962410,pure_rrt,531,-0.1390568470383613,0.16581000239323912,1.4292577937474742,0.7197422072451227,-0.04884589310569898,1.3115,0.8930172826429118,2.0670608995812563,0.1019895076751709,4.216015100479126,1
pure_rrt_1772962410,pure_rrt,532,0.8800493960105067,-0.13057493722067914,1.440236420350457,1.0775066523303387,0.1747220783561837,1.3115,0.3857054597982048,1.3394832755713384,0.20218944549560547,4.818243980407715,1
pure_rrt_1772962410,pure_rrt,533,1.077906356483112,0.17505340223446345,1.3109364905838121,0.8749808169598043,-0.15562916879707478,1.3115,0.387982029116963,0.9683110413549842,0.4027857780456543,4.81078839302063,1
pure_rrt_1772962410,pure_rrt,534,1.0109147934411817,-0.2797209125266107,1.4431128798148043,0.23643576497127428,-0.01835291920344262,1.3115,0.8279208558833491,0.6312215166922293,0.05139660835266113,2.310415744781494,1
pure_rrt_1772962410,pure_rrt,535,0.40246777178101967,-0.11194995229419324,1.4479141475736554,-0.7156161492375155,0.262076177727658,1.3115,1.1868513049399037,2.2845608628759946,0.05102658271789551,4.7114951610565186,1
pure_rrt_1772962410,pure_rrt,536,-0.8115124004584382,0.4186762717559991,1.4431355255022549,0.7503838844738024,5.061935013805918e-05,1.3115,1.622373370501261,2.8909782906669244,0.10115361213684082,5.212184906005859,1
pure_rrt_1772962410,pure_rrt,537,0.904765859531708,-0.046216539948886345,1.431936514172349,0.06085477568483855,0.38592909745418813,1.3115,0.9557409289719122,2.745586782997627,0.051308393478393555,4.809381484985352,1
pure_rrt_1772962410,pure_rrt,538,-0.029810068310968885,0.5138086966110589,1.43037278360655,0.10652907045009441,0.39501447284873803,1.3115,0.2164050993848585,0.08508727579669595,0.05122208595275879,2.0095701217651367,1
pure_rrt_1772962410,pure_rrt,539,0.041598516720635303,0.5563268865148858,1.438501440578853,0.5382117882956075,0.39189406426090445,1.3115,0.538323564826871,0.4491220544207702,0.05199742317199707,1.804241418838501,1
pure_rrt_1772962410,pure_rrt,540,0.49061823481405986,0.5651464550840424,1.4404985382295097,-0.5916115162937101,-0.264928500486103,1.3115,1.3699949959444797,1.5613950134566998,0.05103492736816406,3.110377788543701,1
pure_rrt_1772962410,pure_rrt,541,-0.7653558274375636,-0.30166810470442296,1.4400940508736038,0.417574513235478,0.11015585171536446,1.3115,1.2591503452273554,1.1691705296613284,0.05141425132751465,3.1115922927856445,1
pure_rrt_1772962410,pure_rrt,542,0.2728006425926556,0.22890478649603965,1.444873977223387,0.061091165783162205,0.6022901848328225,1.3115,0.4494732206288289,0.6522039225165411,0.10094261169433594,3.6138553619384766,1
pure_rrt_1772962410,pure_rrt,543,0.1533354785349096,0.724171033415997,1.4296776060862324,0.46718392803351017,-0.2963070827968456,1.3115,1.0741705551271923,1.5875605806365483,0.10197782516479492,3.7198729515075684,1
pure_rrt_1772962410,pure_rrt,544,0.29245666340086085,-0.3510342821105623,1.4417508122237104,-0.5263849915172485,0.4327829937365505,1.3115,1.1409804782862647,1.3277536476010348,0.10253047943115234,2.914902687072754,1
pure_rrt_1772962410,pure_rrt,545,-0.6049518359904007,0.5689819573478047,1.4314870249630487,-0.31947479268335854,0.14031974442066442,1.3115,0.528815016056094,0.3920019776908199,0.10801577568054199,4.012151479721069,1
pure_rrt_1772962410,pure_rrt,546,-0.45318188355084854,0.20975626074234072,1.4288546744823685,-0.2678742387870786,-0.4508266268661139,1.3115,0.6960465460239583,0.7600267696995432,0.10178685188293457,3.107969284057617,1
pure_rrt_1772962410,pure_rrt,547,-0.39914590259598104,-0.5188073639087055,1.4276555547336853,0.421568650833003,0.5462308205482153,1.3115,1.3495817224076951,1.6833443784791267,0.054421186447143555,3.107283353805542,1
pure_rrt_1772962410,pure_rrt,548,0.4119862188481919,0.710485309621949,1.4329464460986925,0.6897026343280379,0.1706892573760176,1.3115,0.6190762672864059,3.352295062669789,0.05129599571228027,5.611264705657959,1
pure_rrt_1772962410,pure_rrt,549,0.851988148366478,0.16948624223364242,1.4319093498660813,0.45639144219736316,0.02704542696712453,1.3115,0.43736089368028275,0.3041069484528314,0.0510258674621582,3.3128139972686768,1
pure_rrt_1772962410,pure_rrt,550,0.6316078952989909,-0.0359505516027811,1.4439989203218835,0.039430093522217935,0.4449103994841487,1.3115,0.774246580285546,2.5702445785441665,0.051091909408569336,4.811909198760986,1
pure_rrt_1772962410,pure_rrt,551,-0.04061707861255537,0.5723472017684246,1.4293575157891238,1.0630182511081268,-0.5908699047696422,1.3115,1.6077858601127373,2.2682047828725436,0.051537513732910156,3.710660457611084,1
pure_rrt_1772962410,pure_rrt,552,1.078381990336717,-0.744260629606516,1.4295843001362676,0.593489967360056,0.5184371827216331,1.3115,1.3577444314536384,5.629061960613026,0.1011362075805664,9.018879652023315,1
pure_rrt_1772962410,pure_rrt,553,0.49018384050053676,0.39526442325580385,1.6565884004077223,-0.2938234672245187,0.5083982020987395,1.3115,0.8640328203127081,0.9960171565475578,0.10146021842956543,3.0121829509735107,1
pure_rrt_1772962410,pure_rrt,554,-0.2942094857262102,0.5078513487665617,1.3110851151096168,-0.8373110067998992,0.5799014306197118,1.3115,0.5478600629878698,0.5688674823875703,0.10140419006347656,3.1101016998291016,1
pure_rrt_1772962410,pure_rrt,555,-0.8372151551406245,0.5800134614723167,1.311428649178844,0.7708602257502346,-0.3561898733778862,1.3115,1.8607480001071781,2.4723511070881266,0.35467076301574707,4.817615032196045,1
pure_rrt_1772962410,pure_rrt,556,0.8667982487255259,-0.44439649332030473,1.425311209300138,0.5217056073272972,-8.029308989310202e-05,1.3115,0.573985024453389,0.46213803320759417,0.2552676200866699,1.715782642364502,1
pure_rrt_1772962410,pure_rrt,557,0.6584339549653464,-0.035046951333702336,1.426698036088629,-0.8484152000983621,-0.09891281545176889,1.3115,1.5125950589085093,2.433201924783298,0.10234689712524414,4.118814945220947,1
pure_rrt_1772962410,pure_rrt,558,-1.0109071541559256,-0.07758830532137331,1.4344854945575607,-0.2838746651215207,-0.330911140789403,1.3115,0.7796628315834302,1.188352108189266,0.10210704803466797,3.1133196353912354,1
pure_rrt_1772962410,pure_rrt,559,-0.22670278422371548,-0.506865677061298,1.444283638994644,0.9165378804705187,0.4280105634134833,1.3115,1.4827758755791232,3.1548880654453617,0.15233421325683594,6.5153422355651855,1
pure_rrt_1772962410,pure_rrt,560,0.960973801530628,0.47019320655608154,1.6492992091837393,0.8955435513127907,-0.4883563333275463,1.3115,1.0184334262875718,1.130540475395536,0.0511929988861084,2.8065433502197266,1
pure_rrt_1772962410,pure_rrt,561,0.9332374867646656,-0.5082982434861496,1.6353124801218204,0.701854148383777,-0.6953630535178119,1.3115,0.4397567676740301,0.3169010632848772,0.05097484588623047,2.0053608417510986,1
pure_rrt_1772962410,pure_rrt,562,0.7178913142454355,-0.7265245172609653,1.6307110098107263,0.8229896579860032,-0.02653362325410802,1.3115,0.7764847598851593,4.328006183032109,0.40259337425231934,7.414158344268799,1
pure_rrt_1772962410,pure_rrt,563,0.9854861294938051,-0.09705212899402449,1.4401672566981976,0.31417540320723125,-0.5850820620401551,1.3115,0.8398729485598747,0.8977785679369851,0.10165023803710938,2.4108071327209473,1
pure_rrt_1772962410,pure_rrt,564,0.3590889216528981,-0.7173927470079973,1.4265591809882125,0.45335492114327147,0.3964400622612222,1.3115,1.123720704087167,2.1325702113768394,0.10110282897949219,4.110646963119507,1
pure_rrt_1772962410,pure_rrt,565,0.3826938979728576,0.5526920260835103,1.435260673666097,0.15257866917849183,-0.15159273821895947,1.3115,0.7511902236437551,0.8388041971267791,0.05133533477783203,2.910513162612915,1
pure_rrt_1772962410,pure_rrt,566,-0.010604855075109998,-0.14554422026819844,1.433381016053827,0.6608294776571699,0.08404279421479088,1.3115,0.7199925294509434,1.8559884859086906,0.051217079162597656,4.110507011413574,1
pure_rrt_1772962410,pure_rrt,567,0.8299658275203674,0.0549649511827511,1.4354829669812763,0.3302515450205705,0.12441657794839256,1.3115,0.5195283136616915,2.1416916158859163,0.05140233039855957,4.611854791641235,1
pure_rrt_1772962410,pure_rrt,568,0.18322055463734854,0.22280642738968692,1.439168412660521,-0.402406865681134,-0.03901216965208354,1.3115,0.65407008552376,0.7829394056913038,0.05123424530029297,3.2110655307769775,1
pure_rrt_1772962410,pure_rrt,569,-0.5690692810188229,0.006262195551007488,1.4369499659943452,0.09355613000734608,0.15315613261547922,1.3115,0.6902086337129396,0.5730145045534174,0.050874948501586914,2.6112442016601562,1
pure_rrt_1772962410,pure_rrt,570,-0.040294436606526096,0.22685911356028537,1.4295663476335736,0.6008031418619415,-0.04739043425359135,1.3115,0.7072189067309927,2.0356843455203575,0.10168099403381348,4.2137086391448975,1
pure_rrt_1772962410,pure_rrt,571,0.7622077832742705,-0.1288940639866673,1.4412998868962734,-0.36879588677145925,-0.24581384993613936,1.3115,1.1444158110764049,1.036568253985246,0.10218667984008789,3.2708239555358887,1
pure_rrt_1772962410,pure_rrt,572,-0.24759357187607012,-0.3626871466553226,1.4352083108453386,-0.5954722386493243,-0.36265714109474584,1.3115,0.36921987198480716,0.9058349420252781,0.10269856452941895,3.3147807121276855,1
pure_rrt_1772962410,pure_rrt,573,-0.7516524228064159,-0.4279746989107712,1.4354856188695706,0.08240537717814755,-0.47356174269744805,1.3115,0.8444542770113541,0.7163694415673348,0.1023092269897461,2.313333034515381,1
pure_rrt_1772962410,pure_rrt,574,-0.04985056188019654,-0.5714473615309863,1.43301907230573,-0.46274070953503815,-0.033229208515224706,1.3115,0.6891472550915224,0.8268991840128064,0.10171675682067871,2.0062415599823,1
pure_rrt_1772962410,pure_rrt,575,-0.6208658116368784,0.005582384691973752,1.4333701698997472,-0.4388056203601179,-0.6925448479238717,1.3115,0.7316965795184385,0.912187104493375,0.05143094062805176,2.406435966491699,1
pure_rrt_1772962410,pure_rrt,576,-0.5030290511152983,-0.8142656445214251,1.425902165505463,0.717724816927189,0.042994835989419444,1.3115,1.496069314322942,1.76854046948285,0.10188555717468262,4.411499500274658,1
pure_rrt_1772962410,pure_rrt,577,0.8760430583175851,0.006148132271397655,1.4321338969033643,0.973735871915842,-0.19750133334009856,1.3115,0.25606547552273273,0.37265076526854335,0.1015768051147461,3.7110257148742676,1
pure_rrt_1772962410,pure_rrt,578,0.9740876089076422,-0.19743023522289274,1.3114798291776397,-0.647372304129376,-0.26866340179047504,1.3115,1.6230238488734914,2.1808750613648153,0.10123133659362793,3.8095333576202393,1
pure_rrt_1772962410,pure_rrt,579,-0.8135704742407164,-0.2997481096235842,1.434789291766141,0.10520932223411517,0.22190354452750682,1.3115,1.063709082481248,2.1452835842693863,0.05107402801513672,4.31014609336853,1
pure_rrt_1772962410,pure_rrt,580,0.2795356277674942,0.23909241127546907,1.4375382678684052,-0.32848211642031233,-0.20085247212883384,1.3115,0.761001131831039,1.8837075138853203,0.05123710632324219,4.109490156173706,1
pure_rrt_1772962410,pure_rrt,581,-0.490471729635497,-0.2090755756124077,1.4325547764335187,0.9258850070670919,0.23808085349746078,1.3115,1.4901911074068535,2.361592160219575,0.05126309394836426,4.108864068984985,1
pure_rrt_1772962410,pure_rrt,582,1.0955048649389556,0.25984525918452916,1.4352672906971589,0.759752541526606,0.569253142780375,1.3115,0.4730551800314277,0.48502255604872563,0.051256656646728516,3.3121349811553955,1
pure_rrt_1772962410,pure_rrt,583,0.8658803558119,0.6760128076539822,1.4295616448678166,0.3883475157035128,-0.6727399858985535,1.3115,1.4356567359527996,2.9049347194997344,0.05163002014160156,4.611940145492554,1
pure_rrt_1772962410,pure_rrt,584,0.3397052582849214,-0.8111337246175523,1.4271152474937678,0.3237225877456864,0.2003745411388418,1.3115,1.0182196732061892,1.3652865115275037,0.10112428665161133,3.2102556228637695,1
pure_rrt_1772962410,pure_rrt,585,0.19247308746646186,0.311782857645089,1.4357300364508085,0.031260760749884264,-0.23592114810050058,1.3115,0.5842963239245191,0.6696833744398124,0.05139946937561035,1.9054265022277832,1
pure_rrt_1772962410,pure_rrt,586,-0.13937434933820347,-0.25644840550238146,1.436272558638625,0.6158348907562847,-0.645435468931307,1.3115,0.8586152358468735,0.8617888000544534,0.10174679756164551,2.4073402881622314,1
pure_rrt_1772962410,pure_rrt,587,0.5363881574238705,-0.7681031649810062,1.4276542387567015,0.9935003604287094,0.17561881659728396,1.3115,1.0550140055142114,3.126072356045307,0.20286273956298828,5.325642108917236,1
pure_rrt_1772962410,pure_rrt,588,1.1567578393612887,0.17623556117607544,1.432832638663819,0.30363568817532327,-0.7290797531458806,1.3115,1.2498539244228328,3.3904219906935125,0.10200285911560059,5.217171907424927,1
pure_rrt_1772962410,pure_rrt,589,0.24129352796669884,-0.8364032899814231,1.425045384584577,0.34112061425943163,0.4574618674227583,1.3115,1.3026684332794372,1.796382756565338,0.1016690731048584,3.5105345249176025,1
pure_rrt_1772962410,pure_rrt,590,0.27806665743461906,0.6063549930070886,1.4328056864496328,0.9156624550405383,-0.6517061578551653,1.3115,1.41561341121035,2.1651305541472867,0.15178132057189941,4.212114095687866,1
pure_rrt_1772962410,pure_rrt,591,0.9193754976624724,-0.7969221474223639,1.4276874252951077,-0.8497974975313481,-0.16312492658462396,1.3115,1.8828625870895153,2.1018905106596293,0.05107998847961426,3.4107000827789307,1
pure_rrt_1772962410,pure_rrt,592,-1.0122890334037917,-0.15957864545392364,1.432991785021819,0.27101017550787976,-0.6829025146475063,1.3115,1.3912170878367085,1.3773124478015666,0.05135512351989746,2.709901809692383,1
pure_rrt_1772962410,pure_rrt,593,0.19620084037115398,-0.7936322647668655,1.4259419478064634,-0.19284230601179142,0.25888437189294156,1.3115,1.127937409438552,1.5317295422935044,0.05105280876159668,3.3103973865509033,1
pure_rrt_1772962410,pure_rrt,594,-0.2736385355861105,0.4289043126238813,1.4460421055101778,0.4995207824584045,-0.15227469966593643,1.3115,0.9765479781149206,2.371397126832838,0.05120992660522461,5.213766813278198,1
pure_rrt_1772962410,pure_rrt,595,0.6365703891990062,-0.238324922422989,1.4330800354494067,-0.26588664542158247,0.34106560973117006,1.3115,1.0793070893429473,2.4736631240818197,0.051398515701293945,4.410797357559204,1
pure_rrt_1772962410,pure_rrt,596,-0.36934874272579954,0.44277975081152926,1.427963464131099,0.7570411446105278,0.4352906519466039,1.3115,1.1324195350543758,1.4245415945486382,0.05124378204345703,2.8075995445251465,1
pure_rrt_1772962410,pure_rrt,597,0.8969714577099754,0.5310827007977104,1.435262590000613,-0.2410059660875028,0.05694107782031255,1.3115,1.2389996264713101,1.5633533251816327,0.051038265228271484,3.109675884246826,1
pure_rrt_1772962410,pure_rrt,598,-0.40085296628863687,0.1445413340378817,1.4414618352190574,0.5254711797600604,0.20286849540819618,1.3115,0.9372131880846921,1.6157770528201703,0.05126667022705078,3.6162872314453125,1
pure_rrt_1772962410,pure_rrt,599,0.6962895235064107,0.21278623143672354,1.4361489557694143,-0.0196908511679047,-0.5470756460314574,1.3115,1.051453913361231,2.7040802156765524,0.2535223960876465,4.714839220046997,1
pure_rrt_1772962410,pure_rrt,600,-0.13020152142617014,-0.6309417194851619,1.4263255489407363,-0.5668607810033723,-0.7080347778894983,1.3115,0.4580388142048513,0.5361025538116836,0.05174589157104492,33.068495750427246,0
pure_rrt_1772962410,pure_rrt,601,-0.5992805183820878,-0.8427552547768953,1.42574902504761,-0.19792254183587987,-0.6444678647233275,1.3115,0.4620161838246054,0.3302770092123307,0.05132651329040527,2.7065646648406982,1
pure_rrt_1772962410,pure_rrt,602,-0.2860885570753162,-0.7481404818337526,1.4248836416885244,0.4690531079547886,0.08934068874799661,1.3115,1.1333443852360003,1.5951535310472904,0.050997018814086914,3.910191535949707,1
pure_rrt_1772962410,pure_rrt,603,0.6181016389286538,0.06971765189134577,1.428494862223344,1.085287284920383,-0.11920177247653807,1.3115,0.5173400955955967,0.6498647091672559,0.05112195014953613,2.30916428565979,1
pure_rrt_1772962410,pure_rrt,604,1.2176775354582694,-0.18072905265013664,1.428162867355789,0.08943878472492639,-0.7051645468993544,1.3115,1.249626140453388,1.3405120183081143,0.05115199089050293,2.2058043479919434,1
pure_rrt_1772962410,pure_rrt,605,0.08922343732156279,-0.839228444357024,1.4256157013073534,-0.11150229486214391,-0.6894194787220714,1.3115,0.2752379680025425,0.28593843969575883,0.05151724815368652,3.6096343994140625,1
pure_rrt_1772962410,pure_rrt,606,-0.18350153518355306,-0.8017658930494598,1.4245645829750484,-0.5558305759299493,-0.7109142196450725,1.3115,0.39958295892947016,0.421309858350202,0.050916433334350586,2.3117311000823975,1
pure_rrt_1772962410,pure_rrt,607,-0.6029822470529127,-0.8390295003457224,1.426464277636305,-0.29971686195019875,0.4937142934646447,1.3115,1.371638691082307,1.881642742944065,0.05107235908508301,3.409611701965332,1
pure_rrt_1772962410,pure_rrt,608,-0.36280873286283566,0.6321569972793938,1.4286375404527232,-0.2507179661580867,0.477666645752128,1.3115,0.22394823526607646,0.08169708660885384,0.05113673210144043,1.6045200824737549,1
pure_rrt_1772962410,pure_rrt,609,-0.2843915317342631,0.6441154845584671,1.4348863942283323,1.0773140894831401,-0.34673092843704334,1.3115,1.6885624108340838,2.4364158047607107,0.051064491271972656,4.160696983337402,1
pure_rrt_1772962410,pure_rrt,610,1.1153877770198697,-0.52924671730004,1.4453220845315853,-0.10891540481141992,-0.27530811875430916,1.3115,1.257502064881791,1.4677532721206783,0.0510406494140625,2.6095311641693115,1
pure_rrt_1772962410,pure_rrt,611,-0.2880964715580636,-0.32666369393775935,1.4439343447387518,0.22445616397957813,0.0013024122513455305,1.3115,0.622744591844689,1.250456863117749,0.1016693115234375,3.610978603363037,1
pure_rrt_1772962410,pure_rrt,612,0.39001118828748427,-0.05998074363348869,1.4395204238254369,-4.524368077551966e-05,-0.32759411539104755,1.3115,0.49005118689755617,0.4710059389199021,0.051482439041137695,3.4124653339385986,1
pure_rrt_1772962410,pure_rrt,613,0.10510883744425814,-0.43194342946991227,1.4285464023566412,-0.7587424920815327,-0.27247647708110384,1.3115,0.8862102959976733,1.4003206981213356,0.10172033309936523,3.2159736156463623,1
pure_rrt_1772962410,pure_rrt,614,-0.924614563308893,-0.30560563860259243,1.4346324124812313,0.232378893627587,-0.26584134837208256,1.3115,1.1642064461146104,1.3897488523822046,0.10582304000854492,2.909359931945801,1
pure_rrt_1772962410,pure_rrt,615,0.31041502509084606,-0.43773851228997174,1.4471919759661425,0.007094710918766123,0.11744595763254173,1.3115,0.647028068150206,0.5623670755000104,0.10254383087158203,2.107842445373535,1
pure_rrt_1772962410,pure_rrt,616,0.18301500484398736,0.09571732307391995,1.4399297829982807,1.0968075067992018,0.4665524831926259,1.3115,0.9944997042587908,2.513903574301947,0.30307769775390625,5.620268106460571,1
pure_rrt_1772962410,pure_rrt,617,1.1398666338298207,0.5133053756171241,1.6504413033059975,0.3571490710123255,-0.46639716385197666,1.3115,1.2989784663619073,1.3227045857924404,0.20299124717712402,4.914640188217163,1
pure_rrt_1772962410,pure_rrt,618,0.3883630782140721,-0.48104988815324035,1.6286391497317185,0.06953224629889043,0.0031157783578292797,1.3115,0.6607925032114034,1.744846115266574,0.15187597274780273,5.111825942993164,1
pure_rrt_1772962410,pure_rrt,619,0.14737622244886395,0.018884567666028862,1.6560927131710188,0.9295390388776137,0.2492248055164148,1.3115,0.8852002228576823,0.8898312959185646,0.05141878128051758,2.910309076309204,1
pure_rrt_1772962410,pure_rrt,620,0.9960841636085501,0.2862365411495465,1.6564857821254482,-0.6140470545418966,0.34316045733369205,1.3115,1.647658357113236,2.1569502429242484,0.051966190338134766,3.9132416248321533,1
pure_rrt_1772962410,pure_rrt,621,-0.6742778778709906,0.35603143383798475,1.6497905500291055,-0.32642867972581047,0.4621224583189917,1.3115,0.4966838696441319,0.9539620859673216,0.05131196975708008,3.210360288619995,1
pure_rrt_1772962410,pure_rrt,622,-0.3048751320503438,0.4911570249920175,1.6302845566760307,0.04402304923960998,0.6048766575955294,1.3115,0.4860922642071652,0.40817793576015265,0.05121159553527832,2.9114670753479004,1
pure_rrt_1772962410,pure_rrt,623,0.06919335427586104,0.6535839077107053,1.6457545941701952,0.2938658768642759,-0.227296706518467,1.3115,0.968583776786958,1.3180854002380957,0.1511669158935547,5.0103583335876465,1
pure_rrt_1772962410,pure_rrt,624,0.32665721098003775,-0.23037586939385615,1.627631113771931,0.6368840153105959,-0.21189334362515966,1.3115,0.443307066240346,0.3836692232222988,0.051279306411743164,2.8123745918273926,1
pure_rrt_1772962410,pure_rrt,625,0.7090409542719607,-0.21609846101337674,1.6547373426920196,0.2711670359400662,0.4463029980881349,1.3115,0.8650555674599274,0.9860619813823853,0.05104351043701172,3.711491823196411,1
pure_rrt_1772962410,pure_rrt,626,0.30689058638459055,0.4839482988350571,1.6425089068158552,0.7671425036146926,0.30746118985558224,1.3115,0.5937561985708825,0.5271717586461827,0.051553964614868164,3.4111852645874023,1
pure_rrt_1772962410,pure_rrt,627,0.8138204119342299,0.33981985652080926,1.6466675621199027,-0.4756595102227057,-0.5928709750345802,1.3115,1.6263480413523852,2.1610431053215384,0.05096769332885742,4.611678123474121,1
pure_rrt_1772962410,pure_rrt,628,-0.4489549674013683,-0.6166010755583267,1.6292095206677921,0.8056922690383939,0.4841059419385002,1.3115,1.699009995790387,1.9657678130947147,0.10539364814758301,4.525121688842773,1
pure_rrt_1772962410,pure_rrt,629,0.8547022084198658,0.5358009840774107,1.6536838084321273,0.015568367742194722,-0.0416657601081849,1.3115,1.0745711711952288,1.1833321195202986,0.3027360439300537,3.011220693588257,1
pure_rrt_1772962410,pure_rrt,630,0.015984161017541965,-0.041165927630374424,1.311525928662673,-0.8351119008402077,-0.08781707453131926,1.3115,0.8523736485187934,1.7041999355412112,0.30248069763183594,3.715527057647705,1
pure_rrt_1772962410,pure_rrt,631,-0.9985858516155673,-0.06365891292219261,1.432910098677516,0.499599279306548,-0.5582861321932405,1.3115,1.5823890749815006,1.5368670535458562,0.10190176963806152,3.8149139881134033,1
pure_rrt_1772962410,pure_rrt,632,0.3971903593355333,-0.6808829595009198,1.4313960353962492,0.7213945456207789,-0.35998393530240413,1.3115,0.4716562280307304,0.5926202757918374,0.10167765617370605,3.2107417583465576,1
pure_rrt_1772962410,pure_rrt,633,0.8178491982382918,-0.4898764354883192,1.4320882242330872,-0.8554329689051047,0.6280058557070382,1.3115,2.0159552444615363,3.8949868317606944,0.10113310813903809,7.7154200077056885,1
pure_rrt_1772962410,pure_rrt,634,-0.9000325773652471,0.6635546200598698,1.6457261272911872,-0.28906435644184514,-0.7233308084854596,1.3115,1.5519150953108658,3.1673159712951895,0.10116147994995117,5.111597061157227,1
pure_rrt_1772962410,pure_rrt,635,-0.26264753531635054,-0.7630447144075483,1.6403469464211469,0.5946236935318749,-0.5467237052486478,1.3115,0.9433181080552754,0.9066217620420807,0.0513916015625,2.5066144466400146,1
pure_rrt_1772962410,pure_rrt,636,0.6221217002290119,-0.5668221174627099,1.6283947495888083,0.4322273020580487,0.30964329166113547,1.3115,0.9511434056777639,1.7825527865573267,0.051233768463134766,6.613477468490601,1
pure_rrt_1772962410,pure_rrt,637,0.4665021620726786,0.33551766315182413,1.6363254563133887,-0.6973854569120961,-0.07299938951725227,1.3115,1.275551703780242,2.5914027192706475,0.10231304168701172,5.914485454559326,1
pure_rrt_1772962410,pure_rrt,638,-0.7364083119701114,-0.08699220582973588,1.6352261077915482,-0.06611493855300599,-0.652302474151308,1.3115,0.934701823461662,1.2587934593528975,0.0511784553527832,3.3102424144744873,1
pure_rrt_1772962410,pure_rrt,639,-0.03440264990397823,-0.6843218364504807,1.6382558835191883,0.7289221862382782,0.559123347675183,1.3115,1.4951889976893602,2.8476467164927763,0.1010439395904541,6.7139294147491455,1
pure_rrt_1772962410,pure_rrt,640,0.7618199215466275,0.6090754124902128,1.6490121653894927,0.16274681988542894,-0.33139675849137723,1.3115,1.1650283032230153,2.1856568740289335,0.10159873962402344,4.516441106796265,1
pure_rrt_1772962410,pure_rrt,641,0.21632451822891252,-0.3432367219160298,1.6449183664180445,0.7017298091806639,0.2285368197644434,1.3115,0.820799053675541,1.4779053980237071,0.15270471572875977,5.1192405223846436,1
pure_rrt_1772962410,pure_rrt,642,0.7288325200652455,0.24657359046992824,1.6269214945265196,-0.0745051538221132,-0.3372708611781259,1.3115,1.0419771980308936,2.737769814645902,0.10215473175048828,5.317242860794067,1
pure_rrt_1772962410,pure_rrt,643,-0.029365666633916043,-0.3475548723642258,1.6375273456516581,0.7195027972144252,0.5337593456901674,1.3115,1.2015875154161957,1.8222488711025555,0.10405325889587402,5.311736106872559,1
pure_rrt_1772962410,pure_rrt,644,0.7493418844494948,0.5765918090400735,1.6419842987338586,-0.2357955201266979,-0.08837558076363028,1.3115,1.233651979736213,2.818637165323562,0.20120739936828613,5.8118157386779785,1
pure_rrt_1772962410,pure_rrt,645,-0.09220861917417533,-0.15166706512952197,1.4300143321857015,1.0673405702764713,0.08619951396360237,1.3115,1.18961358395848,1.2374765953767348,0.050818681716918945,3.708019971847534,1
pure_rrt_1772962410,pure_rrt,646,1.0668517554205865,0.08574142964987419,1.3111649036996509,-0.6293712152816018,0.4780175762846578,1.3115,1.7409919740900364,2.245235032740594,0.10109972953796387,3.5097692012786865,1
pure_rrt_1772962410,pure_rrt,647,-0.47384021498127205,0.412877120002061,1.654136067035269,0.288184010714875,0.11545302747263908,1.3115,0.8868717414587973,3.3535817199484264,0.10119509696960449,7.114419937133789,1
pure_rrt_1772962410,pure_rrt,648,0.45829241881596305,0.09678840295282516,1.4360175324068272,-0.39349140961462037,0.2379709170640545,1.3115,0.8723375542433757,2.6079302204221375,0.051091670989990234,4.811447381973267,1
pure_rrt_1772962410,pure_rrt,649,-0.5104029284719026,0.31917434867873024,1.4260321313781588,0.22205691740243627,-0.02828656796502782,1.3115,0.8187454571056896,0.653837694821832,0.050942420959472656,2.2586989402770996,1
pure_rrt_1772962410,pure_rrt,650,0.0656591122652167,0.010915871734331312,1.4318420011346005,-0.3350666079546122,-0.060540489048141355,1.3115,0.42446355742166564,0.5018720407661426,0.10110068321228027,3.7101449966430664,1
pure_rrt_1772962410,pure_rrt,651,-0.334161746793037,-0.0605097253476986,1.3113026157623828,0.37478335523942197,-0.6683477841533301,1.3115,0.9338470444290913,0.9488469952799546,0.051416873931884766,2.005044937133789,1
pure_rrt_1772962410,pure_rrt,652,0.37350155957608266,-0.6681442420496356,1.3115671361841827,-0.8727330384651101,-0.040708562688046235,1.3115,1.3952692247728036,1.4006332508332093,0.05116701126098633,3.110788583755493,1
pure_rrt_1772962410,pure_rrt,653,-0.8724561407313554,-0.040371246305274264,1.310487675420796,0.5282273981372294,-0.6568644598915563,1.3115,1.5303526663016003,1.5870605807595748,0.10118579864501953,3.7152442932128906,1
pure_rrt_1772962410,pure_rrt,654,0.4550338896086907,-0.782668672014367,1.4277987509372405,-0.38379509124182976,0.2750021731529463,1.3115,1.3549269630873924,1.6574582990099187,0.10237598419189453,4.112193584442139,1
pure_rrt_1772962410,pure_rrt,655,-0.49780392450288224,0.399003874318818,1.4348897192565673,-0.159016372937552,-0.37147962450766187,1.3115,0.8506743500763028,0.8991362084032004,0.1035003662109375,2.3083038330078125,1
pure_rrt_1772962410,pure_rrt,656,-0.30975621768932227,-0.4313980729808174,1.4323439837949352,0.6906641590600464,0.48243232696994964,1.3115,1.3603419417591147,1.6741563623075018,0.10448813438415527,3.114593744277954,1
pure_rrt_1772962410,pure_rrt,657,0.7043100766856207,0.6591611269206841,1.4400230316339568,-0.12515561704495182,0.5816437442574088,1.3115,0.8429356151873568,0.8748505370977292,0.10224604606628418,4.617300987243652,1
pure_rrt_1772962410,pure_rrt,658,-0.16690957112845528,0.7215162675359222,1.4273256978015985,0.10573942818563264,-0.21037054130394084,1.3115,0.9778374576523158,1.0201237486089476,0.10182642936706543,2.4117751121520996,1
pure_rrt_1772962410,pure_rrt,659,-0.046087586199681785,-0.2192595907941855,1.4287615460886314,-0.8643519995530874,-0.5136064560613489,1.3115,0.8774662372104667,0.9876807798899204,0.10183286666870117,3.1132185459136963,1
pure_rrt_1772962410,pure_rrt,660,-0.9694465151184503,-0.5691808014739802,1.4251250583155715,1.0417061551650382,0.302665923804576,1.3115,2.194940188124625,3.266903540064073,0.05096840858459473,4.410427808761597,1
pure_rrt_1772962410,pure_rrt,661,1.1983312540823743,0.33978695688324617,1.43231530061141,-0.2822605224766237,-0.5982285968273232,1.3115,1.7568783465792108,3.1442703333785937,0.05089163780212402,4.710853815078735,1
pure_rrt_1772962410,pure_rrt,662,-0.38100645846940684,-0.7073430252691546,1.4284560783453855,-0.7774953234364869,-0.24829065985205573,1.3115,0.6177468887010674,0.7116531229501928,0.10129666328430176,1.8044993877410889,1
pure_rrt_1772962410,pure_rrt,663,-0.9287485347618684,-0.26735358910900636,1.4301056664888985,-0.015330852408945383,-0.11412074251113002,1.3115,0.9337448644221554,0.7789130428112481,0.05103778839111328,2.7097902297973633,1
pure_rrt_1772962410,pure_rrt,664,-0.168163726115931,-0.09942581513229601,1.428821278160747,-0.14003012663341596,-0.6710642022624129,1.3115,0.5842313132397435,0.7189020936952084,0.10203433036804199,2.208376884460449,1
pure_rrt_1772962410,pure_rrt,665,-0.2186365013402698,-0.7819602979275949,1.4259870328237194,0.756560535670151,0.4253781535387363,1.3115,1.5562077875617388,2.549074777892602,0.05105018615722656,4.313331604003906,1
pure_rrt_1772962410,pure_rrt,666,0.8758248773774617,0.5652468120540629,1.4426852913410957,0.06306253585102972,0.4663353579041206,1.3115,0.8292018332286976,0.7037716873444335,0.051160335540771484,2.510467767715454,1
pure_rrt_1772962410,pure_rrt,667,0.17334366951699332,0.6074607540025851,1.4406857206684753,0.3315647063048961,-0.33725576981630173,1.3115,0.9665465106673933,1.4673866672661184,0.050957441329956055,4.010010004043579,1
pure_rrt_1772962410,pure_rrt,668,0.16780649654149737,-0.4008072840669509,1.438573720183069,0.5909001620182794,-0.30932802966915707,1.3115,0.45113682415972245,0.25115676078699517,0.05153489112854004,2.71062970161438,1
pure_rrt_1772962410,pure_rrt,669,0.4184972715678704,-0.3934554706934531,1.448300217904605,0.5405760426661483,-0.469278212295571,1.3115,0.19841021676232967,0.1883251982298618,0.05098319053649902,2.0049357414245605,1
pure_rrt_1772962410,pure_rrt,670,0.4099936278603077,-0.5792833388633345,1.435777267536975,-0.14404817226730493,-0.6631816578415994,1.3115,0.5739739396893216,0.632142851247713,0.05110883712768555,3.1112778186798096,1
pure_rrt_1772962410,pure_rrt,671,-0.17699153872371534,-0.8085854955610614,1.4284400988337556,-0.3426313147251605,0.40494983016977526,1.3115,1.2303574719997865,1.7190751204480554,0.051314592361450195,3.3126184940338135,1
pure_rrt_1772962410,pure_rrt,672,-0.4333900813667487,0.5142755125366933,1.4274717226811335,-0.20438112630365834,-0.7164438351192162,1.3115,1.257205096495916,1.5874167770146543,0.10213661193847656,3.0142526626586914,1
pure_rrt_1772962410,pure_rrt,673,-0.26993731312750247,-0.8252575944044205,1.4256812058578305,0.1038576063748392,-0.18750588727180983,1.3115,0.7479887897338232,0.9276426615578777,0.10390377044677734,2.609112024307251,1
pure_rrt_1772962410,pure_rrt,674,0.2360747298807948,-0.27689040246437485,1.4318963365406847,-0.8533309865246298,-0.10533325091088563,1.3115,1.1093835896741853,1.8634565038218724,0.10260844230651855,3.718273639678955,1
pure_rrt_1772962410,pure_rrt,675,-1.0164796470869417,-0.08614565858629027,1.432824520787105,0.46988877410364527,-0.31449905922220245,1.3115,1.5086934739829705,1.3547161973271646,0.10214543342590332,3.1083524227142334,1
pure_rrt_1772962410,pure_rrt,676,0.29881693206092935,-0.3966036076744509,1.447230928887139,0.16020876645050341,0.5980429931856396,1.3115,1.0133888539119547,1.5552202711154473,0.10199260711669922,3.414848566055298,1
pure_rrt_1772962410,pure_rrt,677,0.21815905786565157,0.7494626265406843,1.431853257417457,0.6534535757025641,0.3660317083393486,1.3115,0.5924402863264635,0.47848495959930526,0.10169839859008789,2.5059661865234375,1
pure_rrt_1772962410,pure_rrt,678,0.6542969545812987,0.5550015066256673,1.446187567293971,-0.8382112158073415,-0.3399939687875041,1.3115,1.74549084227631,1.9863488992882932,0.050951480865478516,3.111915111541748,1
pure_rrt_1772962410,pure_rrt,679,-0.9629479257113992,-0.3701772423645917,1.4257737241196433,-0.18307453434045307,-0.23223020879870215,1.3115,0.8001814635832436,0.641328217441643,0.05164790153503418,2.30644154548645,1
pure_rrt_1772962410,pure_rrt,680,-0.3336590876150519,-0.24675037335253946,1.42971768600603,0.40828122592637817,0.5955431658036748,1.3115,1.1286758862697817,1.2970164594540734,0.05101275444030762,2.5055594444274902,1
pure_rrt_1772962410,pure_rrt,681,0.3754953886803066,0.7384678385617793,1.4279151428413328,0.9079471184655314,0.33311461987231217,1.3115,0.6792411662553713,0.8156538945154634,0.05106163024902344,4.160187721252441,1
pure_rrt_1772962410,pure_rrt,682,1.067380810113951,0.4403387923115716,1.4483550013035837,-0.08415350936417543,-0.3267937885831933,1.3115,1.390414678068388,2.0155584906729005,0.051210880279541016,4.411707639694214,1
pure_rrt_1772962410,pure_rrt,683,-0.2383104987108282,-0.3707016025726708,1.4318344850624514,-0.3842315954735552,-0.07787810621818292,1.3115,0.34859568957884324,0.4395932348444916,0.051163434982299805,2.9092319011688232,1
pure_rrt_1772962410,pure_rrt,684,-0.540063040232977,-0.05340779017073143,1.4317233448200997,-0.7583523011957277,0.5730031865577921,1.3115,0.6741621213457334,0.9032197835183737,0.05102276802062988,3.41188907623291,1
pure_rrt_1772962410,pure_rrt,685,-0.7034596758345998,0.7298464803533513,1.4339901573566003,1.0918119009002851,0.005118725267561297,1.3115,1.939905717263881,3.143511224061725,0.10163545608520508,4.1105992794036865,1
pure_rrt_1772962410,pure_rrt,686,1.0913879482148174,0.004991678309785905,1.3118082569723541,-0.14822075694596204,-0.4333261377587037,1.3115,1.3148202709175867,1.3213673420615,0.05193066596984863,3.0109918117523193,1
pure_rrt_1772962410,pure_rrt,687,-0.14806990947578091,-0.43332522848693217,1.3112776122710372,0.36062383758380534,0.3305362297967972,1.3115,0.9177438124036412,1.0082668362356526,0.05141043663024902,2.5066275596618652,1
pure_rrt_1772962410,pure_rrt,688,0.3607383497970328,0.3302060382417257,1.3108480455943678,0.7346473120081394,0.13080176764296303,1.3115,0.4237574780453536,1.9953808934359958,0.20134997367858887,6.9225640296936035,1
pure_rrt_1772962410,pure_rrt,689,0.7594098221780112,0.1434522810890837,1.6218341984321183,-0.35786833114070526,-0.26870590552895474,1.3115,1.2306470482620337,2.192618940794782,0.20282673835754395,4.9212095737457275,1
pure_rrt_1772962410,pure_rrt,690,-0.39841919922530233,-0.29630185979130685,1.6405000934228515,0.05851674748903035,0.4800539227821242,1.3115,0.9590410950565013,3.3679644663031962,0.10207009315490723,8.21955156326294,1
pure_rrt_1772962410,pure_rrt,691,0.08537280449795415,0.5148490943530457,1.637881531882525,-0.5810453662390808,-0.7322256542793862,1.3115,1.451149031395164,2.414371889388202,0.05092334747314453,6.1124749183654785,1
pure_rrt_1772962410,pure_rrt,692,-0.563838672921587,-0.770051605337495,1.63429692058121,-0.6068672455116899,0.5732014823320027,1.3115,1.3821643055474602,2.8546435036872944,0.10170340538024902,5.714727401733398,1
pure_rrt_1772962410,pure_rrt,693,-0.6045758543300698,0.5933378868970263,1.6117119521958272,0.11919627802863031,0.19079833717803818,1.3115,0.8809150951756105,0.8590786151437434,0.05106759071350098,2.3094935417175293,1
pure_rrt_1772962410,pure_rrt,694,0.14424912791423428,0.2054591893600542,1.6218901241229844,0.7264056029320753,-0.11142046806674344,1.3115,0.7318885897793491,1.5705566129873123,0.10112118721008301,5.713662147521973,1
pure_rrt_1772962410,pure_rrt,695,0.7536263996832303,-0.10917906184057458,1.618756688170873,-0.7859903136815638,-0.5152598025271058,1.3115,1.6216435688690858,1.9039579015074368,0.1512746810913086,5.115311861038208,1
pure_rrt_1772962410,pure_rrt,696,-0.8107885652334464,-0.5523895687868811,1.638588262629767,-0.7739415651965167,0.4161746384072059,1.3115,1.0229667914548306,2.5611074552640614,0.10116195678710938,6.4148266315460205,1
pure_rrt_1772962410,pure_rrt,697,-0.805220396578075,0.5933030312040416,1.4409134835466442,0.8192017148186501,-0.4105234229443796,1.3115,1.9139390261360116,2.9043399249640744,0.2014315128326416,6.817484378814697,1
pure_rrt_1772962410,pure_rrt,698,0.709549123359024,-0.37735572125545686,1.6639301687905035,1.0127338841371516,0.6238817099092168,1.3115,1.1039041700288246,4.0523512726408235,0.4040961265563965,5.718419313430786,1
pure_rrt_1772962410,pure_rrt,699,1.100191764225679,0.743569914969663,1.427120860674171,0.25582784310199935,-0.3863895899160518,1.3115,1.4153187264358376,2.0652997226739065,0.10193586349487305,3.6146388053894043,1
pure_rrt_1772962410,pure_rrt,700,0.11290667775449503,-0.44045966412150817,1.4290732918386664,-0.7281523440624563,0.11209964558409624,1.3115,1.013175970834189,1.168248830278351,0.10162878036499023,2.9133574962615967,1
pure_rrt_1772962410,pure_rrt,701,-0.8691229490753164,0.18518766405483672,1.4313151509085509,0.6979235204835756,0.5044529426531971,1.3115,1.603720869186005,1.6805404478104096,0.10161972045898438,3.0066187381744385,1
pure_rrt_1772962410,pure_rrt,702,0.7133999942947888,0.6782467876989523,1.4376731934317704,0.16053300394595738,0.5998210655803261,1.3115,0.5724789757257237,0.5793165753823075,0.05117940902709961,2.109496593475342,1
pure_rrt_1772962410,pure_rrt,703,0.13891205761301118,0.7488566130041352,1.429457208188549,0.07221601101951647,0.2439870349611335,1.3115,0.52273851630443,0.6727904808746594,0.05098366737365723,2.912038803100586,1
pure_rrt_1772962410,pure_rrt,704,0.23270684562710742,0.2642002306327047,1.4314300253709193,0.4482021494703994,-0.5194505520070305,1.3115,0.8215412260476352,0.9237509705095834,0.0514223575592041,3.709749460220337,1
pure_rrt_1772962410,pure_rrt,705,0.44804993780855396,-0.5193194133598239,1.311417948651897,0.11581120711023685,-0.7263703175496284,1.3115,0.39147497727730723,0.39672331987229,0.10148930549621582,3.010716676712036,1
pure_rrt_1772962410,pure_rrt,706,0.11569956387474711,-0.7265790075604286,1.3109427103004552,0.9627166436317918,-0.42879810482464153,1.3115,0.8978372402646825,4.07991479216577,0.10157012939453125,5.61221718788147,1
pure_rrt_1772962410,pure_rrt,707,0.8177465746065791,-0.3809761704556451,1.6588903721101604,-0.23545008049477467,0.42220983111243904,1.3115,1.369310416986025,2.675698852030895,0.1512622833251953,5.8128955364227295,1
pure_rrt_1772962410,pure_rrt,708,-0.2984684885563714,0.5789503583000938,1.436000025006464,-0.02331259440488853,-0.7029207447514066,1.3115,1.3169679370248095,1.7929087213928834,0.05105090141296387,3.4107518196105957,1
pure_rrt_1772962410,pure_rrt,709,-0.08227378819300413,-0.8257596206871611,1.4260605433173084,-0.6381278000284636,-0.34607209393880634,1.3115,0.7431002111940795,0.6282457809542332,0.05152416229248047,33.06585931777954,0
pure_rrt_1772962410,pure_rrt,710,-0.6053048278114755,-0.5306724259606266,1.4451899603903877,1.0956314405683147,-0.6812918751800238,1.3115,1.7128173904658093,1.7162206381633618,0.1018059253692627,4.410309553146362,1
pure_rrt_1772962410,pure_rrt,711,1.0940965518440455,-0.6813525663792732,1.3111331083990376,-0.09514787489317056,0.2933600733788092,1.3115,1.5376498857799672,4.402272403734994,0.10129427909851074,7.715811729431152,1
pure_rrt_1772962410,pure_rrt,712,-0.15477144260541886,0.3029444088251002,1.648864396780275,0.2708569655279518,-0.2523155271211091,1.3115,0.7767160835801293,3.4804599625164516,0.1011958122253418,8.718141078948975,1
pure_rrt_1772962410,pure_rrt,713,0.2957556975296054,-0.25608044766696764,1.6189532052205675,0.24499472514803222,-0.25031319386482426,1.3115,0.31166875193695875,0.0289700768634083,0.05113959312438965,0.702984094619751,1
pure_rrt_1772962410,pure_rrt,714,0.26725560027740125,-0.2535376708131678,1.6147589673923706,-0.49326278155357534,0.5186605050920506,1.3115,1.1254529014037151,2.655876650159601,0.051445722579956055,5.812405824661255,1
pure_rrt_1772962410,pure_rrt,715,-0.4834959936889873,0.541229463860254,1.6163283595892148,-0.4352697841673163,-0.6895102303905329,1.3115,1.2688444708076716,2.4593699578778034,0.05102109909057617,5.81244158744812,1
pure_rrt_1772962410,pure_rrt,716,-0.40711830470112664,-0.7255984745773716,1.6391663855624699,0.8449388426308926,-0.35487420577556533,1.3115,1.3462722027477951,1.3584423513355508,0.10132193565368652,3.710826873779297,1
pure_rrt_1772962410,pure_rrt,717,0.8450543027581633,-0.3552012090691863,1.311815491639575,-0.007630675878305571,0.054042058835830686,1.3115,0.9458074987294336,0.9457250633784378,0.05239224433898926,2.9093570709228516,1
pure_rrt_1772962410,pure_rrt,718,-0.006774217231389823,0.05371167109490187,1.3109923517182256,-0.31309279724180683,-0.2579087619411845,1.3115,0.4369652439862629,1.6440452510853227,0.1512162685394287,6.365562677383423,1
pure_rrt_1772962410,pure_rrt,719,-0.29186297446230247,-0.2604102986022196,1.6126121671063975,0.8960504068781925,-0.1666784563026511,1.3115,1.229061592031982,1.2444998223693682,0.1019124984741211,3.716909170150757,1
pure_rrt_1772962410,pure_rrt,720,0.9484471671863942,-0.16635230442939059,1.6432651897394974,0.1131239869535745,-0.4617695301552918,1.3115,0.9460995158083237,0.8577992169893164,0.10347223281860352,2.5137054920196533,1
pure_rrt_1772962410,pure_rrt,721,0.15108452221450197,-0.47931270769751677,1.6352644693745022,-0.21583876644882194,0.431811497025791,1.3115,1.0342163447874637,2.061372362095276,0.2529780864715576,5.11812949180603,1
pure_rrt_1772962410,pure_rrt,722,-0.1944944566481327,0.4588136180587938,1.6270046912576541,-0.736226951441398,0.5496379311712704,1.3115,0.6334558879455428,0.7214168328471859,0.10252213478088379,2.613420009613037,1
pure_rrt_1772962410,pure_rrt,723,-0.7556170060696352,0.5666736383131173,1.6191028623668884,0.7341613475576942,0.4054248249490492,1.3115,1.5297255452152778,1.5999479413934685,0.10351777076721191,3.5152413845062256,1
pure_rrt_1772962410,pure_rrt,724,0.7587994201308788,0.43427505307799086,1.6319458602741725,0.6553654210184392,0.15649004375382158,1.3115,0.4365187887645564,0.26972497903652987,0.10176777839660645,2.6062231063842773,1
pure_rrt_1772962410,pure_rrt,725,0.6924049014104932,0.17390316377340384,1.6344217420361993,0.19548540352276933,-0.3548828861676149,1.3115,0.7942431148413606,2.1557298556782185,0.05103254318237305,6.312289476394653,1
pure_rrt_1772962410,pure_rrt,726,0.23789306728826276,-0.36648268693781055,1.6377327993486777,-0.6195679999771684,0.30886123520879283,1.3115,1.1391912633211352,4.090968304343921,0.20135903358459473,7.314589500427246,1
pure_rrt_1772962410,pure_rrt,727,-0.7259811188001347,0.3961516125350648,1.425332242183007,0.16261517891163635,-0.667932306918664,1.3115,1.390983733660278,1.5061570726204887,0.05141806602478027,3.410107135772705,1
pure_rrt_1772962410,pure_rrt,728,0.07935784645566896,-0.7611900205606175,1.4246613171401665,-0.2700781376808913,-0.3253829881615924,1.3115,0.5699462783410632,0.4526497812135149,0.051712751388549805,4.312830448150635,1
pure_rrt_1772962410,pure_rrt,729,-0.2517143288720063,-0.5156240135373761,1.4480551860219262,0.5725613818824087,0.5854457167242183,1.3115,1.3821838940848352,2.4328393232543077,0.10237550735473633,4.611468553543091,1
pure_rrt_1772962410,pure_rrt,730,0.6351758567495613,0.7373618832243269,1.433314922300557,0.5974385200321732,0.422736470870381,1.3115,0.33948804393748944,0.28305417450569564,0.05109882354736328,2.6094672679901123,1
pure_rrt_1772962410,pure_rrt,731,0.7370607995646448,0.49042401980499695,1.429171473420358,-0.2282650443663523,0.23614171167735676,1.3115,1.0051666791357192,0.838261792879774,0.051093339920043945,2.910362482070923,1
pure_rrt_1772962410,pure_rrt,732,-0.0672833022774677,0.25448888665892083,1.4321997172241827,-0.13779492183130937,0.4962658303333324,1.3115,0.2792783570609132,0.3318168137937568,0.05105757713317871,2.71402645111084,1
pure_rrt_1772962410,pure_rrt,733,-0.013090484265644964,0.5785283685815961,1.427969877859523,0.6219200506898841,-0.2027497937876348,1.3115,1.0135083516913719,3.5887540705959116,0.1551823616027832,5.829061985015869,1
pure_rrt_1772962410,pure_rrt,734,0.7395517337120688,-0.34410486218111347,1.4432714102337394,-0.7175005720594603,0.005138821808710725,1.3115,1.5041064713363552,2.051004306033398,0.10305285453796387,3.712360143661499,1
pure_rrt_1772962410,pure_rrt,735,-0.878538994948683,0.06111949044780826,1.4368198856460626,0.6742120639374543,0.05910380042638941,1.3115,1.5578013312411263,2.5098017715792564,0.10193037986755371,4.310951232910156,1
pure_rrt_1772962410,pure_rrt,736,0.8388261513899723,0.023434158768719404,1.4350740899854975,-0.34712359536506443,0.08353503015795838,1.3115,1.1938841955088548,1.0160031415809743,0.05120229721069336,3.210247755050659,1
pure_rrt_1772962410,pure_rrt,737,-0.17674526414162395,0.0530211733174662,1.4361364596444144,0.6313484699584673,-0.602143065372664,1.3115,1.047754699260729,1.1590274867545978,0.05208277702331543,3.112372636795044,1
pure_rrt_1772962410,pure_rrt,738,0.6841218635773907,-0.7040406710964255,1.4240883094326007,-0.14108551343279763,0.5388387611707296,1.3115,1.4961258722599688,3.2626308527163315,0.05163288116455078,5.012247085571289,1
pure_rrt_1772962410,pure_rrt,739,-0.07510701171373654,0.6976802188996816,1.435622999204794,0.5427953920267652,-0.10860201840077433,1.3115,1.0233772254970852,3.2334324249531745,0.052727699279785156,5.513936758041382,1
pure_rrt_1772962410,pure_rrt,740,0.6899471258880853,-0.19832445612836405,1.4366142645827171,0.5718404642018282,0.4409633018038125,1.3115,0.6620359508204182,2.527679460321246,0.051377058029174805,34.967693567276,0
pure_rrt_1772962410,pure_rrt,741,0.5418713666357005,0.6150036094961577,1.4386076041907776,-0.48603312494023276,-0.26850015761552404,1.3115,1.3613680227424287,1.567699436373241,0.10118913650512695,5.418899774551392,1
pure_rrt_1772962410,pure_rrt,742,-0.6606601119386708,-0.30660141621095915,1.4406016278285034,0.8246567774683911,0.22040738982501695,1.3115,1.581319630531824,3.2503143728642536,0.2526824474334717,6.422588348388672,1
pure_rrt_1772962410,pure_rrt,743,0.885033062843549,0.2526201089485472,1.6529702621084965,1.0041337022090848,-0.06114047353963514,1.3115,0.47878241960732865,1.6245500415343959,0.35273027420043945,7.116318225860596,1
pure_rrt_1772962410,pure_rrt,744,1.003393614271925,-0.06060274386019942,1.3117974296596788,0.6852596027814168,0.2661259626718627,1.3115,0.45602739545290444,0.4568498481220691,0.05115628242492676,2.410828113555908,1
pure_rrt_1772962410,pure_rrt,745,0.6855412923065958,0.26627033577435066,1.3117015551285283,0.7898927035370973,-0.7273116907341028,1.3115,0.9990467962267394,1.0670365925574885,0.05108046531677246,2.4113540649414062,1
pure_rrt_1772962410,pure_rrt,746,0.7892624172237495,-0.7270078557160036,1.3116085882609947,-0.005555247610260716,-0.42014654153556086,1.3115,0.8519970647039505,0.8521807851799781,0.051499128341674805,3.008977174758911,1
pure_rrt_1772962410,pure_rrt,747,-0.005829834704835557,-0.42080083215536707,1.3113920235603747,0.21002488646629347,0.5857064682019449,1.3115,1.0293931309190583,1.283134702785622,0.10103964805603027,3.71102237701416,1
pure_rrt_1772962410,pure_rrt,748,0.2259529622583334,0.6208271655058804,1.6324169405791518,0.5509757235932942,0.4422680073589721,1.3115,0.49041905661853946,0.5279167796943203,0.10106301307678223,3.7107858657836914,1
pure_rrt_1772962410,pure_rrt,749,0.5511702656252345,0.4420668443366378,1.3111221113361533,0.22246542407415681,-0.1981352409457905,1.3115,0.7196566720728232,2.5101776902824744,0.4518299102783203,8.317213535308838,1
pure_rrt_1772962410,pure_rrt,750,0.3062992886258302,-0.19433695802970374,1.4304407677785207,-0.5612845013878042,-0.3173514814466976,1.3115,0.8842969591181891,0.786838149475688,0.05170702934265137,2.7107396125793457,1
pure_rrt_1772962410,pure_rrt,751,-0.47386760730125305,-0.29639212150515687,1.4283687153894569,0.4602973345220358,0.3516402397409456,1.3115,1.1429209843163655,1.6865268586947992,0.05100655555725098,4.1147449016571045,1
pure_rrt_1772962410,pure_rrt,752,0.3777350135933293,0.3262212902230203,1.429983139156677,0.26020053859090986,0.40130893770708453,1.3115,0.18300481382522682,0.5494826098529437,0.10260987281799316,3.112569808959961,1
pure_rrt_1772962410,pure_rrt,753,0.3227077614355831,0.32704494274335116,1.42721496631209,0.46290747957452694,-0.6717776120094923,1.3115,1.0152302252582142,1.0857479714566718,0.15265178680419922,2.9153244495391846,1
pure_rrt_1772962410,pure_rrt,754,0.5218750357777542,-0.5867820898243988,1.4255472078085571,-0.2649687797471162,-0.258035016256462,1.3115,0.8603514363433974,0.7852278420196792,0.10264396667480469,2.2138218879699707,1
pure_rrt_1772962410,pure_rrt,755,-0.17877013426893673,-0.24576561724856216,1.4289110883896803,0.5792095182699357,-0.18717937222150305,1.3115,0.7692534468211174,1.128274057135567,0.10252881050109863,3.5148730278015137,1
pure_rrt_1772962410,pure_rrt,756,0.4976683886828315,-0.13894348185754302,1.4277954694630877,-0.3066270006572567,-0.1483783074306131,1.3115,0.8127144181475792,1.249949427256409,0.10186576843261719,3.713273048400879,1
pure_rrt_1772962410,pure_rrt,757,-0.21920965904113776,-0.15258156329261585,1.428763125369938,-0.7608472295172096,-0.22923248140439412,1.3115,0.5594615818535943,0.9635052391951207,0.05104207992553711,3.7109670639038086,1
pure_rrt_1772962410,pure_rrt,758,-0.9329544295150178,-0.24792312627566956,1.4365452887373147,0.4578716726584042,0.12575567909811725,1.3115,1.4455688915814056,2.2103729606042943,0.05125117301940918,4.00872015953064,1
pure_rrt_1772962410,pure_rrt,759,0.6262079668215573,0.11051609161077212,1.436290473903128,0.6153626803560968,-0.6037136387619593,1.3115,0.7251306022805752,0.9349807729562979,0.05120038986206055,2.4082114696502686,1
pure_rrt_1772962410,pure_rrt,760,0.6437198851967191,-0.7483625789597563,1.4273157740694993,-0.016738485507689083,0.6040266500545625,1.3115,1.5094950081768346,2.532681026054321,0.05099797248840332,4.113407373428345,1
pure_rrt_1772962410,pure_rrt,761,-0.05268189780151111,0.741529312320341,1.4266091807650425,-0.5174992002517989,0.5907095733929885,1.3115,0.502047648937505,0.4564468184045886,0.05238008499145508,2.5115556716918945,1
pure_rrt_1772962410,pure_rrt,762,-0.5081862624206707,0.7502450290919352,1.4317769356696117,0.5894880399421893,0.2250577841097099,1.3115,1.2227743281627577,1.4230657515771952,0.05125880241394043,2.510056257247925,1
pure_rrt_1772962410,pure_rrt,763,0.7487923937964833,0.23873091064025645,1.4309473906418901,-0.08493226570821055,-0.37988441442002957,1.3115,1.0450116781150425,2.446668494012118,0.0512692928314209,4.413090467453003,1
pure_rrt_1772962410,pure_rrt,764,-0.22945703422685315,-0.4347308625927998,1.4293726068684847,-0.3407660954740023,-0.3480276724311783,1.3115,0.18385075944878826,0.39526076854662673,0.05098605155944824,3.1075165271759033,1
pure_rrt_1772962410,pure_rrt,765,-0.3097406979208849,-0.5328254560070036,1.4460214458656049,0.32340893150868144,-0.6372302122527363,1.3115,0.655648401028555,0.6666350904696179,0.05131053924560547,2.706962823867798,1
pure_rrt_1772962410,pure_rrt,766,0.30514782585382605,-0.7889327805781907,1.4288828602690469,-0.2837696536108647,-0.6164999611226787,1.3115,0.6247684456895725,0.6934405230216637,0.10107231140136719,2.506685256958008,1
pure_rrt_1772962410,pure_rrt,767,-0.3795084692892134,-0.7239068251564943,1.426593060560725,0.4123365534752399,-0.3755896137237382,1.3115,0.872691143788204,1.0048597499386722,0.05105710029602051,2.5102639198303223,1
pure_rrt_1772962410,pure_rrt,768,0.505866347010122,-0.5047449467596821,1.4315857750115248,-0.3757299834402349,0.18586011978420036,1.3115,1.1263072587707732,1.9807047224691878,0.0510256290435791,3.8104169368743896,1
pure_rrt_1772962410,pure_rrt,769,-0.5062928520174451,0.2708537301129076,1.4298160547783811,-0.2528175446685492,-0.3705137473281736,1.3115,0.6997146999835532,0.7348073838197777,0.05111861228942871,2.105116128921509,1
pure_rrt_1772962410,pure_rrt,770,-0.40280874090975727,-0.42868809725773094,1.4317477320001903,1.00342625072617,-0.5974854247492369,1.3115,1.421424956345132,1.4772828274394993,0.10189628601074219,2.312563419342041,1
pure_rrt_1772962410,pure_rrt,771,1.003644819922613,-0.754855363101457,1.4299090406217454,0.5868128225595588,0.47023351531610824,1.3115,1.2994661884593395,2.201732347689691,0.10210466384887695,4.119385004043579,1
pure_rrt_1772962410,pure_rrt,772,0.5632416938363785,0.642167125402466,1.4382301298378948,0.5166586761354328,0.19147373060414052,1.3115,0.4704838354945848,0.6513456842089002,0.10213661193847656,2.9097883701324463,1
pure_rrt_1772962410,pure_rrt,773,0.6901099385290231,0.19737004410361741,1.43670964751633,0.28235944458604956,-0.39523848516721755,1.3115,0.7301525800176594,2.25007791958648,0.10224676132202148,4.512457370758057,1
pure_rrt_1772962410,pure_rrt,774,0.13358325552577544,-0.46357246242748495,1.4335810222937029,-0.0821120004326944,0.4108874075569223,1.3115,0.908904991547748,1.122772457953269,0.10214543342590332,2.564258575439453,1
pure_rrt_1772962410,pure_rrt,775,-0.17005483007187527,0.533967472619244,1.4287879316097283,1.063427783697986,-0.6029988794005848,1.3115,1.6816445233755837,2.2793715707397046,0.10201191902160645,4.3093178272247314,1
pure_rrt_1772962410,pure_rrt,776,1.0792440524835747,-0.7543427449909961,1.4296039448830618,-0.6894162925921903,0.28528009645514196,1.3115,2.0549753308731002,2.4819424549823386,0.1020359992980957,3.411189556121826,1
pure_rrt_1772962410,pure_rrt,777,-0.801456279880039,0.37935271238626067,1.428211553341027,-0.3602335252479161,-0.1461298396849181,1.3115,0.69601078901097,2.114862541759924,0.05091285705566406,4.21069860458374,1
pure_rrt_1772962410,pure_rrt,778,-0.2180471588444216,-0.24404664299321607,1.4366204993482814,0.2952978071586698,0.09966277503525889,1.3115,0.6303287693889208,0.7501530334906575,0.05127596855163574,2.306107521057129,1
pure_rrt_1772962410,pure_rrt,779,0.4584093537027947,0.0785078967657202,1.4333204059508948,0.5422524977354473,-0.6174280977801392,1.3115,0.7114750822143073,0.9215680834076408,0.050893545150756836,2.5094847679138184,1
pure_rrt_1772962410,pure_rrt,780,0.5530993078511959,-0.7678714886352066,1.4295169277292343,0.5911492847400546,-0.7241136087884116,1.3115,0.13149352843610412,0.09328837910877176,0.05093860626220703,3.1110174655914307,1
pure_rrt_1772962410,pure_rrt,781,0.5892426559021355,-0.8537236414419999,1.425355972752096,-0.3362618578307204,-0.40285287563543604,1.3115,1.0357635999252983,1.1804490337652538,0.10124421119689941,3.9088151454925537,1
pure_rrt_1772962410,pure_rrt,782,-0.46947218615567743,-0.45423343909902103,1.4277242248746438,0.5792777470261792,0.09064938976175774,1.3115,1.1875528577642283,1.9394514268905123,0.05109858512878418,3.709757089614868,1
pure_rrt_1772962410,pure_rrt,783,0.7461000727473321,0.06536277262020643,1.4347089904881842,1.0128545875703923,0.4090877797003162,1.3115,0.452200516372798,0.5262069666955189,0.10154414176940918,3.708892822265625,1
pure_rrt_1772962410,pure_rrt,784,1.0134282413610394,0.4087445219573747,1.3119070963846162,0.9756322271191329,0.004804949440220696,1.3115,0.40570418122738383,0.4100112622415204,0.10116052627563477,1.9047324657440186,1
pure_rrt_1772962410,pure_rrt,785,0.9757255125243879,0.004789095669489818,1.3120889226091585,0.599391120449855,0.27089849846843095,1.3115,0.4609144559958571,0.46000904705110784,0.10114312171936035,3.3086724281311035,1
pure_rrt_1772962410,pure_rrt,786,0.6003335080630671,0.270112501145367,1.3124003719430186,-0.1374541560314867,0.522133320028653,1.3115,0.7796447531474421,0.7788222782924119,0.10131645202636719,3.31020188331604,1
pure_rrt_1772962410,pure_rrt,787,-0.13596758105511608,0.5220639957795989,1.31219694479529,-0.3401323344944924,-0.23675118403462048,1.3115,0.785801634889808,1.8264756298400453,0.1011660099029541,6.814236164093018,1
pure_rrt_1772962410,pure_rrt,788,-0.5070176097518619,-0.2571112401455415,1.435762596373385,0.6876010870231237,-0.1187293887050418,1.3115,1.2090097436951948,1.756825697572149,0.05133795738220215,3.5119857788085938,1
pure_rrt_1772962410,pure_rrt,789,0.8342635617751052,-0.20956748620757382,1.4375775978051855,0.5252233656218699,-0.1554757674916145,1.3115,0.3381232283360649,0.210738266567555,0.051291704177856445,3.915494680404663,1
pure_rrt_1772962410,pure_rrt,790,0.6473847253663895,-0.3015027342438933,1.4483096821840178,0.9827081917514127,-0.6550552797597549,1.3115,0.506120656255507,0.6074071941013462,0.10251307487487793,2.609513282775879,1
pure_rrt_1772962410,pure_rrt,791,0.9795873632767303,-0.8015512404471532,1.427723089020788,0.006848358831640811,-0.7128910862631377,1.3115,0.9836613238967421,0.9718264817195277,0.10245084762573242,3.2591350078582764,1
pure_rrt_1772962410,pure_rrt,792,0.008752947690317092,-0.8444779153776897,1.4252984317861261,-0.7616590146973758,-0.06823446782753106,1.3115,1.0995628971239404,1.398086215158607,0.10224246978759766,2.813091278076172,1
pure_rrt_1772962410,pure_rrt,793,-0.9024991688643322,-0.04649353390060075,1.4274859905044752,0.6421215230456496,-0.18011197266138612,1.3115,1.5547217497181434,2.30023530736462,0.25258398056030273,4.61238169670105,1
pure_rrt_1772962410,pure_rrt,794,0.7724571356159301,-0.2612872125604931,1.4299714619011925,-0.5568863356430278,-0.5225243679913348,1.3115,1.3599391174760063,1.3578191998587152,0.05129194259643555,2.9093849658966064,1
pure_rrt_1772962410,pure_rrt,795,-0.5154471679183146,-0.6765593250306102,1.4307073111664788,0.4434828210481352,0.4684429006729801,1.3115,1.4982613936296005,2.5454246279971056,0.15113234519958496,7.2142698764801025,1
pure_rrt_1772962410,pure_rrt,796,0.3564740953867567,0.3819982814640356,1.6646871262109988,-0.6541240467191944,-0.3456564487893649,1.3115,1.294423098298749,2.6769320025101577,0.05106759071350098,6.113204479217529,1
pure_rrt_1772962410,pure_rrt,797,-0.8160332623967473,-0.4128520254270318,1.4383079534326138,0.1477412175446713,-0.0071490583553298626,1.3115,1.0533453387806406,0.92352329814701,0.05156445503234863,3.1106975078582764,1
pure_rrt_1772962410,pure_rrt,798,-0.011230347608307989,0.039983495387847234,1.4334880340284883,0.7691971950498533,0.34148837359124806,1.3115,0.8454900480585441,1.466019347116969,0.051017045974731445,3.5110971927642822,1
pure_rrt_1772962410,pure_rrt,799,0.9340566660116473,0.4136786575874853,1.4408121653579555,1.015479363698967,-0.29405574725072386,1.3115,0.7240437000623222,2.904342878823704,0.05185985565185547,5.512141227722168,1
pure_rrt_1772962410,pure_rrt,800,1.077752147644953,-0.4711989081046612,1.4461805867020558,0.9923014504417409,0.4610629011375361,1.3115,0.9458079948163157,2.384831822720017,0.10129785537719727,5.610656261444092,1
pure_rrt_1772962410,pure_rrt,801,0.8688395818775968,0.32938530065336113,1.648843798002431,0.2237816980840477,-0.05169598271418396,1.3115,0.8216589657686284,2.6012774717808305,0.15146327018737793,6.012708425521851,1
pure_rrt_1772962410,pure_rrt,802,0.38195390755270897,-0.1304439276083668,1.4386416477908428,0.46869663189973165,0.40828610704637824,1.3115,0.5602850605443778,2.5701052627414915,0.050984859466552734,5.3163886070251465,1
pure_rrt_1772962410,pure_rrt,803,0.4785114065288356,0.5932351671335615,1.4440665202263057,-0.0024845883230601995,0.09589124139119343,1.3115,0.7044728595349197,2.5145716628469974,0.05145549774169922,5.512192010879517,1
pure_rrt_1772962410,pure_rrt,804,0.18358390942014902,0.05494191576692626,1.4483615266658552,-0.5177200471247456,0.21048673736095558,1.3115,0.7312677406200484,2.223786560890163,0.05126595497131348,4.6121296882629395,1
pure_rrt_1772962410,pure_rrt,805,-0.6470854586119801,0.31273603969891406,1.4333030194362473,-0.5454061405366584,-0.7402628062089974,1.3115,1.0648855472544656,1.4721170193864872,0.050992727279663086,3.1066973209381104,1
pure_rrt_1772962410,pure_rrt,806,-0.5707570042634065,-0.867617872473472,1.4252889012305447,0.14759789952808022,-0.5212875113499028,1.3115,0.8055596817620111,0.8135533880903496,0.05084705352783203,2.305668354034424,1
pure_rrt_1772962410,pure_rrt,807,0.20835653238304114,-0.6553066992518246,1.4270522580393772,-0.5444871132549325,0.48103550506684367,1.3115,1.3679910396019719,2.406601538950749,0.10178875923156738,4.117066383361816,1
pure_rrt_1772962410,pure_rrt,808,-0.6162108291595935,0.6089073194291414,1.4276404412505348,-0.6642052497579977,-0.437475567276014,1.3115,1.0539018987039825,1.2416654829840592,0.10289454460144043,2.6158533096313477,1
pure_rrt_1772962410,pure_rrt,809,-0.8001991509912222,-0.5039615480231634,1.4282486566321793,-0.3867117133225697,-0.6636760132246889,1.3115,0.4583784684404532,0.4251372994244505,0.10207915306091309,3.514226198196411,1
pure_rrt_1772962410,pure_rrt,810,-0.469094523477411,-0.7664950867021099,1.4255801784054285,-0.4378441241585326,0.5758514909282876,1.3115,1.3475478503706813,1.7440838349078176,0.10193347930908203,4.317048072814941,1
pure_rrt_1772962410,pure_rrt,811,-0.4935639817800199,0.6937073486299712,1.4257308452966413,-0.048933744816775926,-0.1536304858669817,1.3115,0.9637043838279253,0.9280834917150642,0.10149812698364258,2.3099257946014404,1
pure_rrt_1772962410,pure_rrt,812,-0.1909733851843094,-0.14931745963233606,1.4269445218767087,0.518653562632386,-0.5070925708127123,1.3115,0.8030572039892995,0.7649638291112079,0.05099225044250488,3.3068792819976807,1
pure_rrt_1772962410,pure_rrt,813,0.39689550676785584,-0.6160229258818167,1.432599761843134,0.8523844471459194,0.12456959775404919,1.3115,0.8778454380986072,1.405904810645534,0.10156655311584473,3.409294605255127,1
pure_rrt_1772962410,pure_rrt,814,1.0224835533018117,0.10832200411606105,1.435990438203448,0.3273742966390014,-0.5819618335953592,1.3115,0.9875052022688375,1.082915051053206,0.05146026611328125,2.4067165851593018,1
pure_rrt_1772962410,pure_rrt,815,0.3749311786311687,-0.7119953418306063,1.4253879546958426,0.4986899684022992,-0.4596095955891263,1.3115,0.3032907337461629,0.3565256454153916,0.051392316818237305,2.9115939140319824,1
pure_rrt_1772962410,pure_rrt,816,0.36386041654624346,-0.5598256311476004,1.4344485351058336,-0.4680449281032409,-0.0452758421206374,1.3115,0.9858723701010897,1.1551662138326841,0.05123710632324219,4.609602928161621,1
pure_rrt_1772962410,pure_rrt,817,-0.6398642721949814,0.0013693757382632898,1.4395978866454295,0.698246581101315,-0.64813092472374,1.3115,1.4929167306225088,1.6234192852486458,0.05131888389587402,2.807353973388672,1
pure_rrt_1772962410,pure_rrt,818,0.6749151974665412,-0.7976611449704878,1.429361869764612,0.37254123701011155,0.2031798586690211,1.3115,1.0521426456867227,1.5220410474332136,0.10176277160644531,3.318070650100708,1
pure_rrt_1772962410,pure_rrt,819,0.2452107194743377,0.32872570580408694,1.4394477812167927,0.5608653387874356,-0.007007832496427002,1.3115,0.47825252968675414,2.1014663125602486,0.10297513008117676,4.613623857498169,1
pure_rrt_1772962410,pure_rrt,820,0.7223260851818402,-0.06423656669207986,1.4363965835106007,0.7984724645555845,-0.07647993718811175,1.3115,0.14679008067799995,0.24062169994635407,0.051311492919921875,1.4043090343475342,1
pure_rrt_1772962410,pure_rrt,821,0.9482457190944492,-0.14693675715451113,1.4343501094221505,0.021464932023983252,-0.49095042214168094,1.3115,0.9961727653202989,0.9748255359573875,0.051238059997558594,2.509279251098633,1
pure_rrt_1772962410,pure_rrt,822,0.09404520936412164,-0.612119184848971,1.4272240050420013,0.05122593666981712,-0.638988574676352,1.3115,0.1262834097050206,0.16065427694004042,0.05118274688720703,1.4036870002746582,1
pure_rrt_1772962410,pure_rrt,823,0.08195985365921499,-0.7713529981440937,1.4257633838716794,0.9143161245786253,-0.4634284518083033,1.3115,0.8948131698118753,0.9264276165139308,0.050913333892822266,2.506312370300293,1
pure_rrt_1772962410,pure_rrt,824,0.9899089905757307,-0.588753729111926,1.4284947713725056,-0.1011994109438692,0.0013795649036320023,1.3115,1.2459785813170363,1.0631602699007143,0.05099201202392578,3.129697322845459,1
pure_rrt_1772962410,pure_rrt,825,0.06759221296159157,-0.06434246044475903,1.4418335421979922,0.4119662907700534,-0.6411791493821326,1.3115,0.6843397572788948,0.8380777076826684,0.050933837890625,2.707270860671997,1
pure_rrt_1772962410,pure_rrt,826,0.41502283752703983,-0.7890928199518596,1.428478836616323,-0.013858034678332576,0.627128554262654,1.3115,1.4843536746819457,2.4031285480830333,0.0515899658203125,3.909330368041992,1
pure_rrt_1772962410,pure_rrt,827,-0.047157156357778396,0.7604659327512017,1.4258523686597133,-0.4367393520567793,-0.26138478589081365,1.3115,1.0995588399958163,1.2818903152568935,0.051007986068725586,3.6135356426239014,1
pure_rrt_1772962410,pure_rrt,828,-0.5933711895070679,-0.2852405371764134,1.4298879674576157,-0.1405039367361356,-0.10513627387830493,1.3115,0.5015396346543225,1.3296285753539325,0.10197687149047852,3.5160627365112305,1
pure_rrt_1772962410,pure_rrt,829,0.00822314331930607,-0.1903439334166538,1.4364469597648366,0.5317735286641838,-0.7315083011011984,1.3115,0.7632664158736834,0.8590244379994687,0.10233449935913086,3.1201045513153076,1
pure_rrt_1772962410,pure_rrt,830,0.5372544756486406,-0.8557944563879052,1.4246253940494387,0.08626692773225886,-0.7356992844316926,1.3115,0.48021867256663786,0.4371703262577604,0.10218644142150879,2.107107162475586,1
pure_rrt_1772962410,pure_rrt,831,0.10012997234398668,-0.8523265584733803,1.4242275189245355,0.21396678105324107,-0.6516793903834021,1.3115,0.25675980721779035,0.12830858939610357,0.1029505729675293,2.308070182800293,1
pure_rrt_1772962410,pure_rrt,832,0.1356877622522356,-0.7729371098420903,1.426605730566552,0.6768446747270751,0.28990036755188486,1.3115,1.1982168570345475,2.90027332463632,0.15204095840454102,4.913150787353516,1
pure_rrt_1772962410,pure_rrt,833,0.8431461666554574,0.33150246712533793,1.436597258165015,-0.5948768049404534,0.17917036842369227,1.3115,1.4514697582563634,1.764336286643939,0.05116868019104004,3.2106006145477295,1
pure_rrt_1772962410,pure_rrt,834,-0.7222163132153521,0.3102142623626694,1.442469030433783,-0.5362958460074426,-0.4751040753370026,1.3115,0.8175843678709547,0.9602501153980517,0.05274057388305664,2.5105624198913574,1
pure_rrt_1772962410,pure_rrt,835,-0.6674704760401172,-0.5698243197555841,1.4320160329830278,0.92710886460404,0.29947485127922724,1.3115,1.8201341809264866,2.6654989850228605,0.1015634536743164,6.212849855422974,1
pure_rrt_1772962410,pure_rrt,836,0.7973862506249013,0.2172518928194105,1.6592454171133848,0.8892515452490997,0.052280480699406384,1.3115,0.39570402360428547,2.8603266893517,0.2011256217956543,5.823059797286987,1
pure_rrt_1772962410,pure_rrt,837,1.065470922053434,0.003430931875570642,1.4419030821062515,0.06631185827011554,0.2413296318304281,1.3115,1.0353354963505204,2.4449077332989892,0.10407805442810059,4.6157636642456055,1
pure_rrt_1772962410,pure_rrt,838,-0.056294781357625,0.3440080821356561,1.4321103892154374,-0.2509952660992084,-0.4111781371378468,1.3115,0.7891523113606865,0.9211854932663941,0.051024436950683594,2.205711841583252,1
pure_rrt_1772962410,pure_rrt,839,-0.3935033839112937,-0.4757864362752464,1.4302443503974849,0.9263359345171644,-0.046300045381000965,1.3115,1.3930307272936884,1.882565145837693,0.050856590270996094,3.358560562133789,1
pure_rrt_1772962410,pure_rrt,840,1.0757447564000227,-0.10528401063302728,1.4320729213338956,0.5067814796633678,-0.21703449766440308,1.3115,0.5922374616533901,0.5319428942360956,0.10105133056640625,3.0119552612304688,1
pure_rrt_1772962410,pure_rrt,841,0.617776787615213,-0.36497850716350183,1.4439118236074888,0.7051505549729924,-0.3693461418390514,1.3115,0.15870142559539632,0.3181107081695442,0.0513005256652832,2.511192560195923,1
pure_rrt_1772962410,pure_rrt,842,0.571184332622819,-0.5056030041602559,1.4478003773751729,0.9882337262704779,0.1313782628268565,1.3115,0.7734682437611783,1.162620508631093,0.05120730400085449,4.312985420227051,1
pure_rrt_1772962410,pure_rrt,843,1.1663942307843307,0.11447334200138717,1.4406257966697835,-0.4945835083880026,0.21143667751998207,1.3115,1.6688086798151947,2.9252979035895152,0.0519258975982666,4.712419033050537,1
pure_rrt_1772962410,pure_rrt,844,-0.6192148282036226,0.2975668576492611,1.4290352148882512,-0.34849337663394175,0.16654533014677553,1.3115,0.32291062501550954,0.1579537123824106,0.05216026306152344,2.20723032951355,1
pure_rrt_1772962410,pure_rrt,845,-0.47427081187331765,0.23495730876194354,1.4264647156139287,0.6350073379048093,-0.4850694145788456,1.3115,1.3274612543258086,1.3806516709476293,0.10237932205200195,2.8120224475860596,1
pure_rrt_1772962410,pure_rrt,846,0.5203615504922194,-0.616634101568287,1.437659053496052,-0.14293582225959567,-0.1489562849218008,1.3115,0.8213416169059646,0.9684555168626964,0.16192984580993652,2.8166799545288086,1
pure_rrt_1772962410,pure_rrt,847,-0.30634227701581895,-0.14237188870901746,1.432275227952088,-0.8062533675208123,0.4650012515541143,1.3115,0.79586423817751,0.9397609873438952,0.15506601333618164,3.5095901489257812,1
pure_rrt_1772962410,pure_rrt,848,-0.8845145090353614,0.5800897278580965,1.425403961107949,-0.7957429864496395,0.17324831565397425,1.3115,0.43171104950245714,0.3331701811212907,0.10214614868164062,2.813547134399414,1
pure_rrt_1772962410,pure_rrt,849,-0.9262643861424075,0.2530930474516827,1.4297056076461025,0.887250250467259,-0.2960506903709585,1.3115,1.8985169864044662,2.3008418411890625,0.10227108001708984,3.508063554763794,1
pure_rrt_1772962410,pure_rrt,850,0.9376628317223057,-0.47959103958912397,1.446923168744139,0.762973846293665,0.4178532318156848,1.3115,0.9242628936293501,2.139491400096567,0.05158734321594238,4.710972785949707,1
pure_rrt_1772962410,pure_rrt,851,0.813893714096529,0.5980677860411385,1.4456235269574431,-0.7396987785166769,-0.6125827548070257,1.3115,1.9741614639242584,2.74745181664986,0.10107278823852539,6.513513088226318,1
pure_rrt_1772962410,pure_rrt,852,-0.6525683555607764,-0.4663395240621009,1.652702249712156,0.6099005136808135,0.365357782858846,1.3115,1.5498280650937803,2.709192840601414,0.10118460655212402,6.513765573501587,1
pure_rrt_1772962410,pure_rrt,853,0.7606392683057914,0.42126820902994044,1.431431886810747,-0.3943539662208879,-0.6875579638947726,1.3115,1.605580428081774,3.0564145037649872,0.05090951919555664,4.611034154891968,1
pure_rrt_1772962410,pure_rrt,854,-0.47012358170949875,-0.7651317803412164,1.4249542119355105,-0.8285518876808068,-0.24777353950759806,1.3115,0.6395328436334021,0.7281624036377644,0.05131793022155762,3.9084272384643555,1
pure_rrt_1772962410,pure_rrt,855,-0.987399615176959,-0.2686892768971383,1.4324421798158922,-0.2530740253850783,0.156065915546997,1.3115,0.856900260351266,0.8076850692347071,0.10106706619262695,3.408635139465332,1
pure_rrt_1772962410,pure_rrt,856,-0.3928179123491946,0.2654529204594538,1.4396653198239662,0.6419484119169989,0.11402299860314857,1.3115,1.0536122229142728,2.4676351949707254,0.05144214630126953,4.711158275604248,1
pure_rrt_1772962410,pure_rrt,857,0.8137120919528161,0.09348292683656417,1.4378022553211267,0.7861711023603526,0.1082289988498808,1.3115,0.1301084641626253,0.1374028716696568,0.05147051811218262,3.3119871616363525,1
pure_rrt_1772962410,pure_rrt,858,0.9509881129380962,0.08852764277658604,1.4346852061459447,0.8403066952930975,0.06345076001193839,1.3115,0.16749274991568253,0.07044820890965472,0.05135035514831543,3.2113094329833984,1
pure_rrt_1772962410,pure_rrt,859,0.995891073282846,0.03443138328574953,1.4311192047940104,0.6268391911299018,-0.13528831131014007,1.3115,0.4234534456228973,0.338442226241643,0.051277875900268555,3.5121042728424072,1
pure_rrt_1772962410,pure_rrt,860,0.7645046016617322,-0.21176488595697024,1.4314384782047025,-0.419368833357705,0.07707447884378149,1.3115,1.22448753662799,2.2510233016850076,0.05109429359436035,4.111801385879517,1
pure_rrt_1772962410,pure_rrt,861,-0.5606811795493748,0.1345653624557321,1.4288751597126361,-0.19534373879491818,-0.01797116141139099,1.3115,0.4129355456339988,1.8560972328034548,0.05104255676269531,4.21517014503479,1
pure_rrt_1772962410,pure_rrt,862,-0.030837065599487956,-0.08990023302013886,1.4400838662824003,1.0715756933942486,0.1494252694180327,1.3115,1.135396141431525,1.2492190057659327,0.10199570655822754,3.2094802856445312,1
pure_rrt_1772962410,pure_rrt,863,1.193716576085781,0.1451090117569264,1.4247485467630296,0.302639590136226,-0.6696998521372546,1.3115,1.2127476707515903,1.317839722532109,0.10245227813720703,2.4087636470794678,1
pure_rrt_1772962410,pure_rrt,864,0.3381103446943707,-0.7851081946285124,1.4253867409528795,0.46986765871746305,-0.23032952228764492,1.3115,0.5814718865497658,0.5522537341474244,0.1044001579284668,3.214343547821045,1
pure_rrt_1772962410,pure_rrt,865,0.5897494868625919,-0.31067244108305214,1.4274881340820595,0.11871242239924107,0.20627458378083063,1.3115,0.7089170542889405,2.100037869876137,0.10213422775268555,4.21132755279541,1
pure_rrt_1772962410,pure_rrt,866,-0.007755825604444544,0.2945009623576755,1.4302792432575981,-0.3273787609384131,-0.5283721746245814,1.3115,0.890723037193588,1.0435562335346027,0.10202598571777344,2.606849193572998,1
pure_rrt_1772962410,pure_rrt,867,-0.4424730315041294,-0.6100811280477793,1.4272886982027324,-0.5175163876067244,0.2258611860139541,1.3115,0.8472532563321961,0.9982774795093137,0.05104565620422363,2.7057864665985107,1
pure_rrt_1772962410,pure_rrt,868,-0.6379005146071242,0.30809813470556424,1.4271344748820696,0.7866615521044387,-0.5097931391353075,1.3115,1.646722365646321,1.7989340087302959,0.05148959159851074,2.8074328899383545,1
pure_rrt_1772962410,pure_rrt,869,0.713914085260029,-0.66995815277571,1.4382362412476561,0.33542029665248485,0.2183047686607953,1.3115,0.9738226945697002,1.3160567042083304,0.05107474327087402,3.108966827392578,1
pure_rrt_1772962410,pure_rrt,870,0.20822332203847826,0.33550872287614947,1.4364237583483956,1.0315437312129305,-0.0066252016571894945,1.3115,0.9002877672609244,2.1434258981750105,0.10170793533325195,4.519721746444702,1
pure_rrt_1772962410,pure_rrt,871,1.200130293167781,-0.09009414254725552,1.4458726902648082,-0.5683843530827866,0.043762337979898924,1.3115,1.7786561306983677,2.5169456978412987,0.10303807258605957,4.109467267990112,1
pure_rrt_1772962410,pure_rrt,872,-0.7207215072870451,0.10352385462295345,1.432490028753582,0.28288417407720745,0.0715624080181434,1.3115,1.0113775184338782,2.203904686646294,0.10136556625366211,4.309149742126465,1
pure_rrt_1772962410,pure_rrt,873,0.46060560363619807,0.030523750046013015,1.4423131634257969,-0.8100838570307366,-0.16133751193350654,1.3115,1.2917331508573524,2.086271495624263,0.05123734474182129,4.011404991149902,1
pure_rrt_1772962410,pure_rrt,874,-0.9790798013126463,-0.15677843381086434,1.4351379194975231,0.873088497177801,0.47012495789672426,1.3115,1.9592910972096904,2.2789485496763993,0.05147981643676758,3.310770273208618,1
pure_rrt_1772962410,pure_rrt,875,0.9841357168197535,0.6096485729974745,1.4402435341487707,0.8374597197532845,0.4744923801203481,1.3115,0.2373940651608576,0.059006301419750336,0.05132794380187988,3.4103024005889893,1
pure_rrt_1772962410,pure_rrt,876,0.9678894893542725,0.5593253213738878,1.4311424934010777,-0.3051182540264423,0.35982778917292546,1.3115,1.2940874415157428,1.4023286567393478,0.0509648323059082,2.505561113357544,1
pure_rrt_1772962410,pure_rrt,877,-0.37116243106182295,0.5273314559430943,1.4406501098083464,0.905579145997627,0.11249435316455625,1.3115,1.3486432542735125,3.0836626919989985,0.050954341888427734,5.3108837604522705,1
pure_rrt_1772962410,pure_rrt,878,1.0662550537002669,0.09458867979332833,1.4326491039321847,0.8065228783924627,-0.6572705497459671,1.3115,0.8046304799826551,1.0449170923316773,0.101043701171875,2.5059680938720703,1
pure_rrt_1772962410,pure_rrt,879,0.8092841756006109,-0.8019604099711962,1.4267734786885768,1.0601300905555178,0.3795221485915038,1.3115,1.2133065087299226,3.367147209097136,0.1512749195098877,5.212887763977051,1
pure_rrt_1772962410,pure_rrt,880,1.2116155699898443,0.44550779404148216,1.433703310240524,-0.7043248905105854,-0.21318890788667988,1.3115,2.0296903316386414,2.622813656007341,0.0510411262512207,3.9098756313323975,1
pure_rrt_1772962410,pure_rrt,881,-0.8713707370600305,-0.22560135785792199,1.4342529101624355,-0.4183970299113334,-0.09844669202062684,1.3115,0.48623221341821315,0.3210964340565207,0.10328936576843262,1.7077937126159668,1
pure_rrt_1772962410,pure_rrt,882,-0.5878590805279073,-0.07494449413960524,1.4360467236905823,-0.5410326614154786,-0.5406433756794271,1.3115,0.48433464482358896,0.8454164026696073,0.1555628776550293,3.2178895473480225,1
pure_rrt_1772962410,pure_rrt,883,-0.5204104804527054,-0.7021344484720162,1.432378135417749,1.0451032241642717,-0.13879657153813363,1.3115,1.6681709284584771,1.7672452217964345,0.15280461311340332,3.109099864959717,1
pure_rrt_1772962410,pure_rrt,884,1.1321650219512942,-0.17378530455995092,1.4275859263841,-0.2263647344424471,-0.3316472445288514,1.3115,1.372588588544447,1.284669781299898,0.10233235359191895,3.5235934257507324,1
pure_rrt_1772962410,pure_rrt,885,-0.12093758901891316,-0.4423555621801318,1.4298640383573433,-0.3646902130647699,-0.25479066559687824,1.3115,0.3295542106175947,0.1427016151939458,0.10232067108154297,1.5057282447814941,1
pure_rrt_1772962410,pure_rrt,886,-0.24424924244366886,-0.37070021066205283,1.4341871877885928,-0.45577524558329024,0.3685984817607634,1.3115,0.7786898950607888,2.1312291549497315,0.1522507667541504,4.310658931732178,1
pure_rrt_1772962410,pure_rrt,887,-0.5495044603923179,0.49892732216395635,1.4314155382901226,0.8407539831228337,-0.5301326224889098,1.3115,1.7338288974917742,2.0147866385620206,0.0510411262512207,3.31130313873291,1
pure_rrt_1772962410,pure_rrt,888,0.788054640178589,-0.6950531331905868,1.436628960143116,-0.27360452864594087,0.0311230928008156,1.3115,1.2923271097561968,1.5372900205859392,0.05116891860961914,2.7116854190826416,1
pure_rrt_1772962410,pure_rrt,889,-0.4260082337555956,0.08625970666588989,1.432421938987787,0.2779455855865929,-0.04843096322432694,1.3115,0.7268525790354575,0.5467303588754873,0.051117897033691406,3.6108598709106445,1
pure_rrt_1772962410,pure_rrt,890,0.11240876716113324,-0.0082639767667875,1.4350596817462844,-0.3306446917999506,-0.07271564632052674,1.3115,0.4644538514846101,0.6100292866541137,0.05094027519226074,2.30546236038208,1
pure_rrt_1772962410,pure_rrt,891,-0.4966757530303747,-0.04178251722507313,1.43573607572223,-0.2655894063391301,0.38695178416867704,1.3115,0.5026416251461401,0.590299300533394,0.05132865905761719,1.9097731113433838,1
pure_rrt_1772962410,pure_rrt,892,-0.3567082042344397,0.5154791697914637,1.4306453295483217,0.03561108262851009,0.2531583488349892,1.3115,0.4867465927000521,0.3193107968497627,0.05092930793762207,2.411060333251953,1
pure_rrt_1772962410,pure_rrt,893,-0.08320062786441362,0.35075203580958686,1.4299722191414348,0.6671116841617806,0.4416668858063514,1.3115,0.7650292427328014,0.8248448831988299,0.05126166343688965,32.06140661239624,0
pure_rrt_1772962410,pure_rrt,894,0.6731863423311796,0.623190419925716,1.4415352830948078,0.7920942114664942,0.6165058539459877,1.3115,0.17633190186175962,0.23345306390932402,0.0509037971496582,1.8043358325958252,1
pure_rrt_1772962410,pure_rrt,895,0.854366810858699,0.7621918261702316,1.430992922119687,-0.4861799628726349,-0.07057465360334703,1.3115,1.5826699658591705,1.8140402670160607,0.050837039947509766,2.809436321258545,1
pure_rrt_1772962410,pure_rrt,896,-0.6570416611752551,-0.03482209385351413,1.4379922016814184,0.08466447108769093,0.4087285985663941,1.3115,0.8734217082651721,1.3936658296102797,0.0513150691986084,3.4150729179382324,1
pure_rrt_1772962410,pure_rrt,897,0.22938392903978172,0.515570213299447,1.440230490003331,-0.06671288451368396,-0.2920077127979616,1.3115,0.8697281004847462,1.5838115611083528,0.1045842170715332,3.9176034927368164,1
pure_rrt_1772962410,pure_rrt,898,-0.22947516599712747,-0.32993440358295406,1.4348520275010024,-0.6232639807735634,-0.47311999739184807,1.3115,0.43679224764874636,0.5175948465348578,0.15289664268493652,3.920464277267456,1
pure_rrt_1772962410,pure_rrt,899,-0.6233369405483489,-0.47317654818656196,1.3115502260385083,0.25223554413935023,0.05297807719350267,1.3115,1.0215017710575358,0.9614031967791924,0.15192627906799316,3.7096755504608154,1
pure_rrt_1772962410,pure_rrt,900,0.09924002614971483,0.11747487755791527,1.434148554222037,-0.41748342946912026,0.016357955925252132,1.3115,0.5406204114532601,0.677562623120193,0.10174107551574707,2.509887933731079,1
pure_rrt_1772962410,pure_rrt,901,-0.5770516208665447,0.07606471920137237,1.436180973265396,-0.5930949370344178,0.041385570737440425,1.3115,0.13040466412767665,0.1802709801364548,0.050992727279663086,3.211010456085205,1
pure_rrt_1772962410,pure_rrt,902,-0.7535539786428105,0.1126525044259669,1.4376062391042508,-0.43951717575865806,-0.49178089046024526,1.3115,0.6927204529681437,0.7595514366017231,0.051120758056640625,2.2097017765045166,1
pure_rrt_1772962410,pure_rrt,903,-0.5683677219441172,-0.5873480498388337,1.4309312636863472,0.9645593356553386,0.5896790458242923,1.3115,1.9363682435403182,2.499630315253952,0.0512690544128418,3.8132166862487793,1
pure_rrt_1772962410,pure_rrt,904,1.043650085259375,0.7287042315299976,1.4325885972214525,-0.13064538162166994,0.35308412984044624,1.3115,1.2388392763824128,1.1804936767011576,0.050987958908081055,2.7096290588378906,1
pure_rrt_1772962410,pure_rrt,905,-0.11935749857536646,0.5436289676630949,1.4487892426187385,0.2305476934596684,0.4181960499555518,1.3115,0.3962516831466193,0.3459943000724471,0.05150413513183594,1.9091205596923828,1
pure_rrt_1772962410,pure_rrt,906,0.22182720281566456,0.6006384697393756,1.4424202619881843,0.46041946576550896,-0.44002714203942084,1.3115,1.0756631900727658,1.415816700620372,0.051381587982177734,3.3069252967834473,1
pure_rrt_1772962410,pure_rrt,907,0.3232859220684501,-0.55068070595728,1.4387665012231432,-0.37815613566886386,-0.3812981458842526,1.3115,0.7327401820244541,0.8591645439267674,0.05106377601623535,2.7095415592193604,1
pure_rrt_1772962410,pure_rrt,908,-0.5323212093332148,-0.4726932704528283,1.4410906711093623,0.697922919780505,0.11894995681459164,1.3115,1.3712534658584306,1.8504289194767676,0.05116081237792969,3.511817693710327,1
pure_rrt_1772962410,pure_rrt,909,0.8763689586960767,0.09784110545072335,1.439785023163139,0.035397364472574466,-0.260424561782775,1.3115,0.9230625968898587,1.79360015784039,0.05106329917907715,3.9124627113342285,1
pure_rrt_1772962410,pure_rrt,910,-0.1318432266363665,-0.2893195538245046,1.4352322567687505,0.9519059869791033,-0.6879587704243457,1.3115,1.1613506164757361,1.2594850329344078,0.10156702995300293,3.7100579738616943,1
pure_rrt_1772962410,pure_rrt,911,0.9427399427279161,-0.8282438092350779,1.4269789921094396,-0.4009933324345899,0.5051890742822617,1.3115,1.8965752732868089,2.465319840476533,0.05093026161193848,3.7137436866760254,1
pure_rrt_1772962410,pure_rrt,912,-0.46490897594001157,0.6406519581918502,1.428439820466918,0.6344609233463696,-0.530727711697232,1.3115,1.6107201582203032,1.8379566760556776,0.15221667289733887,3.209813117980957,1
pure_rrt_1772962410,pure_rrt,913,0.5318062584156111,-0.6632558651922866,1.4344989869644253,0.31007698866347244,0.6303922842661028,1.3115,1.3182633099863648,1.832539924003755,0.15271592140197754,3.4735629558563232,1
pure_rrt_1772962410,pure_rrt,914,0.2798435466569634,0.766957557733848,1.4271700016677382,0.767210149607161,-0.5084467088086522,1.3115,1.3702415108556019,2.1067711238844926,0.10210037231445312,3.7152822017669678,1
pure_rrt_1772962410,pure_rrt,915,0.722027473440103,-0.6786631317575682,1.439001389208935,-0.1983042957815374,-0.041462039250564686,1.3115,1.1266287773623405,1.3636364938200267,0.0517733097076416,2.7125067710876465,1
pure_rrt_1772962410,pure_rrt,916,-0.3666881614122848,0.003711685664546202,1.4377137500112975,0.13753064692900718,-0.054247264284247754,1.3115,0.5229968998533295,1.4976540172537356,0.10217022895812988,3.9118783473968506,1
pure_rrt_1772962410,pure_rrt,917,0.2965440588352213,-0.15444832379614964,1.4455027732777972,0.21939904451824943,-0.14094258539677462,1.3115,0.15521115117741646,0.10954964743909844,0.05130124092102051,2.0048882961273193,1
pure_rrt_1772962410,pure_rrt,918,0.36089637962927135,-0.24265390744369608,1.4387100650131863,-0.8235061656840077,-0.12602073286400695,1.3115,1.1969106430296996,1.8438217713454434,0.10112857818603516,4.512753963470459,1
pure_rrt_1772962410,pure_rrt,919,-0.9907216854725233,-0.1113774280598465,1.4344086698651957,0.5631538045320006,-0.589671218058742,1.3115,1.6304602200349254,1.6058488873912171,0.05108976364135742,3.110809087753296,1
pure_rrt_1772962410,pure_rrt,920,0.4779599307133622,-0.7251738166536663,1.432203058745817,-0.5291308281963463,-0.22122140750885777,1.3115,1.1325939500786613,1.2789463011053217,0.0511019229888916,2.7103679180145264,1
pure_rrt_1772962410,pure_rrt,921,-0.6909670168466714,-0.23457745050981668,1.43352386876139,0.6150254447363124,-0.5705818281979669,1.3115,1.354032893280174,1.301647676108416,0.050934553146362305,2.909639596939087,1
pure_rrt_1772962410,pure_rrt,922,0.5177894173193744,-0.6986116177239441,1.4313649644958721,0.46959318343974576,0.034383856351529074,1.3115,0.7442935252230158,0.9814190729308828,0.10107207298278809,5.010270595550537,1
pure_rrt_1772962410,pure_rrt,923,0.635144644501436,-0.010043139381942012,1.4364715469880145,-0.7418605957301391,-0.7166803628525785,1.3115,1.5527709054384313,1.8042002139434477,0.051184654235839844,4.112772226333618,1
pure_rrt_1772962410,pure_rrt,924,-0.8009783132619103,-0.8340811728709268,1.4245024609233374,0.6635337107368695,-0.4208992255841788,1.3115,1.5258716676625863,1.6095959737570236,0.05183124542236328,3.0110907554626465,1
pure_rrt_1772962410,pure_rrt,925,0.7517210680484072,-0.535308179772393,1.4271077854322614,1.0326777873058903,0.1746505038069177,1.3115,0.7722325883683928,2.582278982438314,0.10127758979797363,6.914888620376587,1
pure_rrt_1772962410,pure_rrt,926,1.0923586217445707,0.20248800616356125,1.6521087101948866,0.3389208774492598,0.1892589564340844,1.3115,0.8269569128716292,0.7188441564325053,0.05108785629272461,3.410078525543213,1
pure_rrt_1772962410,pure_rrt,927,0.3738409078020778,0.207941158188037,1.6336719109220168,1.004274019468291,0.4727909317143101,1.3115,0.755900820881421,0.7077314122416638,0.05111193656921387,3.113063335418701,1
pure_rrt_1772962410,pure_rrt,928,1.0190375538791991,0.4968544431851268,1.6220182981427052,-0.3148370045466379,0.5806570802928562,1.3115,1.3721027050054864,1.4328392118990754,0.10239768028259277,2.6144564151763916,1
pure_rrt_1772962410,pure_rrt,929,-0.34422536241459406,0.6042115947522075,1.6315347188286247,0.5267798941845296,0.11257542926502173,1.3115,1.0501326094803294,2.752862756576048,0.5051147937774658,5.22212290763855,1
pure_rrt_1772962410,pure_rrt,930,0.6643851193869407,0.10057134841892527,1.426382037259192,-0.1991757659617821,-0.6345372603514327,1.3115,1.1398771652583375,1.2364105346517311,0.10186910629272461,2.307959794998169,1
pure_rrt_1772962410,pure_rrt,931,-0.16199776281909978,-0.7596408928614657,1.425117049678877,-0.19240755628390915,0.4037016398112324,1.3115,1.169273038191522,2.139408612251339,0.10277700424194336,4.314573764801025,1
pure_rrt_1772962410,pure_rrt,932,-0.2714987031266376,0.5492075875721316,1.4340682518152703,-0.1346872976610306,0.5329383923465515,1.3115,0.18440451114822068,0.18460433521362002,0.10167217254638672,1.3043146133422852,1
pure_rrt_1772962410,pure_rrt,933,-0.15965329957582175,0.6943407025969413,1.4317762646474352,-0.5503482593932534,0.07482243409032596,1.3115,0.7422343406753147,0.7793243714377763,0.10230684280395508,2.71193265914917,1
pure_rrt_1772962410,pure_rrt,934,-0.7056646505712867,0.16563052754878052,1.4416455587396124,0.012388193026387273,-0.05391432247887129,1.3115,0.7620614764125108,0.5753033432185273,0.05212545394897461,3.508939027786255,1
pure_rrt_1772962410,pure_rrt,935,-0.1584727092741447,-0.011969347842169437,1.4391574240087495,0.43891281988655684,0.28911738617485494,1.3115,0.6810426636828264,0.6850427182629084,0.0512239933013916,2.5068507194519043,1
pure_rrt_1772962410,pure_rrt,936,0.34422221095969907,0.44163919650832606,1.4406829542594721,0.9194410740378249,0.3801183821985944,1.3115,0.5927476585406551,0.9122109895799176,0.051104068756103516,2.811401844024658,1
pure_rrt_1772962410,pure_rrt,937,1.0726982761557857,0.4530102366394231,1.4353401803754804,-0.859367878880655,-0.4510974411334201,1.3115,2.1367327185964395,2.9277911699474046,0.05089569091796875,4.211215019226074,1
pure_rrt_1772962410,pure_rrt,938,-0.9918335934223346,-0.5206786539997007,1.428334656989938,-0.07543079406876418,0.4724223844274894,1.3115,1.3563532357989123,1.5150561570310788,0.05106663703918457,2.711117744445801,1
pure_rrt_1772962410,pure_rrt,939,-0.13959535118595967,0.6171574998722643,1.4316371943778923,-0.25089365234721583,0.20651068670374573,1.3115,0.44209847599808955,0.4011266671181899,0.05111384391784668,2.3112831115722656,1
pure_rrt_1772962410,pure_rrt,940,-0.38022326026181086,0.3018921717783434,1.4320568949238537,-0.5070584695375142,-0.27294412893342174,1.3115,0.600880943150704,0.6810035469597056,0.05089259147644043,3.7108025550842285,1
pure_rrt_1772962410,pure_rrt,941,-0.6663138721546346,-0.3023680218505848,1.4333849085434816,-0.6353758527370846,0.2667881143205847,1.3115,0.5828823202992421,0.7354888471843664,0.050949811935424805,3.2107443809509277,1
pure_rrt_1772962410,pure_rrt,942,-0.7478346220853984,0.3988486767206007,1.4370148361574118,0.10376841654405833,-0.33087959612637086,1.3115,1.1284879537198305,1.0539540871369575,0.0509648323059082,2.7116377353668213,1
pure_rrt_1772962410,pure_rrt,943,-0.04928450810028229,-0.37477610389678884,1.4313764475694226,-0.5471482413656623,-0.5828148555604726,1.3115,0.5527375342570738,0.6785146331168063,0.05102801322937012,3.2121689319610596,1
pure_rrt_1772962410,pure_rrt,944,-0.6332461613940888,-0.7174680918869756,1.4327004156958714,-0.19127586524266726,0.2641421473238844,1.3115,1.0833217182206905,2.83187594882416,0.051241159439086914,5.0117645263671875,1
pure_rrt_1772962410,pure_rrt,945,-0.02347896020427409,0.29343829530859883,1.4354259159531304,0.7541843762868972,0.03551562573610623,1.3115,0.8286386432256246,0.8924511284636591,0.15114474296569824,3.5117318630218506,1
pure_rrt_1772962410,pure_rrt,946,0.7533952571329953,0.03586983675450285,1.3113670598506866,-0.08115376894869519,-0.29398407415141387,1.3115,0.8973715491071186,0.8980010585884494,0.05127406120300293,2.6121301651000977,1
pure_rrt_1772962410,pure_rrt,947,-0.08126741783578606,-0.29372350794406543,1.3114678383042917,0.7145437481994692,-0.599479492130392,1.3115,0.8525269115321324,0.8529886231395861,0.10226821899414062,3.3115196228027344,1
pure_rrt_1772962410,pure_rrt,948,0.7143737206166911,-0.5998875078569557,1.3120320244418995,-0.6377185727009411,0.6043007439814342,1.3115,1.810586423942403,2.3670288064014313,0.1537172794342041,3.8113298416137695,1
pure_rrt_1772962410,pure_rrt,949,-0.5958722831149202,0.7594614901095367,1.4321430506766504,0.3059875061727848,0.272202814380787,1.3115,1.0321467154835922,1.1868594209846615,0.10282254219055176,2.5073366165161133,1
pure_rrt_1772962410,pure_rrt,950,0.46622346695251726,0.3003755683554652,1.4331820966941957,0.18200249813578262,-0.6011138778056835,1.3115,0.9530326926768847,2.7566269295600456,0.10179996490478516,4.817019701004028,1
pure_rrt_1772962410,pure_rrt,951,0.08555185790764597,-0.7121836682244412,1.4273961220487295,-0.28561921001666246,0.5462458111669083,1.3115,1.3171350072681192,1.7338838597864676,0.10204124450683594,3.213343620300293,1
pure_rrt_1772962410,pure_rrt,952,-0.33143583099962226,0.6896234475538776,1.4288114632622684,-0.35833239720027954,0.5894002714644205,1.3115,0.15662084698908754,0.08146073388211968,0.10166645050048828,3.1089651584625244,1
pure_rrt_1772962410,pure_rrt,953,-0.4094703341814539,0.7114478701510942,1.424779561109382,-0.7732072375467419,-0.670500535700906,1.3115,1.4334985839796939,1.8016623352335592,0.10145711898803711,3.110682964324951,1
pure_rrt_1772962410,pure_rrt,954,-0.8539916331198556,-0.7653459934892817,1.4238078601980997,-0.4240341371964385,0.10059520089086971,1.3115,0.9733091265818554,1.0110717679534573,0.05136609077453613,2.9135913848876953,1
pure_rrt_1772962410,pure_rrt,955,-0.5520848512621669,0.152349940547738,1.4262678966377633,-0.16104826348030776,0.3885607593646395,1.3115,0.4710380388130952,0.4646346951264906,0.1010441780090332,1.503596305847168,1
pure_rrt_1772962410,pure_rrt,956,-0.2543024281039362,0.5039757130017541,1.4278608360303664,-0.17767652529799915,-0.24484283952780406,1.3115,0.7616696119414068,0.8094289424261432,0.05087780952453613,2.910876512527466,1
pure_rrt_1772962410,pure_rrt,957,-0.33676956148229675,-0.2651608737782974,1.4308340239939323,-0.4586443213130312,-0.6266382182633284,1.3115,0.3996998085342716,0.5309530783784469,0.05104422569274902,2.3111026287078857,1
pure_rrt_1772962410,pure_rrt,958,-0.5453883604388875,-0.7462638440866989,1.4275214674075176,0.7936810640185619,-0.43901803108310805,1.3115,1.3787559225709372,1.447624732390295,0.051069021224975586,2.307556390762329,1
pure_rrt_1772962410,pure_rrt,959,0.8667921068881509,-0.5827298732872818,1.4321575612200508,0.7594219965044655,-0.21454438160517242,1.3115,0.40205365807137194,0.2765782340603463,0.05108952522277832,3.410061836242676,1
pure_rrt_1772962410,pure_rrt,960,0.8869968014671203,-0.3095313232949575,1.4315659589500935,0.9753237690270764,-0.5799834658710686,1.3115,0.3088071390381903,0.4499659840214319,0.05184793472290039,3.5083656311035156,1
pure_rrt_1772962410,pure_rrt,961,0.9683100898344689,-0.7413010362808783,1.4326503623419646,0.1805760066251012,-0.6981264504821026,1.3115,0.7981644197809046,0.8532146964861043,0.05112314224243164,2.4095752239227295,1
pure_rrt_1772962410,pure_rrt,962,0.12065877547329923,-0.8219998958716288,1.4259274649717142,-0.5534643146653071,0.1589067952099027,1.3115,1.1957062858438086,1.4436139135300936,0.05095171928405762,3.3066608905792236,1
pure_rrt_1772962410,pure_rrt,963,-0.6790807564443812,0.22473267985529471,1.4256470338390974,0.5436409939119007,-0.6489490781742929,1.3115,1.5071157349196063,1.7290756778114182,0.10099625587463379,2.9066927433013916,1
pure_rrt_1772962410,pure_rrt,964,0.508372207165231,-0.7965579358796067,1.4293158738916738,0.3415613460333635,0.5464744853862485,1.3115,1.3584706578000274,2.7774542115330716,0.10097432136535645,6.813815355300903,1
pure_rrt_1772962410,pure_rrt,965,0.2385350928255704,0.40572747165675693,1.6513645863901625,-0.1700515817195658,0.013611483351730125,1.3115,0.6604588980265441,2.755300405591912,0.10108280181884766,6.368215560913086,1
pure_rrt_1772962410,pure_rrt,966,-0.3237365568828011,0.06494222373961511,1.4320061858378552,0.7416779313351987,0.09765582162182629,1.3115,1.072706834142679,2.2929271123061024,0.10235857963562012,4.318119764328003,1
pure_rrt_1772962410,pure_rrt,967,0.9145997406505737,0.07094944792472827,1.437075048429036,-0.6631571013015777,-0.25537058288947473,1.3115,1.6160354289511611,2.281148472470821,0.1024470329284668,3.916242837905884,1
pure_rrt_1772962410,pure_rrt,968,-0.8293258994416275,-0.28249853708535455,1.4355989425511604,0.43147277175779064,-0.6466714161329129,1.3115,1.3181941141858897,1.3873952878668538,0.10363245010375977,2.9137470722198486,1
pure_rrt_1772962410,pure_rrt,969,0.41376137005525726,-0.7967852314078021,1.4293166682053382,-0.5621972180620911,0.3937131537389761,1.3115,1.5439113763633265,2.0665574932298765,0.10180306434631348,3.512507677078247,1
pure_rrt_1772962410,pure_rrt,970,-0.6516948812239862,0.521591522547734,1.4297550079130086,-0.5396203542707609,0.46519971634222335,1.3115,0.1724093451510526,0.14117821551238446,0.051950693130493164,1.9577739238739014,1
pure_rrt_1772962410,pure_rrt,971,-0.5721461330747484,0.6339329080882821,1.4373464195395909,0.12281088316375799,0.2620622582320812,1.3115,0.798179400858313,0.651032481145255,0.15257477760314941,2.5579288005828857,1
pure_rrt_1772962410,pure_rrt,972,0.047551793086148986,0.43495325919395494,1.4469926652657983,0.8834122723603621,0.5407338528661317,1.3115,0.8533525280626906,1.0172509242185395,0.05103015899658203,3.3116023540496826,1
pure_rrt_1772962410,pure_rrt,973,0.9918625310584019,0.6607154014749612,1.4321541314393036,0.37530453708959066,-0.18898859000542745,1.3115,1.0567393493657373,1.575794278770407,0.05098462104797363,3.812268018722534,1
pure_rrt_1772962410,pure_rrt,974,0.19559388397777855,-0.19544347555081104,1.4396584641974193,0.46968225717447964,-0.154298840111755,1.3115,0.30535538196086887,0.09953862652865776,0.05127859115600586,2.9125399589538574,1
pure_rrt_1772962410,pure_rrt,975,0.2801909642517688,-0.14410683149705486,1.4480526730264611,-0.5827633394132185,0.4014454291989894,1.3115,1.0300310829655381,1.1785137831292423,0.050878047943115234,2.906280517578125,1
pure_rrt_1772962410,pure_rrt,976,-0.6734674382295215,0.5246678365143455,1.4300594716503279,-0.018160018032109093,-0.22219837308370982,1.3115,1.000646440219101,2.0954657610485254,0.10105705261230469,4.110961675643921,1
pure_rrt_1772962410,pure_rrt,977,0.08671693901887911,-0.37768352827230645,1.4456035494992476,0.8002288287171355,-0.07795573337207873,1.3115,0.7854423783861085,0.881131131098577,0.051082611083984375,2.707693099975586,1
pure_rrt_1772962410,pure_rrt,978,0.9491284550855311,-0.19724781933561214,1.4488235240157434,0.262769641626889,-0.29615981631648564,1.3115,0.7069156627259024,0.6289283033858271,0.05159306526184082,2.30519437789917,1
pure_rrt_1772962410,pure_rrt,979,0.3671266897126808,-0.43509370928217195,1.43763972789544,-0.8603567359681372,0.6012594774161212,1.3115,1.6114138881287945,2.8984166084122984,0.050978660583496094,4.611034154891968,1
pure_rrt_1772962410,pure_rrt,980,-0.8859430879282207,0.7480659631580857,1.4283119807300468,0.5706310333011784,-0.267862420784076,1.3115,1.77970887809681,2.8683566169788723,0.10133838653564453,4.515453815460205,1
pure_rrt_1772962410,pure_rrt,981,0.6603191621404126,-0.4307789862856988,1.4438013973981378,1.0034708769800211,-0.1931083329825506,1.3115,0.43788594244667095,0.4996722341884814,0.1018218994140625,3.310244083404541,1
pure_rrt_1772962410,pure_rrt,982,1.1344789945311473,-0.28487298026628094,1.4317452415787773,1.089838626119011,-0.7075925712977815,1.3115,0.4417505328306338,0.5753733740817741,0.15296196937561035,3.6138827800750732,1
pure_rrt_1772962410,pure_rrt,983,1.1062611876179747,-0.8321330848452568,1.4255736562721113,0.49070629412092326,-0.5775874667437917,1.3115,0.675806257486649,0.764281506666774,0.10306072235107422,3.008524179458618,1
pure_rrt_1772962410,pure_rrt,984,0.38490413839329346,-0.6825289490848474,1.4283008962229657,0.36129724522136497,-0.43704306728488124,1.3115,0.27287919108430714,0.3593210771973387,0.10221552848815918,2.9085443019866943,1
pure_rrt_1772962410,pure_rrt,985,0.437561703606272,-0.5755778805420513,1.431359772398313,-0.04612264440500946,-0.5228500242582803,1.3115,0.5010959392958156,0.481465007170167,0.1020650863647461,1.4049317836761475,1
pure_rrt_1772962410,pure_rrt,986,-0.029189834798904857,-0.6885845074302286,1.4345982796666503,0.6279348629420425,0.49080342476886163,1.3115,1.3556998006398266,2.363249934445276,0.10175800323486328,4.513013601303101,1
pure_rrt_1772962410,pure_rrt,987,0.6577808480563277,0.6655440770256875,1.439165802209173,-0.6743132927012585,-0.7202019316108105,1.3115,1.9264125615626544,2.456152494745907,0.10172367095947266,3.710442304611206,1
pure_rrt_1772962410,pure_rrt,988,-0.7395992101888332,-0.7961416329201492,1.4262429053428072,-0.5498961164188956,-0.4217411673301299,1.3115,0.4351194166506677,0.4799574663315974,0.05098724365234375,2.3051822185516357,1
pure_rrt_1772962410,pure_rrt,989,-0.495010986042687,-0.5857749833708826,1.4374452899220707,1.058836761368229,-0.5568785964440948,1.3115,1.5592113517304045,0.0,0.1009969711303711,0.0,0
pure_rrt_1772962410,pure_rrt,990,-0.4950115386915033,-0.585775443119048,1.4374451672499238,0.9632512475491584,-0.1664319760234425,1.3115,1.522577250021736,1.606624660175209,0.05129408836364746,3.107285737991333,1
pure_rrt_1772962410,pure_rrt,991,1.0351433734444662,-0.19779416536103434,1.432411375373734,0.26456863454877877,-0.20316212038077197,1.3115,0.7800216688400514,0.6540615642428252,0.050993919372558594,3.4106152057647705,1
pure_rrt_1772962410,pure_rrt,992,0.3891477385696034,-0.2821891229679874,1.4286941670804354,-0.8505983724805575,0.3388490704971011,1.3115,1.3915435064718802,2.68565004499535,0.051200151443481445,4.4142844676971436,1
pure_rrt_1772962410,pure_rrt,993,-0.9531821432019039,0.4445159287103974,1.4283675986287836,0.2931141019886099,-0.19658161456898282,1.3115,1.4063848784682265,1.2566642551420566,0.05153989791870117,3.311136245727539,1
pure_rrt_1772962410,pure_rrt,994,0.11197464230791387,-0.20642318365790327,1.442056968269902,-0.32747594318464956,0.23176900000708145,1.3115,0.6341721602835247,0.7726719609035735,0.0517423152923584,3.613266944885254,1
pure_rrt_1772962410,pure_rrt,995,-0.44622102174750333,0.3111921147586914,1.4264943180945002,-0.1303010544543799,0.01251940525450601,1.3115,0.44970491028126297,0.2895816312672945,0.10172033309936523,3.8241775035858154,1
pure_rrt_1772962410,pure_rrt,996,-0.29077070600757693,0.06902950106747976,1.435654688010652,0.776744535608092,0.363961458569232,1.3115,1.114445170114976,1.4752564564365611,0.10580754280090332,3.115673780441284,1
pure_rrt_1772962410,pure_rrt,997,0.9200243782882027,0.4890361468875299,1.4473843645471443,0.7468991288066353,0.5353674293126532,1.3115,0.2249077594650586,0.2729333406403143,0.10224413871765137,1.8083500862121582,1
pure_rrt_1772962410,pure_rrt,998,0.7781528947643616,0.7039162106784864,1.435430578288398,-0.2041656190928982,0.4533259377985218,1.3115,1.0213245986285102,0.924951429852063,0.1026465892791748,3.10983943939209,1
pure_rrt_1772962410,pure_rrt,999,-0.1434999679509601,0.6267484447979845,1.4430323034619268,0.6183922450964319,-0.6725222514998098,1.3115,1.5119142943349695,2.059769888291078,0.10190153121948242,4.013944864273071,1
pure_rrt_1772962410,pure_rrt,1000,0.5449783548644227,-0.7919411165944907,1.4270476040945528,-0.2102168632443001,-0.20085763875179863,1.3115,0.9659455181555971,1.0982720522819391,0.05216050148010254,2.110874652862549,1
