run_id,test_case,move_index,start_x,start_y,start_z,goal_x,goal_y,goal_z,cartesian_distance_m,path_length_m,plan_time_s,execution_time_s,success
pure_rrt_1773301630,pure_rrt,1,0.35457311329382674,0.4408946214745212,1.2279544742579196,-0.13066148444452752,0.563281457007225,1.3197,0.5087714554175601,0.9301812820409754,0.10125112533569336,4.712878465652466,1
pure_rrt_1773301630,pure_rrt,2,-0.19235946087684574,0.6617208587150478,1.4325704249862565,-0.5637710546430907,-0.5286635290580576,1.0125,1.3158346114105937,1.4751269888903193,0.10140585899353027,2.8062126636505127,1
pure_rrt_1773301630,pure_rrt,3,-0.618316493698789,-0.5715370457475185,1.1376474885404617,0.31840995327503974,0.22989172189176654,1.1375,1.2327791885868717,2.8271352885887464,0.1011207103729248,4.710644006729126,1
pure_rrt_1773301630,pure_rrt,4,0.4048923365101268,0.237464709529876,1.2551512456019063,0.7769013140664358,-0.45124606192804856,1.1116,0.7958141530649722,4.257830418280387,0.7021279335021973,6.213597059249878,1
pure_rrt_1773301630,pure_rrt,5,0.8278141537764029,-0.5195787754231034,1.2294959986774052,-0.26999187445419626,-0.021984662937305166,1.3682,1.2132669847905986,1.9131765814946262,0.20696377754211426,3.813894748687744,1
pure_rrt_1773301630,pure_rrt,6,-0.3933241646494938,0.002726148456434374,1.4808783737564666,0.33969243733975607,-0.5513354354640945,1.3383,0.9298527680398818,0.9021610175515183,0.05209946632385254,1.9068455696105957,1
pure_rrt_1773301630,pure_rrt,7,0.2262210971910973,-0.6302251110462692,1.4525998497023218,0.030930708718165167,0.33583177095400074,1.4461,0.9856198471703708,1.1881377491444525,0.051451683044433594,3.1078121662139893,1
pure_rrt_1773301630,pure_rrt,8,-0.08483243703043353,0.42794010627194284,1.5617391157724372,0.3011656754845682,-0.6791771329227231,1.0435,1.281902845501078,1.600547655793494,0.10197639465332031,3.107661485671997,1
pure_rrt_1773301630,pure_rrt,9,0.2792723072978377,-0.7493043579408083,1.1671553910138381,-0.744067742703176,0.5607687281860799,1.211,1.6629608229502149,2.1071000178428827,0.0518648624420166,3.4089906215667725,1
pure_rrt_1773301630,pure_rrt,10,-0.7906216059217643,0.6329786841518747,1.330431846728447,-0.2692555094983793,-0.6087985153552286,1.0149,1.3832547003409483,1.6158525770433139,0.051312923431396484,4.31001877784729,1
pure_rrt_1773301630,pure_rrt,11,-0.31168708767103526,-0.6582493988142493,1.1420793330098498,-0.6311202185376483,-0.06262692550711468,1.1093,0.6766669346704667,0.7666408332267745,0.10120153427124023,4.214536666870117,1
pure_rrt_1773301630,pure_rrt,12,-0.702116123330224,-0.05204976022911339,1.2335986890006079,-0.36009807646876646,0.16730561870237126,1.2527,0.4067652722725932,0.38724046424933006,0.1589970588684082,3.009000778198242,1
pure_rrt_1773301630,pure_rrt,13,-0.44819917723039315,0.20673376903796867,1.3679938250154784,0.21057977365838032,-0.48900997810792585,1.0133,1.0216930935123494,1.0238777365398193,0.10118484497070312,2.1054933071136475,1
pure_rrt_1773301630,pure_rrt,14,0.15052888123921215,-0.5295842004264022,1.1368107518575323,0.9890869021802229,0.4864927794875896,1.0994,1.3179497516787917,2.328253208690678,0.10129046440124512,4.209930896759033,1
pure_rrt_1773301630,pure_rrt,15,1.0676323964753989,0.5332796397495064,1.2169492904853485,-0.6976078609330956,-0.4737195470360945,1.3249,2.0351348565260206,2.8642292131426625,0.05140256881713867,4.008505582809448,1
pure_rrt_1773301630,pure_rrt,16,-0.806928328928144,-0.5241623815474967,1.4386475476575922,-0.10264161183544662,-0.370166430342667,1.2725,0.7398239928883905,0.59874763496918,0.051291704177856445,2.30574369430542,1
pure_rrt_1773301630,pure_rrt,17,-0.22209747442784544,-0.40682662053728436,1.3867575546047979,-0.31618780179961137,0.002664418259433421,1.1102,0.5030109159538457,0.4924668005904152,0.1015775203704834,3.8083298206329346,1
pure_rrt_1773301630,pure_rrt,18,-0.3928279566370556,0.02086214980036566,1.2316372114513545,-0.7252406242266942,0.6129826508891109,1.2946,0.6819598097582201,0.8341050904282417,0.10113668441772461,3.5089380741119385,1
pure_rrt_1773301630,pure_rrt,19,-0.7731601502472203,0.7241674034053003,1.4074006974903528,-0.86205516386102,0.3774440026969422,1.4047,0.35794794846611516,0.3417889603770231,0.10112929344177246,3.5130155086517334,1
pure_rrt_1773301630,pure_rrt,20,-0.9643065359775974,0.46896833710962643,1.5189537361700687,0.6556578271315445,-0.6412626485173598,1.0032,2.0304923776176214,2.156894070271643,0.10149717330932617,3.10764479637146,1
pure_rrt_1773301630,pure_rrt,21,0.6233477023161635,-0.6968159580831953,1.129420693594189,0.8376709900854264,0.1134116262610646,1.4029,0.8815861507219612,1.2789993552484125,0.1012420654296875,3.307448148727417,1
pure_rrt_1773301630,pure_rrt,22,0.9554186941411896,0.10404291082309053,1.5161837111282688,-0.25663303835955753,-0.2961981155352495,1.3491,1.2873147431622287,1.2081921692399247,0.05172562599182129,3.0069406032562256,1
pure_rrt_1773301630,pure_rrt,23,-0.13930429426788948,-0.3939874711037048,1.4675211096814365,0.8854556557862792,-0.09417669282748165,1.1701,1.108367617034057,1.153539777084192,0.05130124092102051,3.1076560020446777,1
pure_rrt_1773301630,pure_rrt,24,0.9669612633169746,-0.1242728758636651,1.287702978697627,0.6348759663586907,0.02819486946048788,1.0777,0.42145973577790125,0.3050953455205574,0.05123758316040039,2.6085329055786133,1
pure_rrt_1773301630,pure_rrt,25,0.7091721451776405,0.01235547979479834,1.1990992441100645,0.1630564678351123,-0.15555864077535275,1.4786,0.6360488640577711,2.069203358792464,0.10156536102294922,4.011276006698608,1
pure_rrt_1773301630,pure_rrt,26,-0.014903474299778341,-0.15118254379083432,1.6062569652475496,-0.8107073539688927,0.13142790507643431,1.1683,0.9513037286346652,0.9921551356781989,0.10164713859558105,3.7084333896636963,1
pure_rrt_1773301630,pure_rrt,27,-0.8103813194804077,0.13097959400727868,1.1674277250016496,0.9257967513215164,-0.4004724771494458,1.0464,1.8197261628303687,3.570888220627582,0.6020474433898926,11.322706937789917,1
pure_rrt_1773301630,pure_rrt,28,1.0341857416514268,-0.4382977298332519,1.3994493059553876,-0.4195220359956043,-0.6372296038952384,1.0484,1.5086668978011823,1.636090131143249,0.10144877433776855,4.209264516830444,1
pure_rrt_1773301630,pure_rrt,29,-0.41903801624851894,-0.6370680407884601,1.04826474797847,0.9696607469429799,0.367357401521509,1.4237,1.754510288516327,0.0,0.051381587982177734,0.0,0
pure_rrt_1773301630,pure_rrt,30,-0.41900780911723934,-0.6370601999067445,1.048272626926754,0.7198780564140448,-0.4866527390905867,1.3019,1.1764396556339562,1.178667814337505,0.1027228832244873,2.9070756435394287,1
pure_rrt_1773301630,pure_rrt,31,0.7191013020084147,-0.48724799653272993,1.30217113350016,0.727346387535172,0.48822944609487984,1.4036,0.980771144289068,3.261702369177838,0.5526731014251709,9.218142986297607,1
pure_rrt_1773301630,pure_rrt,32,0.8538511371858079,0.5518324567857094,1.5189477641265399,-0.4212325078418716,-0.1561538984275238,1.3649,1.4665652711753328,2.2658417434692133,0.10161590576171875,3.708451986312866,1
pure_rrt_1773301630,pure_rrt,33,-0.5509237848117009,-0.15227998445278043,1.478733748012263,-0.85922087728718,-0.04123320625842464,1.2681,0.38954468290283994,0.4807308522157961,0.10152244567871094,3.7081336975097656,1
pure_rrt_1773301630,pure_rrt,34,-0.8600820110635677,-0.04196356994231759,1.2675068616272225,-0.6354268419446407,-0.27911675449141515,1.4866,0.3933362190742991,0.3950280404924881,0.10106992721557617,1.4036500453948975,1
pure_rrt_1773301630,pure_rrt,35,-0.6347090299240573,-0.27925925418090747,1.486572820248042,0.15524301229535165,0.22294804952197445,1.1893,0.982144355254032,0.9932842773472867,0.15210270881652832,2.65653133392334,1
pure_rrt_1773301630,pure_rrt,36,0.15412826071516916,0.22306429718170412,1.1899325851465852,1.0345705385752644,-0.3970511255359496,1.276,1.0803376055823093,2.374766812520847,0.7025351524353027,7.421292066574097,1
pure_rrt_1773301630,pure_rrt,37,1.105118079138128,-0.46097828758864634,1.3917894674981668,-0.3084461401438592,-0.692317334334872,1.4147,1.4325524245497139,1.6839926934955958,0.10135364532470703,3.909337043762207,1
pure_rrt_1773301630,pure_rrt,38,-0.3955706310171998,-0.7817218489494444,1.5285778197381354,-0.7709691150225211,-0.36013975813889587,1.3093,0.6055891704074614,0.6402206808595605,0.10113906860351562,2.20601224899292,1
pure_rrt_1773301630,pure_rrt,39,-0.8845679857780411,-0.38971748600626066,1.4228332787513671,-0.5858183635151959,-0.07049190737862832,1.4309,0.43728866763734286,0.39768513487997015,0.05151247978210449,1.7048168182373047,1
pure_rrt_1773301630,pure_rrt,40,-0.7136872631004615,-0.0531816104072674,1.5440785418369825,0.4591726549584514,0.303465351461658,1.2887,1.2522043133731324,2.296666414476273,0.05107307434082031,3.908228874206543,1
pure_rrt_1773301630,pure_rrt,41,0.5634512794475933,0.32172008454338075,1.4029605204264124,-0.1440538309504401,0.12578821123557826,1.3523,0.7358799280773414,1.7486797410602675,0.10135841369628906,3.7080745697021484,1
pure_rrt_1773301630,pure_rrt,42,-0.2620191221404836,0.17473633741137065,1.46636108879916,-0.6940456757521627,0.40470562893961304,1.0229,0.6604472388847752,0.6434258893274161,0.10158419609069824,2.7063798904418945,1
pure_rrt_1773301630,pure_rrt,43,-0.7352375312634527,0.46245954882721085,1.1455814456369096,-0.7921836694384579,0.06888690394064434,1.1139,0.3989310760691609,0.40586202954152556,0.15121674537658691,2.707097053527832,1
pure_rrt_1773301630,pure_rrt,44,-0.8722100011607508,0.09774545213729519,1.2326012093946754,0.14196844154917487,-0.43179480487803323,1.1447,1.1474743657574389,1.0917534030977107,0.10136532783508301,2.707228660583496,1
pure_rrt_1773301630,pure_rrt,45,0.057985744550141716,-0.4666963184950225,1.260979089064648,0.4964385969190874,-0.21162563418306157,1.0399,0.5533334630830591,0.445141577331067,0.10100817680358887,2.0054783821105957,1
pure_rrt_1773301630,pure_rrt,46,0.3982784325833896,-0.22270564725461717,1.1547843789024035,-0.19700649221838762,-0.5870873818154306,1.1164,0.6990075469703656,0.8048226913541421,0.1021265983581543,4.208901405334473,1
pure_rrt_1773301630,pure_rrt,47,-0.26367390667196955,-0.6568915450502476,1.2317776077002853,-0.36175969386856155,0.16381807925096203,1.0505,0.8461954148564895,0.9418236134455947,0.05095410346984863,2.4060440063476562,1
pure_rrt_1773301630,pure_rrt,48,-0.4227747906780772,0.19641354821283216,1.1742244615443846,0.1767674463016049,-0.41069495230277936,1.139,0.8539744656674504,0.8342716657154599,0.10399222373962402,2.405134916305542,1
pure_rrt_1773301630,pure_rrt,49,0.10300663359643458,-0.4355378830477694,1.2604420538534304,0.911628589297721,0.12688140229347022,1.3178,0.9866482928339139,1.9808878877991616,0.05187511444091797,3.70917010307312,1
pure_rrt_1773301630,pure_rrt,50,1.0232485225708383,0.12014641769132539,1.4317860446929007,0.5658441555208145,0.48962949717484106,1.1824,0.6386939018877701,0.688070195051154,0.10129117965698242,3.7084333896636963,1
pure_rrt_1773301630,pure_rrt,51,0.5657245105600127,0.4888027166252559,1.1818097987695402,0.3995067226777984,-0.6273916880968029,1.1851,1.128507477850911,1.4204704011091713,0.10160994529724121,3.708782434463501,1
pure_rrt_1773301630,pure_rrt,52,0.4300602777975082,-0.7214692273618231,1.3005972241598744,0.3289423962453073,-0.7303632510787509,1.1048,0.22054587417631355,0.19549132632407243,0.05106663703918457,1.905014991760254,1
pure_rrt_1773301630,pure_rrt,53,0.3026711076308498,-0.8027364989845829,1.2259851937366764,-0.8629679408167945,-0.5220497373523568,1.1335,1.2025194220810016,1.2684084325045075,0.10213899612426758,2.706048011779785,1
pure_rrt_1773301630,pure_rrt,54,-0.9415482218284525,-0.5745181156947894,1.249305855777155,0.41918721633415434,-0.4348539688011908,1.4683,1.3853033753669246,1.692690026184759,0.10167264938354492,2.9085147380828857,1
pure_rrt_1773301630,pure_rrt,55,0.5088108257510309,-0.5193671744169632,1.5815199453930375,-0.2280577982483314,0.2826791906321652,1.324,1.1191828550323963,2.3630479555798405,0.10156726837158203,4.011258363723755,1
pure_rrt_1773301630,pure_rrt,56,-0.32667232993071804,0.34875658447269403,1.438391848225287,0.43038875253928044,0.037856020982938055,1.3046,0.8292773369750507,2.842905158737907,0.10139012336730957,4.611798524856567,1
pure_rrt_1773301630,pure_rrt,57,0.5265555431492636,0.02181368492311299,1.4195960614603544,-0.34736890725482017,-0.4077582299971391,1.0856,1.0294801329668102,1.8065777787620774,0.1013948917388916,4.008561134338379,1
pure_rrt_1773301630,pure_rrt,58,-0.4257622925934863,-0.4388554835947315,1.2032841681404616,0.8950362723610386,0.12418447212023931,1.3646,1.4448341214568485,2.2229066861851448,0.10121464729309082,3.709261655807495,1
pure_rrt_1773301630,pure_rrt,59,1.017557310716932,0.11566768871466544,1.478214061824131,0.27042349932944365,-0.06628068869288095,1.0817,0.8651806432092114,0.7552101360559774,0.10249519348144531,2.707365036010742,1
pure_rrt_1773301630,pure_rrt,60,0.3510670587362691,-0.09696695278709377,1.2001866496579838,-0.31650917764222386,-0.7095898621231824,1.1897,0.9061317951830938,1.2209853759940836,0.05104470252990723,2.8068206310272217,1
pure_rrt_1773301630,pure_rrt,61,-0.36701995428782663,-0.7946117875025172,1.304242440393811,0.9909889141874761,0.5676978648015553,1.4948,1.932973838193751,3.468584769188498,0.10150885581970215,4.910997629165649,1
pure_rrt_1773301630,pure_rrt,62,1.1072386521975468,0.6405372878808446,1.609832389049941,-0.8423649860397847,0.5325097049955348,1.32,1.973987618662964,2.1297597140742033,0.10123705863952637,4.31182074546814,1
pure_rrt_1773301630,pure_rrt,63,-0.9085235054987886,0.637847203448355,1.4336305175582136,1.036894794590899,0.4290349918121529,1.2785,1.9627328854253527,2.1952151684970795,0.10157275199890137,4.409301280975342,1
pure_rrt_1773301630,pure_rrt,64,1.145512224764564,0.4702430222937541,1.3925350214623564,0.8139528829464104,-0.30754916491527445,1.3423,0.8470040383679496,4.677360788395756,0.10134005546569824,6.215623617172241,1
pure_rrt_1773301630,pure_rrt,65,0.9167629424234046,-0.38313650463123516,1.4544751573506056,0.9824587623866678,0.21334494063141296,1.4214,0.6009991858039663,2.9784315476100223,0.35304784774780273,5.20995020866394,1
pure_rrt_1773301630,pure_rrt,66,0.982200830818966,0.21259497831873875,1.4214057143136036,0.3459443233177544,0.6173339900432578,1.388,0.7548191523127787,0.75735757293372,0.10160183906555176,3.0093636512756348,1
pure_rrt_1773301630,pure_rrt,67,0.3458862852849862,0.617234688271256,1.387844782730139,0.8659534285612076,0.2748160807942769,1.1145,0.6800277248081509,0.6827569103236837,0.15128779411315918,2.6070098876953125,1
pure_rrt_1773301630,pure_rrt,68,0.8669631532879688,0.2743492501629832,1.114875708101216,-0.16048853828244525,-0.33960480598058607,1.0161,1.2009801006165517,1.6259400122116243,0.6031358242034912,4.817436456680298,1
pure_rrt_1773301630,pure_rrt,69,-0.11370211542732461,-0.41105387830835693,1.134634806394328,0.8455373354257656,0.5117925192125917,1.1577,1.3312842674073775,7.525678098761384,2.0054421424865723,13.62608003616333,1
pure_rrt_1773301630,pure_rrt,70,0.8841041301309833,0.5742403828925904,1.5015143699430353,0.7092210447121483,0.15005044088864938,1.1339,0.5879298643984104,0.4112341938572392,0.10153794288635254,4.208969354629517,1
pure_rrt_1773301630,pure_rrt,71,0.7755834673644171,0.18227180664310733,1.4780334826365393,0.8909905874824164,-0.27859465448598975,1.1055,0.6037366098332092,0.5213825345604298,0.05111217498779297,3.3071932792663574,1
pure_rrt_1773301630,pure_rrt,72,0.9767222550877485,-0.29136539653830223,1.4544534206122568,0.2731512394544169,-0.6936153158032764,1.4715,0.810621833814522,1.1807023257599092,0.051085472106933594,2.808587074279785,1
pure_rrt_1773301630,pure_rrt,73,0.2587603395724052,-0.729703671260583,1.7921790942823386,-0.3050752382817403,0.06880490002182083,1.4382,1.0396286339143073,1.1035861690595357,0.15127277374267578,3.7097136974334717,1
pure_rrt_1773301630,pure_rrt,74,-0.30492849156512125,0.06844448829980418,1.4378467117651774,0.7573943112274426,-0.24809805870092472,1.1573,1.1434314054096166,2.318361125615925,0.05115056037902832,4.0085954666137695,1
pure_rrt_1773301630,pure_rrt,75,0.8398493674056077,-0.2564110165342882,1.5050043064502685,0.6531272222414466,-0.44646190821933746,1.3277,0.32003330765843585,0.8665813634215435,0.15166640281677246,5.914498567581177,1
pure_rrt_1773301630,pure_rrt,76,0.6527620830823161,-0.4470352803003166,1.3278542399034743,-0.7705668286438195,-0.012918736225364547,1.1978,1.493732395749639,2.1383177868444876,0.10141205787658691,3.8104190826416016,1
pure_rrt_1773301630,pure_rrt,77,-0.8599863561470534,-0.034322339334531646,1.5470836355678057,0.5661130234383152,0.5978207571815227,1.4573,1.5625061395535225,3.4689016239876675,0.5517880916595459,5.711338758468628,1
pure_rrt_1773301630,pure_rrt,78,0.6010005496882096,0.6482416763959036,1.795006930775975,0.7030590380315707,-0.37087648676591,1.2294,1.170012378426425,1.1987523607258532,0.10121417045593262,6.6146979331970215,1
pure_rrt_1773301630,pure_rrt,79,0.7594851912056825,-0.38796557690087335,1.56652587425984,-0.8227548265505632,0.579678921767469,1.1324,1.9048056657555024,2.7087650463675965,0.10136604309082031,3.908503770828247,1
pure_rrt_1773301630,pure_rrt,80,-0.925564994379326,0.6479955382786969,1.4846813750426187,-0.06245526417091707,-0.5048936042226579,1.1233,1.4848260098427815,2.5904753571315826,0.10166478157043457,4.108940124511719,1
pure_rrt_1773301630,pure_rrt,81,0.0254617709800109,-0.5504523534638853,1.4745847801242042,0.2155672494475307,0.23885479778988572,1.2807,0.8347078410602832,1.4973603541754166,0.20131301879882812,6.317347288131714,1
pure_rrt_1773301630,pure_rrt,82,0.24921134513318066,0.2614507895196572,1.602698122695207,1.0195429862744507,0.27087036353998595,1.1314,0.9031176480249699,0.9355172469829571,0.30313920974731445,3.710634231567383,1
pure_rrt_1773301630,pure_rrt,83,1.0189413394397966,0.2713388171767763,1.1316395757996909,-0.04135267626812045,-0.4026176204254096,1.2923,1.2665908776853214,1.2693208133143423,0.10247135162353516,3.307828426361084,1
pure_rrt_1773301630,pure_rrt,84,-0.04235842130771783,-0.4031672715026874,1.2916783962269696,-0.8444721055358239,-0.583516191943497,1.4489,0.8370368738730183,2.7438672249343337,2.4175398349761963,6.914121389389038,1
pure_rrt_1773301630,pure_rrt,85,-0.9669261246847088,-0.7085850238588166,1.5749410003659983,0.8225228775098163,0.22382589878815262,1.1997,2.05239461811856,3.6151117359696134,0.10108804702758789,4.810852527618408,1
pure_rrt_1773301630,pure_rrt,86,0.9144935932185922,0.22946430838312246,1.3159436221867848,0.10138266448156175,-0.09244978694750272,1.1097,0.8985068162773482,2.0452898681671408,0.05098438262939453,4.008756399154663,1
pure_rrt_1773301630,pure_rrt,87,0.011253608619882227,-0.08155168299885951,1.226514710631061,-0.08316361642440584,0.10317803472374554,1.4988,0.34231412445539533,1.4330380148797996,0.40180516242980957,5.110923767089844,1
pure_rrt_1773301630,pure_rrt,88,-0.0830940131520086,0.10321074994098318,1.498784994996279,-0.130517797810334,0.11693152419136088,1.2548,0.24892961410945744,0.25077876035403485,0.10148310661315918,2.307072401046753,1
pure_rrt_1773301630,pure_rrt,89,-0.13058198510278252,0.11654681653346927,1.2540319896939263,0.43253077786874905,-0.5191280971901155,1.0455,0.8744507821968182,1.8681983489438334,0.5019090175628662,5.612116098403931,1
pure_rrt_1773301630,pure_rrt,90,0.36825164584006337,-0.5668712719861806,1.1646805857979312,-0.8204545825065056,0.061855648669738694,1.0236,1.352118252874536,1.4262593310642748,0.1013638973236084,3.1091415882110596,1
pure_rrt_1773301630,pure_rrt,91,-0.8886598174610173,0.08797881438287164,1.147009075349616,-0.10364720625867363,0.14087801213979334,1.0548,0.7921777820962155,0.7184701920474013,0.05102825164794922,2.5060391426086426,1
pure_rrt_1773301630,pure_rrt,92,-0.17659174104308806,0.18009601212113316,1.172956422348131,0.9929832509950729,-0.21249497566173614,1.3137,1.2417093461594144,2.4025545038505722,0.051152944564819336,4.208704233169556,1
pure_rrt_1773301630,pure_rrt,93,1.0921652541366877,-0.2659261880117091,1.4279988433868316,-0.4849419708476145,-0.6476975725975227,1.396,1.622972740117452,1.6547712709743896,0.10144805908203125,3.117413282394409,1
pure_rrt_1773301630,pure_rrt,94,-0.45775550483956906,-0.8012586999488588,1.5151230196294339,-0.6858140517817499,0.1954513066740744,1.2111,1.0667106142718679,1.5630860243430604,0.10117506980895996,3.3078806400299072,1
pure_rrt_1773301630,pure_rrt,95,-0.7786660136264093,0.24639383023368197,1.3257522208915886,0.801542866341459,-0.7110243602989752,1.0318,1.8708601241298692,2.002773892788633,0.051258087158203125,3.009835720062256,1
pure_rrt_1773301630,pure_rrt,96,0.7834635066868613,-0.7693069748618346,1.160675454040018,-0.6387973116538773,0.2143168652103431,1.1908,1.7295228192813472,2.008375389895649,0.05117464065551758,3.1075117588043213,1
pure_rrt_1773301630,pure_rrt,97,-0.7390464921592931,0.31459906297034046,1.3057621862382691,0.5839108088193017,0.360982798348782,1.4981,1.3376701034720284,1.8523334263158386,0.0512692928314209,4.210810422897339,1
pure_rrt_1773301630,pure_rrt,98,0.7390204984020395,0.4036954979192181,1.6189616078607956,0.6147184377521813,0.36559093175322077,1.2646,0.37745875187917977,0.24325814365441564,0.051416635513305664,2.5067081451416016,1
pure_rrt_1773301630,pure_rrt,99,0.7161141777473969,0.39374008530031235,1.3783954899618192,-0.1356601539587038,0.3237914080595038,1.4855,0.861326712503236,0.7489664866511475,0.10168218612670898,3.6146607398986816,1
pure_rrt_1773301630,pure_rrt,100,0.001801971994703222,0.35035360484082345,1.5992944801722953,0.8283740741528494,-0.1535622063867247,1.4304,0.9826891320778532,5.281400927408585,0.2539660930633545,7.718871355056763,1
pure_rrt_1773301630,pure_rrt,101,0.9448330313387096,-0.20326639444558,1.5435316455606087,-0.6686084919671815,0.4971076937777247,1.0057,1.8392879849411,3.398819462395776,0.15239310264587402,4.9119298458099365,1
pure_rrt_1773301630,pure_rrt,102,-0.6955497007702354,0.5616584812975987,1.1294987147479483,-0.23866169075732746,0.4874489159537795,1.3604,0.5172708350691376,0.5240210915158205,0.050951242446899414,2.5074355602264404,1
pure_rrt_1773301630,pure_rrt,103,-0.31187677282107806,0.56969367814698,1.4740124952895002,0.9214670772629805,-0.6175721060958524,1.3409,1.7171068782624201,2.6479951769510532,0.05126357078552246,3.9083948135375977,1
pure_rrt_1773301630,pure_rrt,104,0.9728444176554979,-0.7259381544003756,1.4539450933290343,1.0111033652302361,0.0449036582813952,1.2685,0.7937573495016339,0.8029154360655948,0.10134243965148926,3.1093740463256836,1
pure_rrt_1773301630,pure_rrt,105,1.1144364666207993,0.02676556521518117,1.3834891560957212,-0.2918562504944361,-0.2914149146617354,1.1334,1.463366874704606,2.251055944361834,0.10113835334777832,3.8087892532348633,1
pure_rrt_1773301630,pure_rrt,106,-0.38942733362055515,-0.30964490244835763,1.2481491083272207,0.6959096646646317,0.34193532819971717,1.3205,1.2679699713888908,2.437853370540854,0.1010444164276123,4.1086061000823975,1
pure_rrt_1773301630,pure_rrt,107,0.8197990180741173,0.37271725313575377,1.4337883670414766,-0.758918537647011,0.0120526843128127,1.0558,1.6629200995733422,2.2854793752276836,0.10180425643920898,3.70910906791687,1
pure_rrt_1773301630,pure_rrt,108,-0.8323786918197783,0.03287704919529513,1.1768461287462766,-0.17748644512178002,-0.5821499194284695,1.2174,0.8993256603663394,0.9155513414112354,0.05096793174743652,2.7060604095458984,1
pure_rrt_1773301630,pure_rrt,109,-0.2563170600141891,-0.6405949489048283,1.3329048605451614,0.3523082014928294,-0.6040574430072863,1.2269,0.6188672949355933,0.5287427543390614,0.05128836631774902,2.105726718902588,1
pure_rrt_1773301630,pure_rrt,110,0.2716780423181745,-0.6672992815378095,1.341704447101302,-0.7287837213861684,0.38623572146494956,1.4769,1.4591564620389454,1.6963517232482739,0.10125613212585449,3.3073322772979736,1
pure_rrt_1773301630,pure_rrt,111,-0.8406904590282472,0.4938073086476471,1.5967781085432828,-0.7048516506831496,0.6126427808606151,1.4379,0.24045021248272255,0.2514064526851223,0.0515131950378418,3.008284091949463,1
pure_rrt_1773301630,pure_rrt,112,-0.767090545959842,0.7278944476960469,1.551366387806711,0.7379687423043702,0.558519545325422,1.1317,1.571626926404027,1.6970044357832657,0.10151052474975586,3.207376003265381,1
pure_rrt_1773301630,pure_rrt,113,0.8031756070319799,0.6018374931337782,1.2524214831066212,-0.12725350147772496,-0.6282700152560291,1.2503,1.5423577110546425,2.7529479031962936,0.05134463310241699,4.311373233795166,1
pure_rrt_1773301630,pure_rrt,114,-0.20759355465527984,-0.6970010149796237,1.3639209616944075,-0.032191977672493044,0.5023309251201674,1.0893,1.2428111233624919,1.4336939460154974,0.10190415382385254,2.8090343475341797,1
pure_rrt_1773301630,pure_rrt,115,-0.07064717556299949,0.5576634307388628,1.2151748756669571,-0.8504970760709754,-0.09906027790007044,1.4563,1.0476608336648838,1.203498807477309,0.10140037536621094,3.708482503890991,1
pure_rrt_1773301630,pure_rrt,116,-0.994990948988652,-0.08576507346578263,1.5717650746166119,-0.6400629788877781,0.14901495510747143,1.4353,0.4468984698641318,0.5038368734977746,0.15129756927490234,3.710909128189087,1
pure_rrt_1773301630,pure_rrt,117,-0.6397177276263659,0.14976594391516268,1.4364756416023567,1.0340259910765421,-0.22792782373443055,1.1492,1.739712019926525,4.308163716227007,1.456859827041626,8.854777097702026,1
pure_rrt_1773301630,pure_rrt,118,1.1277626400237812,-0.2339396055685209,1.4986034794398542,-0.4298330480544449,0.5804677691914001,1.3195,1.7667602429109308,2.468048085123266,0.20317316055297852,4.0452799797058105,1
pure_rrt_1773301630,pure_rrt,119,-0.491946304039218,0.6187613568424088,1.6629796762612084,-0.7874570545139581,0.48143063822114984,1.3045,0.48445227650978817,0.37500250939926105,0.10251569747924805,1.708404541015625,1
pure_rrt_1773301630,pure_rrt,120,-0.8495948888911321,0.5076535978586786,1.6443057531285068,-0.7267352086944394,0.017995786767414867,1.0764,0.7598527603537265,4.343849826504836,0.5019960403442383,11.12220048904419,1
pure_rrt_1773301630,pure_rrt,121,-0.7997235283275748,0.03807907873868957,1.197749364862175,0.37446810078409043,0.21295869866486405,1.3813,1.2012492243497719,2.2518580391573337,0.10154509544372559,3.910961866378784,1
pure_rrt_1773301630,pure_rrt,122,0.4901003728410698,0.21861360394339172,1.4950343909655774,0.2851109662315847,0.49519110641461894,1.2697,0.41145031224579015,0.47436230343169894,0.10110783576965332,3.710280179977417,1
pure_rrt_1773301630,pure_rrt,123,0.28473829627079605,0.49441233950279134,1.2695070915907292,1.0107155614397394,0.48022243906611906,1.3893,0.735931167787948,0.7367965432555867,0.10121917724609375,3.010643482208252,1
pure_rrt_1773301630,pure_rrt,124,1.011524327556033,0.4798894233998183,1.389517289617581,-0.32323049533139503,-0.48452152653955194,1.2652,1.6513975009312778,1.6943847184722993,0.10101795196533203,3.3082377910614014,1
pure_rrt_1773301630,pure_rrt,125,-0.32342019069283834,-0.4849085961019771,1.265375529655484,0.2838064136884284,-0.6361926088101109,1.0003,0.6796146246157551,5.2467296323150245,0.5519101619720459,11.723318815231323,1
pure_rrt_1773301630,pure_rrt,126,0.3719209724029262,-0.7302373720177195,1.3524757014355597,0.5107565171871349,-0.0064035926431784684,1.1621,0.7612184682180545,0.8368272363677437,0.10103511810302734,3.007467031478882,1
pure_rrt_1773301630,pure_rrt,127,0.5967865149573017,0.01227084662603263,1.5115003955386377,0.48413718400178873,-0.5195643253401193,1.0097,0.7398257625060947,0.6294785652425113,0.051230430603027344,2.007796287536621,1
pure_rrt_1773301630,pure_rrt,128,0.5723167303051551,-0.579150044326636,1.3620592585006444,1.0095034281445934,0.25413860452560666,1.4645,0.946570803792662,2.3507852436533963,0.25139474868774414,6.512902498245239,1
pure_rrt_1773301630,pure_rrt,129,1.1217498300369497,0.3181999417441777,1.8173366578550902,0.9756678540076542,0.4469717841735611,1.4394,0.4251567340098909,0.21126899531253812,0.10122942924499512,3.4101428985595703,1
pure_rrt_1773301630,pure_rrt,130,1.0311026211704395,0.4965592557754449,1.782422262332143,-0.12684960684770574,0.37070027649423853,1.4158,1.2211084015252012,1.6656524900104708,0.10106468200683594,3.2077839374542236,1
pure_rrt_1773301630,pure_rrt,131,-0.17875920262304823,0.3835048556901274,1.7488226992040898,0.3045670778279319,-0.21965596298897638,1.1538,0.9754277416253585,2.1217308791218294,0.40178871154785156,6.969774961471558,1
pure_rrt_1773301630,pure_rrt,132,0.3873508241855418,-0.27091438724564537,1.2681121203668926,0.7885674927374753,-0.09901559844171082,1.029,0.497693293929628,0.5003914093171399,0.1036825180053711,3.311084032058716,1
pure_rrt_1773301630,pure_rrt,133,0.8527417012594483,-0.12790831485365114,1.1526478441895942,-0.7612637656378625,0.4451285449744432,1.439,1.7364856598985539,3.2011149599869992,0.2067124843597412,4.818869590759277,1
pure_rrt_1773301630,pure_rrt,134,-0.8506432960499928,0.5354036819907184,1.5521651316093612,1.1023342110804804,0.020163163498010173,1.4735,2.021331773407154,0.0,1.304548978805542,0.0,0
pure_rrt_1773301630,pure_rrt,135,-0.8506484049452009,0.5354064333091249,1.552178638068992,0.8110011283226295,-0.4031437082048464,1.0428,1.97520179639097,2.9261719696471045,0.20302271842956543,4.4166579246521,1
pure_rrt_1773301630,pure_rrt,136,0.8534720707263233,-0.451766209472077,1.169351339334145,1.0179291360267877,0.08988394773550923,1.243,0.5708372310458721,0.6264217473036975,0.15123224258422852,3.6090762615203857,1
pure_rrt_1773301630,pure_rrt,137,1.0182534742951563,0.08905300443952541,1.2432737852597238,0.3521301725875494,-0.2508844254228771,1.0346,0.7764164204561368,0.7398824067263604,0.15130233764648438,3.7087559700012207,1
pure_rrt_1773301630,pure_rrt,138,0.4077481677032684,-0.29087024462239297,1.1598567318389015,0.15824986319131829,0.3181654702447686,1.3803,0.6940959158615172,2.145193987375965,0.5021922588348389,8.415969848632812,1
pure_rrt_1773301630,pure_rrt,139,0.19705728169091352,0.3452764581739124,1.7089556463463527,0.22087935445103035,0.027728772889620834,1.3829,0.4557590460916136,0.5006140400472054,0.1532444953918457,3.7079617977142334,1
pure_rrt_1773301630,pure_rrt,140,0.22049061434134987,0.028526514932092475,1.3831853249571577,-0.6073818172108301,-0.7034526027454723,1.0642,1.1501816505135911,1.1631562533196238,0.3019895553588867,3.708789587020874,1
pure_rrt_1773301630,pure_rrt,141,-0.5443608463145151,-0.793650507009148,1.4172949745649366,0.5224861003726611,-0.4503872420867566,1.2376,1.1350252686988178,1.2063356372893228,0.05112409591674805,2.8089287281036377,1
pure_rrt_1773301630,pure_rrt,142,0.6038477356600715,-0.48239320650881057,1.5861233226289246,-0.17813545844532475,0.06754690173826594,1.2749,1.005381417706868,3.093430367264807,1.3531310558319092,9.318790674209595,1
pure_rrt_1773301630,pure_rrt,143,-0.3012443014748709,0.11187635229947367,1.3882021278054335,0.9190425324866094,-0.2644969883099853,1.1325,1.3023595612677334,2.222639266573093,0.10121893882751465,3.9095897674560547,1
pure_rrt_1773301630,pure_rrt,144,0.9874878091885114,-0.3119802965449471,1.252184764321522,-0.08705220543924252,0.11174712611309823,1.4362,1.1696336087469654,1.0427728221232284,0.10100126266479492,3.1093246936798096,1
pure_rrt_1773301630,pure_rrt,145,0.07895380858851664,0.09660232705567881,1.5579993605766933,-0.5815003607986469,0.5301313969718934,1.2116,0.862635311896776,3.276980125027344,0.05115199089050293,5.1123199462890625,1
pure_rrt_1773301630,pure_rrt,146,-0.6358081721092355,0.6231864414054511,1.3246620088093826,0.03700706886423388,0.6035647584422456,1.1059,0.7077585572967751,0.6560267505144985,0.10167765617370605,2.1090917587280273,1
pure_rrt_1773301630,pure_rrt,147,0.009851628809656843,0.6814121727614246,1.2254334014667865,0.38240049325575054,-0.4130399197987627,1.2696,1.1569653096508299,2.810048315491152,0.15287232398986816,4.84096360206604,1
pure_rrt_1773301630,pure_rrt,148,0.4585332172814589,-0.49088841921352655,1.3837187768037849,-0.619213147185695,-0.5342856991141075,1.365,1.0787821571707452,1.4443184765425723,0.1027064323425293,2.91459584236145,1
pure_rrt_1773301630,pure_rrt,149,-0.7345573360369344,-0.6051040968334024,1.4795040960819967,-0.512513672720895,-0.2680531527130119,1.1006,0.5536018798549804,0.44413165938769406,0.10207509994506836,1.706608772277832,1
pure_rrt_1773301630,pure_rrt,150,-0.5987733587499116,-0.28041237584708983,1.217477305028767,0.4500994377486758,-0.5062324969689606,1.1559,1.0746723383584733,1.420643623843278,0.10273170471191406,3.109867572784424,1
pure_rrt_1773301630,pure_rrt,151,0.499154708791384,-0.5852269944946343,1.2715293641476941,-0.5381707049909699,-0.3602168741700888,1.4976,1.0852564216450709,1.5542134999546964,0.10208916664123535,4.209417343139648,1
pure_rrt_1773301630,pure_rrt,152,-0.6583718028603225,-0.3890419313480319,1.610570636303017,-0.6338997034786091,-0.10988997272303469,1.3249,0.4001654808927067,0.35531188450217494,0.05129241943359375,3.0073800086975098,1
pure_rrt_1773301630,pure_rrt,153,-0.7582425690123172,-0.09867798252113857,1.4373097194726183,0.12477303083432634,0.20560249453674795,1.2191,0.9591238918739443,2.1867594552312872,0.050916433334350586,4.008778095245361,1
pure_rrt_1773301630,pure_rrt,154,0.235302132620832,0.2104570707303594,1.3332838585356273,0.37149857197097913,-0.63066309010225,1.2588,0.8553247571730215,4.303996192338828,0.7523980140686035,6.012435436248779,1
pure_rrt_1773301630,pure_rrt,155,0.41287000829350357,-0.7307087604782174,1.3726758755063,-0.75194348356766,-0.362570111445742,1.0605,1.2608609411752663,1.4392894779887613,0.10130143165588379,2.7099080085754395,1
pure_rrt_1773301630,pure_rrt,156,-0.8262527330095929,-0.3860451229571225,1.1815774962558883,-0.5072793396356601,-0.45535402973536,1.1123,0.33368716146528726,0.26643461897835913,0.1013801097869873,2.811091899871826,1
pure_rrt_1773301630,pure_rrt,157,-0.5875470193489073,-0.4939748295995199,1.2297918180296203,0.3523809571730465,-0.23611265923113267,1.169,0.9765516602285289,1.4348137489620052,0.051492929458618164,3.20851731300354,1
pure_rrt_1773301630,pure_rrt,158,0.4272394802836281,-0.28147938768840625,1.2873504868630734,-0.800293891870835,-0.39615163847131546,1.2942,1.232896922164517,1.8044921798192652,0.10130143165588379,3.8081719875335693,1
pure_rrt_1773301630,pure_rrt,159,-0.9199269002368311,-0.43731367526467235,1.406642448810942,0.14114469027325027,-0.011876071245456199,1.1151,1.1797741625242884,1.0839715512431616,0.1012113094329834,3.2098917961120605,1
pure_rrt_1773301630,pure_rrt,160,0.05033281603340056,0.010188022429514415,1.2309658884473709,0.18264742211385587,-0.4098455280058814,1.1101,0.45666607216188343,0.46518777078477913,0.05106377601623535,2.2051258087158203,1
pure_rrt_1773301630,pure_rrt,161,0.09723467203303893,-0.44460423230444457,1.2262961218030308,-0.8332188860045463,-0.300463226488713,1.0355,0.9606891345890457,1.019546294734901,0.0512850284576416,3.10860276222229,1
pure_rrt_1773301630,pure_rrt,162,-0.9119629422885395,-0.3176326180799332,1.156621239178728,-0.6356314547342441,0.48058448373661566,1.3156,0.8595253801015115,0.9200931816520669,0.10119819641113281,3.709836006164551,1
pure_rrt_1773301630,pure_rrt,163,-0.635260408044535,0.4804297573770595,1.316562822646378,0.6911373949197446,-0.058140418671475236,1.1145,1.4457587456187975,2.9697530889286083,0.10128164291381836,4.614113092422485,1
pure_rrt_1773301630,pure_rrt,164,0.7728002139907583,-0.08643240862419806,1.2325949544112826,0.2901190959173825,0.28123383752926945,1.4527,0.6454500456261179,0.7974267997686083,1.0052926540374756,7.021046161651611,1
pure_rrt_1773301630,pure_rrt,165,0.2908160642537361,0.28092637186048336,1.4517091700481901,-0.3105561547069281,-0.24412492474827535,1.4298,0.798628462766268,1.064598401907426,1.2549419403076172,5.413219451904297,1
pure_rrt_1773301630,pure_rrt,166,-0.16851345319656708,-0.3614002921668881,1.5619366015460487,-0.16721628927046872,0.6124719518415541,1.0354,1.1070996445902928,2.8554112883712848,0.6564037799835205,4.810385227203369,1
pure_rrt_1773301630,pure_rrt,167,-0.18078503646435423,0.6824305560503172,1.1600172732871592,-0.6712671392663598,-0.5329715427607278,1.119,1.311280813430626,1.596774810062842,0.10123515129089355,3.3074309825897217,1
pure_rrt_1773301630,pure_rrt,168,-0.7416874844495571,-0.5791780881060362,1.2382906740501565,-0.503224158330312,-0.35127923821465407,1.3345,0.3435969704252228,0.31940943743645694,0.10162591934204102,4.910584449768066,1
pure_rrt_1773301630,pure_rrt,169,-0.6128273954451903,-0.37757564257922566,1.4477785855701188,-0.7139767160986251,-0.022321350730470035,1.1071,0.5024924831394685,0.46959745426319977,0.10098147392272949,5.1143786907196045,1
pure_rrt_1773301630,pure_rrt,170,-0.7895086594405772,-0.005616123187209859,1.2288668094769182,-0.6509388959029203,-0.1963464069111509,1.0662,0.2864264502480474,0.208086034326003,0.10205316543579102,5.060149192810059,1
pure_rrt_1773301630,pure_rrt,171,-0.7257538770098101,-0.1989847524011237,1.1891364065706411,0.7464368446214729,-0.3886415156402526,1.4678,1.510287590825848,2.1207396269170564,0.05094456672668457,4.007893085479736,1
pure_rrt_1773301630,pure_rrt,172,0.8463421714702921,-0.4732368971945553,1.580573538145078,0.9690232104508749,0.02199221500113957,1.2855,0.589381797992563,0.611219837342445,0.10147261619567871,3.7090256214141846,1
pure_rrt_1773301630,pure_rrt,173,0.9692496292502432,0.02153869043284312,1.284929506518548,0.6521349935864189,-0.4860018894819629,1.2363,0.6004364756714029,0.6079622838283146,0.10140252113342285,2.6086509227752686,1
pure_rrt_1773301630,pure_rrt,174,0.6518306269211631,-0.48658935138333737,1.2360513164232083,0.1330837705525898,-0.4099290276616797,1.3923,0.5471642873441823,0.5467626699489074,0.10100078582763672,2.309093475341797,1
pure_rrt_1773301630,pure_rrt,175,0.1336099123569625,-0.4106640442274826,1.3927289176960898,-0.30093424347781306,0.05562131623466937,1.4037,0.6374723722628267,2.0371012612166575,0.15134572982788086,5.410586357116699,1
pure_rrt_1773301630,pure_rrt,176,-0.4720273042370082,0.12740401794543016,1.5358291475737358,0.1825922553172432,-0.6717944604059854,1.0952,1.1231202167362928,1.3936718540075224,0.10109734535217285,3.1105144023895264,1
pure_rrt_1773301630,pure_rrt,177,0.1739382023198831,-0.7600897374527057,1.2130765427323382,-0.7473908085229743,0.6172053593037848,1.0485,1.665194994043604,3.2390856854043397,0.4520885944366455,9.922223329544067,1
pure_rrt_1773301630,pure_rrt,178,-0.8328201376641344,0.6944548992490587,1.401646536506869,-0.36830222225822007,0.19338474033567887,1.2155,0.7081657510357579,0.6600746061022136,0.10133147239685059,3.0141100883483887,1
pure_rrt_1773301630,pure_rrt,179,-0.43550637076569476,0.19510078369260628,1.5570984604979663,0.06166400570641384,-0.17713058396165293,1.2118,0.7106093168045604,0.7393326934344852,0.2524838447570801,3.7158219814300537,1
pure_rrt_1773301630,pure_rrt,180,0.06098128277663706,-0.177190775330499,1.2121418726823392,0.7732876662352792,0.5829469752557884,1.2335,1.0419433542111725,1.1920590845045542,0.15246367454528809,2.814225435256958,1
pure_rrt_1773301630,pure_rrt,181,0.7725828066858672,0.58315785885154,1.2339596625805176,0.986790785419297,-0.49398576708838293,1.3645,1.1059675532083473,3.8081451443929577,1.0546669960021973,7.918602705001831,1
pure_rrt_1773301630,pure_rrt,182,1.0588080386776544,-0.5765941167506652,1.478403769263045,0.2656057103225853,0.413672739265866,1.3367,1.276666886096809,2.606557270407354,0.6523048877716064,9.518494129180908,1
pure_rrt_1773301630,pure_rrt,183,0.3223405645253402,0.4617605646819527,1.6805056304502137,-0.47337465166537035,-0.518136734502522,1.4921,1.2762672540701652,2.583136265851663,0.4016432762145996,5.811931848526001,1
pure_rrt_1773301630,pure_rrt,184,-0.5359915353237455,-0.5875023941930413,1.8431750923041814,0.44542089141986874,-0.02430810636723002,1.0492,1.382300475441518,2.042780945963229,0.0511782169342041,3.610664129257202,1
pure_rrt_1773301630,pure_rrt,185,0.5457437338926404,-0.002339769588009369,1.4008721380155742,-0.09517379708833662,0.379007629833947,1.2013,0.7720298950408255,0.7994952609044595,0.1512901782989502,3.7095227241516113,1
pure_rrt_1773301630,pure_rrt,186,-0.0940952958490402,0.37870140701753524,1.202116582623109,0.04403133519715996,-0.32890680089846874,1.1697,0.7216918850473744,0.7450848198119837,0.10187768936157227,2.709652900695801,1
pure_rrt_1773301630,pure_rrt,187,0.04400921781089051,-0.3280112510703882,1.1694010392874525,-0.4127544382190081,0.4930154636792571,1.4308,0.9752165505486434,3.1767525610558476,0.2015247344970703,7.314378261566162,1
pure_rrt_1773301630,pure_rrt,188,-0.440071937507411,0.5075576297933384,1.746429617577073,0.9236277239317321,0.1147030063858252,1.1243,1.5495343761299674,1.9067375076873117,0.10141706466674805,3.408459186553955,1
pure_rrt_1773301630,pure_rrt,189,0.9995760191028712,0.14591182286812748,1.4719821541631477,0.37111736118755023,-0.2828396854611636,1.0951,0.8490160768383737,0.7006905304632974,0.05135607719421387,2.108612298965454,1
pure_rrt_1773301630,pure_rrt,190,0.45970378518464405,-0.297073024853952,1.4445221391850407,0.3559842022503137,-0.010024459624534132,1.2243,0.37636740197787355,0.32801007401750687,0.10149884223937988,1.404012680053711,1
pure_rrt_1773301630,pure_rrt,191,0.41634501611286967,0.0031700175442500866,1.5630255521896457,-0.5723803883696872,-0.3146938788489167,1.2109,1.0966347553330162,1.8468996669757136,0.2014613151550293,3.7086448669433594,1
pure_rrt_1773301630,pure_rrt,192,-0.6192944247329006,-0.35174354564816274,1.5474990697268627,-0.8065387143536853,0.04002842701318898,1.1393,0.5959632397089902,0.48605684332701593,0.10102605819702148,2.411206007003784,1
pure_rrt_1773301630,pure_rrt,193,-0.9107282691700403,0.023077961571800212,1.4906211614030984,-0.19499397404507146,0.3854075366193458,1.1249,0.8816520118902934,5.494772429900589,1.2063910961151123,9.933056354522705,1
pure_rrt_1773301630,pure_rrt,194,-0.2573347259976033,0.4734588525659722,1.2387107699502788,-0.6203174712580108,-0.19712726277005532,1.4616,0.7944317593792455,0.9478322779933298,0.2024073600769043,5.1189634799957275,1
pure_rrt_1773301630,pure_rrt,195,-0.7419340002895215,-0.20060142505383358,1.5757635666458507,-0.41862373464890457,0.2493750289720732,1.2216,0.6576018316471185,0.6203797026142428,0.15212726593017578,4.016077280044556,1
pure_rrt_1773301630,pure_rrt,196,-0.5055696776010095,0.3063524976787384,1.335786905968018,0.5024058169337922,0.002703385159597227,1.4307,1.0569890616913042,2.84930769662091,0.1519479751586914,4.512760400772095,1
pure_rrt_1773301630,pure_rrt,197,0.6305167484184001,-0.025684138838933168,1.543592883006045,-0.5130733252995743,0.5052110712724055,1.2752,1.289062729456461,3.3522259138754027,0.1511821746826172,4.810634613037109,1
pure_rrt_1773301630,pure_rrt,198,-0.5770324720040679,0.5884959984288428,1.3888622102935897,0.04269550282267098,0.5585673086266344,1.0253,0.7191216656517089,0.6501349750069223,0.10125589370727539,2.608937978744507,1
pure_rrt_1773301630,pure_rrt,199,0.022600530044758593,0.6272451894148707,1.1489814689781768,0.1296713615490115,0.09713811948720619,1.4996,0.6445238729808285,0.7105023331494887,0.15140056610107422,2.0096487998962402,1
pure_rrt_1773301630,pure_rrt,200,-0.032735509556991116,0.1644136687909444,1.626874327873301,0.9744584358825197,0.03349299425157315,1.418,1.0369225388602445,2.9096695256272636,0.1012582778930664,5.31346869468689,1
pure_rrt_1773301630,pure_rrt,201,1.121352434957537,0.004922100427280612,1.533759806262097,0.5287469732091561,-0.5334113550358048,1.4845,0.8021288369568923,1.1079003838300654,0.10187268257141113,4.5101025104522705,1
pure_rrt_1773301630,pure_rrt,202,0.609962743655203,-0.6766928525839503,1.6071291579108178,-0.032373009478670944,0.26887437974836936,1.4632,1.1521320293749242,2.7842402821049896,0.1014089584350586,5.711636781692505,1
pure_rrt_1773301630,pure_rrt,203,-0.1486502343639241,0.34121545737546805,1.5767833640581506,0.020563634122989782,-0.5874109250148023,1.4243,0.9561545208145165,1.417344129918631,0.10104584693908691,5.011225700378418,1
pure_rrt_1773301630,pure_rrt,204,-0.09490715068257616,-0.6709998188632877,1.5396834206004988,-0.6259185658551252,0.5222367467162697,1.0832,1.383533063487383,1.5584446293235996,0.10268664360046387,2.810622215270996,1
pure_rrt_1773301630,pure_rrt,205,-0.6638396127369965,0.5960060263240401,1.2023903254136465,0.29890791364644986,-0.19477028488244097,1.2428,1.2465323564685151,3.0232766348994047,0.10132431983947754,4.81278395652771,1
pure_rrt_1773301630,pure_rrt,206,0.38370568573733754,-0.23757134013629524,1.3594255377415134,0.7182555351212587,-0.7366356003916756,1.1069,0.6517345201834064,0.6760782584037314,0.05177474021911621,4.710466623306274,1
pure_rrt_1773301630,pure_rrt,207,0.7192979365341616,-0.805324562791807,1.2319418442219814,0.19211808502296313,0.5208816169511331,1.2005,1.4274908113875242,2.1213988502872665,0.10200810432434082,3.7113375663757324,1
pure_rrt_1773301630,pure_rrt,208,0.13745156123605706,0.6061294084645776,1.3143439145616957,0.5887274737535213,-0.12165254921740487,1.0293,0.9025334123313907,2.6813914955314493,0.10123229026794434,4.710843563079834,1
pure_rrt_1773301630,pure_rrt,209,0.6516039827225196,-0.15195848961301214,1.154037532685936,-0.5938213856072367,-0.5006442805404492,1.1895,1.2938020387454965,1.3306318941691928,0.10118412971496582,2.7081141471862793,1
pure_rrt_1773301630,pure_rrt,210,-0.5661109572263219,-0.6315591479364941,1.3037860434978215,0.9402245759169743,-0.24507078261374604,1.4927,1.5665594396323606,1.696801397679734,0.15302324295043945,3.114412546157837,1
pure_rrt_1773301630,pure_rrt,211,1.0431192869741126,-0.3017165283580445,1.605666380144588,-0.8470467870419227,0.16870034915096044,1.1326,2.0044479604194314,2.986427241956745,0.3221766948699951,4.327200651168823,1
pure_rrt_1773301630,pure_rrt,212,-0.9310073242491769,0.21441433647959707,1.2492414914756014,-0.5783504735933301,-0.1733064539990693,1.392,0.5432073797731515,0.5238352713116987,0.1527388095855713,5.514575242996216,1
pure_rrt_1773301630,pure_rrt,213,-0.696530031705658,-0.17403671769494702,1.5062029454146437,0.12235051047652279,0.07505901379774027,1.2275,0.9001607398655292,0.7832156850234113,0.05161547660827637,2.3057994842529297,1
pure_rrt_1773301630,pure_rrt,214,0.010129206119370626,0.11566423095384104,1.3412699950509646,-0.456967114484549,0.4909265936915409,1.2115,0.6130587779525941,0.6970634645746954,0.10132479667663574,3.608931541442871,1
pure_rrt_1773301630,pure_rrt,215,-0.5156144733765147,0.5717832735550581,1.3268826667762736,-0.8005585583250759,-0.09438001741886093,1.4787,0.7402804633755636,0.8429331495809909,0.10161733627319336,2.70951247215271,1
pure_rrt_1773301630,pure_rrt,216,-0.9287487245774813,-0.08145951039032219,1.5923520966933604,0.664095736289511,-0.12018114105621003,1.4977,1.5961240116621684,2.601046433965791,0.051003456115722656,3.9105236530303955,1
pure_rrt_1773301630,pure_rrt,217,0.8124070693812752,-0.1822502336739475,1.6175448767869915,-0.07868761334510388,0.025945815217491397,1.2779,0.9760911692484895,2.2871488374992635,0.1014106273651123,4.009882688522339,1
pure_rrt_1773301630,pure_rrt,218,-0.17822504043932164,0.05040134070585708,1.3923111305283833,0.8350591008487913,0.5569626449716115,1.3592,1.1333337782534667,1.782196756961133,0.05092310905456543,3.612652063369751,1
pure_rrt_1773301630,pure_rrt,219,0.9474286355176146,0.6322602245726757,1.4739153505494431,0.40340709469972924,-0.1813992489112155,1.0774,1.056042422862499,4.392694574149342,0.10111427307128906,6.113613843917847,1
pure_rrt_1773301630,pure_rrt,220,0.47122730940519375,-0.21947362918688246,1.1979767751746926,0.5460569575755418,0.1623614961845481,1.1484,0.39224405138820934,0.4231328013450048,0.10206294059753418,1.5077884197235107,1
pure_rrt_1773301630,pure_rrt,221,0.634215822292684,0.160756793866551,1.2662714085341369,-0.4150097531624425,0.18018062970465287,1.4844,1.071835657180096,3.823246720240422,0.6522984504699707,8.216584205627441,1
pure_rrt_1773301630,pure_rrt,222,-0.5724561718325456,0.33130234323426644,1.6494876679169974,0.7124336812096612,-0.4976796343373456,1.2896,1.5708826140447603,1.7415053388421793,0.10126304626464844,4.010693788528442,1
pure_rrt_1773301630,pure_rrt,223,0.6196396277931745,-0.6407583071638181,1.4138698713745073,-0.6759071595509779,-0.40888140956675006,1.2711,1.32385482965818,1.4327302315255916,0.051221370697021484,4.510531425476074,1
pure_rrt_1773301630,pure_rrt,224,-0.7931177130748057,-0.4525054815620417,1.384968849101569,0.7724957715717773,-0.19726983030424305,1.374,1.5863199981815843,2.091545486186976,0.10112547874450684,3.4096031188964844,1
pure_rrt_1773301630,pure_rrt,225,0.890798054376779,-0.25816770574500886,1.487598145677008,-0.2919811986226717,0.4885654146480186,1.0286,1.4721604573390694,3.07121759257402,0.10121011734008789,4.761240005493164,1
pure_rrt_1773301630,pure_rrt,226,-0.3242529671178476,0.5574421764836475,1.1500239519056121,-0.46096944230057385,-0.7065447518773718,1.2921,1.279273212842367,1.6408278706882853,0.10157012939453125,3.1099085807800293,1
pure_rrt_1773301630,pure_rrt,227,-0.5306279804559689,-0.7846706604357291,1.4067835919775442,-0.03773654072566912,0.48353093101976363,1.2514,1.369460225265961,1.606635313500619,0.0510258674621582,2.9141364097595215,1
pure_rrt_1773301630,pure_rrt,228,-0.10465710069170564,0.5779003561968007,1.3645189775763908,-0.35882275493917826,-0.22130263117817528,1.4264,0.8409250000828391,0.9486339555537479,0.10214805603027344,2.5086655616760254,1
pure_rrt_1773301630,pure_rrt,229,-0.4875976722941934,-0.22820826786562137,1.5409912875617042,0.36406313535698365,-0.18046838988923564,1.0787,0.9702156779776926,0.8313563940160027,0.20348715782165527,2.2082841396331787,1
pure_rrt_1773301630,pure_rrt,230,0.25455363566999956,-0.1818843737880011,1.1928181534020652,-0.2893688645879192,0.5601748437660033,1.4804,0.96395377852694,1.217298439608582,0.1535804271697998,2.5199873447418213,1
pure_rrt_1773301630,pure_rrt,231,-0.366757241185643,0.6957134759645425,1.5993362111310856,0.8483035282296632,-0.07326953360516819,1.0401,1.5428715702284679,3.25056155774749,0.10153985023498535,4.814455032348633,1
pure_rrt_1773301630,pure_rrt,232,0.9230508332264624,-0.10545634448654223,1.1593297591235494,-0.030226834141979353,-0.7121271703681586,1.0929,1.1319013715763901,1.2178328801707088,0.10102629661560059,2.3109238147735596,1
pure_rrt_1773301630,pure_rrt,233,-0.03294265418336745,-0.7879716376987611,1.215291203686037,0.3825538316954238,-0.38866232021478003,1.2975,0.582102694546708,0.651480936042471,0.10094809532165527,2.111029624938965,1
pure_rrt_1773301630,pure_rrt,234,0.46898045806328703,-0.4702437211609822,1.4103516786129178,1.0780851221544403,-0.020701689516109623,1.3376,0.7605191232138699,0.8474249256697608,0.05096077919006348,3.1098978519439697,1
pure_rrt_1773301630,pure_rrt,235,1.2050568048381272,-0.054615045208315484,1.4507503613235413,-0.8365496790829209,0.5132465602141257,1.1176,2.1451370588732606,3.6219728312050887,0.10111856460571289,4.81122612953186,1
pure_rrt_1773301630,pure_rrt,236,-0.876998572671916,0.5741444929222282,1.2409703368646392,-0.3298225525979577,0.018440575456700192,1.0599,0.8006215758539019,0.7147833210123244,0.05125308036804199,2.3048954010009766,1
pure_rrt_1773301630,pure_rrt,237,-0.4101150518415786,0.04335073046057271,1.1786560730415916,-0.46387303937048446,-0.7278917314232478,1.4451,0.8177390919167262,1.0327247522363607,0.10137248039245605,2.305485725402832,1
pure_rrt_1773301630,pure_rrt,238,-0.5439098185550357,-0.8247046255170504,1.5591068068289866,0.8590501337289052,0.07784560238200366,1.1231,1.7242376510198358,2.100852361235085,0.051140785217285156,4.011689186096191,1
pure_rrt_1773301630,pure_rrt,239,0.9382448204062748,0.06768432804884711,1.2423754691380782,-0.5254141257683229,0.5134020137008949,1.2973,1.531005705446702,3.423615072972595,0.10117745399475098,4.912188529968262,1
pure_rrt_1773301630,pure_rrt,240,-0.585490048294436,0.586327239250543,1.4126161559593204,0.15549489187058407,-0.6784687616510744,1.3097,1.4694758727537944,1.6785158466248564,0.10095977783203125,2.8095247745513916,1
pure_rrt_1773301630,pure_rrt,241,0.07496302781228065,-0.7684409518013198,1.4234683478802825,-0.7088930401723994,0.08573099840681742,1.2096,1.1788891915968256,1.2998627211925342,0.050841331481933594,2.3081681728363037,1
pure_rrt_1773301630,pure_rrt,242,-0.8090770406178227,0.12299797442306944,1.3228269164579038,-0.30080901372047286,-0.2543056875771598,1.2918,0.6337642385538917,0.5586797136340143,0.05144047737121582,2.2050118446350098,1
pure_rrt_1773301630,pure_rrt,243,-0.41868537758362534,-0.2666818479158108,1.4047768916471188,0.2496139970684501,-0.08890674737843696,1.2614,0.7062471051903987,1.7616303838694212,0.051706552505493164,3.709876537322998,1
pure_rrt_1773301630,pure_rrt,244,0.36296916451913164,-0.13115202408685403,1.3748600987249682,0.5789578966707161,-0.44767191981630017,1.4674,0.39420757239939086,0.566933769542487,0.0517582893371582,3.310901403427124,1
pure_rrt_1773301630,pure_rrt,245,0.676334178325443,-0.5511471503941631,1.5821308131781064,0.30644445864790515,-0.67234093227264,1.1021,0.618009643201115,0.7307816023270526,0.20116567611694336,3.508229970932007,1
pure_rrt_1773301630,pure_rrt,246,0.26202876765915467,-0.7439960449473626,1.221757206948454,-0.2105286084007837,0.3162333679467594,1.3581,1.1687541396083119,1.461999992241142,0.10114407539367676,2.712067127227783,1
pure_rrt_1773301630,pure_rrt,247,-0.30919304762908706,0.3867553151341968,1.4705806204594827,0.5702701147955418,-0.062194931532683295,1.1193,1.0480505008608032,2.5092109779142255,0.25777435302734375,4.4187986850738525,1
pure_rrt_1773301630,pure_rrt,248,0.6740491977178181,-0.11043923699554725,1.2318067176319132,-0.3846311701200903,0.3824465844843504,1.1979,1.1682851620053611,2.5669415544108163,0.15276169776916504,5.018064022064209,1
pure_rrt_1773301630,pure_rrt,249,-0.4592759479994243,0.460833076132217,1.3121402672669311,-0.33360833801021395,0.06797693627812573,1.3358,0.41314413680271184,0.45829870591604666,0.25294947624206543,3.708902597427368,1
pure_rrt_1773301630,pure_rrt,250,-0.33342011180542097,0.06874003494997113,1.3358207695207573,0.9451155065661652,-0.555011201117347,1.15,1.4346596426768294,1.6038795666009455,0.15545868873596191,2.909118175506592,1
pure_rrt_1773301630,pure_rrt,251,0.9440516050915906,-0.5553379098165192,1.1504125001968188,-0.5060665350418558,0.001571901697864142,1.1581,1.5533995803264193,2.6869346471651983,0.15141606330871582,5.414789199829102,1
pure_rrt_1773301630,pure_rrt,252,-0.597748734307541,0.02505301674601311,1.273839463921777,0.7256041950613934,0.16216834586052575,1.3759,1.3343462602233709,2.7942138041896296,0.1016845703125,4.309484004974365,1
pure_rrt_1773301630,pure_rrt,253,0.8424078419683013,0.1597636461961046,1.4896632718111251,-0.3781580064410935,-0.07053009995432491,1.0363,1.3222535521021044,1.2298674793431723,0.10153627395629883,2.711197853088379,1
pure_rrt_1773301630,pure_rrt,254,-0.2939169902954123,-0.116325648201278,1.1521469709100924,0.9981256112588675,-0.6888275611796729,1.2291,1.4152930061585076,0.0,0.552701473236084,0.0,0
pure_rrt_1773301630,pure_rrt,255,-0.29391699033004126,-0.11632564818905332,1.1521469706720908,-0.515099665957625,0.037356746779313,1.4992,0.43930155893949263,0.0,0.301694393157959,0.0,0
pure_rrt_1773301630,pure_rrt,256,-0.2939169903300415,-0.11632564818905304,1.15214697067209,0.5092869696832367,-0.3344424638701152,1.498,0.9012912207267696,1.0914292935045424,0.05132341384887695,2.5061793327331543,1
pure_rrt_1773301630,pure_rrt,257,0.6314240650158831,-0.43375156166734663,1.6173982541898155,0.998536181422826,-0.09142966631264471,1.0366,0.7676471833609225,0.7092180236900109,0.1010894775390625,2.2056164741516113,1
pure_rrt_1773301630,pure_rrt,258,1.0631563775948683,-0.11800853809533406,1.1605028644520234,-0.24054286203186737,0.3959298614830308,1.1066,1.4023800856973951,2.766666262908883,0.1012721061706543,4.61166787147522,1
pure_rrt_1773301630,pure_rrt,259,-0.2989988740110766,0.4638641617535368,1.223922853145603,-0.41712248449577255,-0.5773410989420189,1.1326,1.0518561906271664,1.2222225674766232,0.051428794860839844,2.6118102073669434,1
pure_rrt_1773301630,pure_rrt,260,-0.48671075914330153,-0.6318103918968287,1.250595978255252,-0.19936782181169288,0.2528295440805183,1.4666,0.9548882224481915,1.1040756995287446,0.10120606422424316,2.305835247039795,1
pure_rrt_1773301630,pure_rrt,261,-0.327029566050295,0.3339609177400604,1.5847703356493594,0.19627174148791826,0.34345362848873606,1.4404,0.5429338484972828,0.4211843226003623,0.10156536102294922,3.0100862979888916,1
pure_rrt_1773301630,pure_rrt,262,0.07601922500976965,0.45334862165564793,1.5606701165078296,0.8830078970041229,0.10319602056248656,1.4396,0.8879727101047282,3.0837407657972613,0.10121583938598633,4.761820316314697,1
pure_rrt_1773301630,pure_rrt,263,1.0288824602140472,0.08991250536829239,1.5563203031648685,0.851535968071643,-0.713775829491568,1.1848,0.9029917239536289,1.0929530129679808,0.10107922554016113,2.606116533279419,1
pure_rrt_1773301630,pure_rrt,264,0.8440783793990092,-0.8165656308624649,1.2998612193409083,0.9882321784525603,0.3545281659530163,1.0789,1.2004436093269404,7.233878407999864,0.6021058559417725,16.932295083999634,1
pure_rrt_1773301630,pure_rrt,265,1.066689994565169,0.42373772305366664,1.4299673872982275,0.6475671886614935,-0.19074692470090127,1.4169,0.74392611552857,3.07418535268019,3.3105456829071045,10.924484968185425,1
pure_rrt_1773301630,pure_rrt,266,0.5662783058387181,-0.14761761440956025,1.533835847698528,0.8586280403173234,0.6091306866798317,1.3518,0.8314285346911747,3.378960321274001,0.7574231624603271,11.025689363479614,1
pure_rrt_1773301630,pure_rrt,267,0.8828543495816565,0.6547113156846984,1.6854302096855887,-0.03787042148684694,0.27043808238313705,1.3058,1.0674826078194943,0.9679297792591561,0.20217180252075195,3.111297369003296,1
pure_rrt_1773301630,pure_rrt,268,-0.011471947693315498,0.2905665139571093,1.6208945337551899,-0.17013888355598095,-0.3483336254672917,1.4936,0.6705016651854918,2.611877452640865,1.1554911136627197,7.614691734313965,1
pure_rrt_1773301630,pure_rrt,269,-0.04367651412938156,-0.46906318526104024,1.6208693385482615,-0.7895712981407308,-0.7184412136762894,1.327,0.8395877667107869,1.0504451464789375,0.10196065902709961,4.010290861129761,1
pure_rrt_1773301630,pure_rrt,270,-0.8593591524476889,-0.8152258652493302,1.4398744385047313,-0.11126458532951089,0.1908353664202781,1.0039,1.3273576738203683,1.3590528127130002,0.10113263130187988,3.1102395057678223,1
pure_rrt_1773301630,pure_rrt,271,-0.16584908779013918,0.22442256138113634,1.1309275232367317,0.685535818571624,-0.6201492828229554,1.4086,1.2309589201735276,1.9803478014570957,0.10122990608215332,3.9111268520355225,1
pure_rrt_1773301630,pure_rrt,272,0.7409642762373992,-0.7479262081812241,1.5234634557254318,0.9994588681815753,-0.10079032354267892,1.1497,0.7907612965282984,0.7696706446933336,0.10108542442321777,2.2092092037200928,1
pure_rrt_1773301630,pure_rrt,273,1.0952566843694163,-0.14116117603572914,1.2645528390691076,1.0914962170034874,-0.42468308229914875,1.3317,0.2913890074576127,0.42188985428441766,0.1010894775390625,3.5139408111572266,1
pure_rrt_1773301630,pure_rrt,274,1.173882746369702,-0.508591031448704,1.4455013008305673,0.33153432744989875,-0.038565985863317165,1.4695,0.9649094982930068,0.8441623705565566,0.10109210014343262,3.509744644165039,1
pure_rrt_1773301630,pure_rrt,275,0.46364168283403795,-0.07397647642513305,1.5837040977408365,-0.43599633362291246,-0.48683382781379425,1.0671,1.11654804959432,1.679407488767546,0.10139966011047363,3.6093645095825195,1
pure_rrt_1773301630,pure_rrt,276,-0.5054034866630628,-0.5307004178411716,1.1864576654735992,-0.7583558150513484,0.5885470138134749,1.0577,1.1546766777417774,1.3836986406107985,0.1010584831237793,2.9105029106140137,1
pure_rrt_1773301630,pure_rrt,277,-0.7816313826413804,0.65659626846743,1.1808848141348143,1.0989073044852347,-0.5040679275724245,1.0535,2.2135478356296927,3.003825354313649,0.10128569602966309,4.318462133407593,1
pure_rrt_1773301630,pure_rrt,278,1.1340909041966425,-0.5675685342806188,1.1760808677042567,0.5065128649826163,-0.5315470246890391,1.2766,0.6365970785469152,0.6096617705548781,0.1014859676361084,3.507702350616455,1
pure_rrt_1773301630,pure_rrt,279,0.5662811503913486,-0.6191747575481903,1.3903642447979176,-0.4293934874215611,-0.005197142944449729,1.1362,1.1970530309689977,1.8071560140137177,0.05119633674621582,3.5104360580444336,1
pure_rrt_1773301630,pure_rrt,280,-0.5089364202851615,0.013336598980032519,1.2559328764065354,-0.6916730882776498,0.4626312252541428,1.3024,0.4872551124440252,0.6288393003323796,0.10128474235534668,3.110985279083252,1
pure_rrt_1773301630,pure_rrt,281,-0.7684908612638615,0.554318065476911,1.4157283852311178,0.8884986943003128,0.5700651585676811,1.3588,1.6580419775248731,1.901962891967808,0.10106110572814941,2.8073058128356934,1
pure_rrt_1773301630,pure_rrt,282,0.9879717420848186,0.6346072507691913,1.4706533487666371,0.4256896056265411,0.013878027216957523,1.1018,0.9151605120678047,1.4374898888093766,0.10119175910949707,3.1116387844085693,1
pure_rrt_1773301630,pure_rrt,283,0.3202065864428897,0.06984543636403472,1.215206502978333,-0.13433135928159368,-0.3860983011133118,1.3171,0.6518218472738923,0.8255581255027369,0.10131669044494629,2.110050678253174,1
pure_rrt_1773301630,pure_rrt,284,-0.25310610984079385,-0.4232532726296572,1.4309367823845762,-0.7123664000710418,-0.4404682805209592,1.132,0.548251375321132,0.579277069417945,0.1010134220123291,3.514484405517578,1
pure_rrt_1773301630,pure_rrt,285,-0.7995297272222853,-0.48076711106211856,1.2480048336080856,0.8140921036446596,-0.06266867188279923,1.2443,1.6669119483903874,2.159536771059897,0.1021585464477539,3.512812376022339,1
pure_rrt_1773301630,pure_rrt,286,0.9056731989474843,-0.0919810912871408,1.359270052647789,0.7615176744636456,-0.2651101483423867,1.4527,0.2438926827485527,0.32940195081434054,0.15247106552124023,1.4065394401550293,1
pure_rrt_1773301630,pure_rrt,287,0.8820898513047519,-0.34229594977462485,1.5684105136571684,-0.3437499685242069,0.4642376012519872,1.4231,1.4745490084053499,3.021083814557006,0.15254521369934082,4.615497827529907,1
pure_rrt_1773301630,pure_rrt,288,-0.4304375336639248,0.557349163549944,1.5376169494824605,0.8128529870647874,0.44866223211876866,1.0461,1.34133257606991,1.5874089967988971,0.1021418571472168,3.8117494583129883,1
pure_rrt_1773301630,pure_rrt,289,0.8804026087811202,0.4842052955770541,1.1675724969007124,0.5093884370285202,0.19151342039865282,1.2118,0.47463261736538304,0.4191678100801985,0.05128026008605957,2.1096928119659424,1
pure_rrt_1773301630,pure_rrt,290,0.6228832433153266,0.19453269681357066,1.32576489721589,-0.5586446813091279,0.46731642313932775,1.1383,1.2270135637814688,1.6701852069748926,0.05111360549926758,3.3067140579223633,1
pure_rrt_1773301630,pure_rrt,291,-0.6097360165549441,0.5337283002090504,1.2570429527670957,0.7637687996193596,-0.5659328020914862,1.0018,1.7778973493720343,2.3818325739551773,0.10114002227783203,3.759495735168457,1
pure_rrt_1773301630,pure_rrt,292,0.7806261532032618,-0.6278722703293519,1.1294235705614613,-0.5543738860322531,0.3808866911395915,1.3856,1.692762862926348,2.3989006564985873,0.10122299194335938,3.608590602874756,1
pure_rrt_1773301630,pure_rrt,293,-0.654384789406153,0.4710607389158663,1.4993294158891661,-0.8603432022572358,-0.3486096050176698,1.3186,0.8642577522451839,0.9412585164189406,0.10123014450073242,2.910562515258789,1
pure_rrt_1773301630,pure_rrt,294,-0.979894716171777,-0.37764439952777207,1.4316579616933671,0.3792544105470368,-0.3860298796178444,1.131,1.392031563890153,1.2695959128110916,0.051198720932006836,3.610755681991577,1
pure_rrt_1773301630,pure_rrt,295,0.2737490422346376,-0.4323025986074256,1.2439081572267616,0.6726535731895666,-0.5960086022517591,1.3706,0.44941662571699487,0.8125486565500409,0.05099129676818848,2.705796957015991,1
pure_rrt_1773301630,pure_rrt,296,0.7302349201601679,-0.7243919206256935,1.4858264787641788,1.0356501516485273,-0.2732676438628453,1.2758,0.5838687339565042,0.5706854478897643,0.10117340087890625,2.9101486206054688,1
pure_rrt_1773301630,pure_rrt,297,1.130948625803701,-0.33832829779930546,1.3900432170435368,-0.6698257191224737,0.544751941462884,1.2138,2.0133754299368793,3.334092201590839,0.10117197036743164,4.610228061676025,1
pure_rrt_1773301630,pure_rrt,298,-0.7208711399898529,0.6390014701266303,1.3278490196514907,-0.2764902103114102,0.23002844979861703,1.0048,0.6849043810021103,1.0543657228010421,0.10123109817504883,3.009894371032715,1
pure_rrt_1773301630,pure_rrt,299,-0.20702770917330793,0.2364245239673947,1.1297240436728626,-0.18745978111923978,0.11013792141251366,1.0376,0.15753745337481861,0.8217006252059952,0.10127997398376465,3.2091610431671143,1
pure_rrt_1773301630,pure_rrt,300,-0.24826314826296592,0.18463966704751417,1.1540951043090835,1.0564551369096007,0.5882381731625402,1.4416,1.3956506091598173,1.7605025577483373,0.051221370697021484,3.8102474212646484,1
pure_rrt_1773301630,pure_rrt,301,1.1700458357677834,0.6676088024885383,1.5557165786879226,0.6298776543313227,-0.7092175767856067,1.452,1.4826293102445576,3.8282964047587815,0.1011972427368164,6.715139865875244,1
pure_rrt_1773301630,pure_rrt,302,0.553066700878097,-0.848193041630426,1.5721258170149404,0.09549080338204752,0.31553979206790805,1.2728,1.2857860455489984,1.5354673426873453,0.10120487213134766,3.3079686164855957,1
pure_rrt_1773301630,pure_rrt,303,0.01095400393894308,0.3757443941539439,1.386902941129573,-0.33067194742973827,0.6270490632166953,1.4173,0.4251897323892804,0.5503638494864872,0.10358023643493652,2.3080062866210938,1
pure_rrt_1773301630,pure_rrt,304,-0.38635164179732273,0.7270072277313717,1.5318861064413622,-0.5486975863981116,0.34906831998240306,1.2913,0.4765246041196828,0.4154441716124557,0.10113334655761719,2.8107330799102783,1
pure_rrt_1773301630,pure_rrt,305,-0.6401307526919263,0.4276578155460346,1.4044617148349592,-0.7097207675893997,0.19200604105065588,1.074,0.41180028407944697,0.31972142929112374,0.05106401443481445,1.404275894165039,1
pure_rrt_1773301630,pure_rrt,306,-0.7830135960559772,0.23732602208419773,1.1923568739852026,1.0116115803803134,-0.535446456693043,1.0637,1.9581648089673536,2.3323200300226707,0.0510706901550293,3.5127875804901123,1
pure_rrt_1773301630,pure_rrt,307,1.0400209111394174,-0.6131575687000661,1.182501069241118,-0.041100457852425554,0.1343346520904536,1.1541,1.314676635286099,1.8285161104731171,0.10187268257141113,3.4208645820617676,1
pure_rrt_1773301630,pure_rrt,308,-0.11350240489608476,0.1639502657314729,1.2749036783537162,1.0772436982563796,-0.18057507532313088,1.4495,1.2518218197227522,2.5320937912368633,0.20754027366638184,4.124017000198364,1
pure_rrt_1773301630,pure_rrt,309,1.2080904836302828,-0.24602530504733214,1.564727109609238,-0.4506264766222849,-0.7002217701166814,1.3981,1.727831292912517,2.0101466688382827,0.1033775806427002,4.014787435531616,1
pure_rrt_1773301630,pure_rrt,310,-0.5353051726162309,-0.7991278119612893,1.5117772981756916,0.8401580511821607,-0.09280958820580043,1.4304,1.5483561534380095,1.8988078851062735,0.1021122932434082,3.7115156650543213,1
pure_rrt_1773301630,pure_rrt,311,0.958561308393446,-0.13307753043995893,1.5445139725028414,0.8486111188880205,0.32404407573585325,1.4495,0.479663279786773,1.2138648882797436,0.10148286819458008,6.112239599227905,1
pure_rrt_1773301630,pure_rrt,312,0.8480476173543053,0.32450965497113354,1.4487923408179606,0.6353495500490238,0.11742672192156478,1.105,0.45422129254462196,0.4039809455545844,0.15137648582458496,3.7115345001220703,1
pure_rrt_1773301630,pure_rrt,313,0.7275762144720035,0.10998072750898658,1.2216496183484864,0.9521204343706913,0.10427753215149416,1.1248,0.24460678997412041,0.31996693178642954,0.2016139030456543,3.4586246013641357,1
pure_rrt_1773301630,pure_rrt,314,1.0465974302893475,0.094895450963723,1.2408879342007788,-0.6404951694765342,-0.5709947215136957,1.0514,1.8236219013804607,2.187957550297506,0.10142636299133301,4.409073352813721,1
pure_rrt_1773301630,pure_rrt,315,-0.6930603986897524,-0.6154010796068982,1.1764588634334476,-0.4755599916799326,-0.06754909277726562,1.3901,0.6269695062409825,0.6861817081751029,0.10163164138793945,2.809638261795044,1
pure_rrt_1773301630,pure_rrt,316,-0.6177040423340239,-0.04682940207060375,1.5063314929648315,-0.3398550724096364,0.3528462042754966,1.4421,0.490985055866935,0.5241069461039397,0.1020960807800293,1.6054894924163818,1
pure_rrt_1773301630,pure_rrt,317,-0.4470334942328148,0.4398531663876184,1.5556536634788953,-0.8499680899021446,-0.6434579761702761,1.2032,1.2083637303713612,1.3384204089781182,0.10121607780456543,2.710526466369629,1
pure_rrt_1773301630,pure_rrt,318,-0.9174872117011893,-0.7085996287736992,1.3190675267494516,0.31624072637246003,-0.3422556168534173,1.3103,1.2870001669691455,1.5395769771370862,0.10106348991394043,2.805856227874756,1
pure_rrt_1773301630,pure_rrt,319,0.3979430213434916,-0.40304004069980914,1.4239267653472636,0.6726646599866193,-0.6885637339713573,1.0773,0.5264464574990484,0.5200187899303349,0.10110855102539062,3.306964874267578,1
pure_rrt_1773301630,pure_rrt,320,0.6761404388848622,-0.7622829118219889,1.199475138785146,-0.39326677856047054,0.6126744031490593,1.4649,1.761984611643214,2.5381304869981265,0.10232853889465332,3.7112808227539062,1
pure_rrt_1773301630,pure_rrt,321,-0.45633889396551863,0.719085067920959,1.5787468670174354,0.3521846654185121,0.22218686952759892,1.4323,0.9602420791158924,1.4946091682745772,0.05112862586975098,3.111793279647827,1
pure_rrt_1773301630,pure_rrt,322,0.4830107263863953,0.23095790218772153,1.5469717747827407,-0.22595368706040808,-0.03166420198940645,1.4881,0.7583315864464977,4.635593396207093,0.40239548683166504,7.0144734382629395,1
pure_rrt_1773301630,pure_rrt,323,-0.04931787663501419,-0.09030817141616962,1.621041455530664,-0.8071914383755114,-0.6350331449090014,1.4054,0.9579138111935629,1.4188853171965738,0.1019744873046875,3.036165714263916,1
pure_rrt_1773301630,pure_rrt,324,-0.9106274035901197,-0.7515072354475891,1.5243790400067405,0.2518659612544083,0.20432486759460322,1.4407,1.507318152962427,4.261261144988675,2.3078160285949707,7.717272043228149,1
pure_rrt_1773301630,pure_rrt,325,0.27473277761045045,0.21680120531390948,1.748670177801158,-0.5410495219625238,-0.599323787380534,1.0124,1.3688150125990086,1.518280771181207,0.10146665573120117,3.6110260486602783,1
pure_rrt_1773301630,pure_rrt,326,-0.4687575717906951,-0.674652173233087,1.364030452100325,-0.8103962609555775,0.5433556263388298,1.3683,1.2650210365016028,2.7921254677866405,0.051285743713378906,4.509570360183716,1
pure_rrt_1773301630,pure_rrt,327,-0.8611704496024609,0.5724434375192271,1.7054114683651522,0.5323579495517163,0.45371157602712164,1.1661,1.4989581428754977,1.6467680879978641,0.10182809829711914,3.5140368938446045,1
pure_rrt_1773301630,pure_rrt,328,0.580247864532215,0.5124108683386279,1.5112613263523476,-0.20020971838015844,0.3765697062877079,1.4654,0.793517562053648,0.8132613503332538,0.15197038650512695,2.7135446071624756,1
pure_rrt_1773301630,pure_rrt,329,-0.18030747259464341,0.3954051798644421,1.772999394184443,0.21232808953670523,0.37996713592846654,1.4011,0.5410269653589598,0.4248906300394329,0.10258626937866211,2.610226631164551,1
pure_rrt_1773301630,pure_rrt,330,0.2413481055185024,0.4043036434499574,1.7214679120217524,0.17033007397537636,0.2622040028918261,1.432,0.3301931870000403,0.1325917621587155,0.3555023670196533,3.4685752391815186,1
pure_rrt_1773301630,pure_rrt,331,0.20027813489891955,0.2813092267699196,1.7486861445829764,-0.38324139019188974,-0.5237856095244792,1.4054,1.0519116448888437,1.667941857378634,0.2521977424621582,6.11283278465271,1
pure_rrt_1773301630,pure_rrt,332,-0.3627405685731907,-0.5361506649781721,1.708757679643866,1.0611649370335183,-0.28010518210649915,1.1334,1.5569529979165264,0.0,0.052581787109375,0.0,0
pure_rrt_1773301630,pure_rrt,333,-0.3627405685771702,-0.5361506650010799,1.7087576795662247,0.4325588110427365,-0.05847908559338699,1.3937,0.9797614926354793,1.020355865901611,0.15133953094482422,3.7102911472320557,1
pure_rrt_1773301630,pure_rrt,334,0.43290359956393887,-0.05895626364552103,1.3936181566831514,-0.42020270268136595,0.6259628006619636,1.054,1.1455326184493217,1.178764117483086,0.10115385055541992,2.605689287185669,1
pure_rrt_1773301630,pure_rrt,335,-0.41932008190543385,0.6252354866920151,1.0530387496337679,-0.47750686225843436,0.19163360510059435,1.4361,0.5814913710964333,3.9757511067902906,1.7540802955627441,9.720242023468018,1
pure_rrt_1773301630,pure_rrt,336,-0.6281606313377154,0.33092906886631795,1.585333107407746,-0.3622725149707745,-0.10735605744017929,1.4293,0.5358513534311351,0.44851218009962557,0.10132741928100586,4.009948492050171,1
pure_rrt_1773301630,pure_rrt,337,-0.5095101194690754,-0.09345653361823897,1.5464781867691229,0.5990443250183624,-0.1583721584683444,1.1112,1.19271710586356,2.1281759047424553,0.10181331634521484,3.8111603260040283,1
pure_rrt_1773301630,pure_rrt,338,0.6724690188194299,-0.19505576772956945,1.2316039097688791,1.0845214353248667,-0.6878899709992491,1.4083,0.6662538961712677,0.8301069784161219,0.15359258651733398,4.412633419036865,1
pure_rrt_1773301630,pure_rrt,339,1.1245618674543074,-0.8139987155669306,1.522285450563946,-0.0036642391662317086,0.2535040254103976,1.2302,1.580433535484929,2.1806314597762055,0.10149192810058594,4.411188364028931,1
pure_rrt_1773301630,pure_rrt,340,-0.09532254127113537,0.31629639505889345,1.3441724279292853,0.9121910944703144,-0.16355544647587217,1.1526,1.1322727194329032,2.48259342606646,0.0509030818939209,4.911372661590576,1
pure_rrt_1773301630,pure_rrt,341,0.9925021596286024,-0.2035486480288135,1.2702013694142322,0.9353041510122815,-0.4535501523062141,1.3977,0.28640577007435086,0.4296913869647286,0.10175180435180664,1.705085277557373,1
pure_rrt_1773301630,pure_rrt,342,1.0239360754935776,-0.5519553065273647,1.5115460532794125,0.5800300104270868,-0.5622260006351449,1.1138,0.5961207970366581,0.5019356170879231,0.15203118324279785,3.0121471881866455,1
pure_rrt_1773301630,pure_rrt,343,0.6157346707751746,-0.6299600966399556,1.2347305079727486,-0.5168680782191803,-0.4166154715545921,1.0118,1.1738836941824227,1.1144605815280422,0.15360760688781738,3.009977340698242,1
pure_rrt_1773301630,pure_rrt,344,-0.4847829804920246,-0.49389426720407026,1.1302402528274245,0.8203912550585057,-0.06661022524040017,1.0966,1.373747831398476,1.4500972065083384,0.10121607780456543,3.514141798019409,1
pure_rrt_1773301630,pure_rrt,345,0.8993310174055298,-0.09543959028720402,1.2146724847018935,0.00959501541528296,-0.03564095570060566,1.1641,0.893176133886779,0.7904355717619745,0.15267491340637207,2.8091237545013428,1
pure_rrt_1773301630,pure_rrt,346,0.11196884110375249,-0.06842300107119562,1.278878381161324,-0.5488956845364849,-0.2056539686404807,1.4322,0.6921573365305104,1.955245235084648,0.1027073860168457,3.81370210647583,1
pure_rrt_1773301630,pure_rrt,347,-0.6818440800258888,-0.21148973539388588,1.5463379727117599,0.4286520691208411,-0.2961888517552692,1.4834,1.115498465257206,1.932348812933102,0.15236330032348633,3.7156853675842285,1
pure_rrt_1773301630,pure_rrt,348,0.5546478734751912,-0.38791918039482615,1.602041110364296,1.0491853113456757,-0.11949317013887961,1.1396,0.7283348000695778,0.7115971676328373,0.1521759033203125,2.308145046234131,1
pure_rrt_1773301630,pure_rrt,349,1.1302508459327427,-0.1547999003757103,1.257053681593201,-0.5365398321164943,-0.028830594684031707,1.3207,1.6727552971833684,2.59588896853834,0.10374307632446289,4.013401985168457,1
pure_rrt_1773301630,pure_rrt,350,-0.6595625973453985,-0.005093050932128154,1.434143270977954,-0.018980928102300676,-0.4012665894645965,1.1998,0.7888061335057288,0.7085030442900798,0.05107545852661133,2.4090218544006348,1
pure_rrt_1773301630,pure_rrt,351,-0.11065221298862948,-0.4321851949928164,1.3160254922462087,-0.5419229385403174,-0.5126911968198515,1.4906,0.4721778412902626,0.6284572725118865,0.10121822357177734,2.1083896160125732,1
pure_rrt_1773301630,pure_rrt,352,-0.6516780557756767,-0.5660387134711665,1.6046028909875374,0.44266057374641776,-0.09085717671975568,1.2681,1.2396002277253335,1.9044964470555688,0.1012575626373291,3.410281181335449,1
pure_rrt_1773301630,pure_rrt,353,0.5277669665957057,-0.11921840204453332,1.385697898402934,0.2871723502343628,0.45000473942521746,1.4696,0.623650797208789,4.818961091016773,0.7528018951416016,6.313844442367554,1
pure_rrt_1773301630,pure_rrt,354,0.44793220782005205,0.5391490030862823,1.601735053291899,-0.3383562699733266,-0.6645626597332814,1.0577,1.537252574149345,3.0839280227693604,0.10141229629516602,4.718613624572754,1
pure_rrt_1773301630,pure_rrt,355,-0.37591518799705237,-0.7315928582649238,1.179792628555693,-0.7950211023950139,-0.5752209781502231,1.4852,0.5416415742042691,0.7050837480109038,0.15650272369384766,1.7046785354614258,1
pure_rrt_1773301630,pure_rrt,356,-0.91911829220924,-0.6621347139063913,1.6020536658189637,-0.24637859993608047,-0.046059372862148784,1.0893,1.0464434247551804,1.566553837957827,0.10119509696960449,3.210256338119507,1
pure_rrt_1773301630,pure_rrt,357,-0.1556713114324738,-0.07933859691180142,1.2056505204148769,1.0825009037044344,0.5830730889031267,1.4813,1.4310284104226452,1.4434340414667177,0.10139608383178711,3.8115179538726807,1
pure_rrt_1773301630,pure_rrt,358,1.0822289428538645,0.5826140674432728,1.4813861338481216,0.3937357167503217,0.4495197366705105,1.1327,0.7831468848257418,2.7960245557488297,0.6522293090820312,8.216368436813354,1
pure_rrt_1773301630,pure_rrt,359,0.45638737641182425,0.5208723215136946,1.4828444163861547,0.09589392206921576,0.1732714898683474,1.0542,0.659179720928542,0.395895499558045,0.1012120246887207,3.4120569229125977,1
pure_rrt_1773301630,pure_rrt,360,0.2028530161102573,0.22667083663608373,1.407926100783923,-0.2626828557662596,0.22523136800015264,1.2173,0.5030546991867434,1.2222210856294853,0.15163803100585938,7.6165924072265625,1
pure_rrt_1773301630,pure_rrt,361,-0.2628110621467139,0.2255622203685717,1.2165021997017842,1.04936567538461,-0.6139804165053391,1.3643,1.5647631831751854,1.5731608200786922,0.10129666328430176,4.20979118347168,1
pure_rrt_1773301630,pure_rrt,362,1.0500594051369208,-0.6137058839112537,1.3640268842122256,0.8476579481762156,-0.4995961892992917,1.1568,0.31133639961392007,0.6414597968134582,0.25129079818725586,5.511591911315918,1
pure_rrt_1773301630,pure_rrt,363,0.9228548009654869,-0.5381135544531463,1.5039809372261352,0.999225382997514,0.1957827908699734,1.3031,0.7647152819313819,1.0256085817942324,0.10168743133544922,4.415130138397217,1
pure_rrt_1773301630,pure_rrt,364,1.0420054732682096,0.21857385897465054,1.631974025590621,0.8491696792368195,0.04101779188175203,1.2557,0.45857817518432537,0.20886072468939348,0.15154600143432617,3.113499879837036,1
pure_rrt_1773301630,pure_rrt,365,0.9123594105907319,0.05889418297642458,1.596017961845932,0.4936420205445542,0.18652939205793684,1.1926,0.5952823290374829,0.39569565284839747,0.15398192405700684,2.909543752670288,1
pure_rrt_1773301630,pure_rrt,366,0.5560916375543783,0.21934620212283254,1.5343633288650476,-0.09236074799345795,0.15179411045501023,1.2883,0.6968507323835759,0.601471026890155,0.2536351680755615,2.4093871116638184,1
pure_rrt_1773301630,pure_rrt,367,-0.036957261063416236,0.17587495087840907,1.624690735069224,1.1078380044774612,-0.676756658605596,1.1274,1.5115670467041091,0.0,2.4186034202575684,0.0,0
pure_rrt_1773301630,pure_rrt,368,-0.036957261065123315,0.17587495088298313,1.624690735030109,0.8528333385684477,0.3319976550960678,1.3544,0.942952115120483,0.9474623769523065,0.15633296966552734,3.1076736450195312,1
pure_rrt_1773301630,pure_rrt,369,0.8902925470988683,0.3614991819793113,1.6831877848113108,0.8682178424992715,-0.18771119805148062,1.0008,0.8762262396073369,0.6657060027840522,0.05116391181945801,1.704458475112915,1
pure_rrt_1773301630,pure_rrt,370,0.9721175769500168,-0.18931472178752043,1.352787948313872,0.7281506569275744,0.30437977518307,1.4628,0.5615663504168251,0.5878377470242715,0.10121583938598633,3.7076973915100098,1
pure_rrt_1773301630,pure_rrt,371,0.728895640787985,0.3036138166109136,1.4633561143098137,0.7479474164588928,-0.577832757920784,1.2692,0.9027777304706643,0.9445950236828667,0.05086159706115723,2.7097842693328857,1
pure_rrt_1773301630,pure_rrt,372,0.748962131641301,-0.5778509011378165,1.2691565816728865,-0.22967088513766432,-0.23948185108669928,1.3597,1.039429798574561,3.1513592804409876,0.45191287994384766,11.721805334091187,1
pure_rrt_1773301630,pure_rrt,373,-0.3484062603822806,-0.2487535412789231,1.4727520181511902,-0.10287784328217475,-0.12649496251664283,1.371,0.2925488623845534,0.16963845738108893,0.051119089126586914,2.912447214126587,1
pure_rrt_1773301630,pure_rrt,374,-0.24234178366976533,-0.11738903488612719,1.4861336732157908,-0.42255159876443377,-0.6424288007421585,1.3353,0.5752331094107663,0.6703279650873841,0.051210641860961914,2.3050448894500732,1
pure_rrt_1773301630,pure_rrt,375,-0.5109580207739214,-0.7213950975452554,1.4484116590049552,0.354829865791056,-0.10615918381801348,1.1821,1.0950003624585773,1.4991496940674431,0.1012876033782959,3.1142635345458984,1
pure_rrt_1773301630,pure_rrt,376,0.44980880058202155,-0.14574109497296145,1.2962433149533021,0.1558200981399842,-0.08460410013674957,1.035,0.39801401848295,0.2622246442307321,0.2016589641571045,3.6081290245056152,1
pure_rrt_1773301630,pure_rrt,377,0.2307840332446245,-0.11831348987177562,1.1553767049297365,-0.11945228356643134,-0.19501749904765864,1.3321,0.39972503756647476,1.5881310224878988,0.10132622718811035,3.7092583179473877,1
pure_rrt_1773301630,pure_rrt,378,-0.26743597757867676,-0.20000969177111325,1.4488824851664286,0.3318678939166073,0.3079496013588844,1.1651,0.8352965178627271,0.8331436862741439,0.05151939392089844,3.011228084564209,1
pure_rrt_1773301630,pure_rrt,379,0.2491781082774529,0.40297571171150137,1.2787282002964027,1.0208479653826805,-0.7179484314026792,1.157,1.366295377189158,1.8784102116075807,0.05113554000854492,3.5108237266540527,1
pure_rrt_1773301630,pure_rrt,380,1.0241289946749799,-0.807223161660942,1.2736046472196791,0.4102948834544231,0.4908939742572821,1.424,1.4437864027619811,3.7159617404931318,0.10114669799804688,5.2115161418914795,1
pure_rrt_1773301630,pure_rrt,381,0.5397054697359772,0.5557298077564765,1.5408135702121635,-0.7535500324460904,0.5409151008307768,1.3599,1.3059322299998564,1.5468721585228002,0.0509645938873291,2.8094210624694824,1
pure_rrt_1773301630,pure_rrt,382,-0.8222968843180897,0.6441408714422593,1.4732879903363252,0.08999782670729739,-0.39018899595202206,1.1502,1.4165118297594028,1.4075423417565494,0.10133004188537598,2.9070892333984375,1
pure_rrt_1773301630,pure_rrt,383,0.0058040240560865985,-0.41759224791883526,1.2686741635514172,0.7185973295043389,-0.0021924058482002406,1.1546,0.832853072200679,1.6517280737094788,0.10120844841003418,3.6091156005859375,1
pure_rrt_1773301630,pure_rrt,384,0.8177359620302308,-0.02821114811338271,1.2689198735070284,0.5464106363103696,-0.3684146229921246,1.2042,0.4399369258465642,1.710496443736862,0.15145039558410645,4.816011905670166,1
pure_rrt_1773301630,pure_rrt,385,0.5474470113567993,-0.3674700506234543,1.2035588328904026,-0.5139619892222635,0.19285593134788648,1.2012,1.2002332426137001,2.391855540420494,2.0615272521972656,4.123209476470947,1
pure_rrt_1773301630,pure_rrt,386,-0.5914397467479096,0.23280032540241785,1.3193234812454118,0.5323296907338615,-0.596151107667822,1.1478,1.4069252047020289,1.939612424366683,0.20258760452270508,3.417327880859375,1
pure_rrt_1773301630,pure_rrt,387,0.5627085361432751,-0.6879869820765621,1.2640610143802826,1.0355210667208832,-0.07860828140682341,1.0636,0.7969182569043781,0.8195400499764282,0.10192728042602539,5.114538669586182,1
pure_rrt_1773301630,pure_rrt,388,1.107000173982363,-0.10604255848794256,1.1863683492446007,-0.7869563598817484,0.1269499900661868,1.2102,1.9083827780154679,2.8571376874841383,0.10106587409973145,4.310993671417236,1
pure_rrt_1773301630,pure_rrt,389,-0.882222515656785,0.1684790996559984,1.325115496741486,0.7506323193838982,0.4718996806407124,1.4702,1.6671318107356146,2.228433993787617,0.10109162330627441,3.4108574390411377,1
pure_rrt_1773301630,pure_rrt,390,0.8881718375654394,0.5361056248799925,1.5880566652977013,0.3379643199026656,-0.17824688248558762,1.3387,0.9355247531735932,4.979197641214588,0.10115480422973633,6.313680648803711,1
pure_rrt_1773301630,pure_rrt,391,0.4386064079203087,-0.2265463454245738,1.4515691948487595,-0.17251882622201276,-0.4175398519690616,1.4514,0.6402754094720203,0.5978233972230157,0.10165119171142578,3.409435749053955,1
pure_rrt_1773301630,pure_rrt,392,-0.07706171645101423,-0.5059621220077044,1.565104361824065,0.7574215792941106,-0.1607836394865998,1.3078,0.9389973856656403,1.0026008966336306,0.10141444206237793,2.9090311527252197,1
pure_rrt_1773301630,pure_rrt,393,0.8714478089005534,-0.21528374813239778,1.4210999369527588,0.3634891815089678,-0.1222712094150471,1.1505,0.5830073973621839,0.45808056812948394,0.05106377601623535,1.9039883613586426,1
pure_rrt_1773301630,pure_rrt,394,0.4436679117890331,-0.15614479362479508,1.2685201500383594,0.587483762479369,0.44248318454439606,1.274,0.6156853773741265,4.792764607618618,0.10169029235839844,6.413055419921875,1
pure_rrt_1773301630,pure_rrt,395,0.684660067632994,0.4791134208634392,1.3889534714207503,-0.8261483224561612,0.13906884160904753,1.0002,1.5966532400573912,2.024507304197267,0.10131597518920898,3.409531593322754,1
pure_rrt_1773301630,pure_rrt,396,-0.8815426244458827,0.16697255525816426,1.1279848792914708,-0.41328085549813676,-0.20589516162582278,1.1435,0.5987822120963093,0.5594095899675156,0.05109763145446777,2.105642080307007,1
pure_rrt_1773301630,pure_rrt,397,-0.4917783393624967,-0.2098692961569443,1.264453676216547,1.0847909010659067,-0.5555317799870487,1.2149,1.6147782167898985,1.9097612100644892,0.10104751586914062,3.4097378253936768,1
pure_rrt_1773301630,pure_rrt,398,1.1336402098811158,-0.657064392131391,1.328648430958569,-0.024308363217431572,0.24297933001433425,1.29,1.467111891073906,2.1629540564725307,0.051587581634521484,3.6101317405700684,1
pure_rrt_1773301630,pure_rrt,399,-0.11916436622218218,0.2990256994738812,1.403551623356289,-0.6185225183019238,-0.5999533417461554,1.3274,1.0311745489203992,1.1569723215396854,0.10121345520019531,3.310502767562866,1
pure_rrt_1773301630,pure_rrt,400,-0.7079898989351482,-0.6630309999082661,1.4402067836382852,-0.3296135588784648,-0.6338777870091323,1.2325,0.4326207028176005,0.6236902558311341,0.10173988342285156,2.5101253986358643,1
pure_rrt_1773301630,pure_rrt,401,-0.29141954426950756,-0.7274247143292791,1.3481199743281134,-0.49271896240745156,-0.2986874736532744,1.2211,0.49037857942967267,0.871586477920497,0.10112714767456055,3.10920786857605,1
pure_rrt_1773301630,pure_rrt,402,-0.58792458997406,-0.31469291399723204,1.3357686608640869,-0.735401943677243,-0.029811847292036453,1.1069,0.3940655477812089,0.4066220136234431,0.1011190414428711,3.708256244659424,1
pure_rrt_1773301630,pure_rrt,403,-0.8284945599931073,-0.008210181841578262,1.2217864201736055,-0.40978265365352173,-0.0010236293334023872,1.2366,0.41903549872863466,0.33626710785321956,0.10218930244445801,2.006077766418457,1
pure_rrt_1773301630,pure_rrt,404,-0.5199330799743869,0.026389873731716973,1.3508226834920407,0.18332233294474665,-0.2973654232194739,1.4506,0.7806030879989806,0.6836310116233792,0.20218896865844727,2.108574867248535,1
pure_rrt_1773301630,pure_rrt,405,0.018941216197227995,-0.3279288700047658,1.5734717246601504,1.097384213940354,0.16636704685304626,1.398,1.1992322873233079,3.147692753492398,0.453948974609375,6.61997127532959,1
pure_rrt_1773301630,pure_rrt,406,1.2565623843809655,0.1650828222362857,1.5192689286131056,0.0490375235463294,-0.6603644212665211,1.0848,1.5258580180574826,1.5854647982589867,0.1024467945098877,3.517517566680908,1
pure_rrt_1773301630,pure_rrt,407,0.06521288348206616,-0.7287817091868929,1.2090340051858495,-0.5255495682471185,0.20506671998759485,1.0424,1.1175151250560384,1.6194271191317215,0.05158424377441406,3.4106645584106445,1
pure_rrt_1773301630,pure_rrt,408,-0.5861736500357252,0.24442127956750476,1.1659993018309645,-0.6813872768002017,-0.12419033358125353,1.2577,0.3915982304792291,0.46526216551978855,0.10114812850952148,2.708408832550049,1
pure_rrt_1773301630,pure_rrt,409,-0.7715761803997707,-0.11810909334252653,1.3742695165808634,0.4448550379336662,0.3499482461250879,1.3165,1.3046531719241166,2.3324244488015755,0.10217523574829102,3.9112677574157715,1
pure_rrt_1773301630,pure_rrt,410,0.5526284502672936,0.3760431308610959,1.4302749578106,-0.0815558548659513,-0.5335803976840064,1.1676,1.1395625608192732,2.7828339541063123,0.051614999771118164,4.510693073272705,1
pure_rrt_1773301630,pure_rrt,411,-0.16238746105402513,-0.5849931757418747,1.2835490179151452,0.19719503221606915,0.41395374647320293,1.4092,1.069103686350488,1.2537060333551893,0.10115432739257812,2.511627435684204,1
pure_rrt_1773301630,pure_rrt,412,0.0969259012436009,0.5213636782721711,1.5253807299856557,-0.6963553755460551,0.2947415577626141,1.3756,0.8385028543089826,0.9145968726756267,0.10120201110839844,2.7126572132110596,1
pure_rrt_1773301630,pure_rrt,413,-0.8043187250807055,0.3702985020711767,1.489059997099642,0.6769796697627048,0.2308152146988497,1.3364,1.4956622602500595,2.148155078271479,0.10120153427124023,3.5075032711029053,1
pure_rrt_1773301630,pure_rrt,414,0.7969469931452943,0.24010123864405805,1.450572511839029,-0.35151088643670947,-0.24817257613413274,1.1123,1.2929791613316608,2.5406700202910035,0.10129857063293457,4.210994243621826,1
pure_rrt_1773301630,pure_rrt,415,-0.43569589802615305,-0.25663656407509816,1.2303136124698102,0.2246360410919297,-0.3232095971558756,1.0996,0.676429070219435,0.5795376776087597,0.10128402709960938,3.7093465328216553,1
pure_rrt_1773301630,pure_rrt,416,0.13699099028119166,-0.3442457317653778,1.2164810368673185,0.3173779687207434,-0.03445646634501198,1.0122,0.4126010094314214,0.3651303605817692,0.05117011070251465,1.9051790237426758,1
pure_rrt_1773301630,pure_rrt,417,0.23358252754871045,-0.010299937967748127,1.1302139293971742,1.0934571853798056,0.4268578919417617,1.1224,0.9646514670718948,1.6007869741918348,0.10125136375427246,3.5092146396636963,1
pure_rrt_1773301630,pure_rrt,418,1.1760044261490905,0.46080879564457095,1.2387400628521155,-0.6423617993909864,0.3801758994668972,1.2376,1.8201534808565383,2.0632959419537755,0.1011505126953125,3.2119786739349365,1
pure_rrt_1773301630,pure_rrt,419,-0.7259789060160675,0.47558212739228123,1.3510266582810988,0.8474883597929666,0.36434149976161156,1.4249,1.5791234861228998,1.9996917023140468,0.051103830337524414,4.7104620933532715,1
pure_rrt_1773301630,pure_rrt,420,0.9716154127127951,0.39646868355626835,1.5383272458300175,-0.7126179809924182,-0.18930523437666813,1.0364,1.8524859425941103,2.685432648822314,0.10108566284179688,3.912515878677368,1
pure_rrt_1773301630,pure_rrt,421,-0.7868943091647254,-0.1904486175079162,1.1589579822989684,-0.1870303420021091,0.5974884159815231,1.2072,0.9914680227400563,1.0823425586937254,0.10125589370727539,2.9072084426879883,1
pure_rrt_1773301630,pure_rrt,422,-0.22910554283022933,0.6764081554293437,1.3249187832866411,-0.6103360986256564,0.44140789864258345,1.3149,0.4479533830439036,0.4958266596591056,0.15241622924804688,3.2148077487945557,1
pure_rrt_1773301630,pure_rrt,423,-0.6912454519872556,0.5311822520760378,1.4281809947999378,0.32859332262243734,0.30784866644071573,1.0972,1.095215702767672,0.9867610808541638,0.20296764373779297,2.914879083633423,1
pure_rrt_1773301630,pure_rrt,424,0.2593814967091036,0.38715302048061895,1.2107381321414779,-0.0828498789552754,-0.5418821347690697,1.3482,0.9995621037704961,1.2039774548071018,0.20329499244689941,3.1133370399475098,1
pure_rrt_1773301630,pure_rrt,425,-0.18077807599162787,-0.5968240388637713,1.4622231634251752,-0.8218408004261168,-0.5572815187012735,1.2472,0.6773182327160111,0.7335041187500072,0.10131955146789551,3.80920147895813,1
pure_rrt_1773301630,pure_rrt,426,-0.9072616710401353,-0.6124384002509752,1.3623932695263936,1.0412595234056818,-0.14874791517439856,1.122,2.0173082647896665,2.316986659116852,0.10239195823669434,3.3082563877105713,1
pure_rrt_1773301630,pure_rrt,427,1.1155088232878545,-0.1847170200028156,1.2410026278316497,-0.0018878331295721917,-0.5978167238243639,1.328,1.194485326755626,1.6740214078148996,0.10116910934448242,3.113621950149536,1
pure_rrt_1773301630,pure_rrt,428,-0.09567861922774534,-0.6654335929899214,1.4419304155347212,0.35502332660749825,0.15037630095506282,1.0028,1.0302977962152002,1.0976557616646927,0.10114932060241699,2.409213066101074,1
pure_rrt_1773301630,pure_rrt,429,0.2871406323793544,0.20337016475133515,1.1213212524410223,0.6744694635876478,-0.11123421774095399,1.3755,0.5600056934346184,2.196176749908716,0.10138511657714844,4.410285949707031,1
pure_rrt_1773301630,pure_rrt,430,0.8034721750223527,-0.16197705284906777,1.4908956482197606,-0.7584789281052013,0.21197840445165217,1.385,1.6095800138291534,2.9092495657919764,0.10187125205993652,4.310302019119263,1
pure_rrt_1773301630,pure_rrt,431,-0.865714330517276,0.26727829345168685,1.498188950314883,-0.5910617512619771,-0.5762170932335826,1.0533,0.9923934122933299,1.5080542904868808,0.10109710693359375,3.71183443069458,1
pure_rrt_1773301630,pure_rrt,432,-0.5759338462617007,-0.6582581330590878,1.1717010965142407,0.4988637792377695,-0.6574110693692938,1.2126,1.0755758334968908,1.1187255347379352,0.10097718238830566,3.109797954559326,1
pure_rrt_1773301630,pure_rrt,433,0.527681896203401,-0.7541967127897171,1.3264042733353132,0.7402890741609294,0.10231150812940903,1.0879,0.9141621481008261,0.9654569224968347,0.10114431381225586,3.9100160598754883,1
pure_rrt_1773301630,pure_rrt,434,0.814881225958915,0.09387602723946273,1.2105682490329226,0.17159618147289346,-0.15756143053462957,1.479,0.7410074551301978,0.7117080411280327,0.05101203918457031,2.9120712280273438,1
pure_rrt_1773301630,pure_rrt,435,0.3121005957470434,-0.2229353163639671,1.5978674681387945,0.018473173963861278,-0.4755886687582688,1.259,0.5146668245204027,0.471672830576596,0.10170173645019531,3.3118886947631836,1
pure_rrt_1773301630,pure_rrt,436,0.08829222927213598,-0.5637223720266608,1.3728735425612841,0.7671801090135448,0.26498615889136656,1.0251,1.1263183472632088,2.656194376831703,0.5546886920928955,10.520902633666992,1
pure_rrt_1773301630,pure_rrt,437,0.8491248512107235,0.32612765093703033,1.377518489468341,-0.04818277560771267,-0.08163313565306529,1.1246,1.0175448877283275,0.915397282299277,0.050943613052368164,3.1104557514190674,1
pure_rrt_1773301630,pure_rrt,438,0.029923759481997658,-0.07131039476102244,1.4703750420339003,0.6338944294280715,-0.5546112643283553,1.4242,0.774914469594214,0.8691490782797214,0.10875844955444336,2.7094647884368896,1
pure_rrt_1773301630,pure_rrt,439,0.6733348810471224,-0.5772946449415655,1.7516727722702043,-0.8489766246558035,-0.41158919725822996,1.2282,1.618306015281318,1.786989663740095,0.10171818733215332,2.910205841064453,1
pure_rrt_1773301630,pure_rrt,440,-0.9009377678222392,-0.4602026574045974,1.5707360109956074,1.028880909044288,-0.07268854364517796,1.4007,1.9756719259484659,3.0352929968243783,1.656728982925415,9.217288255691528,1
pure_rrt_1773301630,pure_rrt,441,1.1770777249755642,-0.12742696029931483,1.5194733079962617,0.027575877097842483,0.4171466316842324,1.3338,1.2854530223475436,2.9981987719527643,0.1012430191040039,4.617347002029419,1
pure_rrt_1773301630,pure_rrt,442,-0.05320684595393155,0.4917879001671339,1.4475909302972196,-0.5756035465765232,-0.2968952764530576,1.4939,0.947134623927255,1.0916215302952688,0.10699653625488281,2.3076627254486084,1
pure_rrt_1773301630,pure_rrt,443,-0.7307371843602432,-0.32345706214015657,1.6129545231820068,-0.12798941884108517,-0.2009895932447714,1.2977,0.6911501748264949,0.5411105750565761,0.1527266502380371,3.014461040496826,1
pure_rrt_1773301630,pure_rrt,444,-0.24312944477031473,-0.20497405630946325,1.4106803823890735,0.8951118534795446,0.5696298592563976,1.475,1.378311101406756,2.235672779586952,0.1015617847442627,3.7126736640930176,1
pure_rrt_1773301630,pure_rrt,445,1.0120225367043183,0.6436899760076469,1.5897323654239928,0.49088298746352654,-0.14173330754789149,1.4457,0.9535310621178996,1.0091907525355146,0.10158205032348633,3.7114903926849365,1
pure_rrt_1773301630,pure_rrt,446,0.4917787999960914,-0.14087359377325315,1.4454502887718648,-0.7968389763566719,0.4960209771940721,1.3063,1.444137552633158,2.1585985625151176,0.10135507583618164,3.8101699352264404,1
pure_rrt_1773301630,pure_rrt,447,-0.86891744827811,0.5991605346315402,1.4195091213488558,0.4338394738118614,0.486891775730781,1.3596,1.3089572090405572,1.2556736979142664,0.10118317604064941,3.1118884086608887,1
pure_rrt_1773301630,pure_rrt,448,0.38280587952191913,0.6537068640597676,1.486519078674111,-0.7408956556087125,-0.030707377847289496,1.2524,1.3363905632633615,1.4357753012040826,0.051190853118896484,2.708808183670044,1
pure_rrt_1773301630,pure_rrt,449,-0.8618886402140463,-0.0061093496700334315,1.3661556382681386,0.1422238470507209,0.19163296863227752,1.4153,1.0245775128406058,2.238009331708439,0.05134916305541992,4.009096145629883,1
pure_rrt_1773301630,pure_rrt,450,0.2743756010471595,0.19425818475949444,1.5298753105486964,0.5467529551402361,-0.6439561223378227,1.2739,0.9177777548273233,4.4465964940965055,0.10112762451171875,5.915433883666992,1
pure_rrt_1773301630,pure_rrt,451,0.5814204848703032,-0.75827947893453,1.3876742560111315,1.0227857714295696,0.2703364858966756,1.4486,1.1209665764712935,4.43849999515806,0.10175371170043945,5.812391042709351,1
pure_rrt_1773301630,pure_rrt,452,1.1581594049909865,0.2871202337484622,1.5628463621678608,-0.17988819864372618,0.32137395184294404,1.3718,1.3520515594064697,1.1797841338421053,0.05123114585876465,3.1073081493377686,1
pure_rrt_1773301630,pure_rrt,453,-0.016952260530422314,0.3632341894011537,1.4941644425433753,-0.5279152973678448,-0.6078043772937921,1.2373,1.1269332122473872,2.752355774271047,0.10135388374328613,4.610530138015747,1
pure_rrt_1773301630,pure_rrt,454,-0.6047417162966502,-0.668487438327137,1.3530044435728055,-0.347677979059842,-0.7142216235435258,1.1296,0.3436319631635517,0.3079145428002073,0.05121755599975586,1.7042200565338135,1
pure_rrt_1773301630,pure_rrt,455,-0.3713213119340994,-0.8013610363014538,1.247174318881632,-0.287428451039753,0.3139126051295956,1.1236,1.1252306073276581,1.4091340431854007,0.050829410552978516,3.0608444213867188,1
pure_rrt_1773301630,pure_rrt,456,-0.352021259679546,0.3678173957877176,1.24183953589952,-0.4653278463284098,-0.5762150614489756,1.3188,0.9539174890570603,1.121866608289864,0.05135822296142578,2.409299612045288,1
pure_rrt_1773301630,pure_rrt,457,-0.5622136649490933,-0.6419223858133961,1.432173605965401,0.403218230518521,-0.01436486891565636,1.3829,1.1525255181755765,1.7848949493636663,0.10154938697814941,3.4115333557128906,1
pure_rrt_1773301630,pure_rrt,458,0.5102993414292133,-0.0386913954529635,1.4974980478221196,0.7100515278593669,-0.3406625215728744,1.2606,0.4326756083438091,0.49741514180399893,0.051221609115600586,2.811795473098755,1
pure_rrt_1773301630,pure_rrt,459,0.8008520504807721,-0.4219904418990489,1.3731210450119213,0.28136170856676257,0.28485254853617714,1.3134,0.8792404856958439,3.666028907878387,0.7025783061981201,10.324028491973877,1
pure_rrt_1773301630,pure_rrt,460,0.3615295041157385,0.33368687610220343,1.6622109490683428,-0.6191142307021915,-0.27822044676355917,1.1373,1.2694976214496156,3.9826285884186525,0.5021703243255615,10.219711303710938,1
pure_rrt_1773301630,pure_rrt,461,-0.7020917385264679,-0.290982489535857,1.2552755101244224,-0.13536495875404864,-0.1493263628346746,1.0387,0.6230173775496567,1.3982088264724168,0.10149788856506348,3.5100739002227783,1
pure_rrt_1773301630,pure_rrt,462,-0.06203834760041382,-0.19194985862581676,1.1583051175882226,0.9961763104100105,-0.41228821394213816,1.1429,1.0810201528646577,2.2013526943299393,0.10117268562316895,4.909730672836304,1
pure_rrt_1773301630,pure_rrt,463,0.99514614498643,-0.4121803430783806,1.1423255848598277,0.884885152214772,0.1443440565882531,1.1359,0.5673783412257551,0.6387981339517435,0.1011505126953125,3.7101926803588867,1
pure_rrt_1773301630,pure_rrt,464,0.9648865562344895,0.14078091448879215,1.2562295608648408,0.8342353327923302,0.42011070136044204,1.1599,0.32307004862275224,0.38429321405829026,0.10122489929199219,3.7125661373138428,1
pure_rrt_1773301630,pure_rrt,465,0.8335575914568151,0.42071600386419344,1.1592434214818688,0.6234931027751236,-0.11021873074533162,1.2701,0.58164246992524,0.8602901786790896,0.10133481025695801,5.0107035636901855,1
pure_rrt_1773301630,pure_rrt,466,0.720649399171726,-0.1471850831168289,1.3840874488628652,0.6659188389624542,0.15856636497379228,1.0692,0.44230474526246727,0.36706105916338594,0.1010897159576416,2.609300136566162,1
pure_rrt_1773301630,pure_rrt,467,0.75248414324965,0.15705009183915364,1.1877103048967466,1.0786154237375754,0.5449712033670414,1.1156,0.5119026244844107,4.268101996367199,0.7523314952850342,6.568980693817139,1
pure_rrt_1773301630,pure_rrt,468,1.15034782594987,0.5982006288100179,1.2333958139234569,-0.6119135710130583,0.25449639631979604,1.347,1.7990563475754555,2.0958728368960498,0.10239553451538086,3.0100440979003906,1
pure_rrt_1773301630,pure_rrt,469,-0.7165159463938953,0.31716803224904117,1.4605525683791412,0.12960003743052506,0.4121259604873889,1.3532,0.8581688878979965,0.7805263984008004,0.15332984924316406,3.108415365219116,1
pure_rrt_1773301630,pure_rrt,470,0.04430562435545371,0.4911223633934557,1.4656106927028765,0.29706912248928785,-0.04451260853703132,1.0321,0.7339793797046033,0.6480449758773196,0.10155844688415527,2.005383014678955,1
pure_rrt_1773301630,pure_rrt,471,0.20773367673145016,-0.021188281726027852,1.147684996647468,0.49237066866327983,0.4569456863927498,1.2038,0.5592666647014315,1.3900917022069352,0.0509190559387207,3.6114838123321533,1
pure_rrt_1773301630,pure_rrt,472,0.5886583492849706,0.5024815232037062,1.3172242714780853,-0.5557380195200363,-0.10882003014720865,1.2713,1.2982456149643333,2.053577630212301,0.05087471008300781,3.712589979171753,1
pure_rrt_1773301630,pure_rrt,473,-0.6620887717991265,-0.10006619014405732,1.3846449820585103,0.5668471193539755,0.6197468731540255,1.2079,1.4351491418461362,1.536896901263581,0.10230374336242676,3.211402416229248,1
pure_rrt_1773301630,pure_rrt,474,0.550553555215748,0.7408628829524266,1.3209891214995593,0.7127406599617341,-0.46265503801989294,1.1034,1.2337362233647715,2.6324951463938846,0.10140657424926758,4.613018035888672,1
pure_rrt_1773301630,pure_rrt,475,0.76131325909897,-0.5414399666836438,1.219777519600214,0.34788316241567485,-0.48465401463841823,1.2101,0.41742393747706175,0.37003871931052484,0.05111861228942871,1.9107372760772705,1
pure_rrt_1773301630,pure_rrt,476,0.4085215689338748,-0.5792876450495191,1.3246196450674288,0.22547695100965703,-0.7358145109920379,1.4524,0.2726422766547843,0.4210511150022106,0.10149312019348145,2.9109842777252197,1
pure_rrt_1773301630,pure_rrt,477,0.24758941176360472,-0.8734067969476568,1.5676512800237017,0.6050443573733022,-0.4647917103329638,1.292,0.6088710498362276,0.5749071444913967,0.05087685585021973,2.6097254753112793,1
pure_rrt_1773301630,pure_rrt,478,0.6685563019093037,-0.5331388545633513,1.4078387946522817,-0.22502153641792721,-0.538427818843221,1.3478,0.8956081638506983,1.2821238925035803,0.051415205001831055,2.9109208583831787,1
pure_rrt_1773301630,pure_rrt,479,-0.3348709510731296,-0.6067628228265987,1.4619419273728582,1.1017346571772042,-0.2369427050835904,1.4284,1.4838219751828892,1.904562486534975,0.10140681266784668,3.6118180751800537,1
pure_rrt_1773301630,pure_rrt,480,1.2121730634799497,-0.29898823410655795,1.541374579671619,0.8834400368817776,0.07184291517264152,1.3828,0.5203143678298313,2.2210722792962168,0.15123248100280762,5.41108512878418,1
pure_rrt_1773301630,pure_rrt,481,0.8829732671975211,0.07133599943392627,1.3833351662805287,0.5057151663566712,-0.7385781058077211,1.1902,0.9141037823866778,0.9597281962288972,0.1013798713684082,2.21091365814209,1
pure_rrt_1773301630,pure_rrt,482,0.5060197184389259,-0.7383943982266534,1.190510640342382,0.701099110591181,-0.6152308608830164,1.0029,0.297360015037613,1.4072700407248186,0.55228590965271,4.711288690567017,1
pure_rrt_1773301630,pure_rrt,483,0.6671557630231881,-0.677876577068173,1.12647900855938,0.40008919234416074,-0.6538911611804015,1.1759,0.27265782171898006,0.37545424812073724,0.05118274688720703,1.8090271949768066,1
pure_rrt_1773301630,pure_rrt,484,0.334978330314003,-0.7295884935910286,1.2905670500308835,0.23822830713285081,0.08619205390352902,1.3767,0.8260008194466009,1.043859154144304,0.10117387771606445,3.510178327560425,1
pure_rrt_1773301630,pure_rrt,485,0.07690681792604848,0.1622653878710625,1.5051710528850801,-0.3382153327058792,0.3906178895874054,1.4267,0.48023845236120183,0.616871838019969,0.05131697654724121,4.410710096359253,1
pure_rrt_1773301630,pure_rrt,486,-0.4427584788667792,0.49089379437313785,1.5422742198217503,-0.7569520582384333,-0.28375655011161244,1.4767,0.8385110254695196,1.1696892510834835,0.1009976863861084,4.010869741439819,1
pure_rrt_1773301630,pure_rrt,487,-0.8833735784291826,-0.3019933718110583,1.5909870297349706,0.6900348599807096,-0.03227231644922868,1.2095,1.6413092078036255,2.4705319820797134,0.10129785537719727,3.8097875118255615,1
pure_rrt_1773301630,pure_rrt,488,0.7836873780318689,-0.05782368978944262,1.325620467326134,-0.22252196234634447,-0.14665739087709528,1.3738,1.0112714425325982,0.8951049559549995,0.1015632152557373,2.7066123485565186,1
pure_rrt_1773301630,pure_rrt,489,-0.07959090473764363,-0.2215934344004722,1.493776588185834,0.31268253283433034,0.26780111896464687,1.2731,0.6648937022271438,0.99890203183426,0.10116219520568848,4.2162253856658936,1
pure_rrt_1773301630,pure_rrt,490,0.31315151643905526,0.26751503173491,1.2726013620118213,0.4005642254787496,-0.16420517477394503,1.3016,0.4414342979593635,0.44510984921307745,0.15375328063964844,1.506723165512085,1
pure_rrt_1773301630,pure_rrt,491,0.40138134808892945,-0.1634536473369493,1.3010069541375011,-0.6384576695898463,-0.17979068155729994,1.1103,1.0573084808752273,2.144193562925107,0.40352678298950195,6.3174378871917725,1
pure_rrt_1773301630,pure_rrt,492,-0.7286301563847113,-0.18128595769986433,1.2278591591581005,0.2604508415722837,0.06459510182466044,1.1097,1.026011843423582,0.9353546740517457,0.05099010467529297,2.708616018295288,1
pure_rrt_1773301630,pure_rrt,493,0.15915450678847098,0.11045439078584846,1.2236078697453423,-0.20999862571349048,-0.7070057224769429,1.2179,0.8969658030207486,1.0761985147802302,0.10141515731811523,2.710660219192505,1
pure_rrt_1773301630,pure_rrt,494,-0.2659017708834845,-0.7975494079601313,1.3322507138870647,-0.33177365463388575,-0.0311597751878675,1.0145,0.8322605904795511,0.8846779103329204,0.10124349594116211,2.911036968231201,1
pure_rrt_1773301630,pure_rrt,495,-0.39953600472051976,-0.01628988821375603,1.1399403786771964,-0.35907382392803644,-0.15265153929670316,1.1681,0.1449988008005401,0.20669082079451004,0.10136151313781738,1.9046783447265625,1
pure_rrt_1773301630,pure_rrt,496,-0.4631218028533931,-0.15007821433060836,1.2826565194921815,-0.5041469898286783,0.3598319076593063,1.3396,0.5147173578251185,0.6319425426013152,0.10099983215332031,2.7080109119415283,1
pure_rrt_1773301630,pure_rrt,497,-0.5920704482353579,0.42856890329994035,1.4541873511827055,-0.6084426946715995,-0.6322535200977107,1.2022,1.090463153707043,1.2352614131812274,0.10127806663513184,2.5103461742401123,1
pure_rrt_1773301630,pure_rrt,498,-0.6784166592893253,-0.6964869767819366,1.3184236149873636,-0.007161907416714075,0.2593443061683932,1.0825,1.1915772469658608,1.2326674707624896,0.10136866569519043,2.710230588912964,1
pure_rrt_1773301630,pure_rrt,499,-0.07500471714748125,0.3095378198861834,1.2007277007491648,0.336466246264685,-0.5570234909504601,1.2337,0.9598562557425693,1.0548809671014345,0.10109329223632812,2.8113605976104736,1
pure_rrt_1773301630,pure_rrt,500,0.24623351333094523,-0.6215404390819087,1.346775910757772,1.0230101789874138,-0.6482516855262773,1.0638,0.8271462053737436,0.840604432342461,0.10094857215881348,3.8101890087127686,1
pure_rrt_1773301630,pure_rrt,501,1.0243090902538943,-0.7277544642890061,1.1834143667904362,-0.3542993348354344,-0.4036511300750722,1.3111,1.4219380372941697,1.59744120544751,0.10123920440673828,2.406140089035034,1
pure_rrt_1773301630,pure_rrt,502,-0.463152815635994,-0.439847256930409,1.4251601807378187,-0.3339956428130534,0.30041321256228215,1.0135,0.8568145904396399,1.825690606535206,0.10106468200683594,4.209128141403198,1
pure_rrt_1773301630,pure_rrt,503,-0.248995590259372,0.32982185770647304,1.130055898718891,-0.7434442757073885,-0.07307717989276985,1.197,0.6413179006826514,1.4378416777939442,0.10113954544067383,3.710627794265747,1
pure_rrt_1773301630,pure_rrt,504,-0.8352787658181743,-0.060534892221938044,1.3129016868803633,0.9235590325286225,-0.5516768600844242,1.2822,1.826382606976573,2.2200746772911106,0.05129575729370117,3.3119101524353027,1
pure_rrt_1773301630,pure_rrt,505,0.9835892287524948,-0.6583712825902258,1.3965771428604465,-0.18456552735497378,0.4933710169743125,1.0136,1.6845674076083335,3.649612614579926,0.10150980949401855,5.613393783569336,1
pure_rrt_1773301630,pure_rrt,506,-0.12499124974625042,0.5364790252330993,1.1365769023155639,1.036447768611257,0.026671084076570928,1.3214,1.281797295857336,1.5883743799645873,0.6520144939422607,5.010309219360352,1
pure_rrt_1773301630,pure_rrt,507,1.036329278493147,0.026195215054688303,1.322022337378547,-0.04295164159501208,-0.3855431952181417,1.0678,1.1827953414612997,6.113868227481172,0.8048417568206787,11.723403930664062,1
pure_rrt_1773301630,pure_rrt,508,0.007554889845034385,-0.4392475617001536,1.190677516173516,-0.36455741623550086,0.15583590242537837,1.2308,0.7029948159983996,1.753104127950203,0.10129261016845703,3.811152219772339,1
pure_rrt_1773301630,pure_rrt,509,-0.46284927039340895,0.20224298227615684,1.3442646980778101,0.046514188616282315,0.5925353229137321,1.0251,0.7166905531913855,0.7266748996250199,0.05121111869812012,2.0054690837860107,1
pure_rrt_1773301630,pure_rrt,510,0.030935201328958384,0.6597036494778067,1.1498109483171115,-0.646862154352116,-0.5351868573181999,1.1896,1.374320103626989,1.655462425413197,0.2021169662475586,3.314007043838501,1
pure_rrt_1773301630,pure_rrt,511,-0.7320609515267432,-0.5889181306061492,1.3054684613047787,0.8129210266411351,0.028120111100189304,1.1058,1.6755813913479098,2.1236268850678583,0.1522846221923828,3.7160558700561523,1
pure_rrt_1773301630,pure_rrt,512,0.8833881136091084,0.01358124563666481,1.2288948495209828,0.83179687221858,0.2501468526084567,1.1634,0.2508276657466721,0.3368156108180244,0.15235304832458496,3.715394973754883,1
pure_rrt_1773301630,pure_rrt,513,0.831641090227253,0.2509205674652905,1.1637175719586672,0.2042927467731246,-0.6307093749439266,1.3806,1.1035738701963826,1.1307206128464846,0.10143852233886719,2.105008840560913,1
pure_rrt_1773301630,pure_rrt,514,0.20466211660248967,-0.6300077601662663,1.3803624222617215,-0.5444348613963874,0.556389253978388,1.1896,1.4160065181225545,1.6456068057656057,0.10109567642211914,2.811857223510742,1
pure_rrt_1773301630,pure_rrt,515,-0.5455516911787062,0.5565612630624321,1.1893690752879642,0.04326980190320351,-0.17723414586288522,1.376,0.9591650300829115,1.2685918125839724,0.10120868682861328,3.714933156967163,1
pure_rrt_1773301630,pure_rrt,516,0.17213620560582565,-0.24419281932386283,1.4914318610519295,-0.7495747041421027,-0.0388213605895642,1.416,0.947321699779312,2.119220186001176,0.10163688659667969,3.909696578979492,1
pure_rrt_1773301630,pure_rrt,517,-0.8864524624897264,-0.014272671926663705,1.5300224984155246,-0.77002206328744,0.33734624595366147,1.1261,0.5480376684097308,0.5210424590504426,0.10144686698913574,1.7097313404083252,1
pure_rrt_1773301630,pure_rrt,518,-0.8382935719725694,0.4044197055802767,1.2418766649327715,-0.5465520074971895,-0.2892845008665623,1.041,0.7789031396772604,0.7729716005910376,0.10139322280883789,2.104996919631958,1
pure_rrt_1773301630,pure_rrt,519,-0.6243137645795598,-0.30440896091558856,1.1610870786652892,-0.46692531463328774,0.4631385273809042,1.0097,0.7980089714743535,0.9150662498946459,0.051529884338378906,3.4119293689727783,1
pure_rrt_1773301630,pure_rrt,520,-0.4972665724112074,0.5324940230172095,1.1316522321560445,-0.39970590904178915,-0.12299714109532234,1.2697,0.6769371724712581,0.727790462446763,0.10110235214233398,4.609872817993164,1
pure_rrt_1773301630,pure_rrt,521,-0.520436105837978,-0.11368439466601735,1.3831845302895096,-0.8191541711309405,-0.6534088916080839,1.5,0.6278382507425141,0.8046603274003845,0.05153155326843262,2.5133779048919678,1
pure_rrt_1773301630,pure_rrt,522,-0.9283649941170198,-0.753474479710529,1.6151667572056718,0.19470696354227957,-0.05900561396088522,1.175,1.3918780125159118,1.8020767907295516,0.15332293510437012,4.009028434753418,1
pure_rrt_1773301630,pure_rrt,523,0.2780368324706235,-0.08440256681291994,1.2920099775771938,0.7564084643096469,-0.2203029096846093,1.3251,0.4984007132066674,0.6390145540086289,0.0510709285736084,3.0102062225341797,1
pure_rrt_1773301630,pure_rrt,524,0.8672308738161459,-0.28417009010848804,1.4375832725514788,-0.46913487800892023,-0.023945086738425436,1.3906,1.3622767350760894,2.3487530754058286,0.10120820999145508,3.8128809928894043,1
pure_rrt_1773301630,pure_rrt,525,-0.59483058606407,-0.00011096294802798168,1.5033115543468059,0.27179005117645416,0.12891624171411742,1.3259,0.8939542538910192,2.53983417800676,0.10130548477172852,4.309931755065918,1
pure_rrt_1773301630,pure_rrt,526,0.4011711885320083,0.12049440876423981,1.4381377946690206,0.9407085155827597,-0.010618336403803608,1.3771,0.5585845429338582,0.6275023070560711,0.05118560791015625,3.712520122528076,1
pure_rrt_1773301630,pure_rrt,527,0.9408211388708638,-0.011334649507421163,1.3773541123455775,0.6992439965686201,-0.3077694557092183,1.4748,0.39462489915307414,0.39644198467495567,0.0508880615234375,2.7120282649993896,1
pure_rrt_1773301630,pure_rrt,528,0.6985369908350151,-0.30804850995045646,1.475528014097683,-0.3241753060171827,0.6083585035107152,1.0997,1.4237236222786114,4.442585479757258,0.752077579498291,13.926920413970947,1
pure_rrt_1773301630,pure_rrt,529,-0.2872836874682969,0.6974422728928518,1.4504440934722806,-0.5078663686302323,0.48534186155081416,1.0102,0.5361512524999636,0.6201392401490009,0.05109977722167969,2.811387062072754,1
pure_rrt_1773301630,pure_rrt,530,-0.6120054890103201,0.541135990688019,1.3637715226210152,-0.0002789847939322909,0.10241948644590804,1.0762,0.8058404728466979,1.4362355476856565,0.05111074447631836,3.3130688667297363,1
pure_rrt_1773301630,pure_rrt,531,0.11387333369098729,0.14448042162241675,1.4283824145734274,0.7197422072451227,-0.04884589310569898,1.0631,0.7334053437933928,1.8188396755587883,0.45247530937194824,4.81859564781189,1
pure_rrt_1773301630,pure_rrt,532,0.7201240493569542,-0.04972479346797826,1.0625110599801304,1.0775066523303387,0.1747220783561837,1.3347,0.5021807864194167,0.5033282906443989,0.7144753932952881,2.8608858585357666,1
pure_rrt_1773301630,pure_rrt,533,1.0766407329219638,0.1746917787296342,1.3350026210222377,0.8749808169598043,-0.15562916879707478,1.282,0.3906250477325219,0.3912926169828294,0.15267062187194824,1.7070722579956055,1
pure_rrt_1773301630,pure_rrt,534,0.8758950671802629,-0.15502965465984794,1.282650589892107,0.23643576497127428,-0.01835291920344262,1.109,0.6765672594550401,0.6562302727826645,0.4051792621612549,3.7135212421417236,1
pure_rrt_1773301630,pure_rrt,535,0.3303581558592972,0.001558434653847779,1.459322023869808,-0.7156161492375155,0.262076177727658,1.3497,1.083489145998401,2.1348181407420954,0.051686763763427734,4.0101447105407715,1
pure_rrt_1773301630,pure_rrt,536,-0.7777559325258895,0.2693274599397154,1.687400851636784,0.7503838844738024,5.061935013805918e-05,1.3834,1.5811824167292168,4.741427115729673,0.5019867420196533,9.42026686668396,1
pure_rrt_1773301630,pure_rrt,537,0.8824309016109114,-0.030531692782407666,1.4979660050606987,0.06085477568483855,0.38592909745418813,1.0839,1.0098898836225219,2.9074577665905337,0.10130548477172852,4.710211277008057,1
pure_rrt_1773301630,pure_rrt,538,0.009336963698920231,0.438166660414504,1.2070624267157666,0.10652907045009441,0.39501447284873803,1.3036,0.14362423180665385,0.21490772114123186,0.051500797271728516,2.3115198612213135,1
pure_rrt_1773301630,pure_rrt,539,0.021037931022396705,0.47528963477965336,1.4174182062789749,0.5382117882956075,0.39189406426090445,1.374,0.5256507970749047,1.211946746371896,0.10134410858154297,3.411048650741577,1
pure_rrt_1773301630,pure_rrt,540,0.6651070612487373,0.43306522631758537,1.4882876439771278,-0.5916115162937101,-0.264928500486103,1.0573,1.5007621980375738,2.4676883562761867,0.10113215446472168,4.010816335678101,1
pure_rrt_1773301630,pure_rrt,541,-0.6585559887935488,-0.2734018371729196,1.1820775179431147,0.417574513235478,0.11015585171536446,1.4097,1.1648971424294525,2.256198550128796,0.10128474235534668,3.9084901809692383,1
pure_rrt_1773301630,pure_rrt,542,0.5641772226371364,0.09764266041663505,1.5259245664717889,0.061091165783162205,0.6022901848328225,1.4824,0.7139041198836324,3.537039083936957,0.15157818794250488,5.812549591064453,1
pure_rrt_1773301630,pure_rrt,543,-0.0015832238801606335,0.6925228641910324,1.596407503666707,0.46718392803351017,-0.2963070827968456,1.054,1.2213653044062012,1.3371758248264778,0.10119032859802246,2.711423873901367,1
pure_rrt_1773301630,pure_rrt,544,0.3685781942732515,-0.3270929236240287,1.1686638688850715,-0.5263849915172485,0.4327829937365505,1.0128,1.1843411921100633,1.2796863620644547,0.050855398178100586,2.9085750579833984,1
pure_rrt_1773301630,pure_rrt,545,-0.5637495575515359,0.49701255457950877,1.135543054348392,-0.31947479268335854,0.14031974442066442,1.156,0.4328029669443239,0.3891940908166226,0.050962209701538086,4.010379791259766,1
pure_rrt_1773301630,pure_rrt,546,-0.39840345332066074,0.17433178208998087,1.2744355900846878,-0.2678742387870786,-0.4508266268661139,1.3387,0.641865115516518,0.7072357370352325,0.10102581977844238,3.0128509998321533,1
pure_rrt_1773301630,pure_rrt,547,-0.36657125917444344,-0.48906397145717256,1.4533819636573837,0.421568650833003,0.5462308205482153,1.4791,1.3014074079600688,2.5197212306402044,0.10161066055297852,4.010254859924316,1
pure_rrt_1773301630,pure_rrt,548,0.5395317413572612,0.6146636025808097,1.5932117943496658,0.6897026343280379,0.1706892573760176,1.1983,0.6128783252915191,5.301058194460025,0.8523082733154297,6.613205671310425,1
pure_rrt_1773301630,pure_rrt,549,0.7763449046681066,0.16999251410482447,1.3170250503549308,0.45639144219736316,0.02704542696712453,1.3575,0.35276381534525547,0.3116236598722352,0.10113978385925293,4.010479688644409,1
pure_rrt_1773301630,pure_rrt,550,0.5598156900185283,0.007862509363189066,1.4715373941488883,0.039430093522217935,0.4449103994841487,1.038,0.8060810749703851,1.7145245005584606,0.5524957180023193,11.125439167022705,1
pure_rrt_1773301630,pure_rrt,551,0.1262150271059912,0.5433573160118939,1.3907772360530861,1.0630182511081268,-0.5908699047696422,1.3453,1.4717811820585391,2.0531038370112036,0.25284790992736816,5.312029838562012,1
pure_rrt_1773301630,pure_rrt,552,1.0619363806018232,-0.5913906387451839,1.3455614925678434,0.593489967360056,0.5184371827216331,1.3136,1.2050648830614978,1.499510509450902,0.15123486518859863,4.0093560218811035,1
pure_rrt_1773301630,pure_rrt,553,0.6348210170337045,0.5702663458567068,1.6538285476086971,-0.2938234672245187,0.5083982020987395,1.051,1.1088780380038596,0.8988367895565428,0.1011347770690918,2.70635724067688,1
pure_rrt_1773301630,pure_rrt,554,-0.22740238082594733,0.6047300023514592,1.4033762469762932,-0.8373110067998992,0.5799014306197118,1.3862,0.6106553966615403,0.9793064919232737,0.10103559494018555,2.7052552700042725,1
pure_rrt_1773301630,pure_rrt,555,-0.8794020099806678,0.6078558152608567,1.7182339214616096,0.7708602257502346,-0.3561898733778862,1.4251,1.9335658851908735,4.0855568681243355,1.1037554740905762,8.517985105514526,1
pure_rrt_1773301630,pure_rrt,556,0.8853117295047063,-0.46579830227462293,1.5445138169363521,0.5217056073272972,-8.029308989310202e-05,1.3002,0.6393683737172886,0.5257490220598645,0.10429596900939941,1.9077365398406982,1
pure_rrt_1773301630,pure_rrt,557,0.6361825253070046,-0.02665151382624542,1.4131657901580317,-0.8484152000983621,-0.09891281545176889,1.0605,1.5276207845991074,2.4573078516377653,0.10151410102844238,4.110633373260498,1
pure_rrt_1773301630,pure_rrt,558,-0.9215505393481225,-0.09035719935881506,1.1834563022500744,-0.2838746651215207,-0.330911140789403,1.4919,0.7480870497409369,1.6852362682067714,0.1010746955871582,3.5150811672210693,1
pure_rrt_1773301630,pure_rrt,559,-0.154268401023826,-0.45691179262771275,1.6219507928356673,0.9165378804705187,0.4280105634134833,1.3913,1.4081595992446911,1.5230341270559737,0.15139102935791016,7.816349983215332,1
pure_rrt_1773301630,pure_rrt,560,0.9169904435639367,0.4275570422867029,1.390655706623012,0.8955435513127907,-0.4883563333275463,1.1736,0.9415256027288563,1.002563652114966,0.15113377571105957,2.3096225261688232,1
pure_rrt_1773301630,pure_rrt,561,0.8952163278618203,-0.4887778122927993,1.1747177441725012,0.701854148383777,-0.6953630535178119,1.2142,0.2857013175848577,0.28841081347074254,0.10164213180541992,2.2106809616088867,1
pure_rrt_1773301630,pure_rrt,562,0.7021525228961981,-0.6956051813629736,1.2143879190131601,0.8229896579860032,-0.02653362325410802,1.1853,0.680517795593512,0.7072859548667612,0.20137333869934082,3.7117629051208496,1
pure_rrt_1773301630,pure_rrt,563,0.9278161622666249,-0.057931532161271226,1.2995601958676706,0.31417540320723125,-0.5850820620401551,1.253,0.8103150709260026,0.8580713476091634,0.05091500282287598,2.4105751514434814,1
pure_rrt_1773301630,pure_rrt,564,0.36365478326391565,-0.6817496451888168,1.366245184527014,0.45335492114327147,0.3964400622612222,1.1706,1.099461776604983,2.2008462129277686,0.05123186111450195,4.214162588119507,1
pure_rrt_1773301630,pure_rrt,565,0.39807971933717956,0.5167784076580528,1.2849406376626187,0.15257866917849183,-0.15159273821895947,1.4248,0.7256386121916253,0.8739750816455057,0.10230755805969238,2.9086084365844727,1
pure_rrt_1773301630,pure_rrt,566,-0.014399916377634159,-0.1453579352598098,1.5472657791450362,0.6608294776571699,0.08404279421479088,1.4112,0.7259981580599454,2.1475580985077394,0.15290403366088867,4.221407651901245,1
pure_rrt_1773301630,pure_rrt,567,0.8088260843569706,0.0651227292224532,1.5289673641097299,0.3302515450205705,0.12441657794839256,1.0528,0.6777054735214924,2.3653867075620356,0.20368742942810059,4.613980770111084,1
pure_rrt_1773301630,pure_rrt,568,0.24778759548075613,0.17967707592038004,1.1679609072021528,-0.402406865681134,-0.03901216965208354,1.4804,0.7537877752809445,2.076290566280494,0.7027971744537354,5.814611911773682,1
pure_rrt_1773301630,pure_rrt,569,-0.29400021196716963,-0.057187821151287115,1.5936569543921906,0.09355613000734608,0.15315613261547922,1.3178,0.5201360940921504,1.3919524329338848,0.10103487968444824,5.315692901611328,1
pure_rrt_1773301630,pure_rrt,570,-0.024261379631461133,0.20878507118882184,1.431793236790686,0.6008031418619415,-0.04739043425359135,1.4144,0.6757470460938095,2.4498536219554947,0.10320067405700684,4.310811281204224,1
pure_rrt_1773301630,pure_rrt,571,0.733466419390901,-0.08646347864416025,1.5280744852657728,-0.36879588677145925,-0.24581384993613936,1.3537,1.127289312257044,1.018295100751317,0.050963640213012695,2.5099167823791504,1
pure_rrt_1773301630,pure_rrt,572,-0.2396284645814355,-0.36864259126979276,1.4825627353862105,-0.5954722386493243,-0.36265714109474584,1.2177,0.44363598338383514,1.0748285742439279,0.10250282287597656,3.312387704849243,1
pure_rrt_1773301630,pure_rrt,573,-0.7037884866397769,-0.3938002474982223,1.3302206509754813,0.08240537717814755,-0.47356174269744805,1.3669,0.7910803134108672,0.7022192562930062,0.05125761032104492,2.508927583694458,1
pure_rrt_1773301630,pure_rrt,574,-0.029817765076298852,-0.5222584300203266,1.479681768521122,-0.46274070953503815,-0.033229208515224706,1.4827,0.6531316598098509,2.3933910722044227,0.6023972034454346,5.913410902023315,1
pure_rrt_1773301630,pure_rrt,575,-0.40003081943709773,-0.04634497567847602,1.610158418141621,-0.4388056203601179,-0.6925448479238717,1.135,0.803027572632119,0.7029562093695804,0.1018073558807373,2.410259962081909,1
pure_rrt_1773301630,pure_rrt,576,-0.36953231119786195,-0.562190076290293,1.251883476051093,0.717724816927189,0.042994835989419444,1.4041,1.2536134615075034,1.6690268967533601,0.10132503509521484,3.7105674743652344,1
pure_rrt_1773301630,pure_rrt,577,0.8476273062850288,0.02075292101519262,1.5179308303124752,0.973735871915842,-0.19750133334009856,1.2691,0.35419637488777483,0.44249494975091075,0.05113554000854492,3.708632469177246,1
pure_rrt_1773301630,pure_rrt,578,0.9729774280980578,-0.1978310120265675,1.2692140903409928,-0.647372304129376,-0.26866340179047504,1.2417,1.6221305457134068,2.3795650494942184,0.1010737419128418,3.9291112422943115,1
pure_rrt_1773301630,pure_rrt,579,-0.7498935713783919,-0.28183674309695345,1.356365901194728,0.10520932223411517,0.22190354452750682,1.2178,1.0020757182041504,2.4042392819345038,0.1015324592590332,4.210759878158569,1
pure_rrt_1773301630,pure_rrt,580,0.20571802499300407,0.2289097847238485,1.3316991617107337,-0.32848211642031233,-0.20085247212883384,1.3655,0.6864458355691112,2.197882634325088,0.15117788314819336,4.112855434417725,1
pure_rrt_1773301630,pure_rrt,581,-0.47154785153527345,-0.20650671594703796,1.4814363993841337,0.9258850070670919,0.23808085349746078,1.1342,1.5070002714875015,2.5074534778466933,0.10103225708007812,4.1092143058776855,1
pure_rrt_1773301630,pure_rrt,582,1.022658958713207,0.2481573604896896,1.250616293437254,0.759752541526606,0.569253142780375,1.4259,0.45049601928223193,0.5153066878278955,0.10158729553222656,3.209733247756958,1
pure_rrt_1773301630,pure_rrt,583,0.86792016857997,0.6365450162305246,1.5389243333679823,0.3883475157035128,-0.6727399858985535,1.4154,1.39981263286238,2.9236866951973015,0.15610098838806152,4.417432069778442,1
pure_rrt_1773301630,pure_rrt,584,0.2936051389386882,-0.7637920900177547,1.528895407256965,0.3237225877456864,0.2003745411388418,1.0433,1.0799663202653869,1.221633113262349,0.15262389183044434,3.4110310077667236,1
pure_rrt_1773301630,pure_rrt,585,0.25201627428089846,0.2622191147419931,1.1594781602407132,0.031260760749884264,-0.23592114810050058,1.4408,0.6132036331796155,0.7749722531617985,0.15218472480773926,2.1063385009765625,1
pure_rrt_1773301630,pure_rrt,586,-0.09372937811856152,-0.24479437328696133,1.5547585960972377,0.6158348907562847,-0.645435468931307,1.1219,0.9226924207981057,0.9190185129446964,0.10224294662475586,2.4068005084991455,1
pure_rrt_1773301630,pure_rrt,587,0.5626321451909447,-0.7265312931685401,1.2383572000824343,0.9935003604287094,0.17561881659728396,1.2324,0.9997788393867352,3.3064621382338175,0.1519324779510498,5.115092754364014,1
pure_rrt_1773301630,pure_rrt,588,1.0881331147211233,0.17574620244902722,1.3483425739551715,0.30363568817532327,-0.7290797531458806,1.3052,1.1983353052725678,3.511535871750245,0.10126519203186035,5.013891935348511,1
pure_rrt_1773301630,pure_rrt,589,0.2381740325332789,-0.8175160777873793,1.4186080817311024,0.34112061425943163,0.4574618674227583,1.1895,1.2994834637562223,2.980826278336347,0.05127239227294922,4.710784912109375,1
pure_rrt_1773301630,pure_rrt,590,0.4245381567690947,0.49433507078782285,1.3067393458303678,0.9156624550405383,-0.6517061578551653,1.0143,1.2806772993583673,1.467362942396659,0.15133976936340332,3.7126760482788086,1
pure_rrt_1773301630,pure_rrt,591,0.9152540290110663,-0.6523464718398461,1.0150003651879569,-0.8497974975313481,-0.16312492658462396,1.4255,1.8770334471906556,4.105402879397797,0.20123767852783203,5.712322950363159,1
pure_rrt_1773301630,pure_rrt,592,-0.9834100069650193,-0.16197782733907293,1.5400247042254631,0.27101017550787976,-0.6829025146475063,1.0909,1.4306101928856583,1.4144256499930672,0.05101943016052246,2.310281991958618,1
pure_rrt_1773301630,pure_rrt,593,0.22907545590750245,-0.7437440602902867,1.212896609756476,-0.19284230601179142,0.25888437189294156,1.1061,1.0930159590329236,1.2983979461599213,0.1014242172241211,3.913113594055176,1
pure_rrt_1773301630,pure_rrt,594,-0.2670099567154338,0.3152253391944179,1.2218198684334003,0.4995207824584045,-0.15227469966593643,1.3989,0.9151409910109305,2.527935775615823,0.1012413501739502,4.41178822517395,1
pure_rrt_1773301630,pure_rrt,595,0.6210081747509661,-0.20739967237248036,1.5125442021309998,-0.26588664542158247,0.34106560973117006,1.1702,1.0975409516071122,2.702610873589716,0.10208725929260254,4.408706426620483,1
pure_rrt_1773301630,pure_rrt,596,-0.3305994135180407,0.3935376909189491,1.2904206613836215,0.7570411446105278,0.4352906519466039,1.4402,1.098698841228642,1.6548517238628053,0.05127263069152832,3.2116527557373047,1
pure_rrt_1773301630,pure_rrt,597,0.894591828523969,0.4900660986849628,1.5570020163662543,-0.2410059660875028,0.05694107782031255,1.3506,1.2327941544254246,1.95123842097939,0.051648855209350586,3.509270429611206,1
pure_rrt_1773301630,pure_rrt,598,-0.36356004878450754,0.09439217831268484,1.4637242382718758,0.5254711797600604,0.20286849540819618,1.1381,0.9529820466557642,1.9646694230650523,0.10123491287231445,3.8094911575317383,1
pure_rrt_1773301630,pure_rrt,599,0.6152056084053655,0.20663703961123223,1.2550567607744076,-0.0196908511679047,-0.5470756460314574,1.0051,1.0166881080912786,2.790085848167078,0.10133957862854004,4.810045480728149,1
pure_rrt_1773301630,pure_rrt,600,-0.07012810134675751,-0.5922443760099754,1.1302812074499113,-0.5668607810033723,-0.7080347778894983,1.474,0.615055591437354,0.78066391159114,0.10141134262084961,2.710449457168579,1
pure_rrt_1773301630,pure_rrt,601,-0.6571570492832306,-0.8097069015656061,1.5874880954338506,-0.19792254183587987,-0.6444678647233275,1.0428,0.7313585942848626,0.6092469972712921,0.1015312671661377,3.1137328147888184,1
pure_rrt_1773301630,pure_rrt,602,-0.23811387468250322,-0.7038440312006607,1.1661955464421587,0.4690531079547886,0.08934068874799661,1.36,1.080179294150381,1.5176561314688395,0.15279078483581543,4.017212152481079,1
pure_rrt_1773301630,pure_rrt,603,0.5696513955741288,0.07976448106538081,1.4743818655154988,1.085287284920383,-0.11920177247653807,1.2443,0.5986698633383024,0.6693061034548183,0.10526418685913086,2.5077953338623047,1
pure_rrt_1773301630,pure_rrt,604,1.1835825731389402,-0.15984102574842218,1.3581246323444836,0.08943878472492639,-0.7051645468993544,1.3791,1.2226889786424453,1.2792007323408332,0.10258054733276367,2.308199167251587,1
pure_rrt_1773301630,pure_rrt,605,0.12251690390107955,-0.8288905051569158,1.492942226984524,-0.11150229486214391,-0.6894194787220714,1.3453,0.30986348573770334,0.42352663419944625,0.10184001922607422,3.3076624870300293,1
pure_rrt_1773301630,pure_rrt,606,-0.18815178463464333,-0.7668520503467444,1.4584418359218618,-0.5558305759299493,-0.7109142196450725,1.323,0.3958045292690202,0.44008546711100577,0.05235648155212402,2.107313871383667,1
pure_rrt_1773301630,pure_rrt,607,-0.6269326949375973,-0.7929781863321754,1.4368506303492496,-0.29971686195019875,0.4937142934646447,1.2454,1.3413802901431242,1.5593155061592652,0.10222005844116211,2.8120946884155273,1
pure_rrt_1773301630,pure_rrt,608,-0.359684173406721,0.5652779546931641,1.3619286974705493,-0.2507179661580867,0.477666645752128,1.3965,0.14402968699228916,0.20223525936476278,0.05116748809814453,2.1111032962799072,1
pure_rrt_1773301630,pure_rrt,609,-0.3164802701961603,0.6428324166232189,1.5246879037565597,1.0773140894831401,-0.34673092843704334,1.0465,1.774982254068975,2.9118748730351824,0.10178756713867188,4.511042356491089,1
pure_rrt_1773301630,pure_rrt,610,1.1314304689288643,-0.40744894772724055,1.1672273911417599,-0.10891540481141992,-0.27530811875430916,1.1108,1.2486405149831026,1.6364584761715693,0.05098557472229004,3.2079968452453613,1
pure_rrt_1773301630,pure_rrt,611,-0.1955370500739465,-0.2891415912255333,1.2273689260922267,0.22445616397957813,0.0013024122513455305,1.3459,0.5242152558714951,1.6672420392646423,0.052295684814453125,3.8118460178375244,1
pure_rrt_1773301630,pure_rrt,612,0.3705170004690832,-0.03727140537581486,1.4634787597169585,-4.524368077551966e-05,-0.32759411539104755,1.1531,0.5638604678671896,0.5041362330602303,0.10114359855651855,3.410616159439087,1
pure_rrt_1773301630,pure_rrt,613,0.06837681370199544,-0.3844902191367045,1.2700682572039304,-0.7587424920815327,-0.27247647708110384,1.2908,0.8349270803899503,1.5433349838050163,0.050922393798828125,3.4106671810150146,1
pure_rrt_1773301630,pure_rrt,614,-0.8824319110530311,-0.28991267201078647,1.4045570688804419,0.232378893627587,-0.26584134837208256,1.2366,1.1276489417550464,1.7790986456277131,0.1012718677520752,3.5095598697662354,1
pure_rrt_1773301630,pure_rrt,615,0.32429506622274207,-0.32809996311010425,1.3509396704863066,0.007094710918766123,0.11744595763254173,1.2655,0.5535586420499542,0.4902518971547995,0.10126233100891113,2.205963373184204,1
pure_rrt_1773301630,pure_rrt,616,0.11336409691211535,0.11042716095221898,1.3793875082119404,1.0968075067992018,0.4665524831926259,1.2128,1.0591211373036782,1.122788177557034,0.05128288269042969,4.410130023956299,1
pure_rrt_1773301630,pure_rrt,617,1.096223982020891,0.4662330358928117,1.212200932178411,0.3571490710123255,-0.46639716385197666,1.373,1.2007860566190027,1.418040644660423,0.1012425422668457,3.3141558170318604,1
pure_rrt_1773301630,pure_rrt,618,0.4353973588257668,-0.5495781028013803,1.4858633153447667,0.06953224629889043,0.0031157783578292797,1.1654,0.7362231613559124,0.6339185669047221,0.2022697925567627,2.2134053707122803,1
pure_rrt_1773301630,pure_rrt,619,0.17287467122563271,-0.023449051365030074,1.2791272460055463,0.9295390388776137,0.2492248055164148,1.3514,0.8075365926512047,5.1286853530542,0.20310759544372559,6.923775672912598,1
pure_rrt_1773301630,pure_rrt,620,1.0533292311921507,0.26161341523207693,1.4650932042253735,-0.6140470545418966,0.34316045733369205,1.1355,1.701594921999751,2.130337201305737,0.15229082107543945,3.9143548011779785,1
pure_rrt_1773301630,pure_rrt,621,-0.6832021924048521,0.41287395649111325,1.2505777317909121,-0.32642867972581047,0.4621224583189917,1.1257,0.3811918180901524,0.8893038297611079,0.201613187789917,3.110562801361084,1
pure_rrt_1773301630,pure_rrt,622,-0.2463961929492241,0.5006050486977691,1.2433101546106067,0.04402304923960998,0.6048766575955294,1.0603,0.35875983797836447,0.3850027029244813,0.10197758674621582,3.1091761589050293,1
pure_rrt_1773301630,pure_rrt,623,0.0969769376223042,0.661786842596522,1.181807521374314,0.2938658768642759,-0.227296706518467,1.0963,0.9146290766831725,1.3757729025447216,0.10136604309082031,3.511941909790039,1
pure_rrt_1773301630,pure_rrt,624,0.17946486715386545,-0.24047730485576613,1.209585483614765,0.6368840153105959,-0.21189334362515966,1.0598,0.4821669949734954,1.1135614242694591,0.05106639862060547,3.507559061050415,1
pure_rrt_1773301630,pure_rrt,625,0.7067009893696924,-0.26029012237158,1.1785803148581226,0.2711670359400662,0.4463029980881349,1.2679,0.8348303232543012,2.435965612049818,0.15268540382385254,4.410959959030151,1
pure_rrt_1773301630,pure_rrt,626,0.19321802035172098,0.5482814453165246,1.3815847404438184,0.7671425036146926,0.30746118985558224,1.3811,0.6224017536143679,1.2458801483405928,0.05171084403991699,3.110191583633423,1
pure_rrt_1773301630,pure_rrt,627,0.8889236687800349,0.3286188441916261,1.4943403314904586,-0.4756595102227057,-0.5928709750345802,1.0926,1.6948823066221548,3.2916357864225994,0.2514643669128418,4.712341547012329,1
pure_rrt_1773301630,pure_rrt,628,-0.5329227645140703,-0.6460303706535518,1.212596251816493,0.8056922690383939,0.4841059419385002,1.1082,1.7549919858749095,2.785483107130483,0.05109238624572754,4.413252115249634,1
pure_rrt_1773301630,pure_rrt,629,0.8847259794149585,0.5301515663610747,1.2257737823465074,0.015568367742194722,-0.0416657601081849,1.2421,1.0405174453905248,1.7002285174624938,0.10120511054992676,4.315022230148315,1
pure_rrt_1773301630,pure_rrt,630,-0.07241181879364755,-0.02733179300074455,1.3595980544395008,-0.8351119008402077,-0.08781707453131926,1.3623,0.7650994608189673,0.9037541905992279,0.1517939567565918,2.909188985824585,1
pure_rrt_1773301630,pure_rrt,631,-0.9674145155211266,-0.0733339917895808,1.4761060138670894,0.499599279306548,-0.5582861321932405,1.4883,1.5451397173053947,1.4874416898191145,0.1540069580078125,3.7193233966827393,1
pure_rrt_1773301630,pure_rrt,632,0.36418273179205785,-0.6885648852645497,1.6222359408797071,0.7213945456207789,-0.35998393530240413,1.2623,0.6042512740191707,0.8849098454499346,0.10295939445495605,3.013594150543213,1
pure_rrt_1773301630,pure_rrt,633,0.8002750012799063,-0.4265011207260806,1.375558749703342,-0.8554329689051047,0.6280058557070382,1.1415,1.9769009444564942,3.8346439067729943,1.057654619216919,8.21773386001587,1
pure_rrt_1773301630,pure_rrt,634,-0.9298358884973918,0.6903533177759111,1.4921906331415746,-0.28906435644184514,-0.7233308084854596,1.0503,1.6138024342509987,6.773038427833305,0.4532046318054199,13.52791714668274,1
pure_rrt_1773301630,pure_rrt,635,-0.3047798052046975,-0.7845815849823166,1.1781007411910727,0.5946236935318749,-0.5467237052486478,1.0971,0.9338437474034333,0.9589468165129558,0.10117053985595703,2.3063511848449707,1
pure_rrt_1773301630,pure_rrt,636,0.6309620303129575,-0.6161538176969764,1.2171838771997305,0.4322273020580487,0.30964329166113547,1.1137,0.9525254289260089,1.9240896308821778,0.5527026653289795,4.111904144287109,1
pure_rrt_1773301630,pure_rrt,637,0.37034533002207454,0.4109767857852147,1.226913297990989,-0.6973854569120961,-0.07299938951725227,1.0897,1.1803005806882547,1.2496528249486223,0.10115861892700195,3.109931230545044,1
pure_rrt_1773301630,pure_rrt,638,-0.7711227612203374,-0.06193910495286095,1.211466110442625,-0.06611493855300599,-0.652302474151308,1.0071,0.9419821892217074,1.1128367112233868,0.1010735034942627,3.510782241821289,1
pure_rrt_1773301630,pure_rrt,639,-0.0728658614266893,-0.7177270517383052,1.1337731574325942,0.7289221862382782,0.559123347675183,1.2671,1.513600694638377,3.3209825796370307,0.1015324592590332,5.010514974594116,1
pure_rrt_1773301630,pure_rrt,640,0.8248223749914549,0.6245547498826338,1.3794761255493198,0.16274681988542894,-0.33139675849137723,1.1372,1.187806822695799,2.0574725535089557,0.1013336181640625,3.8175151348114014,1
pure_rrt_1773301630,pure_rrt,641,0.07891462379162995,-0.35010432744617487,1.2562372199371326,0.7017298091806639,0.2285368197644434,1.4871,0.8809210836475383,2.5969734011671073,0.31058740615844727,4.754378080368042,1
pure_rrt_1773301630,pure_rrt,642,0.8395505856245902,0.23896402347105672,1.6008954817777628,-0.0745051538221132,-0.3372708611781259,1.2767,1.128116681689989,2.703644432140246,0.15656185150146484,4.318904399871826,1
pure_rrt_1773301630,pure_rrt,643,-0.18337333987480453,-0.36118785034220613,1.3910877185017676,0.7195027972144252,0.5337593456901674,1.3487,1.2719719027129341,2.310419748863898,0.15243840217590332,3.916229724884033,1
pure_rrt_1773301630,pure_rrt,644,0.8219067132135535,0.5920383904866723,1.4632322014083732,-0.2357955201266979,-0.08837558076363028,1.0631,1.319773831112541,1.9759212919893583,0.10203766822814941,3.5092217922210693,1
pure_rrt_1773301630,pure_rrt,645,-0.3170587783083735,-0.07823988728883982,1.1826059113809184,1.0673405702764713,0.08619951396360237,1.4342,1.4166514950666131,2.576263146177839,0.10131072998046875,4.209742307662964,1
pure_rrt_1773301630,pure_rrt,646,1.2178675382888198,0.06873417021772404,1.5513147070578523,-0.6293712152816018,0.4780175762846578,1.2454,1.916608391708762,3.653002244714551,0.10112690925598145,4.8600993156433105,1
pure_rrt_1773301630,pure_rrt,647,-0.6878699814600678,0.5455656139945653,1.3619582451820151,0.288184010714875,0.11545302747263908,1.4364,1.069214575090335,3.3663041809456677,0.1511378288269043,4.914916038513184,1
pure_rrt_1773301630,pure_rrt,648,0.43277175243550414,0.10493998789542142,1.5521608408556347,-0.39349140961462037,0.2379709170640545,1.287,0.8779056399179854,2.8711447423340495,0.05078268051147461,4.811423063278198,1
pure_rrt_1773301630,pure_rrt,649,-0.49498113553306033,0.30028364962888787,1.3995957502976553,0.22205691740243627,-0.02828656796502782,1.2347,0.805786923270332,0.6526410367703943,0.1013181209564209,2.1053481101989746,1
pure_rrt_1773301630,pure_rrt,650,0.08451173180293226,0.006276628756018449,1.3502103396386191,-0.3350666079546122,-0.060540489048141355,1.2202,0.44431205119634276,0.5189967276703134,0.05089545249938965,3.708066463470459,1
pure_rrt_1773301630,pure_rrt,651,-0.33406329064822293,-0.06107479919143786,1.220155981348948,0.37478335523942197,-0.6683477841533301,1.0922,0.9421341617910175,2.0356913201201667,0.05091714859008789,4.810160160064697,1
pure_rrt_1773301630,pure_rrt,652,0.37441110250378734,-0.6689962079624705,1.0928945355447355,-0.8727330384651101,-0.040708562688046235,1.0257,1.3980804623356278,1.76575191446755,0.20142722129821777,6.112832069396973,1
pure_rrt_1773301630,pure_rrt,653,-0.9414114603571562,-0.026185792109728503,1.1495113249992004,0.5282273981372294,-0.6568644598915563,1.4705,1.6311430611293758,2.0505022166244706,0.10118794441223145,3.4089252948760986,1
pure_rrt_1773301630,pure_rrt,654,0.5785294189777239,-0.7916388778527503,1.5862997241926369,-0.38379509124182976,0.2750021731529463,1.2389,1.477998025380603,2.1823031493300644,0.10108494758605957,3.8130176067352295,1
pure_rrt_1773301630,pure_rrt,655,-0.47811755142887036,0.34356512800543054,1.3528676741609222,-0.159016372937552,-0.37147962450766187,1.4111,0.7851786828382991,0.8130482922010269,0.10104227066040039,2.0051348209381104,1
pure_rrt_1773301630,pure_rrt,656,-0.27119461002177847,-0.40015636447681335,1.5241266853251176,0.6906641590600464,0.48243232696994964,1.2004,1.3449661916646458,2.4033997528059605,0.10113024711608887,4.015707492828369,1
pure_rrt_1773301630,pure_rrt,657,0.774862966947095,0.5225695044282527,1.3165803930706048,-0.12515561704495182,0.5816437442574088,1.037,0.9442925465828668,0.8711495395770495,0.15496587753295898,2.7090277671813965,1
pure_rrt_1773301630,pure_rrt,658,-0.0756379150293418,0.6264067136194482,1.1632421194574945,0.10573942818563264,-0.21037054130394084,1.3147,0.8695018140103407,3.897188863532061,0.572845458984375,6.732037544250488,1
pure_rrt_1773301630,pure_rrt,659,0.21797279247261747,-0.27459461832511917,1.4281001568321527,-0.8643519995530874,-0.5136064560613489,1.0268,1.1788110238223282,1.4581311876611585,0.10182952880859375,3.007786750793457,1
pure_rrt_1773301630,pure_rrt,660,-0.9259366982512574,-0.5630336911287017,1.1470192562331243,1.0417061551650382,0.302665923804576,1.0746,2.1508832535889075,3.168394589715956,0.15184783935546875,4.6105055809021,1
pure_rrt_1773301630,pure_rrt,661,1.1119788444457785,0.31596539220831776,1.1977163985754493,-0.2822605224766237,-0.5982285968273232,1.2814,1.6693283101332888,3.115788597433606,0.10125255584716797,4.609885215759277,1
pure_rrt_1773301630,pure_rrt,662,-0.37382724952795365,-0.670992519739144,1.394376387183459,-0.7774953234364869,-0.24829065985205573,1.1519,0.6327871479309384,0.665036957091906,0.051143646240234375,1.704206943511963,1
pure_rrt_1773301630,pure_rrt,663,-0.875541519659122,-0.2588754014888279,1.2680372301275216,-0.015330852408945383,-0.11412074251113002,1.497,0.9018537871154177,0.8135967394047692,0.10142922401428223,2.910201072692871,1
pure_rrt_1773301630,pure_rrt,664,-0.15431325376877225,-0.1044880974264488,1.611337820901205,-0.14003012663341596,-0.6710642022624129,1.0592,0.7912450085538545,0.8147106924725498,0.10158562660217285,2.5110034942626953,1
pure_rrt_1773301630,pure_rrt,665,-0.17732965195442585,-0.7302116320313474,1.1822661838139585,0.756560535670151,0.4253781535387363,1.3822,1.499170492609194,3.302777787758927,0.10145187377929688,4.809683084487915,1
pure_rrt_1773301630,pure_rrt,666,0.8758382544992694,0.46944201149364806,1.4958604415984813,0.06306253585102972,0.4663353579041206,1.3032,0.8353035770769869,0.7029277041186932,0.051709651947021484,2.3056411743164062,1
pure_rrt_1773301630,pure_rrt,667,0.17952751691380064,0.5214005689577161,1.4160033227262199,0.3315647063048961,-0.33725576981630173,1.3954,0.8722559899376475,4.03592026956358,0.10127854347229004,6.714923620223999,1
pure_rrt_1773301630,pure_rrt,668,0.4284562379029435,-0.4094963230218535,1.508588414817307,0.5909001620182794,-0.30932802966915707,1.1128,0.4393975247754333,0.367382271352556,0.10110664367675781,2.609466552734375,1
pure_rrt_1773301630,pure_rrt,669,0.6606952317691853,-0.3722158279328309,1.2285534825803885,0.5405760426661483,-0.469278212295571,1.2613,0.1578672241222489,0.3276587389569081,0.0513913631439209,1.8043620586395264,1
pure_rrt_1773301630,pure_rrt,670,0.5667361972966927,-0.6259697295378137,1.3816405646286007,-0.14404817226730493,-0.6631816578415994,1.2253,0.7287259565659544,0.698184231907948,0.05098843574523926,2.706021547317505,1
pure_rrt_1773301630,pure_rrt,671,-0.11507740911323339,-0.7634138358213174,1.3404853608997827,-0.3426313147251605,0.40494983016977526,1.2214,1.1962590685750387,1.9560792371666647,0.10113167762756348,3.710256338119507,1
pure_rrt_1773301630,pure_rrt,672,-0.4168369552046731,0.4803361295577714,1.3365496882283663,-0.20438112630365834,-0.7164438351192162,1.4301,1.219086307001616,1.4838500918839699,0.050971031188964844,2.810279130935669,1
pure_rrt_1773301630,pure_rrt,673,-0.28645734225829633,-0.8123298632532949,1.542548474025293,0.1038576063748392,-0.18750588727180983,1.495,0.7382490213132238,1.138752552622074,0.05158519744873047,2.912841558456421,1
pure_rrt_1773301630,pure_rrt,674,0.21951564550917502,-0.2411770840273481,1.6090810200676797,-0.8533309865246298,-0.10533325091088563,1.1527,1.1737704538537623,2.173323960707873,0.10177755355834961,3.8208911418914795,1
pure_rrt_1773301630,pure_rrt,675,-0.9387399641447417,-0.09803407123713972,1.270672095551563,0.46988877410364527,-0.31449905922220245,1.3105,1.4257202654151235,2.125357653403902,0.20264911651611328,3.619382381439209,1
pure_rrt_1773301630,pure_rrt,676,0.5690731572542107,-0.3935742523284941,1.4235245155956513,0.16020876645050341,0.5980429931856396,1.3048,1.0791526130588511,2.835645590198598,0.10265779495239258,4.517482280731201,1
pure_rrt_1773301630,pure_rrt,677,0.10685845102299696,0.6933959175895585,1.4178977726588613,0.6534535757025641,0.3660317083393486,1.37,0.6389270321775147,1.0845956374281114,0.10168838500976562,3.8140392303466797,1
pure_rrt_1773301630,pure_rrt,678,0.7854123214248447,0.4021192852632308,1.4844746092235594,-0.8382112158073415,-0.3399939687875041,1.4738,1.7852169111271052,3.1077897788464472,0.20708155632019043,5.623423337936401,1
pure_rrt_1773301630,pure_rrt,679,-1.0012549343787116,-0.3811999183106932,1.5971501129920374,-0.18307453434045307,-0.23223020879870215,1.1039,0.966905794441997,0.8373754689814858,0.10107231140136719,2.5089006423950195,1
pure_rrt_1773301630,pure_rrt,680,-0.26694514507317224,-0.23962658934590378,1.2225079365228435,0.40828122592637817,0.5955431658036748,1.1055,1.0803379236235129,1.1717062917108,0.05186772346496582,2.409104824066162,1
pure_rrt_1773301630,pure_rrt,681,0.3787955313637261,0.6696845310491516,1.2249069956699263,0.9079471184655314,0.33311461987231217,1.3302,0.6358988315784186,1.0378064584687516,0.10110211372375488,4.5123960971832275,1
pure_rrt_1773301630,pure_rrt,682,1.0334656473710444,0.36130984645376957,1.4441595810789853,-0.08415350936417543,-0.3267937885831933,1.0785,1.362448575648815,2.9849423464160454,0.45178699493408203,9.119393348693848,1
pure_rrt_1773301630,pure_rrt,683,0.022970385594449305,-0.3503658749471249,1.4317952417125523,-0.3842315954735552,-0.07787810621818292,1.0869,0.5991792430054171,2.081603257999058,1.153538465499878,8.716669797897339,1
pure_rrt_1773301630,pure_rrt,684,-0.49141547998670987,-0.056440893020805606,1.2009803050699408,-0.7583523011957277,0.5730031865577921,1.0375,0.7029800324187623,0.8670460322250219,0.1511068344116211,3.3119990825653076,1
pure_rrt_1773301630,pure_rrt,685,-0.7157258658656044,0.6498918515337772,1.1555176909848304,1.0918119009002851,0.005118725267561297,1.0013,1.9252813453760003,0.0,0.051260948181152344,0.0,0
pure_rrt_1773301630,pure_rrt,686,-0.7157246659945833,0.6498889519843205,1.1555148620926006,-0.14822075694596204,-0.4333261377587037,1.2253,1.2248614545756629,1.7059666328360799,0.10112738609313965,3.7652437686920166,1
pure_rrt_1773301630,pure_rrt,687,-0.2667246813222309,-0.5267309783885474,1.342194039670718,0.36062383758380534,0.3305362297967972,1.2969,1.063261388574411,1.1917659666014007,0.1526503562927246,2.7095906734466553,1
pure_rrt_1773301630,pure_rrt,688,0.26298372184121754,0.4614589551016771,1.4186966557729526,0.7346473120081394,0.13080176764296303,1.1456,0.6374813732977833,2.8382821127617714,0.35600948333740234,5.02214789390564,1
pure_rrt_1773301630,pure_rrt,689,0.8273183887694623,0.12540470329505987,1.2615460633526365,-0.35786833114070526,-0.26870590552895474,1.1157,1.2574823287961223,2.2072030043271376,0.1031341552734375,4.009602308273315,1
pure_rrt_1773301630,pure_rrt,690,-0.43878532343594223,-0.2793665062523114,1.236459073894081,0.05851674748903035,0.4800539227821242,1.3535,0.915274448547999,0.999906839369055,0.10097670555114746,2.109125852584839,1
pure_rrt_1773301630,pure_rrt,691,-0.015491549343077615,0.5628557620277099,1.4672013888265272,-0.5810453662390808,-0.7322256542793862,1.3515,1.4179117765383074,1.6704461731748075,0.05118584632873535,3.1108696460723877,1
pure_rrt_1773301630,pure_rrt,692,-0.651034502945788,-0.8317068718638849,1.464983905425588,-0.6068672455116899,0.5732014823320027,1.227,1.42560673734388,1.778512899544709,0.10112619400024414,3.1093943119049072,1
pure_rrt_1773301630,pure_rrt,693,-0.6558787222345415,0.6569581231920126,1.3431602103293931,0.11919627802863031,0.19079833717803818,1.3437,0.9044592271089055,0.7723879420986256,0.051080942153930664,2.9087159633636475,1
pure_rrt_1773301630,pure_rrt,694,-0.004200420559773654,0.2592157708230115,1.4591901912058969,0.7264056029320753,-0.11142046806674344,1.462,0.8192461645722701,2.311331350294085,0.15161633491516113,4.210261583328247,1
pure_rrt_1773301630,pure_rrt,695,0.8944889406439314,-0.19768420615102605,1.5971017453056517,-0.7859903136815638,-0.5152598025271058,1.3939,1.7222530978132273,2.1744465762473704,0.10109233856201172,3.3129944801330566,1
pure_rrt_1773301630,pure_rrt,696,-0.9009158068220442,-0.5749039474916199,1.507847155663066,-0.7739415651965167,0.4161746384072059,1.3125,1.0180961313595314,1.1395192806223715,0.10104584693908691,4.814854145050049,1
pure_rrt_1773301630,pure_rrt,697,-0.8517123476739145,0.48869453799172813,1.427183369559165,0.8192017148186501,-0.4105234229443796,1.3306,1.8999671293948484,2.9945822926289063,0.10112643241882324,4.209267854690552,1
pure_rrt_1773301630,pure_rrt,698,0.8990183393488291,-0.4860545238466462,1.4449922478508916,1.0127338841371516,0.6238817099092168,1.4668,1.115959338947639,4.500713055886266,0.10130143165588379,5.811608076095581,1
pure_rrt_1773301630,pure_rrt,699,1.122140893943473,0.7135574334531163,1.5820650515410704,0.25582784310199935,-0.3863895899160518,1.2126,1.448062906294889,2.3597516235663067,0.10103631019592285,3.810277223587036,1
pure_rrt_1773301630,pure_rrt,700,0.1424048449812576,-0.42621108168677535,1.3256968345607314,-0.7281523440624563,0.11209964558409624,1.2723,1.0249387691134009,1.1433503772369036,0.05123615264892578,2.8098397254943848,1
pure_rrt_1773301630,pure_rrt,701,-0.8344725773768246,0.1545216303300899,1.385352719914644,0.6979235204835756,0.5044529426531971,1.3238,1.573047507677643,2.078539875592703,0.05110359191894531,3.3098039627075195,1
pure_rrt_1773301630,pure_rrt,702,0.807459909016495,0.5643757747512508,1.438079708069715,0.16053300394595738,0.5998210655803261,1.4542,0.6480977186798451,0.5639418103522731,0.05146193504333496,2.2055821418762207,1
pure_rrt_1773301630,pure_rrt,703,0.27105240709377965,0.6791916105365303,1.568756148608523,0.07221601101951647,0.2439870349611335,1.4133,0.503095964151729,0.4335249987238293,0.05122232437133789,3.4107675552368164,1
pure_rrt_1773301630,pure_rrt,704,0.20705374711518665,0.256916551986282,1.5275190045576237,0.4482021494703994,-0.5194505520070305,1.0357,0.9501496541942676,5.536714739014145,0.5020205974578857,11.027965068817139,1
pure_rrt_1773301630,pure_rrt,705,0.545802648170949,-0.5782949891160056,1.387897939721766,0.11581120711023685,-0.7263703175496284,1.083,0.5475232377924893,0.5736303241819456,0.15239429473876953,2.609253168106079,1
pure_rrt_1773301630,pure_rrt,706,0.11053542390519566,-0.8285768961038045,1.4343422137526907,0.9627166436317918,-0.42879810482464153,1.1538,0.9822117118567656,1.0723347802143055,0.15204524993896484,4.315337419509888,1
pure_rrt_1773301630,pure_rrt,707,1.0403854798760332,-0.45882501375511286,1.5009594153617245,-0.23545008049477467,0.42220983111243904,1.3745,1.5556255200758033,4.500652211331909,21.568647146224976,13.228124856948853,1
pure_rrt_1773301630,pure_rrt,708,-0.3262610270327737,0.5149970015271912,1.4882478931536658,-0.02331259440488853,-0.7029207447514066,1.2846,1.2714455764671795,1.5027828913347838,0.05121731758117676,2.911076068878174,1
pure_rrt_1773301630,pure_rrt,709,-0.0942384671982131,-0.7880012316958364,1.398246726361441,-0.6381278000284636,-0.34607209393880634,1.1443,0.745389769848567,0.7733080033640571,0.05106306076049805,3.107243537902832,1
pure_rrt_1773301630,pure_rrt,710,-0.7210408479742249,-0.36708265844642035,1.2619406037391434,1.0956314405683147,-0.6812918751800238,1.0622,1.8544330520730077,1.957678388890178,0.1015012264251709,3.7080235481262207,1
pure_rrt_1773301630,pure_rrt,711,1.0949135351069064,-0.6817641054063837,1.0627632451808608,-0.09514787489317056,0.2933600733788092,1.3443,1.5640895971577078,2.1812006569790836,0.10129547119140625,3.9101319313049316,1
pure_rrt_1773301630,pure_rrt,712,-0.19815244504359408,0.36542272127172215,1.4581911286947469,0.2708569655279518,-0.2523155271211091,1.3499,0.7831330278350509,0.7301793445426669,0.05144786834716797,2.310051441192627,1
pure_rrt_1773301630,pure_rrt,713,0.10342687449195065,-0.27604723289459127,1.4735196692173518,0.24499472514803222,-0.25031319386482426,1.4713,0.14390491317395193,0.13989148263482515,0.051537513732910156,1.1035163402557373,1
pure_rrt_1773301630,pure_rrt,714,0.05860057479014413,-0.2744851700338161,1.6057591029185687,-0.49326278155357534,0.5186605050920506,1.2502,1.0295899677609914,1.1411878158370015,0.05130743980407715,3.511500120162964,1
pure_rrt_1773301630,pure_rrt,715,-0.5547666310563205,0.6189391820598902,1.3631839182667211,-0.4352697841673163,-0.6895102303905329,1.2469,1.3190304435477345,2.192053791663295,0.10112309455871582,3.908818244934082,1
pure_rrt_1773301630,pure_rrt,716,-0.411797258115575,-0.7926829529730828,1.3604247129736429,0.8449388426308926,-0.35487420577556533,1.0402,1.3687972796733443,1.3753651047727224,0.1012110710144043,4.409907341003418,1
pure_rrt_1773301630,pure_rrt,717,0.8891679020140844,-0.39805719561154407,1.1686208967871181,-0.007630675878305571,0.054042058835830686,1.0199,1.0152631827870298,0.9401270675603083,0.10120248794555664,2.9092113971710205,1
pure_rrt_1773301630,pure_rrt,718,0.05897455850665356,0.041388012423295165,1.1461681720582277,-0.31309279724180683,-0.2579087619411845,1.216,0.4825859100225813,0.5141362043814929,0.10133957862854004,2.706096887588501,1
pure_rrt_1773301630,pure_rrt,719,-0.21135301528774386,-0.34563666541827553,1.3295108789363541,0.8960504068781925,-0.1666784563026511,1.1612,1.1343266425518828,1.5464181940165258,0.15138912200927734,5.511615514755249,1
pure_rrt_1773301630,pure_rrt,720,0.89507387457567,-0.1673154585289427,1.1614838266439953,0.1131239869535745,-0.4617695301552918,1.1252,0.8363404469027398,1.9327922068261258,0.30237770080566406,5.615601062774658,1
pure_rrt_1773301630,pure_rrt,721,0.16298179302522653,-0.5313321249408615,1.2441362972236432,-0.21583876644882194,0.431811497025791,1.0457,1.0538157414230929,2.196317168308994,0.602318286895752,4.4169347286224365,1
pure_rrt_1773301630,pure_rrt,722,-0.2601177117362813,0.5014306287433608,1.1654531463608395,-0.736226951441398,0.5496379311712704,1.481,0.5732135457066014,0.7271938825688502,0.2529010772705078,3.009589672088623,1
pure_rrt_1773301630,pure_rrt,723,-0.8162035420303911,0.6644628318831891,1.595196116667032,0.7341613475576942,0.4054248249490492,1.418,1.5818123920572138,1.905364987174064,0.2033674716949463,3.4108726978302,1
pure_rrt_1773301630,pure_rrt,724,0.8606353274850943,0.4474196290929927,1.5327407461861473,0.6553654210184392,0.15649004375382158,1.2876,0.43228433185480186,3.5537511264290496,1.1047372817993164,10.223387002944946,1
pure_rrt_1773301630,pure_rrt,725,0.7189426266042755,0.18312310185009797,1.6280647502126313,0.19548540352276933,-0.3548828861676149,1.4754,0.766005504873563,1.3335852452949248,0.2514214515686035,5.711605548858643,1
pure_rrt_1773301630,pure_rrt,726,0.23351888117789732,-0.36471961824599736,1.798359887763496,-0.6195679999771684,0.30886123520879283,1.4998,1.127211781131262,3.5705657806947424,0.1013040542602539,6.414347410202026,1
pure_rrt_1773301630,pure_rrt,727,-0.6585656718097956,0.31631659974182547,1.8213408029358522,0.16261517891163635,-0.667932306918664,1.3361,1.3705993348487275,3.6416901148047818,0.10158467292785645,5.51148247718811,1
pure_rrt_1773301630,pure_rrt,728,0.2136110306556317,-0.7132135717013274,1.6784339649292082,-0.2700781376808913,-0.3253829881615924,1.1348,0.8245639216698122,1.0359251912464784,0.15134143829345703,2.9098970890045166,1
pure_rrt_1773301630,pure_rrt,729,-0.3491350088823758,-0.38561088768130597,1.487130153383801,0.5725613818824087,0.5854457167242183,1.0201,1.417953571129222,3.055647306437792,0.1014413833618164,4.711887836456299,1
pure_rrt_1773301630,pure_rrt,730,0.6151014229465452,0.690989659514548,1.372624657425284,0.5974385200321732,0.422736470870381,1.3781,0.26888981150916835,0.4240467572535152,0.15195584297180176,2.805342197418213,1
pure_rrt_1773301630,pure_rrt,731,0.6504051663127043,0.46909463695711096,1.7212078090141074,-0.2282650443663523,0.23614171167735676,1.2353,1.0307447809191481,0.8820948880813498,0.1010584831237793,2.6090142726898193,1
pure_rrt_1773301630,pure_rrt,732,-0.1911588558586793,0.26109333337641955,1.56153708047107,-0.13779492183130937,0.4962658303333324,1.3258,0.3372325368182174,0.3100776965951453,0.10102105140686035,2.609539747238159,1
pure_rrt_1773301630,pure_rrt,733,-0.10239935540383771,0.5388300196363031,1.6590748318774353,0.6219200506898841,-0.2027497937876348,1.458,1.0559404858875254,2.8727719090404538,1.0554699897766113,8.31532621383667,1
pure_rrt_1773301630,pure_rrt,734,0.7619158983895981,-0.2842385758643069,1.5786618253621403,-0.7175005720594603,0.005138821808710725,1.0907,1.5844617743355973,2.42814988630602,0.10170793533325195,3.910327911376953,1
pure_rrt_1773301630,pure_rrt,735,-0.7861201521755039,0.02159893596321434,1.2146045440770015,0.6742120639374543,0.05910380042638941,1.2927,1.4628997561390207,2.6703943957220115,0.10123991966247559,4.208778381347656,1
pure_rrt_1773301630,pure_rrt,736,0.7950238784413436,0.040549459069258456,1.4065998584610622,-0.34712359536506443,0.08353503015795838,1.3174,1.1464315182310953,2.6616423871280355,0.10117936134338379,4.314844608306885,1
pure_rrt_1773301630,pure_rrt,737,-0.46203295455825977,0.12254040639295409,1.4300516516898316,0.6313484699584673,-0.602143065372664,1.2459,1.3245983936833796,1.3931401195236421,0.10251832008361816,3.3106768131256104,1
pure_rrt_1773301630,pure_rrt,738,0.5530336026724638,-0.7180611433555406,1.3606836190527412,-0.14108551343279763,0.5388387611707296,1.0456,1.4699919742421281,1.7653920366946962,0.20252680778503418,3.815394878387451,1
pure_rrt_1773301630,pure_rrt,739,-0.1703839440413265,0.5969681383150172,1.1722140250522113,0.5427953920267652,-0.10860201840077433,1.174,1.0032234054032954,2.897110306529271,0.15230536460876465,4.918501853942871,1
pure_rrt_1773301630,pure_rrt,740,0.6350289788599602,-0.14710723858118407,1.2887161854810096,0.5718404642018282,0.4409633018038125,1.1667,0.60391033968027,2.111409551678953,1.3068232536315918,11.32440733909607,1
pure_rrt_1773301630,pure_rrt,741,0.6308101712949592,0.5040215082253786,1.5148268251271408,-0.48603312494023276,-0.26850015761552404,1.3351,1.3698286039535654,2.9108874330265877,0.10158133506774902,4.810778856277466,1
pure_rrt_1773301630,pure_rrt,742,-0.5530663371778777,-0.30803273783479784,1.6798835538932098,0.8246567774683911,0.22040738982501695,1.4289,1.4967841171914547,5.917140286501177,0.2540743350982666,8.816717863082886,1
pure_rrt_1773301630,pure_rrt,743,0.8432587530074984,0.23229917010233947,1.731823860217885,1.0041337022090848,-0.06114047353963514,1.1649,0.6583238086425935,1.4630250489073,0.20124602317810059,4.112612009048462,1
pure_rrt_1773301630,pure_rrt,744,1.088030967506506,-0.049044010900340246,1.5121102935033364,0.6852596027814168,0.2661259626718627,1.3468,0.5374796532169132,3.6894963815465482,0.9552075862884521,10.419790267944336,1
pure_rrt_1773301630,pure_rrt,745,0.8003120158133948,0.2800410736616464,1.4602960715287787,0.7898927035370973,-0.7273116907341028,1.1441,1.0558636794843836,4.551989382299164,0.7021510601043701,9.01712703704834,1
pure_rrt_1773301630,pure_rrt,746,0.8654615029852453,-0.8202132585445728,1.4965143999061752,-0.005555247610260716,-0.42014654153556086,1.4726,0.9587989655809998,1.207531377216971,0.10110855102539062,2.6087939739227295,1
pure_rrt_1773301630,pure_rrt,747,-0.041610068287415425,-0.45206512033827867,1.8006066515461594,0.21002488646629347,0.5857064682019449,1.4068,1.1381448498487345,3.3554691779239167,0.6037931442260742,10.724721431732178,1
pure_rrt_1773301630,pure_rrt,748,0.14576326170150145,0.7073804900709857,1.5209653707593578,0.5509757235932942,0.4422680073589721,1.275,0.543121286063181,0.8888226118074223,0.15358757972717285,3.4162657260894775,1
pure_rrt_1773301630,pure_rrt,749,0.6558263907308577,0.48550275292992573,1.3880128930523403,0.22246542407415681,-0.1981352409457905,1.2274,0.8252024815199519,3.420356380145211,1.4556267261505127,10.024479866027832,1
pure_rrt_1773301630,pure_rrt,750,0.309324232229921,-0.20056505759939458,1.5751979004782186,-0.5612845013878042,-0.3173514814466976,1.1573,0.9727472904462928,1.670581891340881,0.10116696357727051,3.5092642307281494,1
pure_rrt_1773301630,pure_rrt,751,-0.6218039495379718,-0.364756162944724,1.502514230916581,0.4602973345220358,0.3516402397409456,1.1616,1.3417859395547151,2.568116814702419,0.1013939380645752,4.60974907875061,1
pure_rrt_1773301630,pure_rrt,752,0.5467656930731932,0.4178642019335456,1.5136900164636544,0.26020053859090986,0.40130893770708453,1.4851,0.2884632620949415,0.3926103530207058,0.15133190155029297,3.2089269161224365,1
pure_rrt_1773301630,pure_rrt,753,0.29414471018803856,0.42935549356079944,1.8111492174228438,0.46290747957452694,-0.6717776120094923,1.2021,1.2696125148080617,1.3760525989513124,0.15197324752807617,4.61002779006958,1
pure_rrt_1773301630,pure_rrt,754,0.5220550672374622,-0.7293835171916996,1.5486685382933034,-0.2649687797471162,-0.258035016256462,1.2573,0.9625339319543373,1.2620489578788936,0.10141587257385254,4.311161994934082,1
pure_rrt_1773301630,pure_rrt,755,-0.3369241147530164,-0.2999046971098631,1.605090987609645,0.5792095182699357,-0.18717937222150305,1.4941,0.929691793960549,3.1309355204639475,0.7536609172821045,9.718498229980469,1
pure_rrt_1773301630,pure_rrt,756,0.7144884196389426,-0.2567973104239349,1.6117114029687334,-0.3066270006572567,-0.1483783074306131,1.3288,1.0651151316672234,2.04828067271723,0.05130958557128906,3.7080390453338623,1
pure_rrt_1773301630,pure_rrt,757,-0.43944934531159197,-0.14437972626022932,1.4438764627987273,-0.7608472295172096,-0.22923248140439412,1.2713,0.3745386836356476,0.45971040007580466,0.10137176513671875,2.808566093444824,1
pure_rrt_1773301630,pure_rrt,758,-0.8856143480977862,-0.23844275289080194,1.3854581486627568,0.4578716726584042,0.12575567909811725,1.2066,1.4034191901116215,2.4092845006685666,0.05146980285644531,4.01255202293396,1
pure_rrt_1773301630,pure_rrt,759,0.5617530407415515,0.11851767675028302,1.3210250901257647,0.6153626803560968,-0.6037136387619593,1.0938,0.7590278704690674,0.8496662704282307,0.05100846290588379,2.3057522773742676,1
pure_rrt_1773301630,pure_rrt,760,0.6407517925798285,-0.6779332525190055,1.2138302212234544,-0.016738485507689083,0.6040266500545625,1.1809,1.4411103556132885,2.461146328535003,0.20288515090942383,4.112895965576172,1
pure_rrt_1773301630,pure_rrt,761,-0.05400497269309412,0.6919301366245386,1.2971171504170116,-0.5174992002517989,0.5907095733929885,1.3782,0.48129713265055935,0.5601875223605628,0.10108160972595215,2.010676383972168,1
pure_rrt_1773301630,pure_rrt,762,-0.578943052451888,0.6979278488079825,1.4914999187845175,0.5894880399421893,0.2250577841097099,1.3127,1.273109078876714,1.697576068081628,0.10232663154602051,3.1092710494995117,1
pure_rrt_1773301630,pure_rrt,763,0.7008242874951874,0.23290763512540652,1.4268524987561002,-0.08493226570821055,-0.37988441442002957,1.38,0.9975583258776757,2.6787557915438915,0.2042827606201172,4.417481184005737,1
pure_rrt_1773301630,pure_rrt,764,-0.20431032697414775,-0.4127651389928114,1.4921163666435215,-0.3407660954740023,-0.3480276724311783,1.1018,0.4185187957589294,0.3589979490523897,0.20236897468566895,3.6099696159362793,1
pure_rrt_1773301630,pure_rrt,765,-0.43098506914390144,-0.3738604101531737,1.2170579340244145,0.32340893150868144,-0.6372302122527363,1.2746,0.8011148795493133,0.7734713828514018,0.10220861434936523,2.1060309410095215,1
pure_rrt_1773301630,pure_rrt,766,0.23792973200219536,-0.719669273664564,1.3875832653358204,-0.2837696536108647,-0.6164999611226787,1.4638,0.5372365834921143,0.6610035909224035,0.051123857498168945,2.9098806381225586,1
pure_rrt_1773301630,pure_rrt,767,-0.3945748727073858,-0.7025450786009246,1.5779673429272218,0.4123365534752399,-0.3755896137237382,1.2191,0.941696180058505,1.2388074276106658,0.10123372077941895,2.809736728668213,1
pure_rrt_1773301630,pure_rrt,768,0.4814424483256965,-0.4370208874981437,1.3360617964304393,-0.3757299834402349,0.18586011978420036,1.3491,1.0596675524733732,2.199231900600345,0.05126953125,3.913361072540283,1
pure_rrt_1773301630,pure_rrt,769,-0.47628229180310555,0.23247365750405086,1.461548351307154,-0.2528175446685492,-0.3705137473281736,1.0607,0.7577662597027369,0.7280884172544936,0.10126042366027832,2.00559401512146,1
pure_rrt_1773301630,pure_rrt,770,-0.32757517502360844,-0.39432248015152876,1.1822892114954917,1.00342625072617,-0.5974854247492369,1.4866,1.3803785833624738,1.6648869603690426,0.10141324996948242,2.8100943565368652,1
pure_rrt_1773301630,pure_rrt,771,1.0696658783433954,-0.736217142896487,1.6041033173182226,0.5868128225595588,0.47023351531610824,1.3044,1.333601268218106,2.733281351365902,0.5026259422302246,4.512727499008179,1
pure_rrt_1773301630,pure_rrt,772,0.5632295444518387,0.6404766532122877,1.4294943894968828,0.5166586761354328,0.19147373060414052,1.1196,0.5475463477442322,0.7518554957810399,0.051429033279418945,3.1108078956604004,1
pure_rrt_1773301630,pure_rrt,773,0.6040069642991537,0.19288081308080884,1.2378346583746107,0.28235944458604956,-0.39523848516721755,1.0792,0.688844242733415,2.3251089723789393,0.05105090141296387,4.511202335357666,1
pure_rrt_1773301630,pure_rrt,774,0.20167257788542525,-0.42581308668863105,1.1963993455516342,-0.0821120004326944,0.4108874075569223,1.2754,0.8870414349765271,1.0462003394221115,0.10124468803405762,2.205716609954834,1
pure_rrt_1773301630,pure_rrt,775,-0.15217179467631736,0.47490235658284496,1.3925133057126589,1.063427783697986,-0.6029988794005848,1.2761,1.6288356170053928,2.418128462675939,0.10114717483520508,4.409806966781616,1
pure_rrt_1773301630,pure_rrt,776,1.110416599647821,-0.7137210878331028,1.3886594857104595,-0.6894162925921903,0.28528009645514196,1.0466,2.0867214711031425,2.5690726630288525,0.1012420654296875,3.7163937091827393,1
pure_rrt_1773301630,pure_rrt,777,-0.7472495504075389,0.3326193880812914,1.1697702269579553,-0.3602335252479161,-0.1461298396849181,1.4961,0.6967591747445944,0.7009117453613586,0.20279884338378906,3.817481517791748,1
pure_rrt_1773301630,pure_rrt,778,-0.5055645492548857,-0.14024833658483443,1.6111148211091586,0.2952978071586698,0.09966277503525889,1.4565,0.8502020926260291,1.3274964319655687,0.8611178398132324,5.514543771743774,1
pure_rrt_1773301630,pure_rrt,779,0.11873623865569005,0.22982913516352438,1.6226212318531577,0.5422524977354473,-0.6174280977801392,1.2307,1.025091748312102,1.9822269573596065,0.10109257698059082,4.759783029556274,1
pure_rrt_1773301630,pure_rrt,780,0.579990548260597,-0.7195321457783581,1.3440527071116044,0.5911492847400546,-0.7241136087884116,1.0587,0.28560755357492135,0.17402910086148607,0.10111355781555176,3.308933973312378,1
pure_rrt_1773301630,pure_rrt,781,0.5898228599040187,-0.7830513925234244,1.1889120377620201,-0.3362618578307204,-0.40285287563543604,1.4161,1.0265467290150523,1.247239312195789,0.051079750061035156,3.9106523990631104,1
pure_rrt_1773301630,pure_rrt,782,-0.4706517042909881,-0.4480460358608789,1.53162900135143,0.5792777470261792,0.09064938976175774,1.2492,1.2133881304571459,2.1186411461395687,0.050963401794433594,3.7097535133361816,1
pure_rrt_1773301630,pure_rrt,783,0.6883892384889839,0.07804049956087565,1.3633186879581913,1.0128545875703923,0.4090877797003162,1.3583,0.4635679579857338,0.5089620470344443,0.05092453956604004,3.7091705799102783,1
pure_rrt_1773301630,pure_rrt,784,1.0131627877219178,0.40902593880024135,1.358130412008975,0.9756322271191329,0.004804949440220696,1.2544,0.419002565140006,0.42167817718961,0.050914764404296875,2.0086913108825684,1
pure_rrt_1773301630,pure_rrt,785,0.9762527259246695,0.005780383999859265,1.2541482014868506,0.599391120449855,0.27089849846843095,1.1367,0.47550642932869086,5.283329278119583,1.7044167518615723,6.813230037689209,1
pure_rrt_1773301630,pure_rrt,786,0.6929526851975911,0.2835889821373815,1.2525392271726843,-0.1374541560314867,0.522133320028653,1.4174,0.8795783066431663,1.409871062872813,0.05081629753112793,3.1084399223327637,1
pure_rrt_1773301630,pure_rrt,787,-0.2175688151083779,0.6346413740586967,1.5311515479526066,-0.3401323344944924,-0.23675118403462048,1.4901,0.8809268052307357,1.7769289922454996,0.2014780044555664,4.611294507980347,1
pure_rrt_1773301630,pure_rrt,788,-0.5304520319065711,-0.25726191720214303,1.6259723504236216,0.6876010870231237,-0.1187293887050418,1.1219,1.3254937179963366,1.9968446403610005,0.15146803855895996,3.6097805500030518,1
pure_rrt_1773301630,pure_rrt,789,0.778214900918186,-0.16283104963874553,1.237219989097495,0.5252233656218699,-0.1554757674916145,1.2756,0.2559918794491878,0.3715557736220622,0.15153241157531738,3.712345600128174,1
pure_rrt_1773301630,pure_rrt,790,0.5253498893740206,-0.15584824103411113,1.2751310486948628,0.9827081917514127,-0.6550552797597549,1.1918,0.6821497987563596,0.6830644557414726,0.10115694999694824,2.71016263961792,1
pure_rrt_1773301630,pure_rrt,791,0.9817661531718672,-0.6556589910739165,1.1926007320764898,0.006848358831640811,-0.7128910862631377,1.4609,1.012780684851983,1.0122489715823189,0.15120387077331543,3.108798027038574,1
pure_rrt_1773301630,pure_rrt,792,0.0077207635291953736,-0.712962985480483,1.4603200660008766,-0.7616590146973758,-0.06823446782753106,1.2541,1.0247667150334006,1.5301421105571165,0.1522080898284912,5.417544841766357,1
pure_rrt_1773301630,pure_rrt,793,-0.8655529028597474,-0.05416180459904864,1.367695860583317,0.6421215230456496,-0.18011197266138612,1.4397,1.5146386418737758,2.5017088249816517,0.10215401649475098,4.517139673233032,1
pure_rrt_1773301630,pure_rrt,794,0.7445302370857708,-0.2261475351854306,1.5533972584517755,-0.5568863356430278,-0.5225243679913348,1.432,1.3402468493366582,1.3657220719390086,0.10249495506286621,2.507692337036133,1
pure_rrt_1773301630,pure_rrt,795,-0.5085410405637966,-0.700580552871486,1.5643347996468022,0.4434828210481352,0.4684429006729801,1.1381,1.5667295147680964,3.2448660781370258,0.6531856060028076,6.714893579483032,1
pure_rrt_1773301630,pure_rrt,796,0.508800650474993,0.4988855325878307,1.2610655477220782,-0.6541240467191944,-0.3456564487893649,1.395,1.4434623123447663,2.5039211146022824,0.1013650894165039,4.0099780559539795,1
pure_rrt_1773301630,pure_rrt,797,-0.7914914297260287,-0.37894839510759937,1.510347396843077,0.1477412175446713,-0.0071490583553298626,1.2075,1.0545659098810196,0.9358549370878505,0.05093717575073242,2.706866979598999,1
pure_rrt_1773301630,pure_rrt,798,0.030592705548406096,0.022612271228341113,1.3210775095161649,0.7691971950498533,0.34148837359124806,1.4671,0.8176436438308282,1.9372039149159217,0.051252126693725586,3.7101032733917236,1
pure_rrt_1773301630,pure_rrt,799,0.8975263771654289,0.36937229229080915,1.5808113830025783,1.015479363698967,-0.29405574725072386,1.2539,0.7489464086426755,0.7952123288989402,0.05194592475891113,3.7120614051818848,1
pure_rrt_1773301630,pure_rrt,800,1.014891047672496,-0.29315074959602866,1.2537747421313723,0.9923014504417409,0.4610629011375361,1.4103,0.7706157779378384,0.7928572857723684,0.10120201110839844,2.610933303833008,1
pure_rrt_1773301630,pure_rrt,801,0.9923555099930805,0.4603698921282302,1.410523984365827,0.2237816980840477,-0.05169598271418396,1.1414,0.9619484827637321,4.05689702468549,1.0051746368408203,8.016868591308594,1
pure_rrt_1773301630,pure_rrt,802,0.28674562488702393,-0.039734666034474314,1.481027037471788,0.46869663189973165,0.40828610704637824,1.1493,0.5864056696986415,0.5643222674906241,0.10131001472473145,2.410193920135498,1
pure_rrt_1773301630,pure_rrt,803,0.5221024949235373,0.4643667465881209,1.4939625794111242,-0.0024845883230601995,0.09589124139119343,1.2935,0.671677788514303,0.6094359560328626,0.10141611099243164,2.3086729049682617,1
pure_rrt_1773301630,pure_rrt,804,0.042103845191766354,0.11241764205996221,1.6228689942644112,-0.5177200471247456,0.21048673736095558,1.4995,0.5815842558111225,0.0,2.7054996490478516,0.0,0
pure_rrt_1773301630,pure_rrt,805,0.04210384518317656,0.11241764205455507,1.6228689940468586,-0.5454061405366584,-0.7402628062089974,1.2448,1.1023466307977074,1.5868160904408948,0.10113024711608887,5.315660715103149,1
pure_rrt_1773301630,pure_rrt,806,-0.49968245060531524,-0.8003278164418884,1.5896452350952557,0.14759789952808022,-0.5212875113499028,1.0743,0.8731643916640347,0.7841420433790475,0.10277128219604492,2.5090105533599854,1
pure_rrt_1773301630,pure_rrt,807,0.231688376571361,-0.5729868121906376,1.4254815597975814,-0.5444871132549325,0.48103550506684367,1.2693,1.3182579853369836,2.6659943622193496,0.10163712501525879,4.317755460739136,1
pure_rrt_1773301630,pure_rrt,808,-0.6136747061223187,0.5118860486765098,1.6136201017641385,-0.6642052497579977,-0.437475567276014,1.1726,1.0480169578037157,2.5473287993874694,3.2270829677581787,10.824551582336426,1
pure_rrt_1773301630,pure_rrt,809,-0.7675923026808333,-0.48891757288000987,1.2867742452093016,-0.3867117133225697,-0.6636760132246889,1.276,0.41919759085833636,0.41044000299719674,0.10106348991394043,3.411933660507202,1
pure_rrt_1773301630,pure_rrt,810,-0.4624309848221261,-0.7413910980046539,1.3890663933079284,-0.4378441241585326,0.5758514909282876,1.2717,1.3226894654809043,1.614070613238676,0.10141873359680176,4.111527442932129,1
pure_rrt_1773301630,pure_rrt,811,-0.4907477564201682,0.6596021022478586,1.3871315601352512,-0.048933744816775926,-0.1536304858669817,1.2277,0.9391300685145824,0.9050248159523945,0.050848960876464844,2.309812068939209,1
pure_rrt_1773301630,pure_rrt,812,-0.14265226969451927,-0.15099504134166147,1.3444680586722773,0.518653562632386,-0.5070925708127123,1.1609,0.7731934340963298,0.746888507959157,0.10119366645812988,3.3120322227478027,1
pure_rrt_1773301630,pure_rrt,813,0.4274806678771369,-0.5891093718747109,1.275135748525357,0.8523844471459194,0.12456959775404919,1.0943,0.850048505246606,1.333685501021456,0.10118341445922852,3.4071617126464844,1
pure_rrt_1773301630,pure_rrt,814,0.9486552877359152,0.11703899349295177,1.2090795039145226,0.3273742966390014,-0.5819618335953592,1.3487,0.945561266706532,1.053672684679962,0.051106929779052734,2.3107452392578125,1
pure_rrt_1773301630,pure_rrt,815,0.38589680349870803,-0.6969410732930295,1.4621720750246099,0.4986899684022992,-0.4596095955891263,1.2859,0.3164180348709104,0.2429034507327291,0.05121898651123047,2.7128043174743652,1
pure_rrt_1773301630,pure_rrt,816,0.5755577101993423,-0.5591921516757401,1.3992995303274447,-0.4680449281032409,-0.0452758421206374,1.1168,1.1970891464440212,1.77800983661435,0.10104608535766602,3.8098347187042236,1
pure_rrt_1773301630,pure_rrt,817,-0.5573647223402762,-0.027579464782943028,1.233394220379807,0.698246581101315,-0.64813092472374,1.3878,1.4090723915204166,1.868769411093122,0.10117745399475098,3.211775302886963,1
pure_rrt_1773301630,pure_rrt,818,0.7492251206868148,-0.7627318261056037,1.5004779985526464,0.37254123701011155,0.2031798586690211,1.0218,1.14193202832055,1.9239843328728374,0.10114359855651855,3.811424493789673,1
pure_rrt_1773301630,pure_rrt,819,0.30703858304211096,0.2669623048078031,1.1390008272028649,0.5608653387874356,-0.007007832496427002,1.3724,0.44041211601076824,2.350570429477865,0.10104727745056152,4.715632677078247,1
pure_rrt_1773301630,pure_rrt,820,0.7012358431317908,-0.04298929765011837,1.4885230119134478,0.7984724645555845,-0.07647993718811175,1.3526,0.17044544185809504,0.2305026500209722,0.05098700523376465,1.4059033393859863,1
pure_rrt_1773301630,pure_rrt,821,0.9182866718607547,-0.11719184020729698,1.4665355717366027,0.021464932023983252,-0.49095042214168094,1.4057,0.973491488099395,0.9493180759413223,0.05086398124694824,2.307671546936035,1
pure_rrt_1773301630,pure_rrt,822,0.10689908355962774,-0.6013289184874349,1.5194239814389625,0.05122593666981712,-0.638988574676352,1.193,0.33327220803323215,0.24748527250141256,0.10151433944702148,1.4037251472473145,1
pure_rrt_1773301630,pure_rrt,823,0.08497880831729587,-0.7246446549369367,1.3091470550605009,0.9143161245786253,-0.4634284518083033,1.3318,0.8697973584892724,0.9294147303191946,0.10125374794006348,2.3053200244903564,1
pure_rrt_1773301630,pure_rrt,824,0.9834961830635284,-0.5365932207165292,1.4461388944426254,-0.1011994109438692,0.0013795649036320023,1.4104,1.211303644138396,1.0526756818573164,0.050931453704833984,3.1106395721435547,1
pure_rrt_1773301630,pure_rrt,825,0.05951999906371552,-0.04174651506909706,1.5341763933965236,0.4119662907700534,-0.6411791493821326,1.4904,0.6967454658882407,0.8548066066910904,0.05116891860961914,2.513404130935669,1
pure_rrt_1773301630,pure_rrt,826,0.47034744986598664,-0.7692302417542529,1.6054990745951128,-0.013858034678332576,0.627128554262654,1.2477,1.5206225752163827,2.7671263663649093,0.0510706901550293,4.213462829589844,1
pure_rrt_1773301630,pure_rrt,827,-0.05475874458754948,0.727024803172953,1.3624467715533144,-0.4367393520567793,-0.26138478589081365,1.0185,1.114074540548214,1.202287029890975,0.10210561752319336,3.61920166015625,1
pure_rrt_1773301630,pure_rrt,828,-0.5133453097844972,-0.2725698078260237,1.1398439895240464,-0.1405039367361356,-0.10513627387830493,1.2511,0.4235830232833169,1.4242883468160752,0.20239591598510742,3.7102129459381104,1
pure_rrt_1773301630,pure_rrt,829,-0.03316917896514837,-0.14794789899348168,1.3649220674819094,0.5317735286641838,-0.7315083011011984,1.2951,0.8152166134955355,0.8961925128696857,0.1018669605255127,3.1098062992095947,1
pure_rrt_1773301630,pure_rrt,830,0.5562978903345454,-0.8159114741574184,1.412920988901074,0.08626692773225886,-0.7356992844316926,1.4349,0.4773323560312192,0.4619426200348222,0.1532576084136963,1.9114811420440674,1
pure_rrt_1773301630,pure_rrt,831,0.11727407631165632,-0.8581824784579035,1.5494838523175103,0.21396678105324107,-0.6516793903834021,1.4371,0.25421080778808863,0.31239943756506905,0.05119729042053223,3.1067605018615723,1
pure_rrt_1773301630,pure_rrt,832,0.11869566159432166,-0.7299580581804961,1.55027448296407,0.6768446747270751,0.28990036755188486,1.2202,1.208549003434447,3.0001621396486065,0.10159111022949219,4.710307598114014,1
pure_rrt_1773301630,pure_rrt,833,0.7909046234504484,0.3094305774709045,1.3330766452743863,-0.5948768049404534,0.17917036842369227,1.263,1.3936529788821403,2.013140442684569,0.10111713409423828,3.508462429046631,1
pure_rrt_1773301630,pure_rrt,834,-0.698836718724817,0.2346187240675273,1.3768823950021614,-0.5362958460074426,-0.4751040753370026,1.2285,0.7430634713434012,0.7933206135964059,0.05192208290100098,2.1103274822235107,1
pure_rrt_1773301630,pure_rrt,835,-0.6362720776789067,-0.5253111025575132,1.3418444783777468,0.92710886460404,0.29947485127922724,1.3612,1.7677122154234173,3.104836573804756,0.10116314888000488,4.510225296020508,1
pure_rrt_1773301630,pure_rrt,836,1.058781938970317,0.323432160080475,1.4742600347348516,0.8892515452490997,0.052280480699406384,1.205,0.41804874588002083,0.48029280973207494,0.10112977027893066,3.7112197875976562,1
pure_rrt_1773301630,pure_rrt,837,0.8891579925440609,0.05200554390986722,1.2051456515192565,0.06631185827011554,0.2413296318304281,1.3274,0.8531503365052252,0.8530551254757074,0.1014256477355957,2.7094712257385254,1
pure_rrt_1773301630,pure_rrt,838,0.0665953533667678,0.2417797057773494,1.3278318838846503,-0.2509952660992084,-0.4111781371378468,1.0772,0.7681367634847439,2.699670248470181,0.6518075466156006,4.510148525238037,1
pure_rrt_1773301630,pure_rrt,839,-0.3371275679307463,-0.4512357043982508,1.1928998935981254,0.9263359345171644,-0.046300045381000965,1.2347,1.3274261406409336,1.8306503785189439,0.10095047950744629,3.4093501567840576,1
pure_rrt_1773301630,pure_rrt,840,1.0373257281515351,-0.08232870368475137,1.3480081572187934,0.5067814796633678,-0.21703449766440308,1.4846,0.5641632583303599,0.5231505042075126,0.10151815414428711,3.308638334274292,1
pure_rrt_1773301630,pure_rrt,841,0.6211763206074992,-0.27660945188777936,1.5976155031683743,0.7051505549729924,-0.3693461418390514,1.1693,0.44621288187900493,0.5268408102951688,0.1518709659576416,3.707634687423706,1
pure_rrt_1773301630,pure_rrt,842,0.7050190338003558,-0.36887772951281955,1.1704098018271143,0.9882337262704779,0.1313782628268565,1.3464,0.6011981119029163,0.6090594390897089,0.05166959762573242,1.607633352279663,1
pure_rrt_1773301630,pure_rrt,843,0.9889779199361356,0.1314016281202474,1.3472364135311286,-0.4945835083880026,0.21143667751998207,1.3249,1.4858866161699582,3.2094668020999046,0.2016901969909668,6.213454246520996,1
pure_rrt_1773301630,pure_rrt,844,-0.6019387183574763,0.2718731950606777,1.4375467496763616,-0.34849337663394175,0.16654533014677553,1.4259,0.27470738458713523,0.1777579094596784,0.10151171684265137,2.2056686878204346,1
pure_rrt_1773301630,pure_rrt,845,-0.4654056435549939,0.21940164249767988,1.538445679738991,0.6350073379048093,-0.4850694145788456,1.4262,1.3114066084337985,2.2031147826648234,0.10101985931396484,3.909057855606079,1
pure_rrt_1773301630,pure_rrt,846,0.7249810444714426,-0.6012802584108177,1.541490752362795,-0.14293582225959567,-0.1489562849218008,1.4297,0.9850755488098136,1.6537433313138814,0.10153079032897949,3.3087337017059326,1
pure_rrt_1773301630,pure_rrt,847,-0.2736311241459165,-0.1445662326393958,1.5439364692795514,-0.8062533675208123,0.4650012515541143,1.19,0.8834760869484736,0.9479477902355262,0.10144209861755371,3.510796546936035,1
pure_rrt_1773301630,pure_rrt,848,-0.8663598293883988,0.5499805166350039,1.3043560924930477,-0.7957429864496395,0.17324831565397425,1.1583,0.41017834159909766,0.34386960693195157,0.05144929885864258,2.7066075801849365,1
pure_rrt_1773301630,pure_rrt,849,-0.8704699444422589,0.21087764784902602,1.2776964902251238,0.887250250467259,-0.2960506903709585,1.3594,1.8311832478462557,2.775950452117244,0.10118961334228516,4.014991044998169,1
pure_rrt_1773301630,pure_rrt,850,0.9889970854258745,-0.3654861835656133,1.47259694362415,0.762973846293665,0.4178532318156848,1.3797,0.8205711343036862,4.973289659006735,1.960350751876831,6.322983026504517,1
pure_rrt_1773301630,pure_rrt,851,0.8709137631588225,0.4540320821038464,1.4931518146126952,-0.7396987785166769,-0.6125827548070257,1.4362,1.9326105347194238,3.394253615470427,0.10207509994506836,4.51302433013916,1
pure_rrt_1773301630,pure_rrt,852,-0.8495190597709836,-0.6996668934342785,1.5503874818199166,0.6099005136808135,0.365357782858846,1.0179,1.8835408067738844,3.095212726617894,0.10217952728271484,4.512011289596558,1
pure_rrt_1773301630,pure_rrt,853,0.6736608220893595,0.38608522300539827,1.1429232764544324,-0.3943539662208879,-0.6875579638947726,1.0342,1.518283910100323,3.800675457639661,0.6560752391815186,9.822530269622803,1
pure_rrt_1773301630,pure_rrt,854,-0.3311166264520636,-0.7810703408145727,1.3866743568766124,-0.8285518876808068,-0.24777353950759806,1.3156,0.732733840902263,1.0187893604128957,0.05120491981506348,2.9096994400024414,1
pure_rrt_1773301630,pure_rrt,855,-0.8814802199353333,-0.2792138988583389,1.6536099103853732,-0.2530740253850783,0.156065915546997,1.4605,0.7884505689432431,1.1317803440666516,0.20177388191223145,5.613101005554199,1
pure_rrt_1773301630,pure_rrt,856,-0.29341736662680296,0.15589936291732787,1.7835679415561025,0.6419484119169989,0.11402299860314857,1.4987,0.9786789635449602,0.0,0.652111291885376,0.0,0
pure_rrt_1773301630,pure_rrt,857,-0.2934173409516463,0.15589901268841116,1.7835679289069417,0.7861711023603526,0.1082289988498808,1.3734,1.155863905075334,3.390863516195733,1.7058403491973877,10.623672008514404,1
pure_rrt_1773301630,pure_rrt,858,0.8898518400078094,0.09934785808113226,1.488462153012679,0.8403066952930975,0.06345076001193839,1.217,0.27827149249046357,0.16699656560199191,0.051015377044677734,3.2128939628601074,1
pure_rrt_1773301630,pure_rrt,859,0.9292146388684902,0.05004881338990194,1.3341089794842924,0.6268391911299018,-0.13528831131014007,1.0492,0.4549218479892692,0.36237060325470016,0.10119414329528809,3.5108282566070557,1
pure_rrt_1773301630,pure_rrt,860,0.6915405284517121,-0.16760487137737592,1.17342438697049,-0.419368833357705,0.07707447884378149,1.3169,1.1465482310459723,2.320549999175409,0.1015157699584961,4.011489629745483,1
pure_rrt_1773301630,pure_rrt,861,-0.5348193292951775,0.11595272895385648,1.430205013842516,-0.19534373879491818,-0.01797116141139099,1.4363,0.36498826530769796,0.2809002440347434,0.10108375549316406,5.5148561000823975,1
pure_rrt_1773301630,pure_rrt,862,-0.30647300849405934,0.003830681595540633,1.5492719485294184,1.0715756933942486,0.1494252694180327,1.2218,1.4238868936305673,2.855599612861676,0.15231776237487793,4.31749415397644,1
pure_rrt_1773301630,pure_rrt,863,1.1802192625947683,0.14570501716857034,1.3357866409747372,0.302639590136226,-0.6696998521372546,1.347,1.197980351183074,1.2918971532312848,0.1541767120361328,2.307520866394043,1
pure_rrt_1773301630,pure_rrt,864,0.34455888721309424,-0.7765814274706361,1.4612572267610675,0.46986765871746305,-0.23032952228764492,1.4517,0.5605218753227603,0.5570004981326417,0.1022806167602539,3.2140941619873047,1
pure_rrt_1773301630,pure_rrt,865,0.6005590503363253,-0.30934552725955267,1.568960506810328,0.11871242239924107,0.20627458378083063,1.023,0.8922517283593383,2.231888382835821,0.1530599594116211,4.212845087051392,1
pure_rrt_1773301630,pure_rrt,866,0.060492675292291964,0.2446269948021975,1.1474676258036631,-0.3273787609384131,-0.5283721746245814,1.3981,0.9004379789710408,1.0943933234377006,0.05101966857910156,2.5104315280914307,1
pure_rrt_1773301630,pure_rrt,867,-0.4436717634145466,-0.5953864987976223,1.5119486897949859,-0.5175163876067244,0.2258611860139541,1.1467,0.9018355691185683,0.9712042183297572,0.05102396011352539,2.6087710857391357,1
pure_rrt_1773301630,pure_rrt,868,-0.5986241902687883,0.279393869272746,1.26138170682062,0.7866615521044387,-0.5097931391353075,1.1874,1.5960282000035864,2.2790698849959865,0.1014714241027832,3.8126089572906494,1
pure_rrt_1773301630,pure_rrt,869,0.8395787812008865,-0.5934569386764312,1.3027754942805174,0.33542029665248485,0.2183047686607953,1.0728,0.982863965669084,1.8577821002669732,0.05124020576477051,4.009590148925781,1
pure_rrt_1773301630,pure_rrt,870,0.2588583996894429,0.2888175143455583,1.187615442903938,1.0315437312129305,-0.0066252016571894945,1.2656,0.8309095083919253,2.566018202641131,0.10110998153686523,4.710859537124634,1
pure_rrt_1773301630,pure_rrt,871,1.1257974289290202,-0.028580250911643568,1.3807730801197469,-0.5683843530827866,0.043762337979898924,1.283,1.6985420029732365,2.8716680025272487,0.05113101005554199,4.209875583648682,1
pure_rrt_1773301630,pure_rrt,872,-0.6711976847455251,0.07223795801638898,1.3978431828313473,0.28288417407720745,0.0715624080181434,1.3963,0.9540833460005953,2.581902174100121,0.10100793838500977,4.3098320960998535,1
pure_rrt_1773301630,pure_rrt,873,0.4218878599900814,0.05166656967269532,1.5122683201808145,-0.8100838570307366,-0.16133751193350654,1.085,1.321243076708544,2.321322356324685,0.10155820846557617,4.009937763214111,1
pure_rrt_1773301630,pure_rrt,874,-0.9013406880987018,-0.15982214943368786,1.200947668275035,0.873088497177801,0.47012495789672426,1.0395,1.8898406390980254,2.3266631245677094,0.051492929458618164,3.6123857498168945,1
pure_rrt_1773301630,pure_rrt,875,0.9403606392832954,0.5098868010480527,1.1612275369264164,0.8374597197532845,0.4744923801203481,1.4354,0.2949778021830878,0.3972893286932214,0.15696358680725098,3.5086612701416016,1
pure_rrt_1773301630,pure_rrt,876,0.967318412645605,0.534823829774201,1.550630808614228,-0.3051182540264423,0.35982778917292546,1.3099,1.3067784843398875,1.7131181206437862,0.051201581954956055,3.108214855194092,1
pure_rrt_1773301630,pure_rrt,877,-0.38830506538456355,0.42457152586319175,1.4228813528431843,0.905579145997627,0.11249435316455625,1.1204,1.3649261822536523,5.353981926417936,0.45234012603759766,10.420293092727661,1
pure_rrt_1773301630,pure_rrt,878,1.005551232210721,0.15044924870104048,1.4728716424335566,0.8065228783924627,-0.6572705497459671,1.4564,0.8320425911161876,0.9636108235451375,0.10108590126037598,2.5090525150299072,1
pure_rrt_1773301630,pure_rrt,879,0.8369143472560046,-0.6833535678287627,1.7781086308717864,1.0601300905555178,0.3795221485915038,1.0716,1.2956405759735123,1.6704474186118905,0.10112309455871582,4.416661024093628,1
pure_rrt_1773301630,pure_rrt,880,1.1333416313688827,0.4507063533611123,1.4236503236799578,-0.7043248905105854,-0.21318890788667988,1.2306,1.9634264923894638,4.5730512852456,1.8660099506378174,9.425036907196045,1
pure_rrt_1773301630,pure_rrt,881,-0.8106202292993894,-0.21857070157117314,1.3450888524368374,-0.4183970299113334,-0.09844669202062684,1.127,0.4645767572381545,0.3516483429448543,0.10162878036499023,1.7045578956604004,1
pure_rrt_1773301630,pure_rrt,882,-0.49808071257932796,-0.09014728536028324,1.247984433345686,-0.5410326614154786,-0.5406433756794271,1.1277,0.4682520071574176,0.5239837372488824,0.10124492645263672,3.913522720336914,1
pure_rrt_1773301630,pure_rrt,883,-0.6141397250899425,-0.5930537283655712,1.2441320885063596,1.0451032241642717,-0.13879657153813363,1.0047,1.736883546523856,1.9720149478997437,0.0508573055267334,3.1127116680145264,1
pure_rrt_1773301630,pure_rrt,884,1.1060045439253248,-0.17132326550745933,1.129878595711249,-0.2263647344424471,-0.3316472445288514,1.4023,1.3693520707627254,2.079042637465597,0.10108160972595215,3.508455991744995,1
pure_rrt_1773301630,pure_rrt,885,-0.3444808535040583,-0.3567534979456597,1.5147853320456353,-0.3646902130647699,-0.25479066559687824,1.4506,0.12216625656967764,0.17719386835335246,0.051061153411865234,1.2030246257781982,1
pure_rrt_1773301630,pure_rrt,886,-0.48904253850060253,-0.2671916587638324,1.5644360592797704,-0.45577524558329024,0.3685984817607634,1.3388,0.675460914349332,0.7520178939130246,0.05090069770812988,3.3096957206726074,1
pure_rrt_1773301630,pure_rrt,887,-0.5501605565447697,0.45294140242252784,1.4524519817697854,0.8407539831228337,-0.5301326224889098,1.079,1.7437156241205432,2.417318790208522,0.1011209487915039,3.7096900939941406,1
pure_rrt_1773301630,pure_rrt,888,0.874866544761402,-0.6083972033965775,1.1982201079425594,-0.27360452864594087,0.0311230928008156,1.2209,1.3147191309194344,1.8111503112242064,0.1014411449432373,3.3119349479675293,1
pure_rrt_1773301630,pure_rrt,889,-0.3589283393262944,0.05442683512038666,1.3375078597416885,0.2779455855865929,-0.04843096322432694,1.1728,0.6658203976861594,2.1594674511779055,0.0514531135559082,4.1091413497924805,1
pure_rrt_1773301630,pure_rrt,890,0.36345772595602766,-0.07545768632350966,1.2888183441030594,-0.3306446917999506,-0.07271564632052674,1.2938,0.6941257105262332,2.0659268166352622,0.10155963897705078,4.009343385696411,1
pure_rrt_1773301630,pure_rrt,891,-0.44976047487713633,-0.056926008856512215,1.4061834805029172,-0.2655894063391301,0.38695178416867704,1.3195,0.4883241786144153,0.5390708358621512,0.05131077766418457,1.7046983242034912,1
pure_rrt_1773301630,pure_rrt,892,-0.3522795760390586,0.46401604352823345,1.4324542394482194,0.03561108262851009,0.2531583488349892,1.2122,0.49338834652616514,0.34969492070187186,0.05112624168395996,2.505990743637085,1
pure_rrt_1773301630,pure_rrt,893,-0.055277815624622084,0.3130263017298307,1.3265928163449445,0.6671116841617806,0.4416668858063514,1.125,0.7609432652143548,1.2698831771137715,0.10152840614318848,3.2104573249816895,1
pure_rrt_1773301630,pure_rrt,894,0.7508783257866253,0.4804321419128687,1.2410865793413826,0.7920942114664942,0.6165058539459877,1.4227,0.23064743419811148,0.40624855763304624,0.051882266998291016,2.4111998081207275,1
pure_rrt_1773301630,pure_rrt,895,0.9011905539210011,0.7073654394246127,1.5378210973198205,-0.4861799628726349,-0.07057465360334703,1.0996,1.6498561965652578,2.108385173297405,0.1014244556427002,3.408940553665161,1
pure_rrt_1773301630,pure_rrt,896,-0.566345039609597,-0.05771651350705395,1.2193071771638313,0.08466447108769093,0.4087285985663941,1.1923,0.8013200441857751,1.8739470962861164,0.15106582641601562,7.522128582000732,1
pure_rrt_1773301630,pure_rrt,897,0.08483869559605262,0.40890879266265084,1.1919612003178637,-0.06671288451368396,-0.2920077127979616,1.2416,0.7188294926439496,0.7421120169314707,0.3530418872833252,2.5086543560028076,1
pure_rrt_1773301630,pure_rrt,898,-0.06631711634484427,-0.29247593897524793,1.241072528239041,-0.6232639807735634,-0.47311999739184807,1.1186,0.5981819169880219,3.1214098416910203,0.5034160614013672,7.7177910804748535,1
pure_rrt_1773301630,pure_rrt,899,-0.704379467502905,-0.516936050814736,1.2356989834455954,0.25223554413935023,0.05297807719350267,1.286,1.114649983658148,1.7943697647669319,0.10177493095397949,3.509711503982544,1
pure_rrt_1773301630,pure_rrt,900,0.3653652274119842,0.03401240367939189,1.399009384200164,-0.41748342946912026,0.016357955925252132,1.2874,0.7909616638925003,2.406283138007004,0.10122179985046387,4.3107545375823975,1
pure_rrt_1773301630,pure_rrt,901,-0.5179005303040757,0.041704749849255415,1.401471462186076,-0.5930949370344178,0.041385570737440425,1.4963,0.1210237673465851,0.2805806460724411,0.15107107162475586,3.709747076034546,1
pure_rrt_1773301630,pure_rrt,902,-0.5929995164651987,0.04057199938229543,1.496185772036065,-0.43951717575865806,-0.49178089046024526,1.1476,0.6545750290825662,0.67063880835386,0.10108304023742676,1.7096097469329834,1
pure_rrt_1773301630,pure_rrt,903,-0.4398384293430916,-0.4911856640117373,1.147532661924807,0.9645593356553386,0.5896790458242923,1.489,1.8047718820597989,3.0894369309645637,0.4018590450286865,5.712358236312866,1
pure_rrt_1773301630,pure_rrt,904,1.0900145556521728,0.6896812042678377,1.6089481398276813,-0.13064538162166994,0.35308412984044624,1.3291,1.296774172453891,1.579840752301525,0.10111308097839355,3.1064929962158203,1
pure_rrt_1773301630,pure_rrt,905,-0.2156715904829113,0.4206071850786864,1.4427435944162474,0.2305476934596684,0.4181960499555518,1.1372,0.5408089783126857,0.43635391017454295,0.05127310752868652,1.8064188957214355,1
pure_rrt_1773301630,pure_rrt,906,0.17150722830318665,0.48560874934969844,1.2544265971300679,0.46041946576550896,-0.44002714203942084,1.283,0.9700971723156304,2.2892649005538317,0.05148482322692871,4.208943128585815,1
pure_rrt_1773301630,pure_rrt,907,0.5373511223940581,-0.5236759787576233,1.3961718737131275,-0.37815613566886386,-0.3812981458842526,1.3429,0.9280424986974004,0.8208385353702102,0.05140399932861328,2.511636972427368,1
pure_rrt_1773301630,pure_rrt,908,-0.2801907654934803,-0.5124604092776047,1.464165757992851,0.697922919780505,0.11894995681459164,1.3723,1.1678290753447353,1.2837759355008425,0.10098648071289062,2.711198329925537,1
pure_rrt_1773301630,pure_rrt,909,0.8277788895445553,0.11001266552954153,1.4853209706335413,0.035397364472574466,-0.260424561782775,1.0245,0.9886597936751925,2.0066736228204767,0.10098814964294434,4.008564472198486,1
pure_rrt_1773301630,pure_rrt,910,-0.03860487081761166,-0.2709164645788874,1.147182225804103,0.9519059869791033,-0.6879587704243457,1.3032,1.0859915239738858,1.3786783343658429,0.10138702392578125,3.508098840713501,1
pure_rrt_1773301630,pure_rrt,911,0.9874500140367001,-0.7858169086613117,1.4171400692710203,-0.4009933324345899,0.5051890742822617,1.2484,1.9034034215935636,2.677770789798191,0.10184645652770996,3.8090240955352783,1
pure_rrt_1773301630,pure_rrt,912,-0.4590037673207069,0.5773853385112211,1.3644815991172372,0.6344609233463696,-0.530727711697232,1.4521,1.5592487120248582,2.7697865760745057,0.1010439395904541,4.213954448699951,1
pure_rrt_1773301630,pure_rrt,913,0.7146725256609063,-0.6387714235293782,1.5659123040933562,0.31007698866347244,0.6303922842661028,1.1431,1.3975851710132547,2.8686334289247264,0.20536470413208008,4.412435531616211,1
pure_rrt_1773301630,pure_rrt,914,0.28093134764854716,0.7074387755316636,1.263104310641229,0.767210149607161,-0.5084467088086522,1.3994,1.3165945082680437,2.911610344410892,0.1012425422668457,4.510901689529419,1
pure_rrt_1773301630,pure_rrt,915,0.8429974414424227,-0.6015883175029526,1.5118503511024217,-0.1983042957815374,-0.041462039250564686,1.3035,1.2006084392253003,1.908362726308818,0.10142683982849121,3.509485960006714,1
pure_rrt_1773301630,pure_rrt,916,-0.29542904619719446,-0.026599987030866537,1.4186534903555548,0.13753064692900718,-0.054247264284247754,1.1762,0.49699312147860875,0.3501507844016183,0.10144829750061035,5.215363264083862,1
pure_rrt_1773301630,pure_rrt,917,0.02930666546885874,-0.035139751312344744,1.2902943148580976,0.21939904451824943,-0.14094258539677462,1.3183,0.2193482862326989,0.18025628459004425,0.1023111343383789,1.707402229309082,1
pure_rrt_1773301630,pure_rrt,918,0.06003973716640498,-0.13147451747818997,1.437919095541901,-0.8235061656840077,-0.12602073286400695,1.3104,0.8927173270068153,1.0073775959337596,0.15564489364624023,2.9108262062072754,1
pure_rrt_1773301630,pure_rrt,919,-0.9470986864404027,-0.11718406651836066,1.4225891028436328,0.5631538045320006,-0.589671218058742,1.3389,1.584648402893798,1.5447615139085265,0.1529841423034668,3.1275579929351807,1
pure_rrt_1773301630,pure_rrt,920,0.4607227036761715,-0.7124716006641374,1.4591665541370857,-0.5291308281963463,-0.22122140750885777,1.3605,1.1094466439360136,1.230407784944622,0.3086357116699219,3.1455729007720947,1
pure_rrt_1773301630,pure_rrt,921,-0.6550005838454818,-0.22865944516505593,1.4733578666100047,0.6150254447363124,-0.5705818281979669,1.3296,1.3230810079153916,1.7672651147726777,0.10131049156188965,3.71083402633667,1
pure_rrt_1773301630,pure_rrt,922,0.6735280343331873,-0.6583950996751898,1.443009938032374,0.46959318343974576,0.034383856351529074,1.4192,0.7225641967822003,0.7033059592063372,0.05107903480529785,1.910262107849121,1
pure_rrt_1773301630,pure_rrt,923,0.5777014913686722,0.015938565729301912,1.5339492608263237,-0.7418605957301391,-0.7166803628525785,1.3141,1.5252240142716458,1.952515312252845,0.10150957107543945,3.809831142425537,1
pure_rrt_1773301630,pure_rrt,924,-0.8113344463706296,-0.80053748584538,1.4272296037940282,0.6635337107368695,-0.4208992255841788,1.4517,1.5231415199495741,1.6972165027241233,0.10145235061645508,2.8131909370422363,1
pure_rrt_1773301630,pure_rrt,925,0.7668064449475086,-0.5299159862614493,1.5687103944929217,1.0326777873058903,0.1746505038069177,1.3232,0.792071248953512,5.063959353608607,0.6019949913024902,6.413046836853027,1
pure_rrt_1773301630,pure_rrt,926,1.133536035628866,0.17431586567558696,1.4379039880827937,0.3389208774492598,0.1892589564340844,1.1545,0.8437738832361722,0.7235845288618915,0.10100889205932617,3.4075467586517334,1
pure_rrt_1773301630,pure_rrt,927,0.42965832837990037,0.19145113259699584,1.271539813441449,1.004274019468291,0.4727909317143101,1.2204,0.6418337444628366,0.7492989861816189,0.10138797760009766,3.112318277359009,1
pure_rrt_1773301630,pure_rrt,928,1.1007695700321958,0.5185604554508282,1.3346878862456095,-0.3148370045466379,0.5806570802928562,1.2898,1.4176786967219297,1.6162232310674565,0.05094647407531738,2.7117159366607666,1
pure_rrt_1773301630,pure_rrt,929,-0.3682433295479842,0.6740652428782644,1.4046490988077847,0.5267798941845296,0.11257542926502173,1.3662,1.057268043123931,3.5604725397383636,0.10096573829650879,5.113561630249023,1
pure_rrt_1773301630,pure_rrt,930,0.6450089364065653,0.10287992975489142,1.478808225376275,-0.1991757659617821,-0.6345372603514327,1.0451,1.2018879934237132,1.2845107992118017,0.10124063491821289,2.4109156131744385,1
pure_rrt_1773301630,pure_rrt,931,-0.18865001715554086,-0.7040727664985551,1.1683838316763304,-0.19240755628390915,0.4037016398112324,1.1476,1.1079757316992342,1.707772530767482,0.10115838050842285,4.3606390953063965,1
pure_rrt_1773301630,pure_rrt,932,-0.25329596973438395,0.46803614109776914,1.265862543732026,-0.1346872976610306,0.5329383923465515,1.3737,0.17294286999616826,0.2884666320849588,0.10107541084289551,1.4105427265167236,1
pure_rrt_1773301630,pure_rrt,933,-0.20773771425585463,0.643917818147848,1.4879277278803076,-0.5503482593932534,0.07482243409032596,1.0878,0.7754700125817771,0.7510277772930636,0.10110044479370117,2.5055460929870605,1
pure_rrt_1773301630,pure_rrt,934,-0.6304624031822292,0.10505261885625028,1.2059239772274775,0.012388193026387273,-0.05391432247887129,1.0661,0.6768146881465619,0.5932227880033774,0.15118050575256348,3.6113624572753906,1
pure_rrt_1773301630,pure_rrt,935,-0.05600019301299386,-0.041948664184788195,1.1891244872563262,0.43891281988655684,0.28911738617485494,1.2697,0.6008627408085399,1.8299265859567322,0.10168623924255371,3.811171531677246,1
pure_rrt_1773301630,pure_rrt,936,0.5488409427466947,0.3071023841717726,1.382396997713983,0.9194410740378249,0.3801183821985944,1.4857,0.3915958421155166,0.5674197353647591,0.05093526840209961,3.508091688156128,1
pure_rrt_1773301630,pure_rrt,937,1.0595360410684156,0.42126905716367613,1.6012819769648403,-0.859367878880655,-0.4510974411334201,1.2654,2.1344864168686706,3.2502886414039502,0.10137581825256348,4.310574769973755,1
pure_rrt_1773301630,pure_rrt,938,-0.9682720457638805,-0.4999352295874579,1.37772972022937,-0.07543079406876418,0.4724223844274894,1.4567,1.3224526968282815,1.4111379957260723,0.051032304763793945,2.9066812992095947,1
pure_rrt_1773301630,pure_rrt,939,-0.17078022007419835,0.5893088803458069,1.5730500780946504,-0.25089365234721583,0.20651068670374573,1.4152,0.42174549937216343,0.38257489624164326,0.05098724365234375,2.4096763134002686,1
pure_rrt_1773301630,pure_rrt,940,-0.365783742457359,0.26685347800371095,1.5280987649631101,-0.5070584695375142,-0.27294412893342174,1.1285,0.6863083694132474,0.67541918189424,0.20293974876403809,3.9104418754577637,1
pure_rrt_1773301630,pure_rrt,941,-0.6024382398540009,-0.287490798833646,1.245072371421368,-0.6353758527370846,0.2667881143205847,1.4123,0.5798923000608854,0.7184763105130874,0.10142874717712402,3.411670446395874,1
pure_rrt_1773301630,pure_rrt,942,-0.7448085985314155,0.33380450003139817,1.525727459047106,0.10376841654405833,-0.33087959612637086,1.2409,1.1149056370952217,1.0405523084041155,0.10326075553894043,2.5088818073272705,1
pure_rrt_1773301630,pure_rrt,943,0.009721976507688246,-0.3502511709201404,1.3557179702667725,-0.5471482413656623,-0.5828148555604726,1.4032,0.6053468841213177,0.7422604591710175,0.15835809707641602,3.6329355239868164,1
pure_rrt_1773301630,pure_rrt,944,-0.6500469846383863,-0.649269072627479,1.517151943918925,-0.19127586524266726,0.2641421473238844,1.3733,1.0322230274964286,2.8973202200484454,0.3041050434112549,4.621208906173706,1
pure_rrt_1773301630,pure_rrt,945,-0.04701442068405348,0.28329420662049465,1.489037521459306,0.7541843762868972,0.03551562573610623,1.1694,0.8974864247092701,1.8686293840966246,1.3615667819976807,6.813800096511841,1
pure_rrt_1773301630,pure_rrt,946,0.753299234655338,0.035335333264983546,1.168743956399218,-0.08115376894869519,-0.29398407415141387,1.0576,0.9039447252841022,2.9991963267330672,0.20142364501953125,5.61095929145813,1
pure_rrt_1773301630,pure_rrt,947,-0.14941113162538422,-0.3056072062475328,1.1826857009869562,0.7145437481994692,-0.599479492130392,1.4814,0.9602130946920314,1.428420031307556,0.10141181945800781,4.409584283828735,1
pure_rrt_1773301630,pure_rrt,948,0.7820781477258547,-0.7196526219777111,1.5953695506199779,-0.6377185727009411,0.6043007439814342,1.0704,2.0110366161876256,3.079420085738787,0.10123729705810547,4.314572095870972,1
pure_rrt_1773301630,pure_rrt,949,-0.6618102892234677,0.6675339883294649,1.1953521499516864,0.3059875061727848,0.272202814380787,1.4833,1.0843584620488433,1.5124004438065672,0.10108470916748047,2.906994581222534,1
pure_rrt_1773301630,pure_rrt,950,0.4534837884776669,0.29071112079592015,1.599351556626048,0.18200249813578262,-0.6011138778056835,1.4301,0.9474703206733102,3.7024576164427767,0.9025294780731201,6.913827657699585,1
pure_rrt_1773301630,pure_rrt,951,0.08275371544738419,-0.7519169592331045,1.5592175916186246,-0.28561921001666246,0.5462458111669083,1.3621,1.3637377077697541,1.7628829329864872,0.10099172592163086,3.1084322929382324,1
pure_rrt_1773301630,pure_rrt,952,-0.35477438625900415,0.6544446790073206,1.475554155372354,-0.35833239720027954,0.5894002714644205,1.49,0.06672418468195175,0.16345834980510532,0.0510859489440918,3.209460496902466,1
pure_rrt_1773301630,pure_rrt,953,-0.43060152851462985,0.7163195536188462,1.6062915918247929,-0.7732072375467419,-0.670500535700906,1.4836,1.4337718991201993,1.9756493834621733,0.10216999053955078,3.811276435852051,1
pure_rrt_1773301630,pure_rrt,954,-0.8744691601304724,-0.7680272794737617,1.5988290308149216,-0.4240341371964385,0.10059520089086971,1.4023,0.9980082079990327,1.0054981917228267,0.10117888450622559,2.8111350536346436,1
pure_rrt_1773301630,pure_rrt,955,-0.5445697587628536,0.1434056889422255,1.5150058780604427,-0.16104826348030776,0.3885607593646395,1.1829,0.5634572389630612,0.49903950042825085,0.05103874206542969,1.5080580711364746,1
pure_rrt_1773301630,pure_rrt,956,-0.22974149878821293,0.4570704135676298,1.2986676992682802,-0.17767652529799915,-0.24484283952780406,1.3953,0.7104440709023172,0.7760968414693786,0.05137825012207031,2.8089020252227783,1
pure_rrt_1773301630,pure_rrt,957,-0.3080562504232428,-0.2576773736403822,1.5098854361833962,-0.4586443213130312,-0.6266382182633284,1.007,0.6416405799858287,0.6162943272364938,0.10155797004699707,2.7117581367492676,1
pure_rrt_1773301630,pure_rrt,958,-0.4945202511951756,-0.6794902998411056,1.1346624686188094,0.7936810640185619,-0.43901803108310805,1.2683,1.3172503673765592,1.4562503079426237,0.1516435146331787,2.4075005054473877,1
pure_rrt_1773301630,pure_rrt,959,0.8691998047414822,-0.5243791168417724,1.3817337428254124,0.7594219965044655,-0.21454438160517242,1.2274,0.3631358347987124,0.2542540435911731,0.20267176628112793,3.5114083290100098,1
pure_rrt_1773301630,pure_rrt,960,0.8572406799533812,-0.2748576196926538,1.3416243661865865,0.9753237690270764,-0.5799834658710686,1.3364,0.32721963867306536,2.63286818957055,0.25283217430114746,7.42857551574707,1
pure_rrt_1773301630,pure_rrt,961,0.9767648968669155,-0.5798682604739125,1.3370988234444983,0.1805760066251012,-0.6981264504821026,1.3362,0.8049239444395286,0.8069080448357528,0.15161633491516113,2.506432294845581,1
pure_rrt_1773301630,pure_rrt,962,0.179090282881804,-0.6982743862279119,1.3359436411078704,-0.5534643146653071,0.1589067952099027,1.2923,1.128406213917528,1.753195584924681,0.25244140625,5.115021228790283,1
pure_rrt_1773301630,pure_rrt,963,-0.6676030200269547,0.2150601291960283,1.4065359235019854,0.5436409939119007,-0.6489490781742929,1.4112,1.4878325595754989,2.126126961178963,0.1013329029083252,3.509554862976074,1
pure_rrt_1773301630,pure_rrt,964,0.5953323723225837,-0.7660176165971877,1.5243902755771181,0.3415613460333635,0.5464744853862485,1.4701,1.337902345305898,4.276213843102838,0.0510714054107666,5.611814975738525,1
pure_rrt_1773301630,pure_rrt,965,0.46432837357041035,0.6199812441697146,1.5859349479768443,-0.1700515817195658,0.013611483351730125,1.0542,1.0260917451222913,1.6448022000523899,0.10107302665710449,3.4110045433044434,1
pure_rrt_1773301630,pure_rrt,966,-0.250812448268226,0.038767482923826604,1.1724581137742396,0.7416779313351987,0.09765582162182629,1.1169,0.9957869722215248,2.2475804572135734,0.10119223594665527,4.310300827026367,1
pure_rrt_1773301630,pure_rrt,967,0.834195741433902,0.08698971861548255,1.2321275678639676,-0.6631571013015777,-0.25537058288947473,1.0125,1.5516160543963282,2.2638973173780976,0.10144901275634766,3.910142421722412,1
pure_rrt_1773301630,pure_rrt,968,-0.7270806483964588,-0.26359045707919243,1.1405185558691657,0.43147277175779064,-0.6466714161329129,1.4421,1.2569599898106012,1.6092408224625514,0.10180544853210449,2.911375045776367,1
pure_rrt_1773301630,pure_rrt,969,0.48483353257534456,-0.7724532588293759,1.5559033624814196,-0.5621972180620911,0.3937131537389761,1.2807,1.591211609216075,2.4389023380690187,0.05106401443481445,3.8105669021606445,1
pure_rrt_1773301630,pure_rrt,970,-0.6483754584613043,0.4818802462007895,1.3949574847864699,-0.5396203542707609,0.46519971634222335,1.4576,0.12660962631702147,0.2075657039980093,0.050878286361694336,2.2053818702697754,1
pure_rrt_1773301630,pure_rrt,971,-0.6358606963811995,0.5820423175957221,1.5756815217089517,0.12281088316375799,0.2620622582320812,1.1107,0.9456096549477337,0.8155964850461925,0.051143646240234375,2.510235071182251,1
pure_rrt_1773301630,pure_rrt,972,0.050985636822331815,0.31554256332468,1.228637885041091,0.8834122723603621,0.5407338528661317,1.0316,0.8845728622221987,1.1669236913964174,0.10124063491821289,2.9098527431488037,1
pure_rrt_1773301630,pure_rrt,973,0.9382203491829051,0.581630211108979,1.1567566631759794,0.37530453708959066,-0.18898859000542745,1.4119,0.98783888891933,4.452985320103204,0.10123991966247559,6.113951921463013,1
pure_rrt_1773301630,pure_rrt,974,0.4817557419422973,-0.23873504690545466,1.5253783028031824,0.46968225717447964,-0.154298840111755,1.4547,0.11077303164256845,0.12224279819556656,0.05148458480834961,2.810384511947632,1
pure_rrt_1773301630,pure_rrt,975,0.5905623675729241,-0.2045085862654945,1.5691811839177303,-0.5827633394132185,0.4014454291989894,1.1511,1.3851589655624783,2.99285547774871,0.051074981689453125,4.614163398742676,1
pure_rrt_1773301630,pure_rrt,976,-0.6405386021002956,0.45855179681895064,1.2705756753917168,-0.018160018032109093,-0.22219837308370982,1.2041,0.9247674903174347,1.001847193655781,0.1522660255432129,3.7090532779693604,1
pure_rrt_1773301630,pure_rrt,977,-0.01847242470978938,-0.22288793276139118,1.204441654245468,0.8002288287171355,-0.07795573337207873,1.0699,0.8422461288184995,5.1206260175087985,0.5520470142364502,9.918650150299072,1
pure_rrt_1773301630,pure_rrt,978,0.8932643120238347,-0.06567236626220596,1.420130003528694,0.262769641626889,-0.29615981631648564,1.4731,0.6733897939215054,2.7463708611799924,4.132251262664795,9.845651626586914,1
pure_rrt_1773301630,pure_rrt,979,0.0789685758649864,-0.33464407389395434,1.6067586678538626,-0.8603567359681372,0.6012594774161212,1.1522,1.4017385923653112,0.0,0.10187959671020508,0.0,0
pure_rrt_1773301630,pure_rrt,980,0.07896857587552786,-0.33464407402197877,1.6067586677985302,0.5706310333011784,-0.267862420784076,1.2463,0.6132880338324793,1.428016354311953,0.10175490379333496,3.410801410675049,1
pure_rrt_1773301630,pure_rrt,981,0.6531248802331407,-0.32036822394814607,1.361490041049414,1.0034708769800211,-0.1931083329825506,1.0486,0.4866596090421357,0.4594794636976719,0.10118889808654785,3.509939670562744,1
pure_rrt_1773301630,pure_rrt,982,1.0612359017067745,-0.22629403765089962,1.1728072984053735,1.089838626119011,-0.7075925712977815,1.4436,0.5529874153824457,0.7590519216333297,0.10097980499267578,3.6084532737731934,1
pure_rrt_1773301630,pure_rrt,983,1.1249641939282153,-0.8403599643346455,1.5574978191079283,0.49070629412092326,-0.5775874667437917,1.0678,0.843289050680224,0.8713706870383258,0.05118608474731445,2.9107415676116943,1
pure_rrt_1773301630,pure_rrt,984,0.4309880047408178,-0.635915632050043,1.1866895458411086,0.36129724522136497,-0.43704306728488124,1.2268,0.21451328050147425,0.43983601093606906,0.05130624771118164,3.1133697032928467,1
pure_rrt_1773301630,pure_rrt,985,0.4322419638541749,-0.5354113520977444,1.3412178478115093,-0.04612264440500946,-0.5228500242582803,1.3352,0.47856734101308657,0.43331964575733267,0.10191035270690918,1.9054985046386719,1
pure_rrt_1773301630,pure_rrt,986,0.02486895384491339,-0.6364807490985839,1.4487087090361273,0.6279348629420425,0.49080342476886163,1.3716,1.2807825156428292,4.329788344829132,0.8530948162078857,5.81181263923645,1
pure_rrt_1773301630,pure_rrt,987,0.7453556529414516,0.5489784109757572,1.4848902663058183,-0.6743132927012585,-0.7202019316108105,1.473,1.9043161595867595,3.407026470139445,0.05092263221740723,4.511093378067017,1
pure_rrt_1773301630,pure_rrt,988,-0.7595969092753363,-0.8194415282108761,1.5857262515547297,-0.5498961164188956,-0.4217411673301299,1.2096,0.586183381441258,0.47556545610578227,0.10111546516418457,2.909363269805908,1
pure_rrt_1773301630,pure_rrt,989,-0.6316628878646493,-0.4498058975377017,1.3267449265524696,1.058836761368229,-0.5568785964440948,1.3711,1.6944677628825282,1.9411421370042858,0.10125231742858887,2.8110501766204834,1
pure_rrt_1773301630,pure_rrt,990,1.126841342003417,-0.6716670720638683,1.485369132565669,0.9632512475491584,-0.1664319760234425,1.0773,0.6697347521425397,0.5633849827646391,0.10132956504821777,1.604832410812378,1
pure_rrt_1773301630,pure_rrt,991,1.0397195609269922,-0.21015752662125534,1.1951382690865826,0.26456863454877877,-0.20316212038077197,1.2074,0.7752794621415332,0.7042692016952508,0.10137581825256348,3.5108184814453125,1
pure_rrt_1773301630,pure_rrt,992,0.3482407990506189,-0.24894294404539535,1.322505946448211,-0.8505983724805575,0.3388490704971011,1.0495,1.3628085185944383,2.6512248941382097,0.10197091102600098,4.509855270385742,1
pure_rrt_1773301630,pure_rrt,993,-0.90561605742213,0.39425900371773326,1.1705676808014998,0.2931141019886099,-0.19658161456898282,1.2447,1.3384850511111717,2.7253297751593393,0.10140824317932129,4.511854410171509,1
pure_rrt_1773301630,pure_rrt,994,0.37911858451267255,-0.24004516775623455,1.3604050860365495,-0.32747594318464956,0.23176900000708145,1.2041,0.8638956623313289,2.393905467915243,0.10113072395324707,4.410572052001953,1
pure_rrt_1773301630,pure_rrt,995,-0.4300046549982438,0.3172290579003521,1.3175297473252294,-0.1303010544543799,0.01251940525450601,1.4758,0.4557627600805531,0.5481848008680968,0.3029296398162842,3.7127785682678223,1
pure_rrt_1773301630,pure_rrt,996,-0.1302611253824696,0.012888965610010683,1.4759830233185403,0.776744535608092,0.363961458569232,1.0164,1.0756987123280095,3.80798344122498,3.6150076389312744,9.6256685256958,1
pure_rrt_1773301630,pure_rrt,997,0.9004465574953197,0.47740723237189164,1.360190864674828,0.7468991288066353,0.5353674293126532,1.1853,0.23983955435462986,0.2473257832038461,0.051095008850097656,2.3101539611816406,1
pure_rrt_1773301630,pure_rrt,998,0.8033266310160205,0.6139066878694796,1.536247882992338,-0.2041656190928982,0.4533259377985218,1.2217,1.0675987926266333,0.9583950888884,0.051206111907958984,3.1113815307617188,1
pure_rrt_1773301630,pure_rrt,999,-0.14896958942780747,0.5104368940344106,1.566972678597904,0.6183922450964319,-0.6725222514998098,1.4753,1.4130252669675705,4.910537184137142,0.20129966735839844,8.21802043914795,1
pure_rrt_1773301630,pure_rrt,1000,0.6498493431468892,-0.7001387138613244,1.7994805294899585,-0.2102168632443001,-0.20085763875179863,1.4277,1.0617044002199905,1.3955964145973112,0.1014857292175293,3.1086511611938477,1
