case,pose_index,goal_x,goal_y,goal_z,cartesian_distance_m,path_length_m,plan_time_s,execution_time_s,success,manipulability_score
area_only,1,-0.13066148444452752,0.563281457007225,1.3197,0.8304463301145295,1.2447437189433634,0.10124683380126953,4.711246967315674,1,0.262738990253312
area_only,2,-0.5637710546430907,-0.5286635290580576,1.0125,1.4119997514243485,2.0646214338547098,0.4520094394683838,11.22470760345459,1,0.31119361897345443
area_only,3,0.31840995327503974,0.22989172189176654,1.1375,1.1805083562157639,3.2793941947898277,0.8139564990997314,9.229683637619019,1,0.387598245307906
area_only,4,0.7769013140664358,-0.45124606192804856,1.1116,0.7842974879939998,2.6952390518181475,1.05287766456604,5.513617038726807,1,0.2655169801138885
area_only,5,-0.26999187445419626,-0.021984662937305166,1.3682,1.1790701847776395,1.5198757519855008,0.1009516716003418,4.208393096923828,1,0.49659126089669325
area_only,6,0.33969243733975607,-0.5513354354640945,1.3383,0.9966210324402607,1.0836556049501382,0.051213741302490234,2.509523391723633,1,0.28080216936029884
area_only,7,0.030930708718165167,0.33583177095400074,1.4461,1.0635356301749237,2.760624371740622,0.10185623168945312,5.109818696975708,1,0.5366593163535144
area_only,8,0.3011656754845682,-0.6791771329227231,1.0435,1.2039297339422044,5.534005763452717,1.0032215118408203,9.819989919662476,1,0.25214638831938735
area_only,9,-0.744067742703176,0.5607687281860799,1.211,1.717491788466881,3.420173324134355,0.3519554138183594,8.419731616973877,1,0.2525884540137618
area_only,10,-0.2692555094983793,-0.6087985153552286,1.0149,1.4074757859843752,4.103887969733214,0.45164918899536133,12.733004570007324,1,0.25879444044168654
area_only,11,-0.6311202185376483,-0.06262692550711468,1.1093,0.7807133276557378,0.869846545689104,0.10213899612426758,4.514218330383301,1,0.5837989909117726
area_only,12,-0.36009807646876646,0.16730561870237126,1.2527,0.46991762172256557,2.14745196639761,0.6021733283996582,9.523768663406372,1,0.4655836204245342
area_only,13,0.21057977365838032,-0.48900997810792585,1.0133,1.0843564687205731,2.4325935600759827,1.003063440322876,9.919230461120605,1,0.3462722061111025
area_only,14,0.9890869021802229,0.4864927794875896,1.0994,1.2768689406801506,1.425496491343179,0.10108733177185059,2.8089637756347656,1,0.41858935777300066
area_only,15,-0.6976078609330956,-0.4737195470360945,1.3249,2.0025227543112365,5.496022737869773,1.1531026363372803,11.023837089538574,1,0.4030545267444822
area_only,16,-0.10264161183544662,-0.370166430342667,1.2725,0.7771060478024848,0.5985852343207966,0.10232853889465332,2.308506965637207,1,0.3590625933331463
area_only,17,-0.31618780179961137,0.002664418259433421,1.1102,0.534180905081768,2.0995168961734687,1.5075368881225586,8.621593952178955,1,0.545777584115999
area_only,18,-0.7252406242266942,0.6129826508891109,1.2946,0.7330941290647713,4.010924247743335,0.4518723487854004,8.51745080947876,1,0.259657904707679
area_only,19,-0.86205516386102,0.3774440026969422,1.4047,0.41997210939466395,0.3767145476197301,0.10111689567565918,3.4114034175872803,1,0.443850914840579
area_only,20,0.6556578271315445,-0.6412626485173598,1.0032,2.069366192328599,5.379497338817552,1.5543835163116455,9.618754625320435,1,0.36457089923008973
area_only,21,0.8376709900854264,0.1134116262610646,1.4029,0.8523594557707932,5.848421456661482,1.2037816047668457,11.225366592407227,1,0.47738520413797164
area_only,22,-0.25663303835955753,-0.2961981155352495,1.3491,1.3616607351997785,2.1014078886346996,0.1009836196899414,3.8134591579437256,1,0.5225791946920245
area_only,23,0.8854556557862792,-0.09417669282748165,1.1701,1.3668225589805292,1.8402170485914688,0.0513157844543457,3.5099050998687744,1,0.45828470992123715
area_only,24,0.6348759663586907,0.02819486946048788,1.0777,0.4589362374918958,4.388805428145741,0.7536089420318604,11.742734670639038,1,0.4284090998716603
area_only,25,0.1630564678351123,-0.15555864077535275,1.4786,0.5757285302923014,4.233093687006499,2.056196689605713,7.520054817199707,1,0.5327078530971369
area_only,26,-0.8107073539688927,0.13142790507643431,1.1683,1.2982205450102808,2.1825903601984447,0.10113811492919922,4.109445095062256,1,0.38348510987631146
area_only,27,0.9257967513215164,-0.4004724771494458,1.0464,1.9604111013707213,4.565879728785744,1.5040435791015625,9.72033405303955,1,0.5531117416613353
area_only,28,-0.4195220359956043,-0.6372296038952384,1.0484,1.4908951503537002,1.448198426189399,0.10117745399475098,3.907766580581665,1,0.25875174729817596
area_only,29,0.9696607469429799,0.367357401521509,1.4237,1.7401672395657002,3.423464434968722,0.452103853225708,9.222435474395752,1,0.4693997555891265
area_only,30,0.7198780564140448,-0.4866527390905867,1.3019,1.0558511414093306,3.3184730335597714,0.10196733474731445,5.516401767730713,1,0.34053635408438493
area_only,31,0.727346387535172,0.48822944609487984,1.4036,1.1386053279974375,3.0555606618592392,0.152296781539917,5.2132568359375,1,0.37033493586695104
area_only,32,-0.4212325078418716,-0.1561538984275238,1.3649,1.5121262833860842,1.9882478461117623,0.05116105079650879,3.4136195182800293,1,0.5821870016361496
area_only,33,-0.85922087728718,-0.04123320625842464,1.2681,0.3631507428202542,0.460472173323614,0.10137677192687988,4.108797550201416,1,0.45424547410013777
area_only,34,-0.6354268419446407,-0.27911675449141515,1.4866,0.4835395114507065,0.44762468643402425,0.05226540565490723,1.5095429420471191,1,0.539194314484661
area_only,35,0.15524301229535165,0.22294804952197445,1.1893,1.2146187943735292,1.1589684872005788,0.10176825523376465,2.7119522094726562,1,0.4416878332284426
area_only,36,1.0345705385752644,-0.3970511255359496,1.276,1.2123730795177905,1.907559833378083,0.10097265243530273,5.314920663833618,1,0.4005260233372706
area_only,37,-0.3084461401438592,-0.692317334334872,1.4147,1.4193075203644894,1.4866594785652316,0.10205078125,4.510463714599609,1,0.2387972895350815
area_only,38,-0.7709691150225211,-0.36013975813889587,1.3093,0.6924626782652795,0.768021324761605,0.1011343002319336,2.1050057411193848,1,0.43465368099082285
area_only,39,-0.5858183635151959,-0.07049190737862832,1.4309,0.4913550619026617,0.4466316280461884,0.05100607872009277,1.7045278549194336,1,0.5449496693268084
area_only,40,0.4591726549584514,0.303465351461658,1.2887,1.3148504591735606,1.2710472828130996,0.15176939964294434,4.209947109222412,1,0.3646456126200244
area_only,41,-0.1440538309504401,0.12578821123557826,1.3523,0.6180187992400511,0.7179865439783633,0.05361461639404297,2.8064730167388916,1,0.5638451877787282
area_only,42,-0.6940456757521627,0.40470562893961304,1.0229,0.634888493581821,0.6426424922996183,5.219611406326294,3.111076831817627,1,0.25335816574086995
area_only,43,-0.7921836694384579,0.06888690394064434,1.1139,0.4427688083305403,0.48617638184109396,1.207249641418457,3.119138479232788,1,0.41185087300832035
area_only,44,0.14196844154917487,-0.43179480487803323,1.1447,1.1805371689930517,1.4723407880050972,0.8033220767974854,5.011449813842773,1,0.2938842707047815
area_only,45,0.4964385969190874,-0.21162563418306157,1.0399,0.5355975036957878,1.8501146672102091,1.1062688827514648,7.214803695678711,1,0.3179008071380972
area_only,46,-0.19700649221838762,-0.5870873818154306,1.1164,0.888046214322186,1.038004167720012,0.10102319717407227,2.809094190597534,1,0.35903469484573014
area_only,47,-0.36175969386856155,0.16381807925096203,1.0505,0.9245481709004634,0.9206289013176331,0.05118680000305176,2.4053165912628174,1,0.45081543017841214
area_only,48,0.1767674463016049,-0.41069495230277936,1.139,0.8774459751104473,0.8615858224521502,0.10134267807006836,2.407585620880127,1,0.4888072860495977
area_only,49,0.911628589297721,0.12688140229347022,1.3178,0.9865303968547312,2.952327045512833,0.5018658638000488,8.215716123580933,1,0.5854248037709848
area_only,50,0.5658441555208145,0.48962949717484106,1.1824,0.6817432329965617,3.1835841583766338,0.10267138481140137,5.71323037147522,1,0.27947009554903274
area_only,51,0.3995067226777984,-0.6273916880968029,1.1851,1.272060807882117,3.615587109540191,0.3532695770263672,11.6237154006958,1,0.32112246247848736
area_only,52,0.3289423962453073,-0.7303632510787509,1.1048,0.43072852200025974,0.18374304978535727,0.1015169620513916,2.2097699642181396,1,0.24412334951414125
area_only,53,-0.8629679408167945,-0.5220497373523568,1.1335,1.2881449070061741,1.2603650688456784,0.05137062072753906,2.7079713344573975,1,0.37971581310972824
area_only,54,0.41918721633415434,-0.4348539688011908,1.4683,1.3108719419119386,4.431737265899921,3.2890987396240234,11.128727912902832,1,0.3662939196834499
area_only,55,-0.2280577982483314,0.2826791906321652,1.324,1.192082948485606,3.373162692987144,0.1546339988708496,5.71276068687439,1,0.44548793574043793
area_only,56,0.43038875253928044,0.037856020982938055,1.3046,0.5826918263677896,4.016691887816191,0.10132551193237305,6.71416711807251,1,0.46287448389634667
area_only,57,-0.34736890725482017,-0.4077582299971391,1.0856,1.0819722568325005,4.631341811870287,0.3542659282684326,14.428552389144897,1,0.4127315506165224
area_only,58,0.8950362723610386,0.12418447212023931,1.3646,1.4095000426334965,3.233412795780471,1.6544218063354492,8.416858196258545,1,0.718850828079845
area_only,59,0.27042349932944365,-0.06628068869288095,1.0817,0.8948048343922346,4.140741114954586,0.5033323764801025,8.735420227050781,1,0.5326723224161346
area_only,60,-0.31650917764222386,-0.7095898621231824,1.1897,0.960078729413672,1.0860721771858406,0.2032604217529297,4.511279821395874,1,0.2675505653045407
area_only,61,0.9909889141874761,0.5676978648015553,1.4948,1.8601131969754578,3.2194157065256155,2.1083452701568604,7.4312474727630615,1,0.48161227589718464
area_only,62,-0.8423649860397847,0.5325097049955348,1.32,1.996870919923669,4.903560680965901,0.552471399307251,12.023582696914673,1,0.40662566947810425
area_only,63,1.036894794590899,0.4290349918121529,1.2785,1.9420966230326757,5.355318494703098,0.5518233776092529,10.020307302474976,1,0.4388626097784485
area_only,64,0.8139528829464104,-0.30754916491527445,1.3423,0.8886455172989256,3.6608787136885836,0.05112648010253906,5.81227707862854,1,0.49755387625757214
area_only,65,0.9824587623866678,0.21334494063141296,1.4214,0.6568937654411695,4.088191014424181,0.05101275444030762,6.314458608627319,1,0.5965200154738527
area_only,66,0.3459443233177544,0.6173339900432578,1.388,0.9238884971760667,0.9961729924109117,0.10176873207092285,2.513171434402466,1,0.26348390388189413
area_only,67,0.8659534285612076,0.2748160807942769,1.1145,0.7974921233926588,4.494442151038877,3.6249024868011475,10.53245997428894,1,0.4281479559865012
area_only,68,-0.16048853828244525,-0.33960480598058607,1.0161,1.3269225906951443,1.9993120056047364,0.15170049667358398,4.309033155441284,1,0.4136115970361419
area_only,69,0.8455373354257656,0.5117925192125917,1.1577,1.4146576007161475,2.296945727729064,0.5560386180877686,10.21981167793274,1,0.24841088340620562
area_only,70,0.7092210447121483,0.15005044088864938,1.1339,0.5356149040846634,3.1200160166982522,0.5519876480102539,6.011273384094238,1,0.3870972738008633
area_only,71,0.8909905874824164,-0.27859465448598975,1.1055,0.4486796037422269,0.5531826698962539,0.5020325183868408,3.510561943054199,1,0.32986580644891167
area_only,72,0.2731512394544169,-0.6936153158032764,1.4715,0.787542525622271,0.9647602860836694,0.05135154724121094,3.4079041481018066,1,0.24029113419614465
area_only,73,-0.3050752382817403,0.06880490002182083,1.4382,1.092293101882034,1.4013116326704222,0.3015170097351074,2.80800199508667,1,0.8158823663428174
area_only,74,0.7573943112274426,-0.24809805870092472,1.1573,1.3284219703462856,2.034373295004044,0.10132288932800293,3.6089589595794678,1,0.38145457010734973
area_only,75,0.6531272222414466,-0.44646190821933746,1.3277,0.21941624192923737,0.35008570612444445,0.1009674072265625,4.2142627239227295,1,0.376885162722994
area_only,76,-0.7705668286438195,-0.012918736225364547,1.1978,1.6140738028542887,1.9403498918192117,0.15201807022094727,3.3155908584594727,1,0.4102793634111051
area_only,77,0.5661130234383152,0.5978207571815227,1.4573,1.5833252457979137,1.8129496587538652,0.15659284591674805,2.7177019119262695,1,0.27219441327298743
area_only,78,0.7030590380315707,-0.37087648676591,1.2294,1.206956177909425,2.9446005204543466,0.2069084644317627,4.918591022491455,1,0.38297719447432915
area_only,79,-0.8227548265505632,0.579678921767469,1.1324,1.9389847230953692,2.8069163784705276,1.2544646263122559,8.818008422851562,1,0.35389989845590497
area_only,80,-0.06245526417091707,-0.5048936042226579,1.1233,1.4316892152711937,2.1722384971136375,0.051047325134277344,4.012282848358154,1,0.37703358746053567
area_only,81,0.2155672494475307,0.23885479778988572,1.2807,0.8330437319569419,4.673140339507618,0.9040327072143555,9.818086385726929,1,0.3558881847830762
area_only,82,1.0195429862744507,0.27087036353998595,1.1314,0.6896880293298902,0.7734942517078941,0.5538129806518555,4.414303302764893,1,0.324865725051597
area_only,83,-0.04135267626812045,-0.4026176204254096,1.2923,1.3776776983243333,2.3775477383361423,0.10151553153991699,4.608825206756592,1,0.3889530159992818
area_only,84,-0.8444721055358239,-0.583516191943497,1.4489,0.6678566369178696,0.8222093385599808,0.05132722854614258,3.1097657680511475,1,0.32108303971827146
area_only,85,0.8225228775098163,0.22382589878815262,1.1997,2.0518618203803776,3.402754552406303,0.10155200958251953,5.014312982559204,1,0.4417312921379952
area_only,86,0.10138266448156175,-0.09244978694750272,1.1097,0.9441717883412228,2.5595944733613125,1.1115305423736572,10.337997198104858,1,0.4838890068636657
area_only,87,-0.08316361642440584,0.10317803472374554,1.4988,0.26084524195301195,0.3261839393036157,0.4540290832519531,3.7101047039031982,1,0.7319377190849407
area_only,88,-0.130517797810334,0.11693152419136088,1.2548,0.2489444697761879,2.038776537783722,0.453479528427124,8.114742279052734,1,0.423834224057194
area_only,89,0.43253077786874905,-0.5191280971901155,1.0455,1.0603971293925745,2.6686123036605727,0.7021713256835938,9.017682313919067,1,0.37467128985279735
area_only,90,-0.8204545825065056,0.061855648669738694,1.0236,1.5082986073660134,1.8067762451820293,0.10105228424072266,3.309041976928711,1,0.42371761156227333
area_only,91,-0.10364720625867363,0.14087801213979334,1.0548,0.8602683819664505,2.1591175529387425,0.05093979835510254,4.412052154541016,1,0.5613603423983401
area_only,92,0.9929832509950729,-0.21249497566173614,1.3137,1.097901426325327,1.1668364183360287,0.10117745399475098,3.910548210144043,1,0.677801772321002
area_only,93,-0.4849419708476145,-0.6476975725975227,1.396,1.6051563094213437,2.8261037293051428,0.6526074409484863,9.322019815444946,1,0.2594491403228364
area_only,94,-0.6858140517817499,0.1954513066740744,1.2111,1.0616885709627395,1.3631894423607749,0.15253114700317383,3.3155224323272705,1,0.4850671139417618
area_only,95,0.801542866341459,-0.7110243602989752,1.0318,1.9042380296379935,3.218117258231776,3.3764050006866455,7.446669816970825,1,0.23168491766715882
area_only,96,-0.6387973116538773,0.2143168652103431,1.1908,1.8052535667814393,3.53647529944422,1.103024959564209,6.311930894851685,1,0.5959997057288515
area_only,97,0.5839108088193017,0.360982798348782,1.4981,1.2900417151284957,5.194988833077459,0.5019710063934326,11.625458717346191,1,0.5054073853021375
area_only,98,0.6147184377521813,0.36559093175322077,1.2646,0.4205273275314355,0.2640827901233259,0.052277565002441406,2.507955312728882,1,0.37002756862287456
area_only,99,-0.1356601539587038,0.3237914080595038,1.4855,0.9084564058761841,1.2394506659902127,0.10120916366577148,4.809261083602905,1,0.5265931958872276
area_only,100,0.8283740741528494,-0.1535622063867247,1.4304,1.2757625269849273,3.7020421737313494,0.1513218879699707,8.11600399017334,1,0.6102833144186851
area_only,101,-0.6686084919671815,0.4971076937777247,1.0057,1.9008976929055663,2.6983397588643343,1.1027045249938965,9.017601251602173,1,0.2628647836422488
area_only,102,-0.23866169075732746,0.4874489159537795,1.3604,0.4883808212122274,4.152985349145154,0.9529809951782227,12.24058985710144,1,0.3896302323795758
area_only,103,0.9214670772629805,-0.6175721060958524,1.3409,1.5986380606685708,3.7178791476377944,0.8540992736816406,6.914633512496948,1,0.47121975359224816
area_only,104,1.0111033652302361,0.0449036582813952,1.2685,0.7990023272018042,3.1407115071241947,2.3054497241973877,8.617321491241455,1,0.2890381033827807
area_only,105,-0.2918562504944361,-0.2914149146617354,1.1334,1.517539019163968,1.9224971665802963,0.5525932312011719,4.5119171142578125,1,0.37118860471303183
area_only,106,0.6959096646646317,0.34193532819971717,1.3205,1.2925330553902379,2.1996292892636102,0.10164427757263184,4.1083738803863525,1,0.4621420858515261
area_only,107,-0.758918537647011,0.0120526843128127,1.0558,1.705730251096188,7.59945719886951,0.8523764610290527,15.629050970077515,1,0.4663894818445331
area_only,108,-0.17748644512178002,-0.5821499194284695,1.2174,0.8889482468443682,3.087335552796713,0.5536754131317139,9.020308494567871,1,0.2513214948394954
area_only,109,0.3523082014928294,-0.6040574430072863,1.2269,0.5974861006153687,0.539145762897291,0.05104231834411621,2.1056246757507324,1,0.24784130258102025
area_only,110,-0.7287837213861684,0.38623572146494956,1.4769,1.5385390989645522,2.0421946293981335,0.10206913948059082,3.310542345046997,1,0.5279194671266398
area_only,111,-0.7048516506831496,0.6126427808606151,1.4379,0.23073326306312317,0.36734956013744985,0.16274189949035645,3.517646312713623,1,0.2717039661665787
area_only,112,0.7379687423043702,0.558519545325422,1.1317,1.4637811378514658,4.2120498800568225,1.205533742904663,8.017854690551758,1,0.501341798729261
area_only,113,-0.12725350147772496,-0.6282700152560291,1.2503,1.56662769691037,3.5545381367336164,0.7035677433013916,7.916156053543091,1,0.24540695366188925
area_only,114,-0.032191977672493044,0.5023309251201674,1.0893,1.3032060842707687,2.191488082637119,1.7062709331512451,8.617097854614258,1,0.33691003419348725
area_only,115,-0.8504970760709754,-0.09906027790007044,1.4563,1.0662421162002633,3.870983401987258,0.4015519618988037,7.814775228500366,1,0.6377021687132863
area_only,116,-0.6400629788877781,0.14901495510747143,1.4353,0.48446900194504045,0.49119737322490753,0.10105180740356445,3.9086925983428955,1,0.6151581248683211
area_only,117,1.0340259910765421,-0.22792782373443055,1.1492,1.9409686096148249,2.6045826019609306,0.15764951705932617,3.9088354110717773,1,0.4241435384476022
area_only,118,-0.4298330480544449,0.5804677691914001,1.3195,1.7940582580797275,3.3139469796062064,0.1014561653137207,5.318557024002075,1,0.2627304561469376
area_only,119,-0.7874570545139581,0.48143063822114984,1.3045,0.5067429155490467,0.44474504274284704,0.10309004783630371,1.5056231021881104,1,0.3179258912304347
area_only,120,-0.7267352086944394,0.017995786767414867,1.0764,0.7288647973486442,0.6817835984594355,2.92415189743042,3.2092695236206055,1,0.3468952887370452
area_only,121,0.37446810078409043,0.21295869866486405,1.3813,1.2254961234601314,1.946886475724373,0.2536447048187256,3.814990997314453,1,0.5446152811005738
area_only,122,0.2851109662315847,0.49519110641461894,1.2697,0.45186405875311003,0.44631951480652754,0.10150766372680664,3.8111612796783447,1,0.32052656402690166
area_only,123,1.0107155614397394,0.48022243906611906,1.3893,0.6279017576690076,0.7643238415536191,0.051046133041381836,4.311409950256348,1,0.3574489825734357
area_only,124,-0.32323049533139503,-0.48452152653955194,1.2652,1.8508226121968867,2.6186813323547224,0.10127568244934082,4.209383964538574,1,0.33208250973627
area_only,125,0.2838064136884284,-0.6361926088101109,1.0003,0.8190182435055116,3.2696078007534526,1.3031537532806396,8.6161789894104,1,0.2697716609526763
area_only,126,0.5107565171871349,-0.0064035926431784684,1.1621,0.7640724782703254,4.568605216817671,0.5522048473358154,8.71770691871643,1,0.37174910484226814
area_only,127,0.48413718400178873,-0.5195643253401193,1.0097,0.5540320313489713,3.843024806164507,0.9051234722137451,10.221880435943604,1,0.2820325716036094
area_only,128,1.0095034281445934,0.25413860452560666,1.4645,0.9642736176733658,9.301138458917746,1.25715970993042,23.147095203399658,1,0.6295750841762547
area_only,129,0.9756678540076542,0.4469717841735611,1.4394,0.3190469370722796,0.2901722300534373,0.05091381072998047,3.6091127395629883,1,0.4130171786447285
area_only,130,-0.12684960684770574,0.37070027649423853,1.4158,1.2879338834856222,1.4622638933536998,0.051294565200805664,2.6574485301971436,1,0.5051693470661217
area_only,131,0.3045670778279319,-0.21965596298897638,1.1538,0.997076831972678,2.221510660619827,0.05096316337585449,4.310594081878662,1,0.3986170749735954
area_only,132,0.7885674927374753,-0.09901559844171082,1.029,0.5070480593796965,3.024476327096091,0.45168018341064453,10.722219467163086,1,0.5593702574439978
area_only,133,-0.7612637656378625,0.4451285449744432,1.439,1.725201840946857,3.6576844475880135,0.5016977787017822,11.323784828186035,1,0.4556307144117091
area_only,134,1.1023342110804804,0.020163163498010173,1.4735,2.034462806316669,0.0,22.34992551803589,0.0,0,0.0
area_only,135,0.8110011283226295,-0.4031437082048464,1.0428,2.0118907892910753,3.7848155076195336,0.9026012420654297,9.217770338058472,1,0.29786125372514477
area_only,136,1.0179291360267877,0.08988394773550923,1.243,0.5649674209080741,4.1520865740872885,1.0072541236877441,12.125491380691528,1,0.5333930876855008
area_only,137,0.3521301725875494,-0.2508844254228771,1.0346,0.9305265067501303,1.5925850147487584,5.38537335395813,3.8100147247314453,1,0.2790180516116643
area_only,138,0.15824986319131829,0.3181654702447686,1.3803,0.6386159912418773,0.9044105974582224,0.10194087028503418,3.108869791030884,1,0.5011133862135773
area_only,139,0.22087935445103035,0.027728772889620834,1.3829,0.48299471449175263,2.4758712511956946,0.10117387771606445,4.759937047958374,1,0.5854202468989237
area_only,140,-0.6073818172108301,-0.7034526027454723,1.0642,1.2949439655259576,3.48798802174866,0.5025374889373779,10.620524168014526,1,0.24821518191165978
area_only,141,0.5224861003726611,-0.4503872420867566,1.2376,1.1781520010378923,2.3379577643033835,1.0034615993499756,7.915872097015381,1,0.2882761396872145
area_only,142,-0.17813545844532475,0.06754690173826594,1.2749,0.9789267391982093,1.365943814455071,0.10126781463623047,3.1135241985321045,1,0.4718344166676454
area_only,143,0.9190425324866094,-0.2644969883099853,1.1325,1.335523564496027,2.6791237040815172,1.1050605773925781,8.019951820373535,1,0.4447658086283108
area_only,144,-0.08705220543924252,0.11174712611309823,1.4362,1.1307947511962435,1.8912384411831054,0.803699254989624,9.122910022735596,1,0.6003722670282402
area_only,145,-0.5815003607986469,0.5301313969718934,1.2116,0.8900903652886182,7.227096906406256,1.2032828330993652,18.338472366333008,1,0.345922674885292
area_only,146,0.03700706886423388,0.6035647584422456,1.1059,0.566243207799487,4.57542764954826,1.682480812072754,10.021632671356201,1,0.30812027918038587
area_only,147,0.38240049325575054,-0.4130399197987627,1.2696,1.148315236979988,2.6964775854634953,1.1532464027404785,7.917963266372681,1,0.3677767538000185
area_only,148,-0.619213147185695,-0.5342856991141075,1.365,0.864437559839731,1.0052562755769774,0.10112261772155762,3.60921311378479,1,0.42610081250786874
area_only,149,-0.512513672720895,-0.2680531527130119,1.1006,0.5877762881981331,3.2959777422208787,0.5522255897521973,9.318565607070923,1,0.5661652694587961
area_only,150,0.4500994377486758,-0.5062324969689606,1.1559,1.0809155117470302,3.122438020431462,1.0030028820037842,9.623013734817505,1,0.24943977387078187
area_only,151,-0.5381707049909699,-0.3602168741700888,1.4976,0.9885555555777791,1.2060371375519872,0.20241022109985352,5.014021635055542,1,0.5332147103291716
area_only,152,-0.6338997034786091,-0.10988997272303469,1.3249,0.4613948510181499,0.4043839852137095,0.15270495414733887,3.1099960803985596,1,0.5391788511564156
area_only,153,0.12477303083432634,0.20560249453674795,1.2191,1.0005495611810313,0.9168980139957275,0.10239553451538086,3.8091535568237305,1,0.44917117958280117
area_only,154,0.37149857197097913,-0.63066309010225,1.2588,1.0020228821644965,1.3954756204463779,0.05121803283691406,3.208167314529419,1,0.24736337043358075
area_only,155,-0.75194348356766,-0.362570111445742,1.0605,1.2091349852945215,3.8362405564750777,0.40185093879699707,11.322780132293701,1,0.4045779238173643
area_only,156,-0.5072793396356601,-0.45535402973536,1.1123,0.4090485795129478,0.27723218482593426,0.0513308048248291,2.8081016540527344,1,0.3929408539239786
area_only,157,0.3523809571730465,-0.23611265923113267,1.169,0.9702873879663788,7.461011481759063,0.6025574207305908,16.1301851272583,1,0.377114831545957
area_only,158,-0.800293891870835,-0.39615163847131546,1.2942,1.2430222971493214,1.5462330506989594,0.10116147994995117,3.4189345836639404,1,0.4452398561951128
area_only,159,0.14114469027325027,-0.011876071245456199,1.1151,1.2141006952902458,2.0084596261080843,0.9121203422546387,7.921887636184692,1,0.4585977675769156
area_only,160,0.18264742211385587,-0.4098455280058814,1.1101,0.5371357559399658,0.4525795618396786,0.15216588973999023,1.7051289081573486,1,0.5023233716615368
area_only,161,-0.8332188860045463,-0.300463226488713,1.0355,1.1700530171407146,1.4037580054387846,0.050905704498291016,4.609604835510254,1,0.48199843286344046
area_only,162,-0.6356314547342441,0.48058448373661566,1.3156,0.8811755268859894,2.449707583496448,1.955904245376587,9.119422912597656,1,0.4035163142773046
area_only,163,0.6911373949197446,-0.058140418671475236,1.1145,1.5793714282753273,2.896806536285465,0.9539639949798584,5.1103515625,1,0.36097438745878746
area_only,164,0.2901190959173825,0.28123383752926945,1.4527,0.6826277708691593,2.2328359483694222,0.10126709938049316,4.412363290786743,1,0.5717105644592132
area_only,165,-0.3105561547069281,-0.24412492474827535,1.4298,0.8214608866956387,1.1474040105698315,0.05119037628173828,3.7075445652008057,1,0.5727207122800303
area_only,166,-0.16721628927046872,0.6124719518415541,1.0354,1.0793437989162575,4.1052990140372065,0.4515366554260254,8.216106414794922,1,0.2594993585459929
area_only,167,-0.6712671392663598,-0.5329715427607278,1.119,1.3405201313138562,2.6957352749328494,0.0514981746673584,4.812135457992554,1,0.39524326014708117
area_only,168,-0.503224158330312,-0.35127923821465407,1.3345,0.33434493773495627,3.4828644171865615,0.551872968673706,7.941141366958618,1,0.44576936385124666
area_only,169,-0.7139767160986251,-0.022321350730470035,1.1071,0.5305489684716551,5.0105108917723165,2.114248037338257,9.923193454742432,1,0.5009581565570981
area_only,170,-0.6509388959029203,-0.1963464069111509,1.0662,0.4292906593224333,0.21158813230640888,0.05107831954956055,2.2046220302581787,1,0.4545885261390604
area_only,171,0.7464368446214729,-0.3886415156402526,1.4678,1.464401424471631,5.213314828123383,0.9024717807769775,12.122629642486572,1,0.5810164081665837
area_only,172,0.9690232104508749,0.02199221500113957,1.2855,0.6464144312270504,0.616064276134845,0.10098528861999512,3.7084884643554688,1,0.5048420949618982
area_only,173,0.6521349935864189,-0.4860018894819629,1.2363,0.6843019713775025,0.8131312408136305,0.05122017860412598,4.308824062347412,1,0.31108908719217704
area_only,174,0.1330837705525898,-0.4099290276616797,1.3923,0.5827035138941461,0.4882305090577702,0.051201581954956055,2.5076675415039062,1,0.4476397937235678
area_only,175,-0.30093424347781306,0.05562131623466937,1.4037,0.8231004301215669,0.6869184844377946,0.0511476993560791,2.7062337398529053,1,0.5874815251474389
area_only,176,0.1825922553172432,-0.6717944604059854,1.0952,0.8728556802169659,2.5760047599248432,0.5017514228820801,9.522148847579956,1,0.26209424437093803
area_only,177,-0.7473908085229743,0.6172053593037848,1.0485,1.706298833100715,2.4401207741398365,0.1532597541809082,4.218010425567627,1,0.26046966168795804
area_only,178,-0.36830222225822007,0.19338474033567887,1.2155,0.6681855356506128,3.887437293343969,1.515885829925537,10.523596286773682,1,0.439103040621712
area_only,179,0.06166400570641384,-0.17713058396165293,1.2118,0.7250364009087849,0.6157928175227505,0.05091261863708496,2.5058281421661377,1,0.39204997676385833
area_only,180,0.7732876662352792,0.5829469752557884,1.2335,1.152405367493595,1.4054728422450016,0.10147309303283691,5.310039520263672,1,0.25537085684684857
area_only,181,0.986790785419297,-0.49398576708838293,1.3645,1.2312106009927362,2.578091625967797,0.05139446258544922,4.5092432498931885,1,0.34389296843946443
area_only,182,0.2656057103225853,0.413672739265866,1.3367,1.3302632892568367,2.1541115293300566,0.051122426986694336,4.110581398010254,1,0.3920645388587024
area_only,183,-0.47337465166537035,-0.518136734502522,1.4921,1.2855471212886171,1.6445736955330033,0.10129928588867188,6.9140448570251465,1,0.40850555847860814
area_only,184,0.44542089141986874,-0.02430810636723002,1.0492,1.3672086929811786,2.820497637434755,0.5020337104797363,8.71737265586853,1,0.498528759049477
area_only,185,-0.09517379708833662,0.379007629833947,1.2013,0.7520727812397956,2.794719771361112,1.7041947841644287,10.920580387115479,1,0.4070977864175412
area_only,186,0.04403133519715996,-0.32890680089846874,1.1697,0.8657510069585311,0.9610875135482359,0.05140209197998047,2.5073161125183105,1,0.33867881071541733
area_only,187,-0.4127544382190081,0.4930154636792571,1.4308,0.9415654031051993,1.2887030147957919,0.05212116241455078,2.9107465744018555,1,0.4012884247965108
area_only,188,0.9236277239317321,0.1147030063858252,1.1243,1.5626943260081139,3.3318146980359673,0.8561646938323975,5.318870306015015,1,0.39811004592802257
area_only,189,0.37111736118755023,-0.2828396854611636,1.0951,0.7859042450813913,3.5581941380977744,1.0569076538085938,8.620972633361816,1,0.4263053395285705
area_only,190,0.3559842022503137,-0.010024459624534132,1.2243,0.3628050444919611,2.2703592749243424,0.8070473670959473,9.820080995559692,1,0.4696926648932078
area_only,191,-0.5723803883696872,-0.3146938788489167,1.2109,1.105993934073823,1.6245654792637665,0.05131888389587402,3.507333517074585,1,0.3611387972650427
area_only,192,-0.8065387143536853,0.04002842701318898,1.1393,0.4536252265730511,0.5122407826126927,0.051053524017333984,2.605527400970459,1,0.43171350897725963
area_only,193,-0.19499397404507146,0.3854075366193458,1.1249,0.7944451152195621,3.966568706291335,0.5018913745880127,10.722822904586792,1,0.42188633003170695
area_only,194,-0.6203174712580108,-0.19712726277005532,1.4616,0.7078785870504251,2.984326933081636,1.1551790237426758,8.9165198802948,1,0.7209702568845908
area_only,195,-0.41862373464890457,0.2493750289720732,1.2216,0.6953355857083026,1.8146591695424297,0.10123300552368164,4.108959436416626,1,0.4093555753673229
area_only,196,0.5024058169337922,0.002703385159597227,1.4307,0.8235548120507846,3.973259951549135,0.20203757286071777,6.720425844192505,1,0.4610557545176845
area_only,197,-0.5130733252995743,0.5052110712724055,1.2752,1.3767008298413814,3.072205699884555,0.1521916389465332,5.2136452198028564,1,0.32196363458766275
area_only,198,0.04269550282267098,0.5585673086266344,1.0253,0.6920577035945191,7.883285766065755,1.0045623779296875,14.028294563293457,1,0.30478530372967133
area_only,199,0.1296713615490115,0.09713811948720619,1.4996,0.5638100288419702,3.757875143669411,0.6026787757873535,12.325185298919678,1,0.648318418074136
area_only,200,0.9744584358825197,0.03349299425157315,1.418,1.0569983819711746,2.861619032673984,0.10121297836303711,6.113279581069946,1,0.5523133515069228
area_only,201,0.5287469732091561,-0.5334113550358048,1.4845,0.8199452451810165,1.3708410350445317,0.20397520065307617,3.2079813480377197,1,0.4099074191716845
area_only,202,-0.032373009478670944,0.26887437974836936,1.4632,1.0413949867770522,1.443388677153954,0.151092529296875,4.509359359741211,1,0.47920164163379636
area_only,203,0.020563634122989782,-0.5874109250148023,1.4243,1.046747428364042,1.5024107230258537,0.1015615463256836,4.509194850921631,1,0.2661799115334454
area_only,204,-0.6259185658551252,0.5222367467162697,1.0832,1.494770265543235,2.237475683890303,2.1084842681884766,6.91361141204834,1,0.3063167236035555
area_only,205,0.29890791364644986,-0.19477028488244097,1.2428,1.2155547481656488,3.8660588913920684,0.6530880928039551,12.029456377029419,1,0.42872303564747055
area_only,206,0.7182555351212587,-0.7366356003916756,1.1069,0.5891287300196881,2.091218487865163,2.371633768081665,10.622467756271362,1,0.25223149323420985
area_only,207,0.19211808502296313,0.5208816169511331,1.2005,1.4740769769032076,5.062482208970028,1.0029683113098145,12.62560772895813,1,0.2551494518600246
area_only,208,0.5887274737535213,-0.12165254921740487,1.0293,0.8869398144647385,3.1228999030397464,0.45425963401794434,9.016884565353394,1,0.42053163502022645
area_only,209,-0.5938213856072367,-0.5006442805404492,1.1895,1.3307828615023716,2.6401402968475116,0.9529235363006592,9.418721199035645,1,0.26205861853842577
area_only,210,0.9402245759169743,-0.24507078261374604,1.4927,1.619924840532074,1.7864856071390747,0.10140728950500488,3.108924150466919,1,0.6833364581275321
area_only,211,-0.8470467870419227,0.16870034915096044,1.1326,2.0625510584839044,5.331305394645447,0.30140018463134766,10.118536949157715,1,0.5744763532100474
area_only,212,-0.5783504735933301,-0.1733064539990693,1.392,0.48697198710963097,6.700796632791162,0.3016242980957031,11.526412010192871,1,0.5029964546219114
area_only,213,0.12235051047652279,0.07505901379774027,1.2275,0.9738007523671044,0.8451541119044731,0.10231757164001465,2.5075697898864746,1,0.43633351100833606
area_only,214,-0.456967114484549,0.4909265936915409,1.2115,0.5784709195764278,0.6649470472110459,0.10199999809265137,3.314750909805298,1,0.2908726062385785
area_only,215,-0.8005585583250759,-0.09438001741886093,1.4787,0.8214279121103711,1.1778511555707973,0.20233678817749023,4.61175012588501,1,0.5492436648083455
area_only,216,0.664095736289511,-0.12018114105621003,1.4977,1.675203297746807,2.339899726315105,0.10154557228088379,3.8153884410858154,1,0.5665183113762244
area_only,217,-0.07868761334510388,0.025945815217491397,1.2779,1.0243103917991756,1.967914661017797,0.05138039588928223,4.010676860809326,1,0.45116085386728155
area_only,218,0.8350591008487913,0.5569626449716115,1.3592,1.1648508511275306,1.4251642323687135,0.051592350006103516,3.107865333557129,1,0.28295588125241183
area_only,219,0.40340709469972924,-0.1813992489112155,1.0774,1.1119828519653474,5.147489353608143,1.206864595413208,8.114709854125977,1,0.6124483418840349
area_only,220,0.5460569575755418,0.1623614961845481,1.1484,0.44604744880739494,0.3946299938904441,0.051277875900268555,1.6041593551635742,1,0.4788114377748141
area_only,221,-0.4150097531624425,0.18018062970465287,1.4844,1.0083711095163144,3.467538083712408,0.702106237411499,8.519155263900757,1,0.5773888125911013
area_only,222,0.7124336812096612,-0.4976796343373456,1.2896,1.554420067473557,2.1682205200536093,0.10114884376525879,5.410667896270752,1,0.2973718336769721
area_only,223,-0.6759071595509779,-0.40888140956675006,1.2711,1.4216113141098414,1.5598198865406554,0.10159158706665039,2.7101595401763916,1,0.42101239101682053
area_only,224,0.7724957715717773,-0.19726983030424305,1.374,1.6110135157438936,1.9146202178729645,0.10140013694763184,3.10972261428833,1,0.5500970136813375
area_only,225,-0.2919811986226717,0.4885654146480186,1.0286,1.5206869857643257,3.999297636438789,2.881171226501465,13.0281822681427,1,0.3092262480738997
area_only,226,-0.46096944230057385,-0.7065447518773718,1.2921,1.2520604310724912,2.8846610607001977,0.05103635787963867,5.01148247718811,1,0.3096955168619326
area_only,227,-0.03773654072566912,0.48353093101976363,1.2514,1.352960971456083,2.7283167130201873,1.0034542083740234,7.214172840118408,1,0.3301709659989977
area_only,228,-0.35882275493917826,-0.22130263117817528,1.4264,0.906875693221552,1.1204365640065836,0.10123062133789062,2.907214641571045,1,0.5026768659851475
area_only,229,0.36406313535698365,-0.18046838988923564,1.0787,1.0450310487318395,2.31875757258931,0.3012373447418213,8.818957567214966,1,0.5384867037760952
area_only,230,-0.2893688645879192,0.5601748437660033,1.4804,1.0430727705544096,4.375086301631496,0.403195858001709,9.61830997467041,1,0.33197091720381233
area_only,231,0.8483035282296632,-0.07326953360516819,1.0401,1.4198754944175531,4.559778461201628,0.5530376434326172,9.719045639038086,1,0.5024911673054403
area_only,232,-0.030226834141979353,-0.7121271703681586,1.0929,1.195691412564553,1.2535612831052811,0.05097460746765137,2.5064761638641357,1,0.2517085710016224
area_only,233,0.3825538316954238,-0.38866232021478003,1.2975,0.5769084314468833,6.768716154906462,0.8564672470092773,12.540537595748901,1,0.3804799935768895
area_only,234,1.0780851221544403,-0.020701689516109623,1.3376,0.8235762039103243,0.9274908411415599,0.15196752548217773,2.906846284866333,1,0.6699239926405453
area_only,235,-0.8365496790829209,0.5132465602141257,1.1176,2.170844210082691,3.227875963768216,0.40277719497680664,7.013918161392212,1,0.43507586145564586
area_only,236,-0.3298225525979577,0.018440575456700192,1.0599,0.8755746501332474,4.073226616887652,0.10144662857055664,6.312958002090454,1,0.5502390857162747
area_only,237,-0.46387303937048446,-0.7278917314232478,1.4451,0.7306958326629177,0.9053250550378593,0.05101132392883301,2.408130407333374,1,0.31128819895552595
area_only,238,0.8590501337289052,0.07784560238200366,1.1231,1.6830707393646334,1.8249686547384496,0.101715087890625,3.9081056118011475,1,0.49517908548977274
area_only,239,-0.5254141257683229,0.5134020137008949,1.2973,1.506315715026958,4.121510769904315,0.8026340007781982,10.319946050643921,1,0.28549864915850326
area_only,240,0.15549489187058407,-0.6784687616510744,1.3097,1.5213156867498496,3.7736863937017,0.914431095123291,8.117928504943848,1,0.3048923264639996
area_only,241,-0.7088930401723994,0.08573099840681742,1.2096,1.2600011420778225,4.169700711661027,0.6059296131134033,9.124040126800537,1,0.46763889829242417
area_only,242,-0.30080901372047286,-0.2543056875771598,1.2918,0.6727334610425081,1.5924929559924856,0.10117006301879883,3.9108450412750244,1,0.45468537311991836
area_only,243,0.2496139970684501,-0.08890674737843696,1.2614,0.5454486279157266,0.6163940593794615,0.100982666015625,3.306840658187866,1,0.4739592189493948
area_only,244,0.5789578966707161,-0.44767191981630017,1.4674,0.35011027744697415,0.5904407743737078,0.10193324089050293,3.4076383113861084,1,0.41416915879518074
area_only,245,0.30644445864790515,-0.67234093227264,1.1021,0.6129979923561204,2.2451137516977036,0.5021641254425049,7.115066289901733,1,0.2624904143805472
area_only,246,-0.2105286084007837,0.3162333679467594,1.3581,1.1888327851704863,4.053812622463187,0.5522255897521973,11.32145881652832,1,0.48287548266158986
area_only,247,0.5702701147955418,-0.062194931532683295,1.1193,0.8307044064355349,3.716441699915499,0.5019516944885254,6.414536237716675,1,0.34212794870392943
area_only,248,-0.3846311701200903,0.3824465844843504,1.1979,1.1763055138569798,2.4163146196488676,0.05109691619873047,5.211848020553589,1,0.334273662689118
area_only,249,-0.33360833801021395,0.06797693627812573,1.3358,0.46408619265398743,0.42456586330301826,0.15194272994995117,4.615114450454712,1,0.539922958277066
area_only,250,0.9451155065661652,-0.555011201117347,1.15,1.6265248563503023,2.675139378180673,0.8580000400543213,7.5217204093933105,1,0.406507391992301
area_only,251,-0.5060665350418558,0.001571901697864142,1.1581,1.6484553368475143,1.903555710002052,0.8572652339935303,4.209771156311035,1,0.46564983072195426
area_only,252,0.7256041950613934,0.16216834586052575,1.3759,1.2975680718024112,3.5476717061680394,1.1531498432159424,6.415097713470459,1,0.5684794152708148
area_only,253,-0.3781580064410935,-0.07053009995432491,1.0363,1.3230840951267633,1.1279604082037544,0.3021883964538574,2.9078495502471924,1,0.32307231778317025
area_only,254,0.9981256112588675,-0.6888275611796729,1.2291,1.4602678151977881,3.4084427316826154,0.35162973403930664,9.917678356170654,1,0.6168691209497658
area_only,255,-0.515099665957625,0.037356746779313,1.4992,1.7005476220226903,4.666939451027374,0.4519326686859131,9.82106328010559,1,0.688038845720681
area_only,256,0.5092869696832367,-0.3344424638701152,1.498,1.0063640237140679,1.7923729135718236,0.15228700637817383,3.8089728355407715,1,0.47971035119282124
area_only,257,0.998536181422826,-0.09142966631264471,1.0366,0.8278826491796061,4.002944822738167,0.6017780303955078,9.621952056884766,1,0.5156661159214911
area_only,258,-0.24054286203186737,0.3959298614830308,1.1066,1.432218721373745,1.941381837181993,0.15265631675720215,3.720895528793335,1,0.4283264892885948
area_only,259,-0.41712248449577255,-0.5773410989420189,1.1326,1.0527181285743659,2.2828297272988403,0.10258674621582031,4.61683988571167,1,0.32679037549993445
area_only,260,-0.19936782181169288,0.2528295440805183,1.4666,0.8916815273794181,2.9969960756133456,0.9543554782867432,8.817656517028809,1,0.5794601571729615
area_only,261,0.19627174148791826,0.34345362848873606,1.4404,0.26872846852816257,0.41127017748966227,0.10137033462524414,4.609900236129761,1,0.4706281533401533
area_only,262,0.8830078970041229,0.10319602056248656,1.4396,0.6043333129154482,4.552557702294529,0.4021127223968506,7.114213228225708,1,0.9305014120884884
area_only,263,0.851535968071643,-0.713775829491568,1.1848,0.8998419191113701,4.776048767782144,0.8022263050079346,10.521712303161621,1,0.26758177271435807
area_only,264,0.9882321784525603,0.3545281659530163,1.0789,1.2145552532775372,1.591908807512661,0.10154294967651367,6.113591909408569,1,0.439295318536494
area_only,265,0.6475671886614935,-0.19074692470090127,1.4169,0.713033327327167,2.519557986579011,0.5041632652282715,9.519270896911621,1,0.6008900808625479
area_only,266,0.8586280403173234,0.6091306866798317,1.3518,0.9283916238551897,3.3631473116337753,0.05112481117248535,5.411382675170898,1,0.2635563526320447
area_only,267,-0.03787042148684694,0.27043808238313705,1.3058,1.0890015618537747,1.1542867081595574,0.10139632225036621,3.6135995388031006,1,0.44938563739322257
area_only,268,-0.17013888355598095,-0.3483336254672917,1.4936,0.7509543756242733,0.9147450015105385,0.1014549732208252,2.3065831661224365,1,0.5678820211517156
area_only,269,-0.7895712981407308,-0.7184412136762894,1.327,0.6146706904518441,4.223719995031389,0.5525555610656738,8.823013305664062,1,0.2858473582060081
area_only,270,-0.11126458532951089,0.1908353664202781,1.0039,1.326486202601202,1.5560353559073954,0.20255422592163086,3.2149877548217773,1,0.46383282861275765
area_only,271,0.685535818571624,-0.6201492828229554,1.4086,1.1281870321795022,1.2441991964595942,0.10234236717224121,3.1169748306274414,1,0.3537287266719728
area_only,272,0.9994588681815753,-0.10079032354267892,1.1497,0.83106188650414,0.7159178069857539,0.10317802429199219,2.0067741870880127,1,0.5620483167614687
area_only,273,1.0914962170034874,-0.42468308229914875,1.3317,0.36653096121976125,3.4122241489059357,0.5528814792633057,10.02227234840393,1,0.40421257444816566
area_only,274,0.33153432744989875,-0.038565985863317165,1.4695,0.9908579586307936,0.8197323539574399,0.050858259201049805,3.4080865383148193,1,0.6555820123342158
area_only,275,-0.43599633362291246,-0.48683382781379425,1.0671,1.1555019499198238,4.807431145468988,2.2579827308654785,13.625343561172485,1,0.3153956246985948
area_only,276,-0.7583558150513484,0.5885470138134749,1.0577,1.2311808555778982,1.8490759295891015,0.15141987800598145,5.213905096054077,1,0.27635740821440263
area_only,277,1.0989073044852347,-0.5040679275724245,1.0535,2.2490979790514176,5.352520485264129,0.6526789665222168,12.824052333831787,1,0.31142571730627194
area_only,278,0.5065128649826163,-0.5315470246890391,1.2766,0.6326713852917353,1.056012453899091,0.15115070343017578,5.411783695220947,1,0.27448853399555845
area_only,279,-0.4293934874215611,-0.005197142944449729,1.1362,1.1128726063466985,1.2503151399575383,0.5517616271972656,4.009722471237183,1,0.34749255489166975
area_only,280,-0.6916730882776498,0.4626312252541428,1.3024,0.4460341995928194,0.6596990329796745,0.15196704864501953,2.908766269683838,1,0.3655434391099453
area_only,281,0.8884986943003128,0.5700651585676811,1.3588,1.6286389229421763,1.7528273474129037,0.10271286964416504,3.1108341217041016,1,0.3680957793737125
area_only,282,0.4256896056265411,0.013878027216957523,1.1018,0.9678990780585194,3.4284839333353583,1.757836103439331,9.721389532089233,1,0.44303222035080964
area_only,283,-0.13433135928159368,-0.3860983011133118,1.3171,0.7562284294925408,2.0427204536610506,0.45212721824645996,9.517804861068726,1,0.3830963245405444
area_only,284,-0.7123664000710418,-0.4404682805209592,1.132,0.5265154763870492,3.345097990929533,0.6019995212554932,9.82120943069458,1,0.49298717408115367
area_only,285,0.8140921036446596,-0.06266867188279923,1.2443,1.6419290498966113,3.344717616421694,0.4025413990020752,12.825272798538208,1,0.4269760195398241
area_only,286,0.7615176744636456,-0.2651101483423867,1.4527,0.24780244451521688,0.3501525645463353,0.10260176658630371,1.5070040225982666,1,0.5770578675921991
area_only,287,-0.3437499685242069,0.4642376012519872,1.4231,1.5216132026482416,2.7166202715527876,0.15111112594604492,9.121668815612793,1,0.42284801832496277
area_only,288,0.8128529870647874,0.44866223211876866,1.0461,1.3400103542981616,3.232219455620207,1.2999353408813477,10.221986532211304,1,0.37053352936402595
area_only,289,0.5093884370285202,0.19151342039865282,1.2118,0.5000893863680855,4.364492580136129,0.6019175052642822,10.019002914428711,1,0.4273864255064675
area_only,290,-0.5586446813091279,0.46731642313932775,1.1383,1.2579761951030828,1.354551454937127,0.7023768424987793,2.605473279953003,1,0.2817947052910806
area_only,291,0.7637687996193596,-0.5659328020914862,1.0018,1.7776753005317183,2.8517286351142404,0.5040714740753174,8.616952419281006,1,0.26451165555304
area_only,292,-0.5543738860322531,0.3808866911395915,1.3856,1.703102093749967,3.2656277766134334,0.35208868980407715,8.618039608001709,1,0.5065953279107616
area_only,293,-0.8603432022572358,-0.3486096050176698,1.3186,0.9192448344482047,1.0575093285263413,0.051286935806274414,2.707576274871826,1,0.49833859345853565
area_only,294,0.3792544105470368,-0.3860298796178444,1.131,1.4291271899008446,1.5099057986560873,0.5519857406616211,4.313254117965698,1,0.3030980559762392
area_only,295,0.6726535731895666,-0.5960086022517591,1.3706,0.30892368795880887,0.42347224219865676,0.10103750228881836,2.3069465160369873,1,0.2683401352680434
area_only,296,1.0356501516485273,-0.2732676438628453,1.2758,0.6831971515913188,0.7232309822618025,0.05189347267150879,2.407343864440918,1,0.4996241353518768
area_only,297,-0.6698257191224737,0.544751941462884,1.2138,2.0468274049774946,3.177832832340351,0.05095076560974121,4.910889625549316,1,0.292762492471287
area_only,298,-0.2764902103114102,0.23002844979861703,1.0048,0.6845797519812037,4.924095884834945,0.9527716636657715,10.7326180934906,1,0.3674558974146921
area_only,299,-0.18745978111923978,0.11013792141251366,1.0376,0.38063619059113446,3.9929186820791633,0.10213804244995117,7.01879358291626,1,0.4850246506761092
area_only,300,1.0564551369096007,0.5882381731625402,1.4416,1.4133818797413966,3.8934484300562695,0.5518381595611572,9.618520975112915,1,0.36063190391471656
area_only,301,0.6298776543313227,-0.7092175767856067,1.452,1.543477845799065,3.7116672784419116,0.6543614864349365,7.315859079360962,1,0.29728536690638263
area_only,302,0.09549080338204752,0.31553979206790805,1.2728,1.2708383068316225,3.173076180049536,0.35151052474975586,8.215749025344849,1,0.4195167770528447
area_only,303,-0.33067194742973827,0.6270490632166953,1.4173,0.3798574146204106,0.4794173850987343,0.05176115036010742,2.9088518619537354,1,0.2675288672670475
area_only,304,-0.5486975863981116,0.34906831998240306,1.2913,0.5845341140097904,0.51212171608256,0.10127758979797363,3.1100785732269287,1,0.38400436556763784
area_only,305,-0.7097207675893997,0.19200604105065588,1.074,0.46873249773098125,3.9609173719614836,0.703284502029419,12.830191373825073,1,0.5389879594784199
area_only,306,1.0116115803803134,-0.535446456693043,1.0637,1.9743025320993746,3.560675024706225,0.15124773979187012,7.117207050323486,1,0.3812228533364596
area_only,307,-0.041100457852425554,0.1343346520904536,1.1541,1.3526841554729407,1.777638329535529,0.05125880241394043,3.511512517929077,1,0.5462180967074868
area_only,308,1.0772436982563796,-0.18057507532313088,1.4495,1.2190811977399834,5.069432039937402,0.4519157409667969,11.923001527786255,1,0.5778423003787754
area_only,309,-0.4506264766222849,-0.7002217701166814,1.3981,1.744451815487742,2.966506106346207,0.6021630764007568,8.216463565826416,1,0.35136090719523483
area_only,310,0.8401580511821607,-0.09280958820580043,1.4304,1.4704707260783516,4.788479735868103,0.9025752544403076,10.121284484863281,1,0.5138610538393003
area_only,311,0.8486111188880205,0.32404407573585325,1.4495,0.5566161073502683,4.239846656513851,0.10117840766906738,6.514418125152588,1,0.5846409313353989
area_only,312,0.6353495500490238,0.11742672192156478,1.105,0.6704727523143744,4.382577384345855,0.6026208400726318,6.820226669311523,1,0.3996317879295945
area_only,313,0.9521204343706913,0.10427753215149416,1.1248,0.22325810055090686,2.964895904045294,1.5602319240570068,10.616163730621338,1,0.4853733916121887
area_only,314,-0.6404951694765342,-0.5709947215136957,1.0514,1.8355656866958352,2.0222545702680117,0.1011800765991211,4.516910076141357,1,0.328520351810133
area_only,315,-0.4755599916799326,-0.06754909277726562,1.3901,0.6078835950643152,2.642498831870418,0.4517645835876465,8.81779408454895,1,0.6214532648780321
area_only,316,-0.3398550724096364,0.3528462042754966,1.4421,0.5021769569170172,0.5970653468283152,0.10102152824401855,1.9071776866912842,1,0.5047953697720288
area_only,317,-0.8499680899021446,-0.6434579761702761,1.2032,1.2761604377870466,2.7251133783340613,1.1059815883636475,7.816247940063477,1,0.2977438582056832
area_only,318,0.31624072637246003,-0.3422556168534173,1.3103,1.237307798581665,3.024105842428416,0.8022172451019287,9.218365907669067,1,0.3989170067676093
area_only,319,0.6726646599866193,-0.6885637339713573,1.0773,0.4904903230075572,3.039911136443285,0.6519253253936768,8.844858407974243,1,0.25618189695600024
area_only,320,-0.39326677856047054,0.6126744031490593,1.4649,1.7603824507576793,4.310703935092299,1.3188292980194092,8.32088041305542,1,0.26393037891732174
area_only,321,0.3521846654185121,0.22218686952759892,1.4323,0.9188926319646874,1.0980793719588442,0.10111117362976074,2.80623459815979,1,0.5574389281247448
area_only,322,-0.22595368706040808,-0.03166420198940645,1.4881,0.8217001094206509,4.17741228330135,0.3516061305999756,6.91461706161499,1,0.7185023187650128
area_only,323,-0.8071914383755114,-0.6350331449090014,1.4054,0.9585191847292798,1.2216394047618129,0.10119915008544922,2.708876609802246,1,0.26276450375000593
area_only,324,0.2518659612544083,0.20432486759460322,1.4407,1.5034420747099329,3.750755027780285,1.4036180973052979,6.714177131652832,1,0.8306231718463283
area_only,325,-0.5410495219625238,-0.599323787380534,1.0124,1.3590104490960777,3.690368770473837,0.4019913673400879,7.8146302700042725,1,0.2566604148964434
area_only,326,-0.8103962609555775,0.5433556263388298,1.3683,1.2594724184168538,3.150990749073321,0.5524473190307617,7.214842319488525,1,0.28585588084816715
area_only,327,0.5323579495517163,0.45371157602712164,1.1661,1.3975659047278053,1.4562252494279615,0.10105729103088379,4.208484649658203,1,0.27143845600599403
area_only,328,-0.20020971838015844,0.3765697062877079,1.4654,0.8653500889592181,1.0557509241167278,0.10133242607116699,2.405578851699829,1,0.4717804672150955
area_only,329,0.21232808953670523,0.37996713592846654,1.4011,0.57916103791836,0.4273001097383569,0.10121035575866699,4.6095263957977295,1,0.4476870594133968
area_only,330,0.17033007397537636,0.2622040028918261,1.432,0.3043092215069021,0.8090529773312455,0.05253267288208008,3.109157085418701,1,0.5906492594425957
area_only,331,-0.38324139019188974,-0.5237856095244792,1.4054,1.1113717612540133,2.895632970920782,0.05091547966003418,4.912919759750366,1,0.33247131310164807
area_only,332,1.0611649370335183,-0.28010518210649915,1.1334,1.6629260964285222,1.7395117164917704,1.006887674331665,3.2233920097351074,1,0.3811627497075922
area_only,333,0.4325588110427365,-0.05847908559338699,1.3937,0.7860594518246056,0.6574487993220525,0.25789594650268555,2.926711082458496,1,0.624744129793521
area_only,334,-0.42020270268136595,0.6259628006619636,1.054,1.3495951728437117,2.8589135875561054,3.474386215209961,8.317535161972046,1,0.2747203597325089
area_only,335,-0.47750686225843436,0.19163360510059435,1.4361,0.5066290017117969,6.803918485652107,0.4016764163970947,14.426899909973145,1,0.5162625121308243
area_only,336,-0.3622725149707745,-0.10735605744017929,1.4293,0.5249521315070736,0.41699846190811646,0.10120034217834473,4.111761808395386,1,0.6235179764362065
area_only,337,0.5990443250183624,-0.1583721584683444,1.1112,1.2345255324347295,1.8441342420984623,0.702777624130249,3.608916759490967,1,0.380067711273092
area_only,338,1.0845214353248667,-0.6878899709992491,1.4083,0.6299444237158436,0.8155353112878265,1.052985429763794,4.408613920211792,1,0.33244042300884086
area_only,339,-0.0036642391662317086,0.2535040254103976,1.2302,1.5820033461885963,2.1321945021121347,0.10157060623168945,3.607839345932007,1,0.39486753224134313
area_only,340,0.9121910944703144,-0.16355544647587217,1.1526,1.1640270930316334,2.166694238663703,0.10126614570617676,4.408681631088257,1,0.411129432037777
area_only,341,0.9353041510122815,-0.4535501523062141,1.3977,0.25927951719392983,0.4890929619684357,0.05107831954956055,2.0063812732696533,1,0.37385396192606624
area_only,342,0.5800300104270868,-0.5622260006351449,1.1138,0.5903408835068437,6.8353328747006294,1.2032685279846191,14.130357503890991,1,0.2902450628317129
area_only,343,-0.5168680782191803,-0.4166154715545921,1.0118,1.234373877999676,1.2281519968669798,0.10198664665222168,3.8157260417938232,1,0.40585063990638764
area_only,344,0.8203912550585057,-0.06661022524040017,1.0966,1.4697977747200033,1.7686609135793707,0.15157055854797363,3.3083436489105225,1,0.43732781014592675
area_only,345,0.00959501541528296,-0.03564095570060566,1.1641,0.9137948051758613,4.004743408420598,0.5024144649505615,11.422243118286133,1,0.4216061182705936
area_only,346,-0.5488956845364849,-0.2056539686404807,1.4322,0.5012200632722853,0.7144818199821308,0.41182374954223633,3.2085936069488525,1,0.6148988317096837
area_only,347,0.4286520691208411,-0.2961888517552692,1.4834,1.167523472681495,1.690358632088759,0.10131072998046875,3.8095993995666504,1,0.5471001964929169
area_only,348,1.0491853113456757,-0.11949317013887961,1.1396,0.7602837677206986,2.0376796442492364,0.3019523620605469,7.415142297744751,1,0.47455300513178855
area_only,349,-0.5365398321164943,-0.028830594684031707,1.3207,1.6524469619132292,5.070976319470478,0.6520578861236572,11.221333265304565,1,0.5378556100752423
area_only,350,-0.018980928102300676,-0.4012665894645965,1.1998,0.8365620935615058,0.7665212179037885,0.05115246772766113,2.605745553970337,1,0.3440213818993957
area_only,351,-0.5419229385403174,-0.5126911968198515,1.4906,0.43822095598881594,0.6569221911082693,0.05120658874511719,2.309269905090332,1,0.3822797094506257
area_only,352,0.44266057374641776,-0.09085717671975568,1.2681,1.3129375332732796,1.5602304377959726,0.05113959312438965,2.9105594158172607,1,0.47082945135558624
area_only,353,0.2871723502343628,0.45000473942521746,1.4696,0.6918368965673212,3.830810012049756,0.10140252113342285,6.113251209259033,1,0.4489313317451743
area_only,354,-0.3383562699733266,-0.6645626597332814,1.0577,1.5582619990261612,3.0328935311838277,0.5029802322387695,10.122944116592407,1,0.2573436569199012
area_only,355,-0.7950211023950139,-0.5752209781502231,1.4852,0.5171491205936983,5.362097623561572,5.166271686553955,9.118499517440796,1,0.3551486060044908
area_only,356,-0.24637859993608047,-0.046059372862148784,1.0893,1.0921343573981874,3.5152649043201127,0.6020207405090332,11.322302103042603,1,0.4922043196895805
area_only,357,1.0825009037044344,0.5830730889031267,1.4813,1.4039503981074877,0.0,0.25223541259765625,0.0,0,0.0
area_only,358,0.3937357167503217,0.4495197366705105,1.1327,0.8055113074322602,0.8075409034142315,0.0511479377746582,2.7075555324554443,1,0.42161911032920535
area_only,359,0.09589392206921576,0.1732714898683474,1.0542,0.6231426831732174,2.751086390896479,0.10140085220336914,5.4130964279174805,1,0.530965633513977
area_only,360,-0.2626828557662596,0.22523136800015264,1.2173,0.3357177165146395,2.0286791372385733,0.4516005516052246,8.216756582260132,1,0.4426861948679797
area_only,361,1.04936567538461,-0.6139804165053391,1.3643,1.70246231471284,2.1044020177113816,0.10133600234985352,4.110190391540527,1,0.3217243349281324
area_only,362,0.8476579481762156,-0.4995961892992917,1.1568,0.47988823111376044,0.3724434708765572,0.05099368095397949,3.508657932281494,1,0.25118347988773776
area_only,363,0.999225382997514,0.1957827908699734,1.3031,0.8438344121069786,2.8268608829561384,0.05121636390686035,5.311208009719849,1,0.44484874709318883
area_only,364,0.8491696792368195,0.04101779188175203,1.2557,0.40083267124166005,4.068071470867728,0.10134673118591309,6.813501834869385,1,0.4696683416073903
area_only,365,0.4936420205445542,0.18652939205793684,1.1926,0.5708188114289905,3.9642384536336044,0.05112028121948242,6.919673442840576,1,0.3996853828398431
area_only,366,-0.09236074799345795,0.15179411045501023,1.2883,0.7288990043603969,1.3815979157251497,0.10430240631103516,4.124937534332275,1,0.47910918421950144
area_only,367,1.1078380044774612,-0.676756658605596,1.1274,1.6482607583595434,2.4193855763752006,2.9256012439727783,9.421959638595581,1,0.34975043824438146
area_only,368,0.8528333385684477,0.3319976550960678,1.3544,1.1213435751796752,1.2655464631976499,1.6038398742675781,3.9089715480804443,1,0.5245733551714035
area_only,369,0.8682178424992715,-0.18771119805148062,1.0008,0.8550426742657016,0.653996548126276,0.10125613212585449,1.8045294284820557,1,0.4229009183285768
area_only,370,0.7281506569275744,0.30437977518307,1.4628,0.5551502868306106,12.952781322307018,0.7023494243621826,23.148392915725708,1,0.5631263869842252
area_only,371,0.7479474164588928,-0.577832757920784,1.2692,1.0006181060002266,3.1285091636036597,0.051055192947387695,5.210995435714722,1,0.2576926303101905
area_only,372,-0.22967088513766432,-0.23948185108669928,1.3597,1.057608549405656,1.2453754120025722,0.10164237022399902,2.3066728115081787,1,0.5719748723041688
area_only,373,-0.10287784328217475,-0.12649496251664283,1.371,0.3446363624405336,1.2979335931178921,0.10100555419921875,3.608430862426758,1,0.5773469945851301
area_only,374,-0.42255159876443377,-0.6424288007421585,1.3353,0.6597895925500111,0.8947308566751544,0.05087566375732422,3.6075828075408936,1,0.25778500202137367
area_only,375,0.354829865791056,-0.10615918381801348,1.1821,1.1119031678272189,1.2231598548251466,0.1011350154876709,2.5079450607299805,1,0.4569594841659732
area_only,376,0.1558200981399842,-0.08460410013674957,1.035,0.4205127875026256,1.9756266627563999,1.754939317703247,8.57058048248291,1,0.3672733724811195
area_only,377,-0.11945228356643134,-0.19501749904765864,1.3321,0.37078265714968406,2.232717202459903,3.318972587585449,8.220770835876465,1,0.5512690998469113
area_only,378,0.3318678939166073,0.3079496013588844,1.1651,0.7403382170461925,3.733484736071144,0.10120940208435059,6.212162256240845,1,0.3581411272972596
area_only,379,1.0208479653826805,-0.7179484314026792,1.157,1.2106305060682114,4.3033313917201745,0.6021847724914551,10.821440696716309,1,0.3021505640596754
area_only,380,0.4102948834544231,0.4908939742572821,1.424,1.4309900340375674,7.543496833232886,0.502887487411499,19.937937021255493,1,0.383401744348892
area_only,381,-0.7535500324460904,0.5409151008307768,1.3599,1.1395051388581987,6.083117308500083,1.0532219409942627,9.6200270652771,1,0.5541053810322429
area_only,382,0.08999782670729739,-0.39018899595202206,1.1502,1.4050060293829207,2.240311656989134,0.1012876033782959,4.41295051574707,1,0.49077403138328435
area_only,383,0.7185973295043389,-0.0021924058482002406,1.1546,0.776426537012059,1.8480163674043855,0.8528311252593994,8.217734098434448,1,0.39946898846900863
area_only,384,0.5464106363103696,-0.3684146229921246,1.2042,0.43984791646911015,0.5377956250664584,0.15439653396606445,4.316328048706055,1,0.3403686303865029
area_only,385,-0.5139619892222635,0.19285593134788648,1.2012,1.3196009686644772,1.8663744710582497,0.15269255638122559,3.815906524658203,1,0.38276288170705886
area_only,386,0.5323296907338615,-0.596151107667822,1.1478,1.4673539628789445,3.2137819241187042,2.0563907623291016,8.518190860748291,1,0.34325328217104445
area_only,387,1.0355210667208832,-0.07860828140682341,1.0636,0.8791907049629004,1.084343961795073,0.05123734474182129,3.0068609714508057,1,0.47621409019358085
area_only,388,-0.7869563598817484,0.1269499900661868,1.2102,1.9147043277321556,4.412437497117939,0.5518319606781006,12.125711679458618,1,0.4462817915165069
area_only,389,0.7506323193838982,0.4718996806407124,1.4702,1.6860540364367065,2.0267085238789853,0.05101442337036133,3.0097174644470215,1,0.42012687480854244
area_only,390,0.3379643199026656,-0.17824688248558762,1.3387,0.9977703947972283,3.6910656281977445,0.10106396675109863,5.911477565765381,1,0.4982572783532722
area_only,391,-0.17251882622201276,-0.4175398519690616,1.4514,0.6638337560957467,0.6539658911338951,0.10111427307128906,3.508709669113159,1,0.45425033965853856
area_only,392,0.7574215792941106,-0.1607836394865998,1.3078,0.9878681091556726,1.0502002529868006,0.10224676132202148,2.7071986198425293,1,0.5112510694266276
area_only,393,0.3634891815089678,-0.1222712094150471,1.1505,0.6167668577261868,1.3590290192022947,0.05121898651123047,3.915628433227539,1,0.3621330811826032
area_only,394,0.587483762479369,0.44248318454439606,1.274,0.6549478691252749,1.3515475150420055,0.15662145614624023,3.52036452293396,1,0.3963621166692892
area_only,395,-0.8261483224561612,0.13906884160904753,1.0002,1.6400944391344885,4.845812863050885,1.3709170818328857,8.720008611679077,1,0.4154496992928181
area_only,396,-0.41328085549813676,-0.20589516162582278,1.1435,0.6364982060104744,0.5974144997967197,0.051335811614990234,2.105050563812256,1,0.5262593969878842
area_only,397,1.0847909010659067,-0.5555317799870487,1.2149,1.6035454147901236,1.8054285862299249,0.10132145881652832,3.3098950386047363,1,0.4372281856900518
area_only,398,-0.024308363217431572,0.24297933001433425,1.29,1.444650984168904,5.97388141671126,0.5017273426055908,11.722047328948975,1,0.42427935997824845
area_only,399,-0.6185225183019238,-0.5999533417461554,1.3274,1.0874012707709506,1.4039375299259875,0.10124731063842773,3.1080493927001953,1,0.2637518418554002
area_only,400,-0.3296135588784648,-0.6338777870091323,1.2325,0.426716224028709,2.6899545223934567,0.7021975517272949,9.51827335357666,1,0.36664091936677357
area_only,401,-0.49271896240745156,-0.2986874736532744,1.2211,0.5433139255270979,2.58285916176661,0.40192580223083496,10.220656871795654,1,0.3821347679262366
area_only,402,-0.735401943677243,-0.029811847292036453,1.1069,0.3986243779432685,0.4271250513676804,0.7021365165710449,3.808810234069824,1,0.3438329008031011
area_only,403,-0.40978265365352173,-0.0010236293334023872,1.2366,0.4398371097202951,0.3277329125387207,0.10112285614013672,2.1088972091674805,1,0.4722415779567495
area_only,404,0.18332233294474665,-0.2973654232194739,1.4506,0.8194596940144286,1.5995919448825608,0.1013638973236084,3.6125545501708984,1,0.4856955741777857
area_only,405,1.097384213940354,0.16636704685304626,1.398,1.0242748865347717,1.1609729751037838,0.10124349594116211,2.711857557296753,1,0.5987222782812521
area_only,406,0.0490375235463294,-0.6603644212665211,1.0848,1.5449169501343478,5.218028314044363,3.3414411544799805,12.639405488967896,1,0.26898374060035807
area_only,407,-0.5255495682471185,0.20506671998759485,1.0424,1.1727239418182052,3.147168693231424,0.05105900764465332,5.411668062210083,1,0.41338413368308985
area_only,408,-0.6813872768002017,-0.12419033358125353,1.2577,0.3666821205022461,3.964916356381498,0.9052751064300537,9.619631052017212,1,0.5810074092751087
area_only,409,0.4448550379336662,0.3499482461250879,1.3165,1.3526657178050718,2.0397369543164015,0.05111408233642578,3.7102084159851074,1,0.43319093512300955
area_only,410,-0.0815558548659513,-0.5335803976840064,1.1676,1.200707495868791,2.799757926125369,0.10120344161987305,5.009836196899414,1,0.24928472752770503
area_only,411,0.19719503221606915,0.41395374647320293,1.4092,1.1268194704877619,1.6001009265601824,0.051599740982055664,3.307147979736328,1,0.46934756600659977
area_only,412,-0.6963553755460551,0.2947415577626141,1.3756,0.866520792080549,0.9377953883047461,0.05115032196044922,2.70599365234375,1,0.538061669533201
area_only,413,0.6769796697627048,0.2308152146988497,1.3364,1.5162509739914456,1.9523067994943595,0.0511021614074707,3.3071861267089844,1,0.5627135066868795
area_only,414,-0.35151088643670947,-0.24817257613413274,1.1123,1.3402072645012657,2.6791524309800105,0.5521292686462402,8.417195796966553,1,0.45916731526089005
area_only,415,0.2246360410919297,-0.3232095971558756,1.0996,0.7173306280697613,0.5762551134160837,0.10162997245788574,4.515458822250366,1,0.5305915207876803
area_only,416,0.3173779687207434,-0.03445646634501198,1.0122,0.5683429683445276,0.33361106572004695,0.10214638710021973,1.7066535949707031,1,0.34950696828664357
area_only,417,1.0934571853798056,0.4268578919417617,1.1224,1.0075888800068569,5.837047089134646,1.2557992935180664,12.228668928146362,1,0.2831420865346748
area_only,418,-0.6423617993909864,0.3801758994668972,1.2376,1.8354171854918078,1.9594508059114755,0.10152053833007812,3.107053279876709,1,0.4590035461061696
area_only,419,0.8474883597929666,0.36434149976161156,1.4249,1.5765240703163133,1.8809761552522075,0.10134315490722656,4.508850574493408,1,0.47339773570537397
area_only,420,-0.7126179809924182,-0.18930523437666813,1.0364,1.921678463744635,8.99721634101091,0.502265453338623,16.431005001068115,1,0.4103415704714727
area_only,421,-0.1870303420021091,0.5974884159815231,1.2072,1.0312150540110245,3.0929145156351163,0.6017756462097168,12.224240064620972,1,0.2463181870224864
area_only,422,-0.6103360986256564,0.44140789864258345,1.3149,0.5425651272585754,0.5509517055416759,0.10102415084838867,3.907980442047119,1,0.3770273801335929
area_only,423,0.32859332262243734,0.30784866644071573,1.0972,1.0919275749402049,6.278226988780467,0.35199713706970215,11.727007627487183,1,0.5352360912620713
area_only,424,-0.0828498789552754,-0.5418821347690697,1.3482,1.0185391420894419,2.877518518725396,0.856536865234375,7.817627906799316,1,0.30776689359748377
area_only,425,-0.8218408004261168,-0.5572815187012735,1.2472,0.7947302402824094,0.8115341587307785,0.10115623474121094,3.508399486541748,1,0.25866907856971255
area_only,426,1.0412595234056818,-0.14874791517439856,1.122,2.0123844464925704,3.116635493617124,2.2547082901000977,9.617988586425781,1,0.23931852697767303
area_only,427,-0.0018878331295721917,-0.5978167238243639,1.328,1.1542792409639606,2.9598812996633415,3.0066165924072266,12.423848152160645,1,0.26188224781658676
area_only,428,0.35502332660749825,0.15037630095506282,1.0028,1.0901567616208563,3.612312961730699,1.2532639503479004,9.518532752990723,1,0.5545615094850422
area_only,429,0.6744694635876478,-0.11123421774095399,1.3755,0.3886381959370987,3.205692993353642,1.2692625522613525,8.824213743209839,1,0.683869599571477
area_only,430,-0.7584789281052013,0.21197840445165217,1.385,1.6340366736282703,2.7960338191349794,0.1526660919189453,4.516388654708862,1,0.4800325730293497
area_only,431,-0.5910617512619771,-0.5762170932335826,1.0533,1.0752983207869544,5.126618217067835,0.9571642875671387,10.820630073547363,1,0.3064195390882063
area_only,432,0.4988637792377695,-0.6574110693692938,1.2126,1.1105066109064892,1.143485961717441,0.05097055435180664,2.5085256099700928,1,0.32819836643398054
area_only,433,0.7402890741609294,0.10231150812940903,1.0879,0.9475313671516767,0.9626678434568552,0.10128331184387207,4.008549451828003,1,0.4821496494672552
area_only,434,0.17159618147289346,-0.15756143053462957,1.479,0.6947879576128835,6.268011600763391,0.9537794589996338,11.92203950881958,1,0.7157074575490291
area_only,435,0.018473173963861278,-0.4755886687582688,1.259,0.5221686543405976,0.548864786320839,0.051148176193237305,3.0078957080841064,1,0.3474922584939662
area_only,436,0.7671801090135448,0.26498615889136656,1.0251,1.1945901702582966,5.261920605746003,0.5019609928131104,10.720331907272339,1,0.451476778054441
area_only,437,-0.04818277560771267,-0.08163313565306529,1.1246,0.9962229280885346,2.300300462843784,0.10125970840454102,4.514387607574463,1,0.563671770926419
area_only,438,0.6338944294280715,-0.5546112643283553,1.4242,0.8699590320065677,3.3759773612684234,4.867276191711426,10.930137395858765,1,0.32110782409147304
area_only,439,-0.8489766246558035,-0.41158919725822996,1.2282,1.5659023507237237,1.6762160179363466,0.10211491584777832,2.908689260482788,1,0.3804212305507112
area_only,440,1.028880909044288,-0.07268854364517796,1.4007,2.0471000315905017,2.4027679429595947,0.05105710029602051,4.10836935043335,1,0.6262524124072926
area_only,441,0.027575877097842483,0.4171466316842324,1.3338,1.3081007401987201,2.9265516836977192,0.10143089294433594,4.813254356384277,1,0.42598553311580317
area_only,442,-0.5756035465765232,-0.2968952764530576,1.4939,1.0169938024507235,1.7745626852264813,0.1511240005493164,4.610152244567871,1,0.4427945535953992
area_only,443,-0.12798941884108517,-0.2009895932447714,1.2977,0.7626350172945983,1.2588826465355794,0.10110998153686523,3.307497262954712,1,0.531331373375501
area_only,444,0.8951118534795446,0.5696298592563976,1.475,1.2483284321477655,2.426698307291162,0.40210604667663574,6.913727521896362,1,0.5615298190558481
area_only,445,0.49088298746352654,-0.14173330754789149,1.4457,0.9202525517882183,2.7643369780306397,0.7029850482940674,8.616238117218018,1,0.5934169122251165
area_only,446,-0.7968389763566719,0.4960209771940721,1.3063,1.653032221250749,3.178217164517509,0.10102081298828125,5.111618757247925,1,0.31499962169241374
area_only,447,0.4338394738118614,0.486891775730781,1.3596,1.2610324993232935,1.3993725017757361,0.10152435302734375,5.217368841171265,1,0.3850810552450423
area_only,448,-0.7408956556087125,-0.030707377847289496,1.2524,1.473781496033568,1.837050057113874,0.202667236328125,4.817089557647705,1,0.520200514367061
area_only,449,0.1422238470507209,0.19163296863227752,1.4153,1.04721755245828,1.9635476530019416,0.1027226448059082,3.9158082008361816,1,0.5327042474933671
area_only,450,0.5467529551402361,-0.6439561223378227,1.2739,0.9122455043530955,3.2490967136427082,0.7045071125030518,5.410980939865112,1,0.24355878538358994
area_only,451,1.0227857714295696,0.2703364858966756,1.4486,1.1728593170953943,3.3269864305510586,0.10151100158691406,5.3112053871154785,1,0.5380833219081147
area_only,452,-0.17988819864372618,0.32137395184294404,1.3718,1.4128391307128159,1.7655434383700004,0.05129241943359375,3.50778865814209,1,0.5250569818709946
area_only,453,-0.5279152973678448,-0.6078043772937921,1.2373,1.1188351351142645,1.512229029003598,0.05124473571777344,3.307892322540283,1,0.2504880073067543
area_only,454,-0.347677979059842,-0.7142216235435258,1.1296,0.3078444184397919,5.238076678541887,0.6021726131439209,10.42061448097229,1,0.25722650070039876
area_only,455,-0.287428451039753,0.3139126051295956,1.1236,1.1542991244059297,1.4047700459252694,0.05101346969604492,3.107891321182251,1,0.5017275032290042
area_only,456,-0.4653278463284098,-0.5762150614489756,1.3188,0.9719662691209559,2.888319253427773,0.5021650791168213,9.02133321762085,1,0.2611303186346344
area_only,457,0.403218230518521,-0.01436486891565636,1.3829,1.1685523200736514,1.3633052279448725,0.15248465538024902,2.6081602573394775,1,0.5823041271515161
area_only,458,0.7100515278593669,-0.3406625215728744,1.2606,0.3921513752995635,0.48183878964553356,0.10194921493530273,2.6142570972442627,1,0.3865528399881346
area_only,459,0.28136170856676257,0.28485254853617714,1.3134,0.9215399324632366,3.4293553602926647,0.20209574699401855,5.913645029067993,1,0.4506277688961296
area_only,460,-0.6191142307021915,-0.27822044676355917,1.1373,1.2631546844106387,2.1526493011658765,0.6025106906890869,4.107959270477295,1,0.37410601599070625
area_only,461,-0.13536495875404864,-0.1493263628346746,1.0387,0.6594182371385424,3.803537130559589,0.6047492027282715,10.419467210769653,1,0.43083383637949446
area_only,462,0.9961763104100105,-0.41228821394213816,1.1429,1.2400560580222408,1.6091692084441682,0.6020979881286621,3.207575559616089,1,0.5142980136313374
area_only,463,0.884885152214772,0.1443440565882531,1.1359,0.6998181110327558,0.6388384630205203,0.051064491271972656,3.710613965988159,1,0.5503152932538576
area_only,464,0.8342353327923302,0.42011070136044204,1.1599,0.414500000552056,0.30619012796539796,1.2033731937408447,3.109043598175049,1,0.44457590883317244
area_only,465,0.6234931027751236,-0.11021873074533162,1.2701,0.6640780797132333,2.8536992577144593,0.35205793380737305,10.225374221801758,1,0.447881521705181
area_only,466,0.6659188389624542,0.15856636497379228,1.0692,0.49053849110139663,6.868675460344989,3.0710201263427734,12.72801399230957,1,0.39511637522583637
area_only,467,1.0786154237375754,0.5449712033670414,1.1156,0.5794712265226162,0.5623336461904653,0.15429043769836426,3.658529043197632,1,0.3679410857921073
area_only,468,-0.6119135710130583,0.25449639631979604,1.347,1.7502730477008797,1.8843845116521922,1.7555217742919922,2.8117806911468506,1,0.48411582679397375
area_only,469,0.12960003743052506,0.4121259604873889,1.3532,0.8379029861860604,4.64145014659685,0.6521544456481934,9.41838264465332,1,0.43013136976651983
area_only,470,0.29706912248928785,-0.04451260853703132,1.0321,0.799558122733169,2.6885751962193782,0.4519081115722656,10.320514440536499,1,0.4218234357132446
area_only,471,0.49237066866327983,0.4569456863927498,1.2038,0.5277340495207359,3.6298782886209113,0.45200109481811523,8.618673324584961,1,0.31010460735471507
area_only,472,-0.5557380195200363,-0.10882003014720865,1.2713,1.3329481337697167,1.7354249988270554,0.10252618789672852,3.415987491607666,1,0.4270693262819389
area_only,473,0.5668471193539755,0.6197468731540255,1.2079,1.4801986572145942,3.3054250466018154,1.3601868152618408,7.820897579193115,1,0.376112131851335
area_only,474,0.7127406599617341,-0.46265503801989294,1.1034,1.2217436336849696,1.3700796012464258,0.1011207103729248,3.2086918354034424,1,0.4367415771747322
area_only,475,0.34788316241567485,-0.48465401463841823,1.2101,0.48943507545060616,2.2482405981616154,0.25125837326049805,9.91899824142456,1,0.2772732782915849
area_only,476,0.22547695100965703,-0.7358145109920379,1.4524,0.18909375878985935,2.7228411210949877,1.9050536155700684,7.114244222640991,1,0.3001204284892521
area_only,477,0.6050443573733022,-0.4647917103329638,1.292,0.6631807070525905,4.86025213202595,0.602165699005127,10.019087791442871,1,0.34081052210118207
area_only,478,-0.22502153641792721,-0.538427818843221,1.3478,0.8722101887531875,0.9772036094016965,0.10102725028991699,4.208311080932617,1,0.2965600625166061
area_only,479,1.1017346571772042,-0.2369427050835904,1.4284,1.4951852613839864,1.671617975414857,0.05094146728515625,3.3082375526428223,1,0.6109712353784057
area_only,480,0.8834400368817776,0.07184291517264152,1.3828,0.5835738272252768,0.4339318774370806,0.10173869132995605,4.115167856216431,1,0.5552116798441405
area_only,481,0.5057151663566712,-0.7385781058077211,1.1902,1.0097292854161857,6.2940095375467,1.2052953243255615,10.227444648742676,1,0.2599072356696334
area_only,482,0.701099110591181,-0.6152308608830164,1.0029,0.5875701348839845,0.2880461706581399,0.10335350036621094,1.8064031600952148,1,0.2574409562253302
area_only,483,0.40008919234416074,-0.6538911611804015,1.1759,0.3723507623453846,0.3662034298990727,0.10169458389282227,1.904517412185669,1,0.32104959979852066
area_only,484,0.23822830713285081,0.08619205390352902,1.3767,0.8236994082266661,2.362044000448928,1.6553733348846436,7.8159544467926025,1,0.633201782317335
area_only,485,-0.3382153327058792,0.3906178895874054,1.4267,0.8212170016048468,2.940290987602304,0.15149545669555664,4.9106974601745605,1,0.5074581528094675
area_only,486,-0.7569520582384333,-0.28375655011161244,1.4767,0.8908464486022061,1.698177933657606,0.10151171684265137,5.914643287658691,1,0.5345100601120667
area_only,487,0.6900348599807096,-0.03227231644922868,1.2095,1.7209307405104206,2.2278788851117173,0.10123777389526367,3.6079657077789307,1,0.49856794020108597
area_only,488,-0.22252196234634447,-0.14665739087709528,1.3738,1.045617535556913,0.9221379706271204,0.10130119323730469,2.909527063369751,1,0.5504049823308864
area_only,489,0.31268253283433034,0.26780111896464687,1.2731,0.6802683123762134,4.030301645883566,0.1014549732208252,6.4157023429870605,1,0.4652173126899998
area_only,490,0.4005642254787496,-0.16420517477394503,1.3016,0.47481198868163194,4.017465534256667,0.1014707088470459,6.413025617599487,1,0.5587654007334784
area_only,491,-0.6384576695898463,-0.17979068155729994,1.1103,1.2157943645859366,4.654474594683601,0.45215630531311035,11.1336190700531,1,0.5801568876589656
area_only,492,0.2604508415722837,0.06459510182466044,1.1097,1.0608425052116606,1.936751911190565,0.17661666870117188,4.246753692626953,1,0.49743348819928623
area_only,493,-0.20999862571349048,-0.7070057224769429,1.2179,0.983643041802709,1.1678800201115864,0.529149055480957,3.0419583320617676,1,0.26900625127030436
area_only,494,-0.33177365463388575,-0.0311597751878675,1.0145,0.911602518985372,0.859189570897615,0.15388250350952148,3.0148603916168213,1,0.4154494965350032
area_only,495,-0.35907382392803644,-0.15265153929670316,1.1681,0.2191156289485936,0.189056098448874,1.1549780368804932,1.8121576309204102,1,0.5880437079891463
area_only,496,-0.5041469898286783,0.3598319076593063,1.3396,0.5723810867338548,4.652148420199102,2.8119115829467773,7.114868402481079,1,0.7180733326329131
area_only,497,-0.6084426946715995,-0.6322535200977107,1.2022,1.112417668832549,2.970603359731484,0.20162034034729004,4.91176700592041,1,0.2720902525377236
area_only,498,-0.007161907416714075,0.2593443061683932,1.0825,1.183783912480305,1.306374818585412,0.10138750076293945,3.2073726654052734,1,0.4632657956240096
area_only,499,0.336466246264685,-0.5570234909504601,1.2337,0.9302796180733708,4.640584432674221,0.6529061794281006,11.831580638885498,1,0.25568285590563217
area_only,500,1.0230101789874138,-0.6482516855262773,1.0638,0.7863359301592213,4.3199639676614225,1.0028223991394043,11.625107049942017,1,0.35667929271303467
area_only,501,-0.3542993348354344,-0.4036511300750722,1.3111,1.4735017710380984,3.1317951705596,2.817976951599121,11.856827020645142,1,0.32281310591958695
area_only,502,-0.3339956428130534,0.30041321256228215,1.0135,0.9265831373587333,3.430993119190143,0.7087466716766357,11.121582269668579,1,0.480634001667073
area_only,503,-0.7434442757073885,-0.07307717989276985,1.197,0.5327583955014852,3.0304210404130627,0.9540083408355713,10.821583986282349,1,0.5007234703016072
area_only,504,0.9235590325286225,-0.5516768600844242,1.2822,1.8709729471349426,1.961580970071359,0.05162811279296875,3.1079084873199463,1,0.2715241559658901
area_only,505,-0.18456552735497378,0.4933710169743125,1.0136,1.6678799876082486,4.410272636796438,0.6021444797515869,11.025690793991089,1,0.3066870015724342
area_only,506,1.036447768611257,0.026671084076570928,1.3214,1.3862590314955778,3.4357997852854893,4.442758798599243,8.318604230880737,1,0.35329416540436254
area_only,507,-0.04295164159501208,-0.3855431952181417,1.0678,1.3614428422942357,1.6345392710885298,0.9025871753692627,3.207942247390747,1,0.25305470671233066
area_only,508,-0.36455741623550086,0.15583590242537837,1.2308,0.6463127635078905,0.8542059091228691,0.10143208503723145,2.5054516792297363,1,0.4316716345997071
area_only,509,0.046514188616282315,0.5925353229137321,1.0251,0.7103327097302066,4.657438184715928,0.803239107131958,9.71919584274292,1,0.27837263492945696
area_only,510,-0.646862154352116,-0.5351868573181999,1.1896,1.3749210423419578,4.74496460508152,0.8077108860015869,12.824273347854614,1,0.253860855614707
area_only,511,0.8129210266411351,0.028120111100189304,1.1058,1.6636853319744918,1.784930063621059,0.6021380424499512,4.210116863250732,1,0.3737864224139299
area_only,512,0.83179687221858,0.2501468526084567,1.1634,0.2799227021956707,3.5115235206815174,0.1537635326385498,6.722969055175781,1,0.339208201859546
area_only,513,0.2042927467731246,-0.6307093749439266,1.3806,1.186697171628942,3.018763945861198,0.15232324600219727,5.2140374183654785,1,0.260091690483156
area_only,514,-0.5444348613963874,0.556389253978388,1.1896,1.5510606492997607,2.371704867546946,0.10263681411743164,4.6142356395721436,1,0.2507618781509968
area_only,515,0.04326980190320351,-0.17723414586288522,1.376,1.0168268673260876,3.2592844214726324,0.15216469764709473,6.614981174468994,1,0.5163319147640101
area_only,516,-0.7495747041421027,-0.0388213605895642,1.416,0.976901205336385,1.833263563155466,0.10110259056091309,3.808314561843872,1,0.586691330453513
area_only,517,-0.77002206328744,0.33734624595366147,1.1261,0.5629022026589316,0.5683657982886917,0.6032505035400391,1.9072887897491455,1,0.3621335895486446
area_only,518,-0.5465520074971895,-0.2892845008665623,1.041,0.8091634928183027,3.736636420750895,0.5020947456359863,8.316470384597778,1,0.4934356868200079
area_only,519,-0.46692531463328774,0.4631385273809042,1.0097,0.9047974366637654,3.4916685654079958,0.05322408676147461,5.911379337310791,1,0.36074006461673414
area_only,520,-0.39970590904178915,-0.12299714109532234,1.2697,0.6562235228380406,5.915504590885045,0.552351713180542,12.223482370376587,1,0.4784574867930263
area_only,521,-0.8191541711309405,-0.6534088916080839,1.5,0.6141568018283275,0.8773447299253049,0.10113525390625,2.9080817699432373,1,0.2643899318012475
area_only,522,0.19470696354227957,-0.05900561396088522,1.175,1.4010214423612566,1.5147812073592506,0.1010890007019043,3.6083669662475586,1,0.3841443223749158
area_only,523,0.7564084643096469,-0.2203029096846093,1.3251,0.45030906519427355,0.6247842684465157,0.051271677017211914,3.0142602920532227,1,0.5248929928635697
area_only,524,-0.46913487800892023,-0.023945086738425436,1.3906,1.3903329605159929,2.1160863881387075,0.1553492546081543,3.709526300430298,1,0.6059281760224957
area_only,525,0.27179005117645416,0.12891624171411742,1.3259,0.9416392968086136,2.2713816672311653,0.10211801528930664,4.31564474105835,1,0.5319101324611754
area_only,526,0.9407085155827597,-0.010618336403803608,1.3771,0.5177599432928541,0.6866680593953544,0.15289807319641113,4.418117046356201,1,0.6337506755976734
area_only,527,0.6992439965686201,-0.3077694557092183,1.4748,0.47504516826329074,0.5087779891224853,0.10214114189147949,2.91275691986084,1,0.5121761443957572
area_only,528,-0.3241753060171827,0.6083585035107152,1.0997,1.6558642442322455,7.96723690992543,1.1050219535827637,13.532029867172241,1,0.30694697476010296
area_only,529,-0.5078663686302323,0.48534186155081416,1.0102,0.4879842081323069,0.2557444353706212,0.05163383483886719,1.6044962406158447,1,0.32024754645586884
area_only,530,-0.0002789847939322909,0.10241948644590804,1.0762,0.7735672277919832,3.7434721238414785,0.10192537307739258,6.412178039550781,1,0.4937396282984587
area_only,531,0.7197422072451227,-0.04884589310569898,1.0631,0.8804254657475055,1.9305326537572312,0.15126943588256836,4.209150552749634,1,0.4498265229863435
area_only,532,1.0775066523303387,0.1747220783561837,1.3347,0.3638774663258887,4.765423307506213,0.9529416561126709,6.665199518203735,1,0.6891592191451129
area_only,533,0.8749808169598043,-0.15562916879707478,1.282,0.512533199073149,4.460209473912812,0.10135173797607422,6.612967014312744,1,0.5258503471927997
area_only,534,0.23643576497127428,-0.01835291920344262,1.109,0.8549524351253696,2.4457397614675003,0.6021425724029541,8.31772518157959,1,0.4591316617587708
area_only,535,-0.7156161492375155,0.262076177727658,1.3497,1.0502680316161768,4.899378074580518,0.5519320964813232,12.04384183883667,1,0.5459862703464088
area_only,536,0.7503838844738024,5.061935013805918e-05,1.3834,1.6385296921776127,2.86440724295272,0.20238757133483887,4.613953113555908,1,0.514669085215493
area_only,537,0.06085477568483855,0.38592909745418813,1.0839,1.0710196647322858,2.6915175375148324,4.916942119598389,5.112622261047363,1,0.2966927570879477
area_only,538,0.10652907045009441,0.39501447284873803,1.3036,0.16084648634304716,0.4825965187466323,0.05117535591125488,2.4057931900024414,1,0.408324947885846
area_only,539,0.5382117882956075,0.39189406426090445,1.374,0.2991943265178496,0.45302824999948954,0.051470041275024414,1.906386137008667,1,0.4599619462203638
area_only,540,-0.5916115162937101,-0.264928500486103,1.0573,1.5527486104972534,3.0866061412196713,0.8049256801605225,7.316664934158325,1,0.4048745213550693
area_only,541,0.417574513235478,0.11015585171536446,1.4097,1.1404280631248576,3.498388739874598,1.00284743309021,10.820444345474243,1,0.487504473458818
area_only,542,0.061091165783162205,0.6022901848328225,1.4824,0.7634553421752935,3.7048027446087906,0.10128569602966309,5.911574602127075,1,0.27182972540298206
area_only,543,0.46718392803351017,-0.2963070827968456,1.054,1.267822937971847,3.504560000619714,0.5033905506134033,7.414009094238281,1,0.4406523371569195
area_only,544,-0.5263849915172485,0.4327829937365505,1.0128,1.3582396959819025,2.0193864588551786,0.050945281982421875,3.9141340255737305,1,0.40381677596077425
area_only,545,-0.31947479268335854,0.14031974442066442,1.156,0.4848868122531953,5.434571925612596,1.3620686531066895,12.028546333312988,1,0.3632380923628079
area_only,546,-0.2678742387870786,-0.4508266268661139,1.3387,0.590438475270093,0.842162551173539,0.10160326957702637,2.305393934249878,1,0.3633741670942723
area_only,547,0.421568650833003,0.5462308205482153,1.4791,1.3322854783836482,3.078842242241849,0.10139060020446777,5.1110029220581055,1,0.33800205351811713
area_only,548,0.6897026343280379,0.1706892573760176,1.1983,0.6966752374804084,3.8840620961263563,0.10134220123291016,6.214228391647339,1,0.39005313639628536
area_only,549,0.45639144219736316,0.02704542696712453,1.3575,0.40705972678746133,0.33052295098149925,0.051007747650146484,4.0158984661102295,1,0.5090915925085256
area_only,550,0.039430093522217935,0.4449103994841487,1.038,0.8812646709494609,2.05878869816967,0.5020751953125,8.318514108657837,1,0.3874945765183578
area_only,551,1.0630182511081268,-0.5908699047696422,1.3453,1.4853383099436055,1.6429001007293085,0.1014406681060791,3.107661008834839,1,0.4106697100294702
area_only,552,0.593489967360056,0.5184371827216331,1.3136,1.2823238850814465,3.745212909399841,0.5017950534820557,9.5183744430542,1,0.3223802177245082
area_only,553,-0.2938234672245187,0.5083982020987395,1.051,0.9671279149809227,4.35203354939845,0.402080774307251,11.322378396987915,1,0.3127782127049697
area_only,554,-0.8373110067998992,0.5799014306197118,1.3862,0.48826818699200814,5.879484436223052,0.6530401706695557,13.030020952224731,1,0.2686313964014727
area_only,555,0.7708602257502346,-0.3561898733778862,1.4251,1.8995136053768145,4.264445637286136,0.8038420677185059,7.716450214385986,1,0.5351789383366787
area_only,556,0.5217056073272972,-8.029308989310202e-05,1.3002,0.624339882164749,2.4553885704535054,0.4024946689605713,8.015937805175781,1,0.5779257800708937
area_only,557,-0.8484152000983621,-0.09891281545176889,1.0605,1.566495578498639,3.4526257141107637,1.154897689819336,11.221251726150513,1,0.5978065987012204
area_only,558,-0.2838746651215207,-0.330911140789403,1.4919,0.6780448794671687,2.1045914248516984,0.8525910377502441,7.915686130523682,1,0.5838127798019892
area_only,559,0.9165378804705187,0.4280105634134833,1.3913,1.6262565766886532,2.9525413498546604,0.10169577598571777,5.411066293716431,1,0.44824349704825533
area_only,560,0.8955435513127907,-0.4883563333275463,1.1736,1.0827362641686373,2.979472470528839,0.10119485855102539,5.719976902008057,1,0.28239436111422045
area_only,561,0.701854148383777,-0.6953630535178119,1.2142,0.21763553559390741,3.2023159388984044,1.8042442798614502,8.819859027862549,1,0.26781495668082894
area_only,562,0.8229896579860032,-0.02653362325410802,1.1853,0.8097324657901335,2.2614025352258227,1.05723237991333,8.7260000705719,1,0.41110413548447344
area_only,563,0.31417540320723125,-0.5850820620401551,1.253,0.8140798651656078,1.0434518242536261,0.15199828147888184,2.913027763366699,1,0.25499347123952987
area_only,564,0.45335492114327147,0.3964400622612222,1.1706,1.1554818603525292,2.5869333685369242,0.10186529159545898,4.910898208618164,1,0.3223449863209523
area_only,565,0.15257866917849183,-0.15159273821895947,1.4248,0.7577287755543665,1.4857918814927213,0.10138583183288574,4.008493900299072,1,0.605083097471131
area_only,566,0.6608294776571699,0.08404279421479088,1.4112,0.7462661608627431,1.922554277035041,0.10116147994995117,4.108457803726196,1,0.5370252921432601
area_only,567,0.3302515450205705,0.12441657794839256,1.0528,0.7251039557556032,3.316835974276561,0.3518338203430176,10.219599962234497,1,0.4808249026878692
area_only,568,-0.402406865681134,-0.03901216965208354,1.4804,0.8291816234755031,3.3440972740648762,0.4515411853790283,11.22248649597168,1,0.47103337930088757
area_only,569,0.09355613000734608,0.15315613261547922,1.3178,0.5287241896326289,0.5842656627884413,0.10128998756408691,5.112362384796143,1,0.5600208325264359
area_only,570,0.6008031418619415,-0.04739043425359135,1.4144,0.3941694210124779,0.5915042364407064,0.0515742301940918,3.811091184616089,1,0.5889003123149422
area_only,571,-0.36879588677145925,-0.24581384993613936,1.3537,1.1684082216023046,1.0494399048189207,0.10193681716918945,2.915792226791382,1,0.5065002311692065
area_only,572,-0.5954722386493243,-0.36265714109474584,1.2177,0.4428315661101992,0.9049316602306541,0.20353055000305176,3.3116140365600586,1,0.4052985204277609
area_only,573,0.08240537717814755,-0.47356174269744805,1.3669,0.8128205004792599,0.7062312700999173,0.15734171867370605,2.5320534706115723,1,0.4117388997531562
area_only,574,-0.46274070953503815,-0.033229208515224706,1.4827,0.6794736351535045,1.2098473397938734,0.9043374061584473,4.913291931152344,1,0.5630277001773643
area_only,575,-0.4388056203601179,-0.6925448479238717,1.135,0.802714670796263,2.794475560367285,1.5082862377166748,9.617904424667358,1,0.27829300383695493
area_only,576,0.717724816927189,0.042994835989419444,1.4041,1.3829366056605203,3.3790753365201476,2.307136058807373,9.018146514892578,1,0.8940050797275134
area_only,577,0.973735871915842,-0.19750133334009856,1.2691,0.3549894244187695,0.4203344224634789,0.10111284255981445,4.058627128601074,1,0.5228402701826113
area_only,578,-0.647372304129376,-0.26866340179047504,1.2417,1.7497233641954213,2.131176323253539,0.05111956596374512,4.211588621139526,1,0.4379824641591913
area_only,579,0.10520932223411517,0.22190354452750682,1.2178,1.0500616859354646,2.085382390682497,0.051062822341918945,4.311086177825928,1,0.4273185594001024
area_only,580,-0.32848211642031233,-0.20085247212883384,1.3655,0.72733191915425,3.8655919269724395,0.1011962890625,6.915551662445068,1,0.5507266320707863
area_only,581,0.9258850070670919,0.23808085349746078,1.1342,1.2918841941264916,1.321960948504715,0.7549271583557129,5.718357563018799,1,0.17245175980826646
area_only,582,0.759752541526606,0.569253142780375,1.4259,0.4714291566574633,3.1392643028427627,0.9574682712554932,6.720960378646851,1,0.30146667698835017
area_only,583,0.3883475157035128,-0.6727399858985535,1.4154,1.4873602412090212,2.720334775956026,0.10141777992248535,4.409209251403809,1,0.25332842632172553
area_only,584,0.3237225877456864,0.2003745411388418,1.0433,1.146064120415891,2.6526608019973357,0.8526875972747803,7.014056921005249,1,0.34635491780196104
area_only,585,0.031260760749884264,-0.23592114810050058,1.4408,0.4958252497555877,4.263329040244681,0.45346641540527344,9.71980357170105,1,0.5205723650018653
area_only,586,0.6158348907562847,-0.645435468931307,1.1219,0.9875253997527791,5.3476608010669695,0.4518733024597168,9.720693111419678,1,0.2784252732097209
area_only,587,0.9935003604287094,0.17561881659728396,1.2324,0.9860554827280912,3.217104906733508,1.153254508972168,8.720083951950073,1,0.53369488425578
area_only,588,0.30363568817532327,-0.7290797531458806,1.3052,1.2302532791902396,5.446964021938105,2.269186496734619,10.223566770553589,1,0.27070671441313376
area_only,589,0.34112061425943163,0.4574618674227583,1.1895,1.299925569672971,3.364783880129805,0.4016377925872803,7.314825534820557,1,0.2822206751640836
area_only,590,0.9156624550405383,-0.6517061578551653,1.0143,1.3300107204915057,3.677217642566437,1.1588985919952393,9.41791296005249,1,0.2900327442280011
area_only,591,-0.8497974975313481,-0.16312492658462396,1.4255,1.906590426461872,3.7814932487175383,0.5535871982574463,10.321584939956665,1,0.6079249758009454
area_only,592,0.27101017550787976,-0.6829025146475063,1.0909,1.4828077966599325,3.073950305684026,0.5518877506256104,10.62153673171997,1,0.2594185030368125
area_only,593,-0.19284230601179142,0.25888437189294156,1.1061,1.1742819557525457,3.1353019447440493,0.1024787425994873,5.219318628311157,1,0.5192200225300818
area_only,594,0.4995207824584045,-0.15227469966593643,1.3989,0.8725266836536251,4.2378535742941335,1.107135534286499,8.921551942825317,1,0.5914625749839975
area_only,595,-0.26588664542158247,0.34106560973117006,1.1702,1.1496699866439313,2.5150992261321656,0.10127115249633789,4.709645509719849,1,0.3715367968805823
area_only,596,0.7570411446105278,0.4352906519466039,1.4402,1.1000595756996536,1.3819546354683163,0.10108113288879395,2.606308698654175,1,0.40898860980173835
area_only,597,-0.2410059660875028,0.05694107782031255,1.3506,1.2822714537320739,1.660897901570991,0.05121612548828125,3.2097198963165283,1,0.5535562696240363
area_only,598,0.5254711797600604,0.20286849540819618,1.1381,0.9912138983252388,1.598621055450784,0.4514768123626709,3.708341360092163,1,0.31205310722688345
area_only,599,-0.0196908511679047,-0.5470756460314574,1.0051,1.0449619024263948,3.604802796282778,1.4535026550292969,8.91894006729126,1,0.26297163415819397
area_only,600,-0.5668607810033723,-0.7080347778894983,1.474,0.6147320240788081,0.7332646955497437,0.15125203132629395,2.909166097640991,1,0.297613134237635
area_only,601,-0.19792254183587987,-0.6444678647233275,1.0428,0.8164438515742665,0.544874795885548,0.10142779350280762,2.8065457344055176,1,0.2591461619106055
area_only,602,0.4690531079547886,0.08934068874799661,1.36,1.041634505873446,2.2425025390615585,0.5518732070922852,12.028359651565552,1,0.5334704047787748
area_only,603,1.085287284920383,-0.11920177247653807,1.2443,0.5337223140798497,0.635094377712664,0.15279841423034668,2.520209312438965,1,0.5166747042966403
area_only,604,0.08943878472492639,-0.7051645468993544,1.3791,1.2361585269125548,3.0598274183630036,5.492178201675415,8.220478534698486,1,0.29082459718782033
area_only,605,-0.11150229486214391,-0.6894194787220714,1.3453,0.39995513495219936,0.19718337867112623,0.10180854797363281,4.309733629226685,1,0.32346263890715854
area_only,606,-0.5558305759299493,-0.7109142196450725,1.323,0.5749582958204509,0.47313857996488107,0.050966501235961914,2.2066450119018555,1,0.30795494209729823
area_only,607,-0.29971686195019875,0.4937142934646447,1.2454,1.3285439249875324,2.218441050959327,1.7113986015319824,7.815930604934692,1,0.33462706772517115
area_only,608,-0.2507179661580867,0.477666645752128,1.3965,0.13718616082860097,0.1877069239926274,0.10125398635864258,1.8070189952850342,1,0.4033887422178256
area_only,609,1.0773140894831401,-0.34673092843704334,1.0465,1.5847969111096816,3.483600642002943,0.5034070014953613,8.416463613510132,1,0.6645494932632094
area_only,610,-0.10891540481141992,-0.27530811875430916,1.1108,1.3274358782264812,1.7402464138721414,0.10158634185791016,5.2116858959198,1,0.5641593602678715
area_only,611,0.22445616397957813,0.0013024122513455305,1.3459,0.5197245108854902,2.4770821513223455,1.004140853881836,8.424229145050049,1,0.5981550051507538
area_only,612,-4.524368077551966e-05,-0.32759411539104755,1.1531,0.5734293727550724,0.5682578561728718,0.10282516479492188,3.612717628479004,1,0.35479575553188375
area_only,613,-0.7587424920815327,-0.27247647708110384,1.2908,0.8392207754232971,1.2080511206794977,0.15299630165100098,3.0104031562805176,1,0.4713412219298649
area_only,614,0.232378893627587,-0.26584134837208256,1.2366,1.1652697483694414,1.0062109031931705,0.10142183303833008,4.91032862663269,1,0.4608610391227148
area_only,615,0.007094710918766123,0.11744595763254173,1.2655,0.426522908302748,0.5486919203521549,0.05103731155395508,3.2083065509796143,1,0.47189358250093166
area_only,616,1.0968075067992018,0.4665524831926259,1.2128,1.2663121744709867,1.5285021035563378,0.10139894485473633,3.5097479820251465,1,0.3189463806213718
area_only,617,0.3571490710123255,-0.46639716385197666,1.373,1.3336476120498622,3.1358532144905644,0.0509951114654541,5.319826602935791,1,0.38917856204540674
area_only,618,0.06953224629889043,0.0031157783578292797,1.1654,0.8022047824192112,0.6991708290557479,0.0510869026184082,2.5068490505218506,1,0.45946152574361915
area_only,619,0.9295390388776137,0.2492248055164148,1.3514,0.7931323288002747,4.173655482814266,0.10119819641113281,6.7132790088653564,1,0.5098502756862578
area_only,620,-0.6140470545418966,0.34316045733369205,1.1355,1.754964930788032,5.0422593783115826,0.35597753524780273,9.617895603179932,1,0.42688540174292716
area_only,621,-0.32642867972581047,0.4621224583189917,1.1257,0.49829465337335554,0.3195204261204756,0.10118412971496582,4.108159065246582,1,0.3880290929174635
area_only,622,0.04402304923960998,0.6048766575955294,1.0603,0.5952723050180218,0.4273022954978489,0.10133099555969238,2.407029628753662,1,0.2807403811382119
area_only,623,0.2938658768642759,-0.227296706518467,1.0963,0.9918176476016783,1.3214202218506443,0.05107426643371582,4.511861801147461,1,0.43040035047073705
area_only,624,0.6368840153105959,-0.21189334362515966,1.0598,0.4682671081569164,0.35917468392375107,0.10213041305541992,4.618221759796143,1,0.510394442070907
area_only,625,0.2711670359400662,0.4463029980881349,1.2679,0.8104524859921655,6.243639920789494,1.8066840171813965,12.128967046737671,1,0.38079951919802557
area_only,626,0.7671425036146926,0.30746118985558224,1.3811,0.43210241010895883,0.590910956537727,0.10129237174987793,3.3077023029327393,1,0.4631703877392762
area_only,627,-0.4756595102227057,-0.5928709750345802,1.0926,1.7642521109455342,4.80278848585501,0.6034634113311768,12.722922086715698,1,0.3498455379027695
area_only,628,0.8056922690383939,0.4841059419385002,1.1082,1.7632133135180268,2.333799667415987,0.05116105079650879,3.8077433109283447,1,0.45777254020202646
area_only,629,0.015568367742194722,-0.0416657601081849,1.2421,1.0369967227719366,3.7588818712146543,1.0031373500823975,10.623481512069702,1,0.42455497052240576
area_only,630,-0.8351119008402077,-0.08781707453131926,1.3623,0.9927904624443625,1.8789623438292624,0.10325098037719727,3.9094724655151367,1,0.5533898713762286
area_only,631,0.499599279306548,-0.5582861321932405,1.4883,1.593141272353522,1.779560038288658,0.10133600234985352,4.208600282669067,1,0.3068525691401081
area_only,632,0.7213945456207789,-0.35998393530240413,1.2623,0.5866071712676763,0.476321184965061,0.05104184150695801,3.814418077468872,1,0.40250289289244046
area_only,633,-0.8554329689051047,0.6280058557070382,1.1415,2.0149780373427912,2.7660234223158593,1.056032657623291,8.021769523620605,1,0.32620132455261436
area_only,634,-0.28906435644184514,-0.7233308084854596,1.0503,1.5873730089301687,2.85856338955589,0.10183072090148926,4.61579442024231,1,0.2259150564325122
area_only,635,0.5946236935318749,-0.5467237052486478,1.0971,0.9526775327647619,0.9475100276366263,0.05100440979003906,2.2073841094970703,1,0.36825068251058785
area_only,636,0.4322273020580487,0.30964329166113547,1.1137,0.9842477964477153,1.0440327178287712,0.05101633071899414,4.210979700088501,1,0.5395767579982484
area_only,637,-0.6973854569120961,-0.07299938951725227,1.0897,1.3115395396722889,2.4652562804426643,0.10114479064941406,4.709604024887085,1,0.48023538825560724
area_only,638,-0.06611493855300599,-0.652302474151308,1.0071,0.9823366031785106,1.0682030755546252,0.10155820846557617,3.609400987625122,1,0.24904961184510382
area_only,639,0.7289221862382782,0.559123347675183,1.2671,1.5159721223288067,3.9198306001987766,0.5564851760864258,7.815308094024658,1,0.25831146646534253
area_only,640,0.16274681988542894,-0.33139675849137723,1.1372,1.233475119461311,1.6202649518432521,0.5521600246429443,3.3098580837249756,1,0.3133895250362373
area_only,641,0.7017298091806639,0.2285368197644434,1.4871,0.9252781617077777,2.423167708359435,0.10100817680358887,4.410590171813965,1,0.6495874720784108
area_only,642,-0.0745051538221132,-0.3372708611781259,1.2767,1.1813635340388446,3.973280840371393,0.15252923965454102,6.1122307777404785,1,0.40466276389213396
area_only,643,0.7195027972144252,0.5337593456901674,1.3487,1.2359370021225993,3.1044278741010976,0.10097670555114746,5.31070876121521,1,0.31861950365883207
area_only,644,-0.2357955201266979,-0.08837558076363028,1.0631,1.370809617832166,3.0972129122657197,0.6089019775390625,10.827812433242798,1,0.5605533583600856
area_only,645,1.0673405702764713,0.08619951396360237,1.4342,1.393598865608793,3.3984161683900496,2.8604860305786133,8.818452835083008,1,0.4288133035449319
area_only,646,-0.6293712152816018,0.4780175762846578,1.2454,1.9834724443689884,3.7925193238265598,0.15117645263671875,5.713360786437988,1,0.38155143423847754
area_only,647,0.288184010714875,0.11545302747263908,1.4364,1.0903128570227618,3.2287851500903346,0.051291465759277344,5.2117919921875,1,0.596464186310471
area_only,648,-0.39349140961462037,0.2379709170640545,1.287,0.9303831118266261,7.125899271759754,0.6538898944854736,12.927184343338013,1,0.6305158478401242
area_only,649,0.22205691740243627,-0.02828656796502782,1.2347,0.8114039487880071,1.9250400239026748,0.501744270324707,7.51603889465332,1,0.433838073931958
area_only,650,-0.3350666079546122,-0.060540489048141355,1.2202,0.712580252389038,0.5678752446689183,0.0539398193359375,3.107699155807495,1,0.47737766961835404
area_only,651,0.37478335523942197,-0.6683477841533301,1.0922,0.8309072415418374,3.699836730190217,0.7021832466125488,9.419708251953125,1,0.32590617644496733
area_only,652,-0.8727330384651101,-0.040708562688046235,1.0257,1.5282437506568507,1.6720770859895784,0.15242266654968262,4.7148942947387695,1,0.46837796649783875
area_only,653,0.5282273981372294,-0.6568644598915563,1.4705,1.5918783671961587,6.59299678179038,0.9036464691162109,11.025005340576172,1,0.25509285290674966
area_only,654,-0.38379509124182976,0.2750021731529463,1.2389,1.4506536955348899,1.8363225187979484,0.05108022689819336,3.81022572517395,1,0.38446162919437743
area_only,655,-0.159016372937552,-0.37147962450766187,1.4111,0.8388344303581127,1.884540632524857,0.10128259658813477,4.612349271774292,1,0.449845448909691
area_only,656,0.6906641590600464,0.48243232696994964,1.2004,1.3150123489811487,3.2785809527911502,0.15144038200378418,5.512118577957153,1,0.3169327214584537
area_only,657,-0.12515561704495182,0.5816437442574088,1.037,0.9596244552541805,3.8804310844498984,0.3515634536743164,12.6235671043396,1,0.28504343500753476
area_only,658,0.10573942818563264,-0.21037054130394084,1.3147,0.9045439664520617,3.910576759635357,1.303450584411621,11.823081254959106,1,0.5811466360118276
area_only,659,-0.8643519995530874,-0.5136064560613489,1.0268,1.1905983583280326,5.205893314085371,2.4329426288604736,10.831676483154297,1,0.393564770802388
area_only,660,1.0417061551650382,0.302665923804576,1.0746,2.157577133742819,2.539515854328081,0.10117530822753906,3.8076961040496826,1,0.4193559175749119
area_only,661,-0.2822605224766237,-0.5982285968273232,1.2814,1.672695821343016,5.435949471007676,2.7118215560913086,12.223060607910156,1,0.31579114009300274
area_only,662,-0.7774953234364869,-0.24829065985205573,1.1519,0.6710745304895527,0.7230358950789393,0.05103015899658203,1.9047958850860596,1,0.3278501511755963
area_only,663,-0.015330852408945383,-0.11412074251113002,1.497,0.9358705704054753,1.5937297669070918,0.10110282897949219,3.711085081100464,1,0.5987802275036284
area_only,664,-0.14003012663341596,-0.6710642022624129,1.0592,0.8010375968654168,2.5695653870966,0.5038988590240479,9.417702436447144,1,0.25631905726963555
area_only,665,0.756560535670151,0.4253781535387363,1.3822,1.4632453371110885,3.529062052917208,0.9025542736053467,8.570459365844727,1,0.49014381666214635
area_only,666,0.06306253585102972,0.4663353579041206,1.3032,0.874853399522703,0.9594114349202885,0.15366458892822266,5.623684644699097,1,0.331601966055035
area_only,667,0.3315647063048961,-0.33725576981630173,1.3954,1.016877237999099,1.1574430329740655,0.15359163284301758,2.9164047241210938,1,0.532664732204205
area_only,668,0.5909001620182794,-0.30932802966915707,1.1128,0.6042502658465114,0.8941529507459867,0.9046387672424316,3.9087514877319336,1,0.3392361428976737
area_only,669,0.5405760426661483,-0.469278212295571,1.2613,0.12737400951192013,0.48660158869508785,0.05146455764770508,2.5062100887298584,1,0.337401375421898
area_only,670,-0.14404817226730493,-0.6631816578415994,1.2253,0.5925321646337486,4.061733697030582,0.8521997928619385,11.122208833694458,1,0.2969463203110263
area_only,671,-0.3426313147251605,0.40494983016977526,1.2214,1.17814628117735,3.8059384583120868,0.45262765884399414,8.216517925262451,1,0.3452442220012069
area_only,672,-0.20438112630365834,-0.7164438351192162,1.4301,1.2020461102195992,5.809559254073075,0.5018284320831299,10.421583414077759,1,0.3278660635874778
area_only,673,0.1038576063748392,-0.18750588727180983,1.495,0.6809492475221878,2.4049905224314485,0.6020092964172363,8.31827163696289,1,0.6316122175039401
area_only,674,-0.8533309865246298,-0.10533325091088563,1.1527,1.2332139272349671,3.980061236375083,0.45235419273376465,10.330812454223633,1,0.564296487445778
area_only,675,0.46988877410364527,-0.31449905922220245,1.3105,1.4025911723275246,3.33571564666969,2.3652966022491455,8.921983003616333,1,0.5535045886317191
area_only,676,0.16020876645050341,0.5980429931856396,1.3048,1.1134083287506962,3.2362396821106074,0.1014251708984375,5.210572004318237,1,0.2608900775605769
area_only,677,0.6534535757025641,0.3660317083393486,1.37,0.5837039293348499,0.6993576203539658,0.05119013786315918,3.207165479660034,1,0.4631802461435472
area_only,678,-0.8382112158073415,-0.3399939687875041,1.4738,1.830532546760561,6.594144263665623,0.7527439594268799,11.924934387207031,1,0.56622937273971
area_only,679,-0.18307453434045307,-0.23223020879870215,1.1039,0.9552758322889574,0.7045043105621409,0.0509183406829834,2.4078867435455322,1,0.5018733956782947
area_only,680,0.40828122592637817,0.5955431658036748,1.1055,1.1338161528812347,2.7164233301623733,0.05169272422790527,4.809722661972046,1,0.3408846522167185
area_only,681,0.9079471184655314,0.33311461987231217,1.3302,0.60015095226499,4.282690693211113,0.7058954238891602,9.018960952758789,1,0.5012918002597729
area_only,682,-0.08415350936417543,-0.3267937885831933,1.0785,1.4044988963819565,4.97714713894223,0.6019062995910645,9.317581176757812,1,0.4191879865928644
area_only,683,-0.3842315954735552,-0.07787810621818292,1.0869,0.5157998436713094,0.419852420452824,0.10106134414672852,2.9109110832214355,1,0.46662361896098237
area_only,684,-0.7583523011957277,0.5730031865577921,1.0375,0.8421873015124478,3.26249235088916,0.1517176628112793,5.815708160400391,1,0.27482140165277974
area_only,685,1.0918119009002851,0.005118725267561297,1.0013,2.0340520488320486,2.194073304765872,0.10211396217346191,3.4139270782470703,1,0.6026597509403206
area_only,686,-0.14822075694596204,-0.4333261377587037,1.2253,1.4233370948041404,3.19921150883217,6.224347114562988,8.433610677719116,1,0.2631055191895547
area_only,687,0.36062383758380534,0.3305362297967972,1.2969,1.0733240241833584,2.3925246730141017,0.10106158256530762,4.607783555984497,1,0.4358845508501151
area_only,688,0.7346473120081394,0.13080176764296303,1.1456,0.4304463260807183,4.025629867036805,0.05152320861816406,6.813704252243042,1,0.41591014719725133
area_only,689,-0.35786833114070526,-0.26870590552895474,1.1157,1.2869535036563915,1.2485153351045741,0.652184009552002,4.609102249145508,1,0.36132833680079746
area_only,690,0.05851674748903035,0.4800539227821242,1.3535,0.9207597837843744,3.27960652989426,0.10150671005249023,5.611898422241211,1,0.4014848712430088
area_only,691,-0.5810453662390808,-0.7322256542793862,1.3515,1.5366063420818057,2.8224276340839087,0.9028074741363525,9.117541790008545,1,0.2846301479435542
area_only,692,-0.6068672455116899,0.5732014823320027,1.227,1.410260164087303,4.257741579598825,1.353501796722412,10.022125482559204,1,0.2726073358590077
area_only,693,0.11919627802863031,0.19079833717803818,1.3437,0.8876411179315874,1.1313113511736155,0.10266804695129395,2.709862470626831,1,0.4794304744298885
area_only,694,0.7264056029320753,-0.11142046806674344,1.462,0.5258282904639777,4.334254093170754,0.20341968536376953,6.718935966491699,1,0.6418996166048389
area_only,695,-0.7859903136815638,-0.5152598025271058,1.3939,1.7228951295297938,1.9777212725128508,0.15224552154541016,2.9083662033081055,1,0.3295786044119235
area_only,696,-0.7739415651965167,0.4161746384072059,1.3125,1.1041322809406589,1.4495920173735075,0.25233006477355957,5.7131187915802,1,0.34801733688798875
area_only,697,0.8192017148186501,-0.4105234229443796,1.3306,1.9239089917719314,2.721594174583769,0.05099630355834961,4.3087098598480225,1,0.4218777039410067
area_only,698,1.0127338841371516,0.6238817099092168,1.4668,1.1946484516678493,3.265254420467356,0.10168910026550293,5.110218524932861,1,0.33458846704958306
area_only,699,0.25582784310199935,-0.3863895899160518,1.2126,1.4940641253957307,2.1230545045913187,0.10108828544616699,3.709033966064453,1,0.3636032273580288
area_only,700,-0.7281523440624563,0.11209964558409624,1.2723,1.0249727183290969,1.1933735112759951,0.05128645896911621,2.7107181549072266,1,0.5137413797046444
area_only,701,0.6979235204835756,0.5044529426531971,1.3238,1.5956531502265077,1.870139793080644,0.051125526428222656,2.9079675674438477,1,0.35543067644653487
area_only,702,0.16053300394595738,0.5998210655803261,1.4542,0.6602035372918613,0.6322260003927372,0.05108904838562012,1.904458999633789,1,0.2707739580882267
area_only,703,0.07221601101951647,0.2439870349611335,1.4133,0.5842216379466412,0.5540331136453958,0.10101938247680664,3.1070783138275146,1,0.5856917156675785
area_only,704,0.4482021494703994,-0.5194505520070305,1.0357,0.9567914118331713,6.385996754795247,1.25468111038208,12.42814326286316,1,0.41951853430037905
area_only,705,0.11581120711023685,-0.7263703175496284,1.083,0.5290020834904515,0.47094238909051994,0.1021726131439209,2.909027099609375,1,0.23886029352100804
area_only,706,0.9627166436317918,-0.42879810482464153,1.1538,0.9525434830351754,0.9719984985506295,1.411611795425415,4.611101150512695,1,0.4718557574702267
area_only,707,-0.23545008049477467,0.42220983111243904,1.3745,1.5349729037678015,5.1709219949472605,0.7540886402130127,11.121663570404053,1,0.39666013066604916
area_only,708,-0.02331259440488853,-0.7029207447514066,1.2846,1.2460168555650866,2.722003009668291,1.8043177127838135,8.217329025268555,1,0.27110716391055084
area_only,709,-0.6381278000284636,-0.34607209393880634,1.1443,0.8688671598941407,0.7824068908026497,0.051697731018066406,3.307325839996338,1,0.47506966706168285
area_only,710,1.0956314405683147,-0.6812918751800238,1.0622,1.8448059167943387,1.9204365867059612,0.10131955146789551,4.809863567352295,1,0.34281264148416074
area_only,711,-0.09514787489317056,0.2933600733788092,1.3443,1.6384572991087365,3.263136100864079,1.6059558391571045,8.033267974853516,1,0.4198493696420506
area_only,712,0.2708569655279518,-0.2523155271211091,1.3499,0.851003472201586,2.190860667666033,0.15224790573120117,4.9117865562438965,1,0.5556747546204874
area_only,713,0.24499472514803222,-0.25031319386482426,1.4713,0.1912267594995329,0.14309933890323745,0.1012735366821289,1.203561782836914,1,0.556536004926665
area_only,714,-0.49326278155357534,0.5186605050920506,1.2502,1.3158183406800918,2.999840685663487,0.10163140296936035,5.010098695755005,1,0.27388501807010057
area_only,715,-0.4352697841673163,-0.6895102303905329,1.2469,1.3695236707664837,3.08075443395363,0.6027748584747314,9.017359256744385,1,0.29749521826882525
area_only,716,0.8449388426308926,-0.35487420577556533,1.0402,1.4362085838402094,1.4488722787569488,0.05111289024353027,4.8107969760894775,1,0.44256123853419604
area_only,717,-0.007630675878305571,0.054042058835830686,1.0199,1.0915632843399943,1.6799554807776391,0.10145139694213867,4.110686540603638,1,0.5285580379357417
area_only,718,-0.31309279724180683,-0.2579087619411845,1.216,0.3971549659742863,0.45008448325115163,1.0048952102661133,1.8042140007019043,1,0.5253717336392048
area_only,719,0.8960504068781925,-0.1666784563026511,1.1612,1.311245767011555,1.8000741552696273,0.5025677680969238,3.609583616256714,1,0.5651282720147413
area_only,720,0.1131239869535745,-0.4617695301552918,1.1252,0.9698832311002875,0.8533296902542082,0.051373958587646484,2.406582832336426,1,0.4344858540957947
area_only,721,-0.21583876644882194,0.431811497025791,1.0457,1.0868300189591877,1.9914088970864832,0.05082225799560547,4.408633232116699,1,0.381651605777532
area_only,722,-0.736226951441398,0.5496379311712704,1.481,0.46620165378145384,4.116235243954539,1.2032194137573242,7.415421485900879,1,0.26905567795545027
area_only,723,0.7341613475576942,0.4054248249490492,1.418,1.4849306459120744,1.6293076467668395,0.10443735122680664,4.021406173706055,1,0.47178932844439186
area_only,724,0.6553654210184392,0.15649004375382158,1.2876,0.4942178706868061,4.279036687027389,0.15321898460388184,6.723127126693726,1,0.5022105651514044
area_only,725,0.19548540352276933,-0.3548828861676149,1.4754,0.805358790525852,0.8794460565801622,0.15238285064697266,2.914527416229248,1,0.5184146392063863
area_only,726,-0.6195679999771684,0.30886123520879283,1.4998,1.2482240907579372,2.3371232805617845,0.3030827045440674,5.134847402572632,1,0.37653738077066967
area_only,727,0.16261517891163635,-0.667932306918664,1.3361,1.5066436062207498,2.4189248024397343,0.10124492645263672,5.614259481430054,1,0.2431061708458265
area_only,728,-0.2700781376808913,-0.3253829881615924,1.1348,0.7104400099571151,0.7530471768068787,1.006016492843628,5.412160158157349,1,0.3403416257160448
area_only,729,0.5725613818824087,0.5854457167242183,1.0201,1.3710674248538093,3.7263999821990366,2.158886432647705,9.719377040863037,1,0.26237002813863447
area_only,730,0.5974385200321732,0.422736470870381,1.3781,0.24694406104024844,5.874849034656452,1.103196620941162,10.420991897583008,1,0.5299969578187902
area_only,731,-0.2282650443663523,0.23614171167735676,1.2353,1.0476907328834946,1.330090155729021,0.1524653434753418,3.417177438735962,1,0.41643282830677314
area_only,732,-0.13779492183130937,0.4962658303333324,1.3258,0.24448657687957362,0.37524750797090123,0.15262150764465332,1.7072293758392334,1,0.34055887918516753
area_only,733,0.6219200506898841,-0.2027497937876348,1.458,1.1733069142578272,2.9798154066637643,0.15312695503234863,4.922860145568848,1,0.6418426286171024
area_only,734,-0.7175005720594603,0.005138821808710725,1.0907,1.605163486486866,3.4086160361945783,0.8544042110443115,9.421794891357422,1,0.5193333642416299
area_only,735,0.6742120639374543,0.05910380042638941,1.2927,1.4676309144563384,2.969825200864013,0.9023256301879883,9.117990493774414,1,0.38305387349767744
area_only,736,-0.34712359536506443,0.08353503015795838,1.3174,1.1999571276489633,2.299846673267447,0.050875186920166016,4.309584617614746,1,0.5580479504860738
area_only,737,0.6313484699584673,-0.602143065372664,1.2459,1.3725539801246105,1.5340743949335736,0.10123491287231445,3.6078953742980957,1,0.25094655326278476
area_only,738,-0.14108551343279763,0.5388387611707296,1.0456,1.5072367141641687,3.754162935679191,0.9027507305145264,8.617064952850342,1,0.30618297214635504
area_only,739,0.5427953920267652,-0.10860201840077433,1.174,1.0120141672360436,1.1045744505832893,0.5023236274719238,4.816694736480713,1,0.6292158351818565
area_only,740,0.5718404642018282,0.4409633018038125,1.1667,0.6454913545785064,3.054821581807906,0.8033719062805176,10.124954223632812,1,0.3103168265924611
area_only,741,-0.48603312494023276,-0.26850015761552404,1.3351,1.3342463998694596,1.560867243502752,0.1018517017364502,5.414799451828003,1,0.5157889246477211
area_only,742,0.8246567774683911,0.22040738982501695,1.4289,1.5687863694724051,2.575275314906522,0.10124683380126953,5.311304807662964,1,0.5247909742825566
area_only,743,1.0041337022090848,-0.06114047353963514,1.1649,0.5042666311313443,3.9665086103703455,0.1011497974395752,6.612939119338989,1,0.39094938155063164
area_only,744,0.6852596027814168,0.2661259626718627,1.3468,0.5914213220254578,3.7711433101832506,0.10104799270629883,6.512715578079224,1,0.46214680239206274
area_only,745,0.7898927035370973,-0.7273116907341028,1.1441,1.082765504449873,3.6849137332612885,0.5522990226745605,7.615652561187744,1,0.2568770186681053
area_only,746,-0.005555247610260716,-0.42014654153556086,1.4726,0.8939908594333893,3.4014880915572667,1.704310417175293,9.619246006011963,1,0.6201757508215543
area_only,747,0.21002488646629347,0.5857064682019449,1.4068,1.1588138561737504,1.6486285308640838,0.10099935531616211,4.810388565063477,1,0.2649683550415575
area_only,748,0.5509757235932942,0.4422680073589721,1.275,0.5061414265356083,0.5098631630713336,0.10128998756408691,4.1139655113220215,1,0.3680448482725983
area_only,749,0.22246542407415681,-0.1981352409457905,1.2274,0.8810902414561067,1.5235268848467782,0.15240144729614258,4.3193678855896,1,0.44652632824435856
area_only,750,-0.5612845013878042,-0.3173514814466976,1.1573,0.6700681510649941,0.7784445922657847,0.10201287269592285,2.9074642658233643,1,0.33428288409403684
area_only,751,0.4602973345220358,0.3516402397409456,1.1616,1.35488804738437,1.3986040891109677,0.1061701774597168,3.1094906330108643,1,0.35198420147700926
area_only,752,0.26020053859090986,0.40130893770708453,1.4851,0.26410301722047935,0.661689429450709,0.10226845741271973,3.21335506439209,1,0.5183022015758549
area_only,753,0.46290747957452694,-0.6717776120094923,1.2021,1.2335996812106298,4.902072175632892,1.1359233856201172,10.42003059387207,1,0.2955619149841498
area_only,754,-0.2649687797471162,-0.258035016256462,1.2573,0.9072936688850637,2.6285414916810943,0.802342414855957,8.71729063987732,1,0.3473864776731697
area_only,755,0.5792095182699357,-0.18717937222150305,1.4941,1.0198157311368894,1.5585334875036032,0.10126280784606934,3.407222270965576,1,0.6018277637644488
area_only,756,-0.3066270006572567,-0.1483783074306131,1.3288,1.1026679679385833,1.784287356395757,0.10104513168334961,3.6085827350616455,1,0.5066524207048589
area_only,757,-0.7608472295172096,-0.22923248140439412,1.2713,0.3466805191588692,0.45761886247748407,0.10117006301879883,2.8079445362091064,1,0.44652274042074214
area_only,758,0.4578716726584042,0.12575567909811725,1.2066,1.4410823950213212,2.1588087119718975,0.05121636390686035,4.008830785751343,1,0.47519490570311024
area_only,759,0.6153626803560968,-0.6037136387619593,1.0938,0.7519701110409945,2.9338130746724667,0.9524810314178467,8.11871886253357,1,0.3048338278544049
area_only,760,-0.016738485507689083,0.6040266500545625,1.1809,1.4454055202204368,2.916006566438015,0.20614266395568848,5.014344930648804,1,0.3501353415344246
area_only,761,-0.5174992002517989,0.5907095733929885,1.3782,0.4845121450638844,4.499437155313451,3.2812860012054443,8.920766592025757,1,0.27308527609012656
area_only,762,0.5894880399421893,0.2250577841097099,1.3127,1.1785406735391186,1.3283333090410083,0.05086112022399902,2.5069289207458496,1,0.4493874561137967
area_only,763,-0.08493226570821055,-0.37988441442002957,1.38,1.0531978140650442,2.3654953599185897,0.10120058059692383,4.5095274448394775,1,0.4428203281280942
area_only,764,-0.3407660954740023,-0.3480276724311783,1.1018,0.4349878691744921,0.5763877512680168,0.602222204208374,3.1078810691833496,1,0.3284275389636744
area_only,765,0.32340893150868144,-0.6372302122527363,1.2746,0.6461975179199954,0.6880943899695849,0.05096745491027832,3.1063644886016846,1,0.24594379702238725
area_only,766,-0.2837696536108647,-0.6164999611226787,1.4638,0.594374928979878,0.6576959112159165,0.10144448280334473,3.0080509185791016,1,0.26443815943135823
area_only,767,0.4123365534752399,-0.3755896137237382,1.2191,0.9420826005682746,0.9255463999344441,0.10129094123840332,2.507935047149658,1,0.3929505277376624
area_only,768,-0.3757299834402349,0.18586011978420036,1.3491,1.0994240673631148,3.623601136171346,0.15142273902893066,6.112941265106201,1,0.4877678690025772
area_only,769,-0.2528175446685492,-0.3705137473281736,1.0607,0.7021161788294435,3.247679092380693,1.1544055938720703,9.31973934173584,1,0.323306920991556
area_only,770,1.00342625072617,-0.5974854247492369,1.4866,1.2131603301772518,0.0,0.4036886692047119,0.0,0,0.0
area_only,771,0.5868128225595588,0.47023351531610824,1.3044,1.1686797262884518,1.281615504948103,3.9613428115844727,3.716217517852783,1,0.5097830620591175
area_only,772,0.5166586761354328,0.19147373060414052,1.1196,0.6018193583062845,0.33209840051523776,0.15251445770263672,3.8129329681396484,1,0.45720066063890946
area_only,773,0.28235944458604956,-0.39523848516721755,1.0792,0.7785657281877343,1.5861591388305998,0.15471863746643066,3.9104502201080322,1,0.49223432328004924
area_only,774,-0.0821120004326944,0.4108874075569223,1.2754,0.9351230464731198,3.3253423656107084,1.3070731163024902,6.612886190414429,1,0.5280793533608926
area_only,775,1.063427783697986,-0.6029988794005848,1.2761,1.6044630302085754,2.8503867606941724,0.45191526412963867,12.023824691772461,1,0.3190429576218379
area_only,776,-0.6894162925921903,0.28528009645514196,1.0466,2.0761299648114626,2.6920721094951974,0.45174551010131836,8.818315982818604,1,0.3941601206763902
area_only,777,-0.3602335252479161,-0.1461298396849181,1.4961,0.6098872168911524,5.454151268193639,1.1028265953063965,11.923009157180786,1,0.538926177941665
area_only,778,0.2952978071586698,0.09966277503525889,1.4565,0.6357905516725012,0.0,0.6021904945373535,0.0,0,0.0
area_only,779,0.5422524977354473,-0.6174280977801392,1.2307,0.9121016392513451,0.9467037323828127,1.9122748374938965,3.1140825748443604,1,0.4300957570318525
area_only,780,0.5911492847400546,-0.7241136087884116,1.0587,0.285995159546504,6.929474841121237,1.798793077468872,12.932098865509033,1,0.23036076149989465
area_only,781,-0.3362618578307204,-0.40285287563543604,1.4161,1.0338925606642402,2.409711593642986,0.45363736152648926,9.618254899978638,1,0.5225027573077979
area_only,782,0.5792777470261792,0.09064938976175774,1.2492,1.257434670395384,1.8881641590350422,0.051102638244628906,3.6070075035095215,1,0.5084330099992463
area_only,783,1.0128545875703923,0.4090877797003162,1.3583,0.4442178264099008,4.086503198675718,0.05125617980957031,6.51470947265625,1,0.43335261438214995
area_only,784,0.9756322271191329,0.004804949440220696,1.2544,0.5757204582644261,3.948877208887258,0.05100297927856445,6.4131858348846436,1,0.5018743233516569
area_only,785,0.599391120449855,0.27089849846843095,1.1367,0.6550861856498479,3.869328604393699,0.5517981052398682,7.114597320556641,1,0.46136923208866226
area_only,786,-0.1374541560314867,0.522133320028653,1.4174,0.809740833669581,3.4842442703212937,1.707064151763916,8.316427946090698,1,0.2948838795308393
area_only,787,-0.3401323344944924,-0.23675118403462048,1.4901,0.9773690504992482,1.8356606025164208,1.008467435836792,5.712559461593628,1,0.38059753939762453
area_only,788,0.6876010870231237,-0.1187293887050418,1.1219,1.3723917307775106,1.7632196452240791,1.2039837837219238,3.416454315185547,1,0.37161979726367145
area_only,789,0.5252233656218699,-0.1554757674916145,1.2756,0.26718517618124515,0.2184430856164784,0.15388083457946777,4.120419025421143,1,0.4638853232092232
area_only,790,0.9827081917514127,-0.6550552797597549,1.1918,0.556682279511807,2.1802346430650963,1.1116678714752197,11.42599630355835,1,0.322506334824508
area_only,791,0.006848358831640811,-0.7128910862631377,1.4609,1.0104107655663375,1.0443977551072583,0.1011347770690918,4.409485578536987,1,0.32030487099950467
area_only,792,-0.7616590146973758,-0.06823446782753106,1.2541,1.1365186813012407,4.095533742135435,1.0034775733947754,8.917746305465698,1,0.41537808874075555
area_only,793,0.6421215230456496,-0.18011197266138612,1.4397,1.5705594992790428,2.1750482800944906,0.05095386505126953,4.511602163314819,1,0.5372061749700958
area_only,794,-0.5568863356430278,-0.5225243679913348,1.432,1.3819188207053483,1.6474600009110762,0.1017608642578125,4.9107346534729,1,0.3835867009308562
area_only,795,0.4434828210481352,0.4684429006729801,1.1381,1.653282757324382,1.974934748468085,0.05156087875366211,5.109987258911133,1,0.28107063824186207
area_only,796,-0.6541240467191944,-0.3456564487893649,1.395,1.4513636703273203,1.7664630363922786,0.05155682563781738,4.6092305183410645,1,0.5164033820994036
area_only,797,0.1477412175446713,-0.0071490583553298626,1.2075,1.098800994542912,1.6723465823675372,0.10124969482421875,4.515673398971558,1,0.45247552327030377
area_only,798,0.7691971950498533,0.34148837359124806,1.4671,0.6446354921499576,4.08213954094411,0.1024477481842041,6.51804780960083,1,0.5048290986575568
area_only,799,1.015479363698967,-0.29405574725072386,1.2539,0.7903198541962998,3.8249823207465936,0.10273551940917969,6.014163970947266,1,0.4743113866820134
area_only,800,0.9923014504417409,0.4610629011375361,1.4103,0.8775381957626806,3.6442900648731107,0.10151815414428711,5.81784462928772,1,0.44473050774057526
area_only,801,0.2237816980840477,-0.05169598271418396,1.1414,1.1787870374208775,1.6294365945358527,0.10117840766906738,3.3069405555725098,1,0.39453074886143735
area_only,802,0.46869663189973165,0.40828610704637824,1.1493,0.5745772249503013,0.6918060874445667,0.451984167098999,2.3088672161102295,1,0.30454745444654147
area_only,803,-0.0024845883230601995,0.09589124139119343,1.2935,0.6296451540345328,0.7267694345439408,0.051309823989868164,2.406491994857788,1,0.4821274950731174
area_only,804,-0.5177200471247456,0.21048673736095558,1.4995,0.37945977959665406,0.5970893449340614,0.10396528244018555,3.8085551261901855,1,0.5766558601455655
area_only,805,-0.5454061405366584,-0.7402628062089974,1.2448,1.1577274935720514,3.161735165695822,0.4517827033996582,9.619553565979004,1,0.2642803960219232
area_only,806,0.14759789952808022,-0.5212875113499028,1.0743,0.8845974681047147,0.781832423739811,0.05137753486633301,2.305417776107788,1,0.321699835241321
area_only,807,-0.5444871132549325,0.48103550506684367,1.2693,1.294865050716095,3.7066643722552537,1.3036227226257324,8.919346809387207,1,0.314013193836108
area_only,808,-0.6642052497579977,-0.437475567276014,1.1726,1.0800540370407776,1.9170921384798711,0.051387786865234375,4.013668060302734,1,0.3068281964915049
area_only,809,-0.3867117133225697,-0.6636760132246889,1.276,0.4104675340855996,4.512744635746267,3.134671449661255,8.63454270362854,1,0.3630606372953685
area_only,810,-0.4378441241585326,0.5758514909282876,1.2717,1.326110907026432,3.6235107475189676,3.9261083602905273,9.619704484939575,1,0.2851109560667349
area_only,811,-0.048933744816775926,-0.1536304858669817,1.2277,0.9755164604801756,2.917578442562797,0.10160040855407715,5.110697984695435,1,0.48120546329772845
area_only,812,0.518653562632386,-0.5070925708127123,1.1609,0.5525039314254566,0.5963740272903952,0.10555338859558105,3.106499671936035,1,0.26297952784016765
area_only,813,0.8523844471459194,0.12456959775404919,1.0943,0.8589878566706723,2.3799021852275324,0.40153956413269043,10.92034387588501,1,0.513931145360316
area_only,814,0.3273742966390014,-0.5819618335953592,1.3487,0.9468249369853867,5.117812680570987,0.5521626472473145,13.12484073638916,1,0.2625765955137374
area_only,815,0.4986899684022992,-0.4596095955891263,1.2859,0.4085376332593743,0.2996916599421962,0.10152387619018555,3.012526273727417,1,0.3400009942954614
area_only,816,-0.4680449281032409,-0.0452758421206374,1.1168,1.1927974478860355,1.4787466252114523,1.8207471370697021,3.916813373565674,1,0.37612179319912775
area_only,817,0.698246581101315,-0.64813092472374,1.3878,1.4399275050051974,1.5481026339696424,0.20239496231079102,2.9170644283294678,1,0.25677549682048095
area_only,818,0.37254123701011155,0.2031798586690211,1.0218,1.1578586842200385,2.7339569308280853,2.175598621368408,8.4274263381958,1,0.6041396391876062
area_only,819,0.5608653387874356,-0.007007832496427002,1.3724,0.2834153013774719,2.0285975613142204,0.45166587829589844,8.615994691848755,1,0.5298530136700528
area_only,820,0.7984724645555845,-0.07647993718811175,1.3526,0.16473472091190644,0.23623110438625078,0.05112338066101074,1.4034497737884521,1,0.5759782780087016
area_only,821,0.021464932023983252,-0.49095042214168094,1.4057,0.9988271091972815,1.0457749824130942,0.051348209381103516,2.5060994625091553,1,0.37335568056662344
area_only,822,0.05122593666981712,-0.638988574676352,1.193,0.3484133503069554,2.43054941638432,0.3515899181365967,11.723086833953857,1,0.33902342230044163
area_only,823,0.9143161245786253,-0.4634284518083033,1.3318,0.9214436455216255,2.6981271612192486,0.502227783203125,11.92270040512085,1,0.35567533358561415
area_only,824,-0.1011994109438692,0.0013795649036320023,1.4104,1.2340350350855886,1.684292711203796,0.10108089447021484,3.6091864109039307,1,0.651722551005217
area_only,825,0.4119662907700534,-0.6411791493821326,1.4904,0.9759305148614923,1.2151918651004123,0.10103607177734375,3.6110103130340576,1,0.2606982991695458
area_only,826,-0.013858034678332576,0.627128554262654,1.2477,1.5433665653320228,2.4752796166497406,1.257920265197754,4.235300779342651,1,0.24566764553042647
area_only,827,-0.4367393520567793,-0.26138478589081365,1.0185,1.1732423415154336,6.1222564568993905,1.5330722332000732,12.731451511383057,1,0.4704395725548621
area_only,828,-0.1405039367361356,-0.10513627387830493,1.2511,0.4353264538846006,2.241592799073694,0.4025578498840332,10.524538516998291,1,0.49188192738482384
area_only,829,0.5317735286641838,-0.7315083011011984,1.2951,0.7735693614974879,3.2655857565688224,0.35156750679016113,9.918964624404907,1,0.3105279885280173
area_only,830,0.08626692773225886,-0.7356992844316926,1.4349,0.5076606354997827,0.4858957265298316,0.10182428359985352,2.3072705268859863,1,0.29247988080305776
area_only,831,0.21396678105324107,-0.6516793903834021,1.4371,0.346053696614631,4.295218158655932,0.3013489246368408,8.316507339477539,1,0.25661173494962725
area_only,832,0.6768446747270751,0.28990036755188486,1.2202,1.2719826480502476,3.1660499249262504,0.15421557426452637,5.216446399688721,1,0.42082674241440193
area_only,833,-0.5948768049404534,0.17917036842369227,1.263,1.4233387231767254,1.7924600120247822,0.15268564224243164,3.314060926437378,1,0.4763291195055588
area_only,834,-0.5362958460074426,-0.4751040753370026,1.2285,0.7877302143607788,1.3282042385976924,0.15213394165039062,3.414799451828003,1,0.31696874309852596
area_only,835,0.92710886460404,0.29947485127922724,1.3612,1.7121403371335149,3.944334746380795,1.4574787616729736,5.613174200057983,1,0.7860772539805989
area_only,836,0.8892515452490997,0.052280480699406384,1.205,0.4177906136933293,4.5712501109688395,0.10116004943847656,6.7135679721832275,1,0.3850238293157286
area_only,837,0.06631185827011554,0.2413296318304281,1.3274,0.9939481037062964,4.157342769674564,0.10157489776611328,6.8141138553619385,1,0.55288357439903
area_only,838,-0.2509952660992084,-0.4111781371378468,1.0772,0.9069735567907481,2.2743235020537877,0.30152273178100586,9.91946029663086,1,0.41789043339623394
area_only,839,0.9263359345171644,-0.046300045381000965,1.2347,1.3011826725856535,4.077946580933607,0.5029053688049316,12.423823356628418,1,0.44061465735209937
area_only,840,0.5067814796633678,-0.21703449766440308,1.4846,0.5843614092192816,0.5346582052343694,0.10150814056396484,3.2072865962982178,1,0.6402164036859883
area_only,841,0.7051505549729924,-0.3693461418390514,1.1693,0.456038848293724,0.3952634285546224,0.10133838653564453,4.40910005569458,1,0.3740652401977054
area_only,842,0.9882337262704779,0.1313782628268565,1.3464,0.6603941007831209,0.7793739242433515,0.05144071578979492,2.1085429191589355,1,0.568741061353901
area_only,843,-0.4945835083880026,0.21143667751998207,1.3249,1.664273960528278,2.987406889888788,0.10126233100891113,4.812459707260132,1,0.4999044951397288
area_only,844,-0.34849337663394175,0.16654533014677553,1.4259,0.31962632339588104,0.17314348350818745,0.15222573280334473,2.107733964920044,1,0.5909251058715641
area_only,845,0.6350073379048093,-0.4850694145788456,1.4262,1.3733320246255147,1.9247042322354868,0.20423531532287598,3.722437620162964,1,0.3847354202840365
area_only,846,-0.14293582225959567,-0.1489562849218008,1.4297,0.9873515589756542,1.366209042519244,0.20516085624694824,3.0098016262054443,1,0.591095423305772
area_only,847,-0.8062533675208123,0.4650012515541143,1.19,0.8555363041216586,0.9442246163212463,0.1522068977355957,3.809783697128296,1,0.3036326721162576
area_only,848,-0.7957429864496395,0.17324831565397425,1.1583,0.4562430535282803,0.3771830646340053,0.10116982460021973,4.810254096984863,1,0.4421323541421393
area_only,849,0.887250250467259,-0.2960506903709585,1.3594,1.8693709804061491,2.5024611587689094,0.10160684585571289,4.309472560882568,1,0.4747139261577071
area_only,850,0.762973846293665,0.4178532318156848,1.3797,0.8930470559449227,3.5098886502508075,0.10146188735961914,5.818365097045898,1,0.3990941602051179
area_only,851,-0.7396987785166769,-0.6125827548070257,1.4362,2.011249803438818,3.137105316823607,0.10145115852355957,5.111939191818237,1,0.3145314960754626
area_only,852,0.6099005136808135,0.365357782858846,1.0179,1.9141642207574203,4.738616750818682,0.556328296661377,9.319343090057373,1,0.43325542900870806
area_only,853,-0.3943539662208879,-0.6875579638947726,1.0342,1.5757974605452056,1.8521567209636514,0.0512547492980957,3.708641767501831,1,0.2435399484047407
area_only,854,-0.8285518876808068,-0.24777353950759806,1.3156,0.7064962704549819,2.272602367807804,0.9097034931182861,8.12079644203186,1,0.4289483919491258
area_only,855,-0.2530740253850783,0.156065915546997,1.4605,0.8665404148171357,0.9547828163724313,0.6554186344146729,4.6169703006744385,1,0.4742080085089968
area_only,856,0.6419484119169989,0.11402299860314857,1.4987,1.080187936051405,0.0,1.1072335243225098,0.0,0,0.0
area_only,857,0.7861711023603526,0.1082289988498808,1.3734,1.2411254760123085,2.9612614242844026,1.0529544353485107,6.715772390365601,1,0.508391984120518
area_only,858,0.8403066952930975,0.06345076001193839,1.217,0.31188107126158376,0.767712260828006,0.10095715522766113,3.709052801132202,1,0.45340834252987305
area_only,859,0.6268391911299018,-0.13528831131014007,1.0492,0.4859515024197844,1.7815315238829421,0.9028289318084717,8.616439580917358,1,0.3410796661940602
area_only,860,-0.419368833357705,0.07707447884378149,1.3169,1.1357348065129032,3.620534729849888,0.5019288063049316,10.420819520950317,1,0.5058225755971982
area_only,861,-0.19534373879491818,-0.01797116141139099,1.4363,0.4151831921074097,1.982554168722147,0.10131502151489258,4.413812637329102,1,0.6136516764100886
area_only,862,1.0715756933942486,0.1494252694180327,1.2218,1.1643334437753978,1.308205405942263,0.4027674198150635,4.021462440490723,1,0.5798308645397943
area_only,863,0.302639590136226,-0.6696998521372546,1.347,1.1306122940549774,1.3971818608171613,0.40470409393310547,6.016225814819336,1,0.24637590398645398
area_only,864,0.46986765871746305,-0.23032952228764492,1.4517,0.6256385318645686,0.6779628208283767,0.10132074356079102,2.910120964050293,1,0.5771245509045838
area_only,865,0.11871242239924107,0.20627458378083063,1.023,0.9401618827042928,5.693823760471912,0.3518943786621094,11.322112560272217,1,0.5025441129646576
area_only,866,-0.3273787609384131,-0.5283721746245814,1.3981,0.9409976877861079,4.049581228516599,0.6053714752197266,40.37866020202637,0,0.3395454132228518
area_only,867,-0.5175163876067244,0.2258611860139541,1.1467,1.034842209625288,6.116347063110404,2.3595943450927734,11.437358617782593,1,0.5357767503904931
area_only,868,0.7866615521044387,-0.5097931391353075,1.1874,1.5827115947980006,3.779224807258084,0.5028369426727295,7.916685104370117,1,0.2583428224132495
area_only,869,0.33542029665248485,0.2183047686607953,1.0728,0.9874539929599021,3.1483536238851113,0.9526548385620117,8.717167854309082,1,0.3784700238213183
area_only,870,1.0315437312129305,-0.0066252016571894945,1.2656,0.7167387492622123,0.7588431607118572,0.551870584487915,4.409067153930664,1,0.5725779126494497
area_only,871,-0.5683843530827866,0.043762337979898924,1.283,1.6682541976140153,2.914891144265017,0.5017516613006592,8.716582775115967,1,0.5662872232371112
area_only,872,0.28288417407720745,0.0715624080181434,1.3963,0.9960264770819061,2.3147049383945073,0.10104203224182129,4.3095550537109375,1,0.5637476683404808
area_only,873,-0.8100838570307366,-0.16133751193350654,1.085,1.3657506474466652,4.05085020069782,0.45165061950683594,8.319192171096802,1,0.5281976068179433
area_only,874,0.873088497177801,0.47012495789672426,1.0395,1.9093265411718099,2.9729247050659326,0.15224599838256836,4.918300628662109,1,0.34948566838884015
area_only,875,0.8374597197532845,0.4744923801203481,1.4354,0.10435252306240193,5.079814055460866,0.8547720909118652,8.819775581359863,1,0.4020327954857439
area_only,876,-0.3051182540264423,0.35982778917292546,1.3099,1.3406529534722145,1.4629287955717263,0.10109210014343262,2.5097312927246094,1,0.4382700320923591
area_only,877,0.905579145997627,0.11249435316455625,1.1204,1.3928931418257,5.278782623905474,0.4517385959625244,9.618497133255005,1,0.5896216058103624
area_only,878,0.8065228783924627,-0.6572705497459671,1.4564,0.8159057796917434,5.50483611504625,0.6022436618804932,13.226360559463501,1,0.2569924452022965
area_only,879,1.0601300905555178,0.3795221485915038,1.0716,1.3486428647542124,4.816509450631247,0.5020279884338379,8.217507362365723,1,0.48053284679481256
area_only,880,-0.7043248905105854,-0.21318890788667988,1.2306,1.937715759048357,3.5490972942711405,0.5517299175262451,8.917752027511597,1,0.48674748265662654
area_only,881,-0.4183970299113334,-0.09844669202062684,1.127,0.49953138472574976,4.665231499721112,0.45169687271118164,11.622789144515991,1,0.5112243885710321
area_only,882,-0.5410326614154786,-0.5406433756794271,1.1277,0.540908750179736,0.494231100240744,0.1018826961517334,3.8148772716522217,1,0.37465050279368695
area_only,883,1.0451032241642717,-0.13879657153813363,1.0047,1.732883041005942,1.9172370331992328,0.15348291397094727,3.010921001434326,1,0.5277171057427835
area_only,884,-0.2263647344424471,-0.3316472445288514,1.4023,1.3807804524952356,5.437091711870042,1.158581256866455,10.523996591567993,1,0.48771321933403783
area_only,885,-0.3646902130647699,-0.25479066559687824,1.4506,0.16632868795804504,0.1955546230695047,0.05112791061401367,1.103050708770752,1,0.5257761113214676
area_only,886,-0.45577524558329024,0.3685984817607634,1.3388,0.71167617666636,1.6282948799521952,0.10102462768554688,5.812258243560791,1,0.4440920114983913
area_only,887,0.8407539831228337,-0.5301326224889098,1.079,1.5406513698265731,0.0,20.021392345428467,0.0,0,0.0
area_only,888,-0.27360452864594087,0.0311230928008156,1.2209,0.4750275118583491,3.5842001664077063,0.10164928436279297,6.8158979415893555,1,0.425864838742234
area_only,889,0.2779455855865929,-0.04843096322432694,1.1728,0.4396654143166774,0.5349753559355485,0.10307574272155762,3.7155847549438477,1,0.47168647900760385
area_only,890,-0.3306446917999506,-0.07271564632052674,1.2938,0.7286127694228475,0.5952302968578906,0.10448884963989258,2.3132481575012207,1,0.509384052911962
area_only,891,-0.2655894063391301,0.38695178416867704,1.3195,0.5472523402659857,3.7775221840461666,0.15434861183166504,7.8290581703186035,1,0.43493179676733196
area_only,892,0.03561108262851009,0.2531583488349892,1.2122,0.3429672970249727,0.363188124122648,0.10177755355834961,4.509939908981323,1,0.35743200690566096
area_only,893,0.6671116841617806,0.4416668858063514,1.125,0.5493989876269252,3.5807697817881623,0.7022545337677002,8.41564130783081,1,0.5047351274743292
area_only,894,0.7920942114664942,0.6165058539459877,1.4227,0.15048941724208953,3.328463469766349,0.8525636196136475,9.619433879852295,1,0.2748927349711992
area_only,895,-0.4861799628726349,-0.07057465360334703,1.0996,1.6584197964154523,3.3898437641860157,0.6018898487091064,11.32192587852478,1,0.4640418285055293
area_only,896,0.08466447108769093,0.4087285985663941,1.1923,0.8425954192879158,3.117693266250356,1.5037627220153809,7.1141040325164795,1,0.2881958340193747
area_only,897,-0.06671288451368396,-0.2920077127979616,1.2416,0.8335618632611507,2.9587391741237434,0.10096502304077148,5.612428903579712,1,0.3884862520184153
area_only,898,-0.6232639807735634,-0.47311999739184807,1.1186,0.6911500676356328,4.047317157370691,1.1047332286834717,16.74450922012329,1,0.4181025965689513
area_only,899,0.25223554413935023,0.05297807719350267,1.286,1.0917131859830753,5.932757730467555,1.9589834213256836,10.82213544845581,1,0.6147429341109905
area_only,900,-0.41748342946912026,0.016357955925252132,1.2874,0.8250787141634857,2.1484867445357967,0.05103421211242676,4.310398101806641,1,0.5026542205039275
area_only,901,-0.5930949370344178,0.041385570737440425,1.4963,0.0960138032630645,0.2686956519475276,0.35177183151245117,3.7079102993011475,1,0.45421756902093896
area_only,902,-0.43951717575865806,-0.49178089046024526,1.1476,0.6555054272576559,2.7205408565451394,0.5529477596282959,11.323040962219238,1,0.38365784618506765
area_only,903,0.9645593356553386,0.5896790458242923,1.489,1.7533413227849304,0.0,0.05104804039001465,0.0,0,0.0
area_only,904,-0.13064538162166994,0.35308412984044624,1.3291,0.9270923774557076,2.59072737298611,0.5548913478851318,8.817219972610474,1,0.462988892059428
area_only,905,0.2305476934596684,0.4181960499555518,1.1372,0.37517918625413826,0.3739771184446357,0.5021264553070068,2.107452869415283,1,0.3050442371352219
area_only,906,0.46041946576550896,-0.44002714203942084,1.283,0.9373904213034236,2.9892279951627714,0.10106062889099121,5.411200761795044,1,0.3732288953419127
area_only,907,-0.37815613566886386,-0.3812981458842526,1.3429,0.9173107715285865,1.1470762834040522,0.051232337951660156,2.6099886894226074,1,0.43266831740675266
area_only,908,0.697922919780505,0.11894995681459164,1.3723,1.3674374872821573,1.994239484032169,0.15197348594665527,3.6136043071746826,1,0.5817834728069509
area_only,909,0.035397364472574466,-0.260424561782775,1.0245,1.031122820257113,4.265160876820868,2.8962244987487793,12.538055419921875,1,0.5150789224053276
area_only,910,0.9519059869791033,-0.6879587704243457,1.3032,1.0553490788387958,1.2078107099338893,0.10111260414123535,3.6070239543914795,1,0.30657740756699015
area_only,911,-0.4009933324345899,0.5051890742822617,1.2484,1.878664628148187,4.792681586877508,0.5023515224456787,10.120605230331421,1,0.27585834958643024
area_only,912,0.6344609233463696,-0.530727711697232,1.4521,1.57120145882573,2.5037360010451675,0.10129666328430176,4.408782005310059,1,0.3203635098243455
area_only,913,0.31007698866347244,0.6303922842661028,1.1431,1.4693048647738651,3.2071941249310476,0.4520254135131836,7.916329860687256,1,0.2951779229642935
area_only,914,0.767210149607161,-0.5084467088086522,1.3994,1.2889341496475244,4.111165295700984,0.3521578311920166,9.218259572982788,1,0.33406527733735314
area_only,915,-0.1983042957815374,-0.041462039250564686,1.3035,1.207403135169875,1.5392568006290395,0.05128955841064453,3.0121138095855713,1,0.4835578633111959
area_only,916,0.13753064692900718,-0.054247264284247754,1.1762,0.5652680675781344,1.6009864673170404,0.1011202335357666,3.9087636470794678,1,0.42849410893586104
area_only,917,0.21939904451824943,-0.14094258539677462,1.3183,0.05741597403076399,0.2284035829592744,0.05182361602783203,2.106431722640991,1,0.4613392195885149
area_only,918,-0.8235061656840077,-0.12602073286400695,1.3104,1.2007684224091528,1.846810411693249,0.0511624813079834,4.50960373878479,1,0.5283323821619584
area_only,919,0.5631538045320006,-0.589671218058742,1.3389,1.628396835818704,1.690356354692937,0.05111980438232422,2.712529182434082,1,0.2622494554007287
area_only,920,-0.5291308281963463,-0.22122140750885777,1.3605,1.1843824216060956,1.3715440446640457,0.10378360748291016,2.9215991497039795,1,0.5712712852578161
area_only,921,0.6150254447363124,-0.5705818281979669,1.3296,1.368420135624108,1.3858846192786896,0.15291833877563477,3.0141561031341553,1,0.2625282826294623
area_only,922,0.46959318343974576,0.034383856351529074,1.4192,0.7727864178977142,0.8693895535563303,0.15316295623779297,5.214017391204834,1,0.5500270797362786
area_only,923,-0.7418605957301391,-0.7166803628525785,1.3141,1.5832454421858073,3.4878266969490808,0.40212368965148926,8.918164014816284,1,0.27948684391325307
area_only,924,0.6635337107368695,-0.4208992255841788,1.4517,1.4393243182820403,3.06024331698444,0.5516984462738037,9.01846694946289,1,0.6013685790133307
area_only,925,1.0326777873058903,0.1746505038069177,1.3232,0.8189528352614187,4.191666034779076,0.05071687698364258,6.311923503875732,1,0.48625398478617676
area_only,926,0.3389208774492598,0.1892589564340844,1.1545,0.9180387424109014,1.4627394598353705,0.05084681510925293,3.508080244064331,1,0.4135369778469352
area_only,927,1.004274019468291,0.4727909317143101,1.2204,0.7905312182722097,1.023832368938171,0.0514836311340332,3.006836414337158,1,0.2766593519860628
area_only,928,-0.3148370045466379,0.5806570802928562,1.2898,1.4188905382022325,1.419580992528558,0.10112190246582031,3.208235740661621,1,0.2801215688595961
area_only,929,0.5267798941845296,0.11257542926502173,1.3662,1.040619952580571,3.591800453500728,0.10143470764160156,5.610912322998047,1,0.6197875961980488
area_only,930,-0.1991757659617821,-0.6345372603514327,1.0451,1.2385603995717702,6.307460853747698,0.7021715641021729,10.828791618347168,1,0.2605064487091684
area_only,931,-0.19240755628390915,0.4037016398112324,1.1476,1.1438376546194033,2.829510895374682,1.6309473514556885,5.212589502334595,1,0.42474456075635886
area_only,932,-0.1346872976610306,0.5329383923465515,1.3737,0.18876174001225768,4.304917963101265,0.4040353298187256,11.22174882888794,1,0.29321617488384005
area_only,933,-0.5503482593932534,0.07482243409032596,1.0878,0.8742436075601991,0.8892009375527345,1.1530976295471191,2.8077728748321533,1,0.3603457447180288
area_only,934,0.012388193026387273,-0.05391432247887129,1.0661,0.6986229301974344,2.4058675780249525,0.5016958713531494,7.716260671615601,1,0.47501320956507787
area_only,935,0.43891281988655684,0.28911738617485494,1.2697,0.6319725136249658,2.296365435069552,0.8535864353179932,8.91870927810669,1,0.50543393616234
area_only,936,0.9194410740378249,0.3801183821985944,1.4857,0.35101803522269837,0.5922786789223657,0.10149908065795898,3.408311605453491,1,0.4654691980700547
area_only,937,-0.859367878880655,-0.4510974411334201,1.2654,2.200084472521998,3.009902163778375,0.10159182548522949,4.317861795425415,1,0.41118822047470693
area_only,938,-0.07543079406876418,0.4724223844274894,1.4567,1.3595540554608054,2.332258085500656,0.3063070774078369,4.115896463394165,1,0.39755250302157585
area_only,939,-0.25089365234721583,0.20651068670374573,1.4152,0.5442901831549336,0.41137588143272147,0.15246796607971191,3.2139015197753906,1,0.5514902448540155
area_only,940,-0.5070584695375142,-0.27294412893342174,1.1285,0.7872679603186598,3.6744056544995862,1.619065523147583,7.918532848358154,1,0.5458609594565523
area_only,941,-0.6353758527370846,0.2667881143205847,1.4123,0.5886954126785223,6.195187025101819,0.40244507789611816,12.925615549087524,1,0.5892383720163014
area_only,942,0.10376841654405833,-0.33087959612637086,1.2409,1.1704034759863051,1.1035692440722058,0.05116581916809082,2.305159330368042,1,0.39956580046194073
area_only,943,-0.5471482413656623,-0.5828148555604726,1.4032,0.5455792448493786,0.7131537455029182,0.10102200508117676,3.2086052894592285,1,0.27578170931521595
area_only,944,-0.19127586524266726,0.2641421473238844,1.3733,1.115396414657685,1.3528622552428724,0.051317691802978516,4.309969186782837,1,0.520433834954498
area_only,945,0.7541843762868972,0.03551562573610623,1.1694,1.1793879683931958,2.5934984988836214,0.10106468200683594,4.610010147094727,1,0.4492496935925056
area_only,946,-0.08115376894869519,-0.29398407415141387,1.0576,1.0316261623155334,2.663663951118063,1.6039648056030273,8.015448570251465,1,0.37623238421249555
area_only,947,0.7145437481994692,-0.599479492130392,1.4814,0.7860277442085346,2.830198644000709,0.4517817497253418,13.128115892410278,1,0.38076228051189553
area_only,948,-0.6377185727009411,0.6043007439814342,1.0704,2.0304673002373264,3.1742321583690076,1.906590223312378,7.725802898406982,1,0.2727194351984879
area_only,949,0.3059875061727848,0.272202814380787,1.4833,1.0607167807751265,4.501866800352266,1.1061558723449707,11.032623052597046,1,0.5370672603949314
area_only,950,0.18200249813578262,-0.6011138778056835,1.4301,0.9888367703860268,3.428978735862488,0.10113406181335449,6.012460708618164,1,0.2697466310702133
area_only,951,-0.28561921001666246,0.5462458111669083,1.3621,1.39674567654955,2.208205225221512,0.10105061531066895,4.008070468902588,1,0.27583472192140457
area_only,952,-0.35833239720027954,0.5894002714644205,1.49,0.16723253424459553,0.15478877824934537,0.05125141143798828,3.3069722652435303,1,0.26996515585776254
area_only,953,-0.7732072375467419,-0.670500535700906,1.4836,1.5327601518090437,2.314738472126664,0.25159549713134766,4.910390377044678,1,0.2601772512123466
area_only,954,-0.4240341371964385,0.10059520089086971,1.4023,1.0385374941962737,1.2670773230075199,0.10121512413024902,3.5102715492248535,1,0.5525046232037074
area_only,955,-0.16104826348030776,0.3885607593646395,1.1829,0.591803180873957,1.0437526223392188,0.10149478912353516,3.206761598587036,1,0.31388282477086343
area_only,956,-0.17767652529799915,-0.24484283952780406,1.3953,0.7245256654139508,1.501196980349408,0.1009831428527832,4.108698606491089,1,0.5215240096837037
area_only,957,-0.4586443213130312,-0.6266382182633284,1.007,0.6394284719968726,4.070180201951158,0.8523852825164795,11.221577405929565,1,0.26394287264255656
area_only,958,0.7936810640185619,-0.43901803108310805,1.2683,1.2728133673894844,3.4564907170845314,1.0531198978424072,10.320725440979004,1,0.39495999569400286
area_only,959,0.7594219965044655,-0.21454438160517242,1.2274,0.4110956246035899,0.2592316003035975,0.10211586952209473,3.414966344833374,1,0.3915914605418127
area_only,960,0.9753237690270764,-0.5799834658710686,1.3364,0.27436154429956855,0.4587224875588209,0.15251946449279785,3.710937738418579,1,0.28833265232761585
area_only,961,0.1805760066251012,-0.6981264504821026,1.3362,0.7987021625874013,3.646082996271187,5.086199045181274,12.434477806091309,1,0.2647213070722631
area_only,962,-0.5534643146653071,0.1589067952099027,1.2923,1.208050312256986,3.939897426615444,0.2514965534210205,9.417733669281006,1,0.4371766959553544
area_only,963,0.5436409939119007,-0.6489490781742929,1.4112,1.5346089598582906,1.7704555496206036,0.0510869026184082,3.107283592224121,1,0.25475664235292106
area_only,964,0.3415613460333635,0.5464744853862485,1.4701,1.374456959944203,3.0679124974692025,0.05112743377685547,5.8106865882873535,1,0.35245084444682795
area_only,965,-0.1700515817195658,0.013611483351730125,1.0542,1.0878058584839976,4.698975335116909,0.4517364501953125,10.521653890609741,1,0.47233478490249053
area_only,966,0.7416779313351987,0.09765582162182629,1.1169,0.8884734688851249,0.9023187023927817,0.05116438865661621,3.307851791381836,1,0.47711108678065006
area_only,967,-0.6631571013015777,-0.25537058288947473,1.0125,1.5726059892690814,2.1773191739309308,0.1011343002319336,3.9086787700653076,1,0.5115830458230136
area_only,968,0.43147277175779064,-0.6466714161329129,1.4421,1.215066687135439,3.0502051747442818,1.6541473865509033,10.32357406616211,1,0.330963054899091
area_only,969,-0.5621972180620911,0.3937131537389761,1.2807,1.5202442885298315,1.8489903027662224,0.20264315605163574,4.01375150680542,1,0.4014635465472099
area_only,970,-0.5396203542707609,0.46519971634222335,1.4576,0.131620360582998,0.22375348553102595,0.15173006057739258,2.208305835723877,1,0.42499723917837046
area_only,971,0.12281088316375799,0.2620622582320812,1.1107,0.9572865143865745,4.2047550084332235,1.0029823780059814,8.316391468048096,1,0.5001908884534414
area_only,972,0.8834122723603621,0.5407338528661317,1.0316,0.8559839398104354,0.8052436178209349,0.10157918930053711,3.1094655990600586,1,0.3785523362131297
area_only,973,0.37530453708959066,-0.18898859000542745,1.4119,0.9746261903546163,2.5742450250496485,0.852614164352417,9.117332696914673,1,0.5686364602358507
area_only,974,0.46968225717447964,-0.154298840111755,1.4547,0.18018408525045443,0.12518000665487455,0.10126662254333496,2.8057851791381836,1,0.5682195819626777
area_only,975,-0.5827633394132185,0.4014454291989894,1.1511,1.4571997186925014,3.658258911096501,0.10101532936096191,6.112236976623535,1,0.29562988688889047
area_only,976,-0.018160018032109093,-0.22219837308370982,1.2041,0.8331056331382741,2.525678392792738,0.10129237174987793,6.412734746932983,1,0.4075073170895239
area_only,977,0.8002288287171355,-0.07795573337207873,1.0699,0.7990107272405318,2.456211841876791,0.35204243659973145,8.318672180175781,1,0.58841421068653
area_only,978,0.262769641626889,-0.29615981631648564,1.4731,0.6633190878877566,2.866986364950541,0.8040692806243896,8.12036943435669,1,0.5839117729831598
area_only,979,-0.8603567359681372,0.6012594774161212,1.1522,1.6918959266013929,2.6140102245336636,0.6524229049682617,10.120124101638794,1,0.39894516631056975
area_only,980,0.5706310333011784,-0.267862420784076,1.2463,1.7580821512121354,2.415863267731499,0.7023575305938721,8.61797308921814,1,0.41611020764297174
area_only,981,1.0034708769800211,-0.1931083329825506,1.0486,0.5003437687089978,3.5783580165263245,0.5022070407867432,9.618298768997192,1,0.4510758531524949
area_only,982,1.089838626119011,-0.7075925712977815,1.4436,0.5151421077841991,0.6826069125827433,0.10098028182983398,3.507032632827759,1,0.3259448639193352
area_only,983,0.49070629412092326,-0.5775874667437917,1.0678,0.9293196539988275,0.666062779459644,0.051280975341796875,3.7084715366363525,1,0.3100146843545796
area_only,984,0.36129724522136497,-0.43704306728488124,1.2268,0.3246156195826368,2.385701657797332,1.2035388946533203,8.616479396820068,1,0.3651416210759542
area_only,985,-0.04612264440500946,-0.5228500242582803,1.3352,0.46042465319914916,0.4696365575193776,0.05105733871459961,1.7275021076202393,1,0.3241049540465077
area_only,986,0.6279348629420425,0.49080342476886163,1.3716,1.3567819798465042,3.1177492756132126,0.21728968620300293,5.1306538581848145,1,0.38451065436966836
area_only,987,-0.6743132927012585,-0.7202019316108105,1.473,1.9581295083611583,4.346596472724672,0.8073465824127197,8.424926042556763,1,0.3151146892921576
area_only,988,-0.5498961164188956,-0.4217411673301299,1.2096,0.6600052420006323,3.176045148723057,0.5531675815582275,8.317552328109741,1,0.35197263475910756
area_only,989,1.058836761368229,-0.5568785964440948,1.3711,1.562687715281704,0.0,0.05101466178894043,0.0,0,0.0
area_only,990,0.9632512475491584,-0.1664319760234425,1.0773,1.5382228110824945,0.0,0.050978660583496094,0.0,0,0.0
area_only,991,0.26456863454877877,-0.20316212038077197,1.2074,0.8543366169452276,0.905994302168564,0.10245680809020996,3.0068821907043457,1,0.3882737392925879
area_only,992,-0.8505983724805575,0.3388490704971011,1.0495,1.40729365549609,2.408656668925709,0.9058504104614258,7.915245294570923,1,0.5122619336467356
area_only,993,0.2931141019886099,-0.19658161456898282,1.2447,1.3577591271213276,3.9179730132965864,0.8527243137359619,8.31664252281189,1,0.37330474420079063
area_only,994,-0.32747594318464956,0.23176900000708145,1.2041,0.6530730238551616,0.7848256604531946,0.05111360549926758,3.708327293395996,1,0.4037045652270467
area_only,995,-0.1303010544543799,0.01251940525450601,1.4758,0.466608066125585,0.41660577062803167,0.10124850273132324,3.5074222087860107,1,0.5784148562013083
area_only,996,0.776744535608092,0.363961458569232,1.0164,1.2865686365625653,3.8429982893379546,0.5530869960784912,9.822609424591064,1,0.3950907372979011
area_only,997,0.7468991288066353,0.5353674293126532,1.1853,0.2191092310321004,6.492101616969269,1.1546952724456787,11.525041580200195,1,0.2512239750525594
area_only,998,-0.2041656190928982,0.4533259377985218,1.2217,1.0244417082633397,1.019854191904421,0.051180362701416016,2.9093844890594482,1,0.3065126039937626
area_only,999,0.6183922450964319,-0.6725222514998098,1.4753,1.5332111690993422,2.1490900174849688,0.10105133056640625,3.808490037918091,1,0.25070714221935453
area_only,1000,-0.2102168632443001,-0.20085763875179863,1.4277,1.0271489837943837,1.2092250444615749,0.10236978530883789,2.4073386192321777,1,0.5611399840134499
