case,pose_index,goal_x,goal_y,goal_z,cartesian_distance_m,path_length_m,plan_time_s,execution_time_s,success,manipulability_score
no_proximity,1,-0.13066148444452752,0.563281457007225,1.3197,0.8266383646924639,0.9502707796681151,0.05145859718322754,4.110681056976318,1,0.542757558274669
no_proximity,2,-0.5637710546430907,-0.5286635290580576,1.0125,1.3283783372271203,1.5238223641487871,0.10150361061096191,2.9094722270965576,1,0.2986671165441442
no_proximity,3,0.31840995327503974,0.22989172189176654,1.1375,1.2377802626904368,2.653714253452222,0.1013174057006836,4.811101198196411,1,0.4705876671669183
no_proximity,4,0.7769013140664358,-0.45124606192804856,1.1116,0.7847415533834287,2.587328006223387,1.6051974296569824,5.310131549835205,1,0.2430645909590701
no_proximity,5,-0.26999187445419626,-0.021984662937305166,1.3682,1.1454518646344625,1.4248472834515031,0.10154008865356445,4.310366868972778,1,0.5321236243913998
no_proximity,6,0.33969243733975607,-0.5513354354640945,1.3383,0.9907962886818248,0.9847126179816141,0.05158519744873047,2.2124698162078857,1,0.4148262690218068
no_proximity,7,0.030930708718165167,0.33583177095400074,1.4461,1.014913048038935,1.270102213356918,0.15224981307983398,3.2144124507904053,1,0.7208196873578158
no_proximity,8,0.3011656754845682,-0.6791771329227231,1.0435,1.2978462990826654,1.6655723858737024,0.15271925926208496,3.1194961071014404,1,0.139725484617434
no_proximity,9,-0.744067742703176,0.5607687281860799,1.211,1.666952951481941,2.2087640566859204,0.15247178077697754,3.614515542984009,1,0.4286785663352649
no_proximity,10,-0.2692555094983793,-0.6087985153552286,1.0149,1.4127291790101149,2.929227278045605,2.507368803024292,9.018394231796265,1,0.32859094754035434
no_proximity,11,-0.6311202185376483,-0.06262692550711468,1.1093,0.6319541409503074,4.214079049119356,6.012657880783081,10.220885753631592,1,0.39403080370113663
no_proximity,12,-0.36009807646876646,0.16730561870237126,1.2527,0.43725512921625104,0.4433480304286158,0.10151219367980957,2.9084088802337646,1,0.3861582159223955
no_proximity,13,0.21057977365838032,-0.48900997810792585,1.0133,1.0958247545965218,1.144580290015131,0.05130195617675781,2.6097519397735596,1,0.25671014668042386
no_proximity,14,0.9890869021802229,0.4864927794875896,1.0994,1.3311727529988078,2.0106929657132993,0.10113787651062012,4.011561393737793,1,0.2514137573262515
no_proximity,15,-0.6976078609330956,-0.4737195470360945,1.3249,2.0489213862404316,2.5876929385105116,0.0514066219329834,3.8099920749664307,1,0.5779666893324974
no_proximity,16,-0.10264161183544662,-0.370166430342667,1.2725,0.7593994296013284,0.6001580764715586,0.051056623458862305,2.308742046356201,1,0.5409123655681586
no_proximity,17,-0.31618780179961137,0.002664418259433421,1.1102,0.5104882146647606,0.983197457252588,0.10248398780822754,3.162494421005249,1,0.22145377388858165
no_proximity,18,-0.7252406242266942,0.6129826508891109,1.2946,0.8454180170601726,2.431923886431519,0.1024162769317627,4.868091583251953,1,0.3260637608042807
no_proximity,19,-0.86205516386102,0.3774440026969422,1.4047,0.3977209162474045,0.3762292188007932,0.20288825035095215,3.414008855819702,1,0.6401694608757812
no_proximity,20,0.6556578271315445,-0.6412626485173598,1.0032,2.0517021096092845,2.236158099421047,0.15393376350402832,3.1096386909484863,1,0.15520374135174486
no_proximity,21,0.8376709900854264,0.1134116262610646,1.4029,0.8872844581020654,1.2291472611653924,0.4049410820007324,3.1074583530426025,1,0.6484096500119012
no_proximity,22,-0.25663303835955753,-0.2961981155352495,1.3491,1.3411698659439297,1.2930653817678037,0.10151553153991699,3.0097997188568115,1,0.4226400739351382
no_proximity,23,0.8854556557862792,-0.09417669282748165,1.1701,1.1383862565596243,1.2059226007044528,0.05157470703125,3.112117052078247,1,0.4880968209867259
no_proximity,24,0.6348759663586907,0.02819486946048788,1.0777,0.45648962033392343,0.31168410285019993,0.10194945335388184,2.6100993156433105,1,0.28982451580504026
no_proximity,25,0.1630564678351123,-0.15555864077535275,1.4786,0.6590769321548979,1.758249556268799,0.05109715461730957,3.8117690086364746,1,0.6055664342765923
no_proximity,26,-0.8107073539688927,0.13142790507643431,1.1683,0.9400446142536977,1.0104440169414368,0.10123991966247559,3.612257242202759,1,0.4592455678543037
no_proximity,27,0.9257967513215164,-0.4004724771494458,1.0464,1.9557225673619023,2.151350957149238,0.05114483833312988,3.307640314102173,1,0.2744106538805205
no_proximity,28,-0.4195220359956043,-0.6372296038952384,1.0484,1.3646995044164498,1.3704576352711686,0.10189938545227051,3.8403725624084473,1,0.25971423045726005
no_proximity,29,0.9696607469429799,0.367357401521509,1.4237,1.7543601126297954,3.1213050451324156,0.8527998924255371,9.921252727508545,1,0.7301097735959484
no_proximity,30,0.7198780564140448,-0.4866527390905867,1.3019,1.0325468060513863,2.762968326557332,0.30372190475463867,6.012176275253296,1,0.40903019530500534
no_proximity,31,0.727346387535172,0.48822944609487984,1.4036,1.0144521937097322,2.0469174840562254,1.9618799686431885,4.718481063842773,1,0.8017691334443612
no_proximity,32,-0.4212325078418716,-0.1561538984275238,1.3649,1.4846488717420108,2.36924192915523,1.5688621997833252,6.217439889907837,1,0.42977888348556026
no_proximity,33,-0.85922087728718,-0.04123320625842464,1.2681,0.6763920540877689,1.4720241298431085,0.10100913047790527,3.8095216751098633,1,0.4220145537230606
no_proximity,34,-0.6354268419446407,-0.27911675449141515,1.4866,0.4871886164290792,0.4540155248335696,0.05135536193847656,1.504014253616333,1,0.5064689153165509
no_proximity,35,0.15524301229535165,0.22294804952197445,1.1893,1.2191749652624115,1.17025520781331,0.050981998443603516,2.7097747325897217,1,0.416667938428339
no_proximity,36,1.0345705385752644,-0.3970511255359496,1.276,1.213921207163118,1.6760536422288388,0.05132865905761719,3.508043050765991,1,0.2914631172143588
no_proximity,37,-0.3084461401438592,-0.692317334334872,1.4147,1.362729731888983,1.4613464458427141,0.05136394500732422,3.109168767929077,1,0.28250695833412975
no_proximity,38,-0.7709691150225211,-0.36013975813889587,1.3093,0.6592831891108689,0.7135248491636215,0.050821781158447266,1.9588844776153564,1,0.514993646021095
no_proximity,39,-0.5858183635151959,-0.07049190737862832,1.4309,0.47910425528154843,0.4292711376570763,0.10107851028442383,1.7090961933135986,1,0.647549314229576
no_proximity,40,0.4591726549584514,0.303465351461658,1.2887,1.3026968249943218,1.9911447417748678,0.0514531135559082,3.712277412414551,1,0.4247460647695041
no_proximity,41,-0.1440538309504401,0.12578821123557826,1.3523,0.7986674843351889,1.3843419660429657,0.10131287574768066,3.6087985038757324,1,0.5639345556209454
no_proximity,42,-0.6940456757521627,0.40470562893961304,1.0229,0.6354850742689528,0.6281311173432563,0.10107994079589844,2.909134864807129,1,0.27304658795022096
no_proximity,43,-0.7921836694384579,0.06888690394064434,1.1139,0.4378453238445861,0.405614925347172,0.05115056037902832,2.8140981197357178,1,0.2589131437944207
no_proximity,44,0.14196844154917487,-0.43179480487803323,1.1447,1.1778595009099,1.1363891618805295,0.10148739814758301,2.913949966430664,1,0.2977462028222225
no_proximity,45,0.4964385969190874,-0.21162563418306157,1.0399,0.5863917581297245,0.4724550046021377,0.1522374153137207,1.90802001953125,1,0.22127435599212691
no_proximity,46,-0.19700649221838762,-0.5870873818154306,1.1164,0.6986589939748217,0.7949519479837234,0.3040430545806885,3.9147632122039795,1,0.2300119630892176
no_proximity,47,-0.36175969386856155,0.16381807925096203,1.0505,0.883260284846675,1.1280131242557658,0.10182380676269531,3.1142261028289795,1,0.3711673015375118
no_proximity,48,0.1767674463016049,-0.41069495230277936,1.139,0.8848094871256044,0.8969459839363684,0.10104084014892578,2.3048110008239746,1,0.331700944428792
no_proximity,49,0.911628589297721,0.12688140229347022,1.3178,1.0354056008546522,1.6483936218511575,0.05151653289794922,3.611340284347534,1,0.5829847134926671
no_proximity,50,0.5658441555208145,0.48962949717484106,1.1824,0.6818700835222835,1.2219931834201327,0.20119357109069824,4.509521722793579,1,0.4070928752770753
no_proximity,51,0.3995067226777984,-0.6273916880968029,1.1851,1.129300349767708,1.3544390086335891,0.20120978355407715,3.5106611251831055,1,0.2950854181121158
no_proximity,52,0.3289423962453073,-0.7303632510787509,1.1048,0.14792004216813634,0.3148438961611786,0.15117979049682617,4.360481262207031,1,0.1379046312128864
no_proximity,53,-0.8629679408167945,-0.5220497373523568,1.1335,1.203041563917242,1.2622776916570568,0.10098624229431152,3.108919620513916,1,0.3027018344814719
no_proximity,54,0.41918721633415434,-0.4348539688011908,1.4683,1.390017311500327,1.5696097926983683,0.05154561996459961,3.0106441974639893,1,0.5832877335279246
no_proximity,55,-0.2280577982483314,0.2826791906321652,1.324,1.1730879661349596,2.1589631268541285,0.10210609436035156,3.908263683319092,1,0.6527002019243686
no_proximity,56,0.43038875253928044,0.037856020982938055,1.3046,0.85408153407176,0.6580118149373427,0.10171246528625488,3.7103047370910645,1,0.3305588750994257
no_proximity,57,-0.34736890725482017,-0.4077582299971391,1.0856,0.895271545689927,0.971256757461819,0.10139322280883789,2.709925889968872,1,0.330270909795513
no_proximity,58,0.8950362723610386,0.12418447212023931,1.3646,1.4659170317991772,2.033233127535711,0.10156393051147461,3.617116928100586,1,0.5773443776901691
no_proximity,59,0.27042349932944365,-0.06628068869288095,1.0817,0.9155607328929878,0.7975195400600802,0.1553211212158203,2.8155620098114014,1,0.4322456858444011
no_proximity,60,-0.31650917764222386,-0.7095898621231824,1.1897,0.9075664644546715,1.2091130895893933,0.10315561294555664,2.8087496757507324,1,0.28394229272789007
no_proximity,61,0.9909889141874761,0.5676978648015553,1.4948,1.9317124545717925,2.941148264373685,0.1530163288116455,4.612581729888916,1,0.3239046271625915
no_proximity,62,-0.8423649860397847,0.5325097049955348,1.32,1.9786113471484292,1.9892724168178464,0.15129518508911133,4.510309457778931,1,0.20157106671597175
no_proximity,63,1.036894794590899,0.4290349918121529,1.2785,1.8810844847231751,1.8911224476277018,0.10126256942749023,5.412997245788574,1,0.1648774496829469
no_proximity,64,0.8139528829464104,-0.30754916491527445,1.3423,0.7718898031774051,3.4011063520608156,0.15134382247924805,7.815746307373047,1,0.47082306135323865
no_proximity,65,0.9824587623866678,0.21334494063141296,1.4214,0.5194895811155215,2.4894696393766327,0.702131986618042,7.818105936050415,1,0.6909492945974434
no_proximity,66,0.3459443233177544,0.6173339900432578,1.388,0.8468582530524024,1.0734865732764467,0.10115599632263184,2.909846782684326,1,0.365104339020772
no_proximity,67,0.8659534285612076,0.2748160807942769,1.1145,0.8695928194375814,0.9473935552703067,0.0511167049407959,3.9097232818603516,1,0.5770534162983424
no_proximity,68,-0.16048853828244525,-0.33960480598058607,1.0161,1.3455716103042972,1.2267931025212573,0.05089521408081055,2.909193277359009,1,0.4387713418266293
no_proximity,69,0.8455373354257656,0.5117925192125917,1.1577,1.2885700913079035,1.379683658234083,0.05112171173095703,3.6085431575775146,1,0.5102724582760383
no_proximity,70,0.7092210447121483,0.15005044088864938,1.1339,0.5854532356258103,0.410292129257373,0.10114431381225586,4.208995342254639,1,0.6020277271219702
no_proximity,71,0.8909905874824164,-0.27859465448598975,1.1055,0.6037611833144592,0.5130346089425801,0.10151791572570801,3.311359405517578,1,0.44861845517166843
no_proximity,72,0.2731512394544169,-0.6936153158032764,1.4715,0.7918029553370677,1.0589588723094898,0.10117340087890625,2.9092745780944824,1,0.39349308737609984
no_proximity,73,-0.3050752382817403,0.06880490002182083,1.4382,1.0329665589081032,3.885595504552058,0.45375514030456543,8.16926121711731,1,0.8120194370536075
no_proximity,74,0.7573943112274426,-0.24809805870092472,1.1573,1.3286320725846923,1.9072257637391625,0.10277152061462402,3.509669780731201,1,0.31551240061353797
no_proximity,75,0.6531272222414466,-0.44646190821933746,1.3277,0.19573644177337102,0.2922040718996678,0.15344548225402832,3.715780258178711,1,0.38229131404918854
no_proximity,76,-0.7705668286438195,-0.012918736225364547,1.1978,1.4926053656401692,1.733053605804621,0.503422737121582,4.914989948272705,1,0.5222654476360086
no_proximity,77,0.5661130234383152,0.5978207571815227,1.4573,1.3706380991587295,1.5620217865089534,0.10101842880249023,3.3119609355926514,1,0.34937481515057556
no_proximity,78,0.7030590380315707,-0.37087648676591,1.2294,1.0013576773424642,2.6674940165505405,0.10262727737426758,5.512351036071777,1,0.3450367165098553
no_proximity,79,-0.8227548265505632,0.579678921767469,1.1324,1.726311875707876,2.1652341731707283,0.10112881660461426,4.512863397598267,1,0.2802243746219543
no_proximity,80,-0.06245526417091707,-0.5048936042226579,1.1233,1.209072625638707,1.3264532067450505,0.10144233703613281,3.3085410594940186,1,0.2025611872790027
no_proximity,81,0.2155672494475307,0.23885479778988572,1.2807,0.6833924350342397,0.7006745048390178,0.10094738006591797,4.0089757442474365,1,0.45334225841371223
no_proximity,82,1.0195429862744507,0.27087036353998595,1.1314,0.7799727446908156,0.9309397532186262,0.10169196128845215,3.358354330062866,1,0.26319717820686067
no_proximity,83,-0.04135267626812045,-0.4026176204254096,1.2923,1.1452417722113832,7.588579884471143,0.6020407676696777,15.333569765090942,1,0.6300539254811238
no_proximity,84,-0.8444721055358239,-0.583516191943497,1.4489,0.7981010800025374,0.8027551450287607,0.1011056900024414,3.1101808547973633,1,0.45297673298086966
no_proximity,85,0.8225228775098163,0.22382589878815262,1.1997,1.949756365848432,2.311381789872287,0.15117406845092773,3.712003469467163,1,0.45540580410155523
no_proximity,86,0.10138266448156175,-0.09244978694750272,1.1097,0.9272490306835804,0.7788668408999876,0.10116887092590332,3.3113012313842773,1,0.40399791634646315
no_proximity,87,-0.08316361642440584,0.10317803472374554,1.4988,0.3104864805375534,0.0,0.9528157711029053,0.0,0,0.0
no_proximity,88,-0.130517797810334,0.11693152419136088,1.2548,0.40052762940835,1.6593276634198375,0.1013336181640625,4.211305856704712,1,0.4881398066050521
no_proximity,89,0.43253077786874905,-0.5191280971901155,1.0455,1.0192368758779855,0.9655249598281105,0.051459550857543945,3.3090860843658447,1,0.3957802656796085
no_proximity,90,-0.8204545825065056,0.061855648669738694,1.0236,1.437315841344131,1.4703896669360146,0.15611934661865234,3.1220617294311523,1,0.55013777791096
no_proximity,91,-0.10364720625867363,0.14087801213979334,1.0548,0.8706814023413316,0.731281903611687,0.10452795028686523,2.5153512954711914,1,0.5192505601507067
no_proximity,92,0.9929832509950729,-0.21249497566173614,1.3137,1.2308620833036787,2.1218123618040625,0.15198040008544922,4.115718841552734,1,0.5258562196519216
no_proximity,93,-0.4849419708476145,-0.6476975725975227,1.396,1.5876529825815888,1.578427876238427,0.15210270881652832,3.1077117919921875,1,0.27205844114744887
no_proximity,94,-0.6858140517817499,0.1954513066740744,1.2111,1.0054185892819223,2.476765454328287,0.15172839164733887,5.710422992706299,1,0.6265429039064153
no_proximity,95,0.801542866341459,-0.7110243602989752,1.0318,1.8655075724897006,2.9501057012076726,0.6020078659057617,6.813527345657349,1,0.09125854345189859
no_proximity,96,-0.6387973116538773,0.2143168652103431,1.1908,1.730577301045312,2.009829858957587,0.05107426643371582,3.1090826988220215,1,0.40715834446028754
no_proximity,97,0.5839108088193017,0.360982798348782,1.4981,1.337256328119996,1.3698971938878426,0.10139846801757812,3.4105215072631836,1,0.30544163046411943
no_proximity,98,0.6147184377521813,0.36559093175322077,1.2646,0.4704961321614745,0.29803267848500214,0.05089092254638672,2.609402894973755,1,0.2834009937513736
no_proximity,99,-0.1356601539587038,0.3237914080595038,1.4855,0.7695520945679719,0.8733688540564988,0.10126614570617676,3.859318971633911,1,0.3924145844679242
no_proximity,100,0.8283740741528494,-0.1535622063867247,1.4304,1.2753247555498055,3.5810079576636182,0.30182909965515137,5.91375470161438,1,0.7840856026088692
no_proximity,101,-0.6686084919671815,0.4971076937777247,1.0057,1.8713142113669048,3.3380458018648382,1.1028802394866943,5.0100181102752686,1,0.2776663315068634
no_proximity,102,-0.23866169075732746,0.4874489159537795,1.3604,0.5125880988734846,0.5226102009906506,0.1011347770690918,2.310093402862549,1,0.5035000715113559
no_proximity,103,0.9214670772629805,-0.6175721060958524,1.3409,1.7587004383054319,2.3972356474662275,0.10102033615112305,3.9136147499084473,1,0.30519974247133363
no_proximity,104,1.0111033652302361,0.0449036582813952,1.2685,0.8470300239948833,0.9126110157085836,0.25421786308288574,2.82682466506958,1,0.6952343810105363
no_proximity,105,-0.2918562504944361,-0.2914149146617354,1.1334,1.4871478811025847,2.0663064541127336,0.1550583839416504,3.818972587585449,1,0.34629847994846275
no_proximity,106,0.6959096646646317,0.34193532819971717,1.3205,1.2942111174143105,1.9070712302158315,0.10231399536132812,3.816382646560669,1,0.23374983018283338
no_proximity,107,-0.758918537647011,0.0120526843128127,1.0558,1.7193592374814917,1.8799968831616949,0.10243630409240723,3.1110565662384033,1,0.26664839517716826
no_proximity,108,-0.17748644512178002,-0.5821499194284695,1.2174,0.9318286620899351,0.9809765106340764,0.10102629661560059,3.006291389465332,1,0.35634955816271274
no_proximity,109,0.3523082014928294,-0.6040574430072863,1.2269,0.6285805695002893,0.5346699453909918,0.05103707313537598,2.1081507205963135,1,0.3396915084846755
no_proximity,110,-0.7287837213861684,0.38623572146494956,1.4769,1.4844622230562405,1.8085472687175912,0.10116887092590332,3.1090590953826904,1,0.6169438587523941
no_proximity,111,-0.7048516506831496,0.6126427808606151,1.4379,0.23623126851069656,0.2552959549206717,0.1013028621673584,3.008000612258911,1,0.49070292675537813
no_proximity,112,0.7379687423043702,0.558519545325422,1.1317,1.5692482168885709,1.643851845745744,0.051361083984375,3.411466121673584,1,0.33638735091642
no_proximity,113,-0.12725350147772496,-0.6282700152560291,1.2503,1.5741593991487093,2.6416499578974078,0.05092787742614746,4.311972618103027,1,0.33193081545913006
no_proximity,114,-0.032191977672493044,0.5023309251201674,1.0893,1.2778566057210126,1.6466635438106278,0.051073312759399414,3.20984148979187,1,0.34179142984516203
no_proximity,115,-0.8504970760709754,-0.09906027790007044,1.4563,1.0795119292742126,1.2777896142937097,0.1544942855834961,3.9081006050109863,1,0.7504513936684228
no_proximity,116,-0.6400629788877781,0.14901495510747143,1.4353,0.4694477971047812,2.6903778404939698,0.15171599388122559,5.21161675453186,1,0.5873873010657886
no_proximity,117,1.0340259910765421,-0.22792782373443055,1.1492,1.944878039777654,2.2441301306642276,0.20426702499389648,3.307767152786255,1,0.26132666198319404
no_proximity,118,-0.4298330480544449,0.5804677691914001,1.3195,1.7552117545768673,2.516890292806152,0.10145831108093262,4.210387468338013,1,0.3358042763454007
no_proximity,119,-0.7874570545139581,0.48143063822114984,1.3045,0.44259012239366474,0.38990334903411095,0.10103464126586914,1.7040753364562988,1,0.3658971799198619
no_proximity,120,-0.7267352086944394,0.017995786767414867,1.0764,0.721066301872239,0.6659391457491083,0.10118246078491211,3.2111289501190186,1,0.430518660263417
no_proximity,121,0.37446810078409043,0.21295869866486405,1.3813,1.223888283639593,1.1542442133345299,0.1011667251586914,3.112309217453003,1,0.43991250034421514
no_proximity,122,0.2851109662315847,0.49519110641461894,1.2697,0.2926818723745186,0.38233573555482936,0.15315556526184082,2.205782651901245,1,0.25801152432563057
no_proximity,123,1.0107155614397394,0.48022243906611906,1.3893,0.7012864580218987,0.8184315664375081,0.05112481117248535,3.311157703399658,1,0.3060672157362198
no_proximity,124,-0.32323049533139503,-0.48452152653955194,1.2652,1.8534137752238256,2.4880756163895494,0.10150408744812012,4.6096765995025635,1,0.4802616319761233
no_proximity,125,0.2838064136884284,-0.6361926088101109,1.0003,0.8236749639739307,0.8255762659818263,0.10123682022094727,3.607308864593506,1,0.17650776887076075
no_proximity,126,0.5107565171871349,-0.0064035926431784684,1.1621,0.7310571635183717,0.8338202455928126,0.10151219367980957,3.2149405479431152,1,0.51291636614234
no_proximity,127,0.48413718400178873,-0.5195643253401193,1.0097,0.5639346722297695,0.6272690806754285,0.15275263786315918,2.3169970512390137,1,0.26568700728770983
no_proximity,128,1.0095034281445934,0.25413860452560666,1.4645,1.049987571883297,3.7459458903246614,3.4836082458496094,5.7222511768341064,1,0.6595319743192776
no_proximity,129,0.9756678540076542,0.4469717841735611,1.4394,0.316000824829864,0.2638823405873796,0.20270061492919922,3.511075496673584,1,0.5354041999550936
no_proximity,130,-0.12684960684770574,0.37070027649423853,1.4158,1.2803898980577328,1.084012889132348,0.10136532783508301,3.1101245880126953,1,0.39981020350378976
no_proximity,131,0.3045670778279319,-0.21965596298897638,1.1538,0.8304701657672641,1.5366287838598824,0.10121417045593262,3.911231279373169,1,0.17603887593224593
no_proximity,132,0.7885674927374753,-0.09901559844171082,1.029,0.6755286677534416,0.8121032954465286,0.10223054885864258,3.0154335498809814,1,0.25155343674006353
no_proximity,133,-0.7612637656378625,0.4451285449744432,1.439,1.7372762571434752,2.661219011005622,0.05108523368835449,4.811921119689941,1,0.35367692205261747
no_proximity,134,1.1023342110804804,0.020163163498010173,1.4735,2.0123586895361703,0.0,0.7026634216308594,0.0,0,0.0
no_proximity,135,0.8110011283226295,-0.4031437082048464,1.0428,2.0018828978175867,3.526958648810043,0.5024096965789795,9.21708607673645,1,0.39663674312998864
no_proximity,136,1.0179291360267877,0.08988394773550923,1.243,0.5781877903411177,0.6513113920671597,0.2032921314239502,3.710564374923706,1,0.4307727074595259
no_proximity,137,0.3521301725875494,-0.2508844254228771,1.0346,0.7762644995070795,1.787443611443547,0.3016014099121094,5.811981201171875,1,0.4574203952624465
no_proximity,138,0.15824986319131829,0.3181654702447686,1.3803,0.6412320433706898,0.7418327380263097,0.05127239227294922,1.9047520160675049,1,0.5770313225511365
no_proximity,139,0.22087935445103035,0.027728772889620834,1.3829,0.43900205823772726,1.6827905343449343,0.35158562660217285,5.7118682861328125,1,0.42275061542115155
no_proximity,140,-0.6073818172108301,-0.7034526027454723,1.0642,1.2716039150999543,1.3691863289455806,0.2015829086303711,3.711177349090576,1,0.2555269822496901
no_proximity,141,0.5224861003726611,-0.4503872420867566,1.2376,1.1839113813979585,1.2640137253908281,0.05128288269042969,2.511624336242676,1,0.6162583208577029
no_proximity,142,-0.17813545844532475,0.06754690173826594,1.2749,0.981871441510087,1.4063128789600263,0.5522661209106445,6.324416875839233,1,0.4880810329797169
no_proximity,143,0.9190425324866094,-0.2644969883099853,1.1325,1.154662676571822,1.1884118265234753,0.35294485092163086,6.327266216278076,1,0.34105300746853234
no_proximity,144,-0.08705220543924252,0.11174712611309823,1.4362,1.1159766803793736,3.8473704709432015,2.7065861225128174,12.026497840881348,1,0.7117524628174272
no_proximity,145,-0.5815003607986469,0.5301313969718934,1.2116,0.5954721240637684,0.6431758010288298,0.05228471755981445,3.410370349884033,1,0.4538188360820682
no_proximity,146,0.03700706886423388,0.6035647584422456,1.1059,0.7060018249017751,0.6736006518921643,0.0510404109954834,1.9044835567474365,1,0.27001890060859224
no_proximity,147,0.38240049325575054,-0.4130399197987627,1.2696,1.1707894206733223,1.4111832290421762,0.10135436058044434,3.7100260257720947,1,0.45972599222181443
no_proximity,148,-0.619213147185695,-0.5342856991141075,1.365,0.868448450244998,1.005932767952041,0.10140490531921387,3.6124467849731445,1,0.5195759914161601
no_proximity,149,-0.512513672720895,-0.2680531527130119,1.1006,0.5717521265458735,0.4584942340206649,0.10139107704162598,1.7091705799102783,1,0.45505954887835465
no_proximity,150,0.4500994377486758,-0.5062324969689606,1.1559,1.0889483619253724,1.2729767674786385,0.10136723518371582,2.911323308944702,1,0.3466773279182162
no_proximity,151,-0.5381707049909699,-0.3602168741700888,1.4976,1.0785261560807584,1.023430282752722,0.10160040855407715,3.1147301197052,1,0.38348413965100997
no_proximity,152,-0.6338997034786091,-0.10988997272303469,1.3249,0.5900047363435578,1.0318824887218239,0.15758156776428223,3.4104163646698,1,0.5444819689188517
no_proximity,153,0.12477303083432634,0.20560249453674795,1.2191,0.9996951639967817,1.901001325790498,0.15242862701416016,4.009831666946411,1,0.4447747836481989
no_proximity,154,0.37149857197097913,-0.63066309010225,1.2588,0.8550203698821905,2.801873192243976,0.10194849967956543,5.110898017883301,1,0.28283936958841455
no_proximity,155,-0.75194348356766,-0.362570111445742,1.0605,1.1681728170791899,1.2167112308824781,0.10120463371276855,2.909555435180664,1,0.3137687862845832
no_proximity,156,-0.5072793396356601,-0.45535402973536,1.1123,0.34576075261629513,0.27554841427708726,0.10123920440673828,2.8100426197052,1,0.32654222151609563
no_proximity,157,0.3523809571730465,-0.23611265923113267,1.169,0.9946123115915592,1.1070813455423014,0.10145139694213867,2.5091049671173096,1,0.3081095095607037
no_proximity,158,-0.800293891870835,-0.39615163847131546,1.2942,1.2202558526917515,1.2957869289946429,0.10209870338439941,2.9059629440307617,1,0.24261437465430966
no_proximity,159,0.14114469027325027,-0.011876071245456199,1.1151,1.178263362943273,1.3069059504001712,0.05106711387634277,2.906381130218506,1,0.5248583989642983
no_proximity,160,0.18264742211385587,-0.4098455280058814,1.1101,0.3897509350434989,0.9610370625710981,0.10118770599365234,4.510142087936401,1,0.3179974393281252
no_proximity,161,-0.8332188860045463,-0.300463226488713,1.0355,0.9514967443108698,1.0207250823451282,0.05141735076904297,3.1091091632843018,1,0.26821121515326496
no_proximity,162,-0.6356314547342441,0.48058448373661566,1.3156,0.8766472555284419,1.4537481044742895,0.10173988342285156,3.4118661880493164,1,0.2546393877927829
no_proximity,163,0.6911373949197446,-0.058140418671475236,1.1145,1.4687803285943628,2.941351667909234,0.10114359855651855,5.512758731842041,1,0.2819527865270583
no_proximity,164,0.2901190959173825,0.28123383752926945,1.4527,0.6851742397846394,2.0646080596766923,0.1010441780090332,4.316460609436035,1,0.573120823861454
no_proximity,165,-0.3105561547069281,-0.24412492474827535,1.4298,0.8208308179343589,1.28848411669259,0.20402145385742188,6.321695566177368,1,0.57277126723695
no_proximity,166,-0.16721628927046872,0.6124719518415541,1.0354,1.0798310715496686,1.2757315728467764,0.1522507667541504,2.80723237991333,1,0.22070946969058897
no_proximity,167,-0.6712671392663598,-0.5329715427607278,1.119,1.322925250582116,1.7003137797791712,0.10142183303833008,3.5107784271240234,1,0.385267316412542
no_proximity,168,-0.503224158330312,-0.35127923821465407,1.3345,0.3598287221518156,0.6004278261291764,0.10137581825256348,3.8109805583953857,1,0.3900335606684925
no_proximity,169,-0.7139767160986251,-0.022321350730470035,1.1071,0.6752054836418524,1.1686766028370315,0.10097432136535645,3.908994197845459,1,0.3239699997710558
no_proximity,170,-0.6509388959029203,-0.1963464069111509,1.0662,0.31827582403049204,0.726068999981899,0.10113692283630371,3.8110761642456055,1,0.2659723256796001
no_proximity,171,0.7464368446214729,-0.3886415156402526,1.4678,1.406752123202005,1.586850338537968,0.10151863098144531,3.1084611415863037,1,0.7022163708503318
no_proximity,172,0.9690232104508749,0.02199221500113957,1.2855,0.6165056318096508,0.5890029721671933,0.051648616790771484,3.8100874423980713,1,0.6368683880587162
no_proximity,173,0.6521349935864189,-0.4860018894819629,1.2363,0.6786954844202219,1.1043168215695571,0.05100202560424805,3.811784029006958,1,0.2792142202511445
no_proximity,174,0.1330837705525898,-0.4099290276616797,1.3923,0.4649462241045389,0.4609835228889506,0.10122227668762207,2.909074068069458,1,0.2956758192640726
no_proximity,175,-0.30093424347781306,0.05562131623466937,1.4037,0.8178474892800303,0.6844640839066252,0.1013329029083252,3.010932445526123,1,0.45283338977442816
no_proximity,176,0.1825922553172432,-0.6717944604059854,1.0952,0.864201594442301,0.9421155212037412,0.10120820999145508,5.009578466415405,1,0.25191777423643075
no_proximity,177,-0.7473908085229743,0.6172053593037848,1.0485,1.667284786326674,3.0070468008355964,0.702277660369873,9.726409435272217,1,0.32881658347008846
no_proximity,178,-0.36830222225822007,0.19338474033567887,1.2155,0.6816935712757834,0.6425348519555749,0.36243247985839844,3.3334784507751465,1,0.5912102901330986
no_proximity,179,0.06166400570641384,-0.17713058396165293,1.2118,0.6969183127349885,1.8722577764687418,0.3076639175415039,4.223203659057617,1,0.4851693181108229
no_proximity,180,0.7732876662352792,0.5829469752557884,1.2335,1.0556967584965349,1.0811900305210245,0.15265727043151855,3.2145373821258545,1,0.4511199382600183
no_proximity,181,0.986790785419297,-0.49398576708838293,1.3645,1.1598190175954042,1.4904302229421629,0.15230798721313477,4.613745450973511,1,0.4984865463536355
no_proximity,182,0.2656057103225853,0.413672739265866,1.3367,1.2388393047292738,1.6663622279231332,0.15137076377868652,4.512742042541504,1,0.5872122158025117
no_proximity,183,-0.47337465166537035,-0.518136734502522,1.4921,1.2414044168602558,1.5680696292667142,0.15102243423461914,3.310018539428711,1,0.32424068606697454
no_proximity,184,0.44542089141986874,-0.02430810636723002,1.0492,1.2625040627786357,1.1918865501697375,0.10139703750610352,2.509848117828369,1,0.4931842541545597
no_proximity,185,-0.09517379708833662,0.379007629833947,1.2013,0.752564812239246,0.7431271488808732,0.05103182792663574,3.2110605239868164,1,0.3810844202198384
no_proximity,186,0.04403133519715996,-0.32890680089846874,1.1697,0.8280117226081862,0.8188716111759863,0.05119466781616211,4.409250736236572,1,0.376514868371157
no_proximity,187,-0.4127544382190081,0.4930154636792571,1.4308,0.9760556707013865,1.8622317572357168,0.10130000114440918,4.211034297943115,1,0.45954436943876115
no_proximity,188,0.9236277239317321,0.1147030063858252,1.1243,1.5370010354124073,1.756030058628116,0.10139226913452148,3.211238384246826,1,0.4427326231232466
no_proximity,189,0.37111736118755023,-0.2828396854611636,1.0951,0.8220178507956312,0.6976213232414219,0.05111122131347656,2.1102614402770996,1,0.4183076555519979
no_proximity,190,0.3559842022503137,-0.010024459624534132,1.2243,0.3629782794379477,0.3261223979041312,0.051201820373535156,1.504012107849121,1,0.6340121436002564
no_proximity,191,-0.5723803883696872,-0.3146938788489167,1.2109,1.088865001368201,1.6119758526623569,0.10149264335632324,3.6214182376861572,1,0.3667557176900354
no_proximity,192,-0.8065387143536853,0.04002842701318898,1.1393,0.5846117402985984,0.4668745597840239,0.3084440231323242,2.636869430541992,1,0.4780522436553964
no_proximity,193,-0.19499397404507146,0.3854075366193458,1.1249,0.8337266348344623,4.646650196286292,4.50918984413147,14.239017963409424,1,0.5711849881064401
no_proximity,194,-0.6203174712580108,-0.19712726277005532,1.4616,0.7715795275026309,0.9380906719609433,0.10240411758422852,5.011233568191528,1,0.7258382217605285
no_proximity,195,-0.41862373464890457,0.2493750289720732,1.2216,0.6939935174320817,1.816234103636811,0.10161876678466797,4.1091790199279785,1,0.4093555753673229
no_proximity,196,0.5024058169337922,0.002703385159597227,1.4307,0.8239946647910583,3.9758792452239025,0.25147056579589844,6.713993549346924,1,0.46163694520855025
no_proximity,197,-0.5130733252995743,0.5052110712724055,1.2752,1.3747725234353452,3.029419794223475,0.10151553153991699,5.011977672576904,1,0.3815090950318588
no_proximity,198,0.04269550282267098,0.5585673086266344,1.0253,0.7100331327182003,0.6373762793531751,0.10158276557922363,2.4095332622528076,1,0.27027819992170926
no_proximity,199,0.1296713615490115,0.09713811948720619,1.4996,0.6517917827516815,0.7282414053411214,0.10271859169006348,2.109661102294922,1,0.7852202689257394
no_proximity,200,0.9744584358825197,0.03349299425157315,1.418,1.0374875990489172,3.082696362218949,0.601945161819458,6.313961744308472,1,0.9632346042381457
no_proximity,201,0.5287469732091561,-0.5334113550358048,1.4845,0.7788145987702058,0.8701059365437185,0.1010584831237793,2.2057156562805176,1,0.5804057604671482
no_proximity,202,-0.032373009478670944,0.26887437974836936,1.4632,1.1517329390570716,2.551568119430644,0.20605111122131348,7.136829853057861,1,0.7343788862340791
no_proximity,203,0.020563634122989782,-0.5874109250148023,1.4243,0.987442563278457,2.724716844719414,0.30674147605895996,6.421794652938843,1,0.3775475331348323
no_proximity,204,-0.6259185658551252,0.5222367467162697,1.0832,1.5231722076304166,2.4001369767864698,0.10192632675170898,4.115710735321045,1,0.3353888188629334
no_proximity,205,0.29890791364644986,-0.19477028488244097,1.2428,1.2509992486005477,1.1719337482028398,0.1524956226348877,3.3082187175750732,1,0.36500366627138414
no_proximity,206,0.7182555351212587,-0.7366356003916756,1.1069,0.8301082362033733,0.893706075895895,0.10098385810852051,2.4104866981506348,1,0.1472017873703214
no_proximity,207,0.19211808502296313,0.5208816169511331,1.2005,1.4179875797038524,1.9267229742092238,0.10153627395629883,3.4108691215515137,1,0.4339446415547313
no_proximity,208,0.5887274737535213,-0.12165254921740487,1.0293,0.9183332973583704,0.9056694209619115,0.051229238510131836,2.1046102046966553,1,0.15403086904635171
no_proximity,209,-0.5938213856072367,-0.5006442805404492,1.1895,1.1704547780904797,1.3189661860947743,0.05126452445983887,3.1082231998443604,1,0.42910253754533434
no_proximity,210,0.9402245759169743,-0.24507078261374604,1.4927,1.674858819490843,1.9958996055489202,0.10117292404174805,3.0066933631896973,1,0.684954868523225
no_proximity,211,-0.8470467870419227,0.16870034915096044,1.1326,2.0641015892986787,2.8189447342068745,0.10106992721557617,4.1117308139801025,1,0.4929666933856512
no_proximity,212,-0.5783504735933301,-0.1733064539990693,1.392,0.5644573035585723,0.5300045450400285,0.1025094985961914,5.514326572418213,1,0.6375881704031388
no_proximity,213,0.12235051047652279,0.07505901379774027,1.2275,0.9541444226091825,0.8276443296544668,0.10110092163085938,2.3113417625427246,1,0.4360102285163018
no_proximity,214,-0.456967114484549,0.4909265936915409,1.2115,0.5780894095210329,0.6459686718521184,0.10190653800964355,3.2064895629882812,1,0.2630788792679269
no_proximity,215,-0.8005585583250759,-0.09438001741886093,1.4787,0.8344559074204986,1.1954197989963642,0.2513115406036377,5.124901056289673,1,0.6888598331730635
no_proximity,216,0.664095736289511,-0.12018114105621003,1.4977,1.6555028121294226,2.378760325978543,0.30325794219970703,3.8204262256622314,1,0.5671811364881293
no_proximity,217,-0.07868761334510388,0.025945815217491397,1.2779,1.0241059432718405,2.0073561281239973,0.3538246154785156,4.017061471939087,1,0.5801497278728416
no_proximity,218,0.8350591008487913,0.5569626449716115,1.3592,1.1614899174210027,1.3906392737639068,0.10227465629577637,3.0086498260498047,1,0.2640969068487937
no_proximity,219,0.40340709469972924,-0.1813992489112155,1.0774,1.1115749814590155,1.3620178097158526,0.10321187973022461,3.4160423278808594,1,0.3054138180661784
no_proximity,220,0.5460569575755418,0.1623614961845481,1.1484,0.43063522896787787,0.533002069728532,0.10179638862609863,2.610852003097534,1,0.27013629871271944
no_proximity,221,-0.4150097531624425,0.18018062970465287,1.4844,0.9323938544419755,1.1363625222759917,0.10137271881103516,2.707796812057495,1,0.4445369912203775
no_proximity,222,0.7124336812096612,-0.4976796343373456,1.2896,1.571018527689548,1.9287015737736979,0.10136103630065918,6.012969732284546,1,0.2687412480531209
no_proximity,223,-0.6759071595509779,-0.40888140956675006,1.2711,1.324334612787541,1.3341189730086702,0.05110526084899902,4.109615325927734,1,0.14605690150897024
no_proximity,224,0.7724957715717773,-0.19726983030424305,1.374,1.4666485397409814,1.8821409091012054,0.15221333503723145,5.812119722366333,1,0.5808488346359968
no_proximity,225,-0.2919811986226717,0.4885654146480186,1.0286,1.2587642044371135,2.7598164242884295,0.5020041465759277,7.214821100234985,1,0.4393443993100397
no_proximity,226,-0.46096944230057385,-0.7065447518773718,1.2921,1.2510899754123284,2.5358069277878568,0.0509335994720459,4.520807504653931,1,0.4216759991842768
no_proximity,227,-0.03773654072566912,0.48353093101976363,1.2514,1.3471675865810477,1.5789695914500712,0.3559548854827881,5.76014256477356,1,0.5800429250504469
no_proximity,228,-0.35882275493917826,-0.22130263117817528,1.4264,0.8468243013973134,3.2682204084129842,0.3541238307952881,6.131519794464111,1,0.6189382367175916
no_proximity,229,0.36406313535698365,-0.18046838988923564,1.0787,0.9957660871313464,0.7810008342008743,0.051280975341796875,2.009596347808838,1,0.3117962736973237
no_proximity,230,-0.2893688645879192,0.5601748437660033,1.4804,0.9920573055390329,2.063621536156623,0.5018517971038818,6.9147865772247314,1,0.5886164520664936
no_proximity,231,0.8483035282296632,-0.07326953360516819,1.0401,1.5413934752189238,2.9542412738700223,0.10151243209838867,4.61357307434082,1,0.30353959929267343
no_proximity,232,-0.030226834141979353,-0.7121271703681586,1.0929,1.1251739151753437,1.2219259579247645,0.05118727684020996,2.3066248893737793,1,0.1373879254250036
no_proximity,233,0.3825538316954238,-0.38866232021478003,1.2975,0.5928227343885599,0.6612073769433574,0.05173492431640625,2.1097514629364014,1,0.576610680540616
no_proximity,234,1.0780851221544403,-0.020701689516109623,1.3376,0.7729518898156083,0.8711973649721654,0.051212310791015625,3.1169450283050537,1,0.6738534914694003
no_proximity,235,-0.8365496790829209,0.5132465602141257,1.1176,2.1716744483584396,3.549310269006765,0.2073040008544922,7.137832164764404,1,0.3552231631795798
no_proximity,236,-0.3298225525979577,0.018440575456700192,1.0599,0.8213097828888503,0.7285442766516818,0.4891369342803955,3.337193489074707,1,0.4264008391672555
no_proximity,237,-0.46387303937048446,-0.7278917314232478,1.4451,0.826599413425878,1.124708373176138,0.36794424057006836,2.653857707977295,1,0.30658916379181583
no_proximity,238,0.8590501337289052,0.07784560238200366,1.1231,1.7391895153889563,1.9792391049901557,0.1012575626373291,3.8090274333953857,1,0.43279900182166675
no_proximity,239,-0.5254141257683229,0.5134020137008949,1.2973,1.5684381790208866,1.6350445758662007,0.10107898712158203,3.709665536880493,1,0.2114138606610507
no_proximity,240,0.15549489187058407,-0.6784687616510744,1.3097,1.3724484610280872,2.0558465661438223,0.05112624168395996,3.761040449142456,1,0.28424541172959983
no_proximity,241,-0.7088930401723994,0.08573099840681742,1.2096,1.2709704955840204,1.6241726687303226,0.05126214027404785,3.1098411083221436,1,0.632912595145751
no_proximity,242,-0.30080901372047286,-0.2543056875771598,1.2918,0.6490423610682476,0.5597789687213054,0.0510251522064209,2.2094154357910156,1,0.5555730197858124
no_proximity,243,0.2496139970684501,-0.08890674737843696,1.2614,0.7432465919416582,1.4409020330118523,0.051143646240234375,3.5168564319610596,1,0.437811266668581
no_proximity,244,0.5789578966707161,-0.44767191981630017,1.4674,0.345589507675434,0.5594739664569904,0.10436892509460449,3.3241021633148193,1,0.5909515826267041
no_proximity,245,0.30644445864790515,-0.67234093227264,1.1021,0.6218228347944128,0.6645771102775292,0.20889782905578613,3.870521306991577,1,0.21425631718507981
no_proximity,246,-0.2105286084007837,0.3162333679467594,1.3581,1.1768667858484785,1.571447860595238,0.20386242866516113,3.0193517208099365,1,0.5924262355886994
no_proximity,247,0.5702701147955418,-0.062194931532683295,1.1193,1.0844066381154653,0.9611176375416375,0.25548219680786133,2.9091179370880127,1,0.1971007981647002
no_proximity,248,-0.3846311701200903,0.3824465844843504,1.1979,0.9394918255562706,1.064889319802587,0.15246891975402832,3.116347074508667,1,0.3999120276575674
no_proximity,249,-0.33360833801021395,0.06797693627812573,1.3358,0.45112106279033753,2.547002732841606,0.20340895652770996,5.013346195220947,1,0.5195254638581193
no_proximity,250,0.9451155065661652,-0.555011201117347,1.15,1.2901724977227695,1.3326544770403204,0.10129475593566895,3.9140069484710693,1,0.5198625160851655
no_proximity,251,-0.5060665350418558,0.001571901697864142,1.1581,1.553515717327767,2.0973094317501015,0.10114836692810059,3.809903621673584,1,0.48202700240957985
no_proximity,252,0.7256041950613934,0.16216834586052575,1.3759,1.360333002989169,2.5632065075174566,0.10108304023742676,4.4121434688568115,1,0.5788385556271775
no_proximity,253,-0.3781580064410935,-0.07053009995432491,1.0363,1.382915188105143,1.2827060792844909,0.10133790969848633,3.1109485626220703,1,0.3316101307557051
no_proximity,254,0.9981256112588675,-0.6888275611796729,1.2291,1.4137016141455763,0.0,0.752763032913208,0.0,0,0.0
no_proximity,255,-0.515099665957625,0.037356746779313,1.4992,0.4408138752089837,0.0,0.4572877883911133,0.0,0,0.0
no_proximity,256,0.5092869696832367,-0.3344424638701152,1.498,0.9002968562178527,1.1135855489437037,0.30507373809814453,2.7084126472473145,1,0.6115910609862841
no_proximity,257,0.998536181422826,-0.09142966631264471,1.0366,0.7935827513047635,0.7379629797912677,0.10160636901855469,2.31252384185791,1,0.31629863328082125
no_proximity,258,-0.24054286203186737,0.3959298614830308,1.1066,1.4275558514260476,2.447788555643156,0.10177230834960938,7.108019590377808,1,0.44729210184380486
no_proximity,259,-0.41712248449577255,-0.5773410989420189,1.1326,1.0640264370457153,1.3069968085557018,0.4292135238647461,3.761298418045044,1,0.31355470280562936
no_proximity,260,-0.19936782181169288,0.2528295440805183,1.4666,0.9802348789566734,1.1833737996969858,0.2662780284881592,2.9707138538360596,1,0.7377770576840434
no_proximity,261,0.19627174148791826,0.34345362848873606,1.4404,0.5546030358185305,0.4277184252281403,0.2642660140991211,3.2139651775360107,1,0.6985623413071415
no_proximity,262,0.8830078970041229,0.10319602056248656,1.4396,0.8879845136405814,3.0841544529246048,0.5154314041137695,4.766752004623413,1,0.8662887455015051
no_proximity,263,0.851535968071643,-0.713775829491568,1.1848,0.902027241432489,1.1377086252639745,0.15273308753967285,2.856710433959961,1,0.1807396973220149
no_proximity,264,0.9882321784525603,0.3545281659530163,1.0789,1.203061621725155,2.9389876994342687,1.0556581020355225,12.431569576263428,1,0.516270380166244
no_proximity,265,0.6475671886614935,-0.19074692470090127,1.4169,0.5138290367665591,3.0104699659912337,1.6905488967895508,10.15553069114685,1,0.5377762760475726
no_proximity,266,0.8586280403173234,0.6091306866798317,1.3518,0.9420984514578008,3.2551396164912907,0.15326142311096191,5.411371469497681,1,0.2635563526320447
no_proximity,267,-0.03787042148684694,0.27043808238313705,1.3058,1.0880127054378819,1.1133923178619534,0.0512847900390625,3.515363931655884,1,0.3543289490231794
no_proximity,268,-0.17013888355598095,-0.3483336254672917,1.4936,0.7784899925114586,0.9674213824030088,0.10246086120605469,2.5131659507751465,1,0.5692767105395078
no_proximity,269,-0.7895712981407308,-0.7184412136762894,1.327,0.6140960964752288,0.6835692334258943,0.05092144012451172,3.112299680709839,1,0.24768379081376998
no_proximity,270,-0.11126458532951089,0.1908353664202781,1.0039,1.3404593813549643,1.5041240289289004,0.10146594047546387,3.107057571411133,1,0.3218911672705197
no_proximity,271,0.685535818571624,-0.6201492828229554,1.4086,1.2562593376194287,1.8340496040447418,0.10135459899902344,3.9120659828186035,1,0.34813594691488425
no_proximity,272,0.9994588681815753,-0.10079032354267892,1.1497,0.836301464983107,0.8318280085711284,0.05156540870666504,2.106051206588745,1,0.4954164549349909
no_proximity,273,1.0914962170034874,-0.42468308229914875,1.3317,0.2769111068045103,0.5078057520600746,0.10135269165039062,3.209390878677368,1,0.330275348554004
no_proximity,274,0.33153432744989875,-0.038565985863317165,1.4695,0.977265762044155,1.4387720165660751,0.20244169235229492,4.14026665687561,1,0.49471212285081173
no_proximity,275,-0.43599633362291246,-0.48683382781379425,1.0671,0.9428933265496553,0.9871571646579574,0.48235177993774414,3.32385516166687,1,0.27479928082807675
no_proximity,276,-0.7583558150513484,0.5885470138134749,1.0577,1.1781353673755597,1.5329398080745196,0.2663438320159912,3.4622325897216797,1,0.27808014079951837
no_proximity,277,1.0989073044852347,-0.5040679275724245,1.0535,2.2129495666806815,3.1934096254631403,1.9832618236541748,10.021445035934448,1,0.6332701455846097
no_proximity,278,0.5065128649826163,-0.5315470246890391,1.2766,0.7128749176538695,0.9034104972176982,0.1015465259552002,3.009606122970581,1,0.3187937072067944
no_proximity,279,-0.4293934874215611,-0.005197142944449729,1.1362,1.1691506510589638,1.1265955163371297,0.10167503356933594,3.8118929862976074,1,0.3562080187175952
no_proximity,280,-0.6916730882776498,0.4626312252541428,1.3024,0.5550641237213872,1.7812211878715851,0.10122323036193848,5.112514972686768,1,0.22055924522048684
no_proximity,281,0.8884986943003128,0.5700651585676811,1.3588,1.5840946801000713,1.5856554295182763,0.10097408294677734,3.5115485191345215,1,0.22767691293337897
no_proximity,282,0.4256896056265411,0.013878027216957523,1.1018,0.7673503963056104,2.8117161067162755,0.3522157669067383,5.814738750457764,1,0.4417837165684084
no_proximity,283,-0.13433135928159368,-0.3860983011133118,1.3171,0.7565133695602078,1.4234649948881863,0.1019906997680664,3.9330661296844482,1,0.45624757247391906
no_proximity,284,-0.7123664000710418,-0.4404682805209592,1.132,0.7479324697860715,0.605171564723013,0.3163032531738281,4.04269552230835,1,0.3118099300632685
no_proximity,285,0.8140921036446596,-0.06266867188279923,1.2443,1.6132249586982912,1.7820748521227059,0.30382561683654785,5.04570198059082,1,0.3757648947286892
no_proximity,286,0.7615176744636456,-0.2651101483423867,1.4527,0.24527252605535654,0.813639053186968,0.2531871795654297,3.9116480350494385,1,0.6562386926502126
no_proximity,287,-0.3437499685242069,0.4642376012519872,1.4231,1.3940515141794791,1.4440996650791509,0.36589574813842773,5.019232511520386,1,0.4588266893577157
no_proximity,288,0.8128529870647874,0.44866223211876866,1.0461,1.3298509874012912,0.0,0.1018671989440918,0.0,0,0.0
no_proximity,289,0.5093884370285202,0.19151342039865282,1.2118,1.0253320278504214,0.9329726259274115,0.05153465270996094,2.7101848125457764,1,0.4194055708988118
no_proximity,290,-0.5586446813091279,0.46731642313932775,1.1383,1.1954244758819856,1.1312323119617496,0.10166335105895996,2.710980176925659,1,0.3108372657072971
no_proximity,291,0.7637687996193596,-0.5659328020914862,1.0018,1.7590664617996323,0.0,0.10242748260498047,0.0,0,0.0
no_proximity,292,-0.5543738860322531,0.3808866911395915,1.3856,0.15581511856441332,0.5110080770012088,0.10149884223937988,3.081937551498413,1,0.4489211776123
no_proximity,293,-0.8603432022572358,-0.3486096050176698,1.3186,0.8710420476450208,1.3670227123138492,0.931023120880127,5.87010383605957,1,0.4843201710603001
no_proximity,294,0.3792544105470368,-0.3860298796178444,1.131,1.2542224919859053,3.1643548499350818,1.6090750694274902,7.041633605957031,1,0.41953155828148136
no_proximity,295,0.6726535731895666,-0.5960086022517591,1.3706,0.3183249131445834,0.3942697631944999,0.10785913467407227,1.9086930751800537,1,0.38381594122034046
no_proximity,296,1.0356501516485273,-0.2732676438628453,1.2758,0.6309493652384791,0.6916177970035595,0.2518000602722168,3.514038562774658,1,0.937838149665634
no_proximity,297,-0.6698257191224737,0.544751941462884,1.2138,2.073171864535377,2.7482540895909997,0.20291757583618164,3.7140023708343506,1,0.5241912344341609
no_proximity,298,-0.2764902103114102,0.23002844979861703,1.0048,0.7898581084221615,0.5397051520490423,0.051393747329711914,3.410395383834839,1,0.42487937834849265
no_proximity,299,-0.18745978111923978,0.11013792141251366,1.0376,0.3838522964840634,1.0782380962871847,0.051192283630371094,3.6083433628082275,1,0.4081259214131199
no_proximity,300,1.0564551369096007,0.5882381731625402,1.4416,1.2604548000863942,0.0,0.15149998664855957,0.0,0,0.0
no_proximity,301,0.6298776543313227,-0.7092175767856067,1.452,1.1422195701358473,1.2961520721922921,0.10121870040893555,4.415730714797974,1,0.39960779315540057
no_proximity,302,0.09549080338204752,0.31553979206790805,1.2728,1.2893258597280508,1.715371303509835,0.20441985130310059,4.23610520362854,1,0.7168133330077525
no_proximity,303,-0.33067194742973827,0.6270490632166953,1.4173,0.5830389469671615,0.5717453569478435,0.25692105293273926,1.5287787914276123,1,0.5174383253668727
no_proximity,304,-0.5486975863981116,0.34906831998240306,1.2913,0.5969385694014578,0.7790109574573758,0.2044968605041504,3.7140424251556396,1,0.4947460180826751
no_proximity,305,-0.7097207675893997,0.19200604105065588,1.074,0.5754847352894459,0.3212572107851816,0.10257554054260254,1.406850814819336,1,0.4301436003392319
no_proximity,306,1.0116115803803134,-0.535446456693043,1.0637,1.965364600794946,3.055711337704235,0.25348353385925293,4.728331565856934,1,0.45239845282065533
no_proximity,307,-0.041100457852425554,0.1343346520904536,1.1541,1.361345255804761,1.872003475914074,0.15190720558166504,3.520557403564453,1,0.6150814506862855
no_proximity,308,1.0772436982563796,-0.18057507532313088,1.4495,1.2269997129314236,3.220132821161194,22.900866508483887,8.171987056732178,1,0.6097983706008128
no_proximity,309,-0.4506264766222849,-0.7002217701166814,1.3981,1.5669214978091588,1.5429469661415398,0.4345128536224365,4.044497728347778,1,0.2676296152187833
no_proximity,310,0.8401580511821607,-0.09280958820580043,1.4304,1.3958317470481296,1.3586293134869794,0.47354722023010254,3.340867757797241,1,0.5515611149448105
no_proximity,311,0.8486111188880205,0.32404407573585325,1.4495,0.40973770984059243,1.9045829535560623,1.7190399169921875,9.232790470123291,1,0.8132389290926855
no_proximity,312,0.6353495500490238,0.11742672192156478,1.105,0.7654125715738715,0.44512636579453035,0.10126900672912598,2.4114432334899902,1,0.5877660009376753
no_proximity,313,0.9521204343706913,0.10427753215149416,1.1248,0.4120971161904969,0.3011155841370391,0.1013939380645752,3.5127336978912354,1,0.43588249862142125
no_proximity,314,-0.6404951694765342,-0.5709947215136957,1.0514,1.8320495817328626,2.0346021910129934,0.7064118385314941,4.512646198272705,1,0.3459470703926868
no_proximity,315,-0.4755599916799326,-0.06754909277726562,1.3901,0.611056697681824,0.6975482645484083,0.1519627571105957,2.914109945297241,1,0.43074300605651106
no_proximity,316,-0.3398550724096364,0.3528462042754966,1.4421,0.5085866630202138,3.0146785054441456,0.607245922088623,7.356104135513306,1,0.662698936232175
no_proximity,317,-0.8499680899021446,-0.6434579761702761,1.2032,1.2365414772019412,1.42299462909435,0.36438679695129395,3.220074415206909,1,0.3544969199518428
no_proximity,318,0.31624072637246003,-0.3422556168534173,1.3103,1.295172159788428,1.453696753570334,0.3366992473602295,2.749476194381714,1,0.5714177432376647
no_proximity,319,0.6726646599866193,-0.6885637339713573,1.0773,0.49258413855899125,0.46933095890018556,0.15587711334228516,3.126490831375122,1,0.20939388463694253
no_proximity,320,-0.39326677856047054,0.6126744031490593,1.4649,1.761123939724116,2.7006112600496843,0.20256280899047852,4.012218952178955,1,0.42400262293807656
no_proximity,321,0.3521846654185121,0.22218686952759892,1.4323,0.9772709924804207,1.3153615692135097,0.05116701126098633,2.8063461780548096,1,0.6500727724636842
no_proximity,322,-0.22595368706040808,-0.03166420198940645,1.4881,0.8064427545877311,1.8745128814195964,0.5024745464324951,6.216368913650513,1,0.42220424796773914
no_proximity,323,-0.8071914383755114,-0.6350331449090014,1.4054,0.8422060508283463,0.9156235352045279,0.10158586502075195,2.5067713260650635,1,0.252033667371456
no_proximity,324,0.2518659612544083,0.20432486759460322,1.4407,1.3512254207857686,2.375118505843812,0.40148377418518066,6.614457130432129,1,0.8319310981755158
no_proximity,325,-0.5410495219625238,-0.599323787380534,1.0124,1.3579233480126187,3.3350176254601895,0.6030621528625488,5.0174150466918945,1,0.2503364896771655
no_proximity,326,-0.8103962609555775,0.5433556263388298,1.3683,1.238500900187171,1.6562704384207656,0.15699553489685059,3.0275509357452393,1,0.5855106991404742
no_proximity,327,0.5323579495517163,0.45371157602712164,1.1661,1.461375333557478,1.633682702010329,0.35793161392211914,3.7340896129608154,1,0.4021090515598197
no_proximity,328,-0.20020971838015844,0.3765697062877079,1.4654,0.8690016992461199,0.738232157292364,0.15416479110717773,2.713437557220459,1,0.5457449139385496
no_proximity,329,0.21232808953670523,0.37996713592846654,1.4011,0.31652502354040607,0.4065445608354558,0.20281386375427246,2.6177921295166016,1,0.5418762983839817
no_proximity,330,0.17033007397537636,0.2622040028918261,1.432,0.29354864718865953,0.818655006829828,0.10198593139648438,3.0109457969665527,1,0.47002378579877907
no_proximity,331,-0.38324139019188974,-0.5237856095244792,1.4054,1.0422669477839581,1.3312239737119769,0.1512901782989502,3.4123148918151855,1,0.4037249306094257
no_proximity,332,1.0611649370335183,-0.28010518210649915,1.1334,1.6673272306865743,1.77044204897819,0.05151534080505371,3.0104799270629883,1,0.3823621650517535
no_proximity,333,0.4325588110427365,-0.05847908559338699,1.3937,0.7864808480198244,0.6465070481907411,0.1012566089630127,2.5087637901306152,1,0.4900547744841071
no_proximity,334,-0.42020270268136595,0.6259628006619636,1.054,1.3726364129457589,4.057763739660401,0.5522000789642334,11.524514436721802,1,0.23443129946974306
no_proximity,335,-0.47750686225843436,0.19163360510059435,1.4361,0.3461122537070354,3.7725527837587234,1.2031276226043701,8.131364345550537,1,0.5136030098298185
no_proximity,336,-0.3622725149707745,-0.10735605744017929,1.4293,0.5264813153048246,1.913332387986921,0.6645772457122803,5.730695724487305,1,0.3877458563105466
no_proximity,337,0.5990443250183624,-0.1583721584683444,1.1112,0.9301724046864189,0.9500876483077182,0.15471458435058594,3.217386484146118,1,0.3087851978524791
no_proximity,338,1.0845214353248667,-0.6878899709992491,1.4083,0.6252502069352683,0.8125606160352388,0.15268707275390625,2.920492172241211,1,0.33280408681091184
no_proximity,339,-0.0036642391662317086,0.2535040254103976,1.2302,1.5819382009797862,2.1338916068853933,0.10149812698364258,3.6079816818237305,1,0.39421939494557323
no_proximity,340,0.9121910944703144,-0.16355544647587217,1.1526,1.164023312752983,1.8241518082609425,0.10126805305480957,4.014178276062012,1,0.27415660560540317
no_proximity,341,0.9353041510122815,-0.4535501523062141,1.3977,0.21994523879545028,0.4551551606055794,0.10130190849304199,1.9043421745300293,1,0.3743375019205444
no_proximity,342,0.5800300104270868,-0.5622260006351449,1.1138,0.5897238901398834,0.5018491409981656,0.1009056568145752,2.8086998462677,1,0.29565967640761787
no_proximity,343,-0.5168680782191803,-0.4166154715545921,1.0118,1.160273773759539,1.1322145387544325,0.05119013786315918,3.1064062118530273,1,0.2585228662938757
no_proximity,344,0.8203912550585057,-0.06661022524040017,1.0966,1.411883867486524,1.5052897178499387,0.10139846801757812,3.7113258838653564,1,0.38793237618391563
no_proximity,345,0.00959501541528296,-0.03564095570060566,1.1641,0.9152116124595283,0.7932369446383837,0.0525968074798584,2.7061102390289307,1,0.30255212865625053
no_proximity,346,-0.5488956845364849,-0.2056539686404807,1.4322,0.702385472123062,1.4862562059045807,0.10138463973999023,3.611778736114502,1,0.4802859592127861
no_proximity,347,0.4286520691208411,-0.2961888517552692,1.4834,1.1867911806231504,0.9851363889427388,0.051000118255615234,2.909620761871338,1,0.43543160656527935
no_proximity,348,1.0491853113456757,-0.11949317013887961,1.1396,0.9972382784627739,1.4730416226437586,0.15208196640014648,4.013036489486694,1,0.43714884195213705
no_proximity,349,-0.5365398321164943,-0.028830594684031707,1.3207,1.6992776148292663,2.4119136964833756,0.257122278213501,3.9316794872283936,1,0.675847867119505
no_proximity,350,-0.018980928102300676,-0.4012665894645965,1.1998,0.8154184968338751,0.7349849309088979,0.20715737342834473,2.5106632709503174,1,0.4321904651794613
no_proximity,351,-0.5419229385403174,-0.5126911968198515,1.4906,0.44298034595693814,0.6577462759839915,0.15272784233093262,2.3090341091156006,1,0.4696858658688691
no_proximity,352,0.44266057374641776,-0.09085717671975568,1.2681,1.3056588761905563,1.1609733023052071,0.15292763710021973,3.114656686782837,1,0.30727668910821326
no_proximity,353,0.2871723502343628,0.45000473942521746,1.4696,0.5065899988612456,1.1295056008271944,0.10121750831604004,3.3084707260131836,1,0.36097927494452803
no_proximity,354,-0.3383562699733266,-0.6645626597332814,1.0577,1.5785721939406414,2.9172431395065628,0.1511402130126953,4.710770130157471,1,0.16943604084686878
no_proximity,355,-0.7950211023950139,-0.5752209781502231,1.4852,0.5521524446088402,0.7235184157696668,0.1016075611114502,2.0045363903045654,1,0.4336312522217955
no_proximity,356,-0.24637859993608047,-0.046059372862148784,1.0893,1.0839254393136126,1.3554225266574618,0.1014711856842041,2.9116809368133545,1,0.32005491469486747
no_proximity,357,1.0825009037044344,0.5830730889031267,1.4813,1.4353742030783305,1.4696978125340983,0.15111231803894043,3.7101826667785645,1,0.7761162761315857
no_proximity,358,0.3937357167503217,0.4495197366705105,1.1327,0.7826236674662203,2.0067321740220083,1.3562016487121582,6.814909934997559,1,0.2647959436257029
no_proximity,359,0.09589392206921576,0.1732714898683474,1.0542,0.5715752105672973,1.5862360522761603,1.356318473815918,6.522241592407227,1,0.180844898653886
no_proximity,360,-0.2626828557662596,0.22523136800015264,1.2173,0.4641831445717304,0.5431462320668965,0.2535991668701172,3.720970630645752,1,0.16617202399414152
no_proximity,361,1.04936567538461,-0.6139804165053391,1.3643,1.5635522773435084,1.5879326777494418,0.20329904556274414,4.112020015716553,1,0.29320074519026235
no_proximity,362,0.8476579481762156,-0.4995961892992917,1.1568,0.3106183317959573,0.3518657055726521,0.3527553081512451,3.7174062728881836,1,0.251210592589263
no_proximity,363,0.999225382997514,0.1957827908699734,1.3031,0.8434437528781725,2.8259998865894804,0.10265588760375977,5.3145904541015625,1,0.4446937118267885
no_proximity,364,0.8491696792368195,0.04101779188175203,1.2557,0.40105084638235056,0.4746126802280932,0.10135006904602051,3.7084763050079346,1,0.36434351559006856
no_proximity,365,0.4936420205445542,0.18652939205793684,1.1926,0.3886016092943595,0.38901396649779824,0.0511934757232666,2.9102985858917236,1,0.2275415347017157
no_proximity,366,-0.09236074799345795,0.15179411045501023,1.2883,0.5949049244734973,0.5947759407434593,0.05133676528930664,2.204913377761841,1,0.17535994006032252
no_proximity,367,1.1078380044774612,-0.676756658605596,1.1274,1.4672159349026515,1.491166692416309,0.10239005088806152,3.812497854232788,1,0.3300136842537093
no_proximity,368,0.8528333385684477,0.3319976550960678,1.3544,1.0648351094991237,1.3309120469073585,0.20147275924682617,5.013976097106934,1,0.44745797122138736
no_proximity,369,0.8682178424992715,-0.18771119805148062,1.0008,0.7706969641823657,1.9939874619466116,0.201826810836792,4.5123796463012695,1,0.15276992563176345
no_proximity,370,0.7281506569275744,0.30437977518307,1.4628,0.6310147148082157,1.9596391450942023,0.15134501457214355,4.410221815109253,1,0.33874903947502755
no_proximity,371,0.7479474164588928,-0.577832757920784,1.2692,1.0455137490735178,2.6250855661442927,0.05095314979553223,4.915716886520386,1,0.2652010989663683
no_proximity,372,-0.22967088513766432,-0.23948185108669928,1.3597,1.0306857469677535,1.201310268699375,0.10181450843811035,2.106590509414673,1,0.5722657072547815
no_proximity,373,-0.10287784328217475,-0.12649496251664283,1.371,0.34503809095768373,0.18805284693161511,0.05132174491882324,2.813232660293579,1,0.5189187638062216
no_proximity,374,-0.42255159876443377,-0.6424288007421585,1.3353,0.5746961213014836,0.7354800009376391,0.10225844383239746,2.528120994567871,1,0.2910079550655075
no_proximity,375,0.354829865791056,-0.10615918381801348,1.1821,1.117739481576823,1.2681563774347606,0.1530005931854248,2.6124587059020996,1,0.45823824358628945
no_proximity,376,0.1558200981399842,-0.08460410013674957,1.035,0.4199041670126936,1.2782738523521358,0.2077181339263916,3.9237418174743652,1,0.3250062208707905
no_proximity,377,-0.11945228356643134,-0.19501749904765864,1.3321,0.2873009387357332,0.4904061170916011,0.10324931144714355,2.108370304107666,1,0.5395871935924045
no_proximity,378,0.3318678939166073,0.3079496013588844,1.1651,0.8552315350948827,0.8471738257697192,0.15238142013549805,3.0103750228881836,1,0.4475002015720959
no_proximity,379,1.0208479653826805,-0.7179484314026792,1.157,1.366576074839976,1.8793182081292377,0.10242915153503418,3.512143850326538,1,0.2183302982677291
no_proximity,380,0.4102948834544231,0.4908939742572821,1.424,1.4437755593519985,2.3204041722586166,0.10102725028991699,4.2089455127716064,1,0.47092028744224823
no_proximity,381,-0.7535500324460904,0.5409151008307768,1.3599,1.1138783842996314,1.1640099906053745,0.0513460636138916,3.1111748218536377,1,0.6299237043754573
no_proximity,382,0.08999782670729739,-0.39018899595202206,1.1502,1.4162240727260633,1.4248082110255944,0.05103921890258789,2.705336809158325,1,0.5033357607174932
no_proximity,383,0.7185973295043389,-0.0021924058482002406,1.1546,0.852079578143196,1.4590801506138513,0.10112452507019043,3.5089123249053955,1,0.39676935072571035
no_proximity,384,0.5464106363103696,-0.3684146229921246,1.2042,0.43944879061873826,0.874650244080912,0.051314353942871094,3.2091727256774902,1,0.23681886574767602
no_proximity,385,-0.5139619892222635,0.19285593134788648,1.2012,1.1552161804732897,1.33147920135887,0.1013796329498291,4.208904504776001,1,0.4864743017607214
no_proximity,386,0.5323296907338615,-0.596151107667822,1.1478,1.457303563943,1.809442761847528,0.10119128227233887,3.310678243637085,1,0.2767036953634144
no_proximity,387,1.0355210667208832,-0.07860828140682341,1.0636,0.826951571649353,0.7783693951877951,0.10116291046142578,4.711901903152466,1,0.2496853673109658
no_proximity,388,-0.7869563598817484,0.1269499900661868,1.2102,1.8722626319597633,2.2838714944851097,0.10221171379089355,3.6128504276275635,1,0.5665479838920949
no_proximity,389,0.7506323193838982,0.4718996806407124,1.4702,1.6836161188168073,1.837537659132798,0.10159611701965332,3.1142635345458984,1,0.259869613717265
no_proximity,390,0.3379643199026656,-0.17824688248558762,1.3387,1.0181121958846469,1.251373254526265,0.15423035621643066,3.338717222213745,1,0.46522704987998714
no_proximity,391,-0.17251882622201276,-0.4175398519690616,1.4514,0.40549571381800414,0.47699192179491867,0.20598506927490234,3.7133090496063232,1,0.4532926729652905
no_proximity,392,0.7574215792941106,-0.1607836394865998,1.3078,0.9746491571982676,1.422474906577882,0.1525132656097412,3.712441921234131,1,0.3987664612263559
no_proximity,393,0.3634891815089678,-0.1222712094150471,1.1505,0.6226680547622571,0.4642258533541253,0.10208439826965332,1.9065277576446533,1,0.36017778587337557
no_proximity,394,0.587483762479369,0.44248318454439606,1.274,0.6571705353257364,2.2596387265407776,0.10668182373046875,4.913332939147949,1,0.31320757724585
no_proximity,395,-0.8261483224561612,0.13906884160904753,1.0002,1.520001288685756,1.5531241685424888,0.10181856155395508,3.110600709915161,1,0.5116921648772692
no_proximity,396,-0.41328085549813676,-0.20589516162582278,1.1435,0.59955917573592,0.5430770277578041,0.10127830505371094,1.9086298942565918,1,0.5839525332719552
no_proximity,397,1.0847909010659067,-0.5555317799870487,1.2149,1.639143947373308,1.7918495227146047,0.05254507064819336,3.1066031455993652,1,0.32368321296621283
no_proximity,398,-0.024308363217431572,0.24297933001433425,1.29,1.4636793485296669,1.9900344177423719,0.10108232498168945,3.5115063190460205,1,0.5359102519268077
no_proximity,399,-0.6185225183019238,-0.5999533417461554,1.3274,1.0605945133625927,1.3065091537785452,0.05124497413635254,3.110077381134033,1,0.29303553985297
no_proximity,400,-0.3296135588784648,-0.6338777870091323,1.2325,0.4406315119478869,0.40923548285321626,0.05255603790283203,2.4054834842681885,1,0.3072393710429894
no_proximity,401,-0.49271896240745156,-0.2986874736532744,1.2211,0.5094694337945911,0.6782070191673861,0.05198049545288086,2.907485246658325,1,0.4920184970000569
no_proximity,402,-0.735401943677243,-0.029811847292036453,1.1069,0.39314008627152575,0.4125548271402369,0.051026105880737305,3.809521198272705,1,0.45476394450265656
no_proximity,403,-0.40978265365352173,-0.0010236293334023872,1.2366,0.432551925429445,0.32129487092464953,0.10158419609069824,2.009967565536499,1,0.47552474155954
no_proximity,404,0.18332233294474665,-0.2973654232194739,1.4506,0.8198962658716064,0.7131836856241605,0.05161237716674805,2.3101046085357666,1,0.6036019597753999
no_proximity,405,1.097384213940354,0.16636704685304626,1.398,1.2216608969805198,3.8870277955841344,0.10147500038146973,7.986997604370117,1,0.5970817407790975
no_proximity,406,0.0490375235463294,-0.6603644212665211,1.0848,1.5457393905814347,1.6396731872832353,0.4292874336242676,3.7348568439483643,1,0.23391035179411154
no_proximity,407,-0.5255495682471185,0.20506671998759485,1.0424,1.1223148169427324,1.5583775814576406,0.1535627841949463,3.4221091270446777,1,0.434931375191408
no_proximity,408,-0.6813872768002017,-0.12419033358125353,1.2577,0.40534781946259246,0.49534583611889516,0.10216999053955078,2.811875104904175,1,0.5833325797655321
no_proximity,409,0.4448550379336662,0.3499482461250879,1.3165,1.3535553415338908,1.354155448264057,0.051375627517700195,2.9114601612091064,1,0.39288575506267737
no_proximity,410,-0.0815558548659513,-0.5335803976840064,1.1676,1.1642868024906259,1.4651100132949308,0.05121755599975586,3.210623264312744,1,0.2562464538573809
no_proximity,411,0.19719503221606915,0.41395374647320293,1.4092,1.123101915309224,1.4586543099676677,0.10154438018798828,3.1103434562683105,1,0.5751177257882629
no_proximity,412,-0.6963553755460551,0.2947415577626141,1.3756,0.8470098557591804,0.9260290241290854,0.10155320167541504,2.7118656635284424,1,0.6608569248420569
no_proximity,413,0.6769796697627048,0.2308152146988497,1.3364,1.5107532774810455,2.019714092801339,0.05115675926208496,3.409960985183716,1,0.5629995711728082
no_proximity,414,-0.35151088643670947,-0.24817257613413274,1.1123,1.3392941187782839,2.3149534594686156,0.05192375183105469,4.210399866104126,1,0.38727491341886916
no_proximity,415,0.2246360410919297,-0.3232095971558756,1.0996,0.7039969773548637,0.5912516645790895,0.10115456581115723,3.8106040954589844,1,0.33070688473465876
no_proximity,416,0.3173779687207434,-0.03445646634501198,1.0122,0.43188646311215684,0.3834464598998522,0.05123019218444824,2.0105440616607666,1,0.35170987073429566
no_proximity,417,1.0934571853798056,0.4268578919417617,1.1224,0.9644408918227173,1.3516986667135498,0.10172605514526367,3.3105831146240234,1,0.2826854450441207
no_proximity,418,-0.6423617993909864,0.3801758994668972,1.2376,1.8359315111620071,1.9606872292184616,0.10102605819702148,3.1121723651885986,1,0.46004299158864426
no_proximity,419,0.8474883597929666,0.36434149976161156,1.4249,1.5773900658075117,1.8309960703588317,0.1013038158416748,4.361792802810669,1,0.28983804258136925
no_proximity,420,-0.7126179809924182,-0.18930523437666813,1.0364,1.943675266360697,2.305543379419759,0.10167098045349121,3.6321351528167725,1,0.30701693316061957
no_proximity,421,-0.1870303420021091,0.5974884159815231,1.2072,1.0068548694488861,1.0964713359566456,0.20407962799072266,2.9242501258850098,1,0.5076526460659375
no_proximity,422,-0.6103360986256564,0.44140789864258345,1.3149,0.44696088213492935,0.43084448095383615,0.20471692085266113,3.1116812229156494,1,0.24642865917597861
no_proximity,423,0.32859332262243734,0.30784866644071573,1.0972,0.9577729196276321,0.9600742944211614,0.1532752513885498,3.1206305027008057,1,0.20774900128474377
no_proximity,424,-0.0828498789552754,-0.5418821347690697,1.3482,1.064876552680228,1.7799513262868059,0.15579676628112793,4.0125720500946045,1,0.3929950141601212
no_proximity,425,-0.8218408004261168,-0.5572815187012735,1.2472,0.6676113721577287,0.7285761626929745,0.10117721557617188,3.7144463062286377,1,0.39857488653955475
no_proximity,426,1.0412595234056818,-0.14874791517439856,1.122,2.0392127922976186,2.205429087470119,0.10106754302978516,3.111774206161499,1,0.4262167677100639
no_proximity,427,-0.0018878331295721917,-0.5978167238243639,1.328,1.2053244321450336,1.3777256165587308,0.10110878944396973,2.4107470512390137,1,0.2619304127812902
no_proximity,428,0.35502332660749825,0.15037630095506282,1.0028,1.0899697606485557,1.2418403849025492,0.051007986068725586,3.011315107345581,1,0.3373667690065518
no_proximity,429,0.6744694635876478,-0.11123421774095399,1.3755,0.5602038480249442,1.9327408531392116,0.10314726829528809,4.31608772277832,1,0.5468410129330179
no_proximity,430,-0.7584789281052013,0.21197840445165217,1.385,1.6491503469252315,2.6832161622112327,0.05107879638671875,4.313313007354736,1,0.603809738716664
no_proximity,431,-0.5910617512619771,-0.5762170932335826,1.0533,1.0480457389770699,1.4839422965131488,0.05240821838378906,3.7089154720306396,1,0.24341875570629035
no_proximity,432,0.4988637792377695,-0.6574110693692938,1.2126,1.089909420891934,1.122238089415973,0.10107874870300293,3.110346794128418,1,0.31227587334744833
no_proximity,433,0.7402890741609294,0.10231150812940903,1.0879,0.9310083946406448,1.010155425419031,0.05135607719421387,4.01043438911438,1,0.39805585451261766
no_proximity,434,0.17159618147289346,-0.15756143053462957,1.479,0.7709054424998705,0.738893144886098,0.1012873649597168,3.01430344581604,1,0.7159461193831906
no_proximity,435,0.018473173963861278,-0.4755886687582688,1.259,0.5225823578524584,0.7988872960719606,0.30321764945983887,2.817286252975464,1,0.2602329454390648
no_proximity,436,0.7671801090135448,0.26498615889136656,1.0251,1.2655285315492737,1.7133826809459674,0.2542734146118164,4.115327596664429,1,0.22089852394192488
no_proximity,437,-0.04818277560771267,-0.08163313565306529,1.1246,0.9521253226702742,1.1094898751547617,0.15300226211547852,2.909999132156372,1,0.26630720624749377
no_proximity,438,0.6338944294280715,-0.5546112643283553,1.4242,0.9682592725749665,1.0327903485955918,0.15211796760559082,2.613430976867676,1,0.3278589188964821
no_proximity,439,-0.8489766246558035,-0.41158919725822996,1.2282,1.4404780395082253,1.5248019509286466,0.20149016380310059,5.515129327774048,1,0.33981443680570167
no_proximity,440,1.028880909044288,-0.07268854364517796,1.4007,1.915785236941615,2.3168006580870477,0.20125174522399902,5.110806465148926,1,0.45916278588314013
no_proximity,441,0.027575877097842483,0.4171466316842324,1.3338,1.3324435770958192,4.712132256447739,0.35195374488830566,9.218921661376953,1,0.5281947648657468
no_proximity,442,-0.5756035465765232,-0.2968952764530576,1.4939,1.0291236164176625,4.134395321315579,1.2532501220703125,9.62035059928894,1,0.592184081319503
no_proximity,443,-0.12798941884108517,-0.2009895932447714,1.2977,0.7365106217240794,0.5315774791318079,0.10255813598632812,3.0136303901672363,1,0.4447236803948378
no_proximity,444,0.8951118534795446,0.5696298592563976,1.475,1.4276325940705108,1.8220792563904757,0.10624861717224121,3.353682279586792,1,0.28050409411720306
no_proximity,445,0.49088298746352654,-0.14173330754789149,1.4457,1.0316951836237869,3.3402496267334394,1.1159746646881104,5.7408318519592285,1,0.5448996449469755
no_proximity,446,-0.7968389763566719,0.4960209771940721,1.3063,1.393747581951894,1.9955125575950632,0.5552623271942139,7.321011066436768,1,0.6064676828095126
no_proximity,447,0.4338394738118614,0.486891775730781,1.3596,1.310754944781435,1.266904370376266,0.10164976119995117,3.108070135116577,1,0.2974125390729913
no_proximity,448,-0.7408956556087125,-0.030707377847289496,1.2524,1.3355945289107538,4.789280197300738,2.105628490447998,9.219461917877197,1,0.8517538573195129
no_proximity,449,0.1422238470507209,0.19163296863227752,1.4153,0.92525666950334,3.7793296945572523,1.3533689975738525,11.027740478515625,1,0.5384953383330217
no_proximity,450,0.5467529551402361,-0.6439561223378227,1.2739,1.0289261771567086,1.3599944219405362,0.15871787071228027,3.6255040168762207,1,0.40135634465204384
no_proximity,451,1.0227857714295696,0.2703364858966756,1.4486,1.0586232207654909,1.4022837922839653,0.35485172271728516,3.2699568271636963,1,0.7181085494955314
no_proximity,452,-0.17988819864372618,0.32137395184294404,1.3718,1.297781200425603,1.2295315043870183,0.2052164077758789,3.113934278488159,1,0.41797003196278365
no_proximity,453,-0.5279152973678448,-0.6078043772937921,1.2373,1.094213842419009,2.664003467968592,0.20348668098449707,5.514305591583252,1,0.3532451696967532
no_proximity,454,-0.347677979059842,-0.7142216235435258,1.1296,0.46494022127890555,0.25610614175768637,0.10107183456420898,2.606738328933716,1,0.3174390000000562
no_proximity,455,-0.287428451039753,0.3139126051295956,1.1236,1.1555097019715614,1.3264452636065307,0.05164170265197754,2.9099791049957275,1,0.5031741877524397
no_proximity,456,-0.4653278463284098,-0.5762150614489756,1.3188,0.9730007759003996,1.089023508620295,0.05100655555725098,3.2090721130371094,1,0.37788699882512894
no_proximity,457,0.403218230518521,-0.01436486891565636,1.3829,1.0555056543345802,2.9454255858143186,0.552626371383667,8.71873426437378,1,0.7235980951935395
no_proximity,458,0.7100515278593669,-0.3406625215728744,1.2606,0.4024454907444684,0.49813972548321045,0.10117053985595703,2.610757827758789,1,0.38616846910479247
no_proximity,459,0.28136170856676257,0.28485254853617714,1.3134,0.9214055621327585,1.826771002876862,0.05185389518737793,5.020175457000732,1,0.5450604998321215
no_proximity,460,-0.6191142307021915,-0.27822044676355917,1.1373,1.0762656926787515,1.1643742891327131,0.3543210029602051,4.024492025375366,1,0.3732213295080987
no_proximity,461,-0.13536495875404864,-0.1493263628346746,1.0387,0.6591273862127238,0.8496671338051548,0.20426058769226074,2.859978675842285,1,0.2613927605405033
no_proximity,462,0.9961763104100105,-0.41228821394213816,1.1429,1.1148959477483635,1.9484374798678743,0.40497493743896484,5.823839902877808,1,0.2326386670287993
no_proximity,463,0.884885152214772,0.1443440565882531,1.1359,0.5678701385435029,0.769978036245809,0.15143322944641113,5.911833047866821,1,0.263151378391592
no_proximity,464,0.8342353327923302,0.42011070136044204,1.1599,0.3504415983683929,0.7295257217477591,0.351715087890625,4.91158127784729,1,0.17601404445891228
no_proximity,465,0.6234931027751236,-0.11021873074533162,1.2701,0.5812398320957296,1.1159680207295817,1.403724193572998,4.810666561126709,1,0.3381696291406864
no_proximity,466,0.6659188389624542,0.15856636497379228,1.0692,0.5127348106897347,0.45040589116064494,0.052161216735839844,2.810068368911743,1,0.22731368843345556
no_proximity,467,1.0786154237375754,0.5449712033670414,1.1156,0.5009831628246318,0.928188115032303,0.1511859893798828,4.615893840789795,1,0.2533781709536846
no_proximity,468,-0.6119135710130583,0.25449639631979604,1.347,1.7302774991527239,3.429042801760578,1.4051294326782227,5.974904775619507,1,0.5410273319573368
no_proximity,469,0.12960003743052506,0.4121259604873889,1.3532,0.8771007298554745,0.7961410494926694,0.1553041934967041,3.1121866703033447,1,0.525280832094695
no_proximity,470,0.29706912248928785,-0.04451260853703132,1.0321,0.7820740130963814,0.6988194633717509,0.20355653762817383,1.806873083114624,1,0.2861456310535284
no_proximity,471,0.49237066866327983,0.4569456863927498,1.2038,0.5546692469801445,0.7052623998043721,0.26643824577331543,33.12868618965149,0,0.3593915162146641
no_proximity,472,-0.5557380195200363,-0.10882003014720865,1.2713,1.2246933376421791,1.3668836200685095,0.05092358589172363,4.513029336929321,1,0.4228620360415303
no_proximity,473,0.5668471193539755,0.6197468731540255,1.2079,1.480412597239455,1.5502570998656122,0.1512305736541748,3.210207462310791,1,0.31083173739766834
no_proximity,474,0.7127406599617341,-0.46265503801989294,1.1034,1.233665815260566,1.7281003101751793,0.10151386260986328,3.511059045791626,1,0.24051859270605622
no_proximity,475,0.34788316241567485,-0.48465401463841823,1.2101,0.30675161891473063,0.3918207304330041,0.05263710021972656,1.9049859046936035,1,0.25326061387821275
no_proximity,476,0.22547695100965703,-0.7358145109920379,1.4524,0.18156425595978862,0.39452685151564115,0.10192084312438965,2.3063173294067383,1,0.22507555471760926
no_proximity,477,0.6050443573733022,-0.4647917103329638,1.292,0.6457490612125191,0.6430636842788074,0.05114293098449707,2.3055098056793213,1,0.7177152760188226
no_proximity,478,-0.22502153641792721,-0.538427818843221,1.3478,0.8967869414964519,1.2514257552718804,0.10234308242797852,2.815150022506714,1,0.5193933342153768
no_proximity,479,1.1017346571772042,-0.2369427050835904,1.4284,1.4989454270927085,1.6946909342151497,0.10117650032043457,3.315816879272461,1,0.37969798118370174
no_proximity,480,0.8834400368817776,0.07184291517264152,1.3828,0.6247313095879669,2.1052573147667064,0.20363640785217285,7.151110649108887,1,0.5636179815018334
no_proximity,481,0.5057151663566712,-0.7385781058077211,1.1902,1.010043202742402,1.3178466773443824,0.15251731872558594,4.813416957855225,1,0.19421297304879057
no_proximity,482,0.701099110591181,-0.6152308608830164,1.0029,0.43762547409957037,0.3215436072793183,0.10190677642822266,1.6072633266448975,1,0.1753898784530989
no_proximity,483,0.40008919234416074,-0.6538911611804015,1.1759,0.29627876651697643,0.3426702857977762,0.25479698181152344,1.9064264297485352,1,0.2533792315092256
no_proximity,484,0.23822830713285081,0.08619205390352902,1.3767,0.8714588037089602,0.944964718305626,0.15227961540222168,2.5066990852355957,1,0.64033514621165
no_proximity,485,-0.3382153327058792,0.3906178895874054,1.4267,0.8198313740455894,2.9331698294229454,0.101226806640625,4.810283899307251,1,0.6160286703396065
no_proximity,486,-0.7569520582384333,-0.28375655011161244,1.4767,0.8628635489364934,1.3043883869033093,0.10138297080993652,4.114462375640869,1,0.6548332810545758
no_proximity,487,0.6900348599807096,-0.03227231644922868,1.2095,1.7022656076165577,2.2182960694112888,0.10105133056640625,3.607508897781372,1,0.38876137671629407
no_proximity,488,-0.22252196234634447,-0.14665739087709528,1.3738,1.0499541394495824,0.9236050928363086,0.15161609649658203,3.108222246170044,1,0.5594471754791848
no_proximity,489,0.31268253283433034,0.26780111896464687,1.2731,0.6781115844293099,2.3465295740275076,0.455761194229126,8.317015647888184,1,0.6373346485021136
no_proximity,490,0.4005642254787496,-0.16420517477394503,1.3016,0.5243768988858379,1.696722907109482,0.15137362480163574,5.912989377975464,1,0.5179984823163009
no_proximity,491,-0.6384576695898463,-0.17979068155729994,1.1103,1.0571578562914294,1.7930789840908745,0.20178508758544922,5.6111297607421875,1,0.5374431701237374
no_proximity,492,0.2604508415722837,0.06459510182466044,1.1097,0.8623444715102617,2.2401954986611012,1.0570170879364014,9.04006576538086,1,0.26530967132442435
no_proximity,493,-0.20999862571349048,-0.7070057224769429,1.2179,0.9331922728376321,1.244754452272796,0.15260624885559082,3.018551826477051,1,0.22308222099188713
no_proximity,494,-0.33177365463388575,-0.0311597751878675,1.0145,0.8462340777066579,0.9344634801147772,0.15226387977600098,2.6087114810943604,1,0.32614840810381807
no_proximity,495,-0.35907382392803644,-0.15265153929670316,1.1681,0.14215584584581129,0.2203095165644706,0.1530911922454834,1.4054927825927734,1,0.44301291218290834
no_proximity,496,-0.5041469898286783,0.3598319076593063,1.3396,0.6426775823749512,2.164031623841805,0.15255355834960938,4.313997030258179,1,0.6692274302251966
no_proximity,497,-0.6084426946715995,-0.6322535200977107,1.2022,1.1176146253203956,1.3182792754009798,0.051752328872680664,2.711257219314575,1,0.3734540741700335
no_proximity,498,-0.007161907416714075,0.2593443061683932,1.0825,1.207448374831521,1.2915314190403566,0.10181593894958496,2.710391044616699,1,0.4433094842122788
no_proximity,499,0.336466246264685,-0.5570234909504601,1.2337,0.9786325868362232,1.2070938017721469,0.10113978385925293,2.810818672180176,1,0.2953228687310702
no_proximity,500,1.0230101789874138,-0.6482516855262773,1.0638,0.8232137940724488,0.8540025300927929,0.10245656967163086,3.7089288234710693,1,0.29138430110108565
no_proximity,501,-0.3542993348354344,-0.4036511300750722,1.3111,1.4206416330859717,1.6385659075780301,0.10114622116088867,3.7129440307617188,1,0.5099404241123012
no_proximity,502,-0.3339956428130534,0.30041321256228215,1.0135,0.8887561470621784,1.117223193991262,0.10107803344726562,3.1079118251800537,1,0.25991923536239714
no_proximity,503,-0.7434442757073885,-0.07307717989276985,1.197,0.6238864905795578,0.7837511154305917,0.10140156745910645,2.5103671550750732,1,0.3812495063603235
no_proximity,504,0.9235590325286225,-0.5516768600844242,1.2822,1.8814018501553484,2.0135427472564107,0.05248689651489258,3.1068837642669678,1,0.304766710203881
no_proximity,505,-0.18456552735497378,0.4933710169743125,1.0136,1.6841833407628328,3.725068552183702,0.5019023418426514,9.826853036880493,1,0.25930704845591
no_proximity,506,1.036447768611257,0.026671084076570928,1.3214,1.1660131697610767,3.7712523700636553,4.686629056930542,11.03697419166565,1,0.7489580298978434
no_proximity,507,-0.04295164159501208,-0.3855431952181417,1.0678,1.3275088235400923,1.2936190100425728,0.10270380973815918,2.8120369911193848,1,0.37596564195664717
no_proximity,508,-0.36455741623550086,0.15583590242537837,1.2308,0.729006742201912,1.545046502545421,0.05253863334655762,3.71012020111084,1,0.5524249166282315
no_proximity,509,0.046514188616282315,0.5925353229137321,1.0251,0.7188889218501517,0.7558443709454906,0.10124802589416504,2.109722137451172,1,0.2219476740698362
no_proximity,510,-0.646862154352116,-0.5351868573181999,1.1896,1.39168652664797,1.7952298059752134,0.051056861877441406,3.612433910369873,1,0.3957832439261193
no_proximity,511,0.8129210266411351,0.028120111100189304,1.1058,1.6906148077401133,1.9771659275933189,0.10372614860534668,3.808427095413208,1,0.37206808181553536
no_proximity,512,0.83179687221858,0.2501468526084567,1.1634,0.27907671366462566,0.40714944061389224,0.10174298286437988,3.7096993923187256,1,0.17677977383104823
no_proximity,513,0.2042927467731246,-0.6307093749439266,1.3806,1.1025579009706115,1.3903759414146981,0.05225658416748047,3.310457706451416,1,0.24452359540306073
no_proximity,514,-0.5444348613963874,0.556389253978388,1.1896,1.4166494524319058,4.876920784107777,0.4045264720916748,10.029570579528809,1,0.6253394997477439
no_proximity,515,0.04326980190320351,-0.17723414586288522,1.376,1.0365628828961264,3.698539475201838,1.5125393867492676,9.74141550064087,1,0.7596128196803762
no_proximity,516,-0.7495747041421027,-0.0388213605895642,1.416,0.6619890033213119,0.823336176038698,0.10216212272644043,2.7077994346618652,1,0.7512181659252432
no_proximity,517,-0.77002206328744,0.33734624595366147,1.1261,0.5542955512368833,0.5401416623651496,0.10237360000610352,1.8050849437713623,1,0.4530680941822823
no_proximity,518,-0.5465520074971895,-0.2892845008665623,1.041,0.794501519053614,0.8199664975653391,0.05105137825012207,2.310460329055786,1,0.28920725491471977
no_proximity,519,-0.46692531463328774,0.4631385273809042,1.0097,0.8112561942136983,1.0672482681003401,0.10146689414978027,3.106849193572998,1,0.24262768732723788
no_proximity,520,-0.39970590904178915,-0.12299714109532234,1.2697,0.6906915510545273,0.8227549870109196,0.10138726234436035,4.311097145080566,1,0.4983720285444421
no_proximity,521,-0.8191541711309405,-0.6534088916080839,1.5,0.6151515040006036,0.8436617212009097,0.10172486305236816,2.5105509757995605,1,0.38665131124703245
no_proximity,522,0.19470696354227957,-0.05900561396088522,1.175,1.4115256822450637,1.5681611384226304,0.10127973556518555,3.709538459777832,1,0.2827380053061757
no_proximity,523,0.7564084643096469,-0.2203029096846093,1.3251,0.45583601978759497,0.6298258645643988,0.05112504959106445,2.9107348918914795,1,0.5051933189812081
no_proximity,524,-0.46913487800892023,-0.023945086738425436,1.3906,1.3913742322265863,2.1053109910290764,0.10126137733459473,3.712285280227661,1,0.6298058348252685
no_proximity,525,0.27179005117645416,0.12891624171411742,1.3259,0.9399367710577616,0.7994816051560688,0.10140490531921387,3.012281656265259,1,0.4308593076243158
no_proximity,526,0.9407085155827597,-0.010618336403803608,1.3771,0.8577138822867264,2.126840313170005,0.1027219295501709,4.414357662200928,1,0.4770333328150793
no_proximity,527,0.6992439965686201,-0.3077694557092183,1.4748,0.47979795547004656,0.46947455066693494,0.10375523567199707,2.8194868564605713,1,0.616041205564073
no_proximity,528,-0.3241753060171827,0.6083585035107152,1.0997,1.6403128344849423,3.138784969159099,0.3086967468261719,4.841047048568726,1,0.2812389076146415
no_proximity,529,-0.5078663686302323,0.48534186155081416,1.0102,0.34169403867213194,0.2397712295851918,0.2059917449951172,1.4054486751556396,1,0.2674508246657752
no_proximity,530,-0.0002789847939322909,0.10241948644590804,1.0762,0.6996666869651796,0.6145031010188965,0.15220952033996582,2.9094884395599365,1,0.25281688102162725
no_proximity,531,0.7197422072451227,-0.04884589310569898,1.0631,0.8100413976966278,1.3194606485298486,0.15520215034484863,4.517178297042847,1,0.24016621651464487
no_proximity,532,1.0775066523303387,0.1747220783561837,1.3347,0.4439969343019087,1.9224530051400348,0.40222692489624023,5.913851022720337,1,0.6542860442271051
no_proximity,533,0.8749808169598043,-0.15562916879707478,1.282,0.5654617896914664,1.2656424093012524,0.3516411781311035,3.6092989444732666,1,0.4608675917152089
no_proximity,534,0.23643576497127428,-0.01835291920344262,1.109,0.8380829439345339,0.6485745271254062,0.05105328559875488,2.309765577316284,1,0.435431365547831
no_proximity,535,-0.7156161492375155,0.262076177727658,1.3497,1.0471202414316836,1.75914090523911,0.051599979400634766,4.012542963027954,1,0.5078270413387433
no_proximity,536,0.7503838844738024,5.061935013805918e-05,1.3834,1.5407580615493215,6.310356596680984,1.353738784790039,11.134743452072144,1,0.6331328337854909
no_proximity,537,0.06085477568483855,0.38592909745418813,1.0839,1.051412861488682,2.7643265033815387,0.30325865745544434,5.021908760070801,1,0.34631546014679093
no_proximity,538,0.10652907045009441,0.39501447284873803,1.3036,0.1645240032709218,0.2673377051806825,0.10491156578063965,2.026963233947754,1,0.30038477751642484
no_proximity,539,0.5382117882956075,0.39189406426090445,1.374,0.49307562367407387,0.4114410891267116,0.051625967025756836,2.1089370250701904,1,0.33789448259681626
no_proximity,540,-0.5916115162937101,-0.264928500486103,1.0573,1.444736107978343,1.549046453112653,0.05086684226989746,3.1111650466918945,1,0.3136720176756436
no_proximity,541,0.417574513235478,0.11015585171536446,1.4097,1.201978823155487,1.1657204830689267,0.10126876831054688,3.110670328140259,1,0.37552999114740604
no_proximity,542,0.061091165783162205,0.6022901848328225,1.4824,0.41298285165563,0.6728104354675836,0.10128664970397949,3.6107513904571533,1,0.3715041607203647
no_proximity,543,0.46718392803351017,-0.2963070827968456,1.054,1.2231861755104443,1.7603289875992074,0.10165572166442871,3.711329221725464,1,0.27220604889850913
no_proximity,544,-0.5263849915172485,0.4327829937365505,1.0128,1.1856924369331112,1.280762021333211,0.05116009712219238,3.1099538803100586,1,0.3094610650057492
no_proximity,545,-0.31947479268335854,0.14031974442066442,1.156,0.44008038642444564,0.35964599158101795,0.050931453704833984,4.012476205825806,1,0.46401697990437735
no_proximity,546,-0.2678742387870786,-0.4508266268661139,1.3387,0.680746929940949,0.7922262403429857,0.10168814659118652,3.207159996032715,1,0.5436335370563653
no_proximity,547,0.421568650833003,0.5462308205482153,1.4791,1.3513225124387978,1.7422087941540862,0.10131120681762695,3.109266996383667,1,0.3179432827551676
no_proximity,548,0.6897026343280379,0.1706892573760176,1.1983,0.7654607587653535,3.307508080341825,0.15337395668029785,5.72470235824585,1,0.395046630116263
no_proximity,549,0.45639144219736316,0.02704542696712453,1.3575,0.40720550188147453,0.3423338820306796,0.1531836986541748,3.3124680519104004,1,0.38551268606901123
no_proximity,550,0.039430093522217935,0.4449103994841487,1.038,0.9013095218241625,4.257683972710486,1.8643395900726318,8.226309061050415,1,0.6032584052972522
no_proximity,551,1.0630182511081268,-0.5908699047696422,1.3453,1.5608645847522276,2.8235740187490928,0.20257854461669922,6.521299839019775,1,0.5417655880817859
no_proximity,552,0.593489967360056,0.5184371827216331,1.3136,1.2988186384833205,1.6327233389486746,0.10156393051147461,4.710478782653809,1,0.5517775075164788
no_proximity,553,-0.2938234672245187,0.5083982020987395,1.051,1.0901918668536967,0.901915501341976,0.05161476135253906,2.708625078201294,1,0.4811661355650754
no_proximity,554,-0.8373110067998992,0.5799014306197118,1.3862,0.5904374264024579,0.8967635699329187,0.10113883018493652,2.7061026096343994,1,0.552629965155448
no_proximity,555,0.7708602257502346,-0.3561898733778862,1.4251,1.9270372295987248,2.54167111865147,0.10244226455688477,5.320234775543213,1,0.7381946811832523
no_proximity,556,0.5217056073272972,-8.029308989310202e-05,1.3002,0.654831635548516,2.5972159549163742,4.8009727001190186,9.5319344997406,1,0.7217912129597254
no_proximity,557,-0.8484152000983621,-0.09891281545176889,1.0605,1.546524710414032,2.281674251343383,0.10170745849609375,4.11330771446228,1,0.33772968311501944
no_proximity,558,-0.2838746651215207,-0.330911140789403,1.4919,0.7789492382748006,1.4117058672095595,0.10202717781066895,3.310441493988037,1,0.43145885805317674
no_proximity,559,0.9165378804705187,0.4280105634134833,1.3913,1.4671417438433054,3.1327053891445344,0.8026854991912842,8.317488670349121,1,0.5208794095102598
no_proximity,560,0.8955435513127907,-0.4883563333275463,1.1736,1.0758548680936377,1.8449085516690962,0.20139598846435547,4.416550397872925,1,0.5621533090722941
no_proximity,561,0.701854148383777,-0.6953630535178119,1.2142,0.43536858150721364,0.33442776932393053,0.05237078666687012,2.107234477996826,1,0.2934134915897994
no_proximity,562,0.8229896579860032,-0.02653362325410802,1.1853,0.8083833184080846,0.8131029052195945,0.10171270370483398,3.213484048843384,1,0.5904984995270841
no_proximity,563,0.31417540320723125,-0.5850820620401551,1.253,0.8466305550513986,0.8122431109335978,0.20281767845153809,2.4131839275360107,1,0.4900339504551163
no_proximity,564,0.45335492114327147,0.3964400622612222,1.1706,1.1015410234600322,1.1775016923923667,0.20380425453186035,4.063541650772095,1,0.457954754960209
no_proximity,565,0.15257866917849183,-0.15159273821895947,1.4248,0.6828393131846048,1.3335466878079612,0.36371445655822754,3.9224653244018555,1,0.43252571017531305
no_proximity,566,0.6608294776571699,0.08404279421479088,1.4112,0.6257561792344082,3.2972198203419665,3.8799045085906982,9.023087978363037,1,0.5447976459393022
no_proximity,567,0.3302515450205705,0.12441657794839256,1.0528,0.7233889902647479,2.163124303315583,0.10138726234436035,4.611355304718018,1,0.3737258877691677
no_proximity,568,-0.402406865681134,-0.03901216965208354,1.4804,0.7533753986073374,0.7783739059570768,0.30155515670776367,3.7097551822662354,1,0.5879884071086056
no_proximity,569,0.09355613000734608,0.15315613261547922,1.3178,0.5557081562789016,0.556070117914634,0.051568031311035156,2.7068395614624023,1,0.5656007445533193
no_proximity,570,0.6008031418619415,-0.04739043425359135,1.4144,0.5544546395721708,1.9737279694827166,0.15160322189331055,4.2096545696258545,1,0.45752150293096305
no_proximity,571,-0.36879588677145925,-0.24581384993613936,1.3537,1.1758146580713862,1.052040411328576,0.05115771293640137,3.109271287918091,1,0.5065002311692065
no_proximity,572,-0.5954722386493243,-0.36265714109474584,1.2177,0.44275434426051846,0.9060223197000528,0.10134077072143555,3.315192699432373,1,0.40501140547808684
no_proximity,573,0.08240537717814755,-0.47356174269744805,1.3669,0.8131526627202519,0.7017398048289922,0.10155868530273438,2.558795928955078,1,0.5073743477706308
no_proximity,574,-0.46274070953503815,-0.033229208515224706,1.4827,0.6634335133812194,1.417563877561222,0.9111995697021484,6.247089147567749,1,0.5626974783838742
no_proximity,575,-0.4388056203601179,-0.6925448479238717,1.135,0.8034059207772872,0.7203081285419145,0.20699548721313477,2.5102202892303467,1,0.16031701972580614
no_proximity,576,0.717724816927189,0.042994835989419444,1.4041,1.2692636317725712,1.3293934103013034,0.15247559547424316,3.008789300918579,1,0.5468080929029077
no_proximity,577,0.973735871915842,-0.19750133334009856,1.2691,0.4907064357539887,0.34612801439861285,0.15230917930603027,3.215848445892334,1,0.47911923026873987
no_proximity,578,-0.647372304129376,-0.26866340179047504,1.2417,1.5446022454702082,1.6653327103309068,0.10168170928955078,3.512004852294922,1,0.3737588983309718
no_proximity,579,0.10520932223411517,0.22190354452750682,1.2178,0.8180972775143166,0.8502891471563917,0.1013343334197998,3.2078399658203125,1,0.4392172140414635
no_proximity,580,-0.32848211642031233,-0.20085247212883384,1.3655,0.6369016232492636,0.5902399070747334,0.05097079277038574,2.204772710800171,1,0.4952749568834523
no_proximity,581,0.9258850070670919,0.23808085349746078,1.1342,1.2967970698340132,4.121042813752455,0.551947832107544,9.420212268829346,1,0.6588950983087993
no_proximity,582,0.759752541526606,0.569253142780375,1.4259,0.37562269549031446,0.47228715810100835,0.1012275218963623,3.2088518142700195,1,0.5179862472149499
no_proximity,583,0.3883475157035128,-0.6727399858985535,1.4154,1.3679528874585574,1.6795689725331029,0.25307655334472656,5.126571178436279,1,0.3803867989124763
no_proximity,584,0.3237225877456864,0.2003745411388418,1.0433,1.1305482604732169,1.1097423698147268,0.254119873046875,2.6128501892089844,1,0.4967145180690886
no_proximity,585,0.031260760749884264,-0.23592114810050058,1.4408,0.6039022144404254,0.69882472046435,0.20498061180114746,2.0092461109161377,1,0.5807833771272097
no_proximity,586,0.6158348907562847,-0.645435468931307,1.1219,0.9326821188157729,0.8193399641461747,0.1559755802154541,3.1092026233673096,1,0.34338015393248383
no_proximity,587,0.9935003604287094,0.17561881659728396,1.2324,0.9678608483217842,1.065678207414299,0.2552015781402588,2.5071280002593994,1,0.5385947931783501
no_proximity,588,0.30363568817532327,-0.7290797531458806,1.3052,1.2061203539450585,1.3091579086992198,0.7545568943023682,3.0103697776794434,1,0.4303233970427328
no_proximity,589,0.34112061425943163,0.4574618674227583,1.1895,1.3181689006019166,1.3776661888042085,0.10126090049743652,5.3123602867126465,1,0.6017278642369961
no_proximity,590,0.9156624550405383,-0.6517061578551653,1.0143,1.3796511824038495,1.5221621392021993,0.10141706466674805,3.010448932647705,1,0.3505789247604804
no_proximity,591,-0.8497974975313481,-0.16312492658462396,1.4255,1.923590642852978,3.11477750151106,0.8031899929046631,8.115695714950562,1,0.7532342245091004
no_proximity,592,0.27101017550787976,-0.6829025146475063,1.0909,1.4609383429846794,1.4642243248402258,0.10117244720458984,2.3079657554626465,1,0.2057721493655791
no_proximity,593,-0.19284230601179142,0.25888437189294156,1.1061,1.1054788346031232,1.4512488663298222,0.10143089294433594,3.3091516494750977,1,0.30434118583462505
no_proximity,594,0.4995207824584045,-0.15227469966593643,1.3989,0.9269387539310647,2.334097742911966,0.25227832794189453,5.220109701156616,1,0.5884016123819973
no_proximity,595,-0.26588664542158247,0.34106560973117006,1.1702,1.1507316979906181,2.4860486590233406,0.25285935401916504,4.514022588729858,1,0.4558748770062898
no_proximity,596,0.7570411446105278,0.4352906519466039,1.4402,1.1109911182247774,1.4702312134843263,0.1554577350616455,2.921635627746582,1,0.5046885950628639
no_proximity,597,-0.2410059660875028,0.05694107782031255,1.3506,1.2727297262185155,1.6745010196130992,0.1551210880279541,3.2094781398773193,1,0.4298851579678632
no_proximity,598,0.5254711797600604,0.20286849540819618,1.1381,0.9997359502838999,0.9280434654646748,0.10172176361083984,3.106924295425415,1,0.28658232873706774
no_proximity,599,-0.0196908511679047,-0.5470756460314574,1.0051,1.0231460852552068,1.2168512881020859,0.10169482231140137,3.0100209712982178,1,0.2441947354284237
no_proximity,600,-0.5668607810033723,-0.7080347778894983,1.474,0.6146559965667333,0.7540250697586007,0.10119056701660156,3.1115825176239014,1,0.2954870678932607
no_proximity,601,-0.19792254183587987,-0.6444678647233275,1.0428,0.6962280879067865,0.5792870125422869,0.10143041610717773,2.6125621795654297,1,0.18942537833625894
no_proximity,602,0.4690531079547886,0.08934068874799661,1.36,1.083643230750072,1.4433697945527149,0.10102415084838867,4.1085364818573,1,0.674471831764257
no_proximity,603,1.085287284920383,-0.11920177247653807,1.2443,0.546332885863524,0.6499903352675058,0.05142927169799805,2.5102975368499756,1,0.5172378749852476
no_proximity,604,0.08943878472492639,-0.7051645468993544,1.3791,1.2356172980878757,1.3397684213202203,0.05170845985412598,2.3063411712646484,1,0.2652696940179343
no_proximity,605,-0.11150229486214391,-0.6894194787220714,1.3453,0.29944127607091775,0.29180622723902666,0.10175156593322754,3.7192416191101074,1,0.3349469184511633
no_proximity,606,-0.5558305759299493,-0.7109142196450725,1.323,0.4051518047717462,0.4199272459745005,0.1571824550628662,2.3103418350219727,1,0.23684879970814748
no_proximity,607,-0.29971686195019875,0.4937142934646447,1.2454,1.3832809091118272,1.8669681120923025,0.20453190803527832,3.4122135639190674,1,0.4392023145148199
no_proximity,608,-0.2507179661580867,0.477666645752128,1.3965,0.17914517170322894,0.17379800516074698,0.15298962593078613,1.807593822479248,1,0.42671248947021945
no_proximity,609,1.0773140894831401,-0.34673092843704334,1.0465,1.7764464895578975,2.4467925548674363,0.10270428657531738,4.012864589691162,1,0.28543640170718254
no_proximity,610,-0.10891540481141992,-0.27530811875430916,1.1108,1.2204953575117152,1.2973574065799793,0.10108733177185059,2.910050392150879,1,0.17999558837828236
no_proximity,611,0.22445616397957813,0.0013024122513455305,1.3459,0.5594203992150386,0.9065592845317911,0.10176920890808105,3.2079017162323,1,0.4640090658527697
no_proximity,612,-4.524368077551966e-05,-0.32759411539104755,1.1531,0.579134148393728,1.1302110271518713,0.10143470764160156,3.4108893871307373,1,0.29088713134371885
no_proximity,613,-0.7587424920815327,-0.27247647708110384,1.2908,0.6439006850725234,0.8258119780971268,0.1010282039642334,4.811958312988281,1,0.26635637535868323
no_proximity,614,0.232378893627587,-0.26584134837208256,1.2366,1.1823930481112,1.312351333131198,0.1015174388885498,2.8099308013916016,1,0.3092593863642918
no_proximity,615,0.007094710918766123,0.11744595763254173,1.2655,0.6149981337046678,0.5426242483980034,0.05299115180969238,2.105318784713745,1,0.42665431996074377
no_proximity,616,1.0968075067992018,0.4665524831926259,1.2128,1.0115694402863105,2.5451114941086583,0.6020164489746094,8.930607795715332,1,0.5400471838263396
no_proximity,617,0.3571490710123255,-0.46639716385197666,1.373,1.2617702952730434,1.3401736559507569,0.3065345287322998,4.625087261199951,1,0.44017322880900944
no_proximity,618,0.06953224629889043,0.0031157783578292797,1.1654,0.7690951515962428,0.5967472420988269,0.20317888259887695,2.407379388809204,1,0.490933974255633
no_proximity,619,0.9295390388776137,0.2492248055164148,1.3514,0.8546125988365295,0.8931728808775221,0.25467538833618164,2.8231942653656006,1,0.6113009779742359
no_proximity,620,-0.6140470545418966,0.34316045733369205,1.1355,1.6634158576483846,1.9320029961672318,0.2029416561126709,3.911146640777588,1,0.424754350555458
no_proximity,621,-0.32642867972581047,0.4621224583189917,1.1257,0.49861427508582773,0.7119604155257045,0.10184407234191895,3.207331657409668,1,0.41068124102102294
no_proximity,622,0.04402304923960998,0.6048766575955294,1.0603,0.5358784078398724,0.4055094081621255,0.10160326957702637,3.0091946125030518,1,0.3642091498921415
no_proximity,623,0.2938658768642759,-0.227296706518467,1.0963,0.9951052333303778,1.0674291992174776,0.05164074897766113,4.011313199996948,1,0.6070725007813121
no_proximity,624,0.6368840153105959,-0.21189334362515966,1.0598,0.4643895626231944,0.3424784275695341,0.15155291557312012,4.510791063308716,1,0.5091007817561798
no_proximity,625,0.2711670359400662,0.4463029980881349,1.2679,0.8100785003400091,1.6643338029290133,0.10103893280029297,3.910752534866333,1,0.47181206413309673
no_proximity,626,0.7671425036146926,0.30746118985558224,1.3811,0.5950060453799438,0.9970411400772778,0.10124921798706055,3.1107821464538574,1,0.5276105667616102
no_proximity,627,-0.4756595102227057,-0.5928709750345802,1.0926,1.668345991930586,2.0125112530140856,0.15146136283874512,4.51199746131897,1,0.3338770927208176
no_proximity,628,0.8056922690383939,0.4841059419385002,1.1082,1.7035843898855876,1.8750922153622975,0.1017448902130127,3.1068761348724365,1,0.5877284411536509
no_proximity,629,0.015568367742194722,-0.0416657601081849,1.2421,1.060180272966514,1.0226554035621445,0.15114307403564453,2.7111921310424805,1,0.37761312031143407
no_proximity,630,-0.8351119008402077,-0.08781707453131926,1.3623,0.9022243052912156,5.292816500487008,1.4064033031463623,12.745800971984863,1,0.6956573302860035
no_proximity,631,0.499599279306548,-0.5582861321932405,1.4883,1.572753944660721,1.5092427312519197,0.15247583389282227,3.715550661087036,1,0.43926639732014894
no_proximity,632,0.7213945456207789,-0.35998393530240413,1.2623,0.6040848184569154,0.7456681506602776,0.10381722450256348,3.1088039875030518,1,0.4941966453468085
no_proximity,633,-0.8554329689051047,0.6280058557070382,1.1415,2.012772763098732,9.221086609228227,4.11302375793457,21.44512367248535,1,0.32727181032162395
no_proximity,634,-0.28906435644184514,-0.7233308084854596,1.0503,1.5865774506851762,2.766153843224499,0.10114192962646484,4.414145231246948,1,0.23844962391635627
no_proximity,635,0.5946236935318749,-0.5467237052486478,1.0971,0.9413736998237191,0.9326187423761544,0.10100460052490234,2.3056440353393555,1,0.36511667691007893
no_proximity,636,0.4322273020580487,0.30964329166113547,1.1137,0.9843261290091875,1.047001437836791,0.10191535949707031,3.215503215789795,1,0.722647362293532
no_proximity,637,-0.6973854569120961,-0.07299938951725227,1.0897,1.3413496350071972,2.60343266590163,0.2041182518005371,4.431850433349609,1,0.48714756199829096
no_proximity,638,-0.06611493855300599,-0.652302474151308,1.0071,0.9823925776478358,1.117744041340946,0.2039637565612793,3.510774850845337,1,0.26018450963980316
no_proximity,639,0.7289221862382782,0.559123347675183,1.2671,1.5067466030620285,1.884176852910529,0.15305781364440918,3.7199549674987793,1,0.49402014385787135
no_proximity,640,0.16274681988542894,-0.33139675849137723,1.1372,1.1979302424959515,1.1339472781880473,0.15426063537597656,2.606733560562134,1,0.5815779312408538
no_proximity,641,0.7017298091806639,0.2285368197644434,1.4871,0.7427286910701932,0.8181021919565729,0.1513829231262207,3.710482120513916,1,0.6945042853163574
no_proximity,642,-0.0745051538221132,-0.3372708611781259,1.2767,0.9837207814567289,0.9878051876011751,0.05116105079650879,3.0111827850341797,1,0.6798729714113282
no_proximity,643,0.7195027972144252,0.5337593456901674,1.3487,1.1815146730929826,1.3618831774098654,0.1014103889465332,3.711574077606201,1,0.5479039856771907
no_proximity,644,-0.2357955201266979,-0.08837558076363028,1.0631,1.328718133098302,1.1524748470083537,0.10109519958496094,3.1095967292785645,1,0.4764226782093489
no_proximity,645,1.0673405702764713,0.08619951396360237,1.4342,1.240781713011807,0.0,0.05168008804321289,0.0,0,0.0
no_proximity,646,-0.6293712152816018,0.4780175762846578,1.2454,0.7437689286875666,1.366562911673997,0.10188055038452148,3.6093060970306396,1,0.4048553058669568
no_proximity,647,0.288184010714875,0.11545302747263908,1.4364,1.034581442513647,4.5328769858429805,0.6521413326263428,13.542460918426514,1,0.8302183020962944
no_proximity,648,-0.39349140961462037,0.2379709170640545,1.287,0.8867943622306156,2.8320954025937173,0.357708215713501,5.150384187698364,1,0.6579085599178073
no_proximity,649,0.22205691740243627,-0.02828656796502782,1.2347,0.8235675949532534,0.6702675266112816,0.15865516662597656,2.308706283569336,1,0.5603474233830104
no_proximity,650,-0.3350666079546122,-0.060540489048141355,1.2202,0.44395803063396005,0.5203986241989618,0.35307908058166504,3.715956211090088,1,0.3088740483069272
no_proximity,651,0.37478335523942197,-0.6683477841533301,1.0922,0.9424091759540804,1.6066729436410685,0.8575735092163086,5.4127373695373535,1,0.21251212472137262
no_proximity,652,-0.8727330384651101,-0.040708562688046235,1.0257,1.4098091944169255,1.5051590322578312,0.1014864444732666,2.716428756713867,1,0.461312071998658
no_proximity,653,0.5282273981372294,-0.6568644598915563,1.4705,1.6427079774443405,1.9630543274968506,0.1526930332183838,3.412433385848999,1,0.3771821903212986
no_proximity,654,-0.38379509124182976,0.2750021731529463,1.2389,1.4866710863477477,2.1021032976180765,0.05110764503479004,3.8129169940948486,1,0.48319718195764705
no_proximity,655,-0.159016372937552,-0.37147962450766187,1.4111,0.8219115522939596,0.8982854811663735,0.1015937328338623,2.3094184398651123,1,0.5404437593801679
no_proximity,656,0.6906641590600464,0.48243232696994964,1.2004,1.4131898029015169,1.6882041639801548,0.10163521766662598,3.111752986907959,1,0.27437694095269405
no_proximity,657,-0.12515561704495182,0.5816437442574088,1.037,0.87371111649572,0.8544613158649439,0.10183835029602051,4.711269378662109,1,0.25578763972173163
no_proximity,658,0.10573942818563264,-0.21037054130394084,1.3147,0.9176930698513587,1.0142507686097324,0.10104155540466309,2.6118428707122803,1,0.6343889384141992
no_proximity,659,-0.8643519995530874,-0.5136064560613489,1.0268,0.9587227801662935,0.0,0.051921844482421875,0.0,0,0.0
no_proximity,660,1.0417061551650382,0.302665923804576,1.0746,1.259266545554133,2.0047166224023574,0.10103154182434082,4.111961603164673,1,0.3348099103451726
no_proximity,661,-0.2822605224766237,-0.5982285968273232,1.2814,1.7042775521016842,2.9406472069808958,0.10119962692260742,4.818152666091919,1,0.3142407857911137
no_proximity,662,-0.7774953234364869,-0.24829065985205573,1.1519,0.672435932098393,0.7239681657816787,0.30767035484313965,1.9122545719146729,1,0.4302021781956638
no_proximity,663,-0.015330852408945383,-0.11412074251113002,1.497,0.9269996383428397,0.8069156457813699,0.46076321601867676,2.911470651626587,1,0.7140616611425358
no_proximity,664,-0.14003012663341596,-0.6710642022624129,1.0592,0.813796615522226,0.8669857405163485,0.253525972366333,2.3115715980529785,1,0.19870178833545904
no_proximity,665,0.756560535670151,0.4253781535387363,1.3822,1.50372115533918,3.0650946439603026,0.25290393829345703,4.94013237953186,1,0.4900220214777621
no_proximity,666,0.06306253585102972,0.4663353579041206,1.3032,0.8735921788476356,0.7239949438026423,0.10214114189147949,2.3088786602020264,1,0.3915745702735849
no_proximity,667,0.3315647063048961,-0.33725576981630173,1.3954,0.9108074712140264,1.723863853259285,0.15250587463378906,4.113239288330078,1,0.4191009633815207
no_proximity,668,0.5909001620182794,-0.30932802966915707,1.1128,0.6196978180402671,0.46088442174851424,0.10133218765258789,2.7089736461639404,1,0.21848203756320667
no_proximity,669,0.5405760426661483,-0.469278212295571,1.2613,0.1266518848028166,0.2695098361337255,0.05135154724121094,2.0356285572052,1,0.33841859456955986
no_proximity,670,-0.14404817226730493,-0.6631816578415994,1.2253,0.5928055482904837,0.6339473374618723,0.0513453483581543,3.1124024391174316,1,0.22713088021581873
no_proximity,671,-0.3426313147251605,0.40494983016977526,1.2214,1.2108940547589835,1.6703820238485259,0.051111459732055664,3.3111824989318848,1,0.5583410247090018
no_proximity,672,-0.20438112630365834,-0.7164438351192162,1.4301,1.2356266419565154,1.5507717388864042,0.1014094352722168,2.906337261199951,1,0.4216003194789233
no_proximity,673,0.1038576063748392,-0.18750588727180983,1.495,0.7512695644654401,1.0229889962600878,0.053052425384521484,2.7117745876312256,1,0.6306458868569783
no_proximity,674,-0.8533309865246298,-0.10533325091088563,1.1527,1.233783731887091,1.9278544423280852,0.10105729103088379,3.71108341217041,1,0.49861468320537594
no_proximity,675,0.46988877410364527,-0.31449905922220245,1.3105,1.4618955637397675,1.3254028507725883,0.10177731513977051,3.1151154041290283,1,0.2664247242414777
no_proximity,676,0.16020876645050341,0.5980429931856396,1.3048,1.0141140995532014,1.5510005996880116,0.10263466835021973,3.4212517738342285,1,0.2610086491876018
no_proximity,677,0.6534535757025641,0.3660317083393486,1.37,0.5829954103014946,0.4831001915142752,0.15422677993774414,2.5160224437713623,1,0.26199588405640883
no_proximity,678,-0.8382112158073415,-0.3399939687875041,1.4738,1.7505382143878376,2.2060801756531503,0.2538301944732666,5.019697427749634,1,0.774152101749297
no_proximity,679,-0.18307453434045307,-0.23223020879870215,1.1039,0.9582722181407329,0.811247874912709,0.20371031761169434,2.307173013687134,1,0.4150086674856255
no_proximity,680,0.40828122592637817,0.5955431658036748,1.1055,1.1000410347775587,1.2716201565568568,0.1526482105255127,2.7064003944396973,1,0.2670036243927983
no_proximity,681,0.9079471184655314,0.33311461987231217,1.3302,0.6333498395874431,0.8382806233675663,0.10203742980957031,4.111523389816284,1,0.3023838049497367
no_proximity,682,-0.08415350936417543,-0.3267937885831933,1.0785,1.435138560523865,2.61264950865087,0.10139226913452148,5.316953182220459,1,0.2726117490175665
no_proximity,683,-0.3842315954735552,-0.07787810621818292,1.0869,0.4842048341230484,0.7442662867917649,0.05189180374145508,3.508603096008301,1,0.2883780775823026
no_proximity,684,-0.7583523011957277,0.5730031865577921,1.0375,0.696292785160131,0.8739542373616734,0.10123562812805176,3.3087408542633057,1,0.21695728861157598
no_proximity,685,1.0918119009002851,0.005118725267561297,1.0013,1.9260037180462004,0.0,0.10274076461791992,0.0,0,0.0
no_proximity,686,-0.14822075694596204,-0.4333261377587037,1.2253,1.2250848126784135,1.705748542370692,0.10107064247131348,3.810330390930176,1,0.3121497179549473
no_proximity,687,0.36062383758380534,0.3305362297967972,1.2969,1.063425362886909,1.1918464845827945,0.05159258842468262,2.7116849422454834,1,0.46298812461492334
no_proximity,688,0.7346473120081394,0.13080176764296303,1.1456,0.6370396704113158,2.558088851150626,0.10104799270629883,5.013489723205566,1,0.41818716290539837
no_proximity,689,-0.35786833114070526,-0.26870590552895474,1.1157,1.2877501934503393,1.3315807340922658,0.0510861873626709,2.7092103958129883,1,0.2726674063113464
no_proximity,690,0.05851674748903035,0.4800539227821242,1.3535,0.9643424360062928,1.7076884776057282,0.10184431076049805,4.014917612075806,1,0.4145543349447669
no_proximity,691,-0.5810453662390808,-0.7322256542793862,1.3515,1.4943235098874088,1.9465717625994814,0.10250449180603027,3.411614179611206,1,0.30021800897760903
no_proximity,692,-0.6068672455116899,0.5732014823320027,1.227,1.4418256988499765,1.909711130187916,0.21256804466247559,3.325465679168701,1,0.44327915305385257
no_proximity,693,0.11919627802863031,0.19079833717803818,1.3437,0.913351110551357,0.7608259895476237,0.10360598564147949,2.912950038909912,1,0.6170898896629048
no_proximity,694,0.7264056029320753,-0.11142046806674344,1.462,0.8405117309580403,2.153714742491172,0.15243148803710938,4.211455345153809,1,0.5101646806900553
no_proximity,695,-0.7859903136815638,-0.5152598025271058,1.3939,1.727123949876844,1.8560174697416123,0.10202217102050781,3.1083052158355713,1,0.26129714247086566
no_proximity,696,-0.7739415651965167,0.4161746384072059,1.3125,1.1387330821800874,1.5542195093177562,0.3026440143585205,4.81386923789978,1,0.2532052840494685
no_proximity,697,0.8192017148186501,-0.4105234229443796,1.3306,1.8599056922531536,2.9872356708525705,0.10135269165039062,5.215527772903442,1,0.519930009687245
no_proximity,698,1.0127338841371516,0.6238817099092168,1.4668,1.1693696097458104,3.416499782929945,0.7030355930328369,8.51724100112915,1,0.49843169186931957
no_proximity,699,0.25582784310199935,-0.3863895899160518,1.2126,1.2304377578166743,1.5021250434031763,0.15125727653503418,4.011007785797119,1,0.5795432201895458
no_proximity,700,-0.7281523440624563,0.11209964558409624,1.2723,1.0062589860000493,3.207010782818038,0.5517613887786865,10.433100700378418,1,0.39596579523571235
no_proximity,701,0.6979235204835756,0.5044529426531971,1.3238,1.5921103992310233,1.7051254006898424,0.15397882461547852,3.126513957977295,1,0.25885140769813864
no_proximity,702,0.16053300394595738,0.5998210655803261,1.4542,0.5956967705799956,0.6132764071876478,0.1032710075378418,2.1087634563446045,1,0.29750310336101615
no_proximity,703,0.07221601101951647,0.2439870349611335,1.4133,0.5772739742204834,0.5128810772448508,0.20689678192138672,3.24229097366333,1,0.5764799981456337
no_proximity,704,0.4482021494703994,-0.5194505520070305,1.0357,1.1414344229664912,1.2486909398640074,0.10264706611633301,2.608900308609009,1,0.272996177454603
no_proximity,705,0.11581120711023685,-0.7263703175496284,1.083,0.3151656075207855,1.8503181199327274,0.15249133110046387,5.012991666793823,1,0.258633409427989
no_proximity,706,0.9627166436317918,-0.42879810482464153,1.1538,0.9002169525599237,0.9045939833006718,0.1011512279510498,2.3051817417144775,1,0.2259373868104825
no_proximity,707,-0.23545008049477467,0.42220983111243904,1.3745,1.4856251610467743,2.2034949699249955,0.1010122299194336,3.9093761444091797,1,0.40166464401275165
no_proximity,708,-0.02331259440488853,-0.7029207447514066,1.2846,1.345065711734576,1.8957625676668552,0.051117897033691406,3.5122079849243164,1,0.22458266373444072
no_proximity,709,-0.6381278000284636,-0.34607209393880634,1.1443,0.7923210809928192,0.6743545046917107,0.10123801231384277,2.905914068222046,1,0.29103015562342377
no_proximity,710,1.0956314405683147,-0.6812918751800238,1.0622,1.733114711481742,2.076140174700614,0.251361608505249,5.111056804656982,1,0.3131281543277018
no_proximity,711,-0.09514787489317056,0.2933600733788092,1.3443,1.5635234971298866,2.104803053355297,0.25144267082214355,3.9106545448303223,1,0.5274830087284894
no_proximity,712,0.2708569655279518,-0.2523155271211091,1.3499,0.8336269103093807,0.7783601446218628,0.10127067565917969,2.1057116985321045,1,0.5717553796420916
no_proximity,713,0.24499472514803222,-0.25031319386482426,1.4713,0.14395356769883624,0.13937184355698737,0.15152406692504883,1.0050153732299805,1,0.6465184034448767
no_proximity,714,-0.49326278155357534,0.5186605050920506,1.2502,1.0302720995673185,1.1547492346777675,0.10166287422180176,3.608198404312134,1,0.43862243759358804
no_proximity,715,-0.4352697841673163,-0.6895102303905329,1.2469,1.340285573245417,1.8787084663093887,0.10129451751708984,3.41426157951355,1,0.22673226837734034
no_proximity,716,0.8449388426308926,-0.35487420577556533,1.0402,1.434733621824846,1.4013711027329894,0.3068208694458008,4.426202058792114,1,0.2772788360981379
no_proximity,717,-0.007630675878305571,0.054042058835830686,1.0199,1.011786777370479,0.9128571016571712,0.15409421920776367,3.117515802383423,1,0.23778787985659117
no_proximity,718,-0.31309279724180683,-0.2579087619411845,1.216,0.48968565631418887,0.5106931333233983,0.25359463691711426,2.617781639099121,1,0.5294015605837387
no_proximity,719,0.8960504068781925,-0.1666784563026511,1.1612,1.134703675800446,3.239315174792243,0.25286269187927246,6.318911790847778,1,0.5850459038353708
no_proximity,720,0.1131239869535745,-0.4617695301552918,1.1252,0.8378382807723578,1.91616321139477,0.301591157913208,5.011694669723511,1,0.35573991868302646
no_proximity,721,-0.21583876644882194,0.431811497025791,1.0457,1.0828905203112706,2.1236497650052675,0.6018881797790527,4.510226488113403,1,0.2665028287517353
no_proximity,722,-0.736226951441398,0.5496379311712704,1.481,0.6124898469326837,0.7764172075387086,0.10100197792053223,2.808866500854492,1,0.4651931087404776
no_proximity,723,0.7341613475576942,0.4054248249490492,1.418,1.5762695035575074,1.790572523661268,0.10123229026794434,3.6099867820739746,1,0.5435171454152286
no_proximity,724,0.6553654210184392,0.15649004375382158,1.2876,0.4797708724978213,4.278864553509983,0.7523341178894043,10.732152700424194,1,0.7949013970530006
no_proximity,725,0.19548540352276933,-0.3548828861676149,1.4754,0.7637245088364594,1.827523471203455,0.7614424228668213,5.7568628787994385,1,0.7029625092538223
no_proximity,726,-0.6195679999771684,0.30886123520879283,1.4998,1.1252150319572531,2.256247136940759,0.20288634300231934,5.818968772888184,1,0.5600021782059832
no_proximity,727,0.16261517891163635,-0.667932306918664,1.3361,1.3471818117078351,2.919657289027702,0.10120558738708496,5.217626094818115,1,0.4257677996017256
no_proximity,728,-0.2700781376808913,-0.3253829881615924,1.1348,0.7976862591410943,0.8301103355301798,0.05120062828063965,2.61271333694458,1,0.4253458222043643
no_proximity,729,0.5725613818824087,0.5854457167242183,1.0201,1.371939064551228,2.647750937490485,0.10120844841003418,4.710680961608887,1,0.35701478280356347
no_proximity,730,0.5974385200321732,0.422736470870381,1.3781,0.2556970546865844,0.41122063095773237,0.10153436660766602,2.805504322052002,1,0.5840610288926241
no_proximity,731,-0.2282650443663523,0.23614171167735676,1.2353,0.9897735117350737,0.8458795082425754,0.05143618583679199,2.806654691696167,1,0.5283534737869194
no_proximity,732,-0.13779492183130937,0.4962658303333324,1.3258,0.337578508357177,0.28892995998774795,0.050905466079711914,2.7103846073150635,1,0.4921796468506241
no_proximity,733,0.6219200506898841,-0.2027497937876348,1.458,1.0557787777905427,5.173152454564743,1.2059223651885986,11.251681566238403,1,0.645744356992645
no_proximity,734,-0.7175005720594603,0.005138821808710725,1.0907,1.6039060765701227,2.2801444909834934,0.15244293212890625,3.9136271476745605,1,0.425117655209152
no_proximity,735,0.6742120639374543,0.05910380042638941,1.2927,1.4967269643600707,2.422293576256848,0.10236096382141113,4.312515735626221,1,0.515552501848695
no_proximity,736,-0.34712359536506443,0.08353503015795838,1.3174,1.1870703704152785,1.0100707081181175,0.05141115188598633,3.2117910385131836,1,0.4972453218777286
no_proximity,737,0.6313484699584673,-0.602143065372664,1.2459,1.0578200458639118,1.1455806591780016,0.05129384994506836,3.110943555831909,1,0.5168988112531492
no_proximity,738,-0.14108551343279763,0.5388387611707296,1.0456,1.5099157544310382,5.982085251888077,0.6529507637023926,12.824250221252441,1,0.4394825524428399
no_proximity,739,0.5427953920267652,-0.10860201840077433,1.174,1.0008990058529366,1.0505808761076378,0.05094122886657715,2.2051990032196045,1,0.6343832335793549
no_proximity,740,0.5718404642018282,0.4409633018038125,1.1667,0.6466426286628745,0.6105783702784724,0.05137467384338379,1.9046730995178223,1,0.4992341348999562
no_proximity,741,-0.48603312494023276,-0.26850015761552404,1.3351,1.3427533518460206,2.040123478965484,0.6020991802215576,7.123172283172607,1,0.5579988175639071
no_proximity,742,0.8246567774683911,0.22040738982501695,1.4289,1.2916705430003455,2.0418635321531506,0.3570899963378906,4.3284852504730225,1,0.5698270429285379
no_proximity,743,1.0041337022090848,-0.06114047353963514,1.1649,0.540406250792387,4.2113659151107585,1.2145357131958008,8.537352323532104,1,0.7750485045855356
no_proximity,744,0.6852596027814168,0.2661259626718627,1.3468,0.5362260089200264,2.4592017771721872,0.30138063430786133,4.711104393005371,1,0.39314107028981127
no_proximity,745,0.7898927035370973,-0.7273116907341028,1.1441,1.1236579641612556,1.6230323621037042,0.25139856338500977,4.210484504699707,1,0.2590140938418062
no_proximity,746,-0.005555247610260716,-0.42014654153556086,1.4726,0.9032308715847552,1.0013253624007157,0.10116147994995117,2.2112584114074707,1,0.5627311750995773
no_proximity,747,0.21002488646629347,0.5857064682019449,1.4068,1.112326189699663,2.932094223127502,0.20136356353759766,5.513736248016357,1,0.5946657768771084
no_proximity,748,0.5509757235932942,0.4422680073589721,1.275,0.5882932583953313,0.6312172513153869,0.25147247314453125,3.708395481109619,1,0.5814349879539732
no_proximity,749,0.22246542407415681,-0.1981352409457905,1.2274,0.7211782630528802,0.7417877336517168,0.1536107063293457,2.3055880069732666,1,0.43498573315950395
no_proximity,750,-0.5612845013878042,-0.3173514814466976,1.1573,0.7954024121602027,1.3005775638440022,0.7029387950897217,4.925132513046265,1,0.5753524822560944
no_proximity,751,0.4602973345220358,0.3516402397409456,1.1616,1.3305732049590195,2.3409427841199206,0.15279412269592285,4.313192367553711,1,0.5026263347423061
no_proximity,752,0.26020053859090986,0.40130893770708453,1.4851,0.24129237023950262,0.33962820140182726,0.15241003036499023,3.719151496887207,1,0.45903161971587836
no_proximity,753,0.46290747957452694,-0.6717776120094923,1.2021,1.1275435147960493,1.2987498862641804,2.4963295459747314,3.70888614654541,1,0.3384785322471369
no_proximity,754,-0.2649687797471162,-0.258035016256462,1.2573,0.9353304685171532,0.8679253880212315,0.05156517028808594,3.111402988433838,1,0.3660088930948173
no_proximity,755,0.5792095182699357,-0.18717937222150305,1.4941,0.8233460701517582,1.005165920918437,0.10106277465820312,4.813111782073975,1,0.4378906428293889
no_proximity,756,-0.3066270006572567,-0.1483783074306131,1.3288,0.9006864808419126,0.9364786672368363,0.15166473388671875,5.2139692306518555,1,0.31946625553687036
no_proximity,757,-0.7608472295172096,-0.22923248140439412,1.2713,0.4658373413008611,1.7001973324694863,0.20149469375610352,5.112106800079346,1,0.42384328429359563
no_proximity,758,0.4578716726584042,0.12575567909811725,1.2066,1.3488260293717855,1.9961132434507085,0.10112905502319336,4.011034250259399,1,0.47156431355269895
no_proximity,759,0.6153626803560968,-0.6037136387619593,1.0938,0.8751155820380149,0.8820414930485866,0.05114340782165527,2.4059295654296875,1,0.32984693254810965
no_proximity,760,-0.016738485507689083,0.6040266500545625,1.1809,1.4579882854382353,1.669469966317184,0.05116701126098633,3.1073760986328125,1,0.4724892764636092
no_proximity,761,-0.5174992002517989,0.5907095733929885,1.3782,0.5545516328876341,0.549108953376493,0.052259206771850586,2.0047144889831543,1,0.3665604110319964
no_proximity,762,0.5894880399421893,0.2250577841097099,1.3127,1.2225340654636039,1.1911586985376192,0.10135984420776367,2.7084085941314697,1,0.5353977299950134
no_proximity,763,-0.08493226570821055,-0.37988441442002957,1.38,0.9698747370471381,1.2306665348136823,1.3680882453918457,6.156461238861084,1,0.46495606056570626
no_proximity,764,-0.3407660954740023,-0.3480276724311783,1.1018,0.6455427412498052,0.3230973170836346,0.20285248756408691,3.616896152496338,1,0.43434754092299854
no_proximity,765,0.32340893150868144,-0.6372302122527363,1.2746,0.6786686477455233,0.7233693983980923,0.15260982513427734,2.714682102203369,1,0.40943409941372355
no_proximity,766,-0.2837696536108647,-0.6164999611226787,1.4638,0.6601108598566804,0.7356010353465606,0.15241479873657227,2.3087589740753174,1,0.415224367031573
no_proximity,767,0.4123365534752399,-0.3755896137237382,1.2191,0.9262972696789314,0.9860090893496058,0.10199117660522461,2.817417621612549,1,0.4884686822982741
no_proximity,768,-0.3757299834402349,0.18586011978420036,1.3491,1.033214498239714,3.281918562650791,0.5528964996337891,9.022454023361206,1,0.7498182982033144
no_proximity,769,-0.2528175446685492,-0.3705137473281736,1.0607,0.7848905356953193,0.7915062931243927,0.10193014144897461,2.005079746246338,1,0.3166137779359344
no_proximity,770,1.00342625072617,-0.5974854247492369,1.4866,1.3935272030175216,1.5034730876455764,0.10129475593566895,2.506056785583496,1,0.3063991759601868
no_proximity,771,0.5868128225595588,0.47023351531610824,1.3044,1.3647262553282167,2.264498889869372,0.10281634330749512,4.013647794723511,1,0.3198648302723771
no_proximity,772,0.5166586761354328,0.19147373060414052,1.1196,0.5472214740635527,0.6724173293865088,0.050954341888427734,2.908799409866333,1,0.3973365524780075
no_proximity,773,0.28235944458604956,-0.39523848516721755,1.0792,0.7049301425817602,2.07383588184301,0.10132694244384766,4.61295747756958,1,0.30334247504472833
no_proximity,774,-0.0821120004326944,0.4108874075569223,1.2754,0.9048481527414025,1.1680885710669346,0.10225224494934082,2.606010913848877,1,0.515458848977048
no_proximity,775,1.063427783697986,-0.6029988794005848,1.2761,1.6739417891349322,2.2588962458424398,0.1010291576385498,4.31526255607605,1,0.3187956757284492
no_proximity,776,-0.6894162925921903,0.28528009645514196,1.0466,2.0751566034233098,2.398546194665558,0.1024022102355957,3.734529972076416,1,0.41514091250945456
no_proximity,777,-0.3602335252479161,-0.1461298396849181,1.4961,0.7145966281337391,2.239793852637834,0.2563321590423584,4.42632269859314,1,0.538926177941665
no_proximity,778,0.2952978071586698,0.09966277503525889,1.4565,0.6353158864363679,0.0,1.2608146667480469,0.0,0,0.0
no_proximity,779,0.5422524977354473,-0.6174280977801392,1.2307,0.9121999479109723,0.9483497471024617,0.20510578155517578,3.109858274459839,1,0.43037070018152657
no_proximity,780,0.5911492847400546,-0.7241136087884116,1.0587,0.286185708329002,0.18705503059044293,0.1521282196044922,3.408000946044922,1,0.09934018818023957
no_proximity,781,-0.3362618578307204,-0.40285287563543604,1.4161,1.0206622634121147,1.2212085766877898,0.10113310813903809,4.108959436416626,1,0.64041380006273
no_proximity,782,0.5792777470261792,0.09064938976175774,1.2492,1.23807362939723,1.9709320144399154,0.05146002769470215,3.7114169597625732,1,0.5082940119245718
no_proximity,783,1.0128545875703923,0.4090877797003162,1.3583,0.4449597690896838,0.5278533230952542,0.10098505020141602,3.71089506149292,1,0.6145105625093009
no_proximity,784,0.9756322271191329,0.004804949440220696,1.2544,0.4199422094243771,0.42491847045476894,0.20128726959228516,1.9049882888793945,1,0.6472981572308418
no_proximity,785,0.599391120449855,0.27089849846843095,1.1367,0.475676319694042,3.1944840255022053,0.2512946128845215,6.212641000747681,1,0.27459989980479077
no_proximity,786,-0.1374541560314867,0.522133320028653,1.4174,0.7432956703759313,0.894136868590093,0.10098433494567871,3.410944938659668,1,0.5204639317838563
no_proximity,787,-0.3401323344944924,-0.23675118403462048,1.4901,0.9147024246095637,2.221250684787036,0.25130629539489746,6.513549566268921,1,0.38327830164928384
no_proximity,788,0.6876010870231237,-0.1187293887050418,1.1219,1.3705589623912158,1.7592900145041424,0.10165214538574219,3.4128828048706055,1,0.36837762153107007
no_proximity,789,0.5252233656218699,-0.1554757674916145,1.2756,0.26749106858231214,0.3722692578029867,0.10149526596069336,3.709618091583252,1,0.35696284108106063
no_proximity,790,0.9827081917514127,-0.6550552797597549,1.1918,0.6822925419778627,0.6853031171199999,0.15828967094421387,2.8201444149017334,1,0.29966078302345106
no_proximity,791,0.006848358831640811,-0.7128910862631377,1.4609,1.0141145340172124,1.0144509884087896,0.35399365425109863,3.3214073181152344,1,0.35761275517237034
no_proximity,792,-0.7616590146973758,-0.06823446782753106,1.2541,1.0244242813411473,1.4307756320260006,1.2607247829437256,4.114424228668213,1,0.527756020947619
no_proximity,793,0.6421215230456496,-0.18011197266138612,1.4397,1.559537627453841,2.300071014691774,0.2035963535308838,4.51970362663269,1,0.6862093155208973
no_proximity,794,-0.5568863356430278,-0.5225243679913348,1.432,1.3797028252854497,1.3768775559340594,0.10250020027160645,2.906121015548706,1,0.3928100003400865
no_proximity,795,0.4434828210481352,0.4684429006729801,1.1381,1.567540495455395,3.06568543332721,0.5016841888427734,7.51729941368103,1,0.312161364066973
no_proximity,796,-0.6541240467191944,-0.3456564487893649,1.395,1.406506688110599,2.60155472379107,0.4518146514892578,7.7180986404418945,1,0.2820277950361873
no_proximity,797,0.1477412175446713,-0.0071490583553298626,1.2075,1.008151820068029,1.0726746937999385,0.10230445861816406,2.306705951690674,1,0.3380747187353655
no_proximity,798,0.7691971950498533,0.34148837359124806,1.4671,0.6515700235341575,0.6762816062277396,0.1012582778930664,3.709803342819214,1,0.323860784541436
no_proximity,799,1.015479363698967,-0.29405574725072386,1.2539,0.7137981081224464,0.7451241220915107,0.10178971290588379,2.5121920108795166,1,0.29893790711452406
no_proximity,800,0.9923014504417409,0.4610629011375361,1.4103,0.7712525780098796,2.9728747087420437,5.075347661972046,5.640126466751099,1,0.29280478589889014
no_proximity,801,0.2237816980840477,-0.05169598271418396,1.1414,1.1943922564142249,1.4773049969091379,0.1522505283355713,3.115312099456787,1,0.398168832851969
no_proximity,802,0.46869663189973165,0.40828610704637824,1.1493,0.5745670051411386,0.6529815774438247,0.10668611526489258,32.12475776672363,0,0.35589268864809204
no_proximity,803,-0.0024845883230601995,0.09589124139119343,1.2935,0.6038028506697385,0.6912825620085638,0.15294647216796875,2.3125860691070557,1,0.4883043995268376
no_proximity,804,-0.5177200471247456,0.21048673736095558,1.4995,0.37945138665340195,0.6055138197716519,0.30405378341674805,3.7129297256469727,1,0.4576140011319883
no_proximity,805,-0.5454061405366584,-0.7402628062089974,1.2448,1.1914847998671048,3.347257164404946,0.15380501747131348,6.518367052078247,1,0.17704854346611323
no_proximity,806,0.14759789952808022,-0.5212875113499028,1.0743,0.8376012776482498,0.7987053131935966,0.10117721557617188,2.4095547199249268,1,0.3178612692663307
no_proximity,807,-0.5444871132549325,0.48103550506684367,1.2693,1.3096619625171602,2.1947417678466703,0.10135197639465332,3.9102420806884766,1,0.48676728701983124
no_proximity,808,-0.6642052497579977,-0.437475567276014,1.1726,1.0601331004043397,1.2485371451740868,0.10186934471130371,2.7118794918060303,1,0.3830419282048709
no_proximity,809,-0.3867117133225697,-0.6636760132246889,1.276,0.41782616353205076,0.4152332253746314,0.10141205787658691,3.413118600845337,1,0.3785284188465998
no_proximity,810,-0.4378441241585326,0.5758514909282876,1.2717,1.341182673663345,1.726225329299262,0.10114693641662598,4.320128917694092,1,0.4855171466625516
no_proximity,811,-0.048933744816775926,-0.1536304858669817,1.2277,0.9603451556166736,0.9300933629508514,0.05131173133850098,2.2053065299987793,1,0.5316134973306962
no_proximity,812,0.518653562632386,-0.5070925708127123,1.1609,0.8144516238356861,0.7698452682119357,0.10139083862304688,3.3119735717773438,1,0.3343256298519477
no_proximity,813,0.8523844471459194,0.12456959775404919,1.0943,0.8499343020455152,1.2959387251124892,0.10117125511169434,3.310626983642578,1,0.31112116557456043
no_proximity,814,0.3273742966390014,-0.5819618335953592,1.3487,0.9536206298364758,1.0896116085484406,0.050940513610839844,2.4066874980926514,1,0.4530752142253741
no_proximity,815,0.4986899684022992,-0.4596095955891263,1.2859,0.33715611742614404,0.36880652090684185,0.1529383659362793,3.026677370071411,1,0.37274651059107566
no_proximity,816,-0.4680449281032409,-0.0452758421206374,1.1168,1.0217717548668086,1.114083530659786,0.2060225009918213,4.73382830619812,1,0.3797070608384053
no_proximity,817,0.698246581101315,-0.64813092472374,1.3878,1.439743967327577,1.6002895552499459,0.10268521308898926,2.8196096420288086,1,0.2585676358841284
no_proximity,818,0.37254123701011155,0.2031798586690211,1.0218,1.1678541022489581,1.5301810780592295,0.2589125633239746,3.3095459938049316,1,0.3420032517554576
no_proximity,819,0.5608653387874356,-0.007007832496427002,1.3724,0.44040350748449464,2.0879645878652955,0.10198783874511719,4.5103538036346436,1,0.522989006079642
no_proximity,820,0.7984724645555845,-0.07647993718811175,1.3526,0.16402206726382437,0.23393394655981367,0.0515589714050293,1.404883623123169,1,0.5681058412585749
no_proximity,821,0.021464932023983252,-0.49095042214168094,1.4057,0.997246809811652,0.9801141980883287,0.05094337463378906,2.5094919204711914,1,0.553267345131431
no_proximity,822,0.05122593666981712,-0.638988574676352,1.193,0.3379616410444629,0.26480228727055566,0.10150885581970215,1.708761215209961,1,0.2853782266507999
no_proximity,823,0.9143161245786253,-0.4634284518083033,1.3318,0.9016011769572275,0.9578325355548882,0.05095791816711426,2.314331293106079,1,0.5220694239208615
no_proximity,824,-0.1011994109438692,0.0013795649036320023,1.4104,1.2453259997438781,1.0489881642680479,0.05163908004760742,3.1110360622406006,1,0.45025238514109395
no_proximity,825,0.4119662907700534,-0.6411791493821326,1.4904,0.6565956414305582,0.8601007100748556,0.05190229415893555,2.7130656242370605,1,0.30358730413854473
no_proximity,826,-0.013858034678332576,0.627128554262654,1.2477,1.5579116409343765,2.4579617116953028,0.10140037536621094,3.9097039699554443,1,0.37240965651193686
no_proximity,827,-0.4367393520567793,-0.26138478589081365,1.0185,1.1343378791033638,1.2598455363181922,0.10119295120239258,3.7138724327087402,1,0.339577433855167
no_proximity,828,-0.1405039367361356,-0.10513627387830493,1.2511,0.4344430563760096,1.1673592676264908,0.1512012481689453,3.5106143951416016,1,0.4848065488825061
no_proximity,829,0.5317735286641838,-0.7315083011011984,1.2951,0.7728945675855989,0.8735036965932262,0.1018216609954834,3.110832929611206,1,0.25949963041211793
no_proximity,830,0.08626692773225886,-0.7356992844316926,1.4349,0.46621984841575903,0.475886039791869,0.050939083099365234,1.9045860767364502,1,0.25068169531456835
no_proximity,831,0.21396678105324107,-0.6516793903834021,1.4371,0.2915312585515176,0.1067002100734048,0.10099673271179199,2.1060140132904053,1,0.34297495364484104
no_proximity,832,0.6768446747270751,0.28990036755188486,1.2202,1.2649517446058058,2.5900615153450586,0.25310540199279785,4.733617782592773,1,0.23897648714199018
no_proximity,833,-0.5948768049404534,0.17917036842369227,1.263,1.4325839310179933,1.580036313228089,0.10604023933410645,2.8126351833343506,1,0.29309729502486886
no_proximity,834,-0.5362958460074426,-0.4751040753370026,1.2285,0.833140340834888,0.9916733558851429,0.25537800788879395,2.721451997756958,1,0.3887033759250063
no_proximity,835,0.92710886460404,0.29947485127922724,1.3612,1.7957443858138789,3.085550502956662,1.8673763275146484,7.923193454742432,1,0.655995239046913
no_proximity,836,0.8892515452490997,0.052280480699406384,1.205,0.534352272091309,5.264383250406694,0.6037871837615967,13.33109736442566,1,0.37964695135619264
no_proximity,837,0.06631185827011554,0.2413296318304281,1.3274,0.993746669421491,2.416460335415456,0.10119342803955078,4.611643552780151,1,0.5601597148958748
no_proximity,838,-0.2509952660992084,-0.4111781371378468,1.0772,0.8657744956931657,0.939529987059502,0.05164790153503418,2.3107242584228516,1,0.3320931547897724
no_proximity,839,0.9263359345171644,-0.046300045381000965,1.2347,1.3342271712614457,1.7310594231759078,0.10101985931396484,3.3097481727600098,1,0.5594606708748122
no_proximity,840,0.5067814796633678,-0.21703449766440308,1.4846,0.5804366375327101,0.5651254279546887,0.10148119926452637,3.1115834712982178,1,0.5036955021415105
no_proximity,841,0.7051505549729924,-0.3693461418390514,1.1693,0.4707699148531848,0.45871576828010635,0.10134625434875488,2.5129024982452393,1,0.2462089663959446
no_proximity,842,0.9882337262704779,0.1313782628268565,1.3464,0.7162698026047876,0.9620426726108117,0.10100746154785156,4.624253749847412,1,0.561013634278279
no_proximity,843,-0.4945835083880026,0.21143667751998207,1.3249,1.665175488544337,3.022295453657878,0.20668935775756836,4.735615253448486,1,0.6324511746561909
no_proximity,844,-0.34849337663394175,0.16654533014677553,1.4259,0.3044885947519299,0.1727999874571747,0.1589195728302002,2.2075624465942383,1,0.7358833019952611
no_proximity,845,0.6350073379048093,-0.4850694145788456,1.4262,1.3512533234112345,1.405038774501111,0.10263800621032715,2.809351921081543,1,0.31377862938301887
no_proximity,846,-0.14293582225959567,-0.1489562849218008,1.4297,0.8219904996012345,0.9888864549806476,0.1522970199584961,2.8150393962860107,1,0.5968671930633522
no_proximity,847,-0.8062533675208123,0.4650012515541143,1.19,0.8549811271144222,0.9419210636401641,0.10193276405334473,3.6103274822235107,1,0.42600734938437845
no_proximity,848,-0.7957429864496395,0.17324831565397425,1.1583,0.43252958638997985,0.3515893534577678,0.05108070373535156,2.609661340713501,1,0.5599768891184416
no_proximity,849,0.887250250467259,-0.2960506903709585,1.3594,1.8579567578697498,2.407190776913402,0.05137801170349121,3.7122433185577393,1,0.36979504520325246
no_proximity,850,0.762973846293665,0.4178532318156848,1.3797,0.918176629803656,2.4377229350172622,0.10296487808227539,4.911677122116089,1,0.2420440309592102
no_proximity,851,-0.7396987785166769,-0.6125827548070257,1.4362,1.9876635727219572,2.4917268200545943,0.05118298530578613,4.312554121017456,1,0.6651518287763721
no_proximity,852,0.6099005136808135,0.365357782858846,1.0179,1.8643743520838287,2.1292906027618583,0.10113883018493652,3.210271120071411,1,0.271916687906796
no_proximity,853,-0.3943539662208879,-0.6875579638947726,1.0342,1.5186494960019874,4.525208216298053,0.8074498176574707,10.625716209411621,1,0.2724349638321963
no_proximity,854,-0.8285518876808068,-0.24777353950759806,1.3156,0.5445539380412153,3.3968938208253716,1.5607705116271973,8.651782512664795,1,0.557956702417749
no_proximity,855,-0.2530740253850783,0.156065915546997,1.4605,0.8488467658935317,1.2680061436603878,0.20733904838562012,4.417323589324951,1,0.48305606726181977
no_proximity,856,0.6419484119169989,0.11402299860314857,1.4987,1.078580671966768,0.0,0.810185432434082,0.0,0,0.0
no_proximity,857,0.7861711023603526,0.1082289988498808,1.3734,1.2394900636680906,3.058994617659581,2.257920980453491,7.124845027923584,1,0.4824203571989644
no_proximity,858,0.8403066952930975,0.06345076001193839,1.217,0.4590143368708298,0.15663891845135305,0.10149216651916504,3.2122700214385986,1,0.428064484487608
no_proximity,859,0.6268391911299018,-0.13528831131014007,1.0492,0.586977260690129,0.30452351671348293,0.10104751586914062,3.409757614135742,1,0.47441965034984834
no_proximity,860,-0.419368833357705,0.07707447884378149,1.3169,1.145326114799993,2.2318506187824627,0.20151138305664062,5.311020612716675,1,0.45151442090147836
no_proximity,861,-0.19534373879491818,-0.01797116141139099,1.4363,0.3240364584258417,1.888564493396683,0.7022159099578857,8.15162444114685,1,0.5902981345881095
no_proximity,862,1.0715756933942486,0.1494252694180327,1.2218,1.2488557866320626,1.9551697561899897,0.3069155216217041,4.319165468215942,1,0.3220963747576485
no_proximity,863,0.302639590136226,-0.6696998521372546,1.347,1.0633693694743105,1.050910216237853,0.1564340591430664,2.5128049850463867,1,0.307271026379073
no_proximity,864,0.46986765871746305,-0.23032952228764492,1.4517,0.38850710054858095,0.9101053080572692,0.10112547874450684,5.110624313354492,1,0.4530317861251059
no_proximity,865,0.11871242239924107,0.20627458378083063,1.023,0.9644765409175466,1.8920886481543235,0.15150904655456543,4.010082721710205,1,0.3875479402042155
no_proximity,866,-0.3273787609384131,-0.5283721746245814,1.3981,0.9137866098920301,1.1633863784803973,0.10148262977600098,2.7063417434692383,1,0.5393311085572379
no_proximity,867,-0.5175163876067244,0.2258611860139541,1.1467,0.924802170546418,1.0400865103395076,0.1012582778930664,2.8107619285583496,1,0.47719310651424396
no_proximity,868,0.7866615521044387,-0.5097931391353075,1.1874,1.6159693289923955,1.743009997871968,0.050972700119018555,2.9100730419158936,1,0.2515296594773439
no_proximity,869,0.33542029665248485,0.2183047686607953,1.0728,0.9697759084302985,1.2224093382873369,0.10135626792907715,3.1073782444000244,1,0.39274587678065975
no_proximity,870,1.0315437312129305,-0.0066252016571894945,1.2656,0.8291822286138122,2.030623900254443,0.10101962089538574,4.514643669128418,1,0.3344855161681211
no_proximity,871,-0.5683843530827866,0.043762337979898924,1.283,1.763725503232662,2.4873289651752724,0.051685333251953125,4.110999345779419,1,0.5659155593686754
no_proximity,872,0.28288417407720745,0.0715624080181434,1.3963,0.9974354769972201,2.318797410227789,0.05102229118347168,4.3165977001190186,1,0.5657075282888183
no_proximity,873,-0.8100838570307366,-0.16133751193350654,1.085,1.3670039351622718,2.0624612962372715,0.25327277183532715,4.023175001144409,1,0.3172087911949419
no_proximity,874,0.873088497177801,0.47012495789672426,1.0395,1.9087761405475134,2.1604472524024683,0.2559194564819336,3.415105104446411,1,0.25855530158737516
no_proximity,875,0.8374597197532845,0.4744923801203481,1.4354,0.3042532199858886,0.41766824956205245,0.15285325050354004,3.411616086959839,1,0.6057494518057526
no_proximity,876,-0.3051182540264423,0.35982778917292546,1.3099,1.3268534176315814,1.4587793044415356,0.10221242904663086,2.5122389793395996,1,0.35457551631292367
no_proximity,877,0.905579145997627,0.11249435316455625,1.1204,1.3794087188392579,2.592798900927855,0.10109114646911621,5.113444566726685,1,0.1984911384970645
no_proximity,878,0.8065228783924627,-0.6572705497459671,1.4564,0.8038882883079554,1.116578640524494,0.15216422080993652,4.810912132263184,1,0.36270085466625257
no_proximity,879,1.0601300905555178,0.3795221485915038,1.0716,1.3217862931813473,3.4698306890966264,0.45224833488464355,7.715495824813843,1,0.4882528786775517
no_proximity,880,-0.7043248905105854,-0.21318890788667988,1.2306,1.7478178292860995,2.4165622690005213,0.4519040584564209,6.714886903762817,1,0.41908305304733157
no_proximity,881,-0.4183970299113334,-0.09844669202062684,1.127,0.3003132868139134,0.32719712759742314,0.10147643089294434,1.5042078495025635,1,0.28351280614691887
no_proximity,882,-0.5410326614154786,-0.5406433756794271,1.1277,0.5020619352178276,0.4746624639669583,0.10115337371826172,3.2091188430786133,1,0.27250959666397834
no_proximity,883,1.0451032241642717,-0.13879657153813363,1.0047,1.64257396465739,0.0,0.051657915115356445,0.0,0,0.0
no_proximity,884,-0.2263647344424471,-0.3316472445288514,1.4023,0.3771318044864711,1.0698848771158709,0.35219883918762207,6.1159586906433105,1,0.37716360343325017
no_proximity,885,-0.3646902130647699,-0.25479066559687824,1.4506,0.35706848022604126,0.14495292935000426,0.10127377510070801,1.7125623226165771,1,0.4256848405175624
no_proximity,886,-0.45577524558329024,0.3685984817607634,1.3388,0.8636408394142132,2.0283414616198687,0.20212078094482422,4.261233806610107,1,0.4958950194904834
no_proximity,887,0.8407539831228337,-0.5301326224889098,1.079,1.7777571719303225,2.0329460142148634,0.43689393997192383,3.550957679748535,1,0.23565072962243658
no_proximity,888,-0.27360452864594087,0.0311230928008156,1.2209,1.269045634109213,1.5063275861988765,0.15349650382995605,2.709203004837036,1,0.5478784389107578
no_proximity,889,0.2779455855865929,-0.04843096322432694,1.1728,0.7128422327270524,0.5641921996852455,0.1021728515625,3.612091064453125,1,0.46347418447071165
no_proximity,890,-0.3306446917999506,-0.07271564632052674,1.2938,0.4833109963386647,0.6546293617338613,0.051062583923339844,2.3054697513580322,1,0.5214510197969052
no_proximity,891,-0.2655894063391301,0.38695178416867704,1.3195,0.49507566965897193,0.5908111901438138,0.05128335952758789,1.9046180248260498,1,0.5065506422886725
no_proximity,892,0.03561108262851009,0.2531583488349892,1.2122,0.5254884395226668,0.36453225010464063,0.10112571716308594,2.4111275672912598,1,0.5555884751513588
no_proximity,893,0.6671116841617806,0.4416668858063514,1.125,0.7659460831161679,0.7952517643701162,0.05121564865112305,2.1095309257507324,1,0.27391960791784176
no_proximity,894,0.7920942114664942,0.6165058539459877,1.4227,0.22609884787117657,0.4398606461054154,0.10215306282043457,1.8042044639587402,1,0.2751946524007866
no_proximity,895,-0.4861799628726349,-0.07057465360334703,1.0996,1.6599894073024748,1.8362892990851039,0.10104179382324219,2.809626579284668,1,0.3945054681913906
no_proximity,896,0.08466447108769093,0.4087285985663941,1.1923,0.8205172805562321,1.304670930718005,0.051061391830444336,3.310528039932251,1,0.2891917508373729
no_proximity,897,-0.06671288451368396,-0.2920077127979616,1.2416,0.8336239477626841,1.5248586396627137,0.10321855545043945,3.9091973304748535,1,0.35925676788141553
no_proximity,898,-0.6232639807735634,-0.47311999739184807,1.1186,0.4915569409752557,0.5401267202462966,0.051592350006103516,33.074562788009644,0,0.25138132706149596
no_proximity,899,0.25223554413935023,0.05297807719350267,1.286,1.1128787973751735,1.3053340805704226,0.10122537612915039,4.815018177032471,1,0.35917139805210335
no_proximity,900,-0.41748342946912026,0.016357955925252132,1.2874,0.8503298929791523,0.6764420300322231,0.05112433433532715,2.5094516277313232,1,0.3955478641203268
no_proximity,901,-0.5930949370344178,0.041385570737440425,1.4963,0.36149997626796626,2.0842498021609788,0.20142269134521484,4.213019609451294,1,0.6832083104132657
no_proximity,902,-0.43951717575865806,-0.49178089046024526,1.1476,0.6551590873631853,3.227706881643694,0.10106635093688965,5.215893030166626,1,0.31155579904107916
no_proximity,903,0.9645593356553386,0.5896790458242923,1.489,1.8479912575135649,0.0,20.022332191467285,0.0,0,0.0
no_proximity,904,-0.13064538162166994,0.35308412984044624,1.3291,1.011216274089806,1.6782690187960596,0.15565705299377441,3.813713312149048,1,0.4442046853817479
no_proximity,905,0.2305476934596684,0.4181960499555518,1.1372,0.5604806533508142,0.45673776924252146,0.10202193260192871,1.8059022426605225,1,0.36289021124650395
no_proximity,906,0.46041946576550896,-0.44002714203942084,1.283,1.0079752362425516,1.2846133080861555,0.15308856964111328,3.3145015239715576,1,0.3062851024731899
no_proximity,907,-0.37815613566886386,-0.3812981458842526,1.3429,0.7327272540433981,0.8751839734721223,0.10177946090698242,2.7080774307250977,1,0.32082680291469623
no_proximity,908,0.697922919780505,0.11894995681459164,1.3723,1.3784562228676447,1.8655460882820727,0.10233092308044434,3.512503147125244,1,0.4799099327081642
no_proximity,909,0.035397364472574466,-0.260424561782775,1.0245,1.0428476749148228,1.668458989926319,0.10103225708007812,3.908843517303467,1,0.2577607465177927
no_proximity,910,0.9519059869791033,-0.6879587704243457,1.3032,1.099624390713539,1.2653701429014317,0.10111856460571289,3.6108744144439697,1,0.31032549435163
no_proximity,911,-0.4009933324345899,0.5051890742822617,1.2484,1.9106816306027077,2.589427087176815,0.05145430564880371,3.9113595485687256,1,0.4235997839828516
no_proximity,912,0.6344609233463696,-0.530727711697232,1.4521,1.59576738007963,1.8550244979090833,0.1011207103729248,3.3091301918029785,1,0.32802959163007267
no_proximity,913,0.31007698866347244,0.6303922842661028,1.1431,1.4073964355402806,1.8685074406721383,0.10152363777160645,3.3100175857543945,1,0.32029531188369587
no_proximity,914,0.767210149607161,-0.5084467088086522,1.3994,1.3297054670125281,2.4205303559304725,0.10146236419677734,4.113270282745361,1,0.33501432977582574
no_proximity,915,-0.1983042957815374,-0.041462039250564686,1.3035,1.2080758919029289,1.5454998341403052,0.05103731155395508,3.011524200439453,1,0.6163550026971248
no_proximity,916,0.13753064692900718,-0.054247264284247754,1.1762,0.5484405429267579,1.3918521408898665,0.10105752944946289,3.7087786197662354,1,0.2578821892833995
no_proximity,917,0.21939904451824943,-0.14094258539677462,1.3183,0.03595982255414679,0.22238399157007854,0.15264296531677246,1.7094643115997314,1,0.4643291274529086
no_proximity,918,-0.8235061656840077,-0.12602073286400695,1.3104,1.1998155432880646,1.8469853409325176,0.20932698249816895,4.534111738204956,1,0.5235097302230268
no_proximity,919,0.5631538045320006,-0.589671218058742,1.3389,1.628801340859132,1.606504461571992,0.1549067497253418,3.111393690109253,1,0.3025887523120146
no_proximity,920,-0.5291308281963463,-0.22122140750885777,1.3605,1.1304677746927845,1.2877765613793233,0.10300111770629883,2.7081477642059326,1,0.5666696010868171
no_proximity,921,0.6150254447363124,-0.5705818281979669,1.3296,1.3670696251869705,1.3114639407142634,0.10258960723876953,2.80804705619812,1,0.32619448060047357
no_proximity,922,0.46959318343974576,0.034383856351529074,1.4192,0.7387590881846657,1.0205729809767312,0.05137276649475098,5.012377977371216,1,0.6919168442178589
no_proximity,923,-0.7418605957301391,-0.7166803628525785,1.3141,1.572464819480475,1.8387226864853408,0.0529789924621582,4.012309312820435,1,0.27407705186633435
no_proximity,924,0.6635337107368695,-0.4208992255841788,1.4517,1.522664834880536,1.6304001315566783,0.1014261245727539,3.0095765590667725,1,0.6022244073162336
no_proximity,925,1.0326777873058903,0.1746505038069177,1.3232,0.8199209757488342,3.842144989479094,0.5550484657287598,8.619867086410522,1,0.8169200711955504
no_proximity,926,0.3389208774492598,0.1892589564340844,1.1545,0.9077035188439224,0.7082719829206682,0.10109567642211914,3.410994052886963,1,0.6642643573442939
no_proximity,927,1.004274019468291,0.4727909317143101,1.2204,0.7075328107935013,0.6893321224781732,0.051374197006225586,3.1090433597564697,1,0.4304418231495823
no_proximity,928,-0.3148370045466379,0.5806570802928562,1.2898,1.3680629210781663,1.4436824122466698,0.10198521614074707,2.510209560394287,1,0.41204517703713106
no_proximity,929,0.5267798941845296,0.11257542926502173,1.3662,1.0333968546835144,5.591812046030656,0.7524991035461426,9.426750659942627,1,0.7628392804469544
no_proximity,930,-0.1991757659617821,-0.6345372603514327,1.0451,1.2224969369926673,1.2955779747408271,0.15474176406860352,32.36927556991577,0,0.2545725577591864
no_proximity,931,-0.19240755628390915,0.4037016398112324,1.1476,1.1074542960681508,3.806193099907739,0.6530117988586426,9.619746446609497,1,0.5386298783819607
no_proximity,932,-0.1346872976610306,0.5329383923465515,1.3737,0.1392137470474344,0.2325133180301411,0.10122370719909668,1.8046164512634277,1,0.5145679068986859
no_proximity,933,-0.5503482593932534,0.07482243409032596,1.0878,0.8887775143704584,2.7775925291068178,1.1552402973175049,8.116353273391724,1,0.18215546029754434
no_proximity,934,0.012388193026387273,-0.05391432247887129,1.0661,0.5010821278090468,0.5665501779362883,0.051453590393066406,3.510064125061035,1,0.24322274588402717
no_proximity,935,0.43891281988655684,0.28911738617485494,1.2697,0.5558630526873224,2.416013414987066,0.0512540340423584,6.019501447677612,1,0.223154868254518
no_proximity,936,0.9194410740378249,0.3801183821985944,1.4857,0.32973833282390863,0.5835724846924909,0.15295648574829102,3.4194910526275635,1,0.28927297565005594
no_proximity,937,-0.859367878880655,-0.4510974411334201,1.2654,2.21953983310814,2.8307404630467836,0.15343046188354492,4.236357688903809,1,0.6191791901836265
no_proximity,938,-0.07543079406876418,0.4724223844274894,1.4567,1.3231089285378759,1.4668520877806064,0.25617432594299316,2.7093846797943115,1,0.5631223299272621
no_proximity,939,-0.25089365234721583,0.20651068670374573,1.4152,0.45245277758276087,0.3854374753370845,0.10461568832397461,2.5166618824005127,1,0.602674074824529
no_proximity,940,-0.5070584695375142,-0.27294412893342174,1.1285,0.7295100592037288,1.1412823505638932,0.10186600685119629,3.308396100997925,1,0.25839220843226424
no_proximity,941,-0.6353758527370846,0.2667881143205847,1.4123,0.6982159150401674,1.3331247669853004,0.15265560150146484,3.3080337047576904,1,0.5916556045145899
no_proximity,942,0.10376841654405833,-0.33087959612637086,1.2409,1.1689648064892901,1.0900038744597018,0.0512540340423584,2.510772466659546,1,0.5112722468162291
no_proximity,943,-0.5471482413656623,-0.5828148555604726,1.4032,0.5610183427557748,0.7382015903668305,0.05086016654968262,3.2090561389923096,1,0.3178899665932498
no_proximity,944,-0.19127586524266726,0.2641421473238844,1.3733,1.108197411846101,2.8869490764477947,0.10111880302429199,4.911597967147827,1,0.49515473091983714
no_proximity,945,0.7541843762868972,0.03551562573610623,1.1694,0.8736277369947263,4.383688510758399,0.3517923355102539,9.017328262329102,1,0.651825330290642
no_proximity,946,-0.08115376894869519,-0.29398407415141387,1.0576,1.0649496035620627,0.901809327737447,0.05094099044799805,2.5091097354888916,1,0.5155003481149946
no_proximity,947,0.7145437481994692,-0.599479492130392,1.4814,0.7740614168393349,0.8669644806114668,0.05113530158996582,3.108093500137329,1,0.36009796173821024
no_proximity,948,-0.6377185727009411,0.6043007439814342,1.0704,1.9551291665171668,4.405277884546781,0.10181784629821777,7.916271924972534,1,0.26246708972716776
no_proximity,949,0.3059875061727848,0.272202814380787,1.4833,1.0413921415334335,1.1601148923244549,0.10336065292358398,2.506129503250122,1,0.5626127980060396
no_proximity,950,0.18200249813578262,-0.6011138778056835,1.4301,0.9599356691077039,1.1941696239939965,0.15114164352416992,5.114687442779541,1,0.42811558931449945
no_proximity,951,-0.28561921001666246,0.5462458111669083,1.3621,1.3167846847971774,1.9160091555886307,0.1519489288330078,4.2212231159210205,1,0.4596918749088997
no_proximity,952,-0.35833239720027954,0.5894002714644205,1.49,0.2055783793295427,0.36466608366127123,0.2537353038787842,3.049300193786621,1,0.35135419009592006
no_proximity,953,-0.7732072375467419,-0.670500535700906,1.4836,1.3639112623191758,3.284128718108697,0.20247364044189453,7.225954055786133,1,0.25839191126259914
no_proximity,954,-0.4240341371964385,0.10059520089086971,1.4023,0.926694632853864,3.5000030904446007,0.8534035682678223,8.019954919815063,1,0.552411183243805
no_proximity,955,-0.16104826348030776,0.3885607593646395,1.1829,0.5905953622588717,0.5529018805080638,0.051241159439086914,1.7044167518615723,1,0.38135970968215466
no_proximity,956,-0.17767652529799915,-0.24484283952780406,1.3953,0.762099603167515,0.872478842996595,0.10091066360473633,3.10654354095459,1,0.652539087558586
no_proximity,957,-0.4586443213130312,-0.6266382182633284,1.007,0.6363885808272025,0.6445840510749614,0.10158753395080566,2.710876703262329,1,0.1709579904375572
no_proximity,958,0.7936810640185619,-0.43901803108310805,1.2683,1.3133062788942993,1.4035391416519434,0.10151410102844238,2.5067803859710693,1,0.48146359126185806
no_proximity,959,0.7594219965044655,-0.21454438160517242,1.2274,0.3955832747535193,0.2600359256843438,0.051049232482910156,3.4110326766967773,1,0.4935950558640618
no_proximity,960,0.9753237690270764,-0.5799834658710686,1.3364,0.29308614630500174,0.48149095071998504,0.20127272605895996,3.6103038787841797,1,0.28833265232761585
no_proximity,961,0.1805760066251012,-0.6981264504821026,1.3362,0.798835393892821,0.8538995418745379,0.052263736724853516,2.408949136734009,1,0.27409652916065363
no_proximity,962,-0.5534643146653071,0.1589067952099027,1.2923,1.2042638241746377,1.4429123838610445,0.050966501235961914,3.3091933727264404,1,0.6925184864829721
no_proximity,963,0.5436409939119007,-0.6489490781742929,1.4112,1.497782447323265,1.7406643038287155,0.10157442092895508,2.9117379188537598,1,0.25477676506078745
no_proximity,964,0.3415613460333635,0.5464744853862485,1.4701,1.3745524807306568,2.471278435806699,0.20122337341308594,5.213444232940674,1,0.27282107645827897
no_proximity,965,-0.1700515817195658,0.013611483351730125,1.0542,1.0721012704020458,1.0478205326075531,0.20202875137329102,3.135446548461914,1,0.240638570184315
no_proximity,966,0.7416779313351987,0.09765582162182629,1.1169,0.9422712342950895,1.6032280009290278,3.820756435394287,5.449481010437012,1,0.30686478503580006
no_proximity,967,-0.6631571013015777,-0.25537058288947473,1.0125,1.5754844779651531,1.6897924179255785,0.17089271545410156,3.3398070335388184,1,0.1935467888313519
no_proximity,968,0.43147277175779064,-0.6466714161329129,1.4421,1.2305779301749673,1.3882316520695366,0.25333118438720703,3.1077044010162354,1,0.38313150709899824
no_proximity,969,-0.5621972180620911,0.3937131537389761,1.2807,1.6029589451497557,2.3270579979487827,0.10108470916748047,3.8108270168304443,1,0.4920203397796998
no_proximity,970,-0.5396203542707609,0.46519971634222335,1.4576,0.13432251709240142,0.24360061792941318,0.10099673271179199,2.1046714782714844,1,0.4235186153959574
no_proximity,971,0.12281088316375799,0.2620622582320812,1.1107,0.9575807396401593,0.8152560503226793,0.10152506828308105,2.506486177444458,1,0.3472312742316432
no_proximity,972,0.8834122723603621,0.5407338528661317,1.0316,0.8703503418358133,0.9897619885103214,0.050803184509277344,3.209214687347412,1,0.2646356770497127
no_proximity,973,0.37530453708959066,-0.18898859000542745,1.4119,1.0063781906441862,1.6205976915008218,0.1016845703125,3.808246374130249,1,0.44474027232605207
no_proximity,974,0.46968225717447964,-0.154298840111755,1.4547,0.3183785151985321,1.1086047706399613,0.10123515129089355,3.4117562770843506,1,0.4413607721501455
no_proximity,975,-0.5827633394132185,0.4014454291989894,1.1511,1.474790536870785,2.618429721643104,0.10109376907348633,4.610182762145996,1,0.3290131566714089
no_proximity,976,-0.018160018032109093,-0.22219837308370982,1.2041,0.9621689553021068,0.9202375567768504,0.051136016845703125,2.5115582942962646,1,0.38169586201495065
no_proximity,977,0.8002288287171355,-0.07795573337207873,1.0699,1.0094714472646715,1.482393995634737,0.0517270565032959,4.312735080718994,1,0.3553795502897243
no_proximity,978,0.262769641626889,-0.29615981631648564,1.4731,0.7114554808040551,0.722302875450348,0.10220813751220703,2.3055243492126465,1,0.5849554935727452
no_proximity,979,-0.8603567359681372,0.6012594774161212,1.1522,1.6912819125860485,3.190147906289898,0.10152578353881836,4.923786878585815,1,0.268664285554801
no_proximity,980,0.5706310333011784,-0.267862420784076,1.2463,1.739079530817773,2.591838417230084,0.2055985927581787,4.422417402267456,1,0.27542141912847345
no_proximity,981,1.0034708769800211,-0.1931083329825506,1.0486,0.5606074680970369,0.5449266014796279,0.152909517288208,3.1149041652679443,1,0.3697210024957995
no_proximity,982,1.089838626119011,-0.7075925712977815,1.4436,0.5295301581609785,0.7602216607220451,0.15213894844055176,3.7153823375701904,1,0.33314917604068073
no_proximity,983,0.49070629412092326,-0.5775874667437917,1.0678,0.8382986409548725,0.8258284234341202,0.1519932746887207,3.1134119033813477,1,0.2647588783633721
no_proximity,984,0.36129724522136497,-0.43704306728488124,1.2268,0.22803374120270944,0.3207143026325127,0.10107970237731934,2.709479331970215,1,0.4405636917258637
no_proximity,985,-0.04612264440500946,-0.5228500242582803,1.3352,0.4750818054223383,0.49390554017382043,0.051294565200805664,1.4037251472473145,1,0.3240948720651297
no_proximity,986,0.6279348629420425,0.49080342476886163,1.3716,1.358229451560942,2.737926027998966,0.45215845108032227,8.817384958267212,1,0.5910486440270246
no_proximity,987,-0.6743132927012585,-0.7202019316108105,1.473,1.6298955234184813,3.2284446656505748,0.6532223224639893,10.319238662719727,1,0.2258088888175416
no_proximity,988,-0.5498961164188956,-0.4217411673301299,1.2096,0.6224998353207304,0.5187816804974005,0.1023409366607666,31.96765422821045,0,0.35197263475910756
no_proximity,989,1.058836761368229,-0.5568785964440948,1.3711,1.5630440574416797,0.0,0.10173702239990234,0.0,0,0.0
no_proximity,990,0.9632512475491584,-0.1664319760234425,1.0773,1.538439616530697,0.0,0.1019289493560791,0.0,0,0.0
no_proximity,991,0.26456863454877877,-0.20316212038077197,1.2074,0.8546041971050095,0.881761008265785,0.10169076919555664,2.9080872535705566,1,0.3109948930834061
no_proximity,992,-0.8505983724805575,0.3388490704971011,1.0495,1.4022282320734891,2.1013703526262653,0.1012122631072998,4.1109490394592285,1,0.39285151522422235
no_proximity,993,0.2931141019886099,-0.19658161456898282,1.2447,1.3461615587162477,1.228826445330864,0.051032066345214844,3.2103960514068604,1,0.27149416658095765
no_proximity,994,-0.32747594318464956,0.23176900000708145,1.2041,0.6513856115282272,0.7788261412223159,0.05163121223449707,3.411264181137085,1,0.27220774509220413
no_proximity,995,-0.1303010544543799,0.01251940525450601,1.4758,0.46596563549529235,0.4472070448412973,0.1010887622833252,3.2068839073181152,1,0.5778097744769968
no_proximity,996,0.776744535608092,0.363961458569232,1.0164,1.286219071365176,1.4050136007729714,0.10106062889099121,2.706296682357788,1,0.23656123952611077
no_proximity,997,0.7468991288066353,0.5353674293126532,1.1853,0.1183682914297479,0.2833744325844851,0.10152101516723633,2.305753469467163,1,0.2595485418185155
no_proximity,998,-0.2041656190928982,0.4533259377985218,1.2217,1.001904618285509,0.9276519039801551,0.05090641975402832,3.111140489578247,1,0.25037199574131536
no_proximity,999,0.6183922450964319,-0.6725222514998098,1.4753,1.4951920304380304,2.0686582995186793,0.05110359191894531,3.910808563232422,1,0.33953145901289083
no_proximity,1000,-0.2102168632443001,-0.20085763875179863,1.4277,0.9786602011906752,1.1179040706850525,0.051314353942871094,2.105257749557495,1,0.6961384075741981
