case,pose_index,goal_x,goal_y,goal_z,cartesian_distance_m,path_length_m,plan_time_s,execution_time_s,success,manipulability_score
joint_only,1,-0.13066148444452752,0.563281457007225,1.3197,0.8298881813969965,0.8806956893925723,0.05133700370788574,3.708932876586914,1,0.7903316878375701
joint_only,2,-0.5637710546430907,-0.5286635290580576,1.0125,1.2144939671920618,1.1069535525214131,0.3516719341278076,2.909961223602295,1,0.19566953254469424
joint_only,3,0.31840995327503974,0.22989172189176654,1.1375,0.9301361123518329,1.142154165459992,0.401674747467041,3.108055353164673,1,0.3198934611183301
joint_only,4,0.7769013140664358,-0.45124606192804856,1.1116,0.9025067908477946,0.9438074407716713,0.10124993324279785,3.312645435333252,1,0.48748265580528516
joint_only,5,-0.26999187445419626,-0.021984662937305166,1.3682,1.2089895465529836,1.2593985851971763,0.10265588760375977,3.8226664066314697,1,0.5222487064426068
joint_only,6,0.33969243733975607,-0.5513354354640945,1.3383,0.807602455089498,0.9970671725875319,0.30403828620910645,3.5097594261169434,1,0.35806515093843294
joint_only,7,0.030930708718165167,0.33583177095400074,1.4461,0.982397220029455,1.8269298382547734,0.15163159370422363,4.931592226028442,1,0.6296748004279887
joint_only,8,0.3011656754845682,-0.6791771329227231,1.0435,1.2800194114053132,2.4011667692922662,0.35465025901794434,5.221583604812622,1,0.3405350212372458
joint_only,9,-0.744067742703176,0.5607687281860799,1.211,1.739504456360739,2.3702675837179155,0.15193748474121094,4.015496015548706,1,0.22937156418191657
joint_only,10,-0.2692555094983793,-0.6087985153552286,1.0149,1.3919249945411318,1.3922170124298117,1.2070624828338623,3.2144038677215576,1,0.24183697488957007
joint_only,11,-0.6311202185376483,-0.06262692550711468,1.1093,0.5530087877447164,1.034168173147719,2.809431791305542,6.6135642528533936,1,0.21237862502678037
joint_only,12,-0.36009807646876646,0.16730561870237126,1.2527,0.3030966002328596,0.3458866144723101,0.10103726387023926,3.0085461139678955,1,0.412995894666054
joint_only,13,0.21057977365838032,-0.48900997810792585,1.0133,0.8561541102126987,0.8692372298230363,0.10125494003295898,2.4108872413635254,1,0.18012288027133005
joint_only,14,0.9890869021802229,0.4864927794875896,1.0994,1.0929014230770089,2.6935977120967354,1.6096556186676025,10.422592878341675,1,0.429341306209499
joint_only,15,-0.6976078609330956,-0.4737195470360945,1.3249,2.1128231889261166,3.1080277079529326,0.2014780044555664,4.308793783187866,1,0.5091008028959562
joint_only,16,-0.10264161183544662,-0.370166430342667,1.2725,0.8299473072153282,0.5813725363785704,0.05167865753173828,2.3056676387786865,1,0.5061129323925483
joint_only,17,-0.31618780179961137,0.002664418259433421,1.1102,0.7321632646073949,2.41334460490381,6.07615065574646,7.833625078201294,1,0.2930624278048192
joint_only,18,-0.7252406242266942,0.6129826508891109,1.2946,0.8423167142570641,0.8379309360124456,0.10166120529174805,3.2075483798980713,1,0.23142026910346375
joint_only,19,-0.86205516386102,0.3774440026969422,1.4047,0.1900804957207291,0.28903659576833407,0.1010134220123291,3.1095874309539795,1,0.5075971192685861
joint_only,20,0.6556578271315445,-0.6412626485173598,1.0032,1.8251062173854182,2.783506515802707,4.158556938171387,9.218390941619873,1,0.22181010720326327
joint_only,21,0.8376709900854264,0.1134116262610646,1.4029,0.6755368889545726,6.034618744855434,3.951333999633789,11.229716300964355,1,0.6343234852711467
joint_only,22,-0.25663303835955753,-0.2961981155352495,1.3491,1.3424383594308622,1.345874132873281,0.051573991775512695,2.7111732959747314,1,0.32550971732525097
joint_only,23,0.8854556557862792,-0.09417669282748165,1.1701,1.1773958626191008,1.2398426367112192,0.10120558738708496,3.1061601638793945,1,0.36834429727034657
joint_only,24,0.6348759663586907,0.02819486946048788,1.0777,0.46633140320942484,0.3275700696716826,0.051407575607299805,2.505932331085205,1,0.22023327956223096
joint_only,25,0.1630564678351123,-0.15555864077535275,1.4786,0.6454423658106431,1.6551716433843777,0.10151982307434082,3.7097840309143066,1,0.6185565863752532
joint_only,26,-0.8107073539688927,0.13142790507643431,1.1683,0.9406852141788695,0.9991796681961691,0.10155010223388672,3.6085994243621826,1,0.5900309164773313
joint_only,27,0.9257967513215164,-0.4004724771494458,1.0464,1.9437272598769277,2.0747612368629063,0.05112028121948242,3.1077182292938232,1,0.2531914486859488
joint_only,28,-0.4195220359956043,-0.6372296038952384,1.0484,1.337888621143283,1.3865640418475162,0.05115151405334473,3.8089487552642822,1,0.24789783741105223
joint_only,29,0.9696607469429799,0.367357401521509,1.4237,1.802162131829604,3.4137870471303122,0.6523113250732422,8.417291164398193,1,0.7380074864024415
joint_only,30,0.7198780564140448,-0.4866527390905867,1.3019,1.033701309809753,1.918188806435017,0.30199742317199707,5.421444892883301,1,0.7594161493291848
joint_only,31,0.727346387535172,0.48822944609487984,1.4036,1.0381363060196802,1.5034364485976517,0.5604028701782227,5.520706653594971,1,0.5644682042563697
joint_only,32,-0.4212325078418716,-0.1561538984275238,1.3649,1.3941067560791245,4.012127445635282,1.805523157119751,10.12399959564209,1,0.6916606615247407
joint_only,33,-0.85922087728718,-0.04123320625842464,1.2681,0.6375388111225224,0.4779549287839229,0.10138249397277832,3.2086308002471924,1,0.6012722970231074
joint_only,34,-0.6354268419446407,-0.27911675449141515,1.4866,0.25633787487778836,0.3556770756396692,0.10108590126037598,1.4035260677337646,1,0.6567534554738923
joint_only,35,0.15524301229535165,0.22294804952197445,1.1893,0.9407176984691411,0.956899439411578,0.10125494003295898,2.606381893157959,1,0.47418484695648866
joint_only,36,1.0345705385752644,-0.3970511255359496,1.276,0.946622589256888,1.4185994870530576,0.10165643692016602,3.811004877090454,1,0.4092627653878149
joint_only,37,-0.3084461401438592,-0.692317334334872,1.4147,1.339353664606166,1.3280698257664685,0.10124015808105469,3.1084344387054443,1,0.26347554193250516
joint_only,38,-0.7709691150225211,-0.36013975813889587,1.3093,0.5730146277769532,0.5502769650432913,0.10113930702209473,2.4057624340057373,1,0.43729370324462097
joint_only,39,-0.5858183635151959,-0.07049190737862832,1.4309,0.27684742633328246,0.3276917833878109,0.05240035057067871,1.7085158824920654,1,0.5745933587975786
joint_only,40,0.4591726549584514,0.303465351461658,1.2887,1.0743787090190435,1.4747557814571988,0.10108256340026855,3.808584451675415,1,0.35879208592753126
joint_only,41,-0.1440538309504401,0.12578821123557826,1.3523,0.5450982333819024,0.9873657389900936,0.25162220001220703,4.010809898376465,1,0.5152551488496451
joint_only,42,-0.6940456757521627,0.40470562893961304,1.0229,0.8324440683151195,4.620097329016051,0.9537997245788574,15.533645391464233,1,0.34255420603724424
joint_only,43,-0.7921836694384579,0.06888690394064434,1.1139,0.521622470114633,3.334636100249896,1.634272813796997,10.347956895828247,1,0.3656966370904722
joint_only,44,0.14196844154917487,-0.43179480487803323,1.1447,0.9297104336356903,1.0078036773879957,0.15208220481872559,2.7116801738739014,1,0.29545415597484165
joint_only,45,0.4964385969190874,-0.21162563418306157,1.0399,0.36174059709698875,0.4364318912599922,0.1512007713317871,1.7096035480499268,1,0.10115056632050837
joint_only,46,-0.19700649221838762,-0.5870873818154306,1.1164,0.9208277124019055,0.8236643791356133,0.151261568069458,4.712169170379639,1,0.2633056499937387
joint_only,47,-0.36175969386856155,0.16381807925096203,1.0505,0.7331653494292278,0.6284601405545526,0.10116410255432129,2.3053596019744873,1,0.41749858562014225
joint_only,48,0.1767674463016049,-0.41069495230277936,1.139,0.6299358976428255,0.6927067791797697,0.201460599899292,2.407848596572876,1,0.3402323783635059
joint_only,49,0.911628589297721,0.12688140229347022,1.3178,0.7784815683423991,1.269902812387823,0.05158376693725586,3.7102103233337402,1,0.5133710692910674
joint_only,50,0.5658441555208145,0.48962949717484106,1.1824,0.5023513492093978,0.5603747194983154,0.10102272033691406,3.713188886642456,1,0.3258561941327269
joint_only,51,0.3995067226777984,-0.6273916880968029,1.1851,1.1291011695636561,1.218804210031933,0.10159516334533691,3.7105557918548584,1,0.321338975422142
joint_only,52,0.3289423962453073,-0.7303632510787509,1.1048,0.3074562166223817,4.203065381407642,0.9029800891876221,9.118129253387451,1,0.38665106541691124
joint_only,53,-0.8629679408167945,-0.5220497373523568,1.1335,1.357521802353515,1.2070093121739636,0.0517115592956543,2.909564733505249,1,0.2614667861973896
joint_only,54,0.41918721633415434,-0.4348539688011908,1.4683,1.2385094854632919,1.5286800583986224,0.20134186744689941,3.912961959838867,1,0.7002178522332063
joint_only,55,-0.2280577982483314,0.2826791906321652,1.324,1.2159610104675078,2.9989026382578383,0.20138859748840332,7.619912624359131,1,0.6543780471535403
joint_only,56,0.43038875253928044,0.037856020982938055,1.3046,0.9666607192018618,2.290518488343285,2.021465301513672,6.018959283828735,1,0.3389566634636956
joint_only,57,-0.34736890725482017,-0.4077582299971391,1.0856,1.0852191702568856,1.3972108568251658,0.4176630973815918,5.126115322113037,1,0.23343795403323264
joint_only,58,0.8950362723610386,0.12418447212023931,1.3646,1.2772501365050186,1.3099466147665209,0.1015923023223877,2.9108736515045166,1,0.5085808273766547
joint_only,59,0.27042349932944365,-0.06628068869288095,1.0817,0.7020020791038541,0.7515933635173282,0.10151886940002441,2.7111728191375732,1,0.38262645774228365
joint_only,60,-0.31650917764222386,-0.7095898621231824,1.1897,0.829734216994174,0.8291714403992078,0.1013188362121582,2.8065226078033447,1,0.16748748609271127
joint_only,61,0.9909889141874761,0.5676978648015553,1.4948,1.7125076079557975,2.5461711376196865,0.10154318809509277,4.6097352504730225,1,0.40467856293930604
joint_only,62,-0.8423649860397847,0.5325097049955348,1.32,1.7977353651406034,1.7744904479301837,0.10150432586669922,3.1107208728790283,1,0.48165505490356136
joint_only,63,1.036894794590899,0.4290349918121529,1.2785,1.820154277923848,1.7915840001600687,0.10416936874389648,2.9103996753692627,1,0.4571090438243645
joint_only,64,0.8139528829464104,-0.30754916491527445,1.3423,0.7034562984833109,4.142312658665781,1.2051312923431396,10.723615407943726,1,0.8363295793543977
joint_only,65,0.9824587623866678,0.21334494063141296,1.4214,0.6126702135291863,0.6454148286945891,0.30162906646728516,3.710968017578125,1,0.8875874879018454
joint_only,66,0.3459443233177544,0.6173339900432578,1.388,0.7539393216916643,0.755929907954336,0.05101490020751953,3.010326862335205,1,0.6675098257736637
joint_only,67,0.8659534285612076,0.2748160807942769,1.1145,0.679780803913795,0.6817782812951738,0.1015787124633789,2.6098501682281494,1,0.6683004369836226
joint_only,68,-0.16048853828244525,-0.33960480598058607,1.0161,1.1994901025452742,3.4748882010896707,1.4542014598846436,10.627569437026978,1,0.2319537247824977
joint_only,69,0.8455373354257656,0.5117925192125917,1.1577,1.3981014525126876,1.90152123409321,0.20253515243530273,4.523373603820801,1,0.2484961306788613
joint_only,70,0.7092210447121483,0.15005044088864938,1.1339,0.5348889495915201,2.805464379097594,3.731231927871704,6.01853609085083,1,0.22175605806604648
joint_only,71,0.8909905874824164,-0.27859465448598975,1.1055,0.445092740160412,0.5377558908404924,0.10168290138244629,3.313528537750244,1,0.4212334689919561
joint_only,72,0.2731512394544169,-0.6936153158032764,1.4715,0.8093114879806564,1.1403729837849095,0.10168981552124023,3.0086100101470947,1,0.43137198363413515
joint_only,73,-0.3050752382817403,0.06880490002182083,1.4382,1.0166453897419616,1.1983266068135274,0.05130815505981445,2.9113008975982666,1,0.7769853908668773
joint_only,74,0.7573943112274426,-0.24809805870092472,1.1573,1.33627027963303,1.624198618686395,0.05088949203491211,2.909287929534912,1,0.24759833336152692
joint_only,75,0.6531272222414466,-0.44646190821933746,1.3277,0.12877305535197034,0.3223113210495997,0.05123639106750488,3.609717607498169,1,0.4881040513134333
joint_only,76,-0.7705668286438195,-0.012918736225364547,1.1978,1.6265730848957007,2.074233879172282,0.1010289192199707,3.4098961353302,1,0.6288268979096563
joint_only,77,0.5661130234383152,0.5978207571815227,1.4573,1.5722108787526847,1.6719646704677333,0.10178709030151367,3.0102198123931885,1,0.3522963902199637
joint_only,78,0.7030590380315707,-0.37087648676591,1.2294,1.2137105562343264,1.6707476794451765,0.05092930793762207,3.407451868057251,1,0.22461603109371403
joint_only,79,-0.8227548265505632,0.579678921767469,1.1324,1.781945551665605,3.232080828486625,0.9049708843231201,9.721261739730835,1,0.24319316859447995
joint_only,80,-0.06245526417091707,-0.5048936042226579,1.1233,1.3241247648708068,4.431833547684251,6.087036848068237,13.830236911773682,1,0.28157480466804957
joint_only,81,0.2155672494475307,0.23885479778988572,1.2807,0.6909334332840575,2.381282127518691,0.3515629768371582,6.613531589508057,1,0.41060998733972204
joint_only,82,1.0195429862744507,0.27087036353998595,1.1314,1.1142683916445286,2.221378328673502,0.1515061855316162,4.916656017303467,1,0.769526023855114
joint_only,83,-0.04135267626812045,-0.4026176204254096,1.2923,1.4600715638257247,3.7788633567906253,0.15288066864013672,5.912010669708252,1,0.7310904259202945
joint_only,84,-0.8444721055358239,-0.583516191943497,1.4489,0.9998428004500738,3.0015357978442943,0.3015921115875244,6.1135687828063965,1,0.32402828712084286
joint_only,85,0.8225228775098163,0.22382589878815262,1.1997,2.036677438818802,2.950823229735527,0.5521349906921387,7.11304235458374,1,0.6408246375601897
joint_only,86,0.10138266448156175,-0.09244978694750272,1.1097,1.0732070965256932,1.2124321904508684,0.10134410858154297,5.812020778656006,1,0.6210275960032878
joint_only,87,-0.08316361642440584,0.10317803472374554,1.4988,0.4549677274048324,0.0,1.1538889408111572,0.0,0,0.0
joint_only,88,-0.130517797810334,0.11693152419136088,1.2548,0.5101829537588888,0.5650908704256461,0.05133509635925293,3.709763765335083,1,0.6031907345977815
joint_only,89,0.43253077786874905,-0.5191280971901155,1.0455,0.874038894932702,0.9547414666356683,0.3026113510131836,3.2108490467071533,1,0.355647866997145
joint_only,90,-0.8204545825065056,0.061855648669738694,1.0236,1.301293928273446,3.1939891329808763,0.803168773651123,10.274701833724976,1,0.3687640301374327
joint_only,91,-0.10364720625867363,0.14087801213979334,1.0548,0.7573311710516082,0.7218721671594107,0.20241212844848633,2.508140802383423,1,0.3698302375584144
joint_only,92,0.9929832509950729,-0.21249497566173614,1.3137,1.1542244359624745,4.480635804258287,1.7054927349090576,10.322079181671143,1,0.6883874556482606
joint_only,93,-0.4849419708476145,-0.6476975725975227,1.396,1.4873260876125771,1.591550500869595,0.1012721061706543,4.009139060974121,1,0.479571540002035
joint_only,94,-0.6858140517817499,0.1954513066740744,1.2111,0.9549154181755419,1.040078003436793,0.1513381004333496,3.708681583404541,1,0.6211865160767484
joint_only,95,0.801542866341459,-0.7110243602989752,1.0318,1.7505771186774095,1.8768896285931944,0.5193915367126465,3.7105653285980225,1,0.2108402172418599
joint_only,96,-0.6387973116538773,0.2143168652103431,1.1908,1.6202312023675416,2.539481678133502,0.4534332752227783,7.8168370723724365,1,0.5048028058906429
joint_only,97,0.5839108088193017,0.360982798348782,1.4981,1.141406772153536,1.4928115104365156,0.10106086730957031,3.4085073471069336,1,0.6247900852944748
joint_only,98,0.6147184377521813,0.36559093175322077,1.2646,0.37264110456675886,0.2378591598914519,0.1016535758972168,2.509751558303833,1,0.48002587119644813
joint_only,99,-0.1356601539587038,0.3237914080595038,1.4855,0.6420443739621384,1.042032426224337,0.10145306587219238,3.3107693195343018,1,0.618747456128547
joint_only,100,0.8283740741528494,-0.1535622063867247,1.4304,1.0066113803276682,2.150654112014573,0.20156073570251465,5.318487882614136,1,0.6544745434529621
joint_only,101,-0.6686084919671815,0.4971076937777247,1.0057,1.6260561274791678,6.593384121403278,1.8658666610717773,12.427754163742065,1,0.3583491344539629
joint_only,102,-0.23866169075732746,0.4874489159537795,1.3604,0.614840618653809,0.7082319098245055,0.1015024185180664,3.7619805335998535,1,0.26193620061598993
joint_only,103,0.9214670772629805,-0.6175721060958524,1.3409,1.6030718934167034,3.006996150226329,0.1016240119934082,6.111664533615112,1,0.24090317169842104
joint_only,104,1.0111033652302361,0.0449036582813952,1.2685,0.6726491725279243,2.1420254494876394,0.6022117137908936,6.013952016830444,1,0.7696062043720037
joint_only,105,-0.2918562504944361,-0.2914149146617354,1.1334,1.4761593522843022,2.264542197380578,0.05090928077697754,3.810025930404663,1,0.6179819557899517
joint_only,106,0.6959096646646317,0.34193532819971717,1.3205,1.2593622452480913,2.036891420117905,0.1012120246887207,3.809544801712036,1,0.26460010287148183
joint_only,107,-0.758918537647011,0.0120526843128127,1.0558,1.7211434986449867,1.8807570527360533,0.10144305229187012,3.116546869277954,1,0.2383127229726548
joint_only,108,-0.17748644512178002,-0.5821499194284695,1.2174,0.9317363070985789,0.952775249525598,0.1519489288330078,3.013896942138672,1,0.47270272984531136
joint_only,109,0.3523082014928294,-0.6040574430072863,1.2269,0.6248046786474482,0.5310670320533525,0.15249109268188477,2.3308486938476562,1,0.45107592423124454
joint_only,110,-0.7287837213861684,0.38623572146494956,1.4769,1.4652799609707174,1.732470873193729,0.20286226272583008,3.210066080093384,1,0.671440588730182
joint_only,111,-0.7048516506831496,0.6126427808606151,1.4379,0.23809512429728907,0.2529081298766002,0.152205228805542,3.008194923400879,1,0.5348973897245742
joint_only,112,0.7379687423043702,0.558519545325422,1.1317,1.5729716731830192,1.6781396928919547,0.10180282592773438,3.307565212249756,1,0.46012079904785197
joint_only,113,-0.12725350147772496,-0.6282700152560291,1.2503,1.5506097727677457,2.685526008262224,0.10128641128540039,4.208641052246094,1,0.5299529045983682
joint_only,114,-0.032191977672493044,0.5023309251201674,1.0893,1.2348893031038783,1.3969097440510716,0.050992488861083984,2.7098143100738525,1,0.5343135820542546
joint_only,115,-0.8504970760709754,-0.09906027790007044,1.4563,1.04328185544336,1.0862673342214018,0.15128827095031738,4.609713792800903,1,0.977590079882849
joint_only,116,-0.6400629788877781,0.14901495510747143,1.4353,0.3253399086349124,0.3255934076414483,0.15109896659851074,3.708446741104126,1,0.9712925412533217
joint_only,117,1.0340259910765421,-0.22792782373443055,1.1492,1.739161230980184,2.164118733477354,0.7526566982269287,3.909127712249756,1,0.26132666198319404
joint_only,118,-0.4298330480544449,0.5804677691914001,1.3195,1.7559985862034753,2.517045193277878,0.25170278549194336,4.208834648132324,1,0.33609200410998846
joint_only,119,-0.7874570545139581,0.48143063822114984,1.3045,0.4421187928693049,0.3912332590853468,0.10109496116638184,1.7112436294555664,1,0.365721739070178
joint_only,120,-0.7267352086944394,0.017995786767414867,1.0764,0.7210375709499106,0.6653519386478886,0.1014564037322998,3.210883140563965,1,0.4298571541377154
joint_only,121,0.37446810078409043,0.21295869866486405,1.3813,1.223174197847338,1.1529409415955874,0.10193753242492676,3.1090402603149414,1,0.44043292020717417
joint_only,122,0.2851109662315847,0.49519110641461894,1.2697,0.29280121261800757,0.3822189775359502,0.0510563850402832,2.205470323562622,1,0.25811472098492066
joint_only,123,1.0107155614397394,0.48022243906611906,1.3893,0.7020062262401364,0.8196022948058458,0.10165858268737793,3.3207831382751465,1,0.3057415062035443
joint_only,124,-0.32323049533139503,-0.48452152653955194,1.2652,1.8535105971099788,2.804161133301288,3.0883543491363525,6.52289342880249,1,0.48573773595633946
joint_only,125,0.2838064136884284,-0.6361926088101109,1.0003,0.6454645990735024,1.117651031304345,0.8532078266143799,5.111574649810791,1,0.1386277799419743
joint_only,126,0.5107565171871349,-0.0064035926431784684,1.1621,0.499774417885829,3.2005082254340813,1.0527684688568115,10.321932077407837,1,0.5486516506538113
joint_only,127,0.48413718400178873,-0.5195643253401193,1.0097,0.7667455155239189,0.7840215721202051,0.10124325752258301,2.2099125385284424,1,0.4765336081221687
joint_only,128,1.0095034281445934,0.25413860452560666,1.4645,0.9876818620323861,1.9791044837033716,0.20156192779541016,5.014035940170288,1,0.9022372759984426
joint_only,129,0.9756678540076542,0.4469717841735611,1.4394,0.4241827286072232,0.2418073583603667,0.15125775337219238,3.511000156402588,1,0.7508299958755091
joint_only,130,-0.12684960684770574,0.37070027649423853,1.4158,1.2727080501378303,1.1749889274634848,0.3014380931854248,2.5060133934020996,1,0.3178939160271537
joint_only,131,0.3045670778279319,-0.21965596298897638,1.1538,1.0549643903660522,1.3960942386511586,0.20319294929504395,4.508891820907593,1,0.4540188348017639
joint_only,132,0.7885674927374753,-0.09901559844171082,1.029,0.47243964088499,2.8822631974408126,0.35184359550476074,6.519094228744507,1,0.41084741102309363
joint_only,133,-0.7612637656378625,0.4451285449744432,1.439,1.860098130089085,3.410425618614304,1.3054628372192383,9.825380086898804,1,0.6046237476538459
joint_only,134,1.1023342110804804,0.020163163498010173,1.4735,1.8219378186147899,3.4575173000814945,4.20232081413269,9.321226596832275,1,0.9988346423711416
joint_only,135,0.8110011283226295,-0.4031437082048464,1.0428,0.6697012083646378,3.2553443843582923,0.3515815734863281,7.515334844589233,1,0.4901273791667597
joint_only,136,1.0179291360267877,0.08988394773550923,1.243,0.5721419242051201,0.6073720914077663,0.1012430191040039,3.7089102268218994,1,0.8461235835186419
joint_only,137,0.3521301725875494,-0.2508844254228771,1.0346,0.7763328331628649,1.389704443841726,0.20120525360107422,6.312563896179199,1,0.34190831948794914
joint_only,138,0.15824986319131829,0.3181654702447686,1.3803,0.7275312969874717,2.0375221765240723,0.10144805908203125,4.309844493865967,1,0.3791624882762419
joint_only,139,0.22087935445103035,0.027728772889620834,1.3829,0.5099559412425153,0.4163482078237909,0.05129289627075195,3.5102930068969727,1,0.6119476379234751
joint_only,140,-0.6073818172108301,-0.7034526027454723,1.0642,1.122662675859861,0.0,0.05186820030212402,0.0,0,0.0
joint_only,141,0.5224861003726611,-0.4503872420867566,1.2376,0.7642301835408314,1.1478445889338968,0.10147285461425781,3.108177900314331,1,0.2968770903382741
joint_only,142,-0.17813545844532475,0.06754690173826594,1.2749,0.9837650170312653,0.8465070909157968,0.05104422569274902,3.106924057006836,1,0.4475732606297337
joint_only,143,0.9190425324866094,-0.2644969883099853,1.1325,1.0153997666587753,1.057264563383176,0.1013338565826416,3.7146310806274414,1,0.47671892742360245
joint_only,144,-0.08705220543924252,0.11174712611309823,1.4362,1.1170173018078045,1.0304268676191393,0.15110278129577637,3.7171545028686523,1,0.5505164643422056
joint_only,145,-0.5815003607986469,0.5301313969718934,1.2116,0.8981983637853593,3.813192670556934,13.428229093551636,7.515729188919067,1,0.5009571817622182
joint_only,146,0.03700706886423388,0.6035647584422456,1.1059,0.7232214735765952,0.6428624715725256,0.3013927936553955,4.409874677658081,1,0.2570025889467715
joint_only,147,0.38240049325575054,-0.4130399197987627,1.2696,1.0558760389125643,2.2613199330532163,0.5022919178009033,7.414411306381226,1,0.25639124223448906
joint_only,148,-0.619213147185695,-0.5342856991141075,1.365,0.9728048657683345,1.1161069296110553,0.0512237548828125,3.2075788974761963,1,0.47379332679771285
joint_only,149,-0.512513672720895,-0.2680531527130119,1.1006,0.5792695369314594,0.4653780178547549,0.051132917404174805,1.6037943363189697,1,0.40430188096326136
joint_only,150,0.4500994377486758,-0.5062324969689606,1.1559,1.093053340401968,1.2890893672120547,0.10097670555114746,2.908458948135376,1,0.37555368736555905
joint_only,151,-0.5381707049909699,-0.3602168741700888,1.4976,1.0828917056401994,1.0279313424131935,0.10097503662109375,3.009161949157715,1,0.38442904366517633
joint_only,152,-0.6338997034786091,-0.10988997272303469,1.3249,0.5897487950431203,1.006591527677069,0.10121321678161621,3.307729482650757,1,0.41344277050541933
joint_only,153,0.12477303083432634,0.20560249453674795,1.2191,1.0136464338698996,1.7486866344297094,0.05142068862915039,4.0112364292144775,1,0.33562797285452267
joint_only,154,0.37149857197097913,-0.63066309010225,1.2588,0.8568357199503344,2.7652023176573333,0.8040006160736084,7.067777156829834,1,0.4784460128054911
joint_only,155,-0.75194348356766,-0.362570111445742,1.0605,1.416515068328638,2.038002402801834,0.20253419876098633,5.620935440063477,1,0.3527436964860103
joint_only,156,-0.5072793396356601,-0.45535402973536,1.1123,0.390483177155723,0.23936392937806258,0.3094329833984375,2.5093564987182617,1,0.5085313507427083
joint_only,157,0.3523809571730465,-0.23611265923113267,1.169,1.0723696894695014,0.9877960823254399,0.20277810096740723,2.3072245121002197,1,0.2606710309395775
joint_only,158,-0.800293891870835,-0.39615163847131546,1.2942,1.1576613036396637,1.4432076434247771,0.7093822956085205,6.315735340118408,1,0.4961956858948396
joint_only,159,0.14114469027325027,-0.011876071245456199,1.1151,1.2878073027701842,1.2665168792840031,0.10121941566467285,4.909938097000122,1,0.5448793863885397
joint_only,160,0.18264742211385587,-0.4098455280058814,1.1101,0.4837240761090562,0.5317924275108631,0.1014854907989502,2.210015058517456,1,0.5177176456170638
joint_only,161,-0.8332188860045463,-0.300463226488713,1.0355,1.0233414214093988,1.0559121951233805,0.10130643844604492,3.1096184253692627,1,0.5192157243216033
joint_only,162,-0.6356314547342441,0.48058448373661566,1.3156,1.0185272790322115,6.377113956799666,0.5518982410430908,13.125054836273193,1,0.4008045081579881
joint_only,163,0.6911373949197446,-0.058140418671475236,1.1145,1.4007196700473286,2.0780822374311967,0.15113019943237305,4.70966100692749,1,0.24377337518647957
joint_only,164,0.2901190959173825,0.28123383752926945,1.4527,0.4666908020903441,1.4153932747282911,0.6552183628082275,5.620314598083496,1,0.8802810908061584
joint_only,165,-0.3105561547069281,-0.24412492474827535,1.4298,1.0030876850175376,3.4301718902672427,2.5634279251098633,5.917622327804565,1,0.4819903289104446
joint_only,166,-0.16721628927046872,0.6124719518415541,1.0354,1.1145453252838093,2.767614237447753,0.2025139331817627,4.810937404632568,1,0.4342558668058137
joint_only,167,-0.6712671392663598,-0.5329715427607278,1.119,1.391578459804416,1.722224181500319,0.10105609893798828,3.2089176177978516,1,0.2537378157128229
joint_only,168,-0.503224158330312,-0.35127923821465407,1.3345,0.2862594418789164,0.4183844926078623,0.1011350154876709,2.906805992126465,1,0.3983483215751914
joint_only,169,-0.7139767160986251,-0.022321350730470035,1.1071,0.659067723693476,0.4563785594061052,0.1523427963256836,2.208768844604492,1,0.34916616351483926
joint_only,170,-0.6509388959029203,-0.1963464069111509,1.0662,0.41986053211965335,0.2069538657755262,0.05257153511047363,2.104186534881592,1,0.45684587309266556
joint_only,171,0.7464368446214729,-0.3886415156402526,1.4678,1.465443095037837,1.7527172626453587,0.10091543197631836,3.8108956813812256,1,0.3726397553415923
joint_only,172,0.9690232104508749,0.02199221500113957,1.2855,0.6545282492896178,0.5176027643998105,0.05104684829711914,3.708425283432007,1,0.4550236935328693
joint_only,173,0.6521349935864189,-0.4860018894819629,1.2363,0.7165433760055995,0.6242333150886538,0.1016092300415039,2.7090115547180176,1,0.6328528847387994
joint_only,174,0.1330837705525898,-0.4099290276616797,1.3923,0.620557938717898,1.083158711607771,0.1538982391357422,3.708725690841675,1,0.6627303952415357
joint_only,175,-0.30093424347781306,0.05562131623466937,1.4037,0.7111268704928734,3.681732390094001,1.2032456398010254,9.946532964706421,1,0.7978737769547686
joint_only,176,0.1825922553172432,-0.6717944604059854,1.0952,1.085416100158777,1.3856667006819208,0.15263986587524414,3.209613800048828,1,0.20455647005187697
joint_only,177,-0.7473908085229743,0.6172053593037848,1.0485,1.6666171415569975,5.046559010379035,1.257878303527832,15.930460214614868,1,0.41112218711651166
joint_only,178,-0.36830222225822007,0.19338474033567887,1.2155,0.6948023081034724,0.6364060025040467,0.10134148597717285,3.009838104248047,1,0.8279653829034568
joint_only,179,0.06166400570641384,-0.17713058396165293,1.2118,0.7270653431522521,2.108471043162381,0.10129046440124512,4.209880590438843,1,0.4852187075097284
joint_only,180,0.7732876662352792,0.5829469752557884,1.2335,1.0566039322674958,1.1106802549632866,0.05110430717468262,3.1117911338806152,1,0.5710234426656429
joint_only,181,0.986790785419297,-0.49398576708838293,1.3645,1.1737030057674587,11.14508072257205,0.35153698921203613,26.35544466972351,1,0.5006188271280867
joint_only,182,0.2656057103225853,0.413672739265866,1.3367,1.2391214010337728,1.2525605669352666,0.30280280113220215,3.8147599697113037,1,0.5899839507250245
joint_only,183,-0.47337465166537035,-0.518136734502522,1.4921,1.242218069719197,1.8306077276961361,0.20189785957336426,7.014853477478027,1,0.32424068606697454
joint_only,184,0.44542089141986874,-0.02430810636723002,1.0492,1.2629288057351213,1.1917471510431445,0.10111832618713379,2.5056240558624268,1,0.49456429698542864
joint_only,185,-0.09517379708833662,0.379007629833947,1.2013,0.7509212764488671,0.74265147819535,0.05094647407531738,3.211581230163574,1,0.3835171357357536
joint_only,186,0.04403133519715996,-0.32890680089846874,1.1697,0.8287311126437177,0.8191702292799659,0.25161027908325195,4.413471698760986,1,0.38150518047445936
joint_only,187,-0.4127544382190081,0.4930154636792571,1.4308,0.9764903051588034,1.8553001670270717,0.10126066207885742,4.210815906524658,1,0.45507306081597776
joint_only,188,0.9236277239317321,0.1147030063858252,1.1243,1.5355632005317823,1.754143612373848,0.0508885383605957,3.209263324737549,1,0.44677063409889156
joint_only,189,0.37111736118755023,-0.2828396854611636,1.0951,0.8218141627521101,0.6961780460621093,0.05123305320739746,2.10500431060791,1,0.4224213369378758
joint_only,190,0.3559842022503137,-0.010024459624534132,1.2243,0.3632067577690513,0.3272274466649366,0.10120606422424316,1.5041539669036865,1,0.6383414142233329
joint_only,191,-0.5723803883696872,-0.3146938788489167,1.2109,1.089020795349944,1.6118019669171095,0.10094070434570312,3.510612726211548,1,0.3638100233290303
joint_only,192,-0.8065387143536853,0.04002842701318898,1.1393,0.5842543295265071,0.45709343685590936,0.10119462013244629,2.50864577293396,1,0.32264237446138827
joint_only,193,-0.19499397404507146,0.3854075366193458,1.1249,0.819544223286954,1.0111795062908617,0.4015932083129883,5.010221481323242,1,0.28443578906704803
joint_only,194,-0.6203174712580108,-0.19712726277005532,1.4616,0.5593683107686682,3.07051559245989,0.2516176700592041,6.415229558944702,1,0.7184987249814764
joint_only,195,-0.41862373464890457,0.2493750289720732,1.2216,0.5709628047995258,0.48590428059615304,0.25275540351867676,3.417914390563965,1,0.5636467168172974
joint_only,196,0.5024058169337922,0.002703385159597227,1.4307,0.8206626463421355,2.026718378939194,0.30458664894104004,4.723140716552734,1,0.6585516046831736
joint_only,197,-0.5130733252995743,0.5052110712724055,1.2752,1.0720397024815502,3.50286526588445,0.7031354904174805,8.017213344573975,1,0.46401002474514774
joint_only,198,0.04269550282267098,0.5585673086266344,1.0253,0.9130948867345803,2.7044680635081906,0.15133929252624512,5.010304927825928,1,0.4005371840288101
joint_only,199,0.1296713615490115,0.09713811948720619,1.4996,0.6813441717011495,2.9177297063054217,2.0045039653778076,8.017046451568604,1,0.5282048124465617
joint_only,200,0.9744584358825197,0.03349299425157315,1.418,0.6780926029763441,1.3977851483606822,0.15151572227478027,4.309331655502319,1,0.5571584882312554
joint_only,201,0.5287469732091561,-0.5334113550358048,1.4845,0.8196809702313946,1.3118299616036908,0.05109667778015137,4.113176584243774,1,0.3886847597554518
joint_only,202,-0.032373009478670944,0.26887437974836936,1.4632,1.1719998649674512,2.137905578003962,0.10115218162536621,4.9102349281311035,1,0.6016960674645329
joint_only,203,0.020563634122989782,-0.5874109250148023,1.4243,1.01637708532296,3.6389706779029125,0.8526465892791748,6.616902589797974,1,0.5597444716881252
joint_only,204,-0.6259185658551252,0.5222367467162697,1.0832,1.4990428863009404,2.5248989589746293,0.10171627998352051,4.114700078964233,1,0.48852134533507746
joint_only,205,0.29890791364644986,-0.19477028488244097,1.2428,1.2281329602352429,1.146291199590831,0.15299415588378906,3.120342254638672,1,0.4841692929479755
joint_only,206,0.7182555351212587,-0.7366356003916756,1.1069,0.8224514637371305,0.8871233964547802,0.15314340591430664,2.3152194023132324,1,0.14759495283962826
joint_only,207,0.19211808502296313,0.5208816169511331,1.2005,1.417736892095765,1.8120833195842774,0.1533827781677246,33.213375091552734,0,0.6229794666325107
joint_only,208,0.5887274737535213,-0.12165254921740487,1.0293,0.8773731262398747,0.8870985490298569,0.10109472274780273,3.4076058864593506,1,0.15359946208676006
joint_only,209,-0.5938213856072367,-0.5006442805404492,1.1895,1.170655131195319,1.3197893932812732,0.10123300552368164,3.106624126434326,1,0.4288266604186351
joint_only,210,0.9402245759169743,-0.24507078261374604,1.4927,1.6754973359871301,1.9953187649653321,0.1512606143951416,3.00872540473938,1,0.6854974757653433
joint_only,211,-0.8470467870419227,0.16870034915096044,1.1326,2.0629826417471775,2.835233587942628,0.10132098197937012,4.008596897125244,1,0.6095385902968262
joint_only,212,-0.5783504735933301,-0.1733064539990693,1.392,0.5441337017527529,1.5733173552713005,0.30225062370300293,5.02507209777832,1,0.6706297325365052
joint_only,213,0.12235051047652279,0.07505901379774027,1.2275,0.6882536005727251,0.7411150910113736,0.10128140449523926,2.3082265853881836,1,0.5019184180166395
joint_only,214,-0.456967114484549,0.4909265936915409,1.2115,0.8401616680871756,0.7007794906108307,0.6019880771636963,3.808708429336548,1,0.45298452965913727
joint_only,215,-0.8005585583250759,-0.09438001741886093,1.4787,0.6546582822987387,0.6553580312223296,0.10152125358581543,2.7082674503326416,1,0.7191404080473126
joint_only,216,0.664095736289511,-0.12018114105621003,1.4977,1.3569650903059964,2.026746350605105,0.7553141117095947,6.011482000350952,1,0.4406196359124415
joint_only,217,-0.07868761334510388,0.025945815217491397,1.2779,1.0381096915853658,1.8930263975794466,0.1012721061706543,3.917273998260498,1,0.5775012748348681
joint_only,218,0.8350591008487913,0.5569626449716115,1.3592,1.1627105458427434,1.3905986665263435,0.15262269973754883,3.0106563568115234,1,0.26410955259848345
joint_only,219,0.40340709469972924,-0.1813992489112155,1.0774,1.1108139487665067,1.3615413475952158,0.15839862823486328,3.4102911949157715,1,0.30591083420846205
joint_only,220,0.5460569575755418,0.1623614961845481,1.1484,0.4308783829976465,0.5344707994849971,0.1024777889251709,2.617886543273926,1,0.26980501593460465
joint_only,221,-0.4150097531624425,0.18018062970465287,1.4844,0.9331134409483154,1.1367986227527374,0.1588754653930664,2.707862615585327,1,0.4439114800115596
joint_only,222,0.7124336812096612,-0.4976796343373456,1.2896,1.5711058200877852,2.8288071166373,0.45298314094543457,5.71440863609314,1,0.26740765575334424
joint_only,223,-0.6759071595509779,-0.40888140956675006,1.2711,1.3905889723868168,1.4507959986494328,0.1512749195098877,3.7120180130004883,1,0.43578893666874496
joint_only,224,0.7724957715717773,-0.19726983030424305,1.374,1.3510157513999859,1.5281667117771647,0.20691466331481934,3.3077194690704346,1,0.5153984088115964
joint_only,225,-0.2919811986226717,0.4885654146480186,1.0286,1.2729163594242303,2.543984549996681,0.8579285144805908,11.322776794433594,1,0.28400921352938024
joint_only,226,-0.46096944230057385,-0.7065447518773718,1.2921,1.3910837231151703,2.4511684764908406,0.15114903450012207,4.110649824142456,1,0.4350501404910175
joint_only,227,-0.03773654072566912,0.48353093101976363,1.2514,1.4146275852516719,2.0348016593666465,0.1513044834136963,4.313441753387451,1,0.5250481669227344
joint_only,228,-0.35882275493917826,-0.22130263117817528,1.4264,0.9889831722241182,3.476672288289156,3.5420007705688477,9.740659952163696,1,0.6599309940829685
joint_only,229,0.36406313535698365,-0.18046838988923564,1.0787,0.7677237527655701,2.79659447863154,1.8559975624084473,7.614861011505127,1,0.6447322399171859
joint_only,230,-0.2893688645879192,0.5601748437660033,1.4804,1.1565751005102993,1.2963946691976358,0.10113859176635742,3.508223295211792,1,0.6615920939501059
joint_only,231,0.8483035282296632,-0.07326953360516819,1.0401,1.519358998594817,1.519417255608089,0.10127377510070801,3.1080470085144043,1,0.8550842809002578
joint_only,232,-0.030226834141979353,-0.7121271703681586,1.0929,1.2803535152295873,1.3029072771385335,0.1013798713684082,2.305393934249878,1,0.3363316460094708
joint_only,233,0.3825538316954238,-0.38866232021478003,1.2975,0.5847049119149026,0.6785027736649275,0.10113716125488281,2.2091033458709717,1,0.9014154921348491
joint_only,234,1.0780851221544403,-0.020701689516109623,1.3376,0.7687910690759896,0.7742790374466266,0.3517293930053711,3.2072255611419678,1,0.9087563464332638
joint_only,235,-0.8365496790829209,0.5132465602141257,1.1176,2.1323412372847024,3.7181497514651625,0.4022367000579834,7.469438314437866,1,0.2334423652735894
joint_only,236,-0.3298225525979577,0.018440575456700192,1.0599,0.8519762170124251,0.959882432429841,0.15411806106567383,3.5107016563415527,1,0.3772259050871077
joint_only,237,-0.46387303937048446,-0.7278917314232478,1.4451,0.7959319077202848,0.9896756524817863,0.153273344039917,2.709932804107666,1,0.45051882288476075
joint_only,238,0.8590501337289052,0.07784560238200366,1.1231,1.6719188990593186,1.6786525585251246,0.15202069282531738,5.120929479598999,1,0.690169519461119
joint_only,239,-0.5254141257683229,0.5134020137008949,1.2973,1.5269037462284696,1.9257893678623492,0.15281152725219727,3.4105091094970703,1,0.507239602355499
joint_only,240,0.15549489187058407,-0.6784687616510744,1.3097,1.446072102256417,4.74892312220819,0.10190224647521973,7.315973520278931,1,0.46201146663438325
joint_only,241,-0.7088930401723994,0.08573099840681742,1.2096,1.286976720686928,1.6803027915799829,0.05132484436035156,3.3066813945770264,1,0.6532741618749959
joint_only,242,-0.30080901372047286,-0.2543056875771598,1.2918,0.6279158059057595,0.5636910267817011,0.10281515121459961,2.1044719219207764,1,0.6647046115891349
joint_only,243,0.2496139970684501,-0.08890674737843696,1.2614,0.7191070207468329,0.7764999263055873,0.20187830924987793,3.7106175422668457,1,0.33603185735339725
joint_only,244,0.5789578966707161,-0.44767191981630017,1.4674,0.5287014474372143,1.3423087729988972,0.10180068016052246,3.710815668106079,1,0.44884635542579154
joint_only,245,0.30644445864790515,-0.67234093227264,1.1021,0.7500684664431939,0.6888553242671261,0.10120177268981934,3.509265184402466,1,0.3695344331103096
joint_only,246,-0.2105286084007837,0.3162333679467594,1.3581,1.1902830261979682,2.9905442649524754,1.9045374393463135,11.02208161354065,1,0.5543630876502162
joint_only,247,0.5702701147955418,-0.062194931532683295,1.1193,1.0888744340899394,0.9638822719738841,0.051347970962524414,2.9092588424682617,1,0.1971007981647002
joint_only,248,-0.3846311701200903,0.3824465844843504,1.1979,0.9394570052050515,1.0655728660689743,0.10104846954345703,3.0068366527557373,1,0.48793417949366313
joint_only,249,-0.33360833801021395,0.06797693627812573,1.3358,0.43380032498626764,0.526078386441753,0.05105781555175781,3.7106118202209473,1,0.9765809134313977
joint_only,250,0.9451155065661652,-0.555011201117347,1.15,1.4351016320149186,2.099938253203126,0.20112085342407227,5.621267557144165,1,0.3899608415679411
joint_only,251,-0.5060665350418558,0.001571901697864142,1.1581,1.4398076494644918,1.592191566912417,0.2032175064086914,3.9214179515838623,1,0.49836966955530027
joint_only,252,0.7256041950613934,0.16216834586052575,1.3759,1.111812658059001,4.847658285691235,2.058943033218384,11.325970649719238,1,0.7739413555445456
joint_only,253,-0.3781580064410935,-0.07053009995432491,1.0363,1.3546623236012059,1.1602007506974477,0.1526801586151123,2.7060768604278564,1,0.32307231778317025
joint_only,254,0.9981256112588675,-0.6888275611796729,1.2291,1.4601208871776745,4.515514909188277,0.6524925231933594,14.928526639938354,1,0.349563030759218
joint_only,255,-0.515099665957625,0.037356746779313,1.4992,1.7007423669956128,3.2283524590309876,1.1039047241210938,8.217071771621704,1,0.5986942280504103
joint_only,256,0.5092869696832367,-0.3344424638701152,1.498,1.0300231928995593,1.531057974830998,0.20181608200073242,3.9124388694763184,1,0.5364368833988975
joint_only,257,0.998536181422826,-0.09142966631264471,1.0366,0.8206251335612182,1.398285771747579,0.802370548248291,9.017526388168335,1,0.33935069639854626
joint_only,258,-0.24054286203186737,0.3959298614830308,1.1066,1.5301104493905415,3.5331142277057266,2.0562245845794678,12.128956079483032,1,0.2731221543534013
joint_only,259,-0.41712248449577255,-0.5773410989420189,1.1326,0.8800606191434901,0.9232316453582707,0.15222406387329102,3.213261127471924,1,0.26634953749018586
joint_only,260,-0.19936782181169288,0.2528295440805183,1.4666,0.7737704200483111,2.146249745486004,0.15242576599121094,4.714862585067749,1,0.5578044640921717
joint_only,261,0.19627174148791826,0.34345362848873606,1.4404,0.5019163741747688,0.39249781095709463,0.15244317054748535,2.8067288398742676,1,0.5562635898861992
joint_only,262,0.8830078970041229,0.10319602056248656,1.4396,0.8115783712022491,4.028717143231192,0.7021498680114746,6.813567876815796,1,0.6363530067357571
joint_only,263,0.851535968071643,-0.713775829491568,1.1848,0.9071433313846807,0.7709909180173965,0.10120320320129395,4.511928081512451,1,0.27624637699654697
joint_only,264,0.9882321784525603,0.3545281659530163,1.0789,0.9568986207137788,4.018885712296405,2.6588921546936035,8.517365455627441,1,0.6692021317759199
joint_only,265,0.6475671886614935,-0.19074692470090127,1.4169,0.7418504464261305,3.585681383377891,1.0529186725616455,10.325178384780884,1,0.7089668130476677
joint_only,266,0.8586280403173234,0.6091306866798317,1.3518,0.8339918049665043,3.2169768335994147,1.4358940124511719,10.93983507156372,1,0.26359225283808707
joint_only,267,-0.03787042148684694,0.27043808238313705,1.3058,1.0693934364540063,1.2484093345773786,0.25177502632141113,3.908170223236084,1,0.6668087228538654
joint_only,268,-0.17013888355598095,-0.3483336254672917,1.4936,0.6684565315274065,1.1805662657268414,0.1517658233642578,5.9127397537231445,1,0.6708015749341737
joint_only,269,-0.7895712981407308,-0.7184412136762894,1.327,0.7411658327755397,0.7470963094842384,0.10118293762207031,3.407351493835449,1,0.12284047320677527
joint_only,270,-0.11126458532951089,0.1908353664202781,1.0039,1.1797492276236068,3.373624106663031,0.6020328998565674,7.0154500007629395,1,0.39987837729444875
joint_only,271,0.685535818571624,-0.6201492828229554,1.4086,1.2104743749660085,1.6066959989537146,0.10116195678710938,2.7058160305023193,1,0.5725320170107469
joint_only,272,0.9994588681815753,-0.10079032354267892,1.1497,0.8891479478688182,1.4618402624495597,0.4521465301513672,4.109659910202026,1,0.7640983017045598
joint_only,273,1.0914962170034874,-0.42468308229914875,1.3317,0.37076941586802137,1.2988464469808092,0.10124754905700684,4.308970212936401,1,0.6178163599251366
joint_only,274,0.33153432744989875,-0.038565985863317165,1.4695,0.9183581911504584,1.4041066632809776,0.3018507957458496,4.8105010986328125,1,0.556450926564531
joint_only,275,-0.43599633362291246,-0.48683382781379425,1.0671,0.9766094001351744,1.0012359539399776,0.15123558044433594,5.411901235580444,1,0.22454025118402524
joint_only,276,-0.7583558150513484,0.5885470138134749,1.0577,1.2322676567167967,1.7200090580838892,0.10147643089294434,3.8076329231262207,1,0.2762617245479154
joint_only,277,1.0989073044852347,-0.5040679275724245,1.0535,2.2253837043062656,2.760922366551931,0.5018556118011475,8.223310232162476,1,0.3114250027855498
joint_only,278,0.5065128649826163,-0.5315470246890391,1.2766,0.6331708615994035,1.2413167599298223,0.4553260803222656,4.634172201156616,1,0.5257237183859218
joint_only,279,-0.4293934874215611,-0.005197142944449729,1.1362,1.0829477369102793,1.7835544089489905,0.30370354652404785,3.5094802379608154,1,0.5137737045200589
joint_only,280,-0.6916730882776498,0.4626312252541428,1.3024,0.6572884392217321,0.5616722016068875,0.30809926986694336,4.3135826587677,1,0.512548925697642
joint_only,281,0.8884986943003128,0.5700651585676811,1.3588,1.5154420209752464,1.5060717598007767,0.05106210708618164,2.7075953483581543,1,0.37003871152331125
joint_only,282,0.4256896056265411,0.013878027216957523,1.1018,0.7310318811028245,3.8849994617162005,0.6020309925079346,11.221289157867432,1,0.4418677100177912
joint_only,283,-0.13433135928159368,-0.3860983011133118,1.3171,0.45602784503409743,0.7336488856220816,0.10146760940551758,2.1049575805664062,1,0.5293232551029377
joint_only,284,-0.7123664000710418,-0.4404682805209592,1.132,0.6900771977160185,0.9241897660763607,0.1012260913848877,5.5112268924713135,1,0.2575328906676154
joint_only,285,0.8140921036446596,-0.06266867188279923,1.2443,1.5766378148046685,2.170832484792636,0.8539407253265381,7.013843774795532,1,0.38608931748050507
joint_only,286,0.7615176744636456,-0.2651101483423867,1.4527,0.25890761804597245,1.2897395439439927,0.25176143646240234,5.111037731170654,1,0.40001645384867257
joint_only,287,-0.3437499685242069,0.4642376012519872,1.4231,1.3251240001505453,5.064318522198444,0.6028263568878174,10.829224109649658,1,0.6372213235716078
joint_only,288,0.8128529870647874,0.44866223211876866,1.0461,1.4991792590711412,1.6743483330023647,0.20218706130981445,3.911585807800293,1,0.6063398134549595
joint_only,289,0.5093884370285202,0.19151342039865282,1.2118,0.6096784694060258,0.45653446705064465,0.10101008415222168,2.105252504348755,1,0.8705943626048247
joint_only,290,-0.5586446813091279,0.46731642313932775,1.1383,1.306738832561328,1.2499767451485013,0.1019289493560791,2.4085347652435303,1,0.3981725562167183
joint_only,291,0.7637687996193596,-0.5659328020914862,1.0018,1.823628600460977,0.0,0.05121445655822754,0.0,0,0.0
joint_only,292,-0.5543738860322531,0.3808866911395915,1.3856,0.3116161853593489,0.7140064331077601,0.20198631286621094,2.9164164066314697,1,0.6947140896534619
joint_only,293,-0.8603432022572358,-0.3486096050176698,1.3186,0.8947742943956238,3.4595011715638813,0.5033779144287109,7.3156538009643555,1,0.42801145449296274
joint_only,294,0.3792544105470368,-0.3860298796178444,1.131,1.1915417192415692,1.2367843748932177,0.10275387763977051,2.916170358657837,1,0.33201075960275767
joint_only,295,0.6726535731895666,-0.5960086022517591,1.3706,0.4965309106266223,0.46259479567084716,0.10111665725708008,1.707521915435791,1,0.41347563779545765
joint_only,296,1.0356501516485273,-0.2732676438628453,1.2758,0.5106321435231833,0.4525056044886416,0.201859712600708,4.410433292388916,1,0.4626877315819339
joint_only,297,-0.6698257191224737,0.544751941462884,1.2138,1.8018933950604819,5.340422326279988,1.6544768810272217,11.92426085472107,1,0.527761507955356
joint_only,298,-0.2764902103114102,0.23002844979861703,1.0048,0.8813248540199382,0.6090742700599793,0.2515678405761719,3.4095356464385986,1,0.810954674936069
joint_only,299,-0.18745978111923978,0.11013792141251366,1.0376,0.42368552731553805,1.3447752178585588,0.15138483047485352,3.4104397296905518,1,0.4304000478641989
joint_only,300,1.0564551369096007,0.5882381731625402,1.4416,1.1229846075564955,1.3292873177528943,0.20202207565307617,3.1136748790740967,1,0.7106953549201258
joint_only,301,0.6298776543313227,-0.7092175767856067,1.452,1.5068204166003643,1.7001801021127474,1.1662635803222656,4.425507068634033,1,0.5674789112107381
joint_only,302,0.09549080338204752,0.31553979206790805,1.2728,1.3305048822611876,3.3593559772471098,0.3030214309692383,6.618049621582031,1,0.8149854837340611
joint_only,303,-0.33067194742973827,0.6270490632166953,1.4173,0.5949967705821895,0.5795491108444962,0.10114932060241699,1.50394606590271,1,0.5631502706552809
joint_only,304,-0.5486975863981116,0.34906831998240306,1.2913,0.6084711283158563,1.7759502554987527,0.2514162063598633,4.810213088989258,1,0.3895080514075395
joint_only,305,-0.7097207675893997,0.19200604105065588,1.074,0.665301501336156,0.45102848720230165,0.10129308700561523,2.009549379348755,1,0.26273798911755697
joint_only,306,1.0116115803803134,-0.535446456693043,1.0637,1.9839938329072326,0.0,0.3532581329345703,0.0,0,0.0
joint_only,307,-0.041100457852425554,0.1343346520904536,1.1541,0.7404944434949862,1.4207649450205764,0.3562619686126709,5.110792636871338,1,0.609114296919316
joint_only,308,1.0772436982563796,-0.18057507532313088,1.4495,1.0245546433984278,3.7710609598743297,1.5534334182739258,9.818926334381104,1,0.7158072581556806
joint_only,309,-0.4506264766222849,-0.7002217701166814,1.3981,1.7411589688008455,1.995903377900919,0.05122256278991699,4.008618354797363,1,0.46206079699788805
joint_only,310,0.8401580511821607,-0.09280958820580043,1.4304,1.5481075595626959,1.8992034483978135,0.10120248794555664,3.708423614501953,1,0.9270113194086779
joint_only,311,0.8486111188880205,0.32404407573585325,1.4495,0.47967555775719933,0.7060501782391757,0.10156726837158203,4.410878896713257,1,0.8546773540268002
joint_only,312,0.6353495500490238,0.11742672192156478,1.105,0.45499527745642915,0.40500409090649925,0.15178942680358887,3.816117525100708,1,0.5785971412988382
joint_only,313,0.9521204343706913,0.10427753215149416,1.1248,0.24431160138696673,0.32060243977055186,0.10367083549499512,3.5108492374420166,1,0.6099649684160122
joint_only,314,-0.6404951694765342,-0.5709947215136957,1.0514,1.8239019123167695,2.1885862834679544,0.15231680870056152,4.416234970092773,1,0.3735006177346209
joint_only,315,-0.4755599916799326,-0.06754909277726562,1.3901,0.6260821440202932,0.6796042763783687,0.1520531177520752,2.8080761432647705,1,0.9514006935284764
joint_only,316,-0.3398550724096364,0.3528462042754966,1.4421,0.4747026281385632,0.5212886249921291,0.05110287666320801,1.6039705276489258,1,0.8117489744218095
joint_only,317,-0.8499680899021446,-0.6434579761702761,1.2032,1.2071846680784757,1.3305372426920006,0.1014862060546875,2.7120156288146973,1,0.4506516867713824
joint_only,318,0.31624072637246003,-0.3422556168534173,1.3103,1.2861165598185025,1.5399018132646471,0.10110855102539062,2.8062052726745605,1,0.7882341146227949
joint_only,319,0.6726646599866193,-0.6885637339713573,1.0773,0.5243562972856046,0.5044733464442266,0.05118703842163086,3.2084405422210693,1,0.2596025732006768
joint_only,320,-0.39326677856047054,0.6126744031490593,1.4649,1.7564897022151686,2.6353278933965973,0.0514829158782959,3.808095932006836,1,0.6442325531488798
joint_only,321,0.3521846654185121,0.22218686952759892,1.4323,0.9597430300452627,1.4994429669393323,0.05105757713317871,3.107110023498535,1,0.8918863578224697
joint_only,322,-0.22595368706040808,-0.03166420198940645,1.4881,0.7588461005952032,2.2882081029866943,0.35475778579711914,6.72108006477356,1,0.4111672335895355
joint_only,323,-0.8071914383755114,-0.6350331449090014,1.4054,0.8422360238574144,0.9149548448143779,0.15122628211975098,2.5055694580078125,1,0.2520334950391495
joint_only,324,0.2518659612544083,0.20432486759460322,1.4407,1.3514711288590324,1.7349411240791226,0.2514204978942871,6.914197683334351,1,0.8319074792537658
joint_only,325,-0.5410495219625238,-0.599323787380534,1.0124,1.3576555726769681,3.263039558088027,0.15122151374816895,4.810309886932373,1,0.3134380879764124
joint_only,326,-0.8103962609555775,0.5433556263388298,1.3683,1.22489174088965,1.5444113689299297,0.05119514465332031,2.8124332427978516,1,0.69198438742495
joint_only,327,0.5323579495517163,0.45371157602712164,1.1661,1.453610386329335,1.7082298005604764,0.15266799926757812,3.5225601196289062,1,0.6015408240032935
joint_only,328,-0.20020971838015844,0.3765697062877079,1.4654,0.8394221044308924,0.7346227283263959,0.20625972747802734,2.7095699310302734,1,0.7935928386802955
joint_only,329,0.21232808953670523,0.37996713592846654,1.4011,0.32574634188336477,0.402513378304901,0.2028980255126953,2.607506036758423,1,0.7864480268708148
joint_only,330,0.17033007397537636,0.2622040028918261,1.432,0.24558766051875452,0.888519788798305,0.15187835693359375,3.113422155380249,1,0.36310338423235283
joint_only,331,-0.38324139019188974,-0.5237856095244792,1.4054,1.0840871402727543,2.508973627660041,0.1517505645751953,6.2136993408203125,1,0.49359820145046956
joint_only,332,1.0611649370335183,-0.28010518210649915,1.1334,1.664033942708202,1.8404159397857187,0.05096292495727539,2.9106571674346924,1,0.4728721328341484
joint_only,333,0.4325588110427365,-0.05847908559338699,1.3937,0.7853337368602895,0.6549365603444268,0.10116958618164062,2.5072107315063477,1,0.6262907734712665
joint_only,334,-0.42020270268136595,0.6259628006619636,1.054,1.348751498075598,1.7841201712865657,0.10383987426757812,5.311826467514038,1,0.08619480944865929
joint_only,335,-0.47750686225843436,0.19163360510059435,1.4361,0.5814473467974096,5.12134989897631,1.6037402153015137,9.919651508331299,1,0.7344697653384037
joint_only,336,-0.3622725149707745,-0.10735605744017929,1.4293,0.4708911165027498,3.7322411707108216,1.1536166667938232,10.119545221328735,1,0.5287383318667116
joint_only,337,0.5990443250183624,-0.1583721584683444,1.1112,0.996883429427926,1.3530666235833697,0.1512610912322998,3.6075141429901123,1,0.2870080229787037
joint_only,338,1.0845214353248667,-0.6878899709992491,1.4083,0.8596659880398163,0.8227995835953846,0.10251474380493164,2.91219425201416,1,0.36531280713837117
joint_only,339,-0.0036642391662317086,0.2535040254103976,1.2302,1.3848417363866712,1.5893828087603235,0.1012725830078125,3.513965368270874,1,0.5385871228079948
joint_only,340,0.9121910944703144,-0.16355544647587217,1.1526,0.895035826372388,1.634703169828739,0.3530418872833252,4.212319850921631,1,0.3875979554893458
joint_only,341,0.9353041510122815,-0.4535501523062141,1.3977,0.40030316654881143,0.3823620438988909,0.20218229293823242,1.6056768894195557,1,0.546010266551833
joint_only,342,0.5800300104270868,-0.5622260006351449,1.1138,0.526021388817254,0.49272065781310076,0.20248794555664062,3.716291666030884,1,0.2027018969381194
joint_only,343,-0.5168680782191803,-0.4166154715545921,1.0118,1.2022922161662066,1.1046297638078584,0.4533858299255371,4.1095733642578125,1,0.2162420689789738
joint_only,344,0.8203912550585057,-0.06661022524040017,1.0966,1.2243470013073847,1.862042005991176,0.7022185325622559,6.112614631652832,1,0.4445101528969477
joint_only,345,0.00959501541528296,-0.03564095570060566,1.1641,1.0541165313440661,1.6760210210769677,1.0038228034973145,3.8138272762298584,1,0.34809810103551414
joint_only,346,-0.5488956845364849,-0.2056539686404807,1.4322,0.3867663102956461,1.796653219772157,0.9044585227966309,6.513278484344482,1,0.5375850054609951
joint_only,347,0.4286520691208411,-0.2961888517552692,1.4834,0.9102694602005708,1.3263000841302421,0.10114908218383789,3.908540964126587,1,0.6217221141960548
joint_only,348,1.0491853113456757,-0.11949317013887961,1.1396,0.8392800593188257,0.6952404761337938,0.10114359855651855,2.525578022003174,1,0.39446089031747705
joint_only,349,-0.5365398321164943,-0.028830594684031707,1.3207,1.470517821182986,1.877540899689417,0.10180091857910156,3.91257643699646,1,0.5963870747013512
joint_only,350,-0.018980928102300676,-0.4012665894645965,1.1998,0.586469674621694,0.6349015800040507,0.15410304069519043,2.408241033554077,1,0.44717720491315754
joint_only,351,-0.5419229385403174,-0.5126911968198515,1.4906,0.6984105095804971,0.6351950170270735,0.2032337188720703,2.1085455417633057,1,0.5700149595395322
joint_only,352,0.44266057374641776,-0.09085717671975568,1.2681,1.0140447290655288,1.3795592176089428,2.7516725063323975,4.516733407974243,1,0.6436493126358193
joint_only,353,0.2871723502343628,0.45000473942521746,1.4696,0.5002360385650032,3.003214132920078,1.560779333114624,10.719846487045288,1,0.4025223778451808
joint_only,354,-0.3383562699733266,-0.6645626597332814,1.0577,1.3432931110255442,3.9240785120354644,0.8031327724456787,9.518913507461548,1,0.1528665648843628
joint_only,355,-0.7950211023950139,-0.5752209781502231,1.4852,0.6339614123549783,0.6260872406831082,0.15142011642456055,1.704427719116211,1,0.5249643643314709
joint_only,356,-0.24637859993608047,-0.046059372862148784,1.0893,0.8239664425078311,0.9575726504077093,0.10133528709411621,5.111421823501587,1,0.49744309760411326
joint_only,357,1.0825009037044344,0.5830730889031267,1.4813,1.3515791799469676,1.6763302104739939,0.10143637657165527,3.4093854427337646,1,0.47999464397413677
joint_only,358,0.3937357167503217,0.4495197366705105,1.1327,0.7652893722291548,0.8165538343651161,0.25177431106567383,3.4099538326263428,1,0.2882990843242812
joint_only,359,0.09589392206921576,0.1732714898683474,1.0542,0.33917922207173634,0.6025763993112799,0.10106444358825684,4.309150457382202,1,0.29417794831072785
joint_only,360,-0.2626828557662596,0.22523136800015264,1.2173,0.4963225180205298,0.42731029436664464,0.1012117862701416,3.1090922355651855,1,0.4078808952312165
joint_only,361,1.04936567538461,-0.6139804165053391,1.3643,1.4506685774581694,1.6386479319636063,0.15148520469665527,3.509967088699341,1,0.3419869947920085
joint_only,362,0.8476579481762156,-0.4995961892992917,1.1568,0.3746779321579297,0.5965921970757854,0.3514542579650879,5.511987686157227,1,0.4437140650494743
joint_only,363,0.999225382997514,0.1957827908699734,1.3031,0.6004055097830175,3.6888318894196463,0.4023416042327881,7.120124578475952,1,0.6105799821662068
joint_only,364,0.8491696792368195,0.04101779188175203,1.2557,0.22227832509301698,5.476587647611541,0.807969331741333,10.840299844741821,1,0.6553338967234431
joint_only,365,0.4936420205445542,0.18652939205793684,1.1926,0.3900837059627133,0.3899787413231796,0.20134615898132324,2.908450126647949,1,0.581694308872546
joint_only,366,-0.09236074799345795,0.15179411045501023,1.2883,0.5946405569605961,0.5946876569836436,0.10110998153686523,2.4080095291137695,1,0.6270004190383197
joint_only,367,1.1078380044774612,-0.676756658605596,1.1274,1.467266202573049,0.0,0.8525593280792236,0.0,0,0.0
joint_only,368,0.8528333385684477,0.3319976550960678,1.3544,0.9646176718913264,0.963962707719704,0.10125422477722168,3.108264684677124,1,0.6052094285108625
joint_only,369,0.8682178424992715,-0.18771119805148062,1.0008,0.6285287231478381,4.1443839790968235,1.203627586364746,11.421594381332397,1,0.6231306688749495
joint_only,370,0.7281506569275744,0.30437977518307,1.4628,0.6414096809485247,0.8398330488182819,0.45188307762145996,4.4092607498168945,1,0.9017741253559489
joint_only,371,0.7479474164588928,-0.577832757920784,1.2692,1.0944487518395172,1.8750334453488786,0.10148787498474121,4.810617208480835,1,0.7423933332322111
joint_only,372,-0.22967088513766432,-0.23948185108669928,1.3597,1.193232610242247,1.695700088723442,0.10202407836914062,3.111186981201172,1,0.9033874900498523
joint_only,373,-0.10287784328217475,-0.12649496251664283,1.371,0.4636928679506617,0.25631954638322535,0.5038690567016602,2.8143274784088135,1,0.87310406064896
joint_only,374,-0.42255159876443377,-0.6424288007421585,1.3353,0.6697264622056577,0.636019794842675,0.15247654914855957,2.3089332580566406,1,0.6031250382095086
joint_only,375,0.354829865791056,-0.10615918381801348,1.1821,1.1291221718088245,1.6106290338090286,0.15268802642822266,3.211714029312134,1,0.9084354214679902
joint_only,376,0.1558200981399842,-0.08460410013674957,1.035,0.5867598601579984,0.25019572492041703,0.1521439552307129,3.6143829822540283,1,0.7107726029443234
joint_only,377,-0.11945228356643134,-0.19501749904765864,1.3321,0.40619126705197056,2.8280906823634937,2.6656408309936523,7.114977121353149,1,0.42903940231880927
joint_only,378,0.3318678939166073,0.3079496013588844,1.1651,0.8674523825067458,0.8547372193870483,0.051184654235839844,3.009894609451294,1,0.4475002015720959
joint_only,379,1.0208479653826805,-0.7179484314026792,1.157,1.3663187685164,1.8796056171141426,0.10158920288085938,3.5102431774139404,1,0.21831414596839693
joint_only,380,0.4102948834544231,0.4908939742572821,1.424,1.4437216610262276,3.400287415212994,0.5520763397216797,10.720808982849121,1,0.5376163516463166
joint_only,381,-0.7535500324460904,0.5409151008307768,1.3599,1.192408320603919,1.1916774694864567,0.2016911506652832,2.809831142425537,1,0.5747949587427336
joint_only,382,0.08999782670729739,-0.39018899595202206,1.1502,1.2655181195488834,1.953070462578825,0.1512451171875,4.013915300369263,1,0.5948787559163139
joint_only,383,0.7185973295043389,-0.0021924058482002406,1.1546,0.8553417469641132,0.6504044494031901,0.5031812191009521,2.5095138549804688,1,0.6082386729505896
joint_only,384,0.5464106363103696,-0.3684146229921246,1.2042,0.4512416665227642,0.35086722401825343,0.10103511810302734,3.310976028442383,1,0.545359267848374
joint_only,385,-0.5139619892222635,0.19285593134788648,1.2012,1.1102408362345553,3.397085873772495,3.6456990242004395,9.349218606948853,1,0.4434813144738999
joint_only,386,0.5323296907338615,-0.596151107667822,1.1478,1.2032161673859287,1.353535413266557,0.15127277374267578,3.4079082012176514,1,0.2874762775521186
joint_only,387,1.0355210667208832,-0.07860828140682341,1.0636,0.6867898893007461,0.616419265469887,0.10106801986694336,2.1048474311828613,1,0.34364424047878883
joint_only,388,-0.7869563598817484,0.1269499900661868,1.2102,1.6922170834960792,2.258401090671185,0.10117197036743164,5.615810871124268,1,0.5101529397554735
joint_only,389,0.7506323193838982,0.4718996806407124,1.4702,1.4818994346917869,1.6739337614100338,0.1015324592590332,3.3102385997772217,1,0.4391701123724613
joint_only,390,0.3379643199026656,-0.17824688248558762,1.3387,0.7546210258568643,3.9312948819493805,1.7544922828674316,7.715671062469482,1,0.8323164948830929
joint_only,391,-0.17251882622201276,-0.4175398519690616,1.4514,0.6619783565310755,0.5993958784028184,0.10109901428222656,3.4113104343414307,1,0.6753313729075691
joint_only,392,0.7574215792941106,-0.1607836394865998,1.3078,1.0405777192020025,0.981124503566555,0.10136651992797852,2.9082372188568115,1,0.6350005603912364
joint_only,393,0.3634891815089678,-0.1222712094150471,1.1505,0.6511322262627969,0.4090574918793664,0.10131001472473145,1.7081663608551025,1,0.4946334718888197
joint_only,394,0.587483762479369,0.44248318454439606,1.274,0.6213480126548935,0.6725537639975354,0.050908565521240234,2.3048107624053955,1,0.6545824712138195
joint_only,395,-0.8261483224561612,0.13906884160904753,1.0002,1.6172280825684593,3.1347960943387427,0.15135836601257324,4.809771537780762,1,0.41722558647580477
joint_only,396,-0.41328085549813676,-0.20589516162582278,1.1435,0.6364859556220478,0.5962903988175501,0.05104708671569824,2.108099937438965,1,0.5283531295707466
joint_only,397,1.0847909010659067,-0.5555317799870487,1.2149,1.6044236304492048,1.7051058758327913,0.05114626884460449,3.209697961807251,1,0.27150220197322966
joint_only,398,-0.024308363217431572,0.24297933001433425,1.29,1.4239097889963788,2.6466416229682683,0.20149707794189453,5.71986722946167,1,0.7064997339675633
joint_only,399,-0.6185225183019238,-0.5999533417461554,1.3274,1.0476764319194443,3.851457389779076,0.9597399234771729,6.754763126373291,1,0.443735543941453
joint_only,400,-0.3296135588784648,-0.6338777870091323,1.2325,0.5147107119948717,0.407752669046944,0.15304851531982422,2.106236696243286,1,0.3013777786218058
joint_only,401,-0.49271896240745156,-0.2986874736532744,1.2211,0.534095260444565,0.5735498886344175,0.10208725929260254,2.907365083694458,1,0.5102468037438599
joint_only,402,-0.735401943677243,-0.029811847292036453,1.1069,0.5730674395014314,0.39754684824144654,0.15238595008850098,3.7104711532592773,1,0.3783624515233238
joint_only,403,-0.40978265365352173,-0.0010236293334023872,1.2366,0.43211895701994696,0.36448196962373397,0.05301380157470703,2.004906177520752,1,0.4465962791316014
joint_only,404,0.18332233294474665,-0.2973654232194739,1.4506,0.6971996034765203,0.8854522681780634,0.10133671760559082,4.108946323394775,1,0.5148156783667698
joint_only,405,1.097384213940354,0.16636704685304626,1.398,1.0978307134166303,2.264153053731491,0.10118412971496582,5.611934661865234,1,0.710286366337921
joint_only,406,0.0490375235463294,-0.6603644212665211,1.0848,1.5123652685937015,1.7173493849772217,0.1511671543121338,4.409590721130371,1,0.49954083540254196
joint_only,407,-0.5255495682471185,0.20506671998759485,1.0424,1.2269961553121158,1.5294306599556513,0.10114860534667969,2.9102084636688232,1,0.39863373446953326
joint_only,408,-0.6813872768002017,-0.12419033358125353,1.2577,0.6028651927557784,4.648514412094331,0.5519895553588867,10.920444250106812,1,0.39762165156029333
joint_only,409,0.4448550379336662,0.3499482461250879,1.3165,1.1406724104564356,2.3459976887325587,0.553173303604126,7.414559841156006,1,0.7248158777641306
joint_only,410,-0.0815558548659513,-0.5335803976840064,1.1676,1.3002674226899968,1.3608001736701865,0.10135340690612793,3.009441614151001,1,0.6347029319143784
joint_only,411,0.19719503221606915,0.41395374647320293,1.4092,1.0610160829783388,1.8503078359707479,0.614445686340332,4.4170660972595215,1,0.3457023600338898
joint_only,412,-0.6963553755460551,0.2947415577626141,1.3756,1.0537390060593455,1.727909635190948,0.6042385101318359,5.632359027862549,1,0.6049701046451734
joint_only,413,0.6769796697627048,0.2308152146988497,1.3364,1.6164407759462616,2.2999033978350893,0.6549420356750488,3.5081074237823486,1,0.6961785295714572
joint_only,414,-0.35151088643670947,-0.24817257613413274,1.1123,1.3042746628081483,1.58226084605587,0.10143375396728516,4.311472177505493,1,0.3671183839978064
joint_only,415,0.2246360410919297,-0.3232095971558756,1.0996,0.6293887743524734,0.5783393680129573,0.05108761787414551,3.5072009563446045,1,0.26385607674056355
joint_only,416,0.3173779687207434,-0.03445646634501198,1.0122,0.5216622134976586,0.8320299346580697,0.05082225799560547,3.608165979385376,1,0.34950696828664357
joint_only,417,1.0934571853798056,0.4268578919417617,1.1224,1.0076279509463244,2.2961940081863594,0.6019196510314941,5.614469289779663,1,0.5344857061005633
joint_only,418,-0.6423617993909864,0.3801758994668972,1.2376,1.801604830859948,2.036373313976017,0.15125536918640137,4.208948135375977,1,0.6297228346143147
joint_only,419,0.8474883597929666,0.36434149976161156,1.4249,1.5569549389150474,1.9127375560233975,0.15161991119384766,3.206477642059326,1,0.6923007348189453
joint_only,420,-0.7126179809924182,-0.18930523437666813,1.0364,1.8377112559061908,4.0622241180379435,0.15305733680725098,6.8139190673828125,1,0.5610995655700096
joint_only,421,-0.1870303420021091,0.5974884159815231,1.2072,1.0446811749928866,1.7364217063692613,0.5540976524353027,7.117412567138672,1,0.34282955155035316
joint_only,422,-0.6103360986256564,0.44140789864258345,1.3149,0.31574232200556457,0.518250429258658,0.1511976718902588,4.009329557418823,1,0.445013067724528
joint_only,423,0.32859332262243734,0.30784866644071573,1.0972,0.9440198419812107,1.0054438332248232,0.05097341537475586,2.912581443786621,1,0.32487468703140093
joint_only,424,-0.0828498789552754,-0.5418821347690697,1.3482,0.9093393864440301,0.9182785379078688,0.1016390323638916,3.0146827697753906,1,0.3262500902336029
joint_only,425,-0.8218408004261168,-0.5572815187012735,1.2472,0.8373755698753359,0.7512662782284112,0.15305280685424805,3.5279617309570312,1,0.23445408465783843
joint_only,426,1.0412595234056818,-0.14874791517439856,1.122,1.8484990283745584,1.785600769885476,0.2586085796356201,3.2192599773406982,1,0.38604840922722256
joint_only,427,-0.0018878331295721917,-0.5978167238243639,1.328,1.0625164136632588,1.0621849042493376,0.15215063095092773,2.507444381713867,1,0.3161080980182121
joint_only,428,0.35502332660749825,0.15037630095506282,1.0028,0.88073726469528,4.266708875506309,2.3098928928375244,10.319870471954346,1,0.37486347777478757
joint_only,429,0.6744694635876478,-0.11123421774095399,1.3755,0.5063964308820005,1.0866277365548778,0.9528629779815674,5.513071298599243,1,0.5043278480727915
joint_only,430,-0.7584789281052013,0.21197840445165217,1.385,1.399290387010207,2.0990805836597,0.40183544158935547,4.709527015686035,1,0.6609773046386513
joint_only,431,-0.5910617512619771,-0.5762170932335826,1.0533,0.8604566495961637,0.8410821601314455,0.45257043838500977,3.2070863246917725,1,0.18488695904353278
joint_only,432,0.4988637792377695,-0.6574110693692938,1.2126,1.0423429893993335,1.069303868594959,0.10107898712158203,3.1083171367645264,1,0.2087232708183335
joint_only,433,0.7402890741609294,0.10231150812940903,1.0879,0.7240538914111704,0.8123241484174301,0.10152244567871094,3.109294891357422,1,0.34644783494041714
joint_only,434,0.17159618147289346,-0.15756143053462957,1.479,0.5780340865751477,0.6844468753762079,0.10202288627624512,2.9106760025024414,1,0.6510173916390618
joint_only,435,0.018473173963861278,-0.4755886687582688,1.259,0.495578925582643,0.7444104006328582,0.10088372230529785,3.207549810409546,1,0.28758529745909533
joint_only,436,0.7671801090135448,0.26498615889136656,1.0251,1.0217904758472374,1.025923732256708,0.10131025314331055,3.713977336883545,1,0.22198689750555395
joint_only,437,-0.04818277560771267,-0.08163313565306529,1.1246,0.7721432243270627,0.7061125726559533,0.1020665168762207,2.9146616458892822,1,0.22190995709036296
joint_only,438,0.6338944294280715,-0.5546112643283553,1.4242,0.7481257672709086,0.9619820676191588,0.4535675048828125,3.4162237644195557,1,0.39690094850161206
joint_only,439,-0.8489766246558035,-0.41158919725822996,1.2282,1.4909503620201938,1.4256613916896512,0.1523876190185547,2.8244078159332275,1,0.3119055596053332
joint_only,440,1.028880909044288,-0.07268854364517796,1.4007,1.8077172869657379,1.931533101981337,0.2530694007873535,3.4105372428894043,1,0.5664881250020294
joint_only,441,0.027575877097842483,0.4171466316842324,1.3338,1.0499256064694609,2.3240749096421536,0.7022168636322021,5.511781692504883,1,0.7342765089125133
joint_only,442,-0.5756035465765232,-0.2968952764530576,1.4939,0.9101917219558789,3.7279690642069134,0.45175933837890625,7.214731931686401,1,0.4440576918560418
joint_only,443,-0.12798941884108517,-0.2009895932447714,1.2977,0.7618956880227048,1.0522810615953628,0.051042795181274414,3.008563280105591,1,0.3217185936878277
joint_only,444,0.8951118534795446,0.5696298592563976,1.475,1.303219008371045,2.2309889889798655,0.9036190509796143,5.210340261459351,1,0.44057565429686735
joint_only,445,0.49088298746352654,-0.14173330754789149,1.4457,1.0556085302273515,1.1651898055983367,0.3518064022064209,3.7126903533935547,1,0.9722916651473017
joint_only,446,-0.7968389763566719,0.4960209771940721,1.3063,1.444266601060807,2.5369595108314282,0.7534146308898926,9.618027448654175,1,0.6732172416567389
joint_only,447,0.4338394738118614,0.486891775730781,1.3596,1.3028428333731485,1.2376292873647057,0.10185408592224121,3.1112184524536133,1,0.43787704837131536
joint_only,448,-0.7408956556087125,-0.030707377847289496,1.2524,1.317672328696453,1.4185618226757397,0.05148911476135254,3.1074068546295166,1,0.5179010408337313
joint_only,449,0.1422238470507209,0.19163296863227752,1.4153,1.0475095644653423,2.0350489162561605,0.10123920440673828,3.9147133827209473,1,0.6710452808828563
joint_only,450,0.5467529551402361,-0.6439561223378227,1.2739,0.9116278554356766,1.716558779641283,0.253009557723999,6.122978687286377,1,0.20404945831307744
joint_only,451,1.0227857714295696,0.2703364858966756,1.4486,1.0451286511393811,2.1103313335844702,0.5032668113708496,5.9173712730407715,1,0.8561017440913036
joint_only,452,-0.17988819864372618,0.32137395184294404,1.3718,1.3577008036543825,1.1835072833869673,0.10208654403686523,3.107668876647949,1,0.5751672179329126
joint_only,453,-0.5279152973678448,-0.6078043772937921,1.2373,1.1290731301432066,2.7616608260295585,0.10219335556030273,4.611531019210815,1,0.4528612055662648
joint_only,454,-0.347677979059842,-0.7142216235435258,1.1296,0.34575093316566585,0.3181678445011136,0.10108733177185059,1.8077173233032227,1,0.15967033443160614
joint_only,455,-0.287428451039753,0.3139126051295956,1.1236,1.1257694256353132,1.4505479884218837,0.05116581916809082,3.208432912826538,1,0.6203680264764283
joint_only,456,-0.4653278463284098,-0.5762150614489756,1.3188,0.9504804256164099,1.111277788627888,0.10137557983398438,2.4091594219207764,1,0.6169041365614006
joint_only,457,0.403218230518521,-0.01436486891565636,1.3829,1.1483229403984525,1.7893725961625708,0.051012516021728516,3.412148952484131,1,0.9132913225163822
joint_only,458,0.7100515278593669,-0.3406625215728744,1.2606,0.4254731186857262,0.46538396360108514,0.05148124694824219,2.8059451580047607,1,0.7483264600309341
joint_only,459,0.28136170856676257,0.28485254853617714,1.3134,0.8550215770290479,4.160757933609847,1.1034269332885742,11.42193603515625,1,0.9315151291136289
joint_only,460,-0.6191142307021915,-0.27822044676355917,1.1373,1.3045040885391679,2.330889052479454,1.052793264389038,6.319266080856323,1,0.18912085128726072
joint_only,461,-0.13536495875404864,-0.1493263628346746,1.0387,0.6420930351502248,0.6511368707769594,0.1592082977294922,2.410186767578125,1,0.264376216668489
joint_only,462,0.9961763104100105,-0.41228821394213816,1.1429,1.1008098788668976,1.4273662000201282,0.25356006622314453,4.819329500198364,1,0.6048070030441116
joint_only,463,0.884885152214772,0.1443440565882531,1.1359,0.5682834900781161,6.279009123592499,3.5989630222320557,11.222038507461548,1,0.8484898585888327
joint_only,464,0.8342353327923302,0.42011070136044204,1.1599,0.4298133299559064,0.311339448856487,0.05109357833862305,3.2114906311035156,1,0.6283584821465932
joint_only,465,0.6234931027751236,-0.11021873074533162,1.2701,0.6875033908852459,2.3814776684759322,0.3014702796936035,5.210778713226318,1,0.5805382441178667
joint_only,466,0.6659188389624542,0.15856636497379228,1.0692,0.33802915607007283,0.424543983709217,0.15113425254821777,3.7103006839752197,1,0.467614913295081
joint_only,467,1.0786154237375754,0.5449712033670414,1.1156,0.5772532542582326,0.5833111574097475,0.1031041145324707,3.510066509246826,1,0.5118099012562478
joint_only,468,-0.6119135710130583,0.25449639631979604,1.347,1.7733269978386152,2.0639007273056063,0.10123610496520996,3.1075363159179688,1,0.7824759489617402
joint_only,469,0.12960003743052506,0.4121259604873889,1.3532,0.8787399161117672,0.7702432953387717,0.052359819412231445,3.109537124633789,1,0.6745979579169508
joint_only,470,0.29706912248928785,-0.04451260853703132,1.0321,0.8340719830479518,1.6424059463908063,1.104170560836792,7.7200539112091064,1,0.1847110336205
joint_only,471,0.49237066866327983,0.4569456863927498,1.2038,0.5271544302068444,0.8950110054822609,0.5018665790557861,7.7207560539245605,1,0.369181481170655
joint_only,472,-0.5557380195200363,-0.10882003014720865,1.2713,1.1582713133564664,4.474251383798899,1.5085370540618896,11.028221130371094,1,0.4853117997997355
joint_only,473,0.5668471193539755,0.6197468731540255,1.2079,1.2702096300571264,1.3760594225260774,0.15299677848815918,3.7108917236328125,1,0.2570347790052878
joint_only,474,0.7127406599617341,-0.46265503801989294,1.1034,1.0403822920942705,2.721667971408455,0.5034275054931641,7.5174314975738525,1,0.25757894718833124
joint_only,475,0.34788316241567485,-0.48465401463841823,1.2101,0.5129318721787761,0.3721116454211089,0.10110878944396973,1.9044888019561768,1,0.26731415908572675
joint_only,476,0.22547695100965703,-0.7358145109920379,1.4524,0.2236136376171507,1.4462317915555902,0.10098886489868164,4.711045503616333,1,0.3170967132534759
joint_only,477,0.6050443573733022,-0.4647917103329638,1.292,0.7184994509539419,0.6066775368030103,0.1010897159576416,2.508829116821289,1,0.7275151160772438
joint_only,478,-0.22502153641792721,-0.538427818843221,1.3478,1.0291360358795865,1.3105838962969032,0.10093474388122559,2.8087425231933594,1,0.6391489174093983
joint_only,479,1.1017346571772042,-0.2369427050835904,1.4284,1.5061395214146545,2.9547450335833725,3.9081170558929443,7.0151989459991455,1,0.572328727835898
joint_only,480,0.8834400368817776,0.07184291517264152,1.3828,0.3450351995725804,0.35995728285070033,0.10252857208251953,3.2061984539031982,1,0.5053306386535754
joint_only,481,0.5057151663566712,-0.7385781058077211,1.1902,0.9315486254152887,0.8530823426657693,0.1518537998199463,2.5112345218658447,1,0.2023671886685601
joint_only,482,0.701099110591181,-0.6152308608830164,1.0029,0.3623497180827835,0.286760704781931,0.10201263427734375,1.7064845561981201,1,0.21069287479461668
joint_only,483,0.40008919234416074,-0.6538911611804015,1.1759,0.34874490357701315,0.3604450165250204,0.1562812328338623,1.9084746837615967,1,0.3150446759198349
joint_only,484,0.23822830713285081,0.08619205390352902,1.3767,0.6156698801146171,0.7056238630516546,0.15366339683532715,2.3089606761932373,1,0.6802314712803057
joint_only,485,-0.3382153327058792,0.3906178895874054,1.4267,0.5422673647095894,2.2645258948023406,0.20355629920959473,4.7170116901397705,1,0.6624726695853734
joint_only,486,-0.7569520582384333,-0.28375655011161244,1.4767,0.7906721965483239,1.7565804889714367,0.2024378776550293,5.015917778015137,1,0.6726221733702055
joint_only,487,0.6900348599807096,-0.03227231644922868,1.2095,1.4092085758513764,1.8434126344530373,0.1515336036682129,3.8155925273895264,1,0.5628071192123026
joint_only,488,-0.22252196234634447,-0.14665739087709528,1.3738,0.7909481246059822,0.8677439886371838,0.10151004791259766,2.708404302597046,1,0.509475425202609
joint_only,489,0.31268253283433034,0.26780111896464687,1.2731,0.7457258445841236,4.17528025744139,2.461052894592285,11.621131420135498,1,0.6801233218707761
joint_only,490,0.4005642254787496,-0.16420517477394503,1.3016,0.637438650488365,1.6951191392551408,0.7599046230316162,5.313666105270386,1,0.33645164883581985
joint_only,491,-0.6384576695898463,-0.17979068155729994,1.1103,1.2117264174327893,1.1497849273577148,0.10105776786804199,3.108642339706421,1,0.26409109796410213
joint_only,492,0.2604508415722837,0.06459510182466044,1.1097,0.942834722632476,3.970669549378635,0.6045329570770264,9.11711072921753,1,0.5074869676747019
joint_only,493,-0.20999862571349048,-0.7070057224769429,1.2179,0.8281960600417482,0.934584383634249,0.05095076560974121,3.217622756958008,1,0.3449298146956191
joint_only,494,-0.33177365463388575,-0.0311597751878675,1.0145,0.7648126581122467,0.6259358504911038,0.15302300453186035,2.7103145122528076,1,0.40447885182477883
joint_only,495,-0.35907382392803644,-0.15265153929670316,1.1681,0.305027473051696,0.19069415596105277,0.20627260208129883,1.807621955871582,1,0.6067692386378281
joint_only,496,-0.5041469898286783,0.3598319076593063,1.3396,0.5626109268360622,3.1819187612876823,1.619826078414917,9.52291464805603,1,0.6096235716588604
joint_only,497,-0.6084426946715995,-0.6322535200977107,1.2022,0.9675042571913033,3.6320132883884315,0.10114383697509766,7.217501640319824,1,0.39343678091626816
joint_only,498,-0.007161907416714075,0.2593443061683932,1.0825,1.0818467326373402,2.2908307759321,1.2049329280853271,7.915815591812134,1,0.6532965243396854
joint_only,499,0.336466246264685,-0.5570234909504601,1.2337,1.0292270008602924,3.2554744248398944,0.2517235279083252,6.713570594787598,1,0.4411370336412036
joint_only,500,1.0230101789874138,-0.6482516855262773,1.0638,0.7138929679306649,4.335108021463178,3.3077099323272705,7.124117612838745,1,0.5076102249275531
joint_only,501,-0.3542993348354344,-0.4036511300750722,1.3111,1.5381363136323278,1.401551782405193,0.10130119323730469,3.1193649768829346,1,0.2438614295348949
joint_only,502,-0.3339956428130534,0.30041321256228215,1.0135,1.068442830552109,2.9539933662180164,5.2804460525512695,10.728745698928833,1,0.11563265077416086
joint_only,503,-0.7434442757073885,-0.07307717989276985,1.197,0.4215318405281875,0.640558514179551,0.1514606475830078,3.611525535583496,1,0.3245572168146238
joint_only,504,0.9235590325286225,-0.5516768600844242,1.2822,1.6318852158039472,1.664658726519746,0.15144872665405273,3.107262372970581,1,0.3235351372604201
joint_only,505,-0.18456552735497378,0.4933710169743125,1.0136,1.4980551175700711,3.0808525524158603,0.9567160606384277,8.517580032348633,1,0.33485416197304974
joint_only,506,1.036447768611257,0.026671084076570928,1.3214,1.5136655084951818,1.9363916303725501,0.15131330490112305,3.1065428256988525,1,0.852194715509218
joint_only,507,-0.04295164159501208,-0.3855431952181417,1.0678,1.461942612194201,2.653016641666566,0.2514219284057617,4.913888454437256,1,0.7789383969385127
joint_only,508,-0.36455741623550086,0.15583590242537837,1.2308,0.7887285609851505,2.0282741798603934,0.10101103782653809,3.8124406337738037,1,0.8207874754225482
joint_only,509,0.046514188616282315,0.5925353229137321,1.0251,0.9199014311643184,2.0523071292360835,1.454050064086914,8.226283311843872,1,0.16164528311264564
joint_only,510,-0.646862154352116,-0.5351868573181999,1.1896,1.161577735250158,3.155379989426708,6.11907958984375,8.721104621887207,1,0.658517995902321
joint_only,511,0.8129210266411351,0.028120111100189304,1.1058,1.757171222570237,2.3479179214392074,0.15132737159729004,3.707982063293457,1,0.9162667843393612
joint_only,512,0.83179687221858,0.2501468526084567,1.1634,0.36720098581325117,0.28914538288605274,0.10128068923950195,3.5119540691375732,1,0.852338148889297
joint_only,513,0.2042927467731246,-0.6307093749439266,1.3806,1.2521308824622779,1.4450385671080475,0.2513618469238281,2.6085867881774902,1,0.41887848050667703
joint_only,514,-0.5444348613963874,0.556389253978388,1.1896,1.6707784009563091,2.9131954415932775,0.40164947509765625,8.919666528701782,1,0.37044704388422106
joint_only,515,0.04326980190320351,-0.17723414586288522,1.376,0.8127392706799592,0.9095709085289532,0.10136604309082031,3.0091311931610107,1,0.6332268053355643
joint_only,516,-0.7495747041421027,-0.0388213605895642,1.416,0.9196367338680979,1.272208002644777,0.20153164863586426,3.710160255432129,1,0.5774878301394205
joint_only,517,-0.77002206328744,0.33734624595366147,1.1261,0.5637694218036353,0.5720469782231542,0.10115671157836914,1.9058349132537842,1,0.35741041481611
joint_only,518,-0.5465520074971895,-0.2892845008665623,1.041,0.8106331001561164,0.8335467798138776,0.05103707313537598,2.4081907272338867,1,0.3574779875368989
joint_only,519,-0.46692531463328774,0.4631385273809042,1.0097,0.8067266772879793,1.065361227343663,0.10134577751159668,3.1107747554779053,1,0.23889861637611742
joint_only,520,-0.39970590904178915,-0.12299714109532234,1.2697,0.6897492249194289,0.8316256082197261,0.20205140113830566,4.215106010437012,1,0.5998446902471672
joint_only,521,-0.8191541711309405,-0.6534088916080839,1.5,0.6187915473058503,0.8265301246949309,0.15363812446594238,2.508310556411743,1,0.4517472585532322
joint_only,522,0.19470696354227957,-0.05900561396088522,1.175,1.4065082678375862,1.3734168422749886,0.15340542793273926,3.171694755554199,1,0.23881989898896153
joint_only,523,0.7564084643096469,-0.2203029096846093,1.3251,0.7278385130275671,1.2226579220486138,0.10205078125,3.515272617340088,1,0.3240285619509221
joint_only,524,-0.46913487800892023,-0.023945086738425436,1.3906,1.3760856191301591,1.8980193322481271,0.15235495567321777,3.409886360168457,1,0.5942497301965267
joint_only,525,0.27179005117645416,0.12891624171411742,1.3259,0.9431138714069632,0.804471598470823,0.10457372665405273,3.0138230323791504,1,0.4033712661837671
joint_only,526,0.9407085155827597,-0.010618336403803608,1.3771,0.8583926980395077,2.0156182625269903,0.10235095024108887,4.41388726234436,1,0.3805181148503031
joint_only,527,0.6992439965686201,-0.3077694557092183,1.4748,0.47805037963990177,0.45394765839947965,0.05121207237243652,2.7097325325012207,1,0.6454155366733114
joint_only,528,-0.3241753060171827,0.6083585035107152,1.0997,1.6357399691510948,3.071719044194215,0.10108447074890137,4.611189842224121,1,0.3978533366065033
joint_only,529,-0.5078663686302323,0.48534186155081416,1.0102,0.32454854977199954,0.2406664467675506,0.10162854194641113,1.4037234783172607,1,0.3487188742171181
joint_only,530,-0.0002789847939322909,0.10241948644590804,1.0762,0.7004282158268148,2.1001372165544443,0.051373958587646484,6.112051486968994,1,0.25227339292064765
joint_only,531,0.7197422072451227,-0.04884589310569898,1.0631,0.7983816008554077,1.1297486107134178,0.1015768051147461,4.208702802658081,1,0.24539039425193215
joint_only,532,1.0775066523303387,0.1747220783561837,1.3347,0.4717024757245682,1.5132741819179054,0.7521758079528809,5.1114583015441895,1,0.9025366353365822
joint_only,533,0.8749808169598043,-0.15562916879707478,1.282,0.6630808934681894,1.362191769795091,0.5518136024475098,3.9100756645202637,1,0.41675709542930595
joint_only,534,0.23643576497127428,-0.01835291920344262,1.109,0.6753581078476967,0.6368966561842565,0.10159897804260254,3.310412883758545,1,0.9215232704659869
joint_only,535,-0.7156161492375155,0.262076177727658,1.3497,1.145739256347933,2.0540049970396788,0.8041691780090332,8.423596382141113,1,0.6501708936290618
joint_only,536,0.7503838844738024,5.061935013805918e-05,1.3834,1.3705287594630544,2.3289416841290866,0.15299320220947266,4.517915964126587,1,0.6533487483344108
joint_only,537,0.06085477568483855,0.38592909745418813,1.0839,0.8005526614502971,1.8837095683018876,1.405196189880371,5.814564943313599,1,0.33134197149746986
joint_only,538,0.10652907045009441,0.39501447284873803,1.3036,0.27213386635821935,0.29326006007140926,0.10189604759216309,1.7043423652648926,1,0.23897934730352827
joint_only,539,0.5382117882956075,0.39189406426090445,1.374,0.5890771433448162,0.6116752797803234,0.4021790027618408,4.61332106590271,1,0.3467958450230536
joint_only,540,-0.5916115162937101,-0.264928500486103,1.0573,1.593427010796756,1.5481579185400314,0.311460018157959,3.111301898956299,1,0.25285267096215447
joint_only,541,0.417574513235478,0.11015585171536446,1.4097,0.9431761713305081,2.2748015123826146,1.2030205726623535,8.720903873443604,1,0.4340257275838135
joint_only,542,0.061091165783162205,0.6022901848328225,1.4824,0.7698735225799015,0.8504027264454127,0.15175724029541016,4.81196928024292,1,0.2561346179959972
joint_only,543,0.46718392803351017,-0.2963070827968456,1.054,1.075063920424477,1.2084942560420977,0.15119385719299316,4.814871311187744,1,0.6079871817980186
joint_only,544,-0.5263849915172485,0.4327829937365505,1.0128,1.2923477373768752,2.5324923630215546,0.1011497974395752,4.417150020599365,1,0.4864574529591706
joint_only,545,-0.31947479268335854,0.14031974442066442,1.156,0.40346262115615056,0.3713358440505645,0.2583341598510742,3.317185878753662,1,0.7562595483986669
joint_only,546,-0.2678742387870786,-0.4508266268661139,1.3387,0.6296950504310912,0.6862503167602286,0.15218400955200195,3.014854669570923,1,0.7986941734250842
joint_only,547,0.421568650833003,0.5462308205482153,1.4791,1.2785971857560225,2.538951982341317,0.15256643295288086,4.114858388900757,1,0.7724513756694342
joint_only,548,0.6897026343280379,0.1706892573760176,1.1983,0.607226728820045,3.9466304425369216,0.8536486625671387,8.919910907745361,1,0.6614417693617646
joint_only,549,0.45639144219736316,0.02704542696712453,1.3575,0.38196223736735585,0.4766815000806417,0.1009671688079834,3.7106425762176514,1,0.6413400965887092
joint_only,550,0.039430093522217935,0.4449103994841487,1.038,0.6715533737017965,2.8878578248144913,1.2064106464385986,9.120823860168457,1,0.4445965291497589
joint_only,551,1.0630182511081268,-0.5908699047696422,1.3453,1.5349043925333978,2.2124581766113707,0.10103178024291992,3.7100746631622314,1,0.32982811621967634
joint_only,552,0.593489967360056,0.5184371827216331,1.3136,1.3687334962415532,3.4867118116208404,1.0556409358978271,8.917011737823486,1,0.6151884529573507
joint_only,553,-0.2938234672245187,0.5083982020987395,1.051,1.0252024356838791,0.9557670713681999,0.40215373039245605,32.46514272689819,0,0.38853296446828595
joint_only,554,-0.8373110067998992,0.5799014306197118,1.3862,0.5121881163131293,0.8211639480333341,0.10112881660461426,2.7085225582122803,1,0.4907661645705523
joint_only,555,0.7708602257502346,-0.3561898733778862,1.4251,1.7940668090047633,10.111487380400689,0.5020854473114014,22.94524097442627,1,0.302674595126899
joint_only,556,0.5217056073272972,-8.029308989310202e-05,1.3002,0.6972990027324153,0.540740117324251,0.15286612510681152,2.008701801300049,1,0.3288801425167044
joint_only,557,-0.8484152000983621,-0.09891281545176889,1.0605,1.5821261338300128,2.001971001616616,0.15354537963867188,3.9182329177856445,1,0.24996747645586584
joint_only,558,-0.2838746651215207,-0.330911140789403,1.4919,0.7807192410378788,1.2818708330859339,0.20292997360229492,3.217268466949463,1,0.3343618446056506
joint_only,559,0.9165378804705187,0.4280105634134833,1.3913,1.5177436067404504,2.8565922292071955,3.3099851608276367,7.314187049865723,1,0.8036686785462905
joint_only,560,0.8955435513127907,-0.4883563333275463,1.1736,1.1707454224210199,2.4659130138031946,0.15196847915649414,5.1103434562683105,1,0.7185044554662147
joint_only,561,0.701854148383777,-0.6953630535178119,1.2142,0.47825584007087923,0.40703985382467783,0.10124492645263672,2.0044820308685303,1,0.31039597601412466
joint_only,562,0.8229896579860032,-0.02653362325410802,1.1853,0.9105569000434864,0.989666363859008,0.10109090805053711,3.2086925506591797,1,0.8373659059339071
joint_only,563,0.31417540320723125,-0.5850820620401551,1.253,0.9585711054049396,0.9225371243220325,0.051639556884765625,2.409564971923828,1,0.6264460600534049
joint_only,564,0.45335492114327147,0.3964400622612222,1.1706,1.1647183236222032,1.3958269518446613,0.1019136905670166,3.411043643951416,1,0.6190204356635696
joint_only,565,0.15257866917849183,-0.15159273821895947,1.4248,0.832833332851657,1.2027996674955874,0.4515187740325928,5.211101055145264,1,0.42330369478965635
joint_only,566,0.6608294776571699,0.08404279421479088,1.4112,0.6250801588358317,2.2229869829263276,26.04967951774597,8.820563793182373,1,0.7082539950022323
joint_only,567,0.3302515450205705,0.12441657794839256,1.0528,0.5137622495593547,0.5153703772598042,0.10144639015197754,2.6104700565338135,1,0.4190208285211433
joint_only,568,-0.402406865681134,-0.03901216965208354,1.4804,0.6591895918126265,1.8586053492428292,0.10347700119018555,4.2120256423950195,1,0.7236454989631094
joint_only,569,0.09355613000734608,0.15315613261547922,1.3178,0.5192630095503397,1.7973480249083165,0.10122084617614746,4.31198787689209,1,0.491326319008523
joint_only,570,0.6008031418619415,-0.04739043425359135,1.4144,0.636125511222382,0.5728573635772513,0.101287841796875,3.621678113937378,1,0.5351742615981914
joint_only,571,-0.36879588677145925,-0.24581384993613936,1.3537,0.9456292057382447,1.4473594345259901,0.20546698570251465,3.811983585357666,1,0.5413698888006384
joint_only,572,-0.5954722386493243,-0.36265714109474584,1.2177,0.42944828094803655,0.2769891660415253,0.10106205940246582,2.608208179473877,1,0.3344503486402088
joint_only,573,0.08240537717814755,-0.47356174269744805,1.3669,0.5942551940884107,0.6826601854451371,0.10135078430175781,2.50752854347229,1,0.4259264514240834
joint_only,574,-0.46274070953503815,-0.033229208515224706,1.4827,0.7431793216577962,0.7006238300908169,0.10168099403381348,2.105272054672241,1,0.5628164109835668
joint_only,575,-0.4388056203601179,-0.6925448479238717,1.135,0.8030916781172885,0.7033893357236632,0.10165023803710938,2.4104485511779785,1,0.15885714608262774
joint_only,576,0.717724816927189,0.042994835989419444,1.4041,1.2558821835594685,1.3427207736621194,0.10097336769104004,3.108520269393921,1,0.6670091535332904
joint_only,577,0.973735871915842,-0.19750133334009856,1.2691,0.5102157749466631,0.34416400090341015,0.10148429870605469,3.216676712036133,1,0.5854083713819724
joint_only,578,-0.647372304129376,-0.26866340179047504,1.2417,1.5173882215404852,1.7268282553304133,0.15263938903808594,3.6200358867645264,1,0.47688969508152323
joint_only,579,0.10520932223411517,0.22190354452750682,1.2178,0.8027460036765851,0.8529230596481965,0.30675578117370605,3.1166484355926514,1,0.5355112572150317
joint_only,580,-0.32848211642031233,-0.20085247212883384,1.3655,0.6551312363503575,0.5839562004709021,0.1533048152923584,2.3166866302490234,1,0.6089936185049771
joint_only,581,0.9258850070670919,0.23808085349746078,1.1342,1.2719580824485173,2.8864693680540765,1.5591223239898682,8.821507215499878,1,0.5748761308131535
joint_only,582,0.759752541526606,0.569253142780375,1.4259,0.37302503593433556,0.8414125069412053,0.15152311325073242,4.61398720741272,1,0.6165409936828008
joint_only,583,0.3883475157035128,-0.6727399858985535,1.4154,1.4875800175083744,2.06027786866574,0.25167012214660645,5.9116432666778564,1,0.47882987516057
joint_only,584,0.3237225877456864,0.2003745411388418,1.0433,1.2367086543575088,1.2599219123749814,0.10127449035644531,2.508427858352661,1,0.813479564884393
joint_only,585,0.031260760749884264,-0.23592114810050058,1.4408,0.6952383057277295,0.8324652325806225,0.1515195369720459,4.108978271484375,1,0.9441221525353215
joint_only,586,0.6158348907562847,-0.645435468931307,1.1219,0.9074796696025498,0.8569616301636588,0.15129470825195312,3.1110825538635254,1,0.5096352666907306
joint_only,587,0.9935003604287094,0.17561881659728396,1.2324,1.0063316046456525,1.2128910270050786,0.1510617733001709,2.4094574451446533,1,0.7913628972302432
joint_only,588,0.30363568817532327,-0.7290797531458806,1.3052,1.3441346186035954,1.529350132902024,0.10109353065490723,4.014119863510132,1,0.3055841702138401
joint_only,589,0.34112061425943163,0.4574618674227583,1.1895,1.417258714060818,2.7574166578944803,0.20372319221496582,5.2216637134552,1,0.7273751263310385
joint_only,590,0.9156624550405383,-0.6517061578551653,1.0143,1.4222677587918822,1.65864275976759,0.10599088668823242,3.014404296875,1,0.38310994061318165
joint_only,591,-0.8497974975313481,-0.16312492658462396,1.4255,1.983919318055211,2.6960513174238914,4.471337556838989,10.021091222763062,1,0.7461365933797732
joint_only,592,0.27101017550787976,-0.6829025146475063,1.0909,1.4609739605047045,1.441977989175667,0.10151076316833496,2.5086050033569336,1,0.25918870759555657
joint_only,593,-0.19284230601179142,0.25888437189294156,1.1061,1.0933978289389223,1.3999439161355576,0.10150623321533203,3.3087947368621826,1,0.3027994273188982
joint_only,594,0.4995207824584045,-0.15227469966593643,1.3989,0.926038027192142,2.4499103672015723,0.5019471645355225,4.813056945800781,1,0.6559033430632005
joint_only,595,-0.26588664542158247,0.34106560973117006,1.1702,0.8740200241898759,0.9317360472357908,0.1515190601348877,3.7098474502563477,1,0.535878917178506
joint_only,596,0.7570411446105278,0.4352906519466039,1.4402,1.0618943169631982,1.0624067236745651,0.10166144371032715,3.3086307048797607,1,0.5987858466765518
joint_only,597,-0.2410059660875028,0.05694107782031255,1.3506,1.0715617255316403,1.0040058023372225,0.10116958618164062,3.508046865463257,1,0.5868034239042679
joint_only,598,0.5254711797600604,0.20286849540819618,1.1381,0.7102695190840745,3.4728823289218966,2.4551963806152344,8.721735000610352,1,0.8927806072438358
joint_only,599,-0.0196908511679047,-0.5470756460314574,1.0051,1.1775090524826164,1.1592816424117163,0.253338098526001,3.117048978805542,1,0.5193752518213561
joint_only,600,-0.5668607810033723,-0.7080347778894983,1.474,0.7161964961036912,1.0254456381535744,0.15215396881103516,3.9367125034332275,1,0.48941617941384136
joint_only,601,-0.19792254183587987,-0.6444678647233275,1.0428,0.9027062235319705,0.5778207905415045,0.15198802947998047,3.0085878372192383,1,0.40084390974284
joint_only,602,0.4690531079547886,0.08934068874799661,1.36,1.1495047242860577,3.594997503164084,0.8524079322814941,10.41939401626587,1,0.652783859156714
joint_only,603,1.085287284920383,-0.11920177247653807,1.2443,0.8010864098657174,0.6574455500602686,0.10103225708007812,2.508460283279419,1,0.5254446557091634
joint_only,604,0.08943878472492639,-0.7051645468993544,1.3791,1.088140696170266,1.0697357991294572,0.052546024322509766,2.3068370819091797,1,0.322881795194781
joint_only,605,-0.11150229486214391,-0.6894194787220714,1.3453,0.24854813730473924,0.2240519937367118,0.10157012939453125,3.307983875274658,1,0.37903285977618906
joint_only,606,-0.5558305759299493,-0.7109142196450725,1.323,0.4488662815498056,0.42846140093165924,0.051593780517578125,1.8046553134918213,1,0.311933178526077
joint_only,607,-0.29971686195019875,0.4937142934646447,1.2454,1.13876512269281,1.549730516774535,0.10267329216003418,3.908355474472046,1,0.3647272121147157
joint_only,608,-0.2507179661580867,0.477666645752128,1.3965,0.08655183586624254,0.16510127054639506,0.10158753395080566,2.004345178604126,1,0.42657901259258185
joint_only,609,1.0773140894831401,-0.34673092843704334,1.0465,1.5710596096842808,1.8767793097542615,0.10112166404724121,3.907942295074463,1,0.2639621768146205
joint_only,610,-0.10891540481141992,-0.27530811875430916,1.1108,1.1593064221073144,1.0783920806028635,0.1011807918548584,2.607445001602173,1,0.20687112078435202
joint_only,611,0.22445616397957813,0.0013024122513455305,1.3459,0.3504496262015604,0.9170852620248482,0.10187220573425293,3.7086410522460938,1,0.5378375311890419
joint_only,612,-4.524368077551966e-05,-0.32759411539104755,1.1531,0.4872887888096849,0.9551991640963498,0.1009671688079834,3.709327220916748,1,0.30941914913287943
joint_only,613,-0.7587424920815327,-0.27247647708110384,1.2908,0.877908933031997,0.8005738788606757,0.10145425796508789,2.5110950469970703,1,0.40236023875290966
joint_only,614,0.232378893627587,-0.26584134837208256,1.2366,0.9170348228028556,1.007009970351276,0.15241241455078125,3.109553813934326,1,0.39124514607133054
joint_only,615,0.007094710918766123,0.11744595763254173,1.2655,0.5009263721991382,0.3973304497071693,0.25339365005493164,3.1110990047454834,1,0.5379755007613967
joint_only,616,1.0968075067992018,0.4665524831926259,1.2128,1.0728805332318916,1.2579560440321953,0.2526438236236572,3.82521915435791,1,0.4012322560711225
joint_only,617,0.3571490710123255,-0.46639716385197666,1.373,1.0733215884758687,1.8418762078738167,0.1523289680480957,4.21779203414917,1,0.3620021493235131
joint_only,618,0.06953224629889043,0.0031157783578292797,1.1654,0.6480817559434239,0.5206096207147591,0.20363664627075195,1.9057269096374512,1,0.41839210800302284
joint_only,619,0.9295390388776137,0.2492248055164148,1.3514,0.7942560947496025,1.3275651809516207,0.15216755867004395,3.808637857437134,1,0.4428761219849056
joint_only,620,-0.6140470545418966,0.34316045733369205,1.1355,1.506442934016663,1.546277801076071,0.0511934757232666,3.207902669906616,1,0.28646716425385316
joint_only,621,-0.32642867972581047,0.4621224583189917,1.1257,0.3512152491777236,0.32585663232437173,0.10126185417175293,3.0093581676483154,1,0.33845222642757516
joint_only,622,0.04402304923960998,0.6048766575955294,1.0603,0.4401053991122101,0.30450207637714355,0.1012272834777832,2.1054697036743164,1,0.1904656866745602
joint_only,623,0.2938658768642759,-0.227296706518467,1.0963,0.7568284374195199,0.8562783461759795,0.10120129585266113,3.1079049110412598,1,0.2738868593553464
joint_only,624,0.6368840153105959,-0.21189334362515966,1.0598,0.258917714783214,0.5353704996220151,0.1010746955871582,3.0115370750427246,1,0.2474631629890753
joint_only,625,0.2711670359400662,0.4463029980881349,1.2679,0.6261521004508965,1.9069979179290033,1.102717399597168,6.113840818405151,1,0.3790724356167386
joint_only,626,0.7671425036146926,0.30746118985558224,1.3811,0.7475315283104408,1.1574611206166632,0.2516791820526123,2.906252861022949,1,0.8679442714837675
joint_only,627,-0.4756595102227057,-0.5928709750345802,1.0926,1.7994403548465239,2.097236825243084,0.20120549201965332,5.511026382446289,1,0.523698797696532
joint_only,628,0.8056922690383939,0.4841059419385002,1.1082,1.6866720415504737,0.0,0.15128588676452637,0.0,0,0.0
joint_only,629,0.015568367742194722,-0.0416657601081849,1.2421,0.7836162131272316,0.9368182416048213,0.15129971504211426,3.0092663764953613,1,0.8239929503822578
joint_only,630,-0.8351119008402077,-0.08781707453131926,1.3623,1.0664546439777982,2.951905720378298,8.905440330505371,11.34862995147705,1,0.658631440891432
joint_only,631,0.499599279306548,-0.5582861321932405,1.4883,1.2372563145479616,1.5391325144179506,0.10161089897155762,3.309896469116211,1,0.5277771391236238
joint_only,632,0.7213945456207789,-0.35998393530240413,1.2623,0.4530372808133498,0.3702925137588663,0.10119271278381348,3.3101108074188232,1,0.3858372648382127
joint_only,633,-0.8554329689051047,0.6280058557070382,1.1415,1.7904218266432939,2.5645398052199955,0.5528774261474609,6.813720703125,1,0.26230846128210006
joint_only,634,-0.28906435644184514,-0.7233308084854596,1.0503,1.725774719805849,4.069936862210414,2.7571399211883545,12.025250673294067,1,0.09966224862184474
joint_only,635,0.5946236935318749,-0.5467237052486478,1.0971,0.7950039752694432,0.8849968976102934,0.20288634300231934,2.909989595413208,1,0.19730943962390643
joint_only,636,0.4322273020580487,0.30964329166113547,1.1137,0.7984734797713728,0.7818993425824537,0.1523444652557373,3.0102975368499756,1,0.28855251874624366
joint_only,637,-0.6973854569120961,-0.07299938951725227,1.0897,1.2328779781663348,2.061384578084895,2.7533910274505615,8.220515966415405,1,0.7275367583122226
joint_only,638,-0.06611493855300599,-0.652302474151308,1.0071,1.0413545134781599,2.4553374232048912,0.10121893882751465,5.712233781814575,1,0.3034924741117021
joint_only,639,0.7289221862382782,0.559123347675183,1.2671,1.5408513806973947,1.979723499077678,0.10128331184387207,3.608170986175537,1,0.7045547523858388
joint_only,640,0.16274681988542894,-0.33139675849137723,1.1372,1.2929644929846218,1.2077667787864552,0.10132765769958496,2.709839344024658,1,0.8699557475027004
joint_only,641,0.7017298091806639,0.2285368197644434,1.4871,0.7132861280114043,2.481284531916959,0.15116524696350098,7.115829944610596,1,0.9695397280444995
joint_only,642,-0.0745051538221132,-0.3372708611781259,1.2767,0.9837054518647981,0.9915028808355987,0.15125560760498047,2.913909673690796,1,0.7266112440664828
joint_only,643,0.7195027972144252,0.5337593456901674,1.3487,1.1805586036834597,1.3052507561205942,0.15162873268127441,3.7118992805480957,1,0.5852826188394824
joint_only,644,-0.2357955201266979,-0.08837558076363028,1.0631,1.3352539932155927,1.1551843190197193,0.10133481025695801,3.1100013256073,1,0.5238562294537117
joint_only,645,1.0673405702764713,0.08619951396360237,1.4342,1.2374342622559455,1.286865768793851,0.05113816261291504,3.807886838912964,1,0.705609755319704
joint_only,646,-0.6293712152816018,0.4780175762846578,1.2454,1.7510184531504416,1.944924096616369,0.10121583938598633,5.619637489318848,1,0.2890299128152783
joint_only,647,0.288184010714875,0.11545302747263908,1.4364,1.0055312456930743,2.803624880983881,2.6045844554901123,9.225805282592773,1,0.9234303761195624
joint_only,648,-0.39349140961462037,0.2379709170640545,1.287,0.8636322624216859,1.0128975694006965,0.10191988945007324,2.9129912853240967,1,0.3902839868851139
joint_only,649,0.22205691740243627,-0.02828656796502782,1.2347,0.6733977147808137,0.6739529010990085,0.10156679153442383,2.205918788909912,1,0.44434699738673533
joint_only,650,-0.3350666079546122,-0.060540489048141355,1.2202,0.5583288219907597,0.5572820491291987,0.051024436950683594,3.111372947692871,1,0.45558234428338695
joint_only,651,0.37478335523942197,-0.6683477841533301,1.0922,0.9426149583919886,2.4704357741270564,0.65267014503479,8.619105100631714,1,0.2403706606180115
joint_only,652,-0.8727330384651101,-0.040708562688046235,1.0257,1.3295959483020947,1.2807190598919802,0.051455020904541016,2.9065756797790527,1,0.4714904984524992
joint_only,653,0.5282273981372294,-0.6568644598915563,1.4705,1.433499860517061,1.5469651777015971,0.10157656669616699,3.7102296352386475,1,0.21840795531086582
joint_only,654,-0.38379509124182976,0.2750021731529463,1.2389,1.3231970816263368,1.7078206541027015,0.7064826488494873,6.813624620437622,1,0.5221108919918154
joint_only,655,-0.159016372937552,-0.37147962450766187,1.4111,0.588056939258309,0.62794755946629,0.10126733779907227,2.0053529739379883,1,0.542633562045251
joint_only,656,0.6906641590600464,0.48243232696994964,1.2004,1.169059713654887,1.464347255503625,0.10157060623168945,3.81343936920166,1,0.22323483209147701
joint_only,657,-0.12515561704495182,0.5816437442574088,1.037,0.80745604654242,2.978077347969075,2.4558238983154297,6.567064046859741,1,0.2072694551454794
joint_only,658,0.10573942818563264,-0.21037054130394084,1.3147,0.9155253060357283,1.0805369188292682,0.15311241149902344,3.0180609226226807,1,0.7450142597246961
joint_only,659,-0.8643519995530874,-0.5136064560613489,1.0268,0.9741754658046413,0.0,0.10235977172851562,0.0,0,0.0
joint_only,660,1.0417061551650382,0.302665923804576,1.0746,1.2415581858311018,2.145945737959166,1.8797540664672852,4.111900568008423,1,0.45147540943856485
joint_only,661,-0.2822605224766237,-0.5982285968273232,1.2814,1.691761654066383,2.980512552947237,0.15305280685424805,4.610825777053833,1,0.5388574089399395
joint_only,662,-0.7774953234364869,-0.24829065985205573,1.1519,0.6322253270782335,0.6606083870331029,0.051042795181274414,1.7044706344604492,1,0.647960747676792
joint_only,663,-0.015330852408945383,-0.11412074251113002,1.497,0.8970264499058697,0.8151093855138885,0.10136175155639648,2.9093241691589355,1,0.9604046000609415
joint_only,664,-0.14003012663341596,-0.6710642022624129,1.0592,0.791223652202145,0.7794821468321401,0.05142974853515625,2.305851697921753,1,0.31156154923721685
joint_only,665,0.756560535670151,0.4253781535387363,1.3822,1.4833933648267459,3.2678317829177415,0.050847530364990234,4.71105694770813,1,0.8373607320241607
joint_only,666,0.06306253585102972,0.4663353579041206,1.3032,0.8005689851072202,0.6859719922520171,0.10151934623718262,2.3084254264831543,1,0.7219599417355285
joint_only,667,0.3315647063048961,-0.33725576981630173,1.3954,0.8614345256728622,2.9562117981585416,0.6520142555236816,9.118074417114258,1,0.6860885946973507
joint_only,668,0.5909001620182794,-0.30932802966915707,1.1128,0.6462513075982514,0.4014835774824862,0.7064359188079834,4.613811492919922,1,0.6806620939819537
joint_only,669,0.5405760426661483,-0.469278212295571,1.2613,0.28216241301243583,0.2322630355052035,0.10147690773010254,1.5038247108459473,1,0.6298066337422832
joint_only,670,-0.14404817226730493,-0.6631816578415994,1.2253,0.8491545620181774,0.9814893154086666,0.10110163688659668,3.8114724159240723,1,0.482838512932498
joint_only,671,-0.3426313147251605,0.40494983016977526,1.2214,1.2031061993753362,4.712773022033024,0.4542524814605713,10.219711780548096,1,0.6469866702651949
joint_only,672,-0.20438112630365834,-0.7164438351192162,1.4301,1.2148321817219547,1.4696247792047883,0.10193777084350586,2.7153892517089844,1,0.49538987823856623
joint_only,673,0.1038576063748392,-0.18750588727180983,1.495,0.7350210503013548,1.1464594033696984,0.2041950225830078,3.0110411643981934,1,0.9284653827422341
joint_only,674,-0.8533309865246298,-0.10533325091088563,1.1527,1.17969392560575,2.168568280257391,0.26134681701660156,3.8164355754852295,1,0.7276300018970611
joint_only,675,0.46988877410364527,-0.31449905922220245,1.3105,1.4218287686218871,1.2804253088075004,0.10211062431335449,3.014125347137451,1,0.3518089139400045
joint_only,676,0.16020876645050341,0.5980429931856396,1.3048,0.9932977509182219,1.470879707325297,0.10169601440429688,3.410503387451172,1,0.26092798803066297
joint_only,677,0.6534535757025641,0.3660317083393486,1.37,0.5832955535715169,0.4837388661248348,0.10130786895751953,2.508314371109009,1,0.2621513089396229
joint_only,678,-0.8382112158073415,-0.3399939687875041,1.4738,1.7500087022210877,3.001790203926991,0.10116910934448242,5.811835289001465,1,0.7750172666932885
joint_only,679,-0.18307453434045307,-0.23223020879870215,1.1039,0.9570148354756228,0.8188778533504139,0.051145076751708984,2.305119752883911,1,0.5315268396608394
joint_only,680,0.40828122592637817,0.5955431658036748,1.1055,1.0887516472221266,1.1777352580687035,0.10115623474121094,2.4059228897094727,1,0.38243596194862234
joint_only,681,0.9079471184655314,0.33311461987231217,1.3302,0.6358483730647609,0.9461047450489849,1.2068541049957275,4.411854267120361,1,0.30205511141337577
joint_only,682,-0.08415350936417543,-0.3267937885831933,1.0785,1.433919272329854,2.614947901959453,2.6560986042022705,5.312821865081787,1,0.2729141912800026
joint_only,683,-0.3842315954735552,-0.07787810621818292,1.0869,0.4848576283022203,0.7231354362785904,0.10181140899658203,3.5151193141937256,1,0.2126829713043962
joint_only,684,-0.7583523011957277,0.5730031865577921,1.0375,0.6905978171563562,0.8788019305522746,0.1014091968536377,3.307304620742798,1,0.21699417432671406
joint_only,685,1.0918119009002851,0.005118725267561297,1.0013,1.9244595310324384,0.0,0.10126447677612305,0.0,0,0.0
joint_only,686,-0.14822075694596204,-0.4333261377587037,1.2253,1.2240709084455428,1.7059784725449316,0.10131239891052246,3.814016103744507,1,0.3121416107698601
joint_only,687,0.36062383758380534,0.3305362297967972,1.2969,1.0641585358158454,1.1914342227486356,0.1520097255706787,2.7081785202026367,1,0.46298812461492334
joint_only,688,0.7346473120081394,0.13080176764296303,1.1456,0.637461526158498,2.429675341148523,0.1547236442565918,5.019314765930176,1,0.31079012957443053
joint_only,689,-0.35786833114070526,-0.26870590552895474,1.1157,1.291378666264844,1.3228413865921267,0.10225224494934082,2.9086925983428955,1,0.27322784463535327
joint_only,690,0.05851674748903035,0.4800539227821242,1.3535,0.9641125609800817,1.7123615382426831,0.1527407169342041,4.022698402404785,1,0.41345760803246623
joint_only,691,-0.5810453662390808,-0.7322256542793862,1.3515,1.494360513768414,1.9097638631828036,0.1533946990966797,3.3121559619903564,1,0.3774303603636553
joint_only,692,-0.6068672455116899,0.5732014823320027,1.227,1.425939065382433,1.7804794555629655,0.051607370376586914,3.1104044914245605,1,0.5339128970687264
joint_only,693,0.11919627802863031,0.19079833717803818,1.3437,0.9044581827180465,0.7729899939540131,0.05546092987060547,2.9103214740753174,1,0.7525719148980701
joint_only,694,0.7264056029320753,-0.11142046806674344,1.462,0.8187405510595278,2.192937239282093,0.10135626792907715,4.108666658401489,1,0.5095360517431982
joint_only,695,-0.7859903136815638,-0.5152598025271058,1.3939,1.72666956640959,1.8554286570007017,0.05096626281738281,3.1070332527160645,1,0.2612731682336237
joint_only,696,-0.7739415651965167,0.4161746384072059,1.3125,1.1385901453399916,2.8020736470445056,0.051450252532958984,6.312149524688721,1,0.28979587692022324
joint_only,697,0.8192017148186501,-0.4105234229443796,1.3306,1.8964920159671876,2.657081974767774,0.9554011821746826,8.21591854095459,1,0.5190000967659035
joint_only,698,1.0127338841371516,0.6238817099092168,1.4668,1.0631734591209587,1.3937675736824615,0.5524511337280273,6.813844442367554,1,0.530050652707598
joint_only,699,0.25582784310199935,-0.3863895899160518,1.2126,1.2837679077484878,1.2608556919206708,0.20584464073181152,5.515477895736694,1,0.6456854431129853
joint_only,700,-0.7281523440624563,0.11209964558409624,1.2723,1.0456455052663236,2.3325704151596853,1.8045222759246826,8.124286413192749,1,0.30059548412398224
joint_only,701,0.6979235204835756,0.5044529426531971,1.3238,1.574801861013231,1.7139497007505722,0.15746831893920898,3.159727096557617,1,0.26431154271254476
joint_only,702,0.16053300394595738,0.5998210655803261,1.4542,0.6248892978279061,0.6487133615087977,0.10698723793029785,1.905975341796875,1,0.2978462738607446
joint_only,703,0.07221601101951647,0.2439870349611335,1.4133,0.5768978585137413,0.5414088732545603,0.10235333442687988,3.0083136558532715,1,0.7092690688384303
joint_only,704,0.4482021494703994,-0.5194505520070305,1.0357,1.1151784466207664,1.1723098509720442,0.15225934982299805,2.408087730407715,1,0.33378832741109077
joint_only,705,0.11581120711023685,-0.7263703175496284,1.083,0.3221605862192725,0.37384681458058566,0.10229754447937012,3.613314628601074,1,0.20574006910584314
joint_only,706,0.9627166436317918,-0.42879810482464153,1.1538,0.9476576323865565,1.0468691684599156,0.6027214527130127,4.412470579147339,1,0.6080626443628014
joint_only,707,-0.23545008049477467,0.42220983111243904,1.3745,1.5508644155511417,2.8460212026497325,0.9025774002075195,7.914731740951538,1,0.6468397581431768
joint_only,708,-0.02331259440488853,-0.7029207447514066,1.2846,1.1735994223415975,2.8524940157351777,0.2511286735534668,6.412696599960327,1,0.3217858384146067
joint_only,709,-0.6381278000284636,-0.34607209393880634,1.1443,0.8029467347220555,1.0271177278776762,0.10161805152893066,4.911194801330566,1,0.6062890018922371
joint_only,710,1.0956314405683147,-0.6812918751800238,1.0622,1.7794365140568034,1.72013206154331,0.30164146423339844,2.7093517780303955,1,0.29658066143050166
joint_only,711,-0.09514787489317056,0.2933600733788092,1.3443,1.4320314647492867,1.744890588193915,0.6018373966217041,9.729689836502075,1,0.5937972442097977
joint_only,712,0.2708569655279518,-0.2523155271211091,1.3499,0.5630173912288212,1.5684272357577496,0.20309042930603027,4.224704742431641,1,0.5174530941576544
joint_only,713,0.24499472514803222,-0.25031319386482426,1.4713,0.0698129348928245,0.12506459743575513,0.15236878395080566,1.2555582523345947,1,0.6310093911458777
joint_only,714,-0.49326278155357534,0.5186605050920506,1.2502,1.0393121488680044,2.1333575290544657,0.2021925449371338,4.512280464172363,1,0.49517507224556323
joint_only,715,-0.4352697841673163,-0.6895102303905329,1.2469,1.0989001186328355,1.1416211262252451,0.10172367095947266,3.21004319190979,1,0.2647001296580522
joint_only,716,0.8449388426308926,-0.35487420577556533,1.0402,1.2561672320040767,1.211211533025734,0.15196800231933594,2.6077301502227783,1,0.39129996871359324
joint_only,717,-0.007630675878305571,0.054042058835830686,1.0199,0.7919433824012981,0.9487059996767955,0.10129046440124512,2.9084901809692383,1,0.3707927036007757
joint_only,718,-0.31309279724180683,-0.2579087619411845,1.216,0.375096403933111,1.136702548869636,0.10140562057495117,3.908193349838257,1,0.4255677650320359
joint_only,719,0.8960504068781925,-0.1666784563026511,1.1612,1.106596503569562,1.3212322713709492,0.10151219367980957,3.508335590362549,1,0.36678923014841125
joint_only,720,0.1131239869535745,-0.4617695301552918,1.1252,0.7862334569771012,0.7549570009793826,0.10141253471374512,2.2052106857299805,1,0.28786369495496056
joint_only,721,-0.21583876644882194,0.431811497025791,1.0457,0.8540356062221263,1.6500815659786092,0.5533421039581299,7.914174556732178,1,0.25360087885861043
joint_only,722,-0.736226951441398,0.5496379311712704,1.481,0.5073818954046382,0.8557889813810696,0.2519214153289795,2.507927417755127,1,0.6639834675585584
joint_only,723,0.7341613475576942,0.4054248249490492,1.418,1.6598339177921493,1.9153220830777795,0.15134072303771973,3.4088540077209473,1,0.8259547076691797
joint_only,724,0.6553654210184392,0.15649004375382158,1.2876,0.6166868718860531,0.3027568015405319,0.10134744644165039,2.511106491088867,1,0.8759082361112076
joint_only,725,0.19548540352276933,-0.3548828861676149,1.4754,0.8650451252847143,1.7624727267003286,0.30226683616638184,4.113614559173584,1,0.7886313623905985
joint_only,726,-0.6195679999771684,0.30886123520879283,1.4998,1.2326526743730777,3.9885291304585366,0.6038806438446045,6.725898027420044,1,0.8512401389423572
joint_only,727,0.16261517891163635,-0.667932306918664,1.3361,1.4497562009785816,6.077102004799617,22.333685636520386,11.629948854446411,1,0.33846472140452005
joint_only,728,-0.2700781376808913,-0.3253829881615924,1.1348,0.5672267687613606,0.5879893484951222,0.15255188941955566,2.7104427814483643,1,0.3607090037695536
joint_only,729,0.5725613818824087,0.5854457167242183,1.0201,1.1510208354248113,2.2951502694317596,8.800053358078003,8.316309213638306,1,0.22624001211102265
joint_only,730,0.5974385200321732,0.422736470870381,1.3781,0.3888961395153051,0.6028394624753779,0.10101127624511719,2.308896064758301,1,0.6705986567083169
joint_only,731,-0.2282650443663523,0.23614171167735676,1.2353,1.1046621812425121,0.8215095995871117,0.15143084526062012,2.9088683128356934,1,0.7626316254559601
joint_only,732,-0.13779492183130937,0.4962658303333324,1.3258,0.28507760450590364,0.2911611733442385,0.20140600204467773,2.6089863777160645,1,0.7471063119283297
joint_only,733,0.6219200506898841,-0.2027497937876348,1.458,1.0726629920468624,4.052899209705949,1.003150463104248,10.721770286560059,1,0.3962508086087716
joint_only,734,-0.7175005720594603,0.005138821808710725,1.0907,1.6151543585490582,2.0966722044935038,0.10140395164489746,3.6202714443206787,1,0.42466521281140734
joint_only,735,0.6742120639374543,0.05910380042638941,1.2927,1.4955864668885344,2.4954591969807054,0.15810918807983398,4.323681592941284,1,0.6508007595066927
joint_only,736,-0.34712359536506443,0.08353503015795838,1.3174,1.1713567976045924,0.995895736207862,0.2081434726715088,3.2275760173797607,1,0.4972453218777286
joint_only,737,0.6313484699584673,-0.602143065372664,1.2459,1.0586446722925424,1.1457243223523794,0.15857172012329102,3.108207941055298,1,0.5172461995592885
joint_only,738,-0.14108551343279763,0.5388387611707296,1.0456,1.5091960566222786,4.6005031766288225,0.6523756980895996,11.023601293563843,1,0.32194939807549683
joint_only,739,0.5427953920267652,-0.10860201840077433,1.174,0.8335692796579168,1.2114040455699484,0.10113835334777832,3.5083987712860107,1,0.6903569851408379
joint_only,740,0.5718404642018282,0.4409633018038125,1.1667,0.6818357949048703,0.45920071649620947,0.10149931907653809,1.8047373294830322,1,0.5118880998369444
joint_only,741,-0.48603312494023276,-0.26850015761552404,1.3351,1.1380223369585174,2.015198122007085,0.5022318363189697,6.513890027999878,1,0.3002897264284288
joint_only,742,0.8246567774683911,0.22040738982501695,1.4289,1.4113196495717815,2.484744075660414,0.6520371437072754,6.613099813461304,1,0.9268583336756682
joint_only,743,1.0041337022090848,-0.06114047353963514,1.1649,0.7072512842578634,1.9209293085829524,0.15177178382873535,4.609438419342041,1,0.9397725790899675
joint_only,744,0.6852596027814168,0.2661259626718627,1.3468,0.5935162001808996,0.6323461205030483,0.5023834705352783,2.8071887493133545,1,0.5388497350835565
joint_only,745,0.7898927035370973,-0.7273116907341028,1.1441,1.1375299093045421,1.3001011379682788,0.10097146034240723,4.011560440063477,1,0.3418806846774479
joint_only,746,-0.005555247610260716,-0.42014654153556086,1.4726,0.926559416504827,1.1247087350161467,0.10118532180786133,2.5070383548736572,1,0.7343004891471476
joint_only,747,0.21002488646629347,0.5857064682019449,1.4068,1.1380620143752735,1.4216855443010685,0.15950322151184082,3.2210302352905273,1,0.4605181992639623
joint_only,748,0.5509757235932942,0.4422680073589721,1.275,0.391934928452563,1.907004019665922,61.67520594596863,8.020193815231323,1,0.5216447757952477
joint_only,749,0.22246542407415681,-0.1981352409457905,1.2274,0.8530643823615949,1.7218934908136132,0.20291972160339355,4.317026376724243,1,0.5755268026626273
joint_only,750,-0.5612845013878042,-0.3173514814466976,1.1573,0.6842634283923871,0.7848335534644694,0.15335345268249512,2.9085612297058105,1,0.4352934703351065
joint_only,751,0.4602973345220358,0.3516402397409456,1.1616,1.3437289889807669,1.3892601547381653,0.10207033157348633,3.0076661109924316,1,0.35437105695597115
joint_only,752,0.26020053859090986,0.40130893770708453,1.4851,0.26283384925039616,0.6635916880360597,0.15201687812805176,3.2099339962005615,1,0.513785839870183
joint_only,753,0.46290747957452694,-0.6717776120094923,1.2021,1.2339473242678223,1.6801746757835057,0.10116124153137207,3.311744213104248,1,0.14849765582259428
joint_only,754,-0.2649687797471162,-0.258035016256462,1.2573,0.8390150879396759,7.728360092375325,0.7045943737030029,15.928831338882446,1,0.730098127121197
joint_only,755,0.5792095182699357,-0.18717937222150305,1.4941,1.0249894248731972,2.311467797667347,0.8029000759124756,7.315143585205078,1,0.42757626362719187
joint_only,756,-0.3066270006572567,-0.1483783074306131,1.3288,1.1089660887525046,1.619328302657948,0.10181450843811035,3.4107415676116943,1,0.4279648100403086
joint_only,757,-0.7608472295172096,-0.22923248140439412,1.2713,0.34281111569540096,0.4657516246274543,0.05127668380737305,2.7597856521606445,1,0.2763543449506776
joint_only,758,0.4578716726584042,0.12575567909811725,1.2066,1.4579900746682741,1.9029935070777366,0.05090475082397461,3.8143866062164307,1,0.2242385677780298
joint_only,759,0.6153626803560968,-0.6037136387619593,1.0938,0.7400337138059644,0.8812300207626598,0.15262103080749512,2.509005546569824,1,0.3337764516600054
joint_only,760,-0.016738485507689083,0.6040266500545625,1.1809,1.4442839933585179,2.395081900636471,0.20328617095947266,4.120697975158691,1,0.4623387589109726
joint_only,761,-0.5174992002517989,0.5907095733929885,1.3782,0.47921128817342,0.5584436493794279,0.15228581428527832,2.1066555976867676,1,0.5268377180329673
joint_only,762,0.5894880399421893,0.2250577841097099,1.3127,1.2779970110400316,1.653216682503318,0.10234522819519043,3.0125129222869873,1,0.7889267087947485
joint_only,763,-0.08493226570821055,-0.37988441442002957,1.38,1.007560917954307,2.656894060203511,1.8130290508270264,4.309477806091309,1,0.8403296204671576
joint_only,764,-0.3407660954740023,-0.3480276724311783,1.1018,0.42427323525960187,0.5023199672791645,0.1013331413269043,3.2082533836364746,1,0.22341923858788626
joint_only,765,0.32340893150868144,-0.6372302122527363,1.2746,0.7487740317846039,0.7531268067990894,0.05125713348388672,2.7060306072235107,1,0.27638317236422916
joint_only,766,-0.2837696536108647,-0.6164999611226787,1.4638,0.5656299551149802,0.687846001419602,0.10114502906799316,2.7101542949676514,1,0.5506116407131839
joint_only,767,0.4123365534752399,-0.3755896137237382,1.2191,0.9516676054147387,1.1484541462754674,0.10148286819458008,2.6599833965301514,1,0.5395462863587389
joint_only,768,-0.3757299834402349,0.18586011978420036,1.3491,1.090132974565076,2.0576069377947257,0.10108280181884766,3.809180974960327,1,0.7954778560596015
joint_only,769,-0.2528175446685492,-0.3705137473281736,1.0607,0.7764310517069273,0.7567833264198548,0.05144762992858887,1.9044337272644043,1,0.434573416251865
joint_only,770,1.00342625072617,-0.5974854247492369,1.4866,1.3877340698506453,1.5183149948071144,0.05116415023803711,2.310392379760742,1,0.3063991759601868
joint_only,771,0.5868128225595588,0.47023351531610824,1.3044,1.3641865253379801,2.264996742796729,0.10145282745361328,4.009686231613159,1,0.31952259752734513
joint_only,772,0.5166586761354328,0.19147373060414052,1.1196,0.547355287985443,0.6555747929158156,0.05126953125,2.9105777740478516,1,0.2961723179947544
joint_only,773,0.28235944458604956,-0.39523848516721755,1.0792,0.708843016022179,2.400592117490225,1.1031405925750732,8.140270233154297,1,0.6260982716979345
joint_only,774,-0.0821120004326944,0.4108874075569223,1.2754,1.002023268998143,1.2277817657956471,0.20327019691467285,3.7112667560577393,1,0.46619658446022255
joint_only,775,1.063427783697986,-0.6029988794005848,1.2761,1.529801202725411,1.907635947747793,0.20520567893981934,4.310265302658081,1,0.27534078935063017
joint_only,776,-0.6894162925921903,0.28528009645514196,1.0466,1.97802895753767,2.1365844591042213,0.6028482913970947,8.618067026138306,1,0.511928209933144
joint_only,777,-0.3602335252479161,-0.1461298396849181,1.4961,0.6972579870435691,0.7698008120293639,0.10114097595214844,3.7104475498199463,1,0.8664569179037235
joint_only,778,0.2952978071586698,0.09966277503525889,1.4565,0.7020210643638126,1.0416301771194618,0.15132927894592285,4.911547422409058,1,0.4315005151396663
joint_only,779,0.5422524977354473,-0.6174280977801392,1.2307,1.0202130683604753,2.4173900940635775,0.10135126113891602,5.711529493331909,1,0.24507654031565176
joint_only,780,0.5911492847400546,-0.7241136087884116,1.0587,0.3005270374945332,0.19313274850337897,0.05096578598022461,2.81044864654541,1,0.1378929067758385
joint_only,781,-0.3362618578307204,-0.40285287563543604,1.4161,1.0261562867205405,1.220173651427672,0.15122008323669434,3.909173011779785,1,0.8595448882595309
joint_only,782,0.5792777470261792,0.09064938976175774,1.2492,1.1565834416237482,2.1701983235510727,0.05139660835266113,3.812476634979248,1,0.8605989232932223
joint_only,783,1.0128545875703923,0.4090877797003162,1.3583,0.4916228465204371,0.5396674084963662,0.05111956596374512,3.70999813079834,1,0.7175461161677901
joint_only,784,0.9756322271191329,0.004804949440220696,1.2544,0.41952900924663006,0.42399647787659384,0.05099892616271973,1.9050464630126953,1,0.7565095727445121
joint_only,785,0.599391120449855,0.27089849846843095,1.1367,0.47493638060126725,5.387027002207283,0.9029247760772705,11.030148029327393,1,0.8019791706973701
joint_only,786,-0.1374541560314867,0.522133320028653,1.4174,0.9027504945220168,1.4951629656791137,0.20210504531860352,3.115380048751831,1,0.6836175400472911
joint_only,787,-0.3401323344944924,-0.23675118403462048,1.4901,0.8839551481835934,1.0913983005821128,0.20209455490112305,6.212913751602173,1,0.702236086118348
joint_only,788,0.6876010870231237,-0.1187293887050418,1.1219,1.0988781092906537,1.5676177702253369,0.3518061637878418,5.111717462539673,1,0.2505229424276619
joint_only,789,0.5252233656218699,-0.1554757674916145,1.2756,0.13491553051263117,0.23936882987239394,0.10116815567016602,3.2084603309631348,1,0.5046603025911622
joint_only,790,0.9827081917514127,-0.6550552797597549,1.1918,0.8021839230410842,0.7059537142732446,0.10111832618713379,3.109135866165161,1,0.24049571810463766
joint_only,791,0.006848358831640811,-0.7128910862631377,1.4609,1.007069241495415,1.0234110756371195,0.15306878089904785,3.1089682579040527,1,0.26302116775746065
joint_only,792,-0.7616590146973758,-0.06823446782753106,1.2541,1.0077900430256077,1.0242888418337828,0.10143089294433594,2.8083362579345703,1,0.4853645421738077
joint_only,793,0.6421215230456496,-0.18011197266138612,1.4397,1.3002432588663644,1.7492629099148853,0.10142993927001953,3.9096014499664307,1,0.6070631493227234
joint_only,794,-0.5568863356430278,-0.5225243679913348,1.432,1.194242638552235,1.3405248733998172,0.10105061531066895,3.1108148097991943,1,0.3981314574694771
joint_only,795,0.4434828210481352,0.4684429006729801,1.1381,1.3961980625180368,1.3911779086996987,0.10120725631713867,2.9077939987182617,1,0.31503172088231673
joint_only,796,-0.6541240467191944,-0.3456564487893649,1.395,1.3481827075560595,1.3275387059173251,0.15121078491210938,3.108699083328247,1,0.4433182801743981
joint_only,797,0.1477412175446713,-0.0071490583553298626,1.2075,0.8541525798910219,0.9140119141841196,0.15172410011291504,2.9071872234344482,1,0.45759434174794866
joint_only,798,0.7691971950498533,0.34148837359124806,1.4671,0.6493821191391347,1.3031714035705433,0.05168771743774414,3.7157046794891357,1,0.5365755947934249
joint_only,799,1.015479363698967,-0.29405574725072386,1.2539,0.7721348250765295,6.506231429294007,0.8547224998474121,12.33989143371582,1,0.5741375096153614
joint_only,800,0.9923014504417409,0.4610629011375361,1.4103,0.7711005448098324,1.1339530727225942,0.15504693984985352,5.7194812297821045,1,0.4409720045216105
joint_only,801,0.2237816980840477,-0.05169598271418396,1.1414,0.9619319536591154,5.874316783801264,1.356513500213623,13.62384033203125,1,0.26099960113688886
joint_only,802,0.46869663189973165,0.40828610704637824,1.1493,0.5167103527165245,0.43558371914940325,0.10148429870605469,2.008291244506836,1,0.30382207206120637
joint_only,803,-0.0024845883230601995,0.09589124139119343,1.2935,0.5550499290582346,0.5258346257942959,0.05106067657470703,2.3085384368896484,1,0.44629299741266043
joint_only,804,-0.5177200471247456,0.21048673736095558,1.4995,0.6217965235726653,1.0664711325486944,0.2515077590942383,3.709773063659668,1,0.458161391577542
joint_only,805,-0.5454061405366584,-0.7402628062089974,1.2448,1.1910491464377786,1.5663723795112563,0.151153564453125,3.9106051921844482,1,0.1940532733602887
joint_only,806,0.14759789952808022,-0.5212875113499028,1.0743,0.8479852806058908,0.8339737812329623,0.10137677192687988,2.208399534225464,1,0.37812044634366604
joint_only,807,-0.5444871132549325,0.48103550506684367,1.2693,1.3033294079135085,2.2738567980165802,0.10138773918151855,4.012355089187622,1,0.5895251741428813
joint_only,808,-0.6642052497579977,-0.437475567276014,1.1726,1.0364145457652558,1.1480190303707474,0.10160136222839355,2.4068784713745117,1,0.5833514781123618
joint_only,809,-0.3867117133225697,-0.6636760132246889,1.276,0.41272335823375444,0.40508505672084866,0.15289855003356934,3.410722255706787,1,0.5521584722945462
joint_only,810,-0.4378441241585326,0.5758514909282876,1.2717,1.2985365281530077,1.5644008435869818,0.10257816314697266,4.117030620574951,1,0.5835786438967685
joint_only,811,-0.048933744816775926,-0.1536304858669817,1.2277,0.9385815161926208,0.9045920066592108,0.10188937187194824,2.307081460952759,1,0.7932167527333701
joint_only,812,0.518653562632386,-0.5070925708127123,1.1609,0.773053962811033,0.7455102659354029,0.10206484794616699,3.3118865489959717,1,0.3343256298519477
joint_only,813,0.8523844471459194,0.12456959775404919,1.0943,0.8504837241233401,1.313925463358503,0.1015017032623291,3.4097020626068115,1,0.41734734465195905
joint_only,814,0.3273742966390014,-0.5819618335953592,1.3487,0.9520490946050333,1.0548572612290077,0.05093955993652344,2.307469367980957,1,0.548035327660616
joint_only,815,0.4986899684022992,-0.4596095955891263,1.2859,0.31536034287655995,0.18125635573257073,0.10151386260986328,2.4058403968811035,1,0.3369266489181807
joint_only,816,-0.4680449281032409,-0.0452758421206374,1.1168,1.1907202166654902,1.0572501279790902,0.1019444465637207,3.1227855682373047,1,0.24933628271549754
joint_only,817,0.698246581101315,-0.64813092472374,1.3878,1.2068345303800334,1.3476461788154046,0.10158848762512207,3.3103108406066895,1,0.5225494846821722
joint_only,818,0.37254123701011155,0.2031798586690211,1.0218,1.1423208298696255,1.924701212419679,0.051775217056274414,3.8108162879943848,1,0.3420032517554576
joint_only,819,0.5608653387874356,-0.007007832496427002,1.3724,0.4403877000745104,2.2164762707032613,0.10119962692260742,4.610548257827759,1,0.6609141334575895
joint_only,820,0.7984724645555845,-0.07647993718811175,1.3526,0.16294438237002293,0.23455361558360624,0.051416635513305664,1.4044461250305176,1,0.7065299949693735
joint_only,821,0.021464932023983252,-0.49095042214168094,1.4057,0.990091965488794,0.9606441252444102,0.05188584327697754,2.5056469440460205,1,0.6642603947096007
joint_only,822,0.05122593666981712,-0.638988574676352,1.193,0.3346619484128135,0.26363083401060994,0.10153579711914062,1.7097692489624023,1,0.34503848185052516
joint_only,823,0.9143161245786253,-0.4634284518083033,1.3318,0.8840534574963348,0.949676005541569,0.05121660232543945,2.308347225189209,1,0.6325773543488614
joint_only,824,-0.1011994109438692,0.0013795649036320023,1.4104,1.2368220585756877,1.0571603178451556,0.05129122734069824,3.1145496368408203,1,0.5863736059451701
joint_only,825,0.4119662907700534,-0.6411791493821326,1.4904,0.6763385602391917,0.868929744969422,0.10151815414428711,2.7124249935150146,1,0.37043944672956997
joint_only,826,-0.013858034678332576,0.627128554262654,1.2477,1.5542214633859062,2.511817230006884,0.1537313461303711,4.01835036277771,1,0.4533047417229124
joint_only,827,-0.4367393520567793,-0.26138478589081365,1.0185,1.1131783252108247,1.18867396324632,0.2534036636352539,3.5088884830474854,1,0.5502771942027171
joint_only,828,-0.1405039367361356,-0.10513627387830493,1.2511,0.40112030546386246,1.4464268653158339,0.15261268615722656,3.6160662174224854,1,0.6138124116521516
joint_only,829,0.5317735286641838,-0.7315083011011984,1.2951,0.7917345866361848,0.8880294067640024,0.1019124984741211,3.1120169162750244,1,0.33138323684649595
joint_only,830,0.08626692773225886,-0.7356992844316926,1.4349,0.4765767333464569,0.45522108010091356,0.10131311416625977,2.1051459312438965,1,0.4047058720557186
joint_only,831,0.21396678105324107,-0.6516793903834021,1.4371,0.25368863581657397,0.2645697957596834,0.1025381088256836,2.908942937850952,1,0.512266274101261
joint_only,832,0.6768446747270751,0.28990036755188486,1.2202,1.2335869153041608,5.41536452986339,0.6023123264312744,11.021960258483887,1,0.6903163995902827
joint_only,833,-0.5948768049404534,0.17917036842369227,1.263,1.2402625486978591,1.652205631545786,0.10112571716308594,3.608518362045288,1,0.7314661691624762
joint_only,834,-0.5362958460074426,-0.4751040753370026,1.2285,0.7603975992783911,0.9529441658537587,0.10128641128540039,3.109969139099121,1,0.5803328438064538
joint_only,835,0.92710886460404,0.29947485127922724,1.3612,1.6616261210824532,3.0822113141815226,0.2015547752380371,4.309255123138428,1,0.8408385347957912
joint_only,836,0.8892515452490997,0.052280480699406384,1.205,0.6294760004123303,0.7262982557362649,0.1013491153717041,3.9083216190338135,1,0.816908694074487
joint_only,837,0.06631185827011554,0.2413296318304281,1.3274,0.8528895862693914,0.8523220890180533,0.050917863845825195,2.7082386016845703,1,0.819700618724575
joint_only,838,-0.2509952660992084,-0.4111781371378468,1.0772,0.7680593159870042,1.7417405525365592,0.8023719787597656,8.82102084159851,1,0.22867227813252497
joint_only,839,0.9263359345171644,-0.046300045381000965,1.2347,1.3189164012024737,1.5154621898163736,0.20298409461975098,3.3181369304656982,1,0.45746157315488684
joint_only,840,0.5067814796633678,-0.21703449766440308,1.4846,0.5844237372215412,0.594857916144851,0.25382471084594727,3.118547201156616,1,0.4087719766574712
joint_only,841,0.7051505549729924,-0.3693461418390514,1.1693,0.4885783482847304,0.4812657177186783,0.15271568298339844,2.4196393489837646,1,0.2272972571014553
joint_only,842,0.9882337262704779,0.1313782628268565,1.3464,0.7198317379877126,1.0231133564147332,0.3532557487487793,4.512471437454224,1,0.453736660382037
joint_only,843,-0.4945835083880026,0.21143667751998207,1.3249,1.677474492954733,2.9498903264074805,0.10180091857910156,4.7180397510528564,1,0.6069346404615862
joint_only,844,-0.34849337663394175,0.16654533014677553,1.4259,0.306776313009055,0.17350569786186892,0.10207438468933105,2.206786870956421,1,0.7101853510146642
joint_only,845,0.6350073379048093,-0.4850694145788456,1.4262,1.3548342597368195,1.4051343089488337,0.1522514820098877,2.8104019165039062,1,0.31377862938301887
joint_only,846,-0.14293582225959567,-0.1489562849218008,1.4297,0.8210938459090609,0.9983878224233443,0.05164456367492676,2.8096861839294434,1,0.4633014377544139
joint_only,847,-0.8062533675208123,0.4650012515541143,1.19,0.8506221741650098,0.9351207197254414,0.10121345520019531,3.508864641189575,1,0.5151796189063933
joint_only,848,-0.7957429864496395,0.17324831565397425,1.1583,0.4150219320125642,0.3456356996928558,0.10154533386230469,2.709338903427124,1,0.6818304684120879
joint_only,849,0.887250250467259,-0.2960506903709585,1.3594,1.8383949807622386,2.4344817834857824,0.10118746757507324,3.609011173248291,1,0.3710547134902831
joint_only,850,0.762973846293665,0.4178532318156848,1.3797,0.9179190473675513,4.027690773617703,0.4057152271270752,7.714298486709595,1,0.5987346760854934
joint_only,851,-0.7396987785166769,-0.6125827548070257,1.4362,1.6739220415142764,2.391668614437521,0.2016286849975586,6.515136957168579,1,0.5176894990981076
joint_only,852,0.6099005136808135,0.365357782858846,1.0179,1.7452700052499985,2.11911891590139,0.3013126850128174,3.9103987216949463,1,0.43029295737945517
joint_only,853,-0.3943539662208879,-0.6875579638947726,1.0342,1.3606483051498837,1.5076314434696407,0.05191206932067871,3.81425404548645,1,0.27218708108925466
joint_only,854,-0.8285518876808068,-0.24777353950759806,1.3156,0.5431612731380119,5.933041015818932,2.497676134109497,13.05588173866272,1,0.6869544604637298
joint_only,855,-0.2530740253850783,0.156065915546997,1.4605,0.8314611593670558,1.4688143511148388,0.253206729888916,5.1132519245147705,1,0.6109675680615784
joint_only,856,0.6419484119169989,0.11402299860314857,1.4987,1.073732362760514,0.0,0.7541093826293945,0.0,0,0.0
joint_only,857,0.7861711023603526,0.1082289988498808,1.3734,1.2334976601969274,0.0,22.610885620117188,0.0,0,0.0
joint_only,858,0.8403066952930975,0.06345076001193839,1.217,1.3285219847757623,4.563253125075778,2.74111008644104,8.731867790222168,1,0.8608734815368365
joint_only,859,0.6268391911299018,-0.13528831131014007,1.0492,0.6845324858517585,0.36398739461840657,0.2525207996368408,3.5097129344940186,1,0.8427245690180463
joint_only,860,-0.419368833357705,0.07707447884378149,1.3169,1.2498846163035355,6.137543840095296,1.0029311180114746,11.02313494682312,1,0.6450954380044914
joint_only,861,-0.19534373879491818,-0.01797116141139099,1.4363,0.39847358674514066,1.9155547798740158,0.1012885570526123,4.2115325927734375,1,0.47306390041703333
joint_only,862,1.0715756933942486,0.1494252694180327,1.2218,1.1634933712669684,1.2313072899736694,0.05156993865966797,3.207051992416382,1,0.7625152529561999
joint_only,863,0.302639590136226,-0.6696998521372546,1.347,1.1918769464158427,1.2757583671019865,0.10100483894348145,2.204861640930176,1,0.5192520689551234
joint_only,864,0.46986765871746305,-0.23032952228764492,1.4517,0.5514364008493498,0.5520202147553189,0.10178089141845703,3.3081791400909424,1,0.8548415728088632
joint_only,865,0.11871242239924107,0.20627458378083063,1.023,0.883476531370264,2.2701600454863295,0.15184736251831055,4.212916851043701,1,0.47617848012579145
joint_only,866,-0.3273787609384131,-0.5283721746245814,1.3981,0.9028915897903383,1.084346490050672,0.10113811492919922,2.509373664855957,1,0.7432240224281282
joint_only,867,-0.5175163876067244,0.2258611860139541,1.1467,0.8901525425544625,0.932979255271893,0.10144448280334473,2.5146095752716064,1,0.699960738531536
joint_only,868,0.7866615521044387,-0.5097931391353075,1.1874,1.5764771201294638,1.7367233188500069,0.2041926383972168,2.848513126373291,1,0.2515296594773439
joint_only,869,0.33542029665248485,0.2183047686607953,1.0728,0.969878796361316,1.2226380787078917,0.41595935821533203,3.1203994750976562,1,0.39319655620152366
joint_only,870,1.0315437312129305,-0.0066252016571894945,1.2656,0.8307774512139298,2.0336093410304734,0.2532365322113037,4.525923252105713,1,0.33539754247461084
joint_only,871,-0.5683843530827866,0.043762337979898924,1.283,1.7634196092000236,2.4866146149458124,0.15661072731018066,4.442641019821167,1,0.5637668422674637
joint_only,872,0.28288417407720745,0.0715624080181434,1.3963,0.9962159370472706,2.2322178789581892,0.20247960090637207,4.315390110015869,1,0.4322687585467001
joint_only,873,-0.8100838570307366,-0.16133751193350654,1.085,1.3830228169194085,2.0082364394125443,0.10157394409179688,4.011904001235962,1,0.31720126498389906
joint_only,874,0.873088497177801,0.47012495789672426,1.0395,1.9089042047633993,2.1609727803700114,0.05123615264892578,3.4094648361206055,1,0.25882221739941946
joint_only,875,0.8374597197532845,0.4744923801203481,1.4354,0.30441312530474723,0.4154965184652776,0.10109829902648926,3.4088857173919678,1,0.7216637636234459
joint_only,876,-0.3051182540264423,0.35982778917292546,1.3099,1.3069907807713104,1.6130079966125428,0.05116605758666992,2.910546064376831,1,0.5411690573845876
joint_only,877,0.905579145997627,0.11249435316455625,1.1204,1.3947280294917974,2.644783794949813,0.05156445503234863,4.811793804168701,1,0.19927527421283697
joint_only,878,0.8065228783924627,-0.6572705497459671,1.4564,0.8047666316990829,1.0751738015160714,0.10184669494628906,6.212939977645874,1,0.3362417428837167
joint_only,879,1.0601300905555178,0.3795221485915038,1.0716,1.1343882943991996,2.8445535045719583,0.6521255970001221,5.2270684242248535,1,0.23947778965503372
joint_only,880,-0.7043248905105854,-0.21318890788667988,1.2306,1.9652321897273541,2.362216901162935,0.31798815727233887,4.033756732940674,1,0.4867569824921139
joint_only,881,-0.4183970299113334,-0.09844669202062684,1.127,0.498799539066454,0.35920970413336883,0.15630054473876953,1.8380558490753174,1,0.4449130101767027
joint_only,882,-0.5410326614154786,-0.5406433756794271,1.1277,0.4727269712007475,0.7606090438365799,0.25580692291259766,3.2172839641571045,1,0.29365703570361196
joint_only,883,1.0451032241642717,-0.13879657153813363,1.0047,1.6721227550550548,0.0,0.05175638198852539,0.0,0,0.0
joint_only,884,-0.2263647344424471,-0.3316472445288514,1.4023,0.46994959705422357,0.5720314702013201,0.25791239738464355,2.608354091644287,1,0.7128594222364202
joint_only,885,-0.3646902130647699,-0.25479066559687824,1.4506,0.31635914231041073,0.14086906797030083,0.1016838550567627,1.7040188312530518,1,0.5386546007022773
joint_only,886,-0.45577524558329024,0.3685984817607634,1.3388,0.8337209251498109,2.1604973265798697,0.10116696357727051,4.20839262008667,1,0.611602692359265
joint_only,887,0.8407539831228337,-0.5301326224889098,1.079,1.764763587349588,2.0195532499926987,0.10146951675415039,3.209247350692749,1,0.23566892419911925
joint_only,888,-0.27360452864594087,0.0311230928008156,1.2209,1.2691922691155404,1.5050266661194935,0.10109066963195801,2.706110954284668,1,0.5485961333355988
joint_only,889,0.2779455855865929,-0.04843096322432694,1.1728,0.7115552930713882,0.5624474510268297,0.10152101516723633,3.609372615814209,1,0.46454435112975445
joint_only,890,-0.3306446917999506,-0.07271564632052674,1.2938,0.4826843205874443,0.6533437180203906,0.10111188888549805,2.308840751647949,1,0.5217325744425896
joint_only,891,-0.2655894063391301,0.38695178416867704,1.3195,0.4948450362200744,0.5910778697726989,0.05103778839111328,1.9090921878814697,1,0.5073955174144106
joint_only,892,0.03561108262851009,0.2531583488349892,1.2122,0.5255477756494655,0.3631623114311782,0.05098247528076172,2.4113292694091797,1,0.5562085884601492
joint_only,893,0.6671116841617806,0.4416668858063514,1.125,0.767088060335168,0.7971315146612326,0.10165238380432129,2.0067503452301025,1,0.27391960791784176
joint_only,894,0.7920942114664942,0.6165058539459877,1.4227,0.22569209127931975,0.4494922578241258,0.15309858322143555,1.8092052936553955,1,0.3179972931494826
joint_only,895,-0.4861799628726349,-0.07057465360334703,1.0996,1.6687903293091506,1.8926635622964196,0.15523457527160645,3.0238037109375,1,0.39414430791650934
joint_only,896,0.08466447108769093,0.4087285985663941,1.1923,0.8194455716727483,1.2130610996451416,0.15259480476379395,3.433096408843994,1,0.24634629109822356
joint_only,897,-0.06671288451368396,-0.2920077127979616,1.2416,0.8476689868888448,2.4434596425045845,1.6066231727600098,9.820613622665405,1,0.6699017728566987
joint_only,898,-0.6232639807735634,-0.47311999739184807,1.1186,0.8629516900966824,0.6297797009380655,0.10122156143188477,3.1097049713134766,1,0.5533818581814476
joint_only,899,0.25223554413935023,0.05297807719350267,1.286,0.9269572897513947,1.743082163950068,0.9052877426147461,6.412690162658691,1,0.41348451591753355
joint_only,900,-0.41748342946912026,0.016357955925252132,1.2874,0.5447272163733743,0.6795155805909197,0.05128288269042969,2.50909423828125,1,0.3761514808468203
joint_only,901,-0.5930949370344178,0.041385570737440425,1.4963,0.09703414435368353,0.0,0.7524664402008057,0.0,0,0.0
joint_only,902,-0.43951717575865806,-0.49178089046024526,1.1476,0.6571585338528745,1.1537987766418525,0.10146331787109375,3.4134650230407715,1,0.35150520277419595
joint_only,903,0.9645593356553386,0.5896790458242923,1.489,1.8311284335007125,0.0,20.056930541992188,0.0,0,0.0
joint_only,904,-0.13064538162166994,0.35308412984044624,1.3291,0.9985554137174001,4.551147637427768,2.1205997467041016,11.723140478134155,1,0.5749059359579403
joint_only,905,0.2305476934596684,0.4181960499555518,1.1372,0.7498127860835968,1.1739786127792151,0.2520101070404053,3.811173439025879,1,0.39493025716568975
joint_only,906,0.46041946576550896,-0.44002714203942084,1.283,0.8885782894773078,1.5678263206810223,0.30144453048706055,4.809248685836792,1,0.16508540085003237
joint_only,907,-0.37815613566886386,-0.3812981458842526,1.3429,0.8418164278950215,1.409951041338033,0.35165905952453613,4.610178232192993,1,0.29456326472847794
joint_only,908,0.697922919780505,0.11894995681459164,1.3723,1.3800921591486661,1.817091273079841,0.10105299949645996,3.5094475746154785,1,0.39849479383646086
joint_only,909,0.035397364472574466,-0.260424561782775,1.0245,1.052439846511302,1.2018195821171667,0.10170483589172363,3.2122340202331543,1,0.2266188904721724
joint_only,910,0.9519059869791033,-0.6879587704243457,1.3032,1.026389203131983,1.7432027341546736,0.2013075351715088,5.611045837402344,1,0.2827798443979768
joint_only,911,-0.4009933324345899,0.5051890742822617,1.2484,1.8039059744796035,1.9742268564889356,0.10114121437072754,4.015674352645874,1,0.21327806381156703
joint_only,912,0.6344609233463696,-0.530727711697232,1.4521,1.4789458881839832,1.804584221286103,0.25216245651245117,3.717341661453247,1,0.4278271599915992
joint_only,913,0.31007698866347244,0.6303922842661028,1.1431,1.4556474427644235,3.8297584635507618,10.404355764389038,9.32748818397522,1,0.22778131018998776
joint_only,914,0.767210149607161,-0.5084467088086522,1.3994,1.1980146260710605,2.127292481106908,0.4019758701324463,6.614052057266235,1,0.5137444305630244
joint_only,915,-0.1983042957815374,-0.041462039250564686,1.3035,1.082569252358722,1.1167348759669795,0.6022758483886719,3.7127716541290283,1,0.6521748716157892
joint_only,916,0.13753064692900718,-0.054247264284247754,1.1762,0.35935737678632257,0.35979801037171244,0.10115480422973633,1.9045419692993164,1,0.5977459085856126
joint_only,917,0.21939904451824943,-0.14094258539677462,1.3183,0.18526045636018834,0.18562446222136156,0.1009819507598877,2.00445556640625,1,0.6384772812916522
joint_only,918,-0.8235061656840077,-0.12602073286400695,1.3104,1.0438352914169156,2.404381043163418,1.3056085109710693,5.511883974075317,1,0.9312010339370065
joint_only,919,0.5631538045320006,-0.589671218058742,1.3389,1.6183975046738934,1.8015793019003363,0.15116453170776367,2.6098010540008545,1,0.2677927974168606
joint_only,920,-0.5291308281963463,-0.22122140750885777,1.3605,1.3208550908959436,4.322776857816226,0.5557665824890137,9.520809888839722,1,0.5331489464840558
joint_only,921,0.6150254447363124,-0.5705818281979669,1.3296,1.1188666048266809,1.1964106937021208,0.15300822257995605,3.4165103435516357,1,0.35344464874777165
joint_only,922,0.46959318343974576,0.034383856351529074,1.4192,0.5344827547042581,0.5911222899235506,0.1529068946838379,2.2071375846862793,1,0.5747660050869865
joint_only,923,-0.7418605957301391,-0.7166803628525785,1.3141,1.3865454667233308,1.353240218027401,0.20274043083190918,3.1108665466308594,1,0.22966159570606753
joint_only,924,0.6635337107368695,-0.4208992255841788,1.4517,1.4115161123746731,1.3908440029493683,0.1521003246307373,4.1104302406311035,1,0.4763204398011342
joint_only,925,1.0326777873058903,0.1746505038069177,1.3232,0.7252489853340534,0.9122523558913587,0.15232586860656738,3.511901617050171,1,0.8562326499368428
joint_only,926,0.3389208774492598,0.1892589564340844,1.1545,0.7133061159834096,2.6354754363071775,0.20166397094726562,4.815136194229126,1,0.3046502011986731
joint_only,927,1.004274019468291,0.4727909317143101,1.2204,0.6846503191429933,0.7486152026593906,0.10114526748657227,2.9101479053497314,1,0.26414797028642967
joint_only,928,-0.3148370045466379,0.5806570802928562,1.2898,1.246550102482211,1.2324662756509082,0.10106921195983887,2.607851505279541,1,0.33702627532372487
joint_only,929,0.5267798941845296,0.11257542926502173,1.3662,0.897558622479201,2.545475634322979,0.10131096839904785,5.313644170761108,1,0.5462960811091405
joint_only,930,-0.1991757659617821,-0.6345372603514327,1.0451,1.079863504230808,1.721467959493775,0.8543717861175537,5.312640190124512,1,0.15404119075569303
joint_only,931,-0.19240755628390915,0.4037016398112324,1.1476,0.9069118114362555,0.924826673594319,0.10143256187438965,2.9100637435913086,1,0.4434145275225287
joint_only,932,-0.1346872976610306,0.5329383923465515,1.3737,0.2659379089228058,0.2694443135326252,0.10164093971252441,1.4042444229125977,1,0.4909234768431097
joint_only,933,-0.5503482593932534,0.07482243409032596,1.0878,0.7220793788772274,0.6291535316812374,0.30167341232299805,2.4088399410247803,1,0.32046131066528283
joint_only,934,0.012388193026387273,-0.05391432247887129,1.0661,0.46593112030012607,3.286846225417386,1.658566951751709,11.935698986053467,1,0.350158483051876
joint_only,935,0.43891281988655684,0.28911738617485494,1.2697,0.7814053488838852,1.6545633445494055,0.80324387550354,6.615759372711182,1,0.430287833587456
joint_only,936,0.9194410740378249,0.3801183821985944,1.4857,0.6022301837019882,0.5453273941366823,0.10450363159179688,3.8089890480041504,1,0.5968975178854043
joint_only,937,-0.859367878880655,-0.4510974411334201,1.2654,1.8997093131357514,7.3763590616488175,0.6029582023620605,13.827873229980469,1,0.37160463938338817
joint_only,938,-0.07543079406876418,0.4724223844274894,1.4567,1.4192544535153788,3.473316496325065,0.15129494667053223,6.713357210159302,1,0.6827693715634667
joint_only,939,-0.25089365234721583,0.20651068670374573,1.4152,0.6116044619194666,0.5254717640712632,0.35169434547424316,3.309572219848633,1,0.4538771463200167
joint_only,940,-0.5070584695375142,-0.27294412893342174,1.1285,0.7997205476956061,3.7587760231188265,0.10110068321228027,6.914330959320068,1,0.40719116263521654
joint_only,941,-0.6353758527370846,0.2667881143205847,1.4123,0.586607187694225,3.016450798562025,0.4019203186035156,7.323825359344482,1,0.8538755639154079
joint_only,942,0.10376841654405833,-0.33087959612637086,1.2409,1.1147616437600474,1.040693252112198,0.05158209800720215,2.511533260345459,1,0.7502716620117913
joint_only,943,-0.5471482413656623,-0.5828148555604726,1.4032,0.6049294306852202,0.7634718672952278,0.10202670097351074,3.320657730102539,1,0.5634274858445567
joint_only,944,-0.19127586524266726,0.2641421473238844,1.3733,1.058364076546774,2.9421264926994533,0.25389838218688965,4.720034122467041,1,0.7571002993327981
joint_only,945,0.7541843762868972,0.03551562573610623,1.1694,0.8976158077592188,4.0036888707575375,1.7586948871612549,10.022341012954712,1,0.8766817482844811
joint_only,946,-0.08115376894869519,-0.29398407415141387,1.0576,1.1725583396691277,0.926482451764111,0.10225939750671387,2.505908727645874,1,0.7228050508089867
joint_only,947,0.7145437481994692,-0.599479492130392,1.4814,0.6593855658153692,0.9180372578948365,0.15128517150878906,2.9068310260772705,1,0.5932752534164835
joint_only,948,-0.6377185727009411,0.6043007439814342,1.0704,2.098188238532936,2.612138818571629,0.15132856369018555,5.614261627197266,1,0.2394739776608424
joint_only,949,0.3059875061727848,0.272202814380787,1.4833,1.1080383907616143,1.314668885325568,0.15111589431762695,2.6072065830230713,1,0.8888203676531786
joint_only,950,0.18200249813578262,-0.6011138778056835,1.4301,1.0468130628359735,1.7253531618650033,0.15135407447814941,5.211534261703491,1,0.6753086060366379
joint_only,951,-0.28561921001666246,0.5462458111669083,1.3621,1.4188336257828997,2.3669513756317495,0.2013864517211914,4.8114705085754395,1,0.6849570767342259
joint_only,952,-0.35833239720027954,0.5894002714644205,1.49,0.28406406993886824,0.6519182109798193,0.10241889953613281,3.1098756790161133,1,0.5871621718847122
joint_only,953,-0.7732072375467419,-0.670500535700906,1.4836,1.4275234779538621,3.983544996770788,0.4519236087799072,6.022841691970825,1,0.45919599134948785
joint_only,954,-0.4240341371964385,0.10059520089086971,1.4023,1.0785981777680567,3.5404960883079,21.974502086639404,9.71864128112793,1,0.7221652156141264
joint_only,955,-0.16104826348030776,0.3885607593646395,1.1829,0.4882579633977933,0.40079563383318384,0.10162687301635742,1.404435396194458,1,0.5152270465443445
joint_only,956,-0.17767652529799915,-0.24484283952780406,1.3953,0.5515815927312258,0.9614762990890919,0.45270347595214844,3.7220988273620605,1,0.5270725798451519
joint_only,957,-0.4586443213130312,-0.6266382182633284,1.007,0.638651094628006,0.6290795283242875,0.20341229438781738,2.30829119682312,1,0.202342735337327
joint_only,958,0.7936810640185619,-0.43901803108310805,1.2683,1.3173684213153913,1.452632041643749,0.2545137405395508,2.4081339836120605,1,0.6882410292935695
joint_only,959,0.7594219965044655,-0.21454438160517242,1.2274,0.3531631103443263,0.2530453644927085,0.15325593948364258,3.5196805000305176,1,0.7324287933549545
joint_only,960,0.9753237690270764,-0.5799834658710686,1.3364,0.338870076249529,0.5280486063646628,0.10236740112304688,3.510387659072876,1,0.28833265232761585
joint_only,961,0.1805760066251012,-0.6981264504821026,1.3362,0.7975111802947186,0.8674669613303726,0.051059722900390625,2.307748317718506,1,0.3368226278081545
joint_only,962,-0.5534643146653071,0.1589067952099027,1.2923,1.185216018857596,1.3679636982608718,0.10122299194335938,3.208998203277588,1,0.8214176737161021
joint_only,963,0.5436409939119007,-0.6489490781742929,1.4112,1.4697769263879301,1.9800406278734426,0.0510859489440918,3.308720350265503,1,0.3889907049218931
joint_only,964,0.3415613460333635,0.5464744853862485,1.4701,1.3685865782491986,2.6671847721434596,1.4036762714385986,5.109927654266357,1,0.45224411829124045
joint_only,965,-0.1700515817195658,0.013611483351730125,1.0542,0.9965578197649736,2.9313658594341248,1.1030874252319336,9.418472051620483,1,0.44040727565185134
joint_only,966,0.7416779313351987,0.09765582162182629,1.1169,0.8208819608148504,1.593963996471945,0.10119795799255371,4.326145172119141,1,0.48373455830146084
joint_only,967,-0.6631571013015777,-0.25537058288947473,1.0125,1.3685677092969852,1.6213367913749397,0.5769009590148926,5.525132179260254,1,0.3793637537339499
joint_only,968,0.43147277175779064,-0.6466714161329129,1.4421,1.096265425127585,1.3634706753669723,0.6005489826202393,3.7663772106170654,1,0.43425910627604775
joint_only,969,-0.5621972180620911,0.3937131537389761,1.2807,1.4270047136100832,2.2194397412136047,2.8371870517730713,8.730718612670898,1,0.39062631212971766
joint_only,970,-0.5396203542707609,0.46519971634222335,1.4576,0.1598819292536612,0.7850149217381711,0.10141706466674805,3.7148003578186035,1,0.42392779644317014
joint_only,971,0.12281088316375799,0.2620622582320812,1.1107,0.9585366483082495,0.8164838543837927,0.1012730598449707,2.5103676319122314,1,0.3464469253959706
joint_only,972,0.8834122723603621,0.5407338528661317,1.0316,0.8700146386398437,0.9896295400419064,0.05102944374084473,3.2104077339172363,1,0.26502956778418446
joint_only,973,0.37530453708959066,-0.18898859000542745,1.4119,1.0060433426720532,1.6218763734295418,0.10130095481872559,3.8236706256866455,1,0.44474027232605207
joint_only,974,0.46968225717447964,-0.154298840111755,1.4547,0.3187394292325814,1.1076606715474506,0.21449923515319824,3.5125892162323,1,0.4417450485389888
joint_only,975,-0.5827633394132185,0.4014454291989894,1.1511,1.4737892626266669,3.162848663320161,0.9117319583892822,7.819321870803833,1,0.5664534309445569
joint_only,976,-0.018160018032109093,-0.22219837308370982,1.2041,0.7919474354271953,1.5215336314560801,0.10143756866455078,3.910618305206299,1,0.5376072116603755
joint_only,977,0.8002288287171355,-0.07795573337207873,1.0699,1.0996404886330347,0.8870279770532377,0.05117082595825195,2.7075724601745605,1,0.6289357104906286
joint_only,978,0.262769641626889,-0.29615981631648564,1.4731,0.4755513198980389,1.0230611263917047,0.5521636009216309,5.812048435211182,1,0.48382265676871755
joint_only,979,-0.8603567359681372,0.6012594774161212,1.1522,1.4726779786388038,1.7079390362643445,0.20137238502502441,3.5091042518615723,1,0.2262727043904205
joint_only,980,0.5706310333011784,-0.267862420784076,1.2463,1.6725367587598707,2.5857650742089873,0.7523467540740967,8.520693063735962,1,0.4182991679715252
joint_only,981,1.0034708769800211,-0.1931083329825506,1.0486,0.4990432976009742,0.47473823988453573,0.05342984199523926,3.4261281490325928,1,0.4655235745494776
joint_only,982,1.089838626119011,-0.7075925712977815,1.4436,0.5401680673813122,0.7697137993549616,0.2235240936279297,6.160022735595703,1,0.33384192447461547
joint_only,983,0.49070629412092326,-0.5775874667437917,1.0678,0.8385499756835009,0.8420690310909422,0.7447962760925293,5.486924409866333,1,0.32077376789651674
joint_only,984,0.36129724522136497,-0.43704306728488124,1.2268,0.21532198849241888,0.4380882404859996,0.603029727935791,4.349369049072266,1,0.535279661663727
joint_only,985,-0.04612264440500946,-0.5228500242582803,1.3352,0.47926763542013645,0.44989310254439274,0.21419119834899902,1.7376177310943604,1,0.4722635022322748
joint_only,986,0.6279348629420425,0.49080342476886163,1.3716,1.306490816897905,2.9012763772799937,0.9097952842712402,7.65598464012146,1,0.5903160954005818
joint_only,987,-0.6743132927012585,-0.7202019316108105,1.473,1.6302072289921754,3.044295059929302,1.856990098953247,10.443588972091675,1,0.25772008109614203
joint_only,988,-0.5498961164188956,-0.4217411673301299,1.2096,0.6217038980809727,0.5132694774643326,0.2692396640777588,2.0288751125335693,1,0.35197263475910756
joint_only,989,1.058836761368229,-0.5568785964440948,1.3711,1.563252236586894,0.0,20.03858709335327,0.0,0,0.0
joint_only,990,0.9632512475491584,-0.1664319760234425,1.0773,1.5389128796865215,0.0,0.32579469680786133,0.0,0,0.0
joint_only,991,0.26456863454877877,-0.20316212038077197,1.2074,0.8550305420163254,0.881372968714351,0.5900170803070068,5.283364295959473,1,0.31095139663781163
joint_only,992,-0.8505983724805575,0.3388490704971011,1.0495,1.4021587689632276,2.1002152298798626,0.33757805824279785,4.947067975997925,1,0.3929686142814099
joint_only,993,0.2931141019886099,-0.19658161456898282,1.2447,1.3459003071807945,1.2278321096613245,0.20609664916992188,3.43611741065979,1,0.2714929746587664
joint_only,994,-0.32747594318464956,0.23176900000708145,1.2041,0.6517427074375857,0.7786981211560469,0.15431809425354004,3.4202046394348145,1,0.27186521603696284
joint_only,995,-0.1303010544543799,0.01251940525450601,1.4758,0.4656530460888059,0.44853773466616353,0.15760493278503418,3.2106943130493164,1,0.5781547182190541
joint_only,996,0.776744535608092,0.363961458569232,1.0164,1.286810612303533,1.4055922131093401,0.10108208656311035,2.711623430252075,1,0.23656123952611077
joint_only,997,0.7468991288066353,0.5353674293126532,1.1853,0.11839674578673794,0.2828794716272823,0.10143280029296875,2.3273751735687256,1,0.25959962980094364
joint_only,998,-0.2041656190928982,0.4533259377985218,1.2217,1.003102114543414,0.928297044001883,0.05175018310546875,3.1071395874023438,1,0.25048106090286665
joint_only,999,0.6183922450964319,-0.6725222514998098,1.4753,1.495164670001841,2.065482207593714,0.10107159614562988,4.014911651611328,1,0.3405975599735678
joint_only,1000,-0.2102168632443001,-0.20085763875179863,1.4277,0.9779403608778044,1.119260948900943,0.0511479377746582,2.10516095161438,1,0.6982722264350018
