run_id,test_case,move_index,start_x,start_y,start_z,goal_x,goal_y,goal_z,cartesian_distance_m,path_length_m,plan_time_s,execution_time_s,success
kdl_random_restarts_1773542863,kdl_random_restarts,1,0.35463015405734316,0.440867353250513,1.2311615126823379,-0.13066148444452752,0.563281457007225,1.3197,0.5082639579341518,1.1139770304226724,0.1514582633972168,5.912526845932007,1
kdl_random_restarts_1773542863,kdl_random_restarts,2,-0.1306908489616846,0.5630433218136424,1.3189184701991925,-0.5637710546430907,-0.5286635290580576,1.0125,1.2137852329273358,0.0,3.2070841789245605,0.0,0
kdl_random_restarts_1773542863,kdl_random_restarts,3,-0.13069084895441097,0.5630433218303403,1.3189184701994,0.31840995327503974,0.22989172189176654,1.1375,0.587872588605948,0.0,2.107154130935669,0.0,0
kdl_random_restarts_1773542863,kdl_random_restarts,4,-0.13069084895441085,0.5630433218303404,1.3189184701994008,0.7769013140664358,-0.45124606192804856,1.1116,1.3767670233077387,0.0,2.105048179626465,0.0,0
kdl_random_restarts_1773542863,kdl_random_restarts,5,-0.13069084895441152,0.56304332183034,1.3189184701994008,-0.26999187445419626,-0.021984662937305166,1.3682,0.6033996916191382,0.6432987184291438,0.20146751403808594,4.108660697937012,1
kdl_random_restarts_1773542863,kdl_random_restarts,6,-0.27069318276684884,-0.021595514029312063,1.3684666993898815,0.33969243733975607,-0.5513354354640945,1.3383,0.8087675929132754,0.8168063189823641,0.10134649276733398,2.006188154220581,1
kdl_random_restarts_1773542863,kdl_random_restarts,7,0.33870538270385997,-0.5515460660026641,1.3390970532764597,0.030930708718165167,0.33583177095400074,1.4461,0.9453117507343336,1.0193153299801716,0.15111565589904785,3.008033037185669,1
kdl_random_restarts_1773542863,kdl_random_restarts,8,0.02994545188791231,0.3361409711301819,1.4468163462618466,0.3011656754845682,-0.6791771329227231,1.0435,1.1256532935444248,1.248806536000645,0.3518195152282715,4.008994817733765,1
kdl_random_restarts_1773542863,kdl_random_restarts,9,0.3015730194566676,-0.6793958959187991,1.0433746308114857,-0.744067742703176,0.5607687281860799,1.211,1.630788509515259,4.075794226101355,1.3565118312835693,12.424742460250854,1
kdl_random_restarts_1773542863,kdl_random_restarts,10,-0.7436352460524607,0.5611024015612994,1.2110809272134055,-0.2692555094983793,-0.6087985153552286,1.0149,1.277572403450217,0.0,2.956165075302124,0.0,0
kdl_random_restarts_1773542863,kdl_random_restarts,11,-0.7436352460248038,0.5611024015826627,1.2110809271452894,-0.6311202185376483,-0.06262692550711468,1.1093,0.6419168653438361,1.712803804033273,0.8523976802825928,6.814699649810791,1
kdl_random_restarts_1773542863,kdl_random_restarts,12,-0.6308181684182512,-0.06213144821064266,1.1093438328804852,-0.36009807646876646,0.16730561870237126,1.2527,0.3827293123213618,6.102014229675815,25.437364101409912,14.63301706314087,1
kdl_random_restarts_1773542863,kdl_random_restarts,13,-0.35943418848974273,0.16741760440382952,1.2524110960558592,0.21057977365838032,-0.48900997810792585,1.0133,0.9016580307317533,0.0,9.526296138763428,0.0,0
kdl_random_restarts_1773542863,kdl_random_restarts,14,-0.3594341884936792,0.1674176043917252,1.2524110959496655,0.9890869021802229,0.4864927794875896,1.0994,1.3941773541549527,7.302512036179773,2.212644338607788,16.231948852539062,1
kdl_random_restarts_1773542863,kdl_random_restarts,15,0.9889786274024805,0.48719546878161935,1.0995506520030622,-0.6976078609330956,-0.4737195470360945,1.3249,1.9541530080581542,0.0,280.6309540271759,0.0,0
kdl_random_restarts_1773542863,kdl_random_restarts,16,0.9889705800456193,0.48720535886129596,1.099570622650262,-0.10264161183544662,-0.370166430342667,1.2725,1.3987880940073654,7.564989360169208,0.9528441429138184,24.553967714309692,1
kdl_random_restarts_1773542863,kdl_random_restarts,17,-0.10208097450333464,-0.37070019449507013,1.2720084890949859,-0.31618780179961137,0.002664418259433421,1.1102,0.4598095852582895,0.0,2.555971622467041,0.0,0
kdl_random_restarts_1773542863,kdl_random_restarts,18,-0.10208097450225506,-0.3707001944965361,1.2720084890881886,-0.7252406242266942,0.6129826508891109,1.2946,1.1646760346619858,1.3654806789250225,0.2531883716583252,3.507742404937744,1
kdl_random_restarts_1773542863,kdl_random_restarts,19,-0.7247984950434224,0.6129999010958254,1.2942008385800747,-0.86205516386102,0.3774440026969422,1.4047,0.29417008529066196,3.7322629097273126,0.4519352912902832,8.61681866645813,1
kdl_random_restarts_1773542863,kdl_random_restarts,20,-0.8614277142952542,0.3771671772544923,1.4047833537036851,0.6556578271315445,-0.6412626485173598,1.0032,1.8708332475129437,0.0,2.157008409500122,0.0,0
kdl_random_restarts_1773542863,kdl_random_restarts,21,-0.861430682556381,0.3771647223332994,1.4047835815721608,0.8376709900854264,0.1134116262610646,1.4029,1.7194521620392398,3.3299084120309717,0.5518767833709717,8.317482709884644,1
kdl_random_restarts_1773542863,kdl_random_restarts,22,0.8385121922914888,0.11271360156422949,1.4023694470182224,-0.25663303835955753,-0.2961981155352495,1.3491,1.1702091704411672,1.1841941611019058,0.15145516395568848,2.912992238998413,1
kdl_random_restarts_1773542863,kdl_random_restarts,23,-0.2564098563412136,-0.29646896607438317,1.3488649234178571,0.8854556557862792,-0.09417669282748165,1.1701,1.173343900758074,1.1726647195579494,0.1511976718902588,3.3068270683288574,1
kdl_random_restarts_1773542863,kdl_random_restarts,24,0.8845673331459185,-0.09436240237169852,1.169937858944563,0.6348759663586907,0.02819486946048788,1.0777,0.29304246475502393,0.0,2.9059767723083496,0.0,0
kdl_random_restarts_1773542863,kdl_random_restarts,25,0.8845673331455622,-0.09436240240832681,1.1699378589530025,0.1630564678351123,-0.15555864077535275,1.4786,0.7871437134774213,0.0,60.591787815093994,0.0,0
kdl_random_restarts_1773542863,kdl_random_restarts,26,0.884567322260624,-0.09436263592562688,1.1699381875572048,-0.8107073539688927,0.13142790507643431,1.1683,1.7102456782373605,2.930980276788754,21.90782141685486,8.32150149345398,1
kdl_random_restarts_1773542863,kdl_random_restarts,27,-0.8116677960282008,0.13090054985655025,1.1684683875667439,0.9257967513215164,-0.4004724771494458,1.0464,1.8210000105353699,0.0,2.305333375930786,0.0,0
kdl_random_restarts_1773542863,kdl_random_restarts,28,-0.8116677960279682,0.130900549861557,1.1684683875666348,-0.4195220359956043,-0.6372296038952384,1.0484,0.870757513843349,1.32331731350005,0.25191473960876465,4.709405183792114,1
kdl_random_restarts_1773542863,kdl_random_restarts,29,-0.41970057554023454,-0.6369200014598212,1.047733380475273,0.9696607469429799,0.367357401521509,1.4237,1.7550637838973495,0.0,121.29238295555115,0.0,0
kdl_random_restarts_1773542863,kdl_random_restarts,30,-0.41969500958431094,-0.6369033217834846,1.047711626607121,0.7198780564140448,-0.4866527390905867,1.3019,1.1772059036194837,3.856387523520894,0.3517601490020752,7.5141167640686035,1
kdl_random_restarts_1773542863,kdl_random_restarts,31,0.7191728426793931,-0.486848357915483,1.302339078657428,0.727346387535172,0.48822944609487984,1.4036,0.9803557032528181,5.98994583811569,20.851542472839355,13.826556921005249,1
kdl_random_restarts_1773542863,kdl_random_restarts,32,0.7274762492285355,0.48830586293199985,1.4024949166786955,-0.4212325078418716,-0.1561538984275238,1.3649,1.317677339238211,0.0,40.670034646987915,0.0,0
kdl_random_restarts_1773542863,kdl_random_restarts,33,0.7274762492277776,0.48830586294287515,1.4024949166723792,-0.85922087728718,-0.04123320625842464,1.2681,1.678118407839202,4.145303852178473,2.7959041595458984,12.434406757354736,1
kdl_random_restarts_1773542863,kdl_random_restarts,34,-0.8586810946986919,-0.0414191776938108,1.2673907396578987,-0.6354268419446407,-0.27911675449141515,1.4866,0.39293167244185584,0.3950763706040985,0.15157580375671387,1.40413498878479,1
kdl_random_restarts_1773542863,kdl_random_restarts,35,-0.6351713680917078,-0.2791811715125882,1.4874992454542892,0.15524301229535165,0.22294804952197445,1.1893,0.982757059160067,1.0125592464944742,0.10161280632019043,2.6067593097686768,1
kdl_random_restarts_1773542863,kdl_random_restarts,36,0.15485471311693877,0.2222497672789026,1.1885006356019225,1.0345705385752644,-0.3970511255359496,1.276,1.0793931944259996,2.4256881075653527,0.20116114616394043,5.711158752441406,1
kdl_random_restarts_1773542863,kdl_random_restarts,37,1.034479873700139,-0.3967385009042074,1.276314962955606,-0.3084461401438592,-0.692317334334872,1.4147,1.3820157538570035,1.3808949237588706,0.15149307250976562,3.408430576324463,1
kdl_random_restarts_1773542863,kdl_random_restarts,38,-0.307095724876988,-0.6918167451405786,1.4145100108590007,-0.7709691150225211,-0.36013975813889587,1.3093,0.5798769629641924,6.376436839756512,41.00811219215393,17.237446784973145,1
kdl_random_restarts_1773542863,kdl_random_restarts,39,-0.771512945012799,-0.3601195790272865,1.3088723847572132,-0.5858183635151959,-0.07049190737862832,1.4309,0.36504438725178956,0.0,41.32488226890564,0.0,0
kdl_random_restarts_1773542863,kdl_random_restarts,40,-0.7715129450203649,-0.36011957902925046,1.308872384772524,0.4591726549584514,0.303465351461658,1.2887,1.3983343416641292,1.6343319341561084,23.65395498275757,7.020608901977539,1
kdl_random_restarts_1773542863,kdl_random_restarts,41,0.4586216703281705,0.30347550603999296,1.288768090950061,-0.1440538309504401,0.12578821123557826,1.3523,0.6315273850308198,1.5747241723998469,60.26114535331726,6.014087200164795,1
kdl_random_restarts_1773542863,kdl_random_restarts,42,-0.1450658772047052,0.12480426727448274,1.3532688325587392,-0.6940456757521627,0.40470562893961304,1.0229,0.6991903582011306,0.0,11.167101621627808,0.0,0
kdl_random_restarts_1773542863,kdl_random_restarts,43,-0.14506587720460373,0.12480426727458896,1.3532688325587516,-0.7921836694384579,0.06888690394064434,1.1139,0.6922323501169081,5.266213853031836,56.77142286300659,10.227963209152222,1
kdl_random_restarts_1773542863,kdl_random_restarts,44,-0.793054795983727,0.06829100701384795,1.1143302871930696,0.14196844154917487,-0.43179480487803323,1.1447,1.0607905511636342,0.0,4.927367925643921,0.0,0
kdl_random_restarts_1773542863,kdl_random_restarts,45,-0.793054795983693,0.06829100701504068,1.1143302871930207,0.4964385969190874,-0.21162563418306157,1.0399,1.3216226405488016,0.0,3.9186923503875732,0.0,0
kdl_random_restarts_1773542863,kdl_random_restarts,46,-0.793054795983693,0.06829100701504062,1.1143302871930205,-0.19700649221838762,-0.5870873818154306,1.1164,0.8858886480131832,0.0,2.5560219287872314,0.0,0
kdl_random_restarts_1773542863,kdl_random_restarts,47,-0.7930547959836924,0.06829100701503973,1.1143302871930203,-0.36175969386856155,0.16381807925096203,1.0505,0.44633529123475296,0.0,5.660796642303467,0.0,0
kdl_random_restarts_1773542863,kdl_random_restarts,48,-0.7930547959836923,0.06829100701504073,1.1143302871930199,0.1767674463016049,-0.41069495230277936,1.139,1.0819386884592272,0.0,2.2552196979522705,0.0,0
kdl_random_restarts_1773542863,kdl_random_restarts,49,-0.7930547959836931,0.0682910070150407,1.1143302871930207,0.911628589297721,0.12688140229347022,1.3178,1.7177829323005684,6.454149795178458,1.0571575164794922,12.625559329986572,1
kdl_random_restarts_1773542863,kdl_random_restarts,50,0.9125903561781178,0.12596869372043226,1.3178552783143815,0.5658441555208145,0.48962949717484106,1.1824,0.5204135279396641,0.5227576287093765,0.15184640884399414,3.1115572452545166,1
kdl_random_restarts_1773542863,kdl_random_restarts,51,0.5667044951213372,0.4895039757052809,1.1825281981105915,0.3995067226777984,-0.6273916880968029,1.1851,1.1293438949650976,2.8806592722221014,1.9088292121887207,4.811546087265015,1
kdl_random_restarts_1773542863,kdl_random_restarts,52,0.39877541504194414,-0.6275103342877667,1.184562242233585,0.3289423962453073,-0.7303632510787509,1.1048,0.1477071030546387,0.0,2.409273624420166,0.0,0
kdl_random_restarts_1773542863,kdl_random_restarts,53,0.3987754150492704,-0.6275103342879589,1.1845622422219213,-0.8629679408167945,-0.5220497373523568,1.1335,1.2671722795890474,0.0,2.607104778289795,0.0,0
kdl_random_restarts_1773542863,kdl_random_restarts,54,0.3987754150492703,-0.6275103342879595,1.1845622422219229,0.41918721633415434,-0.4348539688011908,1.4683,0.34356983567128785,1.248356575012393,0.30173230171203613,5.711374282836914,1
kdl_random_restarts_1773542863,kdl_random_restarts,55,0.4201573933855587,-0.43493607977646537,1.4685765789376533,-0.2280577982483314,0.2826791906321652,1.324,0.9777816720341653,1.0109879289382446,20.208333253860474,3.910090684890747,1
kdl_random_restarts_1773542863,kdl_random_restarts,56,-0.2280748408906884,0.28284354581898985,1.3237244541230124,0.43038875253928044,0.037856020982938055,1.3046,0.702822122548448,2.910680675663753,23.166585445404053,10.24061894416809,1
kdl_random_restarts_1773542863,kdl_random_restarts,57,0.4298751457003135,0.03837936383780498,1.3042871772512101,-0.34736890725482017,-0.4077582299971391,1.0856,0.922480976487352,0.0,3.3103113174438477,0.0,0
kdl_random_restarts_1773542863,kdl_random_restarts,58,0.42987907467188935,0.0383940968484983,1.304272914330483,0.8950362723610386,0.12418447212023931,1.3646,0.47683389593931513,1.9664476019019272,0.4516427516937256,6.913465976715088,1
kdl_random_restarts_1773542863,kdl_random_restarts,59,0.896096922713744,0.12435788270688355,1.3649265680126477,0.27042349932944365,-0.06628068869288095,1.0817,0.7127605393559578,0.0,5.012886047363281,0.0,0
kdl_random_restarts_1773542863,kdl_random_restarts,60,0.8960952191318743,0.12435232466308427,1.364926603066622,-0.31650917764222386,-0.7095898621231824,1.1897,1.4820841259523705,1.5028716439360443,0.601806640625,2.9059815406799316,1
kdl_random_restarts_1773542863,kdl_random_restarts,61,-0.31526153799166745,-0.709478219873605,1.1904322810865926,0.9909889141874761,0.5676978648015553,1.4948,1.8520552646724504,2.2966474205338705,41.35548162460327,9.319370985031128,1
kdl_random_restarts_1773542863,kdl_random_restarts,62,0.9895318675439947,0.567857912057028,1.4941383594557036,-0.8423649860397847,0.5325097049955348,1.32,1.8404944298058978,1.8729072517425798,40.597174882888794,5.5140321254730225,1
kdl_random_restarts_1773542863,kdl_random_restarts,63,-0.8416848141306416,0.5325976057583943,1.319720590635222,1.036894794590899,0.4290349918121529,1.2785,1.8818835507023466,2.445355753669048,5.411965370178223,36.57456994056702,0
kdl_random_restarts_1773542863,kdl_random_restarts,64,1.0366447927837814,0.4292220104660105,1.2784424976236997,0.8139528829464104,-0.30754916491527445,1.3423,0.7723349222905015,4.471387835679651,41.6491219997406,11.525178670883179,1
kdl_random_restarts_1773542863,kdl_random_restarts,65,0.813148564690775,-0.30804853434491003,1.342097852552286,0.9824587623866678,0.21334494063141296,1.4214,0.5539006493781414,4.6232084140122165,0.7059109210968018,8.517000198364258,1
kdl_random_restarts_1773542863,kdl_random_restarts,66,0.9823567591127257,0.2137309334181428,1.42051834958958,0.3459443233177544,0.6173339900432578,1.388,0.754303426222932,5.837475190217542,64.085214138031,11.42223310470581,1
kdl_random_restarts_1773542863,kdl_random_restarts,67,0.345838781404041,0.6173500097759563,1.388009636131149,0.8659534285612076,0.2748160807942769,1.1145,0.6801884001860393,3.3797067485119188,20.738882303237915,7.117815971374512,1
kdl_random_restarts_1773542863,kdl_random_restarts,68,0.8657922394629164,0.2745887904513603,1.1143402212478053,-0.16048853828244525,-0.33960480598058607,1.0161,1.2000571443637387,0.0,7.59965181350708,0.0,0
kdl_random_restarts_1773542863,kdl_random_restarts,69,0.8657922394618283,0.2745887904236674,1.114340221256695,0.8455373354257656,0.5117925192125917,1.1577,0.24198334757075335,4.360500923091678,1.3051178455352783,12.828742742538452,1
kdl_random_restarts_1773542863,kdl_random_restarts,70,0.8462041936897728,0.5122992305996155,1.1579538574994879,0.7092210447121483,0.15005044088864938,1.1339,0.38802984010445835,0.0,2.255146026611328,0.0,0
kdl_random_restarts_1773542863,kdl_random_restarts,71,0.846204193682393,0.5122992306347236,1.1579538575075872,0.8909905874824164,-0.27859465448598975,1.1055,0.7938956894695758,0.0,1.955106258392334,0.0,0
kdl_random_restarts_1773542863,kdl_random_restarts,72,0.8462041936795522,0.5122992306381935,1.157953857509307,0.2731512394544169,-0.6936153158032764,1.4715,1.371470293202184,1.5543209988758757,0.20156192779541016,3.0078070163726807,1
kdl_random_restarts_1773542863,kdl_random_restarts,73,0.27286840736088935,-0.693833590746507,1.4714342700026675,-0.3050752382817403,0.06880490002182083,1.4382,0.9574658436950618,0.0,0.8527464866638184,0.0,0
kdl_random_restarts_1773542863,kdl_random_restarts,74,0.27286211870416915,-0.6938346625279566,1.4714330379727385,0.7573943112274426,-0.24809805870092472,1.1573,0.7294738728211236,0.7410361102548231,0.20122504234313965,1.9047520160675049,1
kdl_random_restarts_1773542863,kdl_random_restarts,75,0.7569468400437817,-0.24841965071603186,1.157822399743972,0.6531272222414466,-0.44646190821933746,1.3277,0.28081603919002807,0.2926259421497389,0.15149497985839844,3.0069377422332764,1
kdl_random_restarts_1773542863,kdl_random_restarts,76,0.6522212184964628,-0.44704319185101393,1.3280421025291367,-0.7705668286438195,-0.012918736225364547,1.1978,1.4932357065543052,4.122568453569152,0.3533477783203125,8.015312433242798,1
kdl_random_restarts_1773542863,kdl_random_restarts,77,-0.7702780514135362,-0.01239807924578347,1.198179781855519,0.5661130234383152,0.5978207571815227,1.4573,1.4917946979144368,4.217462408462566,0.6523537635803223,11.026710748672485,1
kdl_random_restarts_1773542863,kdl_random_restarts,78,0.5672103368126571,0.5977566644054231,1.4569000131790621,0.7030590380315707,-0.37087648676591,1.2294,1.0042217420308355,1.0773404451056703,0.6035079956054688,2.518641471862793,1
kdl_random_restarts_1773542863,kdl_random_restarts,79,0.7033253568197785,-0.37022991542004446,1.2289123360944698,-0.8227548265505632,0.579678921767469,1.1324,1.8001561476885837,3.1314333218355825,21.357304573059082,5.110781908035278,1
kdl_random_restarts_1773542863,kdl_random_restarts,80,-0.8223030639655006,0.5801060346636833,1.1326096524464242,-0.06245526417091707,-0.5048936042226579,1.1233,1.3246431839800608,1.8018371422238049,24.519679307937622,5.721658945083618,1
kdl_random_restarts_1773542863,kdl_random_restarts,81,-0.06362857302013353,-0.5051628554800826,1.1234090195703028,0.2155672494475307,0.23885479778988572,1.2807,0.8100944563353594,4.1670263867933555,188.21782565116882,11.330397367477417,1
kdl_random_restarts_1773542863,kdl_random_restarts,82,0.2147875076221511,0.23902851255868457,1.2808876360694297,1.0195429862744507,0.27087036353998595,1.1314,0.8191409141487401,1.1146256242952604,0.2015390396118164,4.409316301345825,1
kdl_random_restarts_1773542863,kdl_random_restarts,83,1.0206798538734883,0.2706435509185212,1.131581500327553,-0.04135267626812045,-0.4026176204254096,1.2923,1.2676845569996311,2.5643631844642663,0.20186257362365723,5.111925363540649,1
kdl_random_restarts_1773542863,kdl_random_restarts,84,-0.0408627813525152,-0.4019994018640606,1.2924056943357316,-0.8444721055358239,-0.583516191943497,1.4489,0.8385861665329555,0.8381359167221462,0.10155320167541504,2.9075090885162354,1
kdl_random_restarts_1773542863,kdl_random_restarts,85,-0.8439128120004639,-0.5837271748165926,1.4488481238807616,0.8225228775098163,0.22382589878815262,1.1997,1.8684819136388178,2.9593598010141515,0.15391969680786133,4.611342668533325,1
kdl_random_restarts_1773542863,kdl_random_restarts,86,0.8226425063736935,0.22412100896014128,1.1995904439937481,0.10138266448156175,-0.09244978694750272,1.1097,0.7927881938255988,0.0,2.4050214290618896,0.0,0
kdl_random_restarts_1773542863,kdl_random_restarts,87,0.8226425063740773,0.2241210089647337,1.1995904439929561,-0.08316361642440584,0.10317803472374554,1.4988,0.9615811424541402,3.952499179438701,0.35168981552124023,9.320881843566895,1
kdl_random_restarts_1773542863,kdl_random_restarts,88,-0.08260435889733997,0.10278469482865213,1.4984393119237847,-0.130517797810334,0.11693152419136088,1.2548,0.24870855378169462,0.25005931941145404,0.10177016258239746,2.306412696838379,1
kdl_random_restarts_1773542863,kdl_random_restarts,89,-0.1304801057986711,0.11678135813801721,1.2549532400674477,0.43253077786874905,-0.5191280971901155,1.0455,0.8747758285860691,0.0,8.966268062591553,0.0,0
kdl_random_restarts_1773542863,kdl_random_restarts,90,-0.13048010579928193,0.1167813581385668,1.2549532400597814,-0.8204545825065056,0.061855648669738694,1.0236,0.729798556969127,0.0,4.362533807754517,0.0,0
kdl_random_restarts_1773542863,kdl_random_restarts,91,-0.13048010579928282,0.11678135813856674,1.254953240059781,-0.10364720625867363,0.14087801213979334,1.0548,0.20337643112769868,0.0,26.844982147216797,0.0,0
kdl_random_restarts_1773542863,kdl_random_restarts,92,-0.13048010579928526,0.11678135813856655,1.254953240059777,0.9929832509950729,-0.21249497566173614,1.3137,1.172196229248367,1.172003521715899,0.1534411907196045,3.3080832958221436,1
kdl_random_restarts_1773542863,kdl_random_restarts,93,0.9925655492447485,-0.21241883779880083,1.313773677985462,-0.4849419708476145,-0.6476975725975227,1.396,1.5424841058920182,1.5476079869203856,0.1010596752166748,3.307555675506592,1
kdl_random_restarts_1773542863,kdl_random_restarts,94,-0.4844988744763708,-0.6474883378836396,1.3965593530470237,-0.6858140517817499,0.1954513066740744,1.2111,0.8862675761942338,3.314588039234013,21.05081295967102,6.523406028747559,1
kdl_random_restarts_1773542863,kdl_random_restarts,95,-0.6865883228225964,0.19534791583046038,1.2107458504323039,0.801542866341459,-0.7110243602989752,1.0318,1.7515897797389148,3.193530722562515,0.3016974925994873,7.6148998737335205,1
kdl_random_restarts_1773542863,kdl_random_restarts,96,0.8022399639355036,-0.7108047004437121,1.0322071180871348,-0.6387973116538773,0.2143168652103431,1.1908,1.7197645312861012,2.589733337301379,0.1011042594909668,6.314336538314819,1
kdl_random_restarts_1773542863,kdl_random_restarts,97,-0.6398145659745644,0.2142465439953419,1.1912571699153491,0.5839108088193017,0.360982798348782,1.4981,1.270113319208339,3.9977694865793096,0.9528687000274658,13.426761865615845,1
kdl_random_restarts_1773542863,kdl_random_restarts,98,0.5844793368047793,0.36126352052607874,1.498785163616272,0.6147184377521813,0.36559093175322077,1.2646,0.2361690508343886,0.23774194844047844,0.15111684799194336,2.508331775665283,1
kdl_random_restarts_1773542863,kdl_random_restarts,99,0.6143070678029516,0.3650748588605235,1.264825362237116,-0.1356601539587038,0.3237914080595038,1.4855,0.7828489335617163,1.3535116535055967,0.10135602951049805,3.207155227661133,1
kdl_random_restarts_1773542863,kdl_random_restarts,100,-0.13634667198781947,0.32401523516494535,1.4860286537554093,0.8283740741528494,-0.1535622063867247,1.4304,1.077896506085759,2.5803138348206724,0.3026411533355713,4.7119128704071045,1
kdl_random_restarts_1773542863,kdl_random_restarts,101,0.827782114295899,-0.15294554376167174,1.4296605890933334,-0.6686084919671815,0.4971076937777247,1.0057,1.6856739421525762,0.0,2.506028175354004,0.0,0
kdl_random_restarts_1773542863,kdl_random_restarts,102,0.827782110235639,-0.1529454292040883,1.4296605414940302,-0.23866169075732746,0.4874489159537795,1.3604,1.2458749217295235,1.2531781184519049,0.10177421569824219,2.8066556453704834,1
kdl_random_restarts_1773542863,kdl_random_restarts,103,-0.23763303789531964,0.48745607693904913,1.3610942864429694,0.9214670772629805,-0.6175721060958524,1.3409,1.6015642888958102,1.629920866681051,0.10152792930603027,3.810647964477539,1
kdl_random_restarts_1773542863,kdl_random_restarts,104,0.921377604413153,-0.6173838763208872,1.3399405151553534,1.0111033652302361,0.0449036582813952,1.2685,0.6721452505593088,0.7067691074580115,0.20127487182617188,3.0136263370513916,1
kdl_random_restarts_1773542863,kdl_random_restarts,105,1.0116940622316288,0.04461062776739977,1.2682447498939973,-0.2918562504944361,-0.2914149146617354,1.1334,1.3529004728903715,0.0,7.891607284545898,0.0,0
kdl_random_restarts_1773542863,kdl_random_restarts,106,1.0116940622307964,0.04461062777467019,1.2682447498933849,0.6959096646646317,0.34193532819971717,1.3205,0.4368665407109755,0.43907655483800007,0.30478596687316895,1.5063214302062988,1
kdl_random_restarts_1773542863,kdl_random_restarts,107,0.6950705535574658,0.34244379455248997,1.3207059040761033,-0.758918537647011,0.0120526843128127,1.0558,1.514403414246483,1.9033658882578504,1.1549725532531738,6.012687683105469,1
kdl_random_restarts_1773542863,kdl_random_restarts,108,-0.7589844415056083,0.012465352641662264,1.0560286334456976,-0.17748644512178002,-0.5821499194284695,1.2174,0.8472000705388584,1.0020764710145709,0.15118646621704102,3.607790470123291,1
kdl_random_restarts_1773542863,kdl_random_restarts,109,-0.17903856385646005,-0.5820299010832869,1.217235261355988,0.3523082014928294,-0.6040574430072863,1.2269,0.5318909708045657,0.6843851777767107,0.1012120246887207,2.6063003540039062,1
kdl_random_restarts_1773542863,kdl_random_restarts,110,0.35183919320579693,-0.6040632092491928,1.2277112640681207,-0.7287837213861684,0.38623572146494956,1.4769,1.486786091483955,5.492437038662446,0.6524221897125244,8.717193841934204,1
kdl_random_restarts_1773542863,kdl_random_restarts,111,-0.7294117920038351,0.3858477732955811,1.4779716839454056,-0.7048516506831496,0.6126427808606151,1.4379,0.2316137212091208,0.232280405980115,0.15124273300170898,3.0071167945861816,1
kdl_random_restarts_1773542863,kdl_random_restarts,112,-0.7060388761734664,0.6124135447521195,1.4385041711531088,0.7379687423043702,0.558519545325422,1.1317,1.4772242093985544,4.202450813798135,0.2016284465789795,5.512228965759277,1
kdl_random_restarts_1773542863,kdl_random_restarts,113,0.7371442050562208,0.5583745705088727,1.1317303727711217,-0.12725350147772496,-0.6282700152560291,1.2503,1.4728772944435988,2.0902527543755944,0.10216069221496582,4.810194253921509,1
kdl_random_restarts_1773542863,kdl_random_restarts,114,-0.1277355983696612,-0.6284849949685141,1.2497265594736096,-0.032191977672493044,0.5023309251201674,1.0893,1.1461282256215815,0.0,2.6056394577026367,0.0,0
kdl_random_restarts_1773542863,kdl_random_restarts,115,-0.1277355984432036,-0.6284849950721936,1.2497265589015425,-0.8504970760709754,-0.09906027790007044,1.4563,0.9194276868045254,5.319824644924521,62.54245400428772,13.840889930725098,1
kdl_random_restarts_1773542863,kdl_random_restarts,116,-0.8506588743320016,-0.0994181495892365,1.4565636576678347,-0.6400629788877781,0.14901495510747143,1.4353,0.32637674829039925,0.3254620745185099,0.6044144630432129,3.709540367126465,1
kdl_random_restarts_1773542863,kdl_random_restarts,117,-0.6410005507202234,0.14817330661966419,1.4353507642743035,1.0340259910765421,-0.22792782373443055,1.1492,1.7404161099783084,2.881368982701273,25.078370571136475,9.036944150924683,1
kdl_random_restarts_1773542863,kdl_random_restarts,118,1.033946590547807,-0.2279376194251162,1.1493296549378686,-0.4298330480544449,0.5804677691914001,1.3195,1.6808117232662687,1.8495740262508231,21.84467339515686,5.4228527545928955,1
kdl_random_restarts_1773542863,kdl_random_restarts,119,-0.4305760651021942,0.5807052912641665,1.3194169506002291,-0.7874570545139581,0.48143063822114984,1.3045,0.3707317261248901,6.819866232610501,2.962798833847046,12.727777481079102,1
kdl_random_restarts_1773542863,kdl_random_restarts,120,-0.7885377965707063,0.4809404824667055,1.3038246394914754,-0.7267352086944394,0.017995786767414867,1.0764,0.5194798531147672,0.0,5.109943389892578,0.0,0
kdl_random_restarts_1773542863,kdl_random_restarts,121,-0.7885377965707053,0.48094048246669907,1.3038246394914716,0.37446810078409043,0.21295869866486405,1.3813,1.1959930540005548,0.0,61.047218561172485,0.0,0
kdl_random_restarts_1773542863,kdl_random_restarts,122,-0.7885377965707041,0.4809404824666988,1.3038246394914705,0.2851109662315847,0.49519110641461894,1.2697,1.074285454230026,1.0737309783436504,0.252225399017334,3.5169153213500977,1
kdl_random_restarts_1773542863,kdl_random_restarts,123,0.28449129457332023,0.4950658876220516,1.2696053594603662,1.0107155614397394,0.48022243906611906,1.3893,0.736171733174137,3.727309868322899,4.094252347946167,5.417800426483154,1
kdl_random_restarts_1773542863,kdl_random_restarts,124,1.0105932025748938,0.47943297189497697,1.3889022708553327,-0.32323049533139503,-0.48452152653955194,1.2652,1.650332143528489,1.7179455221797373,0.2550218105316162,3.2088966369628906,1
kdl_random_restarts_1773542863,kdl_random_restarts,125,-0.32243188632525244,-0.4845014551795195,1.2654986084219524,0.2838064136884284,-0.6361926088101109,1.0003,0.6788706683914082,0.0,2.35943865776062,0.0,0
kdl_random_restarts_1773542863,kdl_random_restarts,126,-0.32243637306095585,-0.48450246784488155,1.2654943699119476,0.5107565171871349,-0.0064035926431784684,1.1621,0.9661673367272303,0.0,1.7040338516235352,0.0,0
kdl_random_restarts_1773542863,kdl_random_restarts,127,-0.32243506521755994,-0.48449962985775197,1.2654922988455204,0.48413718400178873,-0.5195643253401193,1.0097,0.8468872570942996,0.0,8.219829320907593,0.0,0
kdl_random_restarts_1773542863,kdl_random_restarts,128,-0.3224363730608383,-0.4845024678449113,1.2654943699120693,1.0095034281445934,0.25413860452560666,1.4645,1.5359874702075298,1.5425504611242356,0.251845121383667,3.6098554134368896,1
kdl_random_restarts_1773542863,kdl_random_restarts,129,1.0096531877982242,0.2535440223844635,1.4639732620103554,0.9756678540076542,0.4469717841735611,1.4394,0.19792207342645216,1.063309357865335,0.25148963928222656,4.710036039352417,1
kdl_random_restarts_1773542863,kdl_random_restarts,130,0.9760781454091773,0.4472900513637389,1.438923545693847,-0.12684960684770574,0.37070027649423853,1.4158,1.1058256276097225,1.1235142694560365,0.30169177055358887,3.807832956314087,1
kdl_random_restarts_1773542863,kdl_random_restarts,131,-0.1270928119538689,0.37090128927427446,1.4157224369836912,0.3045670778279319,-0.21965596298897638,1.1538,0.7769758629729967,0.0,2.2051374912261963,0.0,0
kdl_random_restarts_1773542863,kdl_random_restarts,132,-0.12709281195442967,0.3709012892381537,1.4157224367350119,0.7885674927374753,-0.09901559844171082,1.029,1.099458920555683,0.0,2.4603302478790283,0.0,0
kdl_random_restarts_1773542863,kdl_random_restarts,133,-0.12709281195443012,0.370901289238154,1.4157224367350114,-0.7612637656378625,0.4451285449744432,1.439,0.6389243530665036,4.061904453002186,0.7024364471435547,6.1143224239349365,1
kdl_random_restarts_1773542863,kdl_random_restarts,134,-0.7621129446484491,0.444533454287537,1.438983652143401,1.1023342110804804,0.020163163498010173,1.4735,1.9124446968421962,3.007183777617697,63.7502167224884,11.525326490402222,1
kdl_random_restarts_1773542863,kdl_random_restarts,135,1.1015515870515,0.019887728150833964,1.4740030819732215,0.8110011283226295,-0.4031437082048464,1.0428,0.6703068425101387,0.0,15.745235919952393,0.0,0
kdl_random_restarts_1773542863,kdl_random_restarts,136,1.1015515870512211,0.01988772815253903,1.4740030819730683,1.0179291360267877,0.08988394773550923,1.243,0.2554498168961904,5.470618784800108,0.3014795780181885,9.418876647949219,1
kdl_random_restarts_1773542863,kdl_random_restarts,137,1.0169356766384463,0.08977735522154365,1.2422686047935594,0.3521301725875494,-0.2508844254228771,1.0346,0.7753341579119922,0.0,2.7556517124176025,0.0,0
kdl_random_restarts_1773542863,kdl_random_restarts,138,1.0169356766384148,0.08977735522308167,1.2422686047933755,0.15824986319131829,0.3181654702447686,1.3803,0.899196932468716,0.8990333189470725,0.1516399383544922,2.807284116744995,1
kdl_random_restarts_1773542863,kdl_random_restarts,139,0.15860759223279997,0.31853384326711565,1.3804390826607305,0.22087935445103035,0.027728772889620834,1.3829,0.2974078301611682,3.2687765197292684,0.9023401737213135,8.517308473587036,1
kdl_random_restarts_1773542863,kdl_random_restarts,140,0.2197648106616551,0.02775036386067173,1.3835075821325071,-0.6073818172108301,-0.7034526027454723,1.0642,1.1492548256943527,0.0,2.104482650756836,0.0,0
kdl_random_restarts_1773542863,kdl_random_restarts,141,0.21975018352847686,0.027748937980681176,1.383536954918981,0.5224861003726611,-0.4503872420867566,1.2376,0.584432063500964,0.9120420168068011,42.011972188949585,4.5095953941345215,1
kdl_random_restarts_1773542863,kdl_random_restarts,142,0.5237157829865859,-0.45027157479133106,1.2372533062482547,-0.17813545844532475,0.06754690173826594,1.2749,0.8730111186493473,4.901188953850411,22.140365839004517,15.629220485687256,1
kdl_random_restarts_1773542863,kdl_random_restarts,143,-0.17708617453247522,0.06725467605485232,1.2748528032672064,0.9190425324866094,-0.2644969883099853,1.1325,1.154045765885479,2.41464911986386,0.451946496963501,8.616936206817627,1
kdl_random_restarts_1773542863,kdl_random_restarts,144,0.9178988263009823,-0.26526544474687896,1.1322356967748128,-0.08705220543924252,0.11174712611309823,1.4362,1.1155533839388256,0.0,3.4173502922058105,0.0,0
kdl_random_restarts_1773542863,kdl_random_restarts,145,0.9178988262993472,-0.26526544475616376,1.1322356967723106,-0.5815003607986469,0.5301313969718934,1.2116,1.699162367382208,2.0656930474492152,0.2020702362060547,5.611721754074097,1
kdl_random_restarts_1773542863,kdl_random_restarts,146,-0.5809882117253093,0.5299496069701548,1.2118248878057347,0.03700706886423388,0.6035647584422456,1.1059,0.631314057513267,0.0,2.455137014389038,0.0,0
kdl_random_restarts_1773542863,kdl_random_restarts,147,-0.5809903136546908,0.5299498856021093,1.21182523978162,0.38240049325575054,-0.4130399197987627,1.2696,1.3493292937040302,1.4109053135445484,0.2014448642730713,3.1088857650756836,1
kdl_random_restarts_1773542863,kdl_random_restarts,148,0.38286303412517053,-0.41314013379134995,1.2697672232764015,-0.619213147185695,-0.5342856991141075,1.365,1.0138551192899428,1.7301279258523639,0.20162749290466309,5.8150811195373535,1
kdl_random_restarts_1773542863,kdl_random_restarts,149,-0.6196696731056577,-0.5344461638472273,1.3651131742413987,-0.512513672720895,-0.2680531527130119,1.1006,0.39040346328749953,0.0,5.583456993103027,0.0,0
kdl_random_restarts_1773542863,kdl_random_restarts,150,-0.6196784032757232,-0.534441627907301,1.3651026835317708,0.4500994377486758,-0.5062324969689606,1.1559,1.090406413688041,0.0,2.9120419025421143,0.0,0
kdl_random_restarts_1773542863,kdl_random_restarts,151,-0.6196465228337165,-0.5344424033271975,1.3651011927514531,-0.5381707049909699,-0.3602168741700888,1.4976,0.23355679785762296,2.1081867825992675,23.18687891960144,7.318504333496094,1
kdl_random_restarts_1773542863,kdl_random_restarts,152,-0.5389771256314763,-0.360163600706085,1.4974655530944476,-0.6338997034786091,-0.10988997272303469,1.3249,0.3184745747524218,1.1225653120823347,0.25145792961120605,5.311695098876953,1
kdl_random_restarts_1773542863,kdl_random_restarts,153,-0.6336727313791358,-0.10925220558902185,1.324902596513398,0.12477303083432634,0.20560249453674795,1.2191,0.8279901242405159,0.8320419307424731,0.15106415748596191,3.707352638244629,1
kdl_random_restarts_1773542863,kdl_random_restarts,154,0.12456099331611142,0.20541283484424694,1.2193073147936366,0.37149857197097913,-0.63066309010225,1.2588,0.872674505306462,0.9448475647218177,0.2014153003692627,2.4073359966278076,1
kdl_random_restarts_1773542863,kdl_random_restarts,155,0.37181371004664904,-0.6304302244571616,1.258140261118264,-0.75194348356766,-0.362570111445742,1.0605,1.1720242929040738,0.0,3.0602126121520996,0.0,0
kdl_random_restarts_1773542863,kdl_random_restarts,156,0.3718137100507675,-0.6304302244429654,1.2581402611251096,-0.5072793396356601,-0.45535402973536,1.1123,0.9081440666135078,0.0,2.5074713230133057,0.0,0
kdl_random_restarts_1773542863,kdl_random_restarts,157,0.3718137100507691,-0.6304302244429655,1.2581402611251082,0.3523809571730465,-0.23611265923113267,1.169,0.4047344317851486,0.4142864429791156,0.352001428604126,1.8044421672821045,1
kdl_random_restarts_1773542863,kdl_random_restarts,158,0.35181443074895996,-0.23579170961375612,1.1687444918008878,-0.800293891870835,-0.39615163847131546,1.2942,1.1699606738563895,1.1692406377375515,0.4519166946411133,3.5081493854522705,1
kdl_random_restarts_1773542863,kdl_random_restarts,159,-0.7995590671485682,-0.39590856194556867,1.294083707292268,0.14114469027325027,-0.011876071245456199,1.1151,1.0317168606826894,0.0,2.6059563159942627,0.0,0
kdl_random_restarts_1773542863,kdl_random_restarts,160,-0.799559067148565,-0.39590856194557966,1.2940837072922649,0.18264742211385587,-0.4098455280058814,1.1101,0.9993867275090168,0.0,2.505528211593628,0.0,0
kdl_random_restarts_1773542863,kdl_random_restarts,161,-0.7995590671485653,-0.39590856194557983,1.2940837072922653,-0.8332188860045463,-0.300463226488713,1.0355,0.2776838654709762,0.0,7.511465311050415,0.0,0
kdl_random_restarts_1773542863,kdl_random_restarts,162,-0.7995590671485666,-0.395908561945579,1.2940837072922653,-0.6356314547342441,0.48058448373661566,1.3156,0.8919502632394898,4.798408615544055,2.6756062507629395,11.324312448501587,1
kdl_random_restarts_1773542863,kdl_random_restarts,163,-0.6343941917780828,0.48111799173103625,1.3150081798981381,0.6911373949197446,-0.058140418671475236,1.1145,1.445004204398578,6.6962200112553205,0.45191478729248047,10.02309775352478,1
kdl_random_restarts_1773542863,kdl_random_restarts,164,0.6921664740523206,-0.05766867924084347,1.114974204093807,0.2901190959173825,0.28123383752926945,1.4527,0.6249445762295774,0.7614201350932784,0.15195178985595703,4.710695028305054,1
kdl_random_restarts_1773542863,kdl_random_restarts,165,0.2903438828810625,0.28191151468369907,1.4520280189986154,-0.3105561547069281,-0.24412492474827535,1.4298,0.7989300818044847,4.9088165412870355,0.6046726703643799,10.123065710067749,1
kdl_random_restarts_1773542863,kdl_random_restarts,166,-0.3103907253088144,-0.24397521648970616,1.4300045831911112,-0.16721628927046872,0.6124719518415541,1.0354,0.953788995718111,0.0,5.310284614562988,0.0,0
kdl_random_restarts_1773542863,kdl_random_restarts,167,-0.3104162224102923,-0.24382416741558371,1.430024399280908,-0.6712671392663598,-0.5329715427607278,1.119,0.5572753052243566,0.5594668072239584,0.15154170989990234,3.6077492237091064,1
kdl_random_restarts_1773542863,kdl_random_restarts,168,-0.6709096536203293,-0.5337310396391898,1.119769848111631,-0.503224158330312,-0.35127923821465407,1.3345,0.32789651310088475,4.531057789138347,61.10143184661865,16.44096040725708,1
kdl_random_restarts_1773542863,kdl_random_restarts,169,-0.5029431399194295,-0.3509424165832262,1.334680657081694,-0.7139767160986251,-0.022321350730470035,1.1071,0.45201762208449076,4.506385656473191,4.952125310897827,17.233110666275024,1
kdl_random_restarts_1773542863,kdl_random_restarts,170,-0.7140355212707463,-0.02245023528253204,1.1074366651376528,-0.6509388959029203,-0.1963464069111509,1.0662,0.1895297475109719,0.0,3.0068602561950684,0.0,0
kdl_random_restarts_1773542863,kdl_random_restarts,171,-0.7140355212714187,-0.022450235297720278,1.1074366651400898,0.7464368446214729,-0.3886415156402526,1.4678,1.548204546707908,0.0,127.1302421092987,0.0,0
kdl_random_restarts_1773542863,kdl_random_restarts,172,-0.7140355212714243,-0.022450235297721513,1.1074366651400982,0.9690232104508749,0.02199221500113957,1.2855,1.693035255698082,7.2620343488600865,1.0033438205718994,17.040882349014282,1
kdl_random_restarts_1773542863,kdl_random_restarts,173,0.968282562839565,0.021417601101261577,1.2853131575596661,0.6521349935864189,-0.4860018894819629,1.2363,0.5998550779833247,1.4352817894065146,43.17179870605469,7.6148681640625,1
kdl_random_restarts_1773542863,kdl_random_restarts,174,0.652086963107282,-0.48570399801205066,1.23556091994815,0.1330837705525898,-0.4099290276616797,1.3923,0.5474242406297539,3.409286027284062,1.2045373916625977,10.220301628112793,1
kdl_random_restarts_1773542863,kdl_random_restarts,175,0.13414893783360204,-0.4104473176461759,1.3926284829511624,-0.30093424347781306,0.05562131623466937,1.4037,0.6376832478883084,0.6420220482007027,0.1013336181640625,1.7047748565673828,1
kdl_random_restarts_1773542863,kdl_random_restarts,176,-0.3002128557698005,0.05605930041779338,1.4033122691978126,0.1825922553172432,-0.6717944604059854,1.0952,0.926177651893694,0.9723997469514265,0.25133204460144043,3.7078049182891846,1
kdl_random_restarts_1773542863,kdl_random_restarts,177,0.18346889850673076,-0.6717790366809856,1.0944591747219001,-0.7473908085229743,0.6172053593037848,1.0485,1.5906265473091947,2.5358205778401195,0.10135555267333984,5.011446952819824,1
kdl_random_restarts_1773542863,kdl_random_restarts,178,-0.7471411666374415,0.6176107135204715,1.0489466783085133,-0.36830222225822007,0.19338474033567887,1.2155,0.5926437640517406,0.7534266278956648,0.2013683319091797,6.613261699676514,1
kdl_random_restarts_1773542863,kdl_random_restarts,179,-0.3682165570816752,0.1939889065381969,1.2158140323829758,0.06166400570641384,-0.17713058396165293,1.2118,0.5679287692553036,0.5687264427605779,0.1011817455291748,2.707176685333252,1
kdl_random_restarts_1773542863,kdl_random_restarts,180,0.061322976081325975,-0.17793292329693036,1.212036971469692,0.7732876662352792,0.5829469752557884,1.2335,1.0422536167561631,1.6042710676222127,20.21261429786682,4.914200305938721,1
kdl_random_restarts_1773542863,kdl_random_restarts,181,0.7724112726613843,0.5828503362649946,1.2326112104377345,0.986790785419297,-0.49398576708838293,1.3645,1.1058613031423994,4.6361030640892515,0.3522524833679199,8.716899156570435,1
kdl_random_restarts_1773542863,kdl_random_restarts,182,0.9866265886244457,-0.4932676726364733,1.3644214852040295,0.2656057103225853,0.413672739265866,1.3367,1.1589566421703137,1.178206148933186,0.20130443572998047,5.210765600204468,1
kdl_random_restarts_1773542863,kdl_random_restarts,183,0.2651284088843431,0.41374330955997624,1.3364780979646667,-0.47337465166537035,-0.518136734502522,1.4921,1.1991686133969284,2.398954945576457,0.15146541595458984,4.108381271362305,1
kdl_random_restarts_1773542863,kdl_random_restarts,184,-0.47355647650841204,-0.5189268422920025,1.4925903714174764,0.44542089141986874,-0.02430810636723002,1.0492,1.133914510956597,0.0,4.759037971496582,0.0,0
kdl_random_restarts_1773542863,kdl_random_restarts,185,-0.4735522277652666,-0.5189232151636103,1.492556452510876,-0.09517379708833662,0.379007629833947,1.2013,1.016995752365163,1.0554102065934412,22.86596918106079,2.8117587566375732,1
kdl_random_restarts_1773542863,kdl_random_restarts,186,-0.09578726369165824,0.37851307870157064,1.2005640569852007,0.04403133519715996,-0.32890680089846874,1.1697,0.7217650009955817,0.7526027063222106,0.40262508392333984,1.9066047668457031,1
kdl_random_restarts_1773542863,kdl_random_restarts,187,0.043233808445034216,-0.3284257238087824,1.169384218482334,-0.4127544382190081,0.4930154636792571,1.4308,0.9752072171718172,1.004575839403737,0.45251035690307617,2.4067814350128174,1
kdl_random_restarts_1773542863,kdl_random_restarts,188,-0.4130396979296471,0.4928336938381388,1.4307830555298895,0.9236277239317321,0.1147030063858252,1.1243,1.4225310108344362,0.0,2.1556477546691895,0.0,0
kdl_random_restarts_1773542863,kdl_random_restarts,189,-0.4130396979304324,0.4928336938317171,1.4307830555338832,0.37111736118755023,-0.2828396854611636,1.0951,1.152933041629376,0.0,2.2053728103637695,0.0,0
kdl_random_restarts_1773542863,kdl_random_restarts,190,-0.41303969793043227,0.4928336938317171,1.4307830555338827,0.3559842022503137,-0.010024459624534132,1.2243,0.9417533295769361,0.9835425476140205,20.442415475845337,2.313225030899048,1
kdl_random_restarts_1773542863,kdl_random_restarts,191,0.3560565574955386,-0.009851226257889381,1.2248443664186275,-0.5723803883696872,-0.3146938788489167,1.2109,0.9773017193482773,0.9791512656182572,0.559234619140625,2.9325199127197266,1
kdl_random_restarts_1773542863,kdl_random_restarts,192,-0.573380849117581,-0.31500571086973045,1.2116602684456872,-0.8065387143536853,0.04002842701318898,1.1393,0.4308687011529813,9.317520455879182,5.957144260406494,16.335636138916016,1
kdl_random_restarts_1773542863,kdl_random_restarts,193,-0.8058363675290531,0.03977565630821468,1.1385893470662545,-0.19499397404507146,0.3854075366193458,1.1249,0.701980928934503,0.0,2.556086540222168,0.0,0
kdl_random_restarts_1773542863,kdl_random_restarts,194,-0.8058363675290572,0.03977565630822234,1.1385893470662563,-0.6203174712580108,-0.19712726277005532,1.4616,0.44144777250555894,1.4586311182188452,0.35181522369384766,9.318545818328857,1
kdl_random_restarts_1773542863,kdl_random_restarts,195,-0.6213832627744543,-0.19763357451619568,1.4625889195965585,-0.41862373464890457,0.2493750289720732,1.2216,0.5468123784320765,3.85478222680832,1.0537757873535156,10.921831846237183,1
kdl_random_restarts_1773542863,kdl_random_restarts,196,-0.41837154719176595,0.24882129630092722,1.2220294154351765,0.5024058169337922,0.002703385159597227,1.4307,0.9756784272152416,0.0,47.51845669746399,0.0,0
kdl_random_restarts_1773542863,kdl_random_restarts,197,-0.4183717551712657,0.24881635009861844,1.2220328917335181,-0.5130733252995743,0.5052110712724055,1.2752,0.27844816722681215,0.2794052369203111,0.10124421119689941,2.205594778060913,1
kdl_random_restarts_1773542863,kdl_random_restarts,198,-0.5144862166629075,0.5046629582399875,1.2746330747525936,0.04269550282267098,0.5585673086266344,1.0253,0.6128002363618136,0.0,3.8572144508361816,0.0,0
kdl_random_restarts_1773542863,kdl_random_restarts,199,-0.514486216662819,0.5046629582507379,1.2746330747530399,0.1296713615490115,0.09713811948720619,1.4996,0.7947487635926491,1.7018826346228235,22.259957551956177,6.714167356491089,1
kdl_random_restarts_1773542863,kdl_random_restarts,200,0.13056155414832027,0.097602523159291,1.4991464124943954,0.9744584358825197,0.03349299425157315,1.418,0.8502098087873283,0.8494260208526031,0.3526802062988281,2.806509017944336,1
kdl_random_restarts_1773542863,kdl_random_restarts,201,0.9737484730989825,0.03327842426860769,1.4190225780758983,0.5287469732091561,-0.5334113550358048,1.4845,0.7234990902925212,4.699662590506733,0.3520619869232178,8.516579389572144,1
kdl_random_restarts_1773542863,kdl_random_restarts,202,0.5278129115556431,-0.5332895997348936,1.4843351371131444,-0.032373009478670944,0.26887437974836936,1.4632,0.9786327248392418,0.9947817193023514,0.20122361183166504,2.4065279960632324,1
kdl_random_restarts_1773542863,kdl_random_restarts,203,-0.031738648329550756,0.26805596134234,1.463845493293868,0.020563634122989782,-0.5874109250148023,1.4243,0.8579760885031613,0.9047469539384845,0.20144009590148926,2.1053903102874756,1
kdl_random_restarts_1773542863,kdl_random_restarts,204,0.021151185566672615,-0.5865983186573158,1.423896072500344,-0.6259185658551252,0.5222367467162697,1.0832,1.3282651389027234,0.0,2.4052703380584717,0.0,0
kdl_random_restarts_1773542863,kdl_random_restarts,205,0.021148086959558388,-0.5866137290327117,1.4239132167785247,0.29890791364644986,-0.19477028488244097,1.2428,0.5133164748345247,0.5179538420744856,0.35150861740112305,3.4075050354003906,1
kdl_random_restarts_1773542863,kdl_random_restarts,206,0.299520144318269,-0.1942915059650266,1.2421343351270124,0.7182555351212587,-0.7366356003916756,1.1069,0.6984015819481223,4.048316414141744,23.06074023246765,14.628885269165039,1
kdl_random_restarts_1773542863,kdl_random_restarts,207,0.717485903228006,-0.7362739086894436,1.1059194771815024,0.19211808502296313,0.5208816169511331,1.2005,1.3657953123915685,3.169462897620954,0.15330886840820312,8.014685153961182,1
kdl_random_restarts_1773542863,kdl_random_restarts,208,0.19092449381832954,0.5210107754231311,1.200632485886001,0.5887274737535213,-0.12165254921740487,1.0293,0.7749956002476545,0.0,2.2048652172088623,0.0,0
kdl_random_restarts_1773542863,kdl_random_restarts,209,0.19092449381835663,0.5210107754226945,1.2006324858860113,-0.5938213856072367,-0.5006442805404492,1.1895,1.288304731378607,1.3299370574705864,0.2019503116607666,2.907963514328003,1
kdl_random_restarts_1773542863,kdl_random_restarts,210,-0.5932072806035446,-0.5007486102888931,1.1897968289545857,0.9402245759169743,-0.24507078261374604,1.4927,1.583835452686299,2.095243602739409,0.3520357608795166,3.508650302886963,1
kdl_random_restarts_1773542863,kdl_random_restarts,211,0.9394321195827553,-0.24568608116589435,1.4936080287439464,-0.8470467870419227,0.16870034915096044,1.1326,1.8691040084123838,2.514219819731923,20.539498567581177,4.225578308105469,1
kdl_random_restarts_1773542863,kdl_random_restarts,212,-0.8463977760859194,0.16815283896880792,1.1327570774536895,-0.5783504735933301,-0.1733064539990693,1.392,0.5056191234694635,3.7289657463331554,20.62521195411682,7.616037845611572,1
kdl_random_restarts_1773542863,kdl_random_restarts,213,-0.578345887236089,-0.17294028709038867,1.390942258282431,0.12235051047652279,0.07505901379774027,1.2275,0.7610469543995904,0.7658258505744145,0.10129523277282715,2.305294990539551,1
kdl_random_restarts_1773542863,kdl_random_restarts,214,0.1226476711265222,0.0744632670530676,1.22775293180333,-0.456967114484549,0.4909265936915409,1.2115,0.7139041671862936,0.7157964531699971,0.15153193473815918,3.70896053314209,1
kdl_random_restarts_1773542863,kdl_random_restarts,215,-0.45724144089052876,0.4908327713099744,1.210528819113859,-0.8005585583250759,-0.09438001741886093,1.4787,0.7295590678438686,6.83719209836888,42.620240926742554,15.830653429031372,1
kdl_random_restarts_1773542863,kdl_random_restarts,216,-0.7996711026360607,-0.09406348249095456,1.4782490750100017,0.664095736289511,-0.12018114105621003,1.4977,1.4641290343784794,0.0,3.412010669708252,0.0,0
kdl_random_restarts_1773542863,kdl_random_restarts,217,-0.7996711026360399,-0.09406348249108415,1.4782490750100017,-0.07868761334510388,0.025945815217491397,1.2779,0.7578648792654282,0.7585838212170634,45.77954697608948,2.5067899227142334,1
kdl_random_restarts_1773542863,kdl_random_restarts,218,-0.07816571714689324,0.026202959620106173,1.277413934851501,0.8350591008487913,0.5569626449716115,1.3592,1.059421715961191,4.832980229215284,1.1536662578582764,10.120809316635132,1
kdl_random_restarts_1773542863,kdl_random_restarts,219,0.8352243963866913,0.5568409996545208,1.3585104137587467,0.40340709469972924,-0.1813992489112155,1.0774,0.900271021061004,0.0,6.132354736328125,0.0,0
kdl_random_restarts_1773542863,kdl_random_restarts,220,0.8352256335241026,0.5568426301656119,1.3585185617545017,0.5460569575755418,0.1623614961845481,1.1484,0.5323379548844982,2.5383170021421564,22.328118324279785,8.124336004257202,1
kdl_random_restarts_1773542863,kdl_random_restarts,221,0.5456875738426001,0.16260694470477494,1.1481409387410817,-0.4150097531624425,0.18018062970465287,1.4844,1.0179972223920053,0.0,45.6149115562439,0.0,0
kdl_random_restarts_1773542863,kdl_random_restarts,222,0.5456875740764605,0.16260694473293172,1.1481409385291776,0.7124336812096612,-0.4976796343373456,1.2896,0.695552511904466,7.460265407812641,27.07907509803772,14.146448373794556,1
kdl_random_restarts_1773542863,kdl_random_restarts,223,0.7125814035928417,-0.4980624436686023,1.289736378310916,-0.6759071595509779,-0.40888140956675006,1.2711,1.3914744199665376,2.1939473983755358,0.452390193939209,7.81522011756897,1
kdl_random_restarts_1773542863,kdl_random_restarts,224,-0.6758648328108303,-0.4083574817178628,1.2708679597364358,0.7724957715717773,-0.19726983030424305,1.374,1.4672909236534504,2.042752435139581,1.7572128772735596,7.814786672592163,1
kdl_random_restarts_1773542863,kdl_random_restarts,225,0.7731752631646441,-0.19683597202396572,1.3737763043018318,-0.2919811986226717,0.4885654146480186,1.0286,1.3128137834402194,0.0,2.3047497272491455,0.0,0
kdl_random_restarts_1773542863,kdl_random_restarts,226,0.7731752631657038,-0.19683597201911313,1.3737763043034392,-0.46096944230057385,-0.7065447518773718,1.2921,1.3377545413788392,1.7868900093373723,0.15117454528808594,3.808182954788208,1
kdl_random_restarts_1773542863,kdl_random_restarts,227,-0.46013675050113445,-0.7068814465452183,1.2923624383441856,-0.03773654072566912,0.48353093101976363,1.2514,1.2637964579920975,1.4889601245114779,20.827564477920532,3.1301324367523193,1
kdl_random_restarts_1773542863,kdl_random_restarts,228,-0.038492731017304105,0.4829710312309221,1.250756317005659,-0.35882275493917826,-0.22130263117817528,1.4264,0.7933873071613436,2.432831944545257,0.8566889762878418,7.021777391433716,1
kdl_random_restarts_1773542863,kdl_random_restarts,229,-0.3594693629698873,-0.22147638321915608,1.4260826420106378,0.36406313535698365,-0.18046838988923564,1.0787,0.8036514366454908,0.0,6.113396883010864,0.0,0
kdl_random_restarts_1773542863,kdl_random_restarts,230,-0.35946936297372223,-0.2214763832297058,1.4260826419788826,-0.2893688645879192,0.5601748437660033,1.4804,0.7866658095533515,2.0855498057504525,61.529621601104736,8.229679822921753,1
kdl_random_restarts_1773542863,kdl_random_restarts,231,-0.28911543662561656,0.560859521697139,1.4809195324077473,0.8483035282296632,-0.07326953360516819,1.0401,1.3748321426789663,0.0,2.25732421875,0.0,0
kdl_random_restarts_1773542863,kdl_random_restarts,232,-0.28911543662350225,0.5608595217002748,1.480919532405218,-0.030226834141979353,-0.7121271703681586,1.0929,1.3557571995774658,1.5979827262367283,0.3515958786010742,2.7070419788360596,1
kdl_random_restarts_1773542863,kdl_random_restarts,233,-0.030227424211946463,-0.7121984279642336,1.093131003868435,0.3825538316954238,-0.38866232021478003,1.2975,0.5628771311982355,1.2116153161823673,0.8022871017456055,4.4093451499938965,1
kdl_random_restarts_1773542863,kdl_random_restarts,234,0.38269196470720734,-0.38906769454601675,1.2980771368950417,1.0780851221544403,-0.020701689516109623,1.3376,0.7879258935928803,3.107517376608986,0.8028428554534912,10.220560550689697,1
kdl_random_restarts_1773542863,kdl_random_restarts,235,1.0771502071621217,-0.020589051690409976,1.3372648585161866,-0.8365496790829209,0.5132465602141257,1.1176,1.998869771950818,0.0,2.205598831176758,0.0,0
kdl_random_restarts_1773542863,kdl_random_restarts,236,1.077155005492025,-0.02058795511689912,1.3372561718637728,-0.3298225525979577,0.018440575456700192,1.0599,1.4345854876020847,0.0,5.411250591278076,0.0,0
kdl_random_restarts_1773542863,kdl_random_restarts,237,1.077159689860549,-0.020587246051048114,1.3372564869347694,-0.46387303937048446,-0.7278917314232478,1.4451,1.6990267010553808,1.724074158991678,0.15136313438415527,3.1078479290008545,1
kdl_random_restarts_1773542863,kdl_random_restarts,238,-0.463402481708448,-0.7279445368842998,1.445077333505306,0.8590501337289052,0.07784560238200366,1.1231,1.5817231337712336,2.6404184844479466,0.3515746593475342,6.713743209838867,1
kdl_random_restarts_1773542863,kdl_random_restarts,239,0.858346980854216,0.07833859541779267,1.1239265620003958,-0.5254141257683229,0.5134020137008949,1.2973,1.4608673201674456,2.6467232596384505,21.38560938835144,8.617026805877686,1
kdl_random_restarts_1773542863,kdl_random_restarts,240,-0.524746259950595,0.5137206032909005,1.2976481218432312,0.15549489187058407,-0.6784687616510744,1.3097,1.372657551714505,2.079608314890403,0.10119414329528809,4.30927038192749,1
kdl_random_restarts_1773542863,kdl_random_restarts,241,0.1550925292379949,-0.6782037461865901,1.309729168650443,-0.7088930401723994,0.08573099840681742,1.2096,1.1576239495453724,5.306039436897741,43.110680103302,14.231234788894653,1
kdl_random_restarts_1773542863,kdl_random_restarts,242,-0.7096468242041142,0.08547554682175218,1.2091953812087062,-0.30080901372047286,-0.2543056875771598,1.2918,0.537980636804301,1.9769304055955634,0.6021881103515625,5.711624622344971,1
kdl_random_restarts_1773542863,kdl_random_restarts,243,-0.30136857214273405,-0.25405541482421873,1.291675073637238,0.2496139970684501,-0.08890674737843696,1.2614,0.5759969218818924,2.801782839891808,22.121050596237183,8.7407386302948,1
kdl_random_restarts_1773542863,kdl_random_restarts,244,0.24985555196314202,-0.08908075277036395,1.2613099891590878,0.5789578966707161,-0.44767191981630017,1.4674,0.5285537540721821,1.5050213907898131,21.742804288864136,7.532259702682495,1
kdl_random_restarts_1773542863,kdl_random_restarts,245,0.5786742105661306,-0.44844530319759235,1.467570554532648,0.30644445864790515,-0.67234093227264,1.1021,0.5077470007580263,0.0,84.21025800704956,0.0,0
kdl_random_restarts_1773542863,kdl_random_restarts,246,0.5786784672629051,-0.4484370798556703,1.4675690946346007,-0.2105286084007837,0.3162333679467594,1.3581,1.104333366651628,1.3655171075868815,0.4031178951263428,4.910468101501465,1
kdl_random_restarts_1773542863,kdl_random_restarts,247,-0.211135038455894,0.3166257176786935,1.3576043577894215,0.5702701147955418,-0.062194931532683295,1.1193,0.9004932341435207,0.0,2.4057719707489014,0.0,0
kdl_random_restarts_1773542863,kdl_random_restarts,248,-0.21113503845743098,0.3166257176713904,1.3576043577388495,-0.3846311701200903,0.3824465844843504,1.1979,0.24482396959998556,0.2466711174886221,0.35176849365234375,3.3161442279815674,1
kdl_random_restarts_1773542863,kdl_random_restarts,249,-0.3841291515177994,0.38260696959950047,1.197335870986704,-0.33360833801021395,0.06797693627812573,1.3358,0.34744312554530177,3.1960229556744455,43.804006814956665,9.721299171447754,1
kdl_random_restarts_1773542863,kdl_random_restarts,250,-0.3333486765587742,0.06833519723518759,1.3351969149274803,0.9451155065661652,-0.555011201117347,1.15,1.4343393242782725,1.6176714366792089,20.155946493148804,2.907104253768921,1
kdl_random_restarts_1773542863,kdl_random_restarts,251,0.9438662081365985,-0.5549874431383575,1.1501723889037367,-0.5060665350418558,0.001571901697864142,1.1581,1.5531020929363322,0.0,7.879373788833618,0.0,0
kdl_random_restarts_1773542863,kdl_random_restarts,252,0.9438662081323108,-0.5549874431320185,1.1501723888960214,0.7256041950613934,0.16216834586052575,1.3759,0.7828816554563001,3.8582560171569487,2.2711527347564697,10.828404426574707,1
kdl_random_restarts_1773542863,kdl_random_restarts,253,0.7243616250153451,0.16293327597411528,1.374997124508427,-0.3781580064410935,-0.07053009995432491,1.0363,1.1767626896690013,0.0,3.756877899169922,0.0,0
kdl_random_restarts_1773542863,kdl_random_restarts,254,0.7243616250141222,0.16293327598363108,1.3749971245069836,0.9981256112588675,-0.6888275611796729,1.2291,0.9064928101364906,0.9298982788171399,0.4017009735107422,2.5065596103668213,1
kdl_random_restarts_1773542863,kdl_random_restarts,255,0.9988254188876271,-0.6886265499948083,1.228502652053523,-0.515099665957625,0.037356746779313,1.4992,1.700675737436147,0.0,1.3030140399932861,0.0,0
kdl_random_restarts_1773542863,kdl_random_restarts,256,0.9988149674975669,-0.6886205212340009,1.2284793383667383,0.5092869696832367,-0.3344424638701152,1.498,0.6616049758045913,0.6631971407685565,20.785712003707886,2.7407357692718506,1
kdl_random_restarts_1773542863,kdl_random_restarts,257,0.508596585022685,-0.3341083336310579,1.4980862060275542,0.998536181422826,-0.09142966631264471,1.0366,0.7154741519061889,0.0,5.607008457183838,0.0,0
kdl_random_restarts_1773542863,kdl_random_restarts,258,0.5085965850226862,-0.33410833363104486,1.4980862060275162,-0.24054286203186737,0.3959298614830308,1.1066,1.1168827722587713,0.0,5.296743631362915,0.0,0
kdl_random_restarts_1773542863,kdl_random_restarts,259,0.5085965850226869,-0.3341083336310441,1.4980862060275175,-0.41712248449577255,-0.5773410989420189,1.1326,1.0245477736969295,0.0,3.1587600708007812,0.0,0
kdl_random_restarts_1773542863,kdl_random_restarts,260,0.5085965850226865,-0.3341083336310447,1.4980862060275186,-0.19936782181169288,0.2528295440805183,1.4666,0.9201636021963245,4.971500601769471,27.04076647758484,15.736304998397827,1
kdl_random_restarts_1773542863,kdl_random_restarts,261,-0.200411184502031,0.2528964469165521,1.4662621145616241,0.19627174148791826,0.34345362848873606,1.4404,0.4077092050418332,5.29769486371497,0.6533658504486084,10.421836853027344,1
kdl_random_restarts_1773542863,kdl_random_restarts,262,0.1956398821015527,0.34302184200893815,1.4408947681156241,0.8830078970041229,0.10319602056248656,1.4396,0.7280061050348674,1.8698900664897689,0.30190324783325195,5.811202526092529,1
kdl_random_restarts_1773542863,kdl_random_restarts,263,0.8820974987038984,0.10371394130867324,1.4406386632388914,0.851535968071643,-0.713775829491568,1.1848,0.8571329850877751,3.986727845308324,0.151458740234375,5.912632465362549,1
kdl_random_restarts_1773542863,kdl_random_restarts,264,0.8510109518134874,-0.714199568588127,1.1857699748824622,0.9882321784525603,0.3545281659530163,1.0789,1.0827879880886908,1.4759380687239638,0.20304465293884277,5.512925148010254,1
kdl_random_restarts_1773542863,kdl_random_restarts,265,0.9872395724688546,0.3549491532012088,1.0788875110375309,0.6475671886614935,-0.19074692470090127,1.4169,0.7262327316044935,3.400585260999094,0.8038079738616943,7.6148107051849365,1
kdl_random_restarts_1773542863,kdl_random_restarts,266,0.647024196052586,-0.19043728156453654,1.4171022400896407,0.8586280403173234,0.6091306866798317,1.3518,0.8296683104173423,0.9020160403152409,0.10157370567321777,3.709266424179077,1
kdl_random_restarts_1773542863,kdl_random_restarts,267,0.8582665073125142,0.6086554562811999,1.3520488640566077,-0.03787042148684694,0.27043808238313705,1.3058,0.9589532546433012,0.958567632344715,0.10100817680358887,3.306889533996582,1
kdl_random_restarts_1773542863,kdl_random_restarts,268,-0.03714432602346507,0.2700878370264827,1.304672583517894,-0.17013888355598095,-0.3483336254672917,1.4936,0.6601713613182653,0.6830684647955085,0.15112519264221191,2.6069252490997314,1
kdl_random_restarts_1773542863,kdl_random_restarts,269,-0.17061195750743874,-0.34877378752834887,1.49368763371836,-0.7895712981407308,-0.7184412136762894,1.327,0.7399658360672261,1.2405284460271782,1.2086703777313232,3.823270082473755,1
kdl_random_restarts_1773542863,kdl_random_restarts,270,-0.7900143362686514,-0.7184684773787919,1.3266671143009134,-0.11126458532951089,0.1908353664202781,1.0039,1.1797089958213627,0.0,5.08111834526062,0.0,0
kdl_random_restarts_1773542863,kdl_random_restarts,271,-0.7900156671244203,-0.7184665919796276,1.3266643757510446,0.685535818571624,-0.6201492828229554,1.4086,1.481091464677546,4.46967494944975,20.776434183120728,9.318061113357544,1
kdl_random_restarts_1773542863,kdl_random_restarts,272,0.6859144538803041,-0.6208822156106174,1.408420061439677,0.9994588681815753,-0.10079032354267892,1.1497,0.6601073746942125,0.6691869779219062,0.1514277458190918,2.3071200847625732,1
kdl_random_restarts_1773542863,kdl_random_restarts,273,0.9989572952041386,-0.10142018163999846,1.1503752155872915,1.0914962170034874,-0.42468308229914875,1.3317,0.38202229310953695,0.44954510500893125,20.8810396194458,3.306751251220703,1
kdl_random_restarts_1773542863,kdl_random_restarts,274,1.0915325960522222,-0.42450766239717663,1.3321636391758829,0.33153432744989875,-0.038565985863317165,1.4695,0.8633710801090733,3.16949644509604,41.43068218231201,8.724152326583862,1
kdl_random_restarts_1773542863,kdl_random_restarts,275,0.3307512588749526,-0.038713000663447475,1.4690114764892241,-0.43599633362291246,-0.48683382781379425,1.0671,0.9748061249607183,0.0,6.977455139160156,0.0,0
kdl_random_restarts_1773542863,kdl_random_restarts,276,0.33075125887494294,-0.03871300066377441,1.4690114764891542,-0.7583558150513484,0.5885470138134749,1.0577,1.3224169066258853,3.4429720883096215,4.83146071434021,12.925341844558716,1
kdl_random_restarts_1773542863,kdl_random_restarts,277,-0.7593148228528684,0.588772558869301,1.058129755339827,1.0989073044852347,-0.5040679275724245,1.0535,2.1557623333683233,2.8226615935520067,1.254389762878418,5.411491394042969,1
kdl_random_restarts_1773542863,kdl_random_restarts,278,1.0989155066139789,-0.5045658492262561,1.054208485615764,0.5065128649826163,-0.5315470246890391,1.2766,0.6333457660009134,0.8189316791373246,0.15144944190979004,3.8081071376800537,1
kdl_random_restarts_1773542863,kdl_random_restarts,279,0.5063388693766027,-0.5311580010278978,1.276389313189108,-0.4293934874215611,-0.005197142944449729,1.1362,1.0825354088099644,0.0,2.4051859378814697,0.0,0
kdl_random_restarts_1773542863,kdl_random_restarts,280,0.5063388693772625,-0.5311580010281565,1.276389313190592,-0.6916730882776498,0.4626312252541428,1.3024,1.5567678801887015,2.644622161494958,0.4018268585205078,6.5143349170684814,1
kdl_random_restarts_1773542863,kdl_random_restarts,281,-0.6916614182256331,0.4627093009192631,1.301907609476003,0.8884986943003128,0.5700651585676811,1.3588,1.5848242822120604,4.384744768070588,81.09682607650757,8.516438484191895,1
kdl_random_restarts_1773542863,kdl_random_restarts,282,0.8885290818328103,0.5704136846302007,1.3581878788640083,0.4256896056265411,0.013878027216957523,1.1018,0.7679108432205329,0.0,2.4110560417175293,0.0,0
kdl_random_restarts_1773542863,kdl_random_restarts,283,0.8885290818340879,0.5704136846392821,1.358187878882799,-0.13433135928159368,-0.3860983011133118,1.3171,1.4010163720238333,2.421025645088075,0.20126104354858398,6.012130260467529,1
kdl_random_restarts_1773542863,kdl_random_restarts,284,-0.1333630266687219,-0.386067851207364,1.3168999219065414,-0.7123664000710418,-0.4404682805209592,1.132,0.6102395384124294,0.0,4.167577743530273,0.0,0
kdl_random_restarts_1773542863,kdl_random_restarts,285,-0.1337437502016734,-0.3862588051993563,1.3168797900017735,0.8140921036446596,-0.06266867188279923,1.2443,1.004176879903703,1.004814994037266,1.0631661415100098,2.944373607635498,1
kdl_random_restarts_1773542863,kdl_random_restarts,286,0.8146042063035139,-0.06336211677740264,1.2447315651344542,0.7615176744636456,-0.2651101483423867,1.4527,0.2945697167116063,3.761166452897051,3.577369451522827,18.942572832107544,1
kdl_random_restarts_1773542863,kdl_random_restarts,287,0.7619630747120036,-0.2656416949403149,1.4531298293766033,-0.3437499685242069,0.4642376012519872,1.4231,1.3252271170049459,2.867543469802993,0.30138111114501953,8.217271327972412,1
kdl_random_restarts_1773542863,kdl_random_restarts,288,-0.3443618653381677,0.46373024452087125,1.422745244515717,0.8128529870647874,0.44866223211876866,1.0461,1.217059940938016,0.0,5.664979696273804,0.0,0
kdl_random_restarts_1773542863,kdl_random_restarts,289,-0.34436186526179824,0.46373024584191086,1.4227452442885231,0.5093884370285202,0.19151342039865282,1.2118,0.9205919154561157,3.3021041197881185,0.30287885665893555,5.012204885482788,1
kdl_random_restarts_1773542863,kdl_random_restarts,290,0.5088575454557692,0.19118625800350375,1.2114204470819585,-0.5586446813091279,0.46731642313932775,1.1383,1.1050590355394672,0.0,2.606748580932617,0.0,0
kdl_random_restarts_1773542863,kdl_random_restarts,291,0.5088576163397875,0.19118609035960812,1.2114203736334925,0.7637687996193596,-0.5659328020914862,1.0018,0.8259233800478155,0.0,2.0558056831359863,0.0,0
kdl_random_restarts_1773542863,kdl_random_restarts,292,0.5088564024311362,0.19117855920814839,1.211417645380501,-0.5543738860322531,0.3808866911395915,1.3856,1.093977748534061,4.039649010836449,82.70757484436035,15.028757810592651,1
kdl_random_restarts_1773542863,kdl_random_restarts,293,-0.5554675718423939,0.3800591369696328,1.385434394814546,-0.8603432022572358,-0.3486096050176698,1.3186,0.7927005247257201,0.8203022068283818,0.25136899948120117,2.9064085483551025,1
kdl_random_restarts_1773542863,kdl_random_restarts,294,-0.860734985635618,-0.3480409206919378,1.3184132657410055,0.3792544105470368,-0.3860298796178444,1.131,1.254647598260726,0.0,2.3052685260772705,0.0,0
kdl_random_restarts_1773542863,kdl_random_restarts,295,-0.8607349856356112,-0.3480409206920356,1.3184132657409853,0.6726535731895666,-0.5960086022517591,1.3706,1.5541852845354962,2.714151317336297,0.4538419246673584,9.920455932617188,1
kdl_random_restarts_1773542863,kdl_random_restarts,296,0.6717292806150745,-0.5964512371358228,1.3710481908608263,1.0356501516485273,-0.2732676438628453,1.2758,0.4959417840803905,0.5021176465027704,0.2012019157409668,2.9062650203704834,1
kdl_random_restarts_1773542863,kdl_random_restarts,297,1.035320586596371,-0.2738766931482504,1.2755183738012037,-0.6698257191224737,0.544751941462884,1.2138,1.8924814194534592,2.28244001670636,0.15117383003234863,3.5074594020843506,1
kdl_random_restarts_1773542863,kdl_random_restarts,298,-0.6692834238582149,0.5450162575860196,1.2138175063773553,-0.2764902103114102,0.23002844979861703,1.0048,0.5451533230526502,0.0,2.106722831726074,0.0,0
kdl_random_restarts_1773542863,kdl_random_restarts,299,-0.6692881393523785,0.5450167539108619,1.213823355930082,-0.18745978111923978,0.11013792141251366,1.0376,0.6725569395434328,0.0,2.765047550201416,0.0,0
kdl_random_restarts_1773542863,kdl_random_restarts,300,-0.6692835979362692,0.5450063222033259,1.2138062910417928,1.0564551369096007,0.5882381731625402,1.4416,1.7412447121888757,1.8310621341949005,0.20144963264465332,2.8058204650878906,1
kdl_random_restarts_1773542863,kdl_random_restarts,301,1.055325455241504,0.5887460267583279,1.4421006317290166,0.6298776543313227,-0.7092175767856067,1.452,1.3659477826462585,3.148815832486095,1.304581880569458,6.615492105484009,1
kdl_random_restarts_1773542863,kdl_random_restarts,302,0.6299657197125512,-0.7093068559129521,1.4516497399897097,0.09549080338204752,0.31553979206790805,1.2728,1.1695987848653449,1.2170626747705788,0.35314512252807617,2.710923910140991,1
kdl_random_restarts_1773542863,kdl_random_restarts,303,0.09564182270074939,0.31491174563486274,1.2718616776779577,-0.33067194742973827,0.6270490632166953,1.4173,0.548019562816787,0.5505527445632357,0.30393218994140625,1.5099501609802246,1
kdl_random_restarts_1773542863,kdl_random_restarts,304,-0.32969329112651524,0.6266271361927152,1.4165263886247867,-0.5486975863981116,0.34906831998240306,1.2913,0.3750778935254443,4.742869501529619,1.3651747703552246,14.033085823059082,1
kdl_random_restarts_1773542863,kdl_random_restarts,305,-0.5486753703222932,0.34830891958775123,1.2909531541636803,-0.7097207675893997,0.19200604105065588,1.074,0.31214560852504675,0.0,2.8574318885803223,0.0,0
kdl_random_restarts_1773542863,kdl_random_restarts,306,-0.5486753703327311,0.34830891956976084,1.2909531541735688,1.0116115803803134,-0.535446456693043,1.0637,1.8075295100552733,3.054015578551862,0.2518889904022217,6.118422985076904,1
kdl_random_restarts_1773542863,kdl_random_restarts,307,1.0106187067254813,-0.5349517287620542,1.0626598860297123,-0.041100457852425554,0.1343346520904536,1.1541,1.2499675016487417,2.708042178564722,40.45004987716675,6.614862442016602,1
kdl_random_restarts_1773542863,kdl_random_restarts,308,-0.04098409066862385,0.13445364028958698,1.1546135302126053,1.0772436982563796,-0.18057507532313088,1.4495,1.1985968920568637,3.177155724925273,0.5519933700561523,7.321558952331543,1
kdl_random_restarts_1773542863,kdl_random_restarts,309,1.0765368017413282,-0.1810122860303595,1.4494659095532032,-0.4506264766222849,-0.7002217701166814,1.3981,1.6138291804933107,2.722871884294594,20.595715761184692,9.822678089141846,1
kdl_random_restarts_1773542863,kdl_random_restarts,310,-0.4516306179065888,-0.7001558866455628,1.3981051618097315,0.8401580511821607,-0.09280958820580043,1.4304,1.427806166252373,1.5951637510666306,3.528677225112915,4.013436555862427,1
kdl_random_restarts_1773542863,kdl_random_restarts,311,0.8396841541080369,-0.09330098939145208,1.4309342376762961,0.8486111188880205,0.32404407573585325,1.4495,0.4178531818916282,0.6106851181077262,0.8057637214660645,4.521108627319336,1
kdl_random_restarts_1773542863,kdl_random_restarts,312,0.8476319823368005,0.3244189338531083,1.4497768961967465,0.6353495500490238,0.11742672192156478,1.105,0.4547314757187913,0.0,2.0048463344573975,0.0,0
kdl_random_restarts_1773542863,kdl_random_restarts,313,0.8476319823363225,0.3244189338561102,1.4497768961970328,0.9521204343706913,0.10427753215149416,1.1248,0.40618968034019365,0.6393709795450948,1.2554354667663574,4.910265207290649,1
kdl_random_restarts_1773542863,kdl_random_restarts,314,0.9526894177253884,0.10462839175880063,1.1247051807417758,-0.6404951694765342,-0.5709947215136957,1.0514,1.7320731421072741,2.5354563989294476,20.887709140777588,5.619570255279541,1
kdl_random_restarts_1773542863,kdl_random_restarts,315,-0.6401276950686742,-0.5712053225046727,1.0514516930437277,-0.4755599916799326,-0.06754909277726562,1.3901,0.6288360696924288,3.5937230070528132,21.280437231063843,8.817951202392578,1
kdl_random_restarts_1773542863,kdl_random_restarts,316,-0.475278431282147,-0.0670713263000629,1.3895199108517415,-0.3398550724096364,0.3528462042754966,1.4421,0.4443364540388596,0.5543473404948356,0.10129714012145996,3.807891607284546,1
kdl_random_restarts_1773542863,kdl_random_restarts,317,-0.3401520963745098,0.3522486067563538,1.4422426061836597,-0.8499680899021446,-0.6434579761702761,1.2032,1.1438904292418357,1.179650741228968,0.10338115692138672,2.6058435440063477,1
kdl_random_restarts_1773542863,kdl_random_restarts,318,-0.850233170040687,-0.6435058634176983,1.2036601052146456,0.31624072637246003,-0.3422556168534173,1.3103,1.2094565429266737,1.2105159194484874,0.10163712501525879,3.307236671447754,1
kdl_random_restarts_1773542863,kdl_random_restarts,319,0.3155681618650168,-0.34279243536330517,1.3109882369584334,0.6726646599866193,-0.6885637339713573,1.0773,0.5492594032008477,0.5700909267987274,0.20128560066223145,2.0072021484375,1
kdl_random_restarts_1773542863,kdl_random_restarts,320,0.6724943897854505,-0.6881991878536166,1.0767226983567855,-0.39326677856047054,0.6126744031490593,1.4649,1.725920214040402,5.274195648939765,0.5025146007537842,13.23004961013794,1
kdl_random_restarts_1773542863,kdl_random_restarts,321,-0.39233315369729516,0.6128959010743377,1.4647801777150566,0.3521846654185121,0.22218686952759892,1.4323,0.8414364457625721,0.0,22.15456771850586,0.0,0
kdl_random_restarts_1773542863,kdl_random_restarts,322,-0.392332155545572,0.612890319207554,1.464755897040043,-0.22595368706040808,-0.03166420198940645,1.4881,0.6660910393586725,0.6785449546294179,0.7020440101623535,2.807016134262085,1
kdl_random_restarts_1773542863,kdl_random_restarts,323,-0.22671310067655326,-0.03084626113905689,1.4875738763382071,-0.8071914383755114,-0.6350331449090014,1.4054,0.8418725776563988,4.810421645778742,0.15133070945739746,6.416388034820557,1
kdl_random_restarts_1773542863,kdl_random_restarts,324,-0.8060265195572273,-0.6353572357064357,1.4049483919031345,0.2518659612544083,0.20432486759460322,1.4407,1.3511035167755894,1.559874955098102,0.3034961223602295,4.913457870483398,1
kdl_random_restarts_1773542863,kdl_random_restarts,325,0.25119788284671407,0.2042061018159511,1.4405500368958446,-0.5410495219625238,-0.599323787380534,1.0124,1.2069087319897065,0.0,5.368002653121948,0.0,0
kdl_random_restarts_1773542863,kdl_random_restarts,326,0.2511978828492514,0.20420610183013443,1.4405500368944881,-0.8103962609555775,0.5433556263388298,1.3683,1.1167920997063137,1.1171693098942623,0.2529263496398926,3.3090872764587402,1
kdl_random_restarts_1773542863,kdl_random_restarts,327,-0.8102243516075976,0.5433443579668596,1.3682987909295952,0.5323579495517163,0.45371157602712164,1.1661,1.3606783683287855,1.3640658280669975,0.20207500457763672,3.207507848739624,1
kdl_random_restarts_1773542863,kdl_random_restarts,328,0.5313043233778465,0.45393453721902177,1.1667742211552437,-0.20020971838015844,0.3765697062877079,1.4654,0.7938989017153257,3.2534414555556763,44.03037118911743,6.335951089859009,1
kdl_random_restarts_1773542863,kdl_random_restarts,329,-0.19970931033366202,0.3764639370472475,1.4649757296692372,0.21232808953670523,0.37996713592846654,1.4011,0.4169738602539873,3.5198913922345794,21.012467622756958,8.216298818588257,1
kdl_random_restarts_1773542863,kdl_random_restarts,330,0.21181674852324928,0.3802534268905911,1.4017056419742224,0.17033007397537636,0.2622040028918261,1.432,0.1287422184043576,3.73092078116118,0.2015371322631836,9.043415784835815,1
kdl_random_restarts_1773542863,kdl_random_restarts,331,0.16997372969090807,0.2616092136084307,1.4325439445621906,-0.38324139019188974,-0.5237856095244792,1.4054,0.9610560809845117,1.027907630179076,0.4532589912414551,6.715882778167725,1
kdl_random_restarts_1773542863,kdl_random_restarts,332,-0.38183852304955346,-0.5245498601685237,1.4053728684520013,1.0611649370335183,-0.28010518210649915,1.1334,1.4886172871556254,0.0,2.5071463584899902,0.0,0
kdl_random_restarts_1773542863,kdl_random_restarts,333,-0.3818385230494944,-0.5245498601682063,1.4053728684514906,0.4325588110427365,-0.05847908559338699,1.3937,0.938403559534591,0.0,22.832676649093628,0.0,0
kdl_random_restarts_1773542863,kdl_random_restarts,334,-0.38183852304949306,-0.5245498601682077,1.4053728684514906,-0.42020270268136595,0.6259628006619636,1.054,1.203583850711356,1.5084090546694389,0.6084487438201904,5.128193140029907,1
kdl_random_restarts_1773542863,kdl_random_restarts,335,-0.420198199537269,0.6255931663952912,1.0541381989406406,-0.47750686225843436,0.19163360510059435,1.4361,0.5809475029040778,0.5981833742625452,2.072927474975586,2.81577467918396,1
kdl_random_restarts_1773542863,kdl_random_restarts,336,-0.4781896029412036,0.190950299118386,1.436928822986991,-0.3622725149707745,-0.10735605744017929,1.4293,0.3201275567441156,0.3212364432565062,0.35337352752685547,3.111096143722534,1
kdl_random_restarts_1773542863,kdl_random_restarts,337,-0.3614654048980621,-0.10708240601866956,1.4297813905142531,0.5990443250183624,-0.1583721584683444,1.1112,1.0132638759733157,0.0,2.5071511268615723,0.0,0
kdl_random_restarts_1773542863,kdl_random_restarts,338,-0.36146540489803725,-0.10708240601839067,1.4297813905142802,1.0845214353248667,-0.6878899709992491,1.4083,1.5584212587664605,2.26141318139341,0.30152368545532227,6.816062688827515,1
kdl_random_restarts_1773542863,kdl_random_restarts,339,1.0839922440424052,-0.6881465448825922,1.4081574402656298,-0.0036642391662317086,0.2535040254103976,1.2302,1.449610731384391,1.4615123441889788,0.15130615234375,3.707507371902466,1
kdl_random_restarts_1773542863,kdl_random_restarts,340,-0.003086065104611402,0.2535329214842325,1.2294967534745818,0.9121910944703144,-0.16355544647587217,1.1526,1.008765629976606,1.010101174636236,0.2013993263244629,2.9068140983581543,1
kdl_random_restarts_1773542863,kdl_random_restarts,341,0.9129790317441167,-0.16417296033441356,1.1531326967130515,0.9353041510122815,-0.4535501523062141,1.3977,0.3795401639100562,0.3825446834906879,0.15155434608459473,1.6062369346618652,1
kdl_random_restarts_1773542863,kdl_random_restarts,342,0.9347980622901082,-0.4534799807067881,1.3972852092582282,0.5800300104270868,-0.5622260006351449,1.1138,0.4669581687272678,0.0,2.004445791244507,0.0,0
kdl_random_restarts_1773542863,kdl_random_restarts,343,0.9347905495267685,-0.45348513140573016,1.3973107360895,-0.5168680782191803,-0.4166154715545921,1.0118,1.502428258176429,0.0,3.4606409072875977,0.0,0
kdl_random_restarts_1773542863,kdl_random_restarts,344,0.934790549526489,-0.45348513140646185,1.3973107360904762,0.8203912550585057,-0.06661022524040017,1.0966,0.5031762498328467,0.0,9.105173349380493,0.0,0
kdl_random_restarts_1773542863,kdl_random_restarts,345,0.9347905495258084,-0.4534851314082432,1.3973107360928518,0.00959501541528296,-0.03564095570060566,1.1641,1.041617866081331,1.0423884402806702,0.5549652576446533,3.1268205642700195,1
kdl_random_restarts_1773542863,kdl_random_restarts,346,0.009323058396891293,-0.035029154925428255,1.1644818959326229,-0.5488956845364849,-0.2056539686404807,1.4322,0.6421790834828287,9.708300962093109,23.26648712158203,20.27167820930481,1
kdl_random_restarts_1773542863,kdl_random_restarts,347,-0.5495469470378302,-0.20601214478761226,1.4322901611927583,0.4286520691208411,-0.2961888517552692,1.4834,0.9836754390123936,5.784795675139112,21.008844137191772,17.044821977615356,1
kdl_random_restarts_1773542863,kdl_random_restarts,348,0.42843615407391,-0.29570504847618095,1.483203309533115,1.0491853113456757,-0.11949317013887961,1.1396,0.7310563430016026,0.7317877646393309,0.15137958526611328,2.4060957431793213,1
kdl_random_restarts_1773542863,kdl_random_restarts,349,1.04992160531345,-0.11979568859224857,1.139980272232692,-0.5365398321164943,-0.028830594684031707,1.3207,1.5993105266852667,2.9571251709734,0.5519053936004639,9.51899266242981,1
kdl_random_restarts_1773542863,kdl_random_restarts,350,-0.5354234676273459,-0.02943447686830114,1.3201224070563695,-0.018980928102300676,-0.4012665894645965,1.1998,0.6476492092396475,1.4188782210821578,20.67297863960266,7.524566173553467,1
kdl_random_restarts_1773542863,kdl_random_restarts,351,-0.0197998822172768,-0.4009826452768642,1.1993246450739412,-0.5419229385403174,-0.5126911968198515,1.4906,0.6082208635185468,4.938681851482773,0.7584173679351807,8.42694091796875,1
kdl_random_restarts_1773542863,kdl_random_restarts,352,-0.5415364853627773,-0.5131093842324308,1.4905339385612264,0.44266057374641776,-0.09085717671975568,1.2681,1.0938087743899183,5.4059226908916225,20.57843565940857,9.221619844436646,1
kdl_random_restarts_1773542863,kdl_random_restarts,353,0.4432101328661099,-0.09071260381960974,1.2674320081525703,0.2871723502343628,0.45000473942521746,1.4696,0.5979924178633029,4.726511631892979,104.01145362854004,11.923994779586792,1
kdl_random_restarts_1773542863,kdl_random_restarts,354,0.28584053920200636,0.449668183214463,1.4691097585951467,-0.3383562699733266,-0.6645626597332814,1.0577,1.3417861295407794,0.0,2.456406354904175,0.0,0
kdl_random_restarts_1773542863,kdl_random_restarts,355,0.28584053974914597,0.44966818628033334,1.4691097589325683,-0.7950211023950139,-0.5752209781502231,1.4852,1.4896034991511475,5.64237274856433,40.413774728775024,13.234928607940674,1
kdl_random_restarts_1773542863,kdl_random_restarts,356,-0.7955887698748892,-0.5752485236869529,1.48540191034383,-0.24637859993608047,-0.046059372862148784,1.0893,0.8594007746639074,0.0,4.319351673126221,0.0,0
kdl_random_restarts_1773542863,kdl_random_restarts,357,-0.7955887698364766,-0.5752485238820485,1.4854019098136724,1.0825009037044344,0.5830730889031267,1.4813,2.2065689670097273,5.045425253241427,41.19638180732727,9.618589878082275,1
kdl_random_restarts_1773542863,kdl_random_restarts,358,1.0819017447698922,0.5829032854220523,1.4800096665554578,0.3937357167503217,0.4495197366705105,1.1327,0.7822964001455269,0.0,2.6079459190368652,0.0,0
kdl_random_restarts_1773542863,kdl_random_restarts,359,1.0819116099169717,0.5829042596411045,1.4800039315022764,0.09589392206921576,0.1732714898683474,1.0542,1.149495052143823,0.0,4.0071189403533936,0.0,0
kdl_random_restarts_1773542863,kdl_random_restarts,360,1.0819017960381476,0.5829030766766907,1.4800096844308612,-0.2626828557662596,0.22523136800015264,1.2173,1.4159284287524336,1.419267060114304,0.15135812759399414,3.7092320919036865,1
kdl_random_restarts_1773542863,kdl_random_restarts,361,-0.26263515705041496,0.22554922830572297,1.2178618183871928,1.04936567538461,-0.6139804165053391,1.3643,1.5644808563420811,1.5898816456062115,0.20134949684143066,4.9120142459869385,1
kdl_random_restarts_1773542863,kdl_random_restarts,362,1.0494657634064017,-0.6139260549380874,1.3644938313750512,0.8476579481762156,-0.4995961892992917,1.1568,0.3113429621112611,0.0,6.967151165008545,0.0,0
kdl_random_restarts_1773542863,kdl_random_restarts,363,1.0494657634018805,-0.613926054957364,1.3644938313724069,0.999225382997514,0.1957827908699734,1.3031,0.8135857135943316,6.615822423922731,1.6600263118743896,9.92641568183899,1
kdl_random_restarts_1773542863,kdl_random_restarts,364,0.9996211581589853,0.19532337731420435,1.3026123519704678,0.8491696792368195,0.04101779188175203,1.2557,0.22055981042093728,0.22070403781366466,0.3013443946838379,3.013641357421875,1
kdl_random_restarts_1773542863,kdl_random_restarts,365,0.8492048941471358,0.040686973402113316,1.2564209364774013,0.4936420205445542,0.18652939205793684,1.1926,0.38957422925131796,0.3898163197961414,0.10127043724060059,2.8073761463165283,1
kdl_random_restarts_1773542863,kdl_random_restarts,366,0.49314132467264393,0.18578608801548205,1.1924967061089262,-0.09236074799345795,0.15179411045501023,1.2883,0.5942612243409058,0.5938241871120945,0.10126543045043945,2.105499029159546,1
kdl_random_restarts_1773542863,kdl_random_restarts,367,-0.09190723723370231,0.15152171580105353,1.287669452531329,1.1078380044774612,-0.676756658605596,1.1274,1.46666969967099,1.4698760352185571,0.2017502784729004,4.209151268005371,1
kdl_random_restarts_1773542863,kdl_random_restarts,368,1.1077653452859058,-0.6768704039232084,1.1267676391722166,0.8528333385684477,0.3319976550960678,1.3544,1.0651861716405926,1.1575818831884932,0.10134339332580566,2.5070371627807617,1
kdl_random_restarts_1773542863,kdl_random_restarts,369,0.8524022710171941,0.33149318096237057,1.3544852619670233,0.8682178424992715,-0.18771119805148062,1.0008,0.6284238888052758,0.0,2.2053885459899902,0.0,0
kdl_random_restarts_1773542863,kdl_random_restarts,370,0.8524022710171569,0.33149318095227714,1.3544852619653587,0.7281506569275744,0.30437977518307,1.4628,0.16704994119060687,1.1916216532366162,0.6542198657989502,6.112990856170654,1
kdl_random_restarts_1773542863,kdl_random_restarts,371,0.7271802542683785,0.3047988367239692,1.4628569564824048,0.7479474164588928,-0.577832757920784,1.2692,0.9038654898183772,0.9629160993146803,0.10117149353027344,2.605757236480713,1
kdl_random_restarts_1773542863,kdl_random_restarts,372,0.7480840151081481,-0.5772344150662638,1.2687040499036502,-0.22967088513766432,-0.23948185108669928,1.3597,1.0384419590730172,3.8578745290570597,40.81804370880127,10.619432210922241,1
kdl_random_restarts_1773542863,kdl_random_restarts,373,-0.22914656286000457,-0.23952006876562557,1.35949487028329,-0.10287784328217475,-0.12649496251664283,1.371,0.16985532725297955,0.16981813230216866,0.2022876739501953,2.9093103408813477,1
kdl_random_restarts_1773542863,kdl_random_restarts,374,-0.10312786492396264,-0.12651606884497577,1.3701507300565994,-0.42255159876443377,-0.6424288007421585,1.3353,0.6077927624278529,0.6111755560461366,0.10110211372375488,2.3055741786956787,1
kdl_random_restarts_1773542863,kdl_random_restarts,375,-0.42383747994620335,-0.642594903042763,1.3364868221023345,0.354829865791056,-0.10615918381801348,1.1821,0.9580821504529458,3.2358244490230605,0.2516322135925293,6.62012791633606,1
kdl_random_restarts_1773542863,kdl_random_restarts,376,0.3555885299898972,-0.10594679676057397,1.1814253431657877,0.1558200981399842,-0.08460410013674957,1.035,0.24860273165065716,0.0,13.82699179649353,0.0,0
kdl_random_restarts_1773542863,kdl_random_restarts,377,0.35558848073742055,-0.10594700721871686,1.1814257524674705,-0.11945228356643134,-0.19501749904765864,1.3321,0.5062608113754523,0.5059978454759857,0.30141687393188477,2.905883550643921,1
kdl_random_restarts_1773542863,kdl_random_restarts,378,-0.11913869707791946,-0.19429231914869396,1.3325810758897967,0.3318678939166073,0.3079496013588844,1.1651,0.6954881757563164,0.6993647493882285,0.2017841339111328,2.205566883087158,1
kdl_random_restarts_1773542863,kdl_random_restarts,379,0.3326174110517799,0.30788691098275855,1.165305730959452,1.0208479653826805,-0.7179484314026792,1.157,1.2353414227526078,1.441355532982116,0.30141186714172363,5.711573123931885,1
kdl_random_restarts_1773542863,kdl_random_restarts,380,1.0209310546481525,-0.7175583543152966,1.1573462079678043,0.4102948834544231,0.4908939742572821,1.424,1.3799774667753728,1.4785401964412284,65.88322377204895,7.01850152015686,1
kdl_random_restarts_1773542863,kdl_random_restarts,381,0.41071991086272785,0.4906617389894513,1.4235823244636134,-0.7535500324460904,0.5409151008307768,1.3599,1.1670926868581446,2.2431156638078766,21.428679704666138,7.173879623413086,1
kdl_random_restarts_1773542863,kdl_random_restarts,382,-0.7531033544199366,0.541321310390213,1.3590949114124986,0.08999782670729739,-0.39018899595202206,1.1502,1.2736436457871476,0.0,7.158193349838257,0.0,0
kdl_random_restarts_1773542863,kdl_random_restarts,383,-0.753104221444763,0.5413178307760823,1.3590937383640274,0.7185973295043389,-0.0021924058482002406,1.1546,1.5821272140417377,0.0,3.9670228958129883,0.0,0
kdl_random_restarts_1773542863,kdl_random_restarts,384,-0.7531097888946454,0.5413171820521541,1.3590955827136635,0.5464106363103696,-0.3684146229921246,1.2042,1.5938500350341465,2.8350688061701534,0.201308012008667,6.012366056442261,1
kdl_random_restarts_1773542863,kdl_random_restarts,385,0.5466207588099269,-0.3686009030912985,1.2046034083605317,-0.5139619892222635,0.19285593134788648,1.2012,1.2000338018366201,4.10120148504207,0.6019341945648193,12.02330470085144,1
kdl_random_restarts_1773542863,kdl_random_restarts,386,-0.5148635416031647,0.19349143635642463,1.2022388285225154,0.5323296907338615,-0.596151107667822,1.1478,1.3126738358162156,3.8311439838735275,20.712483644485474,8.234370708465576,1
kdl_random_restarts_1773542863,kdl_random_restarts,387,0.5313500806457241,-0.5964518609928543,1.1477220949548699,1.0355210667208832,-0.07860828140682341,1.0636,0.7276172640736807,5.417315182826908,3.9723973274230957,7.917570114135742,1
kdl_random_restarts_1773542863,kdl_random_restarts,388,1.0351553169405663,-0.07924523505448053,1.0640163657916757,-0.7869563598817484,0.1269499900661868,1.2102,1.8395589386005393,5.240383694253624,64.27059769630432,11.421949863433838,1
kdl_random_restarts_1773542863,kdl_random_restarts,389,-0.7867486255439913,0.12640854483926073,1.21019243071059,0.7506323193838982,0.4718996806407124,1.4702,1.5970310675852661,3.3935988148217766,0.15136957168579102,4.710369825363159,1
kdl_random_restarts_1773542863,kdl_random_restarts,390,0.7512282296696969,0.4721560462516613,1.4708198563994088,0.3379643199026656,-0.17824688248558762,1.3387,0.7818354592117988,0.7879478927470551,0.15145421028137207,2.4082210063934326,1
kdl_random_restarts_1773542863,kdl_random_restarts,391,0.3390621855231891,-0.17742481162863716,1.3388242081496355,-0.17251882622201276,-0.4175398519690616,1.4514,0.5762323082634856,0.582402719124337,0.20206308364868164,3.41049861907959,1
kdl_random_restarts_1773542863,kdl_random_restarts,392,-0.17245129097305356,-0.4181552911508556,1.4512634476575805,0.7574215792941106,-0.1607836394865998,1.3078,0.9754411733944188,0.9759977365880321,0.3020186424255371,2.8063559532165527,1
kdl_random_restarts_1773542863,kdl_random_restarts,393,0.7579179274684953,-0.1609980865176476,1.307795109681995,0.3634891815089678,-0.1222712094150471,1.1505,0.4263983562107108,0.0,2.3547255992889404,0.0,0
kdl_random_restarts_1773542863,kdl_random_restarts,394,0.7579179220365719,-0.16099826077813656,1.307795082841091,0.587483762479369,0.44248318454439606,1.274,0.6279966283482573,0.6444690387681056,0.151045560836792,1.9049019813537598,1
kdl_random_restarts_1773542863,kdl_random_restarts,395,0.5877557666631653,0.44263349392949025,1.2735719775067325,-0.8261483224561612,0.13906884160904753,1.0002,1.4717365625181449,0.0,2.506560802459717,0.0,0
kdl_random_restarts_1773542863,kdl_random_restarts,396,0.5877496994356451,0.4426344489865433,1.2735709209610024,-0.41328085549813676,-0.20589516162582278,1.1435,1.1998213501316377,0.0,2.6659460067749023,0.0,0
kdl_random_restarts_1773542863,kdl_random_restarts,397,0.5877570117204587,0.4426255306252648,1.2735462835661115,1.0847909010659067,-0.5555317799870487,1.2149,1.1166020286846996,1.1748612968044387,21.03612732887268,3.915013313293457,1
kdl_random_restarts_1773542863,kdl_random_restarts,398,1.084932770679017,-0.5553805281040725,1.2149829857003496,-0.024308363217431572,0.24297933001433425,1.29,1.3687300349656812,2.3049741096851823,40.69907879829407,9.51853632926941,1
kdl_random_restarts_1773542863,kdl_random_restarts,399,-0.023717490192696755,0.24371776486330576,1.2904503741980073,-0.6185225183019238,-0.5999533417461554,1.3274,1.0329275058969813,1.792277975414405,0.10111141204833984,5.712926864624023,1
kdl_random_restarts_1773542863,kdl_random_restarts,400,-0.6170109416735454,-0.6002666959611134,1.3274470129712683,-0.3296135588784648,-0.6338777870091323,1.2325,0.3045355420161439,0.30451802204002326,0.35820984840393066,2.8206210136413574,1
kdl_random_restarts_1773542863,kdl_random_restarts,401,-0.33067952164718595,-0.6341204353697095,1.2327721680541535,-0.49271896240745156,-0.2986874736532744,1.2211,0.3727040269098839,4.529682519504189,2.38313889503479,12.229345083236694,1
kdl_random_restarts_1773542863,kdl_random_restarts,402,-0.49208738127466245,-0.29892254500728127,1.2216197318019661,-0.735401943677243,-0.029811847292036453,1.1069,0.38050382490411333,0.0,3.059061050415039,0.0,0
kdl_random_restarts_1773542863,kdl_random_restarts,403,-0.49208738127448903,-0.29892254501051824,1.221619731800867,-0.40978265365352173,-0.0010236293334023872,1.2366,0.3094224306440646,5.858236016371046,25.905234575271606,18.74703288078308,1
kdl_random_restarts_1773542863,kdl_random_restarts,404,-0.41006424631238025,-0.0011855420506010628,1.2363424625635904,0.18332233294474665,-0.2973654232194739,1.4506,0.6969479512847402,1.374366800013222,22.631048440933228,6.329775810241699,1
kdl_random_restarts_1773542863,kdl_random_restarts,405,0.18262460555025384,-0.2968019075452916,1.4506437481172267,1.097384213940354,0.16636704685304626,1.398,1.0266849495713322,5.597613769419332,30.615373134613037,13.330566167831421,1
kdl_random_restarts_1773542863,kdl_random_restarts,406,1.0977907014507933,0.1666419333125726,1.3981877772177076,0.0490375235463294,-0.6603644212665211,1.0848,1.3718726754288713,1.9461409698819057,0.2514519691467285,3.508366107940674,1
kdl_random_restarts_1773542863,kdl_random_restarts,407,0.04776130739635842,-0.660388331671846,1.0857858007249785,-0.5255495682471185,0.20506671998759485,1.0424,1.0390284569146715,0.0,2.2053656578063965,0.0,0
kdl_random_restarts_1773542863,kdl_random_restarts,408,0.04776131912460535,-0.6603884002839,1.0857857591785738,-0.6813872768002017,-0.12419033358125353,1.2577,0.9212603040791352,1.0553586307886649,0.20215439796447754,4.4094648361206055,1
kdl_random_restarts_1773542863,kdl_random_restarts,409,-0.6818580141678912,-0.1248383625260654,1.2575921915450392,0.4448550379336662,0.3499482461250879,1.3165,1.224081188249961,1.2673489659195698,20.475202322006226,2.54372501373291,1
kdl_random_restarts_1773542863,kdl_random_restarts,410,0.44409963586170353,0.3496468204055836,1.3160259315711795,-0.0815558548659513,-0.5335803976840064,1.1676,1.038476899535652,3.6943617979207386,42.40138792991638,16.937366008758545,1
kdl_random_restarts_1773542863,kdl_random_restarts,411,-0.0818227731636113,-0.5335204989439538,1.1673640972123307,0.19719503221606915,0.41395374647320293,1.4092,1.0168790416390883,0.0,125.9312014579773,0.0,0
kdl_random_restarts_1773542863,kdl_random_restarts,412,-0.08183674952150644,-0.5335022329557075,1.1673676548843945,-0.6963553755460551,0.2947415577626141,1.3756,1.0521319442669244,0.0,3.771860361099243,0.0,0
kdl_random_restarts_1773542863,kdl_random_restarts,413,-0.08182277108524488,-0.5335205017072693,1.167364095404699,0.6769796697627048,0.2308152146988497,1.3364,1.0902125337076312,6.864206113951043,61.35784149169922,17.23268175125122,1
kdl_random_restarts_1773542863,kdl_random_restarts,414,0.6774308267971445,0.23086572541694744,1.336580186022583,-0.35151088643670947,-0.24817257613413274,1.1123,1.1569357568283065,0.0,2.8555898666381836,0.0,0
kdl_random_restarts_1773542863,kdl_random_restarts,415,0.6774303524912781,0.23087099168383626,1.3365775602152261,0.2246360410919297,-0.3232095971558756,1.0996,0.7537813684418933,0.0,2.305020332336426,0.0,0
kdl_random_restarts_1773542863,kdl_random_restarts,416,0.6774303524912785,0.23087099168383507,1.336577560215226,0.3173779687207434,-0.03445646634501198,1.0122,0.5525008421840429,0.0,2.7065789699554443,0.0,0
kdl_random_restarts_1773542863,kdl_random_restarts,417,0.6774303524912788,0.2308709916838353,1.3365775602152272,1.0934571853798056,0.4268578919417617,1.1224,0.50730781391155,0.0,2.1545112133026123,0.0,0
kdl_random_restarts_1773542863,kdl_random_restarts,418,0.6774303524912794,0.23087099168383518,1.3365775602152272,-0.6423617993909864,0.3801758994668972,1.2376,1.33189332796748,1.9527852613750796,20.175331830978394,4.108750104904175,1
kdl_random_restarts_1773542863,kdl_random_restarts,419,-0.6429111821219077,0.38012343210806476,1.237205064329812,0.8474883597929666,0.36434149976161156,1.4249,1.5022547230096803,2.4117455684027194,45.74793815612793,8.353535652160645,1
kdl_random_restarts_1773542863,kdl_random_restarts,420,0.8468297406059572,0.3643365848353515,1.4247866143795478,-0.7126179809924182,-0.18930523437666813,1.0364,1.6997766390346605,0.0,6.377495288848877,0.0,0
kdl_random_restarts_1773542863,kdl_random_restarts,421,0.8468297406064333,0.3643365848326088,1.4247866143788213,-0.1870303420021091,0.5974884159815231,1.2072,1.0819290094716345,4.625419927985938,0.803253173828125,19.739961862564087,1
kdl_random_restarts_1773542863,kdl_random_restarts,422,-0.18735422477967578,0.5972582544917072,1.2069133006954589,-0.6103360986256564,0.44140789864258345,1.3149,0.4635343851832839,0.5044846020636261,0.2014753818511963,3.3076536655426025,1
kdl_random_restarts_1773542863,kdl_random_restarts,423,-0.6101888205621405,0.44140653613547,1.3149538490409383,0.32859332262243734,0.30784866644071573,1.0972,0.9729164176288598,0.0,2.6052238941192627,0.0,0
kdl_random_restarts_1773542863,kdl_random_restarts,424,-0.6101888205637553,0.44140653615336856,1.3149538489611108,-0.0828498789552754,-0.5418821347690697,1.3482,1.1162653252072587,1.5343184123779,0.15138936042785645,4.109158515930176,1
kdl_random_restarts_1773542863,kdl_random_restarts,425,-0.08284175329821075,-0.5421456177587753,1.348059473958278,-0.8218408004261168,-0.5572815187012735,1.2472,0.7460035661043685,0.8086883995219961,23.127508401870728,4.9318530559539795,1
kdl_random_restarts_1773542863,kdl_random_restarts,426,-0.8212429787794082,-0.5573733631441606,1.246701827211495,1.0412595234056818,-0.14874791517439856,1.122,1.9108743739670841,2.124412113340722,0.6580147743225098,7.717360258102417,1
kdl_random_restarts_1773542863,kdl_random_restarts,427,1.0417540284561218,-0.1493751182874106,1.1220621327454052,-0.0018878331295721917,-0.5978167238243639,1.328,1.1544256641291306,1.158966346825517,0.10147261619567871,2.706280469894409,1
kdl_random_restarts_1773542863,kdl_random_restarts,428,-0.0027097215735798486,-0.5983233730414343,1.3280852567227919,0.35502332660749825,0.15037630095506282,1.0028,0.8912545280920593,0.0,3.3572208881378174,0.0,0
kdl_random_restarts_1773542863,kdl_random_restarts,429,-0.0027097215757344584,-0.5983233730548292,1.3280852567364052,0.6744694635876478,-0.11123421774095399,1.3755,0.8355092171374768,5.220518088867004,0.6527194976806641,10.621068000793457,1
kdl_random_restarts_1773542863,kdl_random_restarts,430,0.6754475789217899,-0.111475964723573,1.3761210480325747,-0.7584789281052013,0.21197840445165217,1.385,1.469981902025059,2.4533387270079685,0.3558623790740967,5.812531471252441,1
kdl_random_restarts_1773542863,kdl_random_restarts,431,-0.7584879639096451,0.21207428905001346,1.3853541509241343,-0.5910617512619771,-0.5762170932335826,1.0533,0.8716047264729997,2.711954049706792,60.57188940048218,7.5194902420043945,1
kdl_random_restarts_1773542863,kdl_random_restarts,432,-0.5906016469927093,-0.5758102459130214,1.053145755149976,0.4988637792377695,-0.6574110693692938,1.2126,1.1040920548310236,1.1038706299325094,0.2018570899963379,3.312493324279785,1
kdl_random_restarts_1773542863,kdl_random_restarts,433,0.49860316981573727,-0.6572770917026639,1.2123599773121083,0.7402890741609294,0.10231150812940903,1.0879,0.8067696098060047,2.8569750909533034,0.9034841060638428,8.917844295501709,1
kdl_random_restarts_1773542863,kdl_random_restarts,434,0.7409690893281147,0.10249625355783913,1.0878183459179502,0.17159618147289346,-0.15756143053462957,1.479,0.7381318268069851,1.1159167399541854,0.4014930725097656,4.108561992645264,1
kdl_random_restarts_1773542863,kdl_random_restarts,435,0.1723159551891993,-0.15729275299893863,1.4778500343238912,0.018473173963861278,-0.4755886687582688,1.259,0.4157826702109964,0.4210133216959043,0.15126609802246094,3.3079640865325928,1
kdl_random_restarts_1773542863,kdl_random_restarts,436,0.018663393247048132,-0.47630203223655193,1.2599614879858532,0.7671801090135448,0.26498615889136656,1.0251,1.0793263522338798,0.0,2.4064183235168457,0.0,0
kdl_random_restarts_1773542863,kdl_random_restarts,437,0.01869997871415552,-0.47629740241183594,1.259996711704289,-0.04818277560771267,-0.08163313565306529,1.1246,0.4225700602530328,4.278768310683432,44.81585383415222,17.33617401123047,1
kdl_random_restarts_1773542863,kdl_random_restarts,438,-0.04858017775176349,-0.08196661905740438,1.1247971272488795,0.6338944294280715,-0.5546112643283553,1.4242,0.8825002155015015,5.588096785575278,46.13094902038574,14.22831416130066,1
kdl_random_restarts_1773542863,kdl_random_restarts,439,0.6337385893435996,-0.5541844707076942,1.4239553079604106,-0.8489766246558035,-0.41158919725822996,1.2282,1.5023641231173281,2.9445866265655054,0.7022006511688232,6.814076662063599,1
kdl_random_restarts_1773542863,kdl_random_restarts,440,-0.8481509601417913,-0.41201136808304883,1.2276081016202953,1.028880909044288,-0.07268854364517796,1.4007,1.9152935603738062,3.174895446201185,1.2530243396759033,10.219554662704468,1
kdl_random_restarts_1773542863,kdl_random_restarts,441,1.0296289284280822,-0.07237961431472573,1.40039499974779,0.027575877097842483,0.4171466316842324,1.3338,1.117220281409841,1.1194864311847599,0.10119318962097168,2.806652545928955,1
kdl_random_restarts_1773542863,kdl_random_restarts,442,0.028553134522838253,0.417162118560902,1.333110440382769,-0.5756035465765232,-0.2968952764530576,1.4939,0.9490714099439623,6.72107215637375,0.7521872520446777,11.323019742965698,1
kdl_random_restarts_1773542863,kdl_random_restarts,443,-0.5751961234955734,-0.2962849494474371,1.4937204899694276,-0.12798941884108517,-0.2009895932447714,1.2977,0.497492787977448,4.446974635990723,0.20146512985229492,9.82272219657898,1
kdl_random_restarts_1773542863,kdl_random_restarts,444,-0.12773826842589286,-0.20085912483422783,1.29818245989645,0.8951118534795446,0.5696298592563976,1.475,1.2927258367400425,2.81975910438641,2.4243931770324707,7.114983558654785,1
kdl_random_restarts_1773542863,kdl_random_restarts,445,0.8946937296806016,0.5698744445440324,1.4748184113882004,0.49088298746352654,-0.14173330754789149,1.4457,0.8187164284714205,7.553020289670739,0.6021506786346436,12.524489879608154,1
kdl_random_restarts_1773542863,kdl_random_restarts,446,0.49078386316230893,-0.14210882668340272,1.445984739428264,-0.7968389763566719,0.4960209771940721,1.3063,1.443846962069308,2.500335089256553,0.9535026550292969,5.7127697467803955,1
kdl_random_restarts_1773542863,kdl_random_restarts,447,-0.7976742701745424,0.4960720591652471,1.3065311700050395,0.4338394738118614,0.486891775730781,1.3596,1.232690829019337,4.163586317869772,0.7031679153442383,8.919596433639526,1
kdl_random_restarts_1773542863,kdl_random_restarts,448,0.4331704881132996,0.4872723337378006,1.359256439134747,-0.7408956556087125,-0.030707377847289496,1.2524,1.2876927389841908,2.0928529368033093,1.2553064823150635,3.620026111602783,1
kdl_random_restarts_1773542863,kdl_random_restarts,449,-0.7416889219995917,-0.029847813947283794,1.2525810099828338,0.1422238470507209,0.19163296863227752,1.4153,0.9256527372910711,8.35094557162026,1.0568549633026123,10.024770021438599,1
kdl_random_restarts_1773542863,kdl_random_restarts,450,0.1417073653118962,0.19226011274555685,1.415587518005311,0.5467529551402361,-0.6439561223378227,1.2739,0.9398908843131287,9.200473789058185,49.006741523742676,18.040416479110718,1
kdl_random_restarts_1773542863,kdl_random_restarts,451,0.5478912861092851,-0.643404702858404,1.2740702237959232,1.0227857714295696,0.2703364858966756,1.4486,1.044465593017314,2.503030622102612,4.383413791656494,12.128154993057251,1
kdl_random_restarts_1773542863,kdl_random_restarts,452,1.0226405133338496,0.2705556161614594,1.4482211427567482,-0.17988819864372618,0.32137395184294404,1.3718,1.2060257034707556,1.2057308776963451,0.15111708641052246,3.2076308727264404,1
kdl_random_restarts_1773542863,kdl_random_restarts,453,-0.17929091581483814,0.32184988588334196,1.3722424861792284,-0.5279152973678448,-0.6078043772937921,1.2373,1.0020007400360877,1.1036152526942657,0.2514817714691162,2.60593843460083,1
kdl_random_restarts_1773542863,kdl_random_restarts,454,-0.5282268843409743,-0.6080442089682621,1.2369466296848906,-0.347677979059842,-0.7142216235435258,1.1296,0.23536110440938998,0.2352079382657648,0.3521606922149658,2.406970262527466,1
kdl_random_restarts_1773542863,kdl_random_restarts,455,-0.34851506920540926,-0.714396776176969,1.1297004162751212,-0.287428451039753,0.3139126051295956,1.1236,1.030140268934642,0.0,2.405423879623413,0.0,0
kdl_random_restarts_1773542863,kdl_random_restarts,456,-0.3485149300546455,-0.7143968146315952,1.1297005536036502,-0.4653278463284098,-0.5762150614489756,1.3188,0.2617213307096115,0.2655566898298572,0.30211639404296875,2.5073390007019043,1
kdl_random_restarts_1773542863,kdl_random_restarts,457,-0.4658238375454691,-0.5766881469055902,1.3189842826569027,0.403218230518521,-0.01436486891565636,1.3829,1.0370760839773348,0.0,45.25413489341736,0.0,0
kdl_random_restarts_1773542863,kdl_random_restarts,458,-0.4658238375938998,-0.5766881481443753,1.3189842841136619,0.7100515278593669,-0.3406625215728744,1.2606,1.2007496392295056,1.199999960955204,0.40172886848449707,3.307986259460449,1
kdl_random_restarts_1773542863,kdl_random_restarts,459,0.7091456356586573,-0.3405961465155843,1.2599728711010796,0.28136170856676257,0.28485254853617714,1.3134,0.7596312371950594,5.075501278604298,0.6022844314575195,11.723198890686035,1
kdl_random_restarts_1773542863,kdl_random_restarts,460,0.28123211645614166,0.2850200204537449,1.314296124789376,-0.6191142307021915,-0.27822044676355917,1.1373,1.0766573256811924,0.0,3.3102684020996094,0.0,0
kdl_random_restarts_1773542863,kdl_random_restarts,461,0.28123211645611457,0.285020020453843,1.3142961247887168,-0.13536495875404864,-0.1493263628346746,1.0387,0.6619389154204761,0.0,6.666295528411865,0.0,0
kdl_random_restarts_1773542863,kdl_random_restarts,462,0.2812321164561147,0.2850200204538431,1.3142961247887175,0.9961763104100105,-0.41228821394213816,1.1429,1.013291964745313,1.0174485487323361,0.5616054534912109,3.026048183441162,1
kdl_random_restarts_1773542863,kdl_random_restarts,463,0.9950195208234992,-0.4120453964499799,1.1418502223180533,0.884885152214772,0.1443440565882531,1.1359,0.5672161913650396,0.0,2.806400775909424,0.0,0
kdl_random_restarts_1773542863,kdl_random_restarts,464,0.995025310846192,-0.412035963665399,1.141827250492617,0.8342353327923302,0.42011070136044204,1.1599,0.8477311563408221,0.8815057645298482,0.15202927589416504,2.106480360031128,1
kdl_random_restarts_1773542863,kdl_random_restarts,465,0.8348294738434039,0.4196019986993968,1.1599199073505484,0.6234931027751236,-0.11021873074533162,1.2701,0.5809584493764555,0.5887080976893153,0.15129303932189941,3.909104347229004,1
kdl_random_restarts_1773542863,kdl_random_restarts,466,0.6227993488494858,-0.11033782041997123,1.2706284622543444,0.6659188389624542,0.15856636497379228,1.0692,0.33873614622008646,0.0,2.45522141456604,0.0,0
kdl_random_restarts_1773542863,kdl_random_restarts,467,0.6227757460584025,-0.11038065611586392,1.2706400833818616,1.0786154237375754,0.5449712033670414,1.1156,0.8132117183915936,2.5976582302997415,2.8087656497955322,10.31910514831543,1
kdl_random_restarts_1773542863,kdl_random_restarts,468,1.0781247960418363,0.5446699891225505,1.1155536018379046,-0.6119135710130583,0.25449639631979604,1.347,1.7303172631918808,0.0,81.74812459945679,0.0,0
kdl_random_restarts_1773542863,kdl_random_restarts,469,1.0781247950426138,0.544669978162621,1.1155536023229,0.12960003743052506,0.4121259604873889,1.3532,0.9867841419243959,1.3236902457940958,24.78926372528076,4.512509346008301,1
kdl_random_restarts_1773542863,kdl_random_restarts,470,0.12944172580721158,0.4118410435416717,1.352833199262109,0.29706912248928785,-0.04451260853703132,1.0321,0.5824323007808614,0.0,10.069376945495605,0.0,0
kdl_random_restarts_1773542863,kdl_random_restarts,471,0.12945179195200718,0.4118328392027404,1.3528497417299574,0.49237066866327983,0.4569456863927498,1.2038,0.39491911268603863,1.6132515506951377,1.3673419952392578,7.818249940872192,1
kdl_random_restarts_1773542863,kdl_random_restarts,472,0.49244562933654146,0.4570442669740667,1.2041116194980546,-0.5557380195200363,-0.10882003014720865,1.2713,1.1930656490576361,1.200059735830821,0.20284700393676758,2.906303644180298,1
kdl_random_restarts_1773542863,kdl_random_restarts,473,-0.5554581832827256,-0.10865035069872228,1.2712820740534987,0.5668471193539755,0.6197468731540255,1.2079,1.339458470933,6.9438324633706605,0.1510763168334961,9.818812608718872,1
kdl_random_restarts_1773542863,kdl_random_restarts,474,0.5659955110768786,0.6197616922995728,1.2072256758578526,0.7127406599617341,-0.46265503801989294,1.1034,1.0972419458642935,0.0,2.457878589630127,0.0,0
kdl_random_restarts_1773542863,kdl_random_restarts,475,0.565988881651442,0.6197720814071628,1.2072515570638567,0.34788316241567485,-0.48465401463841823,1.2101,1.1257598411814993,5.497115177185796,0.45223045349121094,11.522746801376343,1
kdl_random_restarts_1773542863,kdl_random_restarts,476,0.348188620531651,-0.484932376152722,1.210252458852676,0.22547695100965703,-0.7358145109920379,1.4524,0.3696423015593625,0.37605518583022485,0.20343828201293945,2.7090418338775635,1
kdl_random_restarts_1773542863,kdl_random_restarts,477,0.22694292443993697,-0.7354453270357977,1.451880072351824,0.6050443573733022,-0.4647917103329638,1.292,0.49170693645281544,6.0958187590777175,0.20269775390625,7.715307712554932,1
kdl_random_restarts_1773542863,kdl_random_restarts,478,0.6054405218690502,-0.4655211230395988,1.292563678244015,-0.22502153641792721,-0.538427818843221,1.3478,0.8354840918822904,0.836462282629935,0.20128607749938965,3.508025646209717,1
kdl_random_restarts_1773542863,kdl_random_restarts,479,-0.2255099919191772,-0.5387990442504904,1.3473520637600402,1.1017346571772042,-0.2369427050835904,1.4284,1.3635484501912558,1.3628349367912962,0.3012878894805908,3.5140035152435303,1
kdl_random_restarts_1773542863,kdl_random_restarts,480,1.1007104783741197,-0.23693997642481943,1.4278775401040402,0.8834400368817776,0.07184291517264152,1.3828,0.3802437422383147,5.994676536906127,1.6161611080169678,10.833468198776245,1
kdl_random_restarts_1773542863,kdl_random_restarts,481,0.883162473194437,0.07270761276234732,1.3826188310359608,0.5057151663566712,-0.7385781058077211,1.1902,0.9152464111549853,0.9648379330453267,0.15113115310668945,2.206157922744751,1
kdl_random_restarts_1773542863,kdl_random_restarts,482,0.507256501176701,-0.7385802597265376,1.1912208567264844,0.701099110591181,-0.6152308608830164,1.0029,0.2970770548155307,0.0,13.423760652542114,0.0,0
kdl_random_restarts_1773542863,kdl_random_restarts,483,0.5072503258053735,-0.7385901718827468,1.191246405000708,0.40008919234416074,-0.6538911611804015,1.1759,0.13745160270107304,0.1379109288019861,0.15146541595458984,2.2049944400787354,1
kdl_random_restarts_1773542863,kdl_random_restarts,484,0.3997927273531571,-0.6535447504375126,1.1764623325437187,0.23822830713285081,0.08619205390352902,1.3767,0.7832041400849159,0.8093368578823772,0.15118932723999023,2.2061197757720947,1
kdl_random_restarts_1773542863,kdl_random_restarts,485,0.23844591265144843,0.08556873866799389,1.3763689849873315,-0.3382153327058792,0.3906178895874054,1.4267,0.6543136766459366,2.276180429579104,0.6521680355072021,8.517070055007935,1
kdl_random_restarts_1773542863,kdl_random_restarts,486,-0.3375730927550049,0.38990812867623925,1.4259180410794086,-0.7569520582384333,-0.28375655011161244,1.4767,0.7951613820402137,0.0,86.21603178977966,0.0,0
kdl_random_restarts_1773542863,kdl_random_restarts,487,-0.3375730927536006,0.3899081286657849,1.4259180410258294,0.6900348599807096,-0.03227231644922868,1.2095,1.1318353242595713,1.1323857825966388,0.3016211986541748,3.0077292919158936,1
kdl_random_restarts_1773542863,kdl_random_restarts,488,0.6896564605665039,-0.03177038781881633,1.2097046749300355,-0.22252196234634447,-0.14665739087709528,1.3738,0.9339142221902937,2.6391798697438826,0.20204615592956543,5.413352966308594,1
kdl_random_restarts_1773542863,kdl_random_restarts,489,-0.2228309600847289,-0.14671313480463738,1.3739715310913725,0.31268253283433034,0.26780111896464687,1.2731,0.6846691416012523,2.092638090510813,0.25397515296936035,4.015643119812012,1
kdl_random_restarts_1773542863,kdl_random_restarts,490,0.3134630195986937,0.2678806734381605,1.2731465945378313,0.4005642254787496,-0.16420517477394503,1.3016,0.44169491345648204,3.536668348235062,1.3166160583496094,9.623302459716797,1
kdl_random_restarts_1773542863,kdl_random_restarts,491,0.3997146920293887,-0.16439780874254148,1.301586515466545,-0.6384576695898463,-0.17979068155729994,1.1103,1.0557600693163591,0.0,2.4578380584716797,0.0,0
kdl_random_restarts_1773542863,kdl_random_restarts,492,0.39971194955629696,-0.1643978014989948,1.3015739159304056,0.2604508415722837,0.06459510182466044,1.1097,0.3296164522350186,0.0,2.355454683303833,0.0,0
kdl_random_restarts_1773542863,kdl_random_restarts,493,0.3997146920304817,-0.1643978087420236,1.3015865154689328,-0.20999862571349048,-0.7070057224769429,1.2179,0.8204737111897343,0.8489686290518101,0.4017353057861328,2.4082350730895996,1
kdl_random_restarts_1773542863,kdl_random_restarts,494,-0.20973505759938782,-0.7069968384192018,1.217673411509462,-0.33177365463388575,-0.0311597751878675,1.0145,0.7161903310906231,0.0,4.462628126144409,0.0,0
kdl_random_restarts_1773542863,kdl_random_restarts,495,-0.2097350580602076,-0.7069968379715266,1.217673410438695,-0.35907382392803644,-0.15265153929670316,1.1681,0.5762450001313059,3.705680856669529,0.4022490978240967,10.22008228302002,1
kdl_random_restarts_1773542863,kdl_random_restarts,496,-0.3590383833929557,-0.15304017434153805,1.1673639732016765,-0.5041469898286783,0.3598319076593063,1.3396,0.5601424185730546,0.5748349643826425,0.15154409408569336,2.606177806854248,1
kdl_random_restarts_1773542863,kdl_random_restarts,497,-0.5045932116306964,0.36045334469713286,1.3396366021954722,-0.6084426946715995,-0.6322535200977107,1.2022,1.0075417877992492,1.1084348361036074,0.1512444019317627,2.6068034172058105,1
kdl_random_restarts_1773542863,kdl_random_restarts,498,-0.6074257920532284,-0.6321445198513306,1.2016791812093621,-0.007161907416714075,0.2593443061683932,1.0825,1.081329152178317,0.0,4.011894464492798,0.0,0
kdl_random_restarts_1773542863,kdl_random_restarts,499,-0.6074215006944617,-0.6321370786943796,1.2016657709897256,0.336466246264685,-0.5570234909504601,1.2337,0.9474134903787577,1.0302394607499954,20.239453315734863,3.6081249713897705,1
kdl_random_restarts_1773542863,kdl_random_restarts,500,0.3358747959104801,-0.5567564601108144,1.2335083482340128,1.0230101789874138,-0.6482516855262773,1.0638,0.7136717273441815,4.018259591139969,23.7732412815094,17.737058639526367,1
kdl_random_restarts_1773542863,kdl_random_restarts,501,1.0223818250193577,-0.6488178899791293,1.0643818912349372,-0.3542993348354344,-0.4036511300750722,1.3111,1.4199392878759283,4.259931046152782,86.77199649810791,12.253814935684204,1
kdl_random_restarts_1773542863,kdl_random_restarts,502,-0.3542666458821607,-0.4039580364957877,1.3111000653077203,-0.3339956428130534,0.30041321256228215,1.0135,0.7649284730850412,0.0,2.60752534866333,0.0,0
kdl_random_restarts_1773542863,kdl_random_restarts,503,-0.35427442494744554,-0.40396108735809017,1.3110995826502574,-0.7434442757073885,-0.07307717989276985,1.197,0.5234081081918752,10.046687739913931,30.77488923072815,19.740679025650024,1
kdl_random_restarts_1773542863,kdl_random_restarts,504,-0.7433071179046161,-0.07297250981624331,1.196620236799099,0.9235590325286225,-0.5516768600844242,1.2822,1.7363537987101958,2.692898565189137,0.7029199600219727,8.517113447189331,1
kdl_random_restarts_1773542863,kdl_random_restarts,505,0.9230884855168014,-0.5512231477921508,1.2824718546843137,-0.18456552735497378,0.4933710169743125,1.0136,1.5460809990218736,0.0,3.1092567443847656,0.0,0
kdl_random_restarts_1773542863,kdl_random_restarts,506,0.9230884854972282,-0.5512231478302532,1.282471854674847,1.036447768611257,0.026671084076570928,1.3214,0.5901927404143167,0.6007735397393732,0.15122199058532715,3.5069634914398193,1
kdl_random_restarts_1773542863,kdl_random_restarts,507,1.0359254036075538,0.026584300390423754,1.3206933937781127,-0.04295164159501208,-0.3855431952181417,1.0678,1.1822773870451129,0.0,3.8597562313079834,0.0,0
kdl_random_restarts_1773542863,kdl_random_restarts,508,1.03592540360758,0.026584300390844834,1.320693393778088,-0.36455741623550086,0.15583590242537837,1.2308,1.4093044126621697,2.4100982975802436,20.74668550491333,7.520180940628052,1
kdl_random_restarts_1773542863,kdl_random_restarts,509,-0.36415905336667037,0.15605998514745195,1.230895692726564,0.046514188616282315,0.5925353229137321,1.0251,0.633652191114166,0.0,3.908599853515625,0.0,0
kdl_random_restarts_1773542863,kdl_random_restarts,510,-0.36415905335919196,0.1560599851626198,1.2308956927154044,-0.646862154352116,-0.5351868573181999,1.1896,0.7479629501436309,3.6056993940740143,22.321779489517212,10.629192590713501,1
kdl_random_restarts_1773542863,kdl_random_restarts,511,-0.6477235704262434,-0.5352014521620785,1.1892125035042362,0.8129210266411351,0.028120111100189304,1.1058,1.567728123214996,0.0,2.304893732070923,0.0,0
kdl_random_restarts_1773542863,kdl_random_restarts,512,-0.6477235703187354,-0.5352014522192884,1.189212503560504,0.83179687221858,0.2501468526084567,1.1634,1.675236993718109,3.422596508780021,0.9022688865661621,10.720977544784546,1
kdl_random_restarts_1773542863,kdl_random_restarts,513,0.8335913563525896,0.2500992506674564,1.1639047102849431,0.2042927467731246,-0.6307093749439266,1.3806,1.103991586722813,6.5172034109823,0.2532808780670166,8.717005491256714,1
kdl_random_restarts_1773542863,kdl_random_restarts,514,0.20516927673041008,-0.6306468461835304,1.380904688313197,-0.5444348613963874,0.556389253978388,1.1896,1.4168833934925782,2.1943078090455277,0.4524080753326416,9.118844509124756,1
kdl_random_restarts_1773542863,kdl_random_restarts,515,-0.5449835553069549,0.5564388586004297,1.1900082428011078,0.04326980190320351,-0.17723414586288522,1.376,0.9585984683344644,0.9719375236898152,0.30211329460144043,2.8073506355285645,1
kdl_random_restarts_1773542863,kdl_random_restarts,516,0.042555841892558455,-0.1777461938582414,1.3763770474014263,-0.7495747041421027,-0.0388213605895642,1.416,0.8051961808357818,0.8061590096691877,0.2517220973968506,2.606407880783081,1
kdl_random_restarts_1773542863,kdl_random_restarts,517,-0.750399997287755,-0.0381321614418393,1.4156899017514217,-0.77002206328744,0.33734624595366147,1.1261,0.4745854729032018,0.0,2.758734941482544,0.0,0
kdl_random_restarts_1773542863,kdl_random_restarts,518,-0.7503999972876962,-0.038132161442152035,1.4156899017514109,-0.5465520074971895,-0.2892845008665623,1.041,0.49499901314494227,0.0,2.8562917709350586,0.0,0
kdl_random_restarts_1773542863,kdl_random_restarts,519,-0.7503999972876952,-0.03813216144215363,1.4156899017514113,-0.46692531463328774,0.4631385273809042,1.0097,0.7045977572369078,0.0,8.402939796447754,0.0,0
kdl_random_restarts_1773542863,kdl_random_restarts,520,-0.7503999972876961,-0.038132161442153395,1.4156899017514104,-0.39970590904178915,-0.12299714109532234,1.2697,0.3892318842483838,0.38964076782939355,0.41016054153442383,2.8156728744506836,1
kdl_random_restarts_1773542863,kdl_random_restarts,521,-0.39966315181911205,-0.123182427221769,1.2695361547585549,-0.8191541711309405,-0.6534088916080839,1.5,0.7143013389196199,0.7209059675603929,0.2040102481842041,2.4076411724090576,1
kdl_random_restarts_1773542863,kdl_random_restarts,522,-0.8192699740471688,-0.6536547005673827,1.4998298284740765,0.19470696354227957,-0.05900561396088522,1.175,1.2195372825919328,1.2259106204904766,0.2546520233154297,3.417367458343506,1
kdl_random_restarts_1773542863,kdl_random_restarts,523,0.19392188675471977,-0.059078291993424036,1.1747934992657032,0.7564084643096469,-0.2203029096846093,1.3251,0.6041329087561056,4.16129827158725,1.2033460140228271,12.725042343139648,1
kdl_random_restarts_1773542863,kdl_random_restarts,524,0.7564173582087083,-0.221011169609517,1.3250878239681412,-0.46913487800892023,-0.023945086738425436,1.3906,1.2430225942936899,0.0,101.110032081604,0.0,0
kdl_random_restarts_1773542863,kdl_random_restarts,525,0.7564173579199128,-0.22101117030278786,1.3250878236089187,0.27179005117645416,0.12891624171411742,1.3259,0.5977570407387583,0.5971356544821503,0.5130462646484375,3.2141847610473633,1
kdl_random_restarts_1773542863,kdl_random_restarts,526,0.27289143257160475,0.1287912904518189,1.3267640622947134,0.9407085155827597,-0.010618336403803608,1.3771,0.6840675456752953,0.0,46.81358027458191,0.0,0
kdl_random_restarts_1773542863,kdl_random_restarts,527,0.2728914325715682,0.12879129045177484,1.3267640622941475,0.6992439965686201,-0.3077694557092183,1.4748,0.6279143514588231,0.6296560627524873,0.15122199058532715,3.4071807861328125,1
kdl_random_restarts_1773542863,kdl_random_restarts,528,0.698774327534484,-0.307575388717305,1.4753519702125744,-0.3241753060171827,0.6083585035107152,1.0997,1.423543202870938,0.0,2.561382532119751,0.0,0
kdl_random_restarts_1773542863,kdl_random_restarts,529,0.698773450828831,-0.3075731780853357,1.4753423076981345,-0.5078663686302323,0.48534186155081416,1.0102,1.5169216460965096,0.0,3.7076382637023926,0.0,0
kdl_random_restarts_1773542863,kdl_random_restarts,530,0.6987757569898648,-0.3075615302698999,1.4753248310498073,-0.0002789847939322909,0.10241948644590804,1.0762,0.9033618305187994,0.0,2.710411787033081,0.0,0
kdl_random_restarts_1773542863,kdl_random_restarts,531,0.698776778740382,-0.30756791480226375,1.4753201923944184,0.7197422072451227,-0.04884589310569898,1.0631,0.4871366550782608,0.49597463656952123,0.5023622512817383,3.8164544105529785,1
kdl_random_restarts_1773542863,kdl_random_restarts,532,0.7198123657896698,-0.04812010412349088,1.0637003081154108,1.0775066523303387,0.1747220783561837,1.3347,0.5010435848483493,0.5032262763373677,0.6041419506072998,2.9117884635925293,1
kdl_random_restarts_1773542863,kdl_random_restarts,533,1.0767566595156919,0.17511201752341832,1.3352111648232743,0.8749808169598043,-0.15562916879707478,1.282,0.3910686014367238,0.3929150645576482,0.45412302017211914,1.6081197261810303,1
kdl_random_restarts_1773542863,kdl_random_restarts,534,0.8754010768559243,-0.15593023231961642,1.2820879897074313,0.23643576497127428,-0.01835291920344262,1.109,0.6761387720409721,0.0,5.076713800430298,0.0,0
kdl_random_restarts_1773542863,kdl_random_restarts,535,0.8754010768559094,-0.1559302323187011,1.2820879897077084,-0.7156161492375155,0.262076177727658,1.3497,1.646401092231667,2.8535704237985033,0.5096306800842285,5.7324628829956055,1
kdl_random_restarts_1773542863,kdl_random_restarts,536,-0.7165314870224121,0.2626101611402341,1.3502427659517107,0.7503838844738024,5.061935013805918e-05,1.3834,1.4905963981865227,3.249426537398874,1.7083637714385986,12.52526569366455,1
kdl_random_restarts_1773542863,kdl_random_restarts,537,0.7498015351067245,0.00032270461946844187,1.3827543741753718,0.06085477568483855,0.38592909745418813,1.0839,0.8441882873368212,0.0,2.856213331222534,0.0,0
kdl_random_restarts_1773542863,kdl_random_restarts,538,0.7498015351069433,0.0003227046216485868,1.3827543741751325,0.10652907045009441,0.39501447284873803,1.3036,0.7588454853545484,0.7614182191183827,0.15322637557983398,2.5057806968688965,1
kdl_random_restarts_1773542863,kdl_random_restarts,539,0.10580033362061492,0.39530389441120267,1.304208045542163,0.5382117882956075,0.39189406426090445,1.374,0.4380207871583743,0.43869163943370937,0.10128378868103027,1.905447006225586,1
kdl_random_restarts_1773542863,kdl_random_restarts,540,0.5388012909709876,0.3922321836044282,1.3745123410596143,-0.5916115162937101,-0.264928500486103,1.0573,1.3454801926683688,0.0,3.107347011566162,0.0,0
kdl_random_restarts_1773542863,kdl_random_restarts,541,0.5388098241300141,0.3922241884674483,1.3744878233265188,0.417574513235478,0.11015585171536446,1.4097,0.30903146213915866,0.3094367510448906,0.20131993293762207,3.006650686264038,1
kdl_random_restarts_1773542863,kdl_random_restarts,542,0.41717452865644433,0.11048778718073039,1.4089252198068727,0.061091165783162205,0.6022901848328225,1.4824,0.6116073110876948,0.6210767468341621,0.10105156898498535,2.205636739730835,1
kdl_random_restarts_1773542863,kdl_random_restarts,543,0.061556854178093756,0.6023208414554958,1.4824988197781517,0.46718392803351017,-0.2963070827968456,1.054,1.0750240498899772,0.0,5.109577417373657,0.0,0
kdl_random_restarts_1773542863,kdl_random_restarts,544,0.06158077881124657,0.6023150063781383,1.482533778904069,-0.5263849915172485,0.4327829937365505,1.0128,0.7714237962571449,0.0,3.2173919677734375,0.0,0
kdl_random_restarts_1773542863,kdl_random_restarts,545,0.06153661693078427,0.602320395810908,1.4824790588044245,-0.31947479268335854,0.14031974442066442,1.156,0.682057821580391,0.0,4.674180030822754,0.0,0
kdl_random_restarts_1773542863,kdl_random_restarts,546,0.06153118788614176,0.6023315813740446,1.4824866162911667,-0.2678742387870786,-0.4508266268661139,1.3387,1.1128004033652446,1.2121947243879716,0.7149753570556641,3.4250998497009277,1
kdl_random_restarts_1773542863,kdl_random_restarts,547,-0.2670574954257564,-0.4505435149256461,1.3379664729071743,0.421568650833003,0.5462308205482153,1.4791,1.2197064063290843,2.2535184114569935,41.573586225509644,6.522937297821045,1
kdl_random_restarts_1773542863,kdl_random_restarts,548,0.4223421180905883,0.5466069443079702,1.4786849837487934,0.6897026343280379,0.1706892573760176,1.1983,0.5398254274326435,2.1278420294896088,20.529855251312256,6.317990064620972,1
kdl_random_restarts_1773542863,kdl_random_restarts,549,0.690409909204957,0.17114969592370874,1.1981561749076837,0.45639144219736316,0.02704542696712453,1.3575,0.31768087419161156,3.7202394928712117,2.0605249404907227,14.933874130249023,1
kdl_random_restarts_1773542863,kdl_random_restarts,550,0.45632860094626426,0.026986884135904193,1.3582417096801445,0.039430093522217935,0.4449103994841487,1.038,0.671579617612308,0.0,2.5050439834594727,0.0,0
kdl_random_restarts_1773542863,kdl_random_restarts,551,0.45632860094635797,0.0269868841330915,1.3582417096834454,1.0630182511081268,-0.5908699047696422,1.3453,0.8660178006577793,0.8689515625570405,0.10110020637512207,2.809661388397217,1
kdl_random_restarts_1773542863,kdl_random_restarts,552,1.0638770073319361,-0.5903161246218899,1.3456091132693508,0.593489967360056,0.5184371827216331,1.3136,1.2048329540857512,1.308301048868142,0.10109591484069824,3.306678295135498,1
kdl_random_restarts_1773542863,kdl_random_restarts,553,0.5946118892970388,0.5180168999425261,1.313833024974254,-0.2938234672245187,0.5083982020987395,1.051,0.9265479486151345,0.9263382537149799,0.2515127658843994,2.508263349533081,1
kdl_random_restarts_1773542863,kdl_random_restarts,554,-0.2929374401888327,0.5085320959606361,1.0521007857622346,-0.8373110067998992,0.5799014306197118,1.3862,0.6426962322192535,1.6127363880483383,0.15138959884643555,7.714869499206543,1
kdl_random_restarts_1773542863,kdl_random_restarts,555,-0.8369583379119574,0.5801278638162196,1.3857994953306434,0.7708602257502346,-0.3561898733778862,1.4251,1.8609986481210326,6.016265792247939,23.493314504623413,17.33581042289734,1
kdl_random_restarts_1773542863,kdl_random_restarts,556,0.7703267495836539,-0.3565114735161091,1.425540917518477,0.5217056073272972,-8.029308989310202e-05,1.3002,0.45228973497223546,0.45608811598383786,0.25160717964172363,1.704432725906372,1
kdl_random_restarts_1773542863,kdl_random_restarts,557,0.5217643062027277,0.00019944312932523856,1.3004379335674323,-0.8484152000983621,-0.09891281545176889,1.0605,1.3945556034999655,1.511326011823216,8.883829116821289,6.112889528274536,1
kdl_random_restarts_1773542863,kdl_random_restarts,558,-0.8477318652636252,-0.09879401361896334,1.0607064774292707,-0.2838746651215207,-0.330911140789403,1.4919,0.7468206992209745,0.0,72.42853593826294,0.0,0
kdl_random_restarts_1773542863,kdl_random_restarts,559,-0.8477318652636208,-0.09879401361927848,1.0607064774282524,0.9165378804705187,0.4280105634134833,1.3913,1.8706851352544256,0.0,56.094953536987305,0.0,0
kdl_random_restarts_1773542863,kdl_random_restarts,560,-0.8477318652636223,-0.09879401361927721,1.060706477428252,0.8955435513127907,-0.4883563333275463,1.1736,1.7898360054526818,7.750227236167167,182.73236298561096,19.03937315940857,1
kdl_random_restarts_1773542863,kdl_random_restarts,561,0.8948151943432944,-0.48887430120210873,1.1744295092269277,0.701854148383777,-0.6953630535178119,1.2142,0.2854001787438435,0.29208635676667044,0.20151352882385254,4.409969806671143,1
kdl_random_restarts_1773542863,kdl_random_restarts,562,0.7009845238858303,-0.695595639602762,1.2145460058157054,0.8229896579860032,-0.02653362325410802,1.1853,0.6807235586664384,8.175924164112066,0.9526045322418213,17.436372756958008,1
kdl_random_restarts_1773542863,kdl_random_restarts,563,0.8225386582026214,-0.025784981739642332,1.186015636114909,0.31417540320723125,-0.5850820620401551,1.253,0.7587709325397729,5.000143590968394,148.23125839233398,12.023866891860962,1
kdl_random_restarts_1773542863,kdl_random_restarts,564,0.31466049301854615,-0.5853312654043088,1.252530232813473,0.45335492114327147,0.3964400622612222,1.1706,0.9948988125773666,1.1402538916810347,1.5037610530853271,2.9070982933044434,1
kdl_random_restarts_1773542863,kdl_random_restarts,565,0.4529227065325767,0.3973795982044456,1.171148474151411,0.15257866917849183,-0.15159273821895947,1.4248,0.6752157162697279,6.9267644869747205,23.496280193328857,15.543291330337524,1
kdl_random_restarts_1773542863,kdl_random_restarts,566,0.15230530843001155,-0.15201414101850075,1.4243383314603708,0.6608294776571699,0.08404279421479088,1.4112,0.5607961511221958,0.0,60.34991002082825,0.0,0
kdl_random_restarts_1773542863,kdl_random_restarts,567,0.15230530843005807,-0.15201414101837465,1.4243383314604288,0.3302515450205705,0.12441657794839256,1.0528,0.49610436124832635,0.0,9.227243423461914,0.0,0
kdl_random_restarts_1773542863,kdl_random_restarts,568,0.1523053084300583,-0.15201414101837443,1.4243383314604283,-0.402406865681134,-0.03901216965208354,1.4804,0.5688742851626134,0.5687104170976586,0.15123486518859863,2.106137752532959,1
kdl_random_restarts_1773542863,kdl_random_restarts,569,-0.4022076963956944,-0.03929778731494067,1.480794628695115,0.09355613000734608,0.15315613261547922,1.3178,0.5562261517133359,1.4257663048344928,0.15123438835144043,5.010856866836548,1
kdl_random_restarts_1773542863,kdl_random_restarts,570,0.0928150000344804,0.15300015351345997,1.3183486657755634,0.6008031418619415,-0.04739043425359135,1.4144,0.554467491120296,0.0,1.604353427886963,0.0,0
kdl_random_restarts_1773542863,kdl_random_restarts,571,0.09281500006121524,0.15300015353216362,1.3183486657088557,-0.36879588677145925,-0.24581384993613936,1.3537,0.611053955916356,4.172612216737212,1.1545648574829102,9.017345666885376,1
kdl_random_restarts_1773542863,kdl_random_restarts,572,-0.36871072622068324,-0.245601737109054,1.3532763344406677,-0.5954722386493243,-0.36265714109474584,1.2177,0.28897005654833174,3.350723892509437,1.053711175918579,6.513250350952148,1
kdl_random_restarts_1773542863,kdl_random_restarts,573,-0.5967204282821084,-0.36278735410100205,1.217665183039368,0.08240537717814755,-0.47356174269744805,1.3669,0.7040979018604097,4.609772495738499,1.3053514957427979,13.130741357803345,1
kdl_random_restarts_1773542863,kdl_random_restarts,574,0.08313293054976156,-0.4736657363959309,1.367371187972105,-0.46274070953503815,-0.033229208515224706,1.4827,0.7108186132304126,0.714487542497441,0.3023874759674072,2.2064058780670166,1
kdl_random_restarts_1773542863,kdl_random_restarts,575,-0.4622532496050553,-0.033807713777299464,1.4825482137974264,-0.4388056203601179,-0.6925448479238717,1.135,0.7451672054878883,0.7846865680220682,0.20138120651245117,2.2057816982269287,1
kdl_random_restarts_1773542863,kdl_random_restarts,576,-0.4384893264291858,-0.6929750451379031,1.1356489242915573,0.717724816927189,0.042994835989419444,1.4041,1.396620489350239,5.976823870119235,0.9564199447631836,14.929110765457153,1
kdl_random_restarts_1773542863,kdl_random_restarts,577,0.7170241263799423,0.043347402996083986,1.4030382275490594,0.973735871915842,-0.19750133334009856,1.2691,0.37662777763968514,0.4022877965738151,0.3016092777252197,4.0091331005096436,1
kdl_random_restarts_1773542863,kdl_random_restarts,578,0.9737157801392768,-0.19712191146408042,1.2691695419803797,-0.647372304129376,-0.26866340179047504,1.2417,1.6228984372204394,3.9700559882645834,61.34351444244385,10.634398937225342,1
kdl_random_restarts_1773542863,kdl_random_restarts,579,-0.6475766395661602,-0.268379387734831,1.2419305157053326,0.10520932223411517,0.22190354452750682,1.2178,0.8986914597010072,0.8991041827538223,0.202561616897583,3.2124698162078857,1
kdl_random_restarts_1773542863,kdl_random_restarts,580,0.1045236789952797,0.22146138582581837,1.2182586375366058,-0.32848211642031233,-0.20085247212883384,1.3655,0.6225134796163921,0.6268026800181876,61.00541925430298,2.308856725692749,1
kdl_random_restarts_1773542863,kdl_random_restarts,581,-0.328855972958085,-0.20142087229683994,1.3661434652087554,0.9258850070670919,0.23808085349746078,1.1342,1.3495682513247544,5.94483439908912,1.8582148551940918,14.429739952087402,1
kdl_random_restarts_1773542863,kdl_random_restarts,582,0.9251091791756011,0.237783122545007,1.1338210776234812,0.759752541526606,0.569253142780375,1.4259,0.4717258619431892,0.4780595939915406,0.15135431289672852,3.2084622383117676,1
kdl_random_restarts_1773542863,kdl_random_restarts,583,0.7585916586398461,0.5697414763018461,1.4254809942512137,0.3883475157035128,-0.6727399858985535,1.4154,1.2965116797527882,1.4347657829805855,0.10111474990844727,2.8060359954833984,1
kdl_random_restarts_1773542863,kdl_random_restarts,584,0.3892428220514299,-0.6724085335352956,1.415868258452412,0.3237225877456864,0.2003745411388418,1.0433,0.9512361976645883,0.0,10.172252416610718,0.0,0
kdl_random_restarts_1773542863,kdl_random_restarts,585,0.3892392739163033,-0.6724168408158616,1.4159034284388903,0.031260760749884264,-0.23592114810050058,1.4408,0.5650636644869323,0.0,140.54461765289307,0.0,0
kdl_random_restarts_1773542863,kdl_random_restarts,586,0.38924282212344385,-0.6724085335707651,1.4158682585891984,0.6158348907562847,-0.645435468931307,1.1219,0.3721408991784165,9.284589666427088,0.70233154296875,23.34700655937195,1
kdl_random_restarts_1773542863,kdl_random_restarts,587,0.6168572415334997,-0.6456073722742759,1.122577201654685,0.9935003604287094,0.17561881659728396,1.2324,0.9101283092707387,1.211221228618049,0.8023080825805664,5.6115922927856445,1
kdl_random_restarts_1773542863,kdl_random_restarts,588,0.9921777709812722,0.17562836551993358,1.2319683588306192,0.30363568817532327,-0.7290797531458806,1.3052,1.139276021446494,3.722952321736755,0.7530620098114014,7.515678882598877,1
kdl_random_restarts_1773542863,kdl_random_restarts,589,0.3033392278628235,-0.7287274315963983,1.3046081551694895,0.34112061425943163,0.4574618674227583,1.1895,1.1923600016992064,1.384914184401653,0.15108489990234375,3.6114535331726074,1
kdl_random_restarts_1773542863,kdl_random_restarts,590,0.34055453783339923,0.45708832415636025,1.1893322191104299,0.9156624550405383,-0.6517061578551653,1.0143,1.261273403152648,2.6384133185609726,0.2543008327484131,5.712247610092163,1
kdl_random_restarts_1773542863,kdl_random_restarts,591,0.9169221836655927,-0.6519490042272069,1.0149499446415873,-0.8497974975313481,-0.16312492658462396,1.4255,1.8785097175065497,8.294605338339966,21.42251682281494,17.444305896759033,1
kdl_random_restarts_1773542863,kdl_random_restarts,592,-0.8509152141381143,-0.16271789024868774,1.425711461407348,0.27101017550787976,-0.6829025146475063,1.0909,1.2811742028635216,5.0782533600962765,2.932469606399536,16.238933086395264,1
kdl_random_restarts_1773542863,kdl_random_restarts,593,0.2725182604045307,-0.6827496945809712,1.0899088712816094,-0.19284230601179142,0.25888437189294156,1.1061,1.050474809107145,0.0,2.355271100997925,0.0,0
kdl_random_restarts_1773542863,kdl_random_restarts,594,0.2725217429304347,-0.6827490408452835,1.0899039030853241,0.4995207824584045,-0.15227469966593643,1.3989,0.6545305023486583,2.4718578092477164,20.415510892868042,6.814300537109375,1
kdl_random_restarts_1773542863,kdl_random_restarts,595,0.49927305141785194,-0.1529695777819867,1.398574415690232,-0.26588664542158247,0.34106560973117006,1.1702,0.9389861563997789,1.9657212754860924,0.15142440795898438,3.9107229709625244,1
kdl_random_restarts_1773542863,kdl_random_restarts,596,-0.26615515933716916,0.34065452858408973,1.1690625366447132,0.7570411446105278,0.4352906519466039,1.4402,1.0627333608634164,4.023020328347796,42.47266888618469,10.626599788665771,1
kdl_random_restarts_1773542863,kdl_random_restarts,597,0.757432041623226,0.4349823388313758,1.4404027955459364,-0.2410059660875028,0.05694107782031255,1.3506,1.071381441110527,4.682357110257977,0.4521768093109131,11.122119903564453,1
kdl_random_restarts_1773542863,kdl_random_restarts,598,-0.24146055926008436,0.05737818890989809,1.350284358885073,0.5254711797600604,0.20286849540819618,1.1381,0.8089338191452387,0.0,2.006317138671875,0.0,0
kdl_random_restarts_1773542863,kdl_random_restarts,599,-0.24146055926084886,0.057378188918596466,1.350284358884322,-0.0196908511679047,-0.5470756460314574,1.0051,0.7305467018828002,0.0,3.30735182762146,0.0,0
kdl_random_restarts_1773542863,kdl_random_restarts,600,-0.2414605592608493,0.05737818891859643,1.3502843588843225,-0.5668607810033723,-0.7080347778894983,1.474,0.840861388056745,0.8596452442887963,0.1010899543762207,2.4063785076141357,1
kdl_random_restarts_1773542863,kdl_random_restarts,601,-0.567777396079118,-0.7075932451168774,1.4746896691841695,-0.19792254183587987,-0.6444678647233275,1.0428,0.5721067323543123,6.759279722391241,40.7423939704895,15.53191089630127,1
kdl_random_restarts_1773542863,kdl_random_restarts,602,-0.19663369162674277,-0.6450156926851076,1.0434609302796174,0.4690531079547886,0.08934068874799661,1.36,1.0404879589635192,6.9533618386742395,41.425575494766235,9.821765422821045,1
kdl_random_restarts_1773542863,kdl_random_restarts,603,0.4692528637319089,0.08969649293557283,1.3598952405112485,1.085287284920383,-0.11920177247653807,1.2443,0.6606808253688466,0.7315924449315288,0.1516587734222412,3.90869140625,1
kdl_random_restarts_1773542863,kdl_random_restarts,604,1.0849746516875407,-0.11855138766293725,1.2449273210964495,0.08943878472492639,-0.7051645468993544,1.3791,1.1632751045055891,1.1749364540944855,0.10152268409729004,2.4054501056671143,1
kdl_random_restarts_1773542863,kdl_random_restarts,605,0.08947058331574675,-0.7053320869792189,1.3790849480889928,-0.11150229486214391,-0.6894194787220714,1.3453,0.20441313945543388,0.20734983743458457,0.10132527351379395,3.2070424556732178,1
kdl_random_restarts_1773542863,kdl_random_restarts,606,-0.1114554550546446,-0.6890256230467399,1.3459143627124963,-0.5558305759299493,-0.7109142196450725,1.323,0.44550356534208124,0.4490029228443237,0.1011953353881836,1.906066656112671,1
kdl_random_restarts_1773542863,kdl_random_restarts,607,-0.5553128275114293,-0.7110896810963512,1.3233017863827001,-0.29971686195019875,0.4937142934646447,1.2454,1.2340788479877478,3.4292602294464416,1.1537232398986816,10.42059874534607,1
kdl_random_restarts_1773542863,kdl_random_restarts,608,-0.29998558475484915,0.4937000233561518,1.245303266079667,-0.2507179661580867,0.477666645752128,1.3965,0.15982746881486068,0.15998038916378737,0.15134191513061523,1.9081592559814453,1
kdl_random_restarts_1773542863,kdl_random_restarts,609,-0.251777877753411,0.47711870037154036,1.3964633143984093,1.0773140894831401,-0.34673092843704334,1.0465,1.6024006957329637,4.157794444082822,0.6020693778991699,12.825566053390503,1
kdl_random_restarts_1773542863,kdl_random_restarts,610,1.077900695904395,-0.3469561713674418,1.0469318735480777,-0.10891540481141992,-0.27530811875430916,1.1108,1.1906909917934312,0.0,2.504939079284668,0.0,0
kdl_random_restarts_1773542863,kdl_random_restarts,611,1.0779006959067703,-0.3469561713647855,1.0469318735503799,0.22445616397957813,0.0013024122513455305,1.3459,0.9690374351755117,4.521258065304153,20.276221752166748,7.117021560668945,1
kdl_random_restarts_1773542863,kdl_random_restarts,612,0.22357217205252344,0.0010788130366020665,1.344974113208473,-4.524368077551966e-05,-0.32759411539104755,1.1531,0.44141399821480953,0.0,2.005110025405884,0.0,0
kdl_random_restarts_1773542863,kdl_random_restarts,613,0.22357217205248425,0.0010788130370605054,1.3449741132054829,-0.7587424920815327,-0.27247647708110384,1.2908,1.0211314463211678,3.4745855944088837,0.8525104522705078,13.426166772842407,1
kdl_random_restarts_1773542863,kdl_random_restarts,614,-0.7590997044653208,-0.27300826800165157,1.2908935378363644,0.232378893627587,-0.26584134837208256,1.2366,0.9929899110585382,0.992312983130872,0.2013554573059082,2.806807041168213,1
kdl_random_restarts_1773542863,kdl_random_restarts,615,0.23154049554828537,-0.2657523310501954,1.236127783071194,0.007094710918766123,0.11744595763254173,1.2655,0.44506130568119684,0.447656518237161,0.25130701065063477,3.1071507930755615,1
kdl_random_restarts_1773542863,kdl_random_restarts,616,0.007809303835260073,0.11765090718080612,1.2651584895437482,1.0968075067992018,0.4665524831926259,1.2128,1.1447230264258377,1.4218934536533978,1.1527540683746338,9.017853736877441,1
kdl_random_restarts_1773542863,kdl_random_restarts,617,1.0967645673084414,0.4664450671296635,1.2124531082803855,0.3571490710123255,-0.46639716385197666,1.373,1.2012497719895654,2.3281310634950585,0.7521357536315918,5.712061882019043,1
kdl_random_restarts_1773542863,kdl_random_restarts,618,0.35846049109791145,-0.46589643453556623,1.3736270107100763,0.06953224629889043,0.0031157783578292797,1.1654,0.5889061678018468,0.592769033268476,0.1518867015838623,2.10835337638855,1
kdl_random_restarts_1773542863,kdl_random_restarts,619,0.06944291001227876,0.002304333413911522,1.1650501603924897,0.9295390388776137,0.2492248055164148,1.3514,0.914035739538779,0.9149841469815356,0.151839017868042,2.8143980503082275,1
kdl_random_restarts_1773542863,kdl_random_restarts,620,0.9302870527850025,0.24897817187202842,1.3520633651938985,-0.6140470545418966,0.34316045733369205,1.1355,1.5622860906671536,0.0,8.92501950263977,0.0,0
kdl_random_restarts_1773542863,kdl_random_restarts,621,0.9302889253581575,0.24898710679302352,1.3520540773588121,-0.32642867972581047,0.4621224583189917,1.1257,1.2946049533873416,0.0,2.908012628555298,0.0,0
kdl_random_restarts_1773542863,kdl_random_restarts,622,0.9302883625335973,0.24897530420671976,1.3520590330141795,0.04402304923960998,0.6048766575955294,1.0603,0.9986267131603505,1.0025318387823028,0.2015390396118164,2.206493377685547,1
kdl_random_restarts_1773542863,kdl_random_restarts,623,0.04492415575597797,0.6051431294968717,1.060460057056804,0.2938658768642759,-0.227296706518467,1.0963,0.8696048312904989,0.0,2.204813241958618,0.0,0
kdl_random_restarts_1773542863,kdl_random_restarts,624,0.04492415470607447,0.605143132874463,1.060460058383974,0.6368840153105959,-0.21189334362515966,1.0598,1.008942771506349,0.0,2.4580583572387695,0.0,0
kdl_random_restarts_1773542863,kdl_random_restarts,625,0.044910323484126935,0.6051539140883874,1.0604502521134687,0.2711670359400662,0.4463029980881349,1.2679,0.34563146752527363,0.3485011677369041,0.15119409561157227,3.3072259426116943,1
kdl_random_restarts_1773542863,kdl_random_restarts,626,0.2713836621579149,0.44642510452487316,1.2686346687669967,0.7671425036146926,0.30746118985558224,1.3811,0.5270068777465144,0.5271227392244505,0.20136117935180664,3.3087375164031982,1
kdl_random_restarts_1773542863,kdl_random_restarts,627,0.7672810794308318,0.307603934616895,1.3808333126317875,-0.4756595102227057,-0.5928709750345802,1.0926,1.5616769239605257,1.6501373825454202,0.7021849155426025,4.510329723358154,1
kdl_random_restarts_1773542863,kdl_random_restarts,628,-0.4757942665429137,-0.5935425152902081,1.093179193934644,0.8056922690383939,0.4841059419385002,1.1082,1.6744430605005503,1.8909805889997229,76.59216904640198,4.61037278175354,1
kdl_random_restarts_1773542863,kdl_random_restarts,629,0.8054615015971436,0.4838895823572793,1.1079880452307305,0.015568367742194722,-0.0416657601081849,1.2421,0.9581887065276955,0.0,251.3414340019226,0.0,0
kdl_random_restarts_1773542863,kdl_random_restarts,630,0.8054615472972104,0.4838904226569666,1.1079878335393651,-0.8351119008402077,-0.08781707453131926,1.3623,1.7558489055396234,0.0,81.3906557559967,0.0,0
kdl_random_restarts_1773542863,kdl_random_restarts,631,0.8054615242034182,0.483890329936988,1.1079879354467965,0.499599279306548,-0.5582861321932405,1.4883,1.1507913614188945,2.221896873845419,240.65905237197876,8.416663885116577,1
kdl_random_restarts_1773542863,kdl_random_restarts,632,0.49925827909639914,-0.558100558970249,1.4886063743360978,0.7213945456207789,-0.35998393530240413,1.2623,0.3739108082739609,3.165741819071075,0.903109073638916,11.125941514968872,1
kdl_random_restarts_1773542863,kdl_random_restarts,633,0.72283120792146,-0.3591635688694382,1.2629738920823104,-0.8554329689051047,0.6280058557070382,1.1415,1.8655233022212052,3.2280777316223443,0.15121769905090332,7.415666341781616,1
kdl_random_restarts_1773542863,kdl_random_restarts,634,-0.8553533836290614,0.6278607021705265,1.141861671729962,-0.28906435644184514,-0.7233308084854596,1.0503,1.467918696832844,0.0,2.5052380561828613,0.0,0
kdl_random_restarts_1773542863,kdl_random_restarts,635,-0.8553522786880511,0.6278626985489757,1.1418587727188916,0.5946236935318749,-0.5467237052486478,1.0971,1.8665708900914144,0.0,2.1045968532562256,0.0,0
kdl_random_restarts_1773542863,kdl_random_restarts,636,-0.855352278685006,0.6278626985485916,1.141858772715773,0.4322273020580487,0.30964329166113547,1.1137,1.3266188918250499,0.0,2.455024003982544,0.0,0
kdl_random_restarts_1773542863,kdl_random_restarts,637,-0.855352278681453,0.6278626985481454,1.1418587727121359,-0.6973854569120961,-0.07299938951725227,1.0897,0.7203344506811661,0.0,2.5594332218170166,0.0,0
kdl_random_restarts_1773542863,kdl_random_restarts,638,-0.8553532512275823,0.6278679693050874,1.1418669527110743,-0.06611493855300599,-0.652302474151308,1.0071,1.509932319687139,0.0,1.8039143085479736,0.0,0
kdl_random_restarts_1773542863,kdl_random_restarts,639,-0.8553620871586706,0.6278624168782172,1.1418543281080606,0.7289221862382782,0.559123347675183,1.2671,1.5907131095503868,2.2831413626807393,0.6024973392486572,14.23714566230774,1
kdl_random_restarts_1773542863,kdl_random_restarts,640,0.7295785279082692,0.5587967156614693,1.266735911519093,0.16274681988542894,-0.33139675849137723,1.1372,1.0632601558496808,0.0,4.111385107040405,0.0,0
kdl_random_restarts_1773542863,kdl_random_restarts,641,0.7295785426155502,0.5588007512796508,1.266760863710119,0.7017298091806639,0.2285368197644434,1.4871,0.3979939087407993,1.1300566804061556,0.4020047187805176,5.712027072906494,1
kdl_random_restarts_1773542863,kdl_random_restarts,642,0.7015521693784834,0.22909778070872272,1.4868478504905112,-0.0745051538221132,-0.3372708611781259,1.2767,0.9834635359136661,7.065121206934121,0.9024553298950195,14.130356788635254,1
kdl_random_restarts_1773542863,kdl_random_restarts,643,-0.07448183213839554,-0.33692138615615796,1.2767880431503837,0.7195027972144252,0.5337593456901674,1.3487,1.1805371057255802,4.87060912375458,0.5520234107971191,11.926172971725464,1
kdl_random_restarts_1773542863,kdl_random_restarts,644,0.7206568058291198,0.5331206608452715,1.3488052852322296,-0.2357955201266979,-0.08837558076363028,1.0631,1.1758767538181518,0.0,8.417640686035156,0.0,0
kdl_random_restarts_1773542863,kdl_random_restarts,645,0.7206555373475136,0.5331196580029959,1.3488063458625752,1.0673405702764713,0.08619951396360237,1.4342,0.5720316454288931,0.5771414657717734,0.7063045501708984,2.2064878940582275,1
kdl_random_restarts_1773542863,kdl_random_restarts,646,1.0676197536304362,0.0859470700055828,1.4336140024009871,-0.6293712152816018,0.4780175762846578,1.2454,1.7518339365255904,2.4632242909132778,1.2031466960906982,6.915515422821045,1
kdl_random_restarts_1773542863,kdl_random_restarts,647,-0.6289189775101588,0.47788163593404576,1.245007234771231,0.288184010714875,0.11545302747263908,1.4364,1.0045215666298424,0.0,43.003742694854736,0.0,0
kdl_random_restarts_1773542863,kdl_random_restarts,648,-0.6289229026971146,0.47787960961954734,1.2450094438014867,-0.39349140961462037,0.2379709170640545,1.287,0.33874381988251684,4.839423499307479,1.9117588996887207,8.517074823379517,1
kdl_random_restarts_1773542863,kdl_random_restarts,649,-0.39429717501871164,0.23835487520569243,1.2878366911166073,0.22205691740243627,-0.02828656796502782,1.2347,0.6736568372719771,0.6751158744725013,0.10120344161987305,1.9060416221618652,1
kdl_random_restarts_1773542863,kdl_random_restarts,650,0.22126667827948898,-0.028612836712693476,1.2349699881913392,-0.3350666079546122,-0.060540489048141355,1.2202,0.5574443944528098,0.5566795778882572,0.1514749526977539,3.1065585613250732,1
kdl_random_restarts_1773542863,kdl_random_restarts,651,-0.33422143286411976,-0.06025578108685327,1.2191529681970896,0.37478335523942197,-0.6683477841533301,1.0922,0.9426456014225068,1.5211427217003572,0.2513997554779053,4.409546852111816,1
kdl_random_restarts_1773542863,kdl_random_restarts,652,0.37501511658260456,-0.6688047219584492,1.0932354519977596,-0.8727330384651101,-0.040708562688046235,1.0257,1.398549706299976,0.0,2.755878448486328,0.0,0
kdl_random_restarts_1773542863,kdl_random_restarts,653,0.37501511658222875,-0.6688047219698333,1.0932354519903575,0.5282273981372294,-0.6568644598915563,1.4705,0.4073636118539633,0.6387656199578798,0.25155043601989746,3.6085314750671387,1
kdl_random_restarts_1773542863,kdl_random_restarts,654,0.5277144182618736,-0.6572802576763619,1.4698082331506463,-0.38379509124182976,0.2750021731529463,1.2389,1.3241294230117533,2.15282686246374,0.20151543617248535,3.908559560775757,1
kdl_random_restarts_1773542863,kdl_random_restarts,655,-0.38425806298477183,0.27516906163462196,1.23920604998152,-0.159016372937552,-0.37147962450766187,1.4111,0.7059999095451963,0.7241692747564702,0.10131406784057617,1.9049429893493652,1
kdl_random_restarts_1773542863,kdl_random_restarts,656,-0.16022987474553563,-0.37056068176713736,1.4116424331128063,0.6906641590600464,0.48243232696994964,1.2004,1.223209342372638,2.5428559854719803,0.9024531841278076,6.914230108261108,1
kdl_random_restarts_1773542863,kdl_random_restarts,657,0.6906553034097409,0.48191345429954835,1.1992836945759233,-0.12515561704495182,0.5816437442574088,1.037,0.8377526999021987,0.0,2.705470323562622,0.0,0
kdl_random_restarts_1773542863,kdl_random_restarts,658,0.6906553034016908,0.4819134543039726,1.1992836945680265,0.10573942818563264,-0.21037054130394084,1.3147,0.913621713409982,0.9307285235984172,0.15164518356323242,5.312552213668823,1
kdl_random_restarts_1773542863,kdl_random_restarts,659,0.106807537164607,-0.21043830839413652,1.314897044042441,-0.8643519995530874,-0.5136064560613489,1.0268,1.0573843569410737,0.0,2.458526372909546,0.0,0
kdl_random_restarts_1773542863,kdl_random_restarts,660,0.10680678099883045,-0.210438781420141,1.3148971313445625,1.0417061551650382,0.302665923804576,1.0746,1.09318616423395,7.529096451382229,0.8528258800506592,14.831543207168579,1
kdl_random_restarts_1773542863,kdl_random_restarts,661,1.0410927376503807,0.302063814047005,1.0737563346998482,-0.2822605224766237,-0.5982285968273232,1.2814,1.6139721707346637,3.9633852627204704,20.686482667922974,6.413089990615845,1
kdl_random_restarts_1773542863,kdl_random_restarts,662,-0.28206799705758057,-0.5984563153373621,1.2818144134021363,-0.7774953234364869,-0.24829065985205573,1.1519,0.6204369241220471,0.0,5.402139902114868,0.0,0
kdl_random_restarts_1773542863,kdl_random_restarts,663,-0.28206799705480345,-0.5984563153402063,1.2818144134078628,-0.015330852408945383,-0.11412074251113002,1.497,0.5933249431116958,1.89935936124777,21.355505228042603,13.32881498336792,1
kdl_random_restarts_1773542863,kdl_random_restarts,664,-0.015148035923127634,-0.11438527912983948,1.497312571471213,-0.14003012663341596,-0.6710642022624129,1.0592,0.7193257852470833,0.8061442147176948,0.5036249160766602,2.407944440841675,1
kdl_random_restarts_1773542863,kdl_random_restarts,665,-0.1395718687722859,-0.6706427714478247,1.0589686975658648,0.756560535670151,0.4253781535387363,1.3822,1.4521685952992673,5.165673238978275,50.62035393714905,15.438721895217896,1
kdl_random_restarts_1773542863,kdl_random_restarts,666,0.7561180636615055,0.42590752973798096,1.382294727769287,0.06306253585102972,0.4663353579041206,1.3032,0.6987248026796999,5.0170027105814885,40.27789282798767,6.717778444290161,1
kdl_random_restarts_1773542863,kdl_random_restarts,667,0.06417356123310802,0.46572195095397306,1.302754042561035,0.3315647063048961,-0.33725576981630173,1.3954,0.8513838840065098,0.8810392997751872,0.1516275405883789,2.006513833999634,1
kdl_random_restarts_1773542863,kdl_random_restarts,668,0.33108472118118026,-0.33697083663778293,1.395907607873195,0.5909001620182794,-0.30932802966915707,1.1128,0.38525070500930114,0.0,2.4109911918640137,0.0,0
kdl_random_restarts_1773542863,kdl_random_restarts,669,0.3310847211811677,-0.33697083663776045,1.395907607873461,0.5405760426661483,-0.469278212295571,1.2613,0.2819770620607213,0.2880189113170063,0.10134077072143555,4.409540176391602,1
kdl_random_restarts_1773542863,kdl_random_restarts,670,0.5400168054827812,-0.4696186176527253,1.2609644758597214,-0.14404817226730493,-0.6631816578415994,1.2253,0.7118170405024975,0.7117816953042273,0.15141510963439941,2.80757212638855,1
kdl_random_restarts_1773542863,kdl_random_restarts,671,-0.1435077369115454,-0.6637059662403257,1.2259037177523302,-0.3426313147251605,0.40494983016977526,1.2214,1.087058275308088,1.2181309097550304,0.6036415100097656,3.3079445362091064,1
kdl_random_restarts_1773542863,kdl_random_restarts,672,-0.3421148191526905,0.40451621766505585,1.2213813440981476,-0.20438112630365834,-0.7164438351192162,1.4301,1.1485144698284935,2.109702185668994,0.10137248039245605,4.109726667404175,1
kdl_random_restarts_1773542863,kdl_random_restarts,673,-0.20492911970763172,-0.7157608616992155,1.429570196798437,0.1038576063748392,-0.18750588727180983,1.495,0.6153727483070933,0.6352967857574007,0.15184855461120605,3.307656764984131,1
kdl_random_restarts_1773542863,kdl_random_restarts,674,0.10433237406776086,-0.18815099734620933,1.4953162351050884,-0.8533309865246298,-0.10533325091088563,1.1527,1.0204723298077818,0.0,3.1576437950134277,0.0,0
kdl_random_restarts_1773542863,kdl_random_restarts,675,0.1043323740673685,-0.18815099735919613,1.4953162351060811,0.46988877410364527,-0.31449905922220245,1.3105,0.42866345202595324,1.4692668643163262,0.4023408889770508,6.314056634902954,1
kdl_random_restarts_1773542863,kdl_random_restarts,676,0.4688128566475679,-0.31420334169277825,1.310479740568279,0.16020876645050341,0.5980429931856396,1.3048,0.9630483474044215,2.275867306206585,0.1513383388519287,4.409467935562134,1
kdl_random_restarts_1773542863,kdl_random_restarts,677,0.16026797586102748,0.5974985167696949,1.3046509383388034,0.6534535757025641,0.3660317083393486,1.37,0.5487070431076914,3.3937877416597098,0.7030444145202637,14.331806898117065,1
kdl_random_restarts_1773542863,kdl_random_restarts,678,0.6528733274429599,0.3665548913415807,1.3702929301343953,-0.8382112158073415,-0.3399939687875041,1.4738,1.653256822269859,2.593170332331265,1.7640466690063477,5.318114280700684,1
kdl_random_restarts_1773542863,kdl_random_restarts,679,-0.8370531809042795,-0.3405254452110277,1.4744132634334535,-0.18307453434045307,-0.23223020879870215,1.1039,0.7594050347286113,0.0,4.9394614696502686,0.0,0
kdl_random_restarts_1773542863,kdl_random_restarts,680,-0.837053176530034,-0.3405254935003703,1.474413252944149,0.40828122592637817,0.5955431658036748,1.1055,1.6009932220564131,0.0,2.205951690673828,0.0,0
kdl_random_restarts_1773542863,kdl_random_restarts,681,-0.8370532244672384,-0.340523562966231,1.4744203112852357,0.9079471184655314,0.33311461987231217,1.3302,1.8760634574557198,3.0614441484497696,0.15131664276123047,6.6131134033203125,1
kdl_random_restarts_1773542863,kdl_random_restarts,682,0.9085202790649781,0.33311095158602966,1.329749263657733,-0.08415350936417543,-0.3267937885831933,1.0785,1.2181960880008813,0.0,2.606165885925293,0.0,0
kdl_random_restarts_1773542863,kdl_random_restarts,683,0.90851998015164,0.33310734438218903,1.3297412866872322,-0.3842315954735552,-0.07787810621818292,1.0869,1.3780738613755528,0.0,2.4076287746429443,0.0,0
kdl_random_restarts_1773542863,kdl_random_restarts,684,0.9085161347131,0.33309980695514974,1.3297528576806856,-0.7583523011957277,0.5730031865577921,1.0375,1.7092149504952379,0.0,3.5082693099975586,0.0,0
kdl_random_restarts_1773542863,kdl_random_restarts,685,0.9085200453559963,0.3331072272668705,1.3297412969310605,1.0918119009002851,0.005118725267561297,1.0013,0.49904513551619384,0.0,2.2046797275543213,0.0,0
kdl_random_restarts_1773542863,kdl_random_restarts,686,0.9085217835917428,0.33310139676272826,1.3297245615805915,-0.14822075694596204,-0.4333261377587037,1.2253,1.3095878938490468,1.3168380049353294,0.20702600479125977,3.112406015396118,1
kdl_random_restarts_1773542863,kdl_random_restarts,687,-0.1479959521230726,-0.4337700160827198,1.2258679331142375,0.36062383758380534,0.3305362297967972,1.2969,0.9208168561109059,0.9394732232183512,0.1010746955871582,2.1054768562316895,1
kdl_random_restarts_1773542863,kdl_random_restarts,688,0.36019858477465105,0.3304777013055813,1.2975023172586346,0.7346473120081394,0.13080176764296303,1.1456,0.45072901149067446,0.0,2.9060580730438232,0.0,0
kdl_random_restarts_1773542863,kdl_random_restarts,689,0.36019858477468847,0.33047770130553034,1.2975023172586397,-0.35786833114070526,-0.26870590552895474,1.1157,0.9527293282942637,0.0,2.3559067249298096,0.0,0
kdl_random_restarts_1773542863,kdl_random_restarts,690,0.36019858477468913,0.33047770130553045,1.2975023172586388,0.05851674748903035,0.4800539227821242,1.3535,0.3413513108978313,0.3407585503170513,0.10106086730957031,1.8047466278076172,1
kdl_random_restarts_1773542863,kdl_random_restarts,691,0.05931275031935279,0.4801015148330717,1.3532961338820126,-0.5810453662390808,-0.7322256542793862,1.3515,1.3710575875970392,1.7711073162662587,0.4070734977722168,3.3070082664489746,1
kdl_random_restarts_1773542863,kdl_random_restarts,692,-0.5795404624398197,-0.7323770366406743,1.3519907104768172,-0.6068672455116899,0.5732014823320027,1.227,1.3118325731515608,1.712539468975918,20.108782291412354,3.608036756515503,1
kdl_random_restarts_1773542863,kdl_random_restarts,693,-0.606594228951416,0.5734576182408915,1.2273329658486398,0.11919627802863031,0.19079833717803818,1.3437,0.8286985411131579,2.7336329917633426,1.0527584552764893,6.81328272819519,1
kdl_random_restarts_1773542863,kdl_random_restarts,694,0.11977096929869624,0.19028876882657442,1.3437595051494369,0.7264056029320753,-0.11142046806674344,1.462,0.6877607556212831,5.4663448524234655,0.7022767066955566,13.92703366279602,1
kdl_random_restarts_1773542863,kdl_random_restarts,695,0.7262676025039756,-0.11198404855008277,1.461709033579212,-0.7859903136815638,-0.5152598025271058,1.3939,1.566573778615777,4.318855414237993,0.5518648624420166,9.918902397155762,1
kdl_random_restarts_1773542863,kdl_random_restarts,696,-0.7855529881139085,-0.5151131817234016,1.393204476105095,-0.7739415651965167,0.4161746384072059,1.3125,0.9348502776002066,1.0892403243193316,0.10145688056945801,4.609968662261963,1
kdl_random_restarts_1773542863,kdl_random_restarts,697,-0.7725242903426155,0.41570669914597125,1.3115084998782771,0.8192017148186501,-0.4105234229443796,1.3306,1.7934916714423224,2.377190993709891,0.5519776344299316,6.914740085601807,1
kdl_random_restarts_1773542863,kdl_random_restarts,698,0.8200001217462662,-0.4105595176181772,1.330804365421686,1.0127338841371516,0.6238817099092168,1.4668,1.0609947073374524,1.1477537570514496,0.10366988182067871,3.5077388286590576,1
kdl_random_restarts_1773542863,kdl_random_restarts,699,1.0119440611894182,0.6240515955441119,1.4671299825912052,0.25582784310199935,-0.3863895899160518,1.2126,1.2874349057590606,1.3736212628470819,0.1012117862701416,2.7095375061035156,1
kdl_random_restarts_1773542863,kdl_random_restarts,700,0.25580317427052657,-0.38674821746568,1.2129067724658125,-0.7281523440624563,0.11209964558409624,1.2723,1.104782878218243,2.9532523970176214,20.23148512840271,4.810870409011841,1
kdl_random_restarts_1773542863,kdl_random_restarts,701,-0.7285404832378132,0.1120229387290996,1.2722258538581528,0.6979235204835756,0.5044529426531971,1.3238,1.4803583196114993,3.921584450462458,0.8028736114501953,11.728652477264404,1
kdl_random_restarts_1773542863,kdl_random_restarts,702,0.6975267168351375,0.5049535934554339,1.3243538874331713,0.16053300394595738,0.5998210655803261,1.4542,0.5605551693621172,2.87411887179517,84.60804152488708,11.729361295700073,1
kdl_random_restarts_1773542863,kdl_random_restarts,703,0.16112677174486878,0.5999782860222693,1.4545161278206502,0.07221601101951647,0.2439870349611335,1.4133,0.3692338871194811,3.8766034446476314,2.955995798110962,12.723750829696655,1
kdl_random_restarts_1773542863,kdl_random_restarts,704,0.07297571939358405,0.24437059065830427,1.4138330180073835,0.4482021494703994,-0.5194505520070305,1.0357,0.9312369146023696,0.0,3.7070200443267822,0.0,0
kdl_random_restarts_1773542863,kdl_random_restarts,705,0.07303362398212898,0.24431045843431848,1.4138618250643056,0.11581120711023685,-0.7263703175496284,1.083,1.026411534311634,1.1438273114227167,0.30188918113708496,3.610229969024658,1
kdl_random_restarts_1773542863,kdl_random_restarts,706,0.11670306701148919,-0.7265845009778036,1.082685427057023,0.9627166436317918,-0.42879810482464153,1.1538,0.8997071701640632,0.9971614608753109,21.19537615776062,3.1060876846313477,1
kdl_random_restarts_1773542863,kdl_random_restarts,707,0.9618799086321209,-0.42890867018274303,1.153522718249953,-0.23545008049477467,0.42220983111243904,1.3745,1.4855412364384937,2.619020325623071,25.14417314529419,6.019776821136475,1
kdl_random_restarts_1773542863,kdl_random_restarts,708,-0.2360394376250563,0.4218988135729963,1.37481879009845,-0.02331259440488853,-0.7029207447514066,1.2846,1.148307963354061,3.3728572447668834,21.948771476745605,12.538266897201538,1
kdl_random_restarts_1773542863,kdl_random_restarts,709,-0.02399528645177873,-0.7021753966354556,1.2839740865230427,-0.6381278000284636,-0.34607209393880634,1.1443,0.7235172125592623,0.0,6.373112440109253,0.0,0
kdl_random_restarts_1773542863,kdl_random_restarts,710,-0.023995286452485942,-0.7021753966290882,1.2839740865193245,1.0956314405683147,-0.6812918751800238,1.0622,1.1415707927145406,1.251463866036866,1.0101969242095947,3.7101216316223145,1
kdl_random_restarts_1773542863,kdl_random_restarts,711,1.094246127986306,-0.6812426255045677,1.061683391091987,-0.09514787489317056,0.2933600733788092,1.3443,1.5634515222376075,3.8800907530648887,0.15149927139282227,8.920867919921875,1
kdl_random_restarts_1773542863,kdl_random_restarts,712,-0.0957001750666221,0.29300793279841664,1.3433747958741225,0.2708569655279518,-0.2523155271211091,1.3499,0.6571030296295682,3.894753035132684,40.548136472702026,9.522935628890991,1
kdl_random_restarts_1773542863,kdl_random_restarts,713,0.27027102861248475,-0.25300911345725285,1.3504991352537608,0.24499472514803222,-0.25031319386482426,1.4713,0.12344637873471678,2.443685161149916,0.5518999099731445,8.817962169647217,1
kdl_random_restarts_1773542863,kdl_random_restarts,714,0.24429151823738993,-0.2502285953537752,1.4711456440910256,-0.49326278155357534,0.5186605050920506,1.2502,1.0881147786733394,1.1446657619028895,0.10117006301879883,2.3068833351135254,1
kdl_random_restarts_1773542863,kdl_random_restarts,715,-0.4928938191866771,0.5189616207696689,1.2503146280623914,-0.4352697841673163,-0.6895102303905329,1.2469,1.2098497444489882,2.3914520308620255,0.15124154090881348,4.209797382354736,1
kdl_random_restarts_1773542863,kdl_random_restarts,716,-0.4358431892465846,-0.6897502307034291,1.2468920692438397,0.8449388426308926,-0.35487420577556533,1.0402,1.3398754332922096,0.0,2.254747152328491,0.0,0
kdl_random_restarts_1773542863,kdl_random_restarts,717,-0.4358431892466147,-0.6897502306983783,1.2468920692389536,-0.007630675878305571,0.054042058835830686,1.0199,0.88776028637979,0.0,1.9043681621551514,0.0,0
kdl_random_restarts_1773542863,kdl_random_restarts,718,-0.435843189246615,-0.6897502306983775,1.246892069238953,-0.31309279724180683,-0.2579087619411845,1.216,0.45001003635204406,3.5385566500710217,0.45161962509155273,10.018907070159912,1
kdl_random_restarts_1773542863,kdl_random_restarts,719,-0.3127267986255887,-0.25854467224168337,1.2157100578463769,0.8960504068781925,-0.1666784563026511,1.1612,1.2134879812272152,5.550641200362384,21.527220487594604,11.035992622375488,1
kdl_random_restarts_1773542863,kdl_random_restarts,720,0.8950333490758946,-0.16617220731597615,1.1612962155885471,0.1131239869535745,-0.4617695301552918,1.1252,0.8366976542480079,0.0,2.105694532394409,0.0,0
kdl_random_restarts_1773542863,kdl_random_restarts,721,0.8950333490755344,-0.1661722073174672,1.1612962155882642,-0.21583876644882194,0.431811497025791,1.0457,1.2668795731118143,0.0,5.711585283279419,0.0,0
kdl_random_restarts_1773542863,kdl_random_restarts,722,0.8950333490755351,-0.16617220731746646,1.1612962155882636,-0.736226951441398,0.5496379311712704,1.481,1.8098632081384067,2.5293018102441827,40.26655197143555,5.915186882019043,1
kdl_random_restarts_1773542863,kdl_random_restarts,723,-0.7361500489392401,0.5494577145472213,1.4806425894245419,0.7341613475576942,0.4054248249490492,1.418,1.4786768308067102,2.0336749752998835,0.7552440166473389,6.714854717254639,1
kdl_random_restarts_1773542863,kdl_random_restarts,724,0.7336974674771136,0.40566316344107756,1.4191416695274042,0.6553654210184392,0.15649004375382158,1.2876,0.2924489081859262,0.29366589647737135,0.10096406936645508,2.5066075325012207,1
kdl_random_restarts_1773542863,kdl_random_restarts,725,0.655625742419254,0.15707243156606593,1.2874655819167087,0.19548540352276933,-0.3548828861676149,1.4754,0.7135451803045629,0.7192017547631006,0.15139532089233398,2.7066867351531982,1
kdl_random_restarts_1773542863,kdl_random_restarts,726,0.19585247199225064,-0.35420773957830803,1.4751340544595504,-0.6195679999771684,0.30886123520879283,1.4998,1.051275140151926,4.965283163821882,0.5518310070037842,11.62157392501831,1
kdl_random_restarts_1773542863,kdl_random_restarts,727,-0.6207523472319199,0.30826504424138285,1.500636382730225,0.16261517891163635,-0.667932306918664,1.3361,1.2624175896549104,1.3042082043763104,0.10154438018798828,3.207385778427124,1
kdl_random_restarts_1773542863,kdl_random_restarts,728,0.1618432663437238,-0.6676105557369199,1.3355854587295428,-0.2700781376808913,-0.3253829881615924,1.1348,0.5865071250209609,0.0,7.101070880889893,0.0,0
kdl_random_restarts_1773542863,kdl_random_restarts,729,0.16184326634349644,-0.6676105557548702,1.335585458722481,0.5725613818824087,0.5854457167242183,1.0201,1.3558652097816941,0.0,8.344038724899292,0.0,0
kdl_random_restarts_1773542863,kdl_random_restarts,730,0.16184326634349255,-0.667610555754869,1.3355854587224845,0.5974385200321732,0.422736470870381,1.3781,1.174907379211939,2.0152438976497886,1.1554279327392578,9.628313779830933,1
kdl_random_restarts_1773542863,kdl_random_restarts,731,0.5977453124796408,0.4221116146537457,1.3777759740251576,-0.2282650443663523,0.23614171167735676,1.2353,0.8585903083568494,3.1042741715816247,20.70015597343445,11.629929780960083,1
kdl_random_restarts_1773542863,kdl_random_restarts,732,-0.2277315959430481,0.23656285594074405,1.2356132829439725,-0.13779492183130937,0.4962658303333324,1.3258,0.2892540132685845,2.38442077451855,0.25248026847839355,5.615202903747559,1
kdl_random_restarts_1773542863,kdl_random_restarts,733,-0.13725342260209072,0.4967066396582689,1.325989390362947,0.6219200506898841,-0.2027497937876348,1.458,1.0406778876750535,1.0590714186005563,1.5065977573394775,2.4075839519500732,1
kdl_random_restarts_1773542863,kdl_random_restarts,734,0.6221663424078493,-0.20315325015944563,1.4582598086033929,-0.7175005720594603,0.005138821808710725,1.0907,1.4047039694767407,0.0,3.0565788745880127,0.0,0
kdl_random_restarts_1773542863,kdl_random_restarts,735,0.622157296608474,-0.20315807758475565,1.4582799614596096,0.6742120639374543,0.05910380042638941,1.2927,0.31449596992103546,0.3193516934802515,0.3018651008605957,2.9085614681243896,1
kdl_random_restarts_1773542863,kdl_random_restarts,736,0.6744455306281694,0.05934082880777487,1.2924349979410115,-0.34712359536506443,0.08353503015795838,1.3174,1.0221605010414745,1.0213423135901631,0.1513657569885254,3.1080050468444824,1
kdl_random_restarts_1773542863,kdl_random_restarts,737,-0.34623009253652315,0.0838705739607792,1.3177433942245529,0.6313484699584673,-0.602143065372664,1.2459,1.1964263589937292,1.2034747014456777,0.1016240119934082,3.608569383621216,1
kdl_random_restarts_1773542863,kdl_random_restarts,738,0.6311272263115653,-0.6024528362074459,1.2463022375719204,-0.14108551343279763,0.5388387611707296,1.0456,1.3925302200799445,2.4591842927628544,20.459861040115356,6.3258748054504395,1
kdl_random_restarts_1773542863,kdl_random_restarts,739,-0.14088522812594717,0.53946221645926,1.0464170971143716,0.5427953920267652,-0.10860201840077433,1.174,0.9506228694839204,3.9570783791132427,0.40297842025756836,6.51870322227478,1
kdl_random_restarts_1773542863,kdl_random_restarts,740,0.5433461250826189,-0.10808734244371765,1.1744171910859391,0.5718404642018282,0.4409633018038125,1.1667,0.5498436981076761,0.5582444568437616,0.20140647888183594,1.7044909000396729,1
kdl_random_restarts_1773542863,kdl_random_restarts,741,0.5725455848148538,0.44139168713789123,1.1676941694782765,-0.48603312494023276,-0.26850015761552404,1.3351,1.2855193612259672,2.943834867827083,20.62688398361206,5.831374883651733,1
kdl_random_restarts_1773542863,kdl_random_restarts,742,-0.48681144180437375,-0.2690261497527465,1.3353600753913937,0.8246567774683911,0.22040738982501695,1.4289,1.4029411239684577,2.647296875875811,41.05780601501465,9.323476791381836,1
kdl_random_restarts_1773542863,kdl_random_restarts,743,0.8249609926354629,0.2205277644535384,1.4291648035216147,1.0041337022090848,-0.06114047353963514,1.1649,0.4257648911435161,6.1160816153740605,0.4023556709289551,10.021753549575806,1
kdl_random_restarts_1773542863,kdl_random_restarts,744,1.003888708159974,-0.06062761013534112,1.1653838910192063,0.6852596027814168,0.2661259626718627,1.3468,0.4911254511164573,0.4935258384648825,0.15122580528259277,2.407142400741577,1
kdl_random_restarts_1773542863,kdl_random_restarts,745,0.6855193925644361,0.2667047510206414,1.3468517111773162,0.7898927035370973,-0.7273116907341028,1.1441,1.0198385808094772,1.1290782995879962,0.10116004943847656,2.6070430278778076,1
kdl_random_restarts_1773542863,kdl_random_restarts,746,0.7888602799889126,-0.7270486185019193,1.1433807995214504,-0.005555247610260716,-0.42014654153556086,1.4726,0.9130554185265387,0.9190786632578258,0.1513059139251709,4.613524913787842,1
kdl_random_restarts_1773542863,kdl_random_restarts,747,-0.004323785890529619,-0.41944295582154617,1.4726522825126622,0.21002488646629347,0.5857064682019449,1.4068,1.0298578742079005,1.112427613767452,0.10104990005493164,3.708477258682251,1
kdl_random_restarts_1773542863,kdl_random_restarts,748,0.2098762125484872,0.5862007672442046,1.4068005773436156,0.5509757235932942,0.4422680073589721,1.275,0.392984615463884,5.826863954991247,20.68385362625122,7.822779893875122,1
kdl_random_restarts_1773542863,kdl_random_restarts,749,0.5503732824278106,0.4416853025843616,1.2745612120213305,0.22246542407415681,-0.1981352409457905,1.2274,0.7204984881404123,0.7432327157561668,0.25131726264953613,2.506502628326416,1
kdl_random_restarts_1773542863,kdl_random_restarts,750,0.22163873347073637,-0.19806173158496937,1.2276377083505514,-0.5612845013878042,-0.3173514814466976,1.1573,0.7950762411991962,0.0,3.0597786903381348,0.0,0
kdl_random_restarts_1773542863,kdl_random_restarts,751,0.22163873347073593,-0.19806173158497162,1.2276377083505516,0.4602973345220358,0.3516402397409456,1.1616,0.6029022840059205,0.0,2.4554154872894287,0.0,0
kdl_random_restarts_1773542863,kdl_random_restarts,752,0.22163873347073648,-0.19806173158497134,1.227637708350552,0.26020053859090986,0.40130893770708453,1.4851,0.6534669415074634,0.6873537499404224,0.20122075080871582,2.1048197746276855,1
kdl_random_restarts_1773542863,kdl_random_restarts,753,0.2597649961267884,0.4015478926048751,1.484721262801768,0.46290747957452694,-0.6717776120094923,1.2021,1.1283480339082737,1.5941305571893367,0.30179476737976074,3.607602119445801,1
kdl_random_restarts_1773542863,kdl_random_restarts,754,0.4643635585861081,-0.6719487102701616,1.2020502746125485,-0.2649687797471162,-0.258035016256462,1.2573,0.8404181923221701,0.8433032343036744,0.7024030685424805,2.407036066055298,1
kdl_random_restarts_1773542863,kdl_random_restarts,755,-0.2655032776485924,-0.25822241765868453,1.2576699782744691,0.5792095182699357,-0.18717937222150305,1.4941,0.8800488492502114,3.8212573514017913,43.533992290496826,13.726349353790283,1
kdl_random_restarts_1773542863,kdl_random_restarts,756,0.5796933032664524,-0.18677324293230227,1.4941840385264051,-0.3066270006572567,-0.1483783074306131,1.3288,0.9024354450147104,1.8634410381193167,40.41591024398804,6.320136785507202,1
kdl_random_restarts_1773542863,kdl_random_restarts,757,-0.3065808973849049,-0.14884558987665805,1.3290972474603446,-0.7608472295172096,-0.22923248140439412,1.2713,0.4649306127288476,0.4644611374461966,0.15130972862243652,2.8067703247070312,1
kdl_random_restarts_1773542863,kdl_random_restarts,758,-0.7602469000497114,-0.22932653060317354,1.2705605796432973,0.4578716726584042,0.12575567909811725,1.2066,1.2704279548920179,1.2772608171604178,20.525859594345093,3.5624005794525146,1
kdl_random_restarts_1773542863,kdl_random_restarts,759,0.45707215396921597,0.12570555506583495,1.2065950584552076,0.6153626803560968,-0.6037136387619593,1.0938,0.7548714965344357,4.921278157532208,7.617652177810669,11.230566024780273,1
kdl_random_restarts_1773542863,kdl_random_restarts,760,0.6163431510843564,-0.6038555712040536,1.0938531949371693,-0.016738485507689083,0.6040266500545625,1.1809,1.3665097750453004,2.809923005027106,1.7062313556671143,10.42206621170044,1
kdl_random_restarts_1773542863,kdl_random_restarts,761,-0.017641612902605353,0.6043572151317302,1.1813116627976339,-0.5174992002517989,0.5907095733929885,1.3782,0.5374094184901288,0.5373504372424952,0.15127849578857422,2.305865526199341,1
kdl_random_restarts_1773542863,kdl_random_restarts,762,-0.5169756620800148,0.591050654004839,1.377942496514519,0.5894880399421893,0.2250577841097099,1.3127,1.1672485973682731,1.1693076348154705,0.1011359691619873,2.9063689708709717,1
kdl_random_restarts_1773542863,kdl_random_restarts,763,0.5902747258630909,0.22498735168491785,1.3128526500275448,-0.08493226570821055,-0.37988441442002957,1.38,0.9090011559431644,2.2265256773449504,0.15144586563110352,4.008971214294434,1
kdl_random_restarts_1773542863,kdl_random_restarts,764,-0.08408310459239376,-0.38059321303294746,1.3807358056805015,-0.3407660954740023,-0.3480276724311783,1.1018,0.38046268665040456,0.0,2.807419538497925,0.0,0
kdl_random_restarts_1773542863,kdl_random_restarts,765,-0.08406024798099643,-0.38062803284767044,1.3807372437973502,0.32340893150868144,-0.6372302122527363,1.2746,0.49309322164304703,0.50821086112379,0.10109877586364746,3.2115108966827393,1
kdl_random_restarts_1773542863,kdl_random_restarts,766,0.3232093375665944,-0.6379502192946048,1.27528940770229,-0.2837696536108647,-0.6164999611226787,1.4638,0.6359401329644809,0.6390708772683359,0.25269603729248047,2.8105404376983643,1
kdl_random_restarts_1773542863,kdl_random_restarts,767,-0.2849836981134627,-0.6161939253396619,1.4645978050766149,0.4123365534752399,-0.3755896137237382,1.2191,0.7774414063717854,0.7920249743660203,40.46587777137756,2.9144725799560547,1
kdl_random_restarts_1773542863,kdl_random_restarts,768,0.4120005420360841,-0.37582257722509427,1.2191552942848167,-0.3757299834402349,0.18586011978420036,1.3491,0.9761621071472905,0.9859243803550067,0.2524843215942383,2.5087146759033203,1
kdl_random_restarts_1773542863,kdl_random_restarts,769,-0.37515582453587876,0.18590914105466286,1.349672581098687,-0.2528175446685492,-0.3705137473281736,1.0607,0.6388100171913655,0.0,5.083959579467773,0.0,0
kdl_random_restarts_1773542863,kdl_random_restarts,770,-0.375155824534933,0.18590914105500914,1.3496725810983368,1.00342625072617,-0.5974854247492369,1.4866,1.5915227620143872,2.0521350101655447,22.262358903884888,5.8261706829071045,1
kdl_random_restarts_1773542863,kdl_random_restarts,771,1.0038690850782015,-0.5972625623372516,1.4873008143346707,0.5868128225595588,0.47023351531610824,1.3044,1.1605759388319288,1.914478192879425,0.7074258327484131,6.415621757507324,1
kdl_random_restarts_1773542863,kdl_random_restarts,772,0.5877735916988376,0.46942114654460726,1.3045995533571064,0.5166586761354328,0.19147373060414052,1.1196,0.3413750605798583,0.0,2.060436964035034,0.0,0
kdl_random_restarts_1773542863,kdl_random_restarts,773,0.5877805387752024,0.4694133779755199,1.304574354594442,0.28235944458604956,-0.39523848516721755,1.0792,0.9442978814551941,0.0,3.2565972805023193,0.0,0
kdl_random_restarts_1773542863,kdl_random_restarts,774,0.5877807543155061,0.46942094422882963,1.304603088967363,-0.0821120004326944,0.4108874075569223,1.2754,0.6730789687582655,0.6727244173639141,0.25162172317504883,2.5068414211273193,1
kdl_random_restarts_1773542863,kdl_random_restarts,775,-0.08177183356251039,0.4111343450495968,1.2753320048951076,1.063427783697986,-0.6029988794005848,1.2761,1.5296891678127915,1.5470781675225553,0.20158076286315918,3.6080169677734375,1
kdl_random_restarts_1773542863,kdl_random_restarts,776,1.0635106959642604,-0.6034834009961059,1.2756489314664745,-0.6894162925921903,0.28528009645514196,1.0466,1.978665457983561,0.0,4.6591174602508545,0.0,0
kdl_random_restarts_1773542863,kdl_random_restarts,777,1.063510695969418,-0.6034834010364614,1.2756489314868866,-0.3602335252479161,-0.1461298396849181,1.4961,1.5115616299507164,0.0,0.25208616256713867,0.0,0
kdl_random_restarts_1773542863,kdl_random_restarts,778,1.063519713062425,-0.6034778666444828,1.2756302341077381,0.2952978071586698,0.09966277503525889,1.4565,1.0570172803252171,1.0581708602224291,0.30156826972961426,3.307192325592041,1
kdl_random_restarts_1773542863,kdl_random_restarts,779,0.2956311301178858,0.09888101373183471,1.4557805202338021,0.5422524977354473,-0.6174280977801392,1.2307,0.7903050567909514,5.323745724516317,0.2016289234161377,7.916002511978149,1
kdl_random_restarts_1773542863,kdl_random_restarts,780,0.5429746097282798,-0.6178270440191027,1.231189070286683,0.5911492847400546,-0.7241136087884116,1.0587,0.20825492198580778,0.21002223824169614,0.15128779411315918,3.2092881202697754,1
kdl_random_restarts_1773542863,kdl_random_restarts,781,0.5897637617910623,-0.7245977829265788,1.0587574731029874,-0.3362618578307204,-0.40285287563543604,1.4161,1.0434255675863204,3.1051231347536254,23.30137801170349,14.327086687088013,1
kdl_random_restarts_1773542863,kdl_random_restarts,782,-0.337302252719312,-0.4022667698152698,1.4156099766413375,0.5792777470261792,0.09064938976175774,1.2492,1.053934303754926,2.265207188153919,0.4016890525817871,4.811659336090088,1
kdl_random_restarts_1773542863,kdl_random_restarts,783,0.579042545573248,0.0911374914095428,1.2495624519203443,1.0128545875703923,0.4090877797003162,1.3583,0.5487341140919648,0.7313064841857281,0.3514435291290283,6.915333986282349,1
kdl_random_restarts_1773542863,kdl_random_restarts,784,1.0121973450282828,0.4091220407208941,1.359395080678655,0.9756322271191329,0.004804949440220696,1.2544,0.4193247966864012,0.42395884424679864,0.20116376876831055,1.9087843894958496,1
kdl_random_restarts_1773542863,kdl_random_restarts,785,0.9762577526405596,0.004713966140849665,1.255314918751536,0.599391120449855,0.27089849846843095,1.1367,0.4763949649814222,0.0,2.1067371368408203,0.0,0
kdl_random_restarts_1773542863,kdl_random_restarts,786,0.9762577526405106,0.004713966142077072,1.2553149187516477,-0.1374541560314867,0.522133320028653,1.4174,1.2386882484537867,1.7256156067567654,0.15120959281921387,3.9098939895629883,1
kdl_random_restarts_1773542863,kdl_random_restarts,787,-0.1384826948998935,0.5218724944513841,1.4174684029200524,-0.3401323344944924,-0.23675118403462048,1.4901,0.7883196125954576,0.8262275704154433,0.25232815742492676,2.215733289718628,1
kdl_random_restarts_1773542863,kdl_random_restarts,788,-0.339067002687543,-0.23647830071984663,1.489811849333162,0.6876010870231237,-0.1187293887050418,1.1219,1.0969372368511188,0.0,7.181705713272095,0.0,0
kdl_random_restarts_1773542863,kdl_random_restarts,789,-0.33906700268761836,-0.23647830073142984,1.4898118493241115,0.5252233656218699,-0.1554757674916145,1.2756,0.8941174237954845,3.148604825562444,0.404768705368042,4.922169208526611,1
kdl_random_restarts_1773542863,kdl_random_restarts,790,0.5256942353489408,-0.1549688446210087,1.2752456728016837,0.9827081917514127,-0.6550552797597549,1.1918,0.6825770134319977,0.6837979128667419,0.2014305591583252,2.605771780014038,1
kdl_random_restarts_1773542863,kdl_random_restarts,791,0.9813199454236017,-0.6554710655709526,1.191445776217507,0.006848358831640811,-0.7128910862631377,1.4609,1.0126685097136034,1.01207781400322,0.15128755569458008,3.10669207572937,1
kdl_random_restarts_1773542863,kdl_random_restarts,792,0.0075770727899958645,-0.7125612749614545,1.460426253282743,-0.7616590146973758,-0.06823446782753106,1.2541,1.0244275062091852,3.5929984949808724,0.5017175674438477,6.312350273132324,1
kdl_random_restarts_1773542863,kdl_random_restarts,793,-0.7621387439351555,-0.06748047604969908,1.2545300147415417,0.6421215230456496,-0.18011197266138612,1.4397,1.420887284372201,4.517713537766392,23.826355934143066,12.228181838989258,1
kdl_random_restarts_1773542863,kdl_random_restarts,794,0.6428176830151469,-0.18041278204369843,1.439689443993496,-0.5568863356430278,-0.5225243679913348,1.432,1.2475532843021615,3.98873437487892,0.7533338069915771,13.826709747314453,1
kdl_random_restarts_1773542863,kdl_random_restarts,795,-0.5566024939875991,-0.5227258609387263,1.4323845083908353,0.4434828210481352,0.4684429006729801,1.1381,1.438467769268343,0.0,2.4555153846740723,0.0,0
kdl_random_restarts_1773542863,kdl_random_restarts,796,-0.556610279820394,-0.5227309826652446,1.4323988119405984,-0.6541240467191944,-0.3456564487893649,1.395,0.2055796595403395,0.20590163727865937,0.20146417617797852,1.7042779922485352,1
kdl_random_restarts_1773542863,kdl_random_restarts,797,-0.6539856837773789,-0.3458865266514129,1.3950356477349,0.1477412175446713,-0.0071490583553298626,1.2075,0.8903250619310031,3.232768633480288,0.6535117626190186,10.422349214553833,1
kdl_random_restarts_1773542863,kdl_random_restarts,798,0.14744614500190367,-0.006620092771717656,1.2082438426210549,0.7691971950498533,0.34148837359124806,1.4671,0.7581295290399241,0.7593455528372333,0.2014148235321045,3.708688259124756,1
kdl_random_restarts_1773542863,kdl_random_restarts,799,0.7697004616613541,0.3410430801909834,1.4666963139130744,1.015479363698967,-0.29405574725072386,1.2539,0.7134704342295045,0.7286852553646611,0.25179553031921387,2.8071582317352295,1
kdl_random_restarts_1773542863,kdl_random_restarts,800,1.0156413612509692,-0.29397002745674666,1.2546818643249673,0.9923014504417409,0.4610629011375361,1.4103,0.7712564287247238,6.021870662836734,0.45181989669799805,9.323110580444336,1
kdl_random_restarts_1773542863,kdl_random_restarts,801,0.9927727595754711,0.4608587978163713,1.4108560593439758,0.2237816980840477,-0.05169598271418396,1.1414,0.9626350417555014,0.0,6.044262170791626,0.0,0
kdl_random_restarts_1773542863,kdl_random_restarts,802,0.9927780866105906,0.46085888297963773,1.4108562813514542,0.46869663189973165,0.40828610704637824,1.1493,0.5880790391227866,0.0,2.6577866077423096,0.0,0
kdl_random_restarts_1773542863,kdl_random_restarts,803,0.9927759747894027,0.46086020456256754,1.4108586605884916,-0.0024845883230601995,0.09589124139119343,1.2935,1.0665453519567039,1.0672400341917008,0.15127348899841309,3.308126926422119,1
kdl_random_restarts_1773542863,kdl_random_restarts,804,-0.0029580533411055487,0.0954132506160946,1.2930415846744916,-0.5177200471247456,0.21048673736095558,1.4995,0.5664334866994077,3.681672984304301,22.694685697555542,13.540401697158813,1
kdl_random_restarts_1773542863,kdl_random_restarts,805,-0.518583321785151,0.21026426647701268,1.4996926919331819,-0.5454061405366584,-0.7402628062089974,1.2448,0.9844752226012373,1.0551493612016534,0.2015390396118164,4.0093910694122314,1
kdl_random_restarts_1773542863,kdl_random_restarts,806,-0.5446275805200329,-0.740313243466467,1.244914607696663,0.14759789952808022,-0.5212875113499028,1.0743,0.7458268773090199,0.0,1.7537930011749268,0.0,0
kdl_random_restarts_1773542863,kdl_random_restarts,807,-0.5446283872269447,-0.7403209464562748,1.2449307258859967,-0.5444871132549325,0.48103550506684367,1.2693,1.2215995510625903,1.4281351729626244,0.20115232467651367,2.8070454597473145,1
kdl_random_restarts_1773542863,kdl_random_restarts,808,-0.5446770793760056,0.48139664769068813,1.2694678764683092,-0.6642052497579977,-0.437475567276014,1.1726,0.9316633063742283,1.0448175964927289,0.30169177055358887,2.8070218563079834,1
kdl_random_restarts_1773542863,kdl_random_restarts,809,-0.6637685301485056,-0.43715349000519343,1.1719680965899768,-0.3867117133225697,-0.6636760132246889,1.276,0.372686960065092,0.37968864639554445,0.20130419731140137,3.1197056770324707,1
kdl_random_restarts_1773542863,kdl_random_restarts,810,-0.3854681340783447,-0.6642482316494251,1.2765446040312562,-0.4378441241585326,0.5758514909282876,1.2717,1.2412147422837112,1.4724903607936635,0.20249247550964355,4.208849191665649,1
kdl_random_restarts_1773542863,kdl_random_restarts,811,-0.43829908375735505,0.5754794906038512,1.2708309008620478,-0.048933744816775926,-0.1536304858669817,1.2277,0.8276877427911944,0.8943562681750686,20.141961336135864,2.609266757965088,1
kdl_random_restarts_1773542863,kdl_random_restarts,812,-0.050078079374690776,-0.15388346162485333,1.2278562027435844,0.518653562632386,-0.5070925708127123,1.1609,0.6728264921353697,5.436547114990203,0.5032384395599365,9.02731966972351,1
kdl_random_restarts_1773542863,kdl_random_restarts,813,0.5184033201871556,-0.507865791641719,1.1617436731440467,0.8523844471459194,0.12456959775404919,1.0943,0.7183777307043864,5.494959531249498,24.56312084197998,8.317354679107666,1
kdl_random_restarts_1773542863,kdl_random_restarts,814,0.8519145445094379,0.12414395930402175,1.0945540647301861,0.3273742966390014,-0.5819618335953592,1.3487,0.9155970832283221,2.069243130402687,236.48236513137817,7.014837265014648,1
kdl_random_restarts_1773542863,kdl_random_restarts,815,0.32771238685611614,-0.5821534280990964,1.3490625301258166,0.4986899684022992,-0.4596095955891263,1.2859,0.2196356744463612,0.6822961464603311,0.15132451057434082,6.012585401535034,1
kdl_random_restarts_1773542863,kdl_random_restarts,816,0.49868987458037817,-0.4602617158606091,1.285804023505334,-0.4680449281032409,-0.0452758421206374,1.1168,1.0655288893711212,0.0,2.910997152328491,0.0,0
kdl_random_restarts_1773542863,kdl_random_restarts,817,0.4986862737610911,-0.4602681225240385,1.285799033301621,0.698246581101315,-0.64813092472374,1.3878,0.29243964492430335,0.2929301696926032,0.15123271942138672,2.8065555095672607,1
kdl_random_restarts_1773542863,kdl_random_restarts,818,0.6979202849063073,-0.6488704772448433,1.3880347352534272,0.37254123701011155,0.2031798586690211,1.0218,0.9828474861579043,0.0,4.411880016326904,0.0,0
kdl_random_restarts_1773542863,kdl_random_restarts,819,0.6979202849056187,-0.6488704772442,1.3880347352553621,0.5608653387874356,-0.007007832496427002,1.3724,0.6565182083724481,0.6679735773930419,0.2512824535369873,2.0069377422332764,1
kdl_random_restarts_1773542863,kdl_random_restarts,820,0.5617907670190436,-0.0077335284419532135,1.3731941850282516,0.7984724645555845,-0.07647993718811175,1.3526,0.2473224921458831,0.24797035497018285,0.2514364719390869,1.5062124729156494,1
kdl_random_restarts_1773542863,kdl_random_restarts,821,0.7991303333915292,-0.07647110188345789,1.3523594360312161,0.021464932023983252,-0.49095042214168094,1.4057,0.8828373571447761,0.8844905959636665,40.221070528030396,2.506484270095825,1
kdl_random_restarts_1773542863,kdl_random_restarts,822,0.021376195381181184,-0.4913706689814392,1.4057490522925602,0.05122593666981712,-0.638988574676352,1.193,0.2606611063970479,0.26243835263425,0.15118670463562012,1.404604196548462,1
kdl_random_restarts_1773542863,kdl_random_restarts,823,0.05131840936052956,-0.6395091716270096,1.1927233986100019,0.9143161245786253,-0.4634284518083033,1.3318,0.8916904044665501,0.8908774160438215,0.1513502597808838,2.507624387741089,1
kdl_random_restarts_1773542863,kdl_random_restarts,824,0.913452152659438,-0.46346418422763647,1.3306760533041735,-0.1011994109438692,0.0013795649036320023,1.4104,1.1189072411535324,2.035026590458418,20.22736644744873,3.6091268062591553,1
kdl_random_restarts_1773542863,kdl_random_restarts,825,-0.0998902323171964,0.0010071183079763402,1.409873746732483,0.4119662907700534,-0.6411791493821326,1.4904,0.825157427465829,2.3634538112301318,41.91069674491882,9.218812227249146,1
kdl_random_restarts_1773542863,kdl_random_restarts,826,0.4125431571819387,-0.6408105563667035,1.4909987412523844,-0.013858034678332576,0.627128554262654,1.2477,1.3596624000752615,9.692947535881418,0.6523878574371338,18.141419172286987,1
kdl_random_restarts_1773542863,kdl_random_restarts,827,-0.01454360719451031,0.6268884897027891,1.2476067382484866,-0.4367393520567793,-0.26138478589081365,1.0185,1.0098359057908641,0.0,3.4220521450042725,0.0,0
kdl_random_restarts_1773542863,kdl_random_restarts,828,-0.014543001585715698,0.62688037805858,1.2475932140785249,-0.1405039367361356,-0.10513627387830493,1.2511,0.7427831671789243,0.8113832492705971,0.10181593894958496,2.5063047409057617,1
kdl_random_restarts_1773542863,kdl_random_restarts,829,-0.1411238289337169,-0.10490986227310636,1.2506613745967994,0.5317735286641838,-0.7315083011011984,1.2951,0.9205385645543401,0.9413958712605655,0.2014915943145752,2.006060838699341,1
kdl_random_restarts_1773542863,kdl_random_restarts,830,0.5321457655340377,-0.7318267363389087,1.2952800641524866,0.08626692773225886,-0.7356992844316926,1.4349,0.46724368493780594,0.4670081189079374,0.9525887966156006,2.1072354316711426,1
kdl_random_restarts_1773542863,kdl_random_restarts,831,0.08681997391787522,-0.735923548995228,1.4353345190746292,0.21396678105324107,-0.6516793903834021,1.4371,0.15253362169643211,0.15288459841049767,0.2516047954559326,2.0056052207946777,1
kdl_random_restarts_1773542863,kdl_random_restarts,832,0.21375349959775536,-0.65224426201691,1.4366658440489797,0.6768446747270751,0.28990036755188486,1.2202,1.07188964037713,4.239411601675474,1.005605936050415,11.823970794677734,1
kdl_random_restarts_1773542863,kdl_random_restarts,833,0.6761773200627523,0.2905048212570901,1.2198893643627158,-0.5948768049404534,0.17917036842369227,1.263,1.2766489243250971,6.564890929309094,0.40146684646606445,11.52275562286377,1
kdl_random_restarts_1773542863,kdl_random_restarts,834,-0.5943075407639113,0.17917313912484695,1.2633294636027066,-0.5362958460074426,-0.4751040753370026,1.2285,0.6577667684121228,0.6770276567743895,0.2517282962799072,1.9049696922302246,1
kdl_random_restarts_1773542863,kdl_random_restarts,835,-0.5370625367482339,-0.47449963041513377,1.2281833162930167,0.92710886460404,0.29947485127922724,1.3612,1.6614836228492715,2.9226744821625656,0.4520604610443115,7.218066930770874,1
kdl_random_restarts_1773542863,kdl_random_restarts,836,0.9274453254854053,0.299734784515611,1.360805866041876,0.8892515452490997,0.052280480699406384,1.205,0.294903145488414,0.2968069598843521,0.20244169235229492,3.507422685623169,1
kdl_random_restarts_1773542863,kdl_random_restarts,837,0.8900958803348372,0.05175067593059932,1.2048088597109574,0.06631185827011554,0.2413296318304281,1.3274,0.8541597527433418,0.8530223738425906,0.20135068893432617,2.7063965797424316,1
kdl_random_restarts_1773542863,kdl_random_restarts,838,0.06734641195430713,0.2404840129840953,1.3276519030815996,-0.2509952660992084,-0.4111781371378468,1.0772,0.7672881711877719,0.0,2.2557055950164795,0.0,0
kdl_random_restarts_1773542863,kdl_random_restarts,839,0.06734641195463453,0.24048401297801733,1.3276519030236484,0.9263359345171644,-0.046300045381000965,1.2347,0.9103560579667659,1.2987726359402012,1.4552867412567139,6.5228846073150635,1
kdl_random_restarts_1773542863,kdl_random_restarts,840,0.925957614351911,-0.04559329843706529,1.235554995648639,0.5067814796633678,-0.21703449766440308,1.4846,0.5168405275104739,0.5165897676711992,0.6540112495422363,3.216905355453491,1
kdl_random_restarts_1773542863,kdl_random_restarts,841,0.5073039988183742,-0.21633322292525015,1.4841808410065678,0.7051505549729924,-0.3693461418390514,1.1693,0.40212704108250097,0.40385878523900537,0.40282130241394043,3.10891056060791,1
kdl_random_restarts_1773542863,kdl_random_restarts,842,0.7056971349462348,-0.3697732357141543,1.1695558900469831,0.9882337262704779,0.1313782628268565,1.3464,0.6018750610816982,0.6119727479120393,0.25182271003723145,1.7044920921325684,1
kdl_random_restarts_1773542863,kdl_random_restarts,843,0.9874313209988279,0.1322155135229954,1.3471082082705816,-0.4945835083880026,0.21143667751998207,1.3249,1.4842968543597008,5.8345390652150835,0.6583833694458008,10.821622371673584,1
kdl_random_restarts_1773542863,kdl_random_restarts,844,-0.49551281217330945,0.21193622003300772,1.3252131312196629,-0.34849337663394175,0.16654533014677553,1.4259,0.1838828237105553,0.18371974140873953,0.15124106407165527,2.2056984901428223,1
kdl_random_restarts_1773542863,kdl_random_restarts,845,-0.34791269400557834,0.16709052262647398,1.4249447287469639,0.6350073379048093,-0.4850694145788456,1.4262,1.1795956716317175,0.0,122.19134378433228,0.0,0
kdl_random_restarts_1773542863,kdl_random_restarts,846,-0.34791269400577496,0.16709052262553067,1.424944728747271,-0.14293582225959567,-0.1489562849218008,1.4297,0.37672764049960106,0.37751978727084134,0.15141081809997559,3.4079296588897705,1
kdl_random_restarts_1773542863,kdl_random_restarts,847,-0.1436749875415957,-0.14910955968069992,1.429578614532296,-0.8062533675208123,0.4650012515541143,1.19,0.934633677240757,0.9373808602049972,0.15141987800598145,3.4089417457580566,1
kdl_random_restarts_1773542863,kdl_random_restarts,848,-0.8057208964971402,0.4652301575451334,1.190123443787312,-0.7957429864496395,0.17324831565397425,1.1583,0.29388039447631426,0.29657927936944184,0.1514294147491455,2.806741237640381,1
kdl_random_restarts_1773542863,kdl_random_restarts,849,-0.7948450670504935,0.1725683468746917,1.1578144991717212,0.887250250467259,-0.2960506903709585,1.3594,1.757750031554082,2.5135708086608983,0.2516961097717285,7.315558671951294,1
kdl_random_restarts_1773542863,kdl_random_restarts,850,0.8872144138734483,-0.2955848174623972,1.3595688571093705,0.762973846293665,0.4178532318156848,1.3797,0.7244548513912682,0.0,63.368062257766724,0.0,0
kdl_random_restarts_1773542863,kdl_random_restarts,851,0.8872112327950822,-0.29558395312645847,1.3595820458985903,-0.7396987785166769,-0.6125827548070257,1.4362,1.6592753647493323,2.698358036591278,1.3609237670898438,7.8173463344573975,1
kdl_random_restarts_1773542863,kdl_random_restarts,852,-0.7399229983782734,-0.612800675768194,1.4358442448122681,0.6099005136808135,0.365357782858846,1.0179,1.7185735002212887,0.0,1.9563775062561035,0.0,0
kdl_random_restarts_1773542863,kdl_random_restarts,853,-0.7399229983771288,-0.6128006757740623,1.4358442448084328,-0.3943539662208879,-0.6875579638947726,1.0342,0.5350931764658378,5.033660097685487,20.42045283317566,7.128441572189331,1
kdl_random_restarts_1773542863,kdl_random_restarts,854,-0.39410547282253705,-0.6872883441391051,1.033988869911603,-0.8285518876808068,-0.24777353950759806,1.3156,0.6791331087961621,0.0,60.794325828552246,0.0,0
kdl_random_restarts_1773542863,kdl_random_restarts,855,-0.3941129653589845,-0.6872876133469583,1.033987462920638,-0.2530740253850783,0.156065915546997,1.4605,0.9555365516675564,4.00614135494803,20.75306224822998,9.721232891082764,1
kdl_random_restarts_1773542863,kdl_random_restarts,856,-0.25283768350887015,0.15601697438546747,1.4591810328811055,0.6419484119169989,0.11402299860314857,1.4987,0.8966422917371357,2.186440764539268,0.4015035629272461,4.0085859298706055,1
kdl_random_restarts_1773542863,kdl_random_restarts,857,0.6422929077577183,0.11375260693313022,1.4989789401396627,0.7861711023603526,0.1082289988498808,1.3734,0.19105369751714266,0.19116196724494947,0.5524938106536865,3.3079044818878174,1
kdl_random_restarts_1773542863,kdl_random_restarts,858,0.7861182268212457,0.10833788420363648,1.373228998151685,0.8403066952930975,0.06345076001193839,1.217,0.17134393452061553,0.1711144936078003,0.251514196395874,3.206970691680908,1
kdl_random_restarts_1773542863,kdl_random_restarts,859,0.8407091400245748,0.06287635737588512,1.2177940037686015,0.6268391911299018,-0.13528831131014007,1.0492,0.33679894456838694,0.0,2.6615002155303955,0.0,0
kdl_random_restarts_1773542863,kdl_random_restarts,860,0.8407091400245753,0.06287635737567446,1.217794003768606,-0.419368833357705,0.07707447884378149,1.3169,1.2640490829653075,6.090683353081806,41.55402970314026,13.626327991485596,1
kdl_random_restarts_1773542863,kdl_random_restarts,861,-0.41970425440551595,0.07703251032395203,1.316809624328315,-0.19534373879491818,-0.01797116141139099,1.4363,0.27136928434590846,3.0890350213450666,2.760754108428955,12.535451173782349,1
kdl_random_restarts_1773542863,kdl_random_restarts,862,-0.1955817783292455,-0.018131002275652452,1.4361282024495023,1.0715756933942486,0.1494252694180327,1.2218,1.296032306963758,2.3923411052256682,20.35491371154785,4.435746431350708,1
kdl_random_restarts_1773542863,kdl_random_restarts,863,1.0721803641210745,0.14952514081769358,1.2219868778926593,0.302639590136226,-0.6696998521372546,1.347,1.1309071016693897,1.17994725708032,20.21027112007141,2.5063958168029785,1
kdl_random_restarts_1773542863,kdl_random_restarts,864,0.3033278031430538,-0.6697746431240135,1.3474449377868338,0.46986765871746305,-0.23032952228764492,1.4517,0.4813695625179336,2.711162845465435,0.25130534172058105,5.211644887924194,1
kdl_random_restarts_1773542863,kdl_random_restarts,865,0.4708908339249436,-0.2308960646129935,1.4518971690788665,0.11871242239924107,0.20627458378083063,1.023,0.7064705167278458,0.0,4.3190391063690186,0.0,0
kdl_random_restarts_1773542863,kdl_random_restarts,866,0.4708861796703474,-0.23089872459562422,1.4519092535178058,-0.3273787609384131,-0.5283721746245814,1.3981,0.8535881938273174,2.597360729527536,0.4575662612915039,5.625777959823608,1
kdl_random_restarts_1773542863,kdl_random_restarts,867,-0.3274879413881703,-0.528720212689874,1.3986118422602332,-0.5175163876067244,0.2258611860139541,1.1467,0.817901873034295,2.6706205460606753,1.656949758529663,12.226438999176025,1
kdl_random_restarts_1773542863,kdl_random_restarts,868,-0.5186399810912646,0.22617857006477915,1.1474555465569156,0.7866615521044387,-0.5097931391353075,1.1874,1.49902034965067,2.6952496774756334,21.170214653015137,5.916979789733887,1
kdl_random_restarts_1773542863,kdl_random_restarts,869,0.7875485319382833,-0.5104423823878116,1.1877779068752206,0.33542029665248485,0.2183047686607953,1.0728,0.8652816133337853,0.0,13.44652247428894,0.0,0
kdl_random_restarts_1773542863,kdl_random_restarts,870,0.7875485319364066,-0.5104423823966652,1.1877779068726726,1.0315437312129305,-0.0066252016571894945,1.2656,0.5651740325395201,3.725307272144404,0.35170722007751465,6.414661884307861,1
kdl_random_restarts_1773542863,kdl_random_restarts,871,1.03057429912441,-0.007124712265815944,1.2650758872830705,-0.5683843530827866,0.043762337979898924,1.283,1.599868599969277,2.3461225785027926,40.19702625274658,4.410512685775757,1
kdl_random_restarts_1773542863,kdl_random_restarts,872,-0.5682641694864141,0.043447386467484014,1.2835745840930064,0.28288417407720745,0.0715624080181434,1.3963,0.8590407304542058,3.3782082932961517,22.33594560623169,14.130213022232056,1
kdl_random_restarts_1773542863,kdl_random_restarts,873,0.2835027079660082,0.07188633619939994,1.3952393614694147,-0.8100838570307366,-0.16133751193350654,1.085,1.1604194930645773,0.0,3.0560128688812256,0.0,0
kdl_random_restarts_1773542863,kdl_random_restarts,874,0.2835027079660033,0.07188633619939336,1.3952393614693381,0.873088497177801,0.47012495789672426,1.0395,0.7954595501661291,0.0,2.3557920455932617,0.0,0
kdl_random_restarts_1773542863,kdl_random_restarts,875,0.28350270796600396,0.07188633619939236,1.395239361469339,0.8374597197532845,0.4744923801203481,1.4354,0.6859831443972704,0.6867926953572415,0.15135502815246582,3.207338333129883,1
kdl_random_restarts_1773542863,kdl_random_restarts,876,0.838403450458722,0.4741390245841389,1.435103282531712,-0.3051182540264423,0.35982778917292546,1.3099,1.156021111021165,1.156025493222878,0.10205888748168945,2.9077534675598145,1
kdl_random_restarts_1773542863,kdl_random_restarts,877,-0.3044049669380916,0.3601807845951896,1.3103698255335074,0.905579145997627,0.11249435316455625,1.1204,1.2495993984013078,0.0,2.4551520347595215,0.0,0
kdl_random_restarts_1773542863,kdl_random_restarts,878,-0.30440324474163605,0.3601806250790769,1.3103697605926534,0.8065228783924627,-0.6572705497459671,1.4564,1.5135020895380316,1.5281372311920811,0.15138673782348633,4.8099894523620605,1
kdl_random_restarts_1773542863,kdl_random_restarts,879,0.8058836359483894,-0.6576255581717501,1.4560871400756592,1.0601300905555178,0.3795221485915038,1.0716,1.1349656321704769,1.4102079753613967,0.2015552520751953,5.416139125823975,1
kdl_random_restarts_1773542863,kdl_random_restarts,880,1.060665221944367,0.379306072311374,1.071573282496098,-0.7043248905105854,-0.21318890788667988,1.2306,1.868563591506509,3.382798780667944,65.25380086898804,10.726433277130127,1
kdl_random_restarts_1773542863,kdl_random_restarts,881,-0.7041057584317347,-0.2138173662478227,1.2306451589304734,-0.4183970299113334,-0.09844669202062684,1.127,0.32508797116181526,0.0,5.7770373821258545,0.0,0
kdl_random_restarts_1773542863,kdl_random_restarts,882,-0.7041057584347375,-0.21381736624629818,1.230645158935761,-0.5410326614154786,-0.5406433756794271,1.1277,0.3794809364931859,0.0,3.0109059810638428,0.0,0
kdl_random_restarts_1773542863,kdl_random_restarts,883,-0.7041057584363909,-0.2138173662453026,1.2306451589387422,1.0451032241642717,-0.13879657153813363,1.0047,1.7653360584594633,0.0,2.1547892093658447,0.0,0
kdl_random_restarts_1773542863,kdl_random_restarts,884,-0.7041057584375767,-0.21381736624459072,1.230645158940881,-0.2263647344424471,-0.3316472445288514,1.4023,0.5211388976879678,1.4541285354433742,0.15147113800048828,8.516287326812744,1
kdl_random_restarts_1773542863,kdl_random_restarts,885,-0.22725838474541205,-0.3312016047234394,1.4024229382142281,-0.3646902130647699,-0.25479066559687824,1.4506,0.164460233295817,2.8556641076432974,0.4518392086029053,6.512909412384033,1
kdl_random_restarts_1773542863,kdl_random_restarts,886,-0.3635079385502149,-0.2546856141518177,1.4506125158490857,-0.45577524558329024,0.3685984817607634,1.3388,0.6399205879366606,2.138786103092142,0.15134382247924805,4.108659029006958,1
kdl_random_restarts_1773542863,kdl_random_restarts,887,-0.456819356269504,0.36809999089911244,1.3385582819104505,0.8407539831228337,-0.5301326224889098,1.079,1.5993401453611937,2.1256373662766332,20.870787620544434,4.615522623062134,1
kdl_random_restarts_1773542863,kdl_random_restarts,888,0.8395576892524392,-0.5303113743783558,1.0789237098072195,-0.27360452864594087,0.0311230928008156,1.2209,1.2547892457580698,4.048322198168826,27.941145181655884,10.62410831451416,1
kdl_random_restarts_1773542863,kdl_random_restarts,889,-0.2738298667582473,0.03140584038236456,1.2204729509363044,0.2779455855865929,-0.04843096322432694,1.1728,0.5595558732347125,0.5604225469345371,0.10135626792907715,3.7098686695098877,1
kdl_random_restarts_1773542863,kdl_random_restarts,890,0.2785421841584611,-0.04882927358084396,1.1727147286587103,-0.3306446917999506,-0.07271564632052674,1.2938,0.6215632321642119,5.723366968678357,21.214202404022217,13.834767818450928,1
kdl_random_restarts_1773542863,kdl_random_restarts,891,-0.33165490681476506,-0.07268333134589092,1.2935893611325258,-0.2655894063391301,0.38695178416867704,1.3195,0.46508112300297355,0.4750604017304858,0.10158133506774902,1.8043477535247803,1
kdl_random_restarts_1773542863,kdl_random_restarts,892,-0.26432650373803546,0.38736835949715986,1.3196126942320343,0.03561108262851009,0.2531583488349892,1.2122,0.34570561111950937,0.34493567591423585,0.10108399391174316,2.405543327331543,1
kdl_random_restarts_1773542863,kdl_random_restarts,893,0.034755430672738896,0.253606349356281,1.2118518812142822,0.6671116841617806,0.4416668858063514,1.125,0.6654205031159208,0.0,2.3048129081726074,0.0,0
kdl_random_restarts_1773542863,kdl_random_restarts,894,0.03475543067311626,0.25360634935061865,1.2118518812119996,0.7920942114664942,0.6165058539459877,1.4227,0.865860848246185,7.122870932676427,21.548123836517334,9.730522632598877,1
kdl_random_restarts_1773542863,kdl_random_restarts,895,0.7914359673045563,0.6171035093910288,1.4237605212943363,-0.4861799628726349,-0.07057465360334703,1.0996,1.4867023119870584,0.0,2.5560147762298584,0.0,0
kdl_random_restarts_1773542863,kdl_random_restarts,896,0.7914359673009179,0.6171035094024605,1.4237605213027762,0.08466447108769093,0.4087285985663941,1.1923,0.7723470879385609,0.7732420272188416,0.10153579711914062,3.8082032203674316,1
kdl_random_restarts_1773542863,kdl_random_restarts,897,0.08506385733357591,0.4081676902370593,1.191616154159985,-0.06671288451368396,-0.2920077127979616,1.2416,0.7181783617082751,0.7384074416235921,0.10156464576721191,2.0051774978637695,1
kdl_random_restarts_1773542863,kdl_random_restarts,898,-0.06557440440143314,-0.29132243730135804,1.2413132785917456,-0.6232639807735634,-0.47311999739184807,1.1186,0.5992716956370597,0.0,2.40566349029541,0.0,0
kdl_random_restarts_1773542863,kdl_random_restarts,899,-0.06557440439531237,-0.29132243729566143,1.241313278523398,0.25223554413935023,0.05297807719350267,1.286,0.47068345067724165,0.4719372925914321,0.15149545669555664,2.30509877204895,1
kdl_random_restarts_1773542863,kdl_random_restarts,900,0.2517863356207033,0.053519400069737676,1.284960251162426,-0.41748342946912026,0.016357955925252132,1.2874,0.6703051124440883,4.946832911513183,40.75437307357788,14.030806064605713,1
kdl_random_restarts_1773542863,kdl_random_restarts,901,-0.41663808022332927,0.0162209969669099,1.2870070833227913,-0.5930949370344178,0.041385570737440425,1.4963,0.27490689889479764,0.3222692689329665,40.905714988708496,3.2073609828948975,1
kdl_random_restarts_1773542863,kdl_random_restarts,902,-0.5924740262681175,0.040825327154896604,1.4961706323497457,-0.43951717575865806,-0.49178089046024526,1.1476,0.6546500339087921,0.6712583457527995,0.25165843963623047,1.7065238952636719,1
kdl_random_restarts_1773542863,kdl_random_restarts,903,-0.4384332330760785,-0.4927388956236275,1.148114672921805,0.9645593356553386,0.5896790458242923,1.489,1.804499807176809,2.836347739421716,0.20142340660095215,5.711328744888306,1
kdl_random_restarts_1773542863,kdl_random_restarts,904,0.965481662114157,0.5891043232457225,1.4889992080997196,-0.13064538162166994,0.35308412984044624,1.3291,1.1325933888448338,1.1322315547202566,0.10161304473876953,3.507960796356201,1
kdl_random_restarts_1773542863,kdl_random_restarts,905,-0.13017936222391435,0.35347485526149525,1.328518878733354,0.2305476934596684,0.4181960499555518,1.1372,0.41341958722895605,0.0,2.4051828384399414,0.0,0
kdl_random_restarts_1773542863,kdl_random_restarts,906,-0.13017936222543136,0.3534748552636032,1.3285188787074258,0.46041946576550896,-0.44002714203942084,1.283,0.9902143018897183,1.0071774808080487,0.1512763500213623,2.405317783355713,1
kdl_random_restarts_1773542863,kdl_random_restarts,907,0.4615759187008769,-0.4396732911967255,1.2836836764200072,-0.37815613566886386,-0.3812981458842526,1.3429,0.8438389382486494,1.4070954282226804,0.20124268531799316,4.309804916381836,1
kdl_random_restarts_1773542863,kdl_random_restarts,908,-0.37838324406657864,-0.38229716247427387,1.3437895452160822,0.697922919780505,0.11894995681459164,1.3723,1.1876432456603276,2.3033285560090144,0.9526057243347168,5.010757684707642,1
kdl_random_restarts_1773542863,kdl_random_restarts,909,0.697313206463936,0.11891744997070472,1.3726654616326222,0.035397364472574466,-0.260424561782775,1.0245,0.838601295273366,0.0,12.42234754562378,0.0,0
kdl_random_restarts_1773542863,kdl_random_restarts,910,0.6973132064639943,0.1189174499709159,1.3726654616325933,0.9519059869791033,-0.6879587704243457,1.3032,0.8489359041114863,0.8700379248568163,40.31834125518799,2.408052444458008,1
kdl_random_restarts_1773542863,kdl_random_restarts,911,0.9508326884701473,-0.6882335119282252,1.3032165790466954,-0.4009933324345899,0.5051890742822617,1.2484,1.8040775807627687,1.919612378389423,0.1522197723388672,3.5104260444641113,1
kdl_random_restarts_1773542863,kdl_random_restarts,912,-0.3999279723816458,0.504753680612439,1.2481207068156681,0.6344609233463696,-0.530727711697232,1.4521,1.477765087377888,2.331521527338709,20.332319259643555,4.714110374450684,1
kdl_random_restarts_1773542863,kdl_random_restarts,913,0.6343882599985666,-0.5304600546833885,1.452562992145183,0.31007698866347244,0.6303922842661028,1.1431,1.2443967603087607,0.0,7.078106641769409,0.0,0
kdl_random_restarts_1773542863,kdl_random_restarts,914,0.6343857566700464,-0.5304591031610058,1.452562283567782,0.767210149607161,-0.5084467088086522,1.3994,0.14475183335066205,1.112041553813731,0.5047643184661865,5.1143481731414795,1
kdl_random_restarts_1773542863,kdl_random_restarts,915,0.7667574146169192,-0.5090395251790029,1.3988459466555927,-0.1983042957815374,-0.041462039250564686,1.3035,1.0765981886330684,1.081015793816756,0.15184640884399414,3.3092751502990723,1
kdl_random_restarts_1773542863,kdl_random_restarts,916,-0.1970727551267144,-0.04094973165707823,1.3038222598732814,0.13753064692900718,-0.054247264284247754,1.1762,0.35836252909085914,0.3577244654876178,0.302304744720459,1.905390977859497,1
kdl_random_restarts_1773542863,kdl_random_restarts,917,0.13715593081628508,-0.053760557286016385,1.1771133609609348,0.21939904451824943,-0.14094258539677462,1.3183,0.1851980097626499,0.186319089688473,0.10117411613464355,2.0067174434661865,1
kdl_random_restarts_1773542863,kdl_random_restarts,918,0.22011953419077013,-0.14026108519611083,1.3190431051976588,-0.8235061656840077,-0.12602073286400695,1.3104,1.0437586370139027,1.7025704470464489,21.122544527053833,4.616087198257446,1
kdl_random_restarts_1773542863,kdl_random_restarts,919,-0.8240810412791862,-0.12579185544231025,1.3108788425332274,0.5631538045320006,-0.589671218058742,1.3389,1.4630070969615943,1.4689669050860141,0.25377702713012695,3.113632917404175,1
kdl_random_restarts_1773542863,kdl_random_restarts,920,0.561892012102288,-0.5895735242877084,1.3384319685419546,-0.5291308281963463,-0.22122140750885777,1.3605,1.1517383027412056,3.1830373782432106,0.7033917903900146,9.529452323913574,1
kdl_random_restarts_1773542863,kdl_random_restarts,921,-0.5288789770276799,-0.2220172045026513,1.3610671479081056,0.6150254447363124,-0.5705818281979669,1.3296,1.1962461303680532,3.3805023874814273,0.8552713394165039,10.221450328826904,1
kdl_random_restarts_1773542863,kdl_random_restarts,922,0.6147214720142287,-0.5701962829705758,1.3292863961413417,0.46959318343974576,0.034383856351529074,1.4192,0.6282227480489272,0.6492480762899115,0.2013416290283203,1.9044599533081055,1
kdl_random_restarts_1773542863,kdl_random_restarts,923,0.4695128582196403,0.03439971031875201,1.4193940636155415,-0.7418605957301391,-0.7166803628525785,1.3141,1.4292073891083628,3.5802117783598697,0.15118789672851562,7.014533281326294,1
kdl_random_restarts_1773542863,kdl_random_restarts,924,-0.7408792779842257,-0.717026717646025,1.314450080961126,0.6635337107368695,-0.4208992255841788,1.4517,1.4418407938186295,1.6027060462929004,0.15127205848693848,2.706216812133789,1
kdl_random_restarts_1773542863,kdl_random_restarts,925,0.663308740145375,-0.4202330867396322,1.4518938098661653,1.0326777873058903,0.1746505038069177,1.3232,0.7119565127166764,0.7249982580935055,0.15126395225524902,1.9046862125396729,1
kdl_random_restarts_1773542863,kdl_random_restarts,926,1.0323900513876425,0.17421603553265658,1.3233920576456817,0.3389208774492598,0.1892589564340844,1.1545,0.7138979701664809,0.0,2.104532241821289,0.0,0
kdl_random_restarts_1773542863,kdl_random_restarts,927,1.0323900513895703,0.17421603552589673,1.3233920576509144,1.004274019468291,0.4727909317143101,1.2204,0.31708806950765195,0.32034009024697085,0.10134029388427734,1.504279375076294,1
kdl_random_restarts_1773542863,kdl_random_restarts,928,1.0051206073273529,0.4723150279254421,1.2207091288927956,-0.3148370045466379,0.5806570802928562,1.2898,1.3261974385157078,7.02727410762286,0.7522127628326416,12.629902362823486,1
kdl_random_restarts_1773542863,kdl_random_restarts,929,-0.31590355863278585,0.5803362315170725,1.2909785392808386,0.5267798941845296,0.11257542926502173,1.3662,0.9667335920140145,0.0,61.863725423812866,0.0,0
kdl_random_restarts_1773542863,kdl_random_restarts,930,-0.31590417068531196,0.580336388416331,1.2909785637843891,-0.1991757659617821,-0.6345372603514327,1.0451,1.244989867857676,2.003063399090739,2.0604782104492188,3.9165217876434326,1
kdl_random_restarts_1773542863,kdl_random_restarts,931,-0.19796369172604011,-0.6351201914675765,1.0460902473604856,-0.19240755628390915,0.4037016398112324,1.1476,1.0437844114870871,0.0,5.770574331283569,0.0,0
kdl_random_restarts_1773542863,kdl_random_restarts,932,-0.19796369151418636,-0.6351201915774614,1.0460902476451757,-0.1346872976610306,0.5329383923465515,1.3737,1.2147810120904998,4.567317506977672,2.01141619682312,12.72415018081665,1
kdl_random_restarts_1773542863,kdl_random_restarts,933,-0.1337200517155206,0.5325114600108232,1.373573757268499,-0.5503482593932534,0.07482243409032596,1.0878,0.6817073772698727,0.0,2.756110668182373,0.0,0
kdl_random_restarts_1773542863,kdl_random_restarts,934,-0.13372005171787293,0.5325114600338884,1.3735737571383706,0.012388193026387273,-0.05391432247887129,1.0661,0.6780729524960694,0.0,3.8078720569610596,0.0,0
kdl_random_restarts_1773542863,kdl_random_restarts,935,-0.13372005171787182,0.5325114600338875,1.373573757138372,0.43891281988655684,0.28911738617485494,1.2697,0.6308239360183407,2.992033461779926,40.72435212135315,8.717946529388428,1
kdl_random_restarts_1773542863,kdl_random_restarts,936,0.438405252459408,0.28850939501851747,1.2702734885909357,0.9194410740378249,0.3801183821985944,1.4857,0.5349731301585733,0.5349417494105724,0.15144848823547363,3.514648199081421,1
kdl_random_restarts_1773542863,kdl_random_restarts,937,0.9191909881830678,0.3799919679728942,1.4859856677640453,-0.859367878880655,-0.4510974411334201,1.2654,1.975509880097436,2.748742037104397,0.40956616401672363,4.011162042617798,1
kdl_random_restarts_1773542863,kdl_random_restarts,938,-0.8594724832583326,-0.4512881151247967,1.2648835307121187,-0.07543079406876418,0.4724223844274894,1.4567,1.22668496985185,1.418283685754287,20.974384307861328,7.01539421081543,1
kdl_random_restarts_1773542863,kdl_random_restarts,939,-0.07574893274930428,0.47311647911229937,1.4565026664931238,-0.25089365234721583,0.20651068670374573,1.4152,0.3216523458771381,0.32211574511934155,0.4558866024017334,2.513561964035034,1
kdl_random_restarts_1773542863,kdl_random_restarts,940,-0.25016803165526236,0.20657201056403166,1.415975607755089,-0.5070584695375142,-0.27294412893342174,1.1285,0.6152809522226688,0.0,7.634291887283325,0.0,0
kdl_random_restarts_1773542863,kdl_random_restarts,941,-0.25016803165499024,0.20657201057315408,1.4159756077547125,-0.6353758527370846,0.2667881143205847,1.4123,0.3899032632149963,0.3889846618356155,0.4068331718444824,1.9080162048339844,1
kdl_random_restarts_1773542863,kdl_random_restarts,942,-0.6345547103677286,0.26605303944172853,1.4117674851541424,0.10376841654405833,-0.33087959612637086,1.2409,0.9646995950149336,0.9796110684762812,0.20474004745483398,2.206852674484253,1
kdl_random_restarts_1773542863,kdl_random_restarts,943,0.1046269956706346,-0.33051287588224976,1.2397868387174162,-0.5471482413656623,-0.5828148555604726,1.4032,0.7177542126965464,0.717634180324102,0.25235939025878906,3.3084678649902344,1
kdl_random_restarts_1773542863,kdl_random_restarts,944,-0.5466909318945162,-0.5826187566126072,1.4041569903527082,-0.19127586524266726,0.2641421473238844,1.3733,0.9188449553064487,4.801536570584884,23.08121156692505,15.642223119735718,1
kdl_random_restarts_1773542863,kdl_random_restarts,945,-0.19041030506358314,0.26472021009367463,1.3730736551449472,0.7541843762868972,0.03551562573610623,1.1694,0.9931147019988397,0.9924462651557426,0.4015469551086426,3.006709337234497,1
kdl_random_restarts_1773542863,kdl_random_restarts,946,0.7535120650811764,0.03595589365851315,1.169849437415285,-0.08115376894869519,-0.29398407415141387,1.0576,0.9045039375565176,0.0,8.667985200881958,0.0,0
kdl_random_restarts_1773542863,kdl_random_restarts,947,0.7535120650811709,0.03595589365858379,1.169849437415302,0.7145437481994692,-0.599479492130392,1.4814,0.7087738795132189,0.7518556878671862,0.20154142379760742,2.706113815307617,1
kdl_random_restarts_1773542863,kdl_random_restarts,948,0.7134933418777084,-0.5998689417641506,1.4816682496827924,-0.6377185727009411,0.6043007439814342,1.0704,1.8560549138872664,0.0,2.5585861206054688,0.0,0
kdl_random_restarts_1773542863,kdl_random_restarts,949,0.7134935100206322,-0.599870344746572,1.481656721903863,0.3059875061727848,0.272202814380787,1.4833,0.9625878860682359,1.010665652718096,0.1011500358581543,2.405912160873413,1
kdl_random_restarts_1773542863,kdl_random_restarts,950,0.3059605147756229,0.27236435107618,1.4835284196967387,0.18200249813578262,-0.6011138778056835,1.4301,0.8838463680137917,4.197484801923118,0.20172691345214844,8.016290187835693,1
kdl_random_restarts_1773542863,kdl_random_restarts,951,0.18203882450708908,-0.6013216454634472,1.43056517076753,-0.28561921001666246,0.5462458111669083,1.3621,1.241089273332063,8.056282510767392,21.04121446609497,10.221739292144775,1
kdl_random_restarts_1773542863,kdl_random_restarts,952,-0.2848899761056811,0.5467541068835402,1.3622433400181935,-0.35833239720027954,0.5894002714644205,1.49,0.15340876356780525,0.15354961130947972,0.15139317512512207,3.1089365482330322,1
kdl_random_restarts_1773542863,kdl_random_restarts,953,-0.3578551650433509,0.5887279788957014,1.4897346482580374,-0.7732072375467419,-0.670500535700906,1.4836,1.3259756521200872,1.448777008714763,0.10123157501220703,2.6066975593566895,1
kdl_random_restarts_1773542863,kdl_random_restarts,954,-0.773079132216449,-0.6704215076374287,1.4836016396206064,-0.4240341371964385,0.10059520089086971,1.4023,0.8502406306354273,0.8708623454924292,0.20162725448608398,2.7084150314331055,1
kdl_random_restarts_1773542863,kdl_random_restarts,955,-0.424848309568586,0.100966343872783,1.4031305479412355,-0.16104826348030776,0.3885607593646395,1.1829,0.4481099266751152,3.616335215232309,1.959099292755127,14.028487205505371,1
kdl_random_restarts_1773542863,kdl_random_restarts,956,-0.16034869114610106,0.3884128000956558,1.1825676250815786,-0.17767652529799915,-0.24484283952780406,1.3953,0.6682574521019161,0.6943412044412324,0.1528317928314209,2.006307363510132,1
kdl_random_restarts_1773542863,kdl_random_restarts,957,-0.176489328977101,-0.2445486066814135,1.3957588335027458,-0.4586443213130312,-0.6266382182633284,1.007,0.6137893299865379,0.0,7.7216081619262695,0.0,0
kdl_random_restarts_1773542863,kdl_random_restarts,958,-0.17648932897650726,-0.2445486066818458,1.3957588334974758,0.7936810640185619,-0.43901803108310805,1.2683,0.9976445773459115,0.9983908611925892,0.5119047164916992,3.8265817165374756,1
kdl_random_restarts_1773542863,kdl_random_restarts,959,0.7942718023712035,-0.4380649998046572,1.267311706206944,0.7594219965044655,-0.21454438160517242,1.2274,0.22971486678397326,0.23101706660997662,0.30280399322509766,3.514230489730835,1
kdl_random_restarts_1773542863,kdl_random_restarts,960,0.7598338516953508,-0.21397883329421574,1.227748377521773,0.9753237690270764,-0.5799834658710686,1.3364,0.4384067410596035,7.266862249242777,1.1554958820343018,16.23225498199463,1
kdl_random_restarts_1773542863,kdl_random_restarts,961,0.9759784082820407,-0.580191952831637,1.3358489009212384,0.1805760066251012,-0.6981264504821026,1.3362,0.8040980347994007,0.8033130091994493,0.1517345905303955,2.6067140102386475,1
kdl_random_restarts_1773542863,kdl_random_restarts,962,0.18132654858760533,-0.6975009885836826,1.3361882704041728,-0.5534643146653071,0.1589067952099027,1.2923,1.1292821105203386,2.458415773318177,0.7021148204803467,9.019080638885498,1
kdl_random_restarts_1773542863,kdl_random_restarts,963,-0.55423688103023,0.15913552642416035,1.2929057418708056,0.5436409939119007,-0.6489490781742929,1.4112,1.3683311324320675,2.051814010114314,0.803067684173584,3.5097482204437256,1
kdl_random_restarts_1773542863,kdl_random_restarts,964,0.5424559902628855,-0.6492961244896769,1.4111625396503007,0.3415613460333635,0.5464744853862485,1.4701,1.2139603097941964,3.659653125051657,23.433552503585815,9.321327686309814,1
kdl_random_restarts_1773542863,kdl_random_restarts,965,0.34194917359136456,0.5472816858150994,1.4698760434552973,-0.1700515817195658,0.013611483351730125,1.0542,0.8483721067661919,0.0,6.813965559005737,0.0,0
kdl_random_restarts_1773542863,kdl_random_restarts,966,0.3419491735916611,0.547281685813732,1.4698760434544345,0.7416779313351987,0.09765582162182629,1.1169,0.6975231786616533,0.0,2.505375862121582,0.0,0
kdl_random_restarts_1773542863,kdl_random_restarts,967,0.341949173591661,0.5472816858137322,1.4698760434544345,-0.6631571013015777,-0.25537058288947473,1.0125,1.365167437866213,0.0,2.5100862979888916,0.0,0
kdl_random_restarts_1773542863,kdl_random_restarts,968,0.34194917359166077,0.5472816858137322,1.4698760434544342,0.43147277175779064,-0.6466714161329129,1.4421,1.197626817028831,4.231944743792497,0.6518778800964355,13.424618244171143,1
kdl_random_restarts_1773542863,kdl_random_restarts,969,0.4320356535096084,-0.6467909052990948,1.4414242150581995,-0.5621972180620911,0.3937131537389761,1.2807,1.4480952914413068,2.7673899561748456,61.02261829376221,9.819785594940186,1
kdl_random_restarts_1773542863,kdl_random_restarts,970,-0.5625945145543594,0.39379700380211413,1.280363338292644,-0.5396203542707609,0.46519971634222335,1.4576,0.1924551730975026,3.6678243209827905,0.7046773433685303,7.521700859069824,1
kdl_random_restarts_1773542863,kdl_random_restarts,971,-0.5395629446450045,0.46555134013328087,1.4583546261708653,0.12281088316375799,0.2620622582320812,1.1107,0.7752487557661923,0.0,4.011844873428345,0.0,0
kdl_random_restarts_1773542863,kdl_random_restarts,972,-0.5395640363646348,0.46555581419328085,1.4583669613551593,0.8834122723603621,0.5407338528661317,1.0316,1.4874956645300283,0.0,3.3083555698394775,0.0,0
kdl_random_restarts_1773542863,kdl_random_restarts,973,-0.5395640363628712,0.4655558141954219,1.4583669613543744,0.37530453708959066,-0.18898859000542745,1.4119,1.1258650284377325,0.0,60.467655658721924,0.0,0
kdl_random_restarts_1773542863,kdl_random_restarts,974,-0.539570541660815,0.4655559718925927,1.4583673794600052,0.46968225717447964,-0.154298840111755,1.4547,1.1844089874675572,2.951635043958612,20.903022289276123,8.216437339782715,1
kdl_random_restarts_1773542863,kdl_random_restarts,975,0.4698904497951536,-0.15469404028722072,1.4545790156910243,-0.5827633394132185,0.4014454291989894,1.1511,1.228605153179792,0.0,2.506903648376465,0.0,0
kdl_random_restarts_1773542863,kdl_random_restarts,976,0.46989044979515093,-0.15469404028722994,1.454579015690742,-0.018160018032109093,-0.22219837308370982,1.2041,0.5527113454544862,0.5530222466285419,0.1014552116394043,3.4082398414611816,1
kdl_random_restarts_1773542863,kdl_random_restarts,977,-0.01774085257269753,-0.22235575481797606,1.203864331670621,0.8002288287171355,-0.07795573337207873,1.0699,0.8413514175794338,1.3939389831520852,0.4527571201324463,5.714649200439453,1
kdl_random_restarts_1773542863,kdl_random_restarts,978,0.8008694359883445,-0.07739243992730488,1.0708953991914,0.262769641626889,-0.29615981631648564,1.4731,0.7065260749439127,0.0,184.55089139938354,0.0,0
kdl_random_restarts_1773542863,kdl_random_restarts,979,0.8008694359883614,-0.0773924399269311,1.0708953991914112,-0.8603567359681372,0.6012594774161212,1.1522,1.796343858346527,0.0,8.096148490905762,0.0,0
kdl_random_restarts_1773542863,kdl_random_restarts,980,0.8008694359883619,-0.0773924399269303,1.070895399191412,0.5706310333011784,-0.267862420784076,1.2463,0.34648998494110506,2.481501236485037,0.45450758934020996,6.723770618438721,1
kdl_random_restarts_1773542863,kdl_random_restarts,981,0.5709956897384699,-0.268030302992158,1.2463193267963995,1.0034708769800211,-0.1931083329825506,1.0486,0.4813948705154187,0.0,2.6064186096191406,0.0,0
kdl_random_restarts_1773542863,kdl_random_restarts,982,0.5709956897384564,-0.2680303029921659,1.246319326796379,1.089838626119011,-0.7075925712977815,1.4436,0.7080484760026309,0.9604125005522777,20.437716484069824,3.810434341430664,1
kdl_random_restarts_1773542863,kdl_random_restarts,983,1.0886869710824418,-0.7078086109466691,1.4445716969646238,0.49070629412092326,-0.5775874667437917,1.0678,0.7186761078889884,0.749854907883695,20.523417711257935,4.344701290130615,1
kdl_random_restarts_1773542863,kdl_random_restarts,984,0.4908170561038566,-0.5778191034601916,1.0680862349767724,0.36129724522136497,-0.43704306728488124,1.2268,0.24856253333943348,1.4634093683297136,0.30335545539855957,7.415287017822266,1
kdl_random_restarts_1773542863,kdl_random_restarts,985,0.36119678423643364,-0.4373130564950576,1.2274526528776364,-0.04612264440500946,-0.5228500242582803,1.3352,0.4299246220150985,0.42928291356158277,0.1516249179840088,1.8043749332427979,1
kdl_random_restarts_1773542863,kdl_random_restarts,986,-0.044877099769890405,-0.5231713992522016,1.3352530948682402,0.6279348629420425,0.49080342476886163,1.3716,1.2174325354735211,2.5662944181991203,20.36698865890503,6.14107084274292,1
kdl_random_restarts_1773542863,kdl_random_restarts,987,0.6273203919767504,0.49085031847041827,1.3710872159173908,-0.6743132927012585,-0.7202019316108105,1.473,1.7808099328886071,2.6651325192528934,1.7076451778411865,7.415738582611084,1
kdl_random_restarts_1773542863,kdl_random_restarts,988,-0.6753813595013402,-0.7201315358981917,1.4729898164096433,-0.5498961164188956,-0.4217411673301299,1.2096,0.4173218825726127,1.0811913963201985,0.20265817642211914,6.613765239715576,1
kdl_random_restarts_1773542863,kdl_random_restarts,989,-0.5491585741109045,-0.4222191622416457,1.2102930552790887,1.058836761368229,-0.5568785964440948,1.3711,1.6216167967842616,1.9057952758997647,0.10225582122802734,3.106074571609497,1
kdl_random_restarts_1773542863,kdl_random_restarts,990,1.0579620796971527,-0.5567136079267164,1.370910962827815,0.9632512475491584,-0.1664319760234425,1.0773,0.4974909963204609,0.0,2.004366159439087,0.0,0
kdl_random_restarts_1773542863,kdl_random_restarts,991,1.0579655011076206,-0.5567132037850625,1.3709065533036664,0.26456863454877877,-0.20316212038077197,1.2074,0.8838616121401477,0.8836915255060206,0.10117673873901367,3.1078779697418213,1
kdl_random_restarts_1773542863,kdl_random_restarts,992,0.26566024920186027,-0.20258472243489006,1.2079982292590672,-0.8505983724805575,0.3388490704971011,1.0495,1.2507220119943971,0.0,2.9088289737701416,0.0,0
kdl_random_restarts_1773542863,kdl_random_restarts,993,0.2656602492012905,-0.2025847224348703,1.2079982292288343,0.2931141019886099,-0.19658161456898282,1.2447,0.046225223792389296,0.04677035596424982,0.10121917724609375,1.103322982788086,1
kdl_random_restarts_1773542863,kdl_random_restarts,994,0.293546152354232,-0.1963140515326765,1.2449915995305643,-0.32747594318464956,0.23176900000708145,1.2041,0.755377829351155,0.7684948327842961,0.10143280029296875,2.6064326763153076,1
kdl_random_restarts_1773542863,kdl_random_restarts,995,-0.32720175824956976,0.23145729854953026,1.204351601630859,-0.1303010544543799,0.01251940525450601,1.4758,0.40048460800969166,4.2560513141789516,61.188912868499756,14.131736278533936,1
kdl_random_restarts_1773542863,kdl_random_restarts,996,-0.13122791937677258,0.011649977168112863,1.4766346789117886,0.776744535608092,0.363961458569232,1.0164,1.077196972986524,0.0,3.4082794189453125,0.0,0
kdl_random_restarts_1773542863,kdl_random_restarts,997,-0.13122791937600253,0.011649977164160746,1.4766346789112867,0.7468991288066353,0.5353674293126532,1.1853,1.0631382683222366,5.221933423725155,1.9545960426330566,17.533005952835083,1
kdl_random_restarts_1773542863,kdl_random_restarts,998,0.7465632255417534,0.5353875054124579,1.1857873725676265,-0.2041656190928982,0.4533259377985218,1.2217,0.9549393455653048,0.9540062937217589,0.10107755661010742,3.3085336685180664,1
kdl_random_restarts_1773542863,kdl_random_restarts,999,-0.20308351664655167,0.45338510987096803,1.22207894546919,0.6183922450964319,-0.6725222514998098,1.4753,1.4165488752520394,1.530985344509577,0.10148954391479492,3.70792818069458,1
kdl_random_restarts_1773542863,kdl_random_restarts,1000,0.6172363832669189,-0.673118728344452,1.47609530386584,-0.2102168632443001,-0.20085763875179863,1.4277,0.9539662034587302,1.07569241215443,0.20139336585998535,3.9080865383148193,1
