run_id,test_case,move_index,start_x,start_y,start_z,goal_x,goal_y,goal_z,cartesian_distance_m,path_length_m,plan_time_s,execution_time_s,success
kdl_only_1773461936,kdl_only,1,0.354638980938679,0.44086671538481614,1.2315778510430957,-0.13066148444452752,0.563281457007225,1.3197,0.5082001808386345,0.508674217738702,0.15680789947509766,2.5105512142181396,1
kdl_only_1773461936,kdl_only,2,-0.1303755644638337,0.5634516533007515,1.31954588368533,-0.5637710546430907,-0.5286635290580576,1.0125,1.2144234834416034,0.0,0.051343679428100586,0.0,0
kdl_only_1773461936,kdl_only,3,-0.13038145031599097,0.5634455247909065,1.3195513497561324,0.31840995327503974,0.22989172189176654,1.1375,0.5880599946550652,0.0,0.051358938217163086,0.0,0
kdl_only_1773461936,kdl_only,4,-0.1303748117816555,0.5634449812698776,1.3195494174589388,0.7769013140664358,-0.45124606192804856,1.1116,1.3769498327468321,0.0,0.051366329193115234,0.0,0
kdl_only_1773461936,kdl_only,5,-0.13037556446395987,0.5634516533016836,1.31954588368545,-0.26999187445419626,-0.021984662937305166,1.3682,0.603817536529966,0.0,0.05212855339050293,0.0,0
kdl_only_1773461936,kdl_only,6,-0.13038145031593829,0.5634455247910429,1.3195513497561209,0.33969243733975607,-0.5513354354640945,1.3383,1.2099824631328637,0.0,0.10157179832458496,0.0,0
kdl_only_1773461936,kdl_only,7,-0.13037556446411053,0.5634516533016538,1.319545883685358,0.030930708718165167,0.33583177095400074,1.4461,0.3063437105019366,0.0,0.0515289306640625,0.0,0
kdl_only_1773461936,kdl_only,8,-0.1303814503159007,0.5634455247910419,1.3195513497561433,0.3011656754845682,-0.6791771329227231,1.0435,1.344078992824624,1.9300255836530922,0.10187029838562012,4.009790420532227,1
kdl_only_1773461936,kdl_only,9,0.2999677846236857,-0.6786556716386396,1.0428994371119935,-0.744067742703176,0.5607687281860799,1.211,1.6292454770367815,2.9604025527277615,0.10141134262084961,5.913046598434448,1
kdl_only_1773461936,kdl_only,10,-0.7428676617120397,0.5611837212594059,1.2107901758747268,-0.2692555094983793,-0.6087985153552286,1.0149,1.2773174490793073,0.0,0.10158967971801758,0.0,0
kdl_only_1773461936,kdl_only,11,-0.7428676617117212,0.5611837212609445,1.2107901758741275,-0.6311202185376483,-0.06262692550711468,1.1093,0.6418157600714463,1.8198205457122336,0.601921796798706,7.518056631088257,1
kdl_only_1773461936,kdl_only,12,-0.63045363302892,-0.06231409449184943,1.1095196359967665,-0.36009807646876646,0.16730561870237126,1.2527,0.382515302029141,0.0,0.05151939392089844,0.0,0
kdl_only_1773461936,kdl_only,13,-0.6304560467661751,-0.062315628145574065,1.1095198608252677,0.21057977365838032,-0.48900997810792585,1.0133,0.9479807915481372,0.0,0.10109090805053711,0.0,0
kdl_only_1773461936,kdl_only,14,-0.6304560467632718,-0.062315628147348714,1.1095198608205634,0.9890869021802229,0.4864927794875896,1.0994,1.7100328778553981,0.0,0.9027056694030762,0.0,0
kdl_only_1773461936,kdl_only,15,-0.6304560467632727,-0.0623156281473494,1.1095198608205632,-0.6976078609330956,-0.4737195470360945,1.3249,0.46920268006083377,0.0,0.051663875579833984,0.0,0
kdl_only_1773461936,kdl_only,16,-0.630456046763272,-0.06231562814734925,1.1095198608205634,-0.10264161183544662,-0.370166430342667,1.2725,0.6323944337970004,0.0,0.051271915435791016,0.0,0
kdl_only_1773461936,kdl_only,17,-0.6304560467632723,-0.06231562814734958,1.1095198608205639,-0.31618780179961137,0.002664418259433421,1.1102,0.32091649819364326,0.0,0.10150766372680664,0.0,0
kdl_only_1773461936,kdl_only,18,-0.6304560467632723,-0.062315628147350026,1.1095198608205639,-0.7252406242266942,0.6129826508891109,1.2946,0.7065879561053986,1.0670066660087536,0.8569202423095703,5.811364650726318,1
kdl_only_1773461936,kdl_only,19,-0.7241850476968759,0.613217875596835,1.2947041444462521,-0.86205516386102,0.3774440026969422,1.4047,0.29444282350284984,0.0,0.05189657211303711,0.0,0
kdl_only_1773461936,kdl_only,20,-0.7241850476949224,0.613217875586074,1.2947041444134968,0.6556578271315445,-0.6412626485173598,1.0032,1.8875016319925235,0.0,0.05122232437133789,0.0,0
kdl_only_1773461936,kdl_only,21,-0.724185047694845,0.613217875585611,1.2947041444120813,0.8376709900854264,0.1134116262610646,1.4029,1.6434436141167001,0.0,0.05117654800415039,0.0,0
kdl_only_1773461936,kdl_only,22,-0.7241850476948424,0.6132178755855954,1.2947041444120289,-0.25663303835955753,-0.2961981155352495,1.3491,1.0240123219204533,0.0,0.05121469497680664,0.0,0
kdl_only_1773461936,kdl_only,23,-0.7241850476948413,0.613217875585594,1.2947041444120253,0.8854556557862792,-0.09417669282748165,1.1701,1.7626333885774919,1.914039776134929,0.30155301094055176,5.320846319198608,1
kdl_only_1773461936,kdl_only,24,0.8853375441741784,-0.0943531974278782,1.170310535117272,0.6348759663586907,0.02819486946048788,1.0777,0.29381242634477955,0.0,0.3065357208251953,0.0,0
kdl_only_1773461936,kdl_only,25,0.885337544167884,-0.09435319747559667,1.1703105351116052,0.1630564678351123,-0.15555864077535275,1.4786,0.7877045471997224,0.0,0.054871559143066406,0.0,0
kdl_only_1773461936,kdl_only,26,0.8853375441678553,-0.09435319747563442,1.170310535111577,-0.8107073539688927,0.13142790507643431,1.1683,1.7110083123751194,0.0,2.8700642585754395,0.0,0
kdl_only_1773461936,kdl_only,27,0.8853375441678744,-0.09435319747548035,1.1703105351115801,0.9257967513215164,-0.4004724771494458,1.0464,0.332715766899086,0.0,0.20845937728881836,0.0,0
kdl_only_1773461936,kdl_only,28,0.8853375441678745,-0.09435319747548086,1.17031053511158,-0.4195220359956043,-0.6372296038952384,1.0484,1.4185328671422568,1.5400925458191255,2.120901584625244,35.278377056121826,0
kdl_only_1773461936,kdl_only,29,-0.41852910880501754,-0.6370523797377947,1.0484989581725555,0.9696607469429799,0.367357401521509,1.4237,1.7540484332193933,0.0,0.051235198974609375,0.0,0
kdl_only_1773461936,kdl_only,30,-0.4185391641637336,-0.6370523797628704,1.0484989581771482,0.7198780564140448,-0.4866527390905867,1.3019,1.175936183650836,1.1799567212593232,0.15301179885864258,2.807349443435669,1
kdl_only_1773461936,kdl_only,31,0.7188175317335296,-0.4874039723028408,1.3026288474466914,0.727346387535172,0.48822944609487984,1.4036,0.9808814822003985,0.0,0.05121564865112305,0.0,0
kdl_only_1773461936,kdl_only,32,0.7188175317339054,-0.4874039723012482,1.3026288474473153,-0.4212325078418716,-0.1561538984275238,1.3649,1.1888306862704707,0.0,0.05102705955505371,0.0,0
kdl_only_1773461936,kdl_only,33,0.7188175317340045,-0.48740397230092225,1.3026288474474694,-0.85922087728718,-0.04123320625842464,1.2681,1.6402639464802948,0.0,0.051137685775756836,0.0,0
kdl_only_1773461936,kdl_only,34,0.7188175317340261,-0.48740397230085897,1.3026288474475032,-0.6354268419446407,-0.27911675449141515,1.4866,1.3824640225751326,0.0,0.05225324630737305,0.0,0
kdl_only_1773461936,kdl_only,35,0.7188175317340296,-0.48740397230085003,1.3026288474475107,0.15524301229535165,0.22294804952197445,1.1893,0.91381598887965,0.9217391601763084,0.05186128616333008,2.806175708770752,1
kdl_only_1773461936,kdl_only,36,0.15515399744713843,0.22334291185771785,1.1885252035572373,1.0345705385752644,-0.3970511255359496,1.276,1.0797750017740153,1.081982693163612,0.10118365287780762,3.4124248027801514,1
kdl_only_1773461936,kdl_only,37,1.034037900420969,-0.39749444827887837,1.2759928934707738,-0.3084461401438592,-0.692317334334872,1.4147,1.3814570549660103,0.0,20.05893588066101,0.0,0
kdl_only_1773461936,kdl_only,38,1.0340379004208446,-0.39749444827916813,1.2759928934703293,-0.7709691150225211,-0.36013975813889587,1.3093,1.8057007121947484,0.0,0.051407814025878906,0.0,0
kdl_only_1773461936,kdl_only,39,1.0340379004208442,-0.3974944482791695,1.2759928934703295,-0.5858183635151959,-0.07049190737862832,1.4309,1.6597774517150277,0.0,0.05135083198547363,0.0,0
kdl_only_1773461936,kdl_only,40,1.034037900420845,-0.39749444827916885,1.2759928934703293,0.4591726549584514,0.303465351461658,1.2887,0.9066290100419214,0.0,0.051579952239990234,0.0,0
kdl_only_1773461936,kdl_only,41,1.0340379004208449,-0.3974944482791689,1.2759928934703297,-0.1440538309504401,0.12578821123557826,1.3523,1.2913356046284596,0.0,0.05155467987060547,0.0,0
kdl_only_1773461936,kdl_only,42,1.0340379004208442,-0.39749444827916935,1.2759928934703295,-0.6940456757521627,0.40470562893961304,1.0229,1.921940119476643,0.0,0.051038265228271484,0.0,0
kdl_only_1773461936,kdl_only,43,1.034037900420845,-0.39749444827916836,1.2759928934703297,-0.7921836694384579,0.06888690394064434,1.1139,1.8917903937887361,0.0,20.04787540435791,0.0,0
kdl_only_1773461936,kdl_only,44,1.0340379004208446,-0.3974944482791685,1.2759928934703293,0.14196844154917487,-0.43179480487803323,1.1447,0.9023315675461068,0.0,0.22342729568481445,0.0,0
kdl_only_1773461936,kdl_only,45,1.034037900420845,-0.397494448279168,1.2759928934703295,0.4964385969190874,-0.21162563418306157,1.0399,0.6158734297940286,0.0,0.8298144340515137,0.0,0
kdl_only_1773461936,kdl_only,46,1.034037900420845,-0.397494448279168,1.2759928934703295,-0.19700649221838762,-0.5870873818154306,1.1164,1.2557410834808325,0.0,0.35934901237487793,0.0,0
kdl_only_1773461936,kdl_only,47,1.0340379004208455,-0.397494448279169,1.2759928934703306,-0.36175969386856155,0.16381807925096203,1.0505,1.5212395349819114,0.0,1.8323376178741455,0.0,0
kdl_only_1773461936,kdl_only,48,1.0340379004208455,-0.39749444827916836,1.2759928934703297,0.1767674463016049,-0.41069495230277936,1.139,0.8682476246288611,0.0,0.20652365684509277,0.0,0
kdl_only_1773461936,kdl_only,49,1.0340379004208446,-0.39749444827916885,1.2759928934703293,0.911628589297721,0.12688140229347022,1.3178,0.5400943494148033,0.5471967760534077,0.15672922134399414,1.661611795425415,1
kdl_only_1773461936,kdl_only,50,0.9108741287059684,0.12671112374874638,1.3173633666229676,0.5658441555208145,0.48962949717484106,1.1824,0.5186236964279554,0.0,1.1677658557891846,0.0,0
kdl_only_1773461936,kdl_only,51,0.910874128705961,0.12671112374887927,1.3173633666229678,0.3995067226777984,-0.6273916880968029,1.1851,0.9206852192426994,0.943646401698715,0.25528812408447266,2.912013530731201,1
kdl_only_1773461936,kdl_only,52,0.40069401490014034,-0.6266163868399467,1.1843980715411344,0.3289423962453073,-0.7303632510787509,1.1048,0.1491561584784249,0.0,0.1543443202972412,0.0,0
kdl_only_1773461936,kdl_only,53,0.4006940149003664,-0.6266163868395486,1.1843980715414104,-0.8629679408167945,-0.5220497373523568,1.1335,1.2690021025193503,0.0,0.10263729095458984,0.0,0
kdl_only_1773461936,kdl_only,54,0.4007013741364881,-0.6266056489485634,1.1843699318055805,0.41918721633415434,-0.4348539688011908,1.4683,0.34311327113066464,0.3460259015838672,0.10234904289245605,2.8079285621643066,1
kdl_only_1773461936,kdl_only,55,0.4194845883276448,-0.43552758681680803,1.4684862948375375,-0.2280577982483314,0.2826791906321652,1.324,0.9777568240529082,1.4191190407191547,0.2015209197998047,5.0108466148376465,1
kdl_only_1773461936,kdl_only,56,-0.22708114989406192,0.28228712980800313,1.3233906814312242,0.43038875253928044,0.037856020982938055,1.3046,0.7016881994702556,0.0,0.05134701728820801,0.0,0
kdl_only_1773461936,kdl_only,57,-0.22708114989426886,0.28228712980728626,1.323390681424931,-0.34736890725482017,-0.4077582299971391,1.0856,0.7397135603265516,0.0,0.051157474517822266,0.0,0
kdl_only_1773461936,kdl_only,58,-0.22708114989429862,0.2822871298071857,1.3233906814243583,0.8950362723610386,0.12418447212023931,1.3646,1.1339498082517177,0.0,0.051680564880371094,0.0,0
kdl_only_1773461936,kdl_only,59,-0.2270811498942974,0.2822871298071857,1.3233906814243133,0.27042349932944365,-0.06628068869288095,1.0817,0.6537773210967798,0.0,0.1513354778289795,0.0,0
kdl_only_1773461936,kdl_only,60,-0.22708114989429895,0.2822871298071832,1.3233906814243075,-0.31650917764222386,-0.7095898621231824,1.1897,1.0048335870020517,1.314487799813374,0.20178604125976562,5.011845111846924,1
kdl_only_1773461936,kdl_only,61,-0.3164307969632114,-0.7102837072857113,1.1907587539345788,0.9909889141874761,0.5676978648015553,1.4948,1.8533818492175331,0.0,0.05114889144897461,0.0,0
kdl_only_1773461936,kdl_only,62,-0.31643079696274506,-0.7102837072855249,1.19075875395226,-0.8423649860397847,0.5325097049955348,1.32,1.3556716182502664,1.8198921293295676,0.15124273300170898,4.009929895401001,1
kdl_only_1773461936,kdl_only,63,-0.8423689968134601,0.5323419219876041,1.3202699054194709,1.036894794590899,0.4290349918121529,1.2785,1.8825645923857472,1.882344342689135,0.10137367248535156,4.511070728302002,1
kdl_only_1773461936,kdl_only,64,1.0365593078961344,0.42891096059038486,1.2781087269030666,0.8139528829464104,-0.30754916491527445,1.3423,0.7720412271572766,0.0,0.05177664756774902,0.0,0
kdl_only_1773461936,kdl_only,65,1.0365386432009687,0.4289068704091422,1.278106495860884,0.9824587623866678,0.21334494063141296,1.4214,0.26443261411341545,0.0,0.05169677734375,0.0,0
kdl_only_1773461936,kdl_only,66,1.0365343145248584,0.42890916000746004,1.2780957649865758,0.3459443233177544,0.6173339900432578,1.388,0.7242219227580268,0.0,0.10143613815307617,0.0,0
kdl_only_1773461936,kdl_only,67,1.036531658861193,0.42891475464786744,1.2780971531704997,0.8659534285612076,0.2748160807942769,1.1145,0.28214776706754574,0.0,20.05009889602661,0.0,0
kdl_only_1773461936,kdl_only,68,1.0365557939962886,0.4289169554165928,1.2781049047296063,-0.16048853828244525,-0.33960480598058607,1.0161,1.4464395601904811,0.0,0.10143685340881348,0.0,0
kdl_only_1773461936,kdl_only,69,1.0365540921737433,0.4289085055695074,1.2781089193609283,0.8455373354257656,0.5117925192125917,1.1577,0.2405316381222429,0.24241142833605575,0.10128092765808105,1.3038949966430664,1
kdl_only_1773461936,kdl_only,70,0.8447535693122624,0.5118886712258133,1.1580091054882402,0.7092210447121483,0.15005044088864938,1.1339,0.3871397927434664,0.0,0.05119824409484863,0.0,0
kdl_only_1773461936,kdl_only,71,0.8447325288561139,0.5118903038634972,1.1580010333555601,0.8909905874824164,-0.27859465448598975,1.1055,0.7935758538842183,0.0,0.05116701126098633,0.0,0
kdl_only_1773461936,kdl_only,72,0.8447366376871661,0.5118915164213445,1.1579960836218919,0.2731512394544169,-0.6936153158032764,1.4715,1.3704894365143945,2.0340544966424465,0.6521553993225098,6.8161962032318115,1
kdl_only_1773461936,kdl_only,73,0.2736654969188109,-0.6936565973112214,1.472281144033565,-0.3050752382817403,0.06880490002182083,1.4382,0.9578360495797055,0.0,0.05099964141845703,0.0,0
kdl_only_1773461936,kdl_only,74,0.2736654970922354,-0.693656597883634,1.4722811434890635,0.7573943112274426,-0.24809805870092472,1.1573,0.7291975714557487,0.0,0.1517956256866455,0.0,0
kdl_only_1773461936,kdl_only,75,0.27366549718244737,-0.6936565978884164,1.472281143367606,0.6531272222414466,-0.44646190821933746,1.3277,0.47539470169831294,0.0,0.10165786743164062,0.0,0
kdl_only_1773461936,kdl_only,76,0.27366549713557253,-0.6936565978223843,1.472281143466121,-0.7705668286438195,-0.012918736225364547,1.1978,1.2763875134663418,0.0,0.05114865303039551,0.0,0
kdl_only_1773461936,kdl_only,77,0.2736654971519096,-0.6936565978783384,1.472281143413802,0.5661130234383152,0.5978207571815227,1.4573,1.3242596984434123,0.0,20.042216777801514,0.0,0
kdl_only_1773461936,kdl_only,78,0.27366549721371247,-0.6936565978821357,1.4722811433588023,0.7030590380315707,-0.37087648676591,1.2294,0.589539704199454,0.0,0.1606159210205078,0.0,0
kdl_only_1773461936,kdl_only,79,0.2736654972144945,-0.6936565978821332,1.4722811433581882,-0.8227548265505632,0.579678921767469,1.1324,1.714362873949639,2.148593110371223,1.2158381938934326,6.116880416870117,1
kdl_only_1773461936,kdl_only,80,-0.8221475651353628,0.5793333923851895,1.1318738968231319,-0.06245526417091707,-0.5048936042226579,1.1233,1.3239161922208902,0.0,20.0493643283844,0.0,0
kdl_only_1773461936,kdl_only,81,-0.8221475651292955,0.5793333923788283,1.1318738967889255,0.2155672494475307,0.23885479778988572,1.2807,1.1022372334313841,0.0,0.05543327331542969,0.0,0
kdl_only_1773461936,kdl_only,82,-0.8221475651292957,0.5793333923788285,1.1318738967889246,1.0195429862744507,0.27087036353998595,1.1314,1.8673440368256824,4.4573024599400535,3.958733558654785,12.031771183013916,1
kdl_only_1773461936,kdl_only,83,1.0202731042540993,0.27077843220996595,1.1311627640191042,-0.04135267626812045,-0.4026176204254096,1.2923,1.2674686388206537,1.2711939790276885,0.3522000312805176,3.308758020401001,1
kdl_only_1773461936,kdl_only,84,-0.0402501699270853,-0.40254853491379805,1.2923928497178792,-0.8444721055358239,-0.583516191943497,1.4489,0.8390570318485598,0.0,0.10145902633666992,0.0,0
kdl_only_1773461936,kdl_only,85,-0.040250169927080526,-0.40254853491380377,1.292392849717653,0.8225228775098163,0.22382589878815262,1.1997,1.070193546498845,1.0729015053948827,0.20136332511901855,3.1090211868286133,1
kdl_only_1773461936,kdl_only,86,0.821847471746166,0.22425246718235675,1.1996393159001812,0.10138266448156175,-0.09244978694750272,1.1097,0.792123056615795,0.0,0.05131983757019043,0.0,0
kdl_only_1773461936,kdl_only,87,0.8218474717461653,0.22425246718086903,1.1996393159003351,-0.08316361642440584,0.10317803472374554,1.4988,0.9608335978812748,0.0,0.05182981491088867,0.0,0
kdl_only_1773461936,kdl_only,88,0.821847471746181,0.22425246718044065,1.199639315900399,-0.130517797810334,0.11693152419136088,1.2548,0.9599792146353247,0.9592829459511216,0.2515850067138672,3.106951951980591,1
kdl_only_1773461936,kdl_only,89,-0.12980129967623466,0.11731481185643658,1.2551402066540085,0.43253077786874905,-0.5191280971901155,1.0455,0.874771946370956,0.0,0.05128955841064453,0.0,0
kdl_only_1773461936,kdl_only,90,-0.12978058411974835,0.11730424630521233,1.2551681326169526,-0.8204545825065056,0.061855648669738694,1.0236,0.7305675321768642,0.0,0.10176324844360352,0.0,0
kdl_only_1773461936,kdl_only,91,-0.12978093699008397,0.11730905718851867,1.255174665355359,-0.10364720625867363,0.14087801213979334,1.0548,0.20344157401010546,0.0,0.3520791530609131,0.0,0
kdl_only_1773461936,kdl_only,92,-0.12976687030358547,0.11731776757466464,1.2551828498996938,0.9929832509950729,-0.21249497566173614,1.3137,1.171652054721509,1.1710009631785174,0.2520296573638916,3.4081666469573975,1
kdl_only_1773461936,kdl_only,93,0.9921759732985007,-0.2126285451983578,1.3133382257421722,-0.4849419708476145,-0.6476975725975227,1.396,1.5420750463073947,0.0,0.8550958633422852,0.0,0
kdl_only_1773461936,kdl_only,94,0.9921828493693545,-0.21262952662395512,1.3133450103871844,-0.6858140517817499,0.1954513066740744,1.2111,1.7299299433581115,0.0,0.05155587196350098,0.0,0
kdl_only_1773461936,kdl_only,95,0.9921797483581766,-0.21262972338178632,1.313341057955417,0.801542866341459,-0.7110243602989752,1.0318,0.6033282706848138,0.0,20.036418676376343,0.0,0
kdl_only_1773461936,kdl_only,96,0.9921828493193948,-0.21262952662533527,1.3133450103035818,-0.6387973116538773,0.2143168652103431,1.1908,1.6903836211168783,1.7095163811219465,1.0665428638458252,3.8137309551239014,1
kdl_only_1773461936,kdl_only,97,-0.6386979837277789,0.21471186565009553,1.190953541623912,0.5839108088193017,0.360982798348782,1.4981,1.2690572848610688,0.0,0.0529780387878418,0.0,0
kdl_only_1773461936,kdl_only,98,-0.6386751519500022,0.21472584477948298,1.1909625092976284,0.6147184377521813,0.36559093175322077,1.2646,1.2645861952477027,1.2696808067628444,0.8091526031494141,3.410470485687256,1
kdl_only_1773461936,kdl_only,99,0.6149122413652377,0.36591093371393213,1.2647113854925343,-0.1356601539587038,0.3237914080595038,1.4855,0.7835053205689158,0.7845126920297024,0.5607786178588867,3.5128419399261475,1
kdl_only_1773461936,kdl_only,100,-0.13629784195155548,0.32405710282477856,1.4850252379065394,0.8283740741528494,-0.1535622063867247,1.4304,1.077820034545918,1.0802875729939694,0.2530844211578369,2.9079465866088867,1
kdl_only_1773461936,kdl_only,101,0.8290326144252722,-0.1542381603175392,1.4308901693729696,-0.6686084919671815,0.4971076937777247,1.0057,1.6875920672173463,0.0,0.05106997489929199,0.0,0
kdl_only_1773461936,kdl_only,102,0.8290326144254969,-0.15423816032354407,1.430890169372311,-0.23866169075732746,0.4874489159537795,1.3604,1.24767876360837,1.2561862594791635,0.2012341022491455,3.0064427852630615,1
kdl_only_1773461936,kdl_only,103,-0.23812741516716052,0.4872172793653454,1.3597979110281782,0.9214670772629805,-0.6175721060958524,1.3409,1.6017415846956327,1.6432639641042177,0.3017997741699219,3.808814287185669,1
kdl_only_1773461936,kdl_only,104,0.9218634443528986,-0.6179591140716434,1.3408376172347891,1.0111033652302361,0.0449036582813952,1.2685,0.6727433012055614,0.7110048854936201,0.2527048587799072,3.007469415664673,1
kdl_only_1773461936,kdl_only,105,1.0102622781195294,0.044876283188028,1.2685206452983238,-0.2918562504944361,-0.2914149146617354,1.1334,1.3516145978409906,0.0,0.10113954544067383,0.0,0
kdl_only_1773461936,kdl_only,106,1.010262278119324,0.04487628319072469,1.2685206452984892,0.6959096646646317,0.34193532819971717,1.3205,0.4356185201786482,0.4361191071775829,0.20146894454956055,1.504812479019165,1
kdl_only_1773461936,kdl_only,107,0.6964557743117235,0.34147109376337137,1.3204819857369066,-0.758918537647011,0.0120526843128127,1.0558,1.51548257329734,12.415150743503087,20.476433515548706,25.25920867919922,1
kdl_only_1773461936,kdl_only,108,-0.7581889526857121,0.0115447865530105,1.0558561570087488,-0.17748644512178002,-0.5821499194284695,1.2174,0.846040908827615,0.0,20.381316900253296,0.0,0
kdl_only_1773461936,kdl_only,109,-0.7581889526856855,0.011544786553369338,1.0558561570094036,0.3523082014928294,-0.6040574430072863,1.2269,1.2811814979555483,0.0,20.074360847473145,0.0,0
kdl_only_1773461936,kdl_only,110,-0.7581889526856821,0.011544786553378414,1.0558561570094032,-0.7287837213861684,0.38623572146494956,1.4769,0.5643898316349928,0.0,0.05496358871459961,0.0,0
kdl_only_1773461936,kdl_only,111,-0.7581889526856813,0.011544786553377512,1.0558561570094032,-0.7048516506831496,0.6126427808606151,1.4379,0.714227669942937,0.0,0.2559988498687744,0.0,0
kdl_only_1773461936,kdl_only,112,-0.758188952685682,0.011544786553377887,1.055856157009403,0.7379687423043702,0.558519545325422,1.1317,1.5948108112034054,1.8408589540713087,20.05543088912964,5.812638998031616,1
kdl_only_1773461936,kdl_only,113,0.7372075014266909,0.5587230031885608,1.1320721536796308,-0.12725350147772496,-0.6282700152560291,1.2503,1.473167700916722,0.0,2.212157964706421,0.0,0
kdl_only_1773461936,kdl_only,114,0.7371970494890108,0.5587211724825533,1.1320688431188373,-0.032191977672493044,0.5023309251201674,1.0893,0.7726373722878283,0.0,0.0510554313659668,0.0,0
kdl_only_1773461936,kdl_only,115,0.7371812437588369,0.5587207517930217,1.1320707949026083,-0.8504970760709754,-0.09906027790007044,1.4563,1.7488633187644502,0.0,0.051232337951660156,0.0,0
kdl_only_1773461936,kdl_only,116,0.7372456767175032,0.5587196772985914,1.1320622931903381,-0.6400629788877781,0.14901495510747143,1.4353,1.468601443218041,0.0,0.05115175247192383,0.0,0
kdl_only_1773461936,kdl_only,117,0.7371949150917612,0.558724505050743,1.1320746705857356,1.0340259910765421,-0.22792782373443055,1.1492,0.8409660224771074,0.0,14.134990215301514,0.0,0
kdl_only_1773461936,kdl_only,118,0.7371885493036485,0.5587172511407159,1.132067111592969,-0.4298330480544449,0.5804677691914001,1.3195,1.1821774745749096,1.183062228772139,2.1194844245910645,3.012605905532837,1
kdl_only_1773461936,kdl_only,119,-0.42958545532929926,0.5803957297838392,1.3202261917527682,-0.7874570545139581,0.48143063822114984,1.3045,0.3716362253037793,0.37123803626969964,0.6041638851165771,1.5043799877166748,1
kdl_only_1773461936,kdl_only,120,-0.7867736211007889,0.4809639412111739,1.304077090928427,-0.7267352086944394,0.017995786767414867,1.0764,0.51940444812012,0.0,0.20114421844482422,0.0,0
kdl_only_1773461936,kdl_only,121,-0.7867736211008605,0.48096394121105945,1.3040770909285544,0.37446810078409043,0.21295869866486405,1.3813,1.194266521495109,0.0,0.05119180679321289,0.0,0
kdl_only_1773461936,kdl_only,122,-0.78677362110086,0.4809639412110599,1.3040770909285544,0.2851109662315847,0.49519110641461894,1.2697,1.0725300765812045,1.071122238220778,0.2513618469238281,3.309166431427002,1
kdl_only_1773461936,kdl_only,123,0.2837135099536847,0.4952647435794224,1.2703071154327676,1.0107155614397394,0.48022243906611906,1.3893,0.7368293970571707,0.0,1.8551177978515625,0.0,0
kdl_only_1773461936,kdl_only,124,0.28371350977497267,0.495264741803531,1.270307115453655,-0.32323049533139503,-0.48452152653955194,1.2652,1.1525572608753456,0.0,2.361452579498291,0.0,0
kdl_only_1773461936,kdl_only,125,0.2837135097749729,0.4952647418035301,1.2703071154536545,0.2838064136884284,-0.6361926088101109,1.0003,1.1632280891056492,0.0,0.051444053649902344,0.0,0
kdl_only_1773461936,kdl_only,126,0.2837135097749733,0.49526474180353053,1.2703071154536545,0.5107565171871349,-0.0064035926431784684,1.1621,0.5611848401695242,0.0,0.05159783363342285,0.0,0
kdl_only_1773461936,kdl_only,127,0.28371350977497234,0.4952647418035304,1.270307115453655,0.48413718400178873,-0.5195643253401193,1.0097,1.0667538391472056,0.0,0.050960540771484375,0.0,0
kdl_only_1773461936,kdl_only,128,0.2837135097749734,0.49526474180353053,1.2703071154536545,1.0095034281445934,0.25413860452560666,1.4645,0.7890650772236609,0.0,0.05133557319641113,0.0,0
kdl_only_1773461936,kdl_only,129,0.28371350977497245,0.49526474180353064,1.270307115453655,0.9756678540076542,0.4469717841735611,1.4394,0.7139505780257722,0.0,0.05112433433532715,0.0,0
kdl_only_1773461936,kdl_only,130,0.28371350977497334,0.4952647418035311,1.2703071154536552,-0.12684960684770574,0.37070027649423853,1.4158,0.4530414530728215,0.4537342466881208,0.5021140575408936,2.207566738128662,1
kdl_only_1773461936,kdl_only,131,-0.12735014826873226,0.37081033368870836,1.4155028480345997,0.3045670778279319,-0.21965596298897638,1.1538,0.7769757514753709,0.0,0.05137348175048828,0.0,0
kdl_only_1773461936,kdl_only,132,-0.12735014826935454,0.37081033368363975,1.4155028480355973,0.7885674927374753,-0.09901559844171082,1.029,1.0995571759324745,0.0,0.05134773254394531,0.0,0
kdl_only_1773461936,kdl_only,133,-0.12735014826959834,0.37081033368213356,1.4155028480360792,-0.7612637656378625,0.4451285449744432,1.439,0.6386875503444717,0.0,0.1512761116027832,0.0,0
kdl_only_1773461936,kdl_only,134,-0.12735014826968305,0.37081033368229044,1.4155028480363807,1.1023342110804804,0.020163163498010173,1.4735,1.2800159105357076,0.0,20.041778802871704,0.0,0
kdl_only_1773461936,kdl_only,135,-0.1273501482696624,0.3708103336825735,1.4155028480363705,0.8110011283226295,-0.4031437082048464,1.0428,1.2721695603065968,0.0,1.861471176147461,0.0,0
kdl_only_1773461936,kdl_only,136,-0.12735014826966207,0.37081033368257355,1.4155028480363705,1.0179291360267877,0.08988394773550923,1.243,1.1917808128764813,0.0,0.053496360778808594,0.0,0
kdl_only_1773461936,kdl_only,137,-0.1273501482696624,0.3708103336825733,1.4155028480363705,0.3521301725875494,-0.2508844254228771,1.0346,0.8726355088069344,0.0,0.15314793586730957,0.0,0
kdl_only_1773461936,kdl_only,138,-0.12735014826966207,0.3708103336825736,1.4155028480363707,0.15824986319131829,0.3181654702447686,1.3803,0.2925373287339054,0.0,0.1538689136505127,0.0,0
kdl_only_1773461936,kdl_only,139,-0.12735014826966196,0.37081033368257366,1.4155028480363705,0.22087935445103035,0.027728772889620834,1.3829,0.4899302905733753,0.0,0.15305185317993164,0.0,0
kdl_only_1773461936,kdl_only,140,-0.12735014826966207,0.37081033368257343,1.4155028480363705,-0.6073818172108301,-0.7034526027454723,1.0642,1.2279596698621318,0.0,0.15412306785583496,0.0,0
kdl_only_1773461936,kdl_only,141,-0.1273501482696624,0.37081033368257355,1.4155028480363707,0.5224861003726611,-0.4503872420867566,1.2376,1.0622156239852643,1.8970769966159757,1.364553451538086,8.424706935882568,1
kdl_only_1773461936,kdl_only,142,0.5227140839049925,-0.4505339727647716,1.2369921448078953,-0.17813545844532475,0.06754690173826594,1.2749,0.8723731306177116,0.8719614037240915,0.6542689800262451,3.0066733360290527,1
kdl_only_1773461936,kdl_only,143,-0.17712148758978352,0.0673984350087501,1.2750507260485726,0.9190425324866094,-0.2644969883099853,1.1325,1.154145069056285,1.356003187809276,1.002666711807251,4.209697484970093,1
kdl_only_1773461936,kdl_only,144,0.9197809275094689,-0.2643901551891894,1.1326371642192632,-0.08705220543924252,0.11174712611309823,1.4362,1.1168449342930453,0.0,1.203566312789917,0.0,0
kdl_only_1773461936,kdl_only,145,0.9197809274294753,-0.26439015493820656,1.1326371640281332,-0.5815003607986469,0.5301313969718934,1.2116,1.7003955811217117,0.0,0.5522356033325195,0.0,0
kdl_only_1773461936,kdl_only,146,0.9197872739108247,-0.2643805817109078,1.1326240502275406,0.03700706886423388,0.6035647584422456,1.1059,1.2382827539686718,0.0,0.10229301452636719,0.0,0
kdl_only_1773461936,kdl_only,147,0.919780927429641,-0.26439015493893564,1.1326371640290749,0.38240049325575054,-0.4130399197987627,1.2696,0.5741370063521419,0.8343448514800842,0.5585002899169922,4.910859107971191,1
kdl_only_1773461936,kdl_only,148,0.3825636612570581,-0.4135625514599967,1.2699644078343137,-0.619213147185695,-0.5342856991141075,1.365,1.0134903137630609,1.0318520136579363,0.852898120880127,4.61279034614563,1
kdl_only_1773461936,kdl_only,149,-0.6179554825547429,-0.5341335837670269,1.3652138097308804,-0.512513672720895,-0.2680531527130119,1.1006,0.389791276648437,0.0,0.05155515670776367,0.0,0
kdl_only_1773461936,kdl_only,150,-0.617955482556405,-0.5341335837760213,1.365213809687202,0.4500994377486758,-0.5062324969689606,1.1559,1.0887295597891506,0.0,0.05114030838012695,0.0,0
kdl_only_1773461936,kdl_only,151,-0.6179554825565936,-0.534133583777104,1.3652138096824853,-0.5381707049909699,-0.3602168741700888,1.4976,0.23267732162484622,0.0,0.05097842216491699,0.0,0
kdl_only_1773461936,kdl_only,152,-0.6179554825566151,-0.5341335837772259,1.3652138096819728,-0.6338997034786091,-0.10988997272303469,1.3249,0.4264528847975864,0.0,0.0510561466217041,0.0,0
kdl_only_1773461936,kdl_only,153,-0.6179554825566165,-0.5341335837772389,1.3652138096819166,0.12477303083432634,0.20560249453674795,1.2191,1.0583970689410662,0.0,0.051167964935302734,0.0,0
kdl_only_1773461936,kdl_only,154,-0.6179554825566176,-0.5341335837772405,1.3652138096819106,0.37149857197097913,-0.63066309010225,1.2588,0.9998305708986239,1.0031814385449285,1.0056178569793701,3.5081911087036133,1
kdl_only_1773461936,kdl_only,155,0.3721247596577728,-0.6307153438139476,1.259194999914421,-0.75194348356766,-0.362570111445742,1.0605,1.172565982817471,0.0,0.10234737396240234,0.0,0
kdl_only_1773461936,kdl_only,156,0.37213156597799396,-0.6307073497706228,1.259171231933828,-0.5072793396356601,-0.45535402973536,1.1123,0.90867127528572,0.0,0.05139636993408203,0.0,0
kdl_only_1773461936,kdl_only,157,0.37212475965747227,-0.6307153438195823,1.259194999915139,0.3523809571730465,-0.23611265923113267,1.169,0.405260699341359,0.4168679817917532,0.7567038536071777,2.810528516769409,1
kdl_only_1773461936,kdl_only,158,0.3529710417826497,-0.23643025397483952,1.1695090377136066,-0.800293891870835,-0.39615163847131546,1.2942,1.1709307255069168,0.0,0.05109524726867676,0.0,0
kdl_only_1773461936,kdl_only,159,0.3529792184329883,-0.23642980675930747,1.1695127629135607,0.14114469027325027,-0.011876071245456199,1.1151,0.3134629104404074,0.0,0.10117387771606445,0.0,0
kdl_only_1773461936,kdl_only,160,0.3529710417826216,-0.23643025397485287,1.169509037713555,0.18264742211385587,-0.4098455280058814,1.1101,0.2502247518659529,0.0,0.10114622116088867,0.0,0
kdl_only_1773461936,kdl_only,161,0.35297503041316536,-0.23641900380896172,1.169486383830279,-0.8332188860045463,-0.300463226488713,1.0355,1.1954538974201212,0.0,0.05130290985107422,0.0,0
kdl_only_1773461936,kdl_only,162,0.3529710417825924,-0.2364302539748388,1.1695090377135027,-0.6356314547342441,0.48058448373661566,1.3156,1.2299543078816149,0.0,0.05152153968811035,0.0,0
kdl_only_1773461936,kdl_only,163,0.3529792184330165,-0.23642980675927233,1.1695127629134334,0.6911373949197446,-0.058140418671475236,1.1145,0.38621815378477475,0.8275700043928617,2.828110933303833,3.4519922733306885,1
kdl_only_1773461936,kdl_only,164,0.6912821576338326,-0.057495425029983734,1.1137905075396386,0.2901190959173825,0.28123383752926945,1.4527,0.6249231628603565,0.0,0.21474385261535645,0.0,0
kdl_only_1773461936,kdl_only,165,0.6912821576337258,-0.057495425030336555,1.113790507539493,-0.3105561547069281,-0.24412492474827535,1.4298,1.0669454407624062,0.0,0.1689774990081787,0.0,0
kdl_only_1773461936,kdl_only,166,0.6912821576336126,-0.057495425030410184,1.113790507539332,-0.16721628927046872,0.6124719518415541,1.0354,1.091797115347762,0.0,0.26628804206848145,0.0,0
kdl_only_1773461936,kdl_only,167,0.6912821576334977,-0.05749542503047743,1.113790507539171,-0.6712671392663598,-0.5329715427607278,1.119,1.443137299021069,0.0,4.189064025878906,0.0,0
kdl_only_1773461936,kdl_only,168,0.6912874388547336,-0.05749589020158854,1.1137899442520474,-0.503224158330312,-0.35127923821465407,1.3345,1.2497517913920344,0.0,0.15527701377868652,0.0,0
kdl_only_1773461936,kdl_only,169,0.6912874388545082,-0.05749589020172722,1.113789944251808,-0.7139767160986251,-0.022321350730470035,1.1071,1.4057202242186213,0.0,20.091346502304077,0.0,0
kdl_only_1773461936,kdl_only,170,0.6912821576182859,-0.05749542503945856,1.1137905075178152,-0.6509388959029203,-0.1963464069111509,1.0662,1.3502228734872301,0.0,0.10130953788757324,0.0,0
kdl_only_1773461936,kdl_only,171,0.6912865671147006,-0.057485253515932526,1.1137699327502317,0.7464368446214729,-0.3886415156402526,1.4678,0.48789682471819884,0.49688639676785695,1.7056427001953125,2.406595468521118,1
kdl_only_1773461936,kdl_only,172,0.7461169529548726,-0.38867537156256887,1.467460482026933,0.9690232104508749,0.02199221500113957,1.2855,0.501442602203292,1.276162228632598,1.1067793369293213,6.0479419231414795,1
kdl_only_1773461936,kdl_only,173,0.9700288485808506,0.021941082514306792,1.2859658570504007,0.6521349935864189,-0.4860018894819629,1.2363,0.601273035484026,0.0,1.7220051288604736,0.0,0
kdl_only_1773461936,kdl_only,174,0.9700288485813887,0.021941082510884335,1.2859658570507548,0.1330837705525898,-0.4099290276616797,1.3923,0.9477846831711544,1.7066571557134436,2.6787893772125244,4.7167649269104,1
kdl_only_1773461936,kdl_only,175,0.13190888137041668,-0.4101786855631743,1.3916983433468981,-0.30093424347781306,0.05562131623466937,1.4037,0.6359770846230784,0.0,0.05117392539978027,0.0,0
kdl_only_1773461936,kdl_only,176,0.13190888137058587,-0.4101786855633286,1.3916983433471382,0.1825922553172432,-0.6717944604059854,1.0952,0.3986513334340397,0.0,20.03315043449402,0.0,0
kdl_only_1773461936,kdl_only,177,0.1319088814228953,-0.4101786855796664,1.3916983434404686,-0.7473908085229743,0.6172053593037848,1.0485,1.3951598558445786,1.6292053985838995,4.148226022720337,3.326620101928711,1
kdl_only_1773461936,kdl_only,178,-0.7462963734733169,0.6174873688641807,1.0490270745154224,-0.36830222225822007,0.19338474033567887,1.2155,0.5919931188763934,0.0,0.10321235656738281,0.0,0
kdl_only_1773461936,kdl_only,179,-0.7462983288892048,0.6174916656272479,1.0490329303795258,0.06166400570641384,-0.17713058396165293,1.2118,1.1448671419076382,0.0,4.794296026229858,0.0,0
kdl_only_1773461936,kdl_only,180,-0.7462703664799262,0.6174924463851617,1.0490366051034723,0.7732876662352792,0.5829469752557884,1.2335,1.5311031148886114,0.0,0.15338420867919922,0.0,0
kdl_only_1773461936,kdl_only,181,-0.7462567760301881,0.6174908982042717,1.049036862863113,0.986790785419297,-0.49398576708838293,1.3645,2.0828709078165004,0.0,0.15377020835876465,0.0,0
kdl_only_1773461936,kdl_only,182,-0.7462963734254138,0.6174873689332878,1.049027074592197,0.2656057103225853,0.413672739265866,1.3367,1.071560517363669,0.0,0.15304136276245117,0.0,0
kdl_only_1773461936,kdl_only,183,-0.7463001352391203,0.6175067299492736,1.049047460556968,-0.47337465166537035,-0.518136734502522,1.4921,1.2491877163352838,0.0,0.10278058052062988,0.0,0
kdl_only_1773461936,kdl_only,184,-0.7462889787596921,0.6174853856919211,1.0490264986793287,0.44542089141986874,-0.02430810636723002,1.0492,1.3535402953867217,0.0,0.7049334049224854,0.0,0
kdl_only_1773461936,kdl_only,185,-0.7463001352327653,0.6175067299525159,1.0490474605603755,-0.09517379708833662,0.379007629833947,1.2013,0.7099494099923983,1.3469855402461872,1.8081605434417725,6.014254093170166,1
kdl_only_1773461936,kdl_only,186,-0.09506380440195648,0.37858565732135363,1.201179346829817,0.04403133519715996,-0.32890680089846874,1.1697,0.7217229285361916,1.2130889253449966,0.8569791316986084,4.409825325012207,1
kdl_only_1773461936,kdl_only,187,0.0453716431740238,-0.32919295212223354,1.1696232898947745,-0.4127544382190081,0.4930154636792571,1.4308,0.9767903866074444,0.0,0.05094552040100098,0.0,0
kdl_only_1773461936,kdl_only,188,0.045370661178003785,-0.3291951094465777,1.1696244234078335,0.9236277239317321,0.1147030063858252,1.1243,0.9851067499888609,0.0,0.051230669021606445,0.0,0
kdl_only_1773461936,kdl_only,189,0.0453677067927515,-0.32919303940900535,1.1696176559537514,0.37111736118755023,-0.2828396854611636,1.0951,0.3373638270612106,0.0,0.10125470161437988,0.0,0
kdl_only_1773461936,kdl_only,190,0.04536873488210566,-0.3291941893463896,1.169618486533997,0.3559842022503137,-0.010024459624534132,1.2243,0.44871076748171,0.0,0.0510859489440918,0.0,0
kdl_only_1773461936,kdl_only,191,0.04536763781219409,-0.3291925952921793,1.1696176313726516,-0.5723803883696872,-0.3146938788489167,1.2109,0.6192956245522785,0.6202300049908149,1.3063864707946777,2.7084286212921143,1
kdl_only_1773461936,kdl_only,192,-0.5727012194661711,-0.3150169137653759,1.210774822309049,-0.8065387143536853,0.04002842701318898,1.1393,0.4310983858099513,0.0,3.662898063659668,0.0,0
kdl_only_1773461936,kdl_only,193,-0.5727012194679724,-0.3150169137508672,1.21077482216505,-0.19499397404507146,0.3854075366193458,1.1249,0.8003946895146479,0.0,0.10112595558166504,0.0,0
kdl_only_1773461936,kdl_only,194,-0.5727012194679727,-0.31501691375086727,1.21077482216505,-0.6203174712580108,-0.19712726277005532,1.4616,0.2812090807190341,0.0,0.05144309997558594,0.0,0
kdl_only_1773461936,kdl_only,195,-0.5727012194679724,-0.3150169137508675,1.21077482216505,-0.41862373464890457,0.2493750289720732,1.2216,0.5851455552372448,0.0,20.059906005859375,0.0,0
kdl_only_1773461936,kdl_only,196,-0.5727012194679719,-0.31501691375086815,1.2107748221650507,0.5024058169337922,0.002703385159597227,1.4307,1.1424396753903787,0.0,0.05377030372619629,0.0,0
kdl_only_1773461936,kdl_only,197,-0.5727012194679719,-0.3150169137508679,1.2107748221650512,-0.5130733252995743,0.5052110712724055,1.2752,0.8249121387865265,0.0,0.30388879776000977,0.0,0
kdl_only_1773461936,kdl_only,198,-0.5727012194679717,-0.31501691375086827,1.2107748221650507,0.04269550282267098,0.5585673086266344,1.0253,1.0845567892231966,0.0,0.3038959503173828,0.0,0
kdl_only_1773461936,kdl_only,199,-0.5727012194679721,-0.31501691375086793,1.210774822165051,0.1296713615490115,0.09713811948720619,1.4996,0.8640711760840812,0.0,20.08440637588501,0.0,0
kdl_only_1773461936,kdl_only,200,-0.5727012194679728,-0.31501691375086976,1.2107748221650518,0.9744584358825197,0.03349299425157315,1.418,1.599407524506763,0.0,0.05095648765563965,0.0,0
kdl_only_1773461936,kdl_only,201,-0.572701219467972,-0.3150169137508698,1.2107748221650527,0.5287469732091561,-0.5334113550358048,1.4845,1.155772350472464,0.0,0.05143570899963379,0.0,0
kdl_only_1773461936,kdl_only,202,-0.5727012194679717,-0.3150169137508697,1.2107748221650525,-0.032373009478670944,0.26887437974836936,1.4632,0.8346269151779502,0.0,0.10186076164245605,0.0,0
kdl_only_1773461936,kdl_only,203,-0.5727012194679713,-0.31501691375086927,1.2107748221650527,0.020563634122989782,-0.5874109250148023,1.4243,0.6868440037215189,0.0,2.160224199295044,0.0,0
kdl_only_1773461936,kdl_only,204,-0.572701219467973,-0.3150169137508702,1.2107748221650523,-0.6259185658551252,0.5222367467162697,1.0832,0.8485877168404924,0.0,0.051763296127319336,0.0,0
kdl_only_1773461936,kdl_only,205,-0.5727012194679724,-0.3150169137508696,1.2107748221650518,0.29890791364644986,-0.19477028488244097,1.2428,0.8804472412916382,0.0,0.0514674186706543,0.0,0
kdl_only_1773461936,kdl_only,206,-0.5727012194679726,-0.3150169137508697,1.2107748221650518,0.7182555351212587,-0.7366356003916756,1.1069,1.3620285011056488,10.730445117414531,8.91752815246582,20.857850551605225,1
kdl_only_1773461936,kdl_only,207,0.7170605761632297,-0.7367939399841651,1.1069894785061178,0.19211808502296313,0.5208816169511331,1.2005,1.3660368381369221,1.7002763164164156,0.7525908946990967,6.212893724441528,1
kdl_only_1773461936,kdl_only,208,0.19292983630051397,0.520439350968267,1.2000811072407078,0.5887274737535213,-0.12165254921740487,1.0293,0.773371815291837,0.0,0.051114797592163086,0.0,0
kdl_only_1773461936,kdl_only,209,0.19293790663144259,0.520446993727842,1.2000736460925698,-0.5938213856072367,-0.5006442805404492,1.1895,1.289080826132497,0.0,20.02253484725952,0.0,0
kdl_only_1773461936,kdl_only,210,0.19293129508100937,0.5204414238669155,1.2000816423682212,0.9402245759169743,-0.24507078261374604,1.4927,1.1090904783094078,0.0,0.05434703826904297,0.0,0
kdl_only_1773461936,kdl_only,211,0.19293489649932016,0.5204346840405425,1.200076005703936,-0.8470467870419227,0.16870034915096044,1.1326,1.0999236136147146,0.0,0.6248576641082764,0.0,0
kdl_only_1773461936,kdl_only,212,0.19293790662981236,0.5204469940020886,1.2000736461485522,-0.5783504735933301,-0.1733064539990693,1.392,1.0549954205509355,0.0,0.06008601188659668,0.0,0
kdl_only_1773461936,kdl_only,213,0.19293453125229493,0.520438657137308,1.2000783912835868,0.12235051047652279,0.07505901379774027,1.2275,0.4517710430237326,0.0,0.05520224571228027,0.0,0
kdl_only_1773461936,kdl_only,214,0.19292985658950648,0.5204392150904176,1.2000809666624717,-0.456967114484549,0.4909265936915409,1.2115,0.650666936424027,0.6504237667444345,0.5171146392822266,2.7144618034362793,1
kdl_only_1773461936,kdl_only,215,-0.4566028724728295,0.491613679029836,1.212003908138923,-0.8005585583250759,-0.09438001741886093,1.4787,0.7299458414989901,0.0,0.05331110954284668,0.0,0
kdl_only_1773461936,kdl_only,216,-0.45660416109019786,0.49162413389344795,1.212022124209974,0.664095736289511,-0.12018114105621003,1.4977,1.308390539234757,0.0,0.0534517765045166,0.0,0
kdl_only_1773461936,kdl_only,217,-0.4565833844698203,0.4916242127681484,1.2120280626771351,-0.07868761334510388,0.025945815217491397,1.2779,0.6033247018861064,0.0,0.053275346755981445,0.0,0
kdl_only_1773461936,kdl_only,218,-0.4565826914910566,0.49162456646346336,1.2120306567014976,0.8350591008487913,0.5569626449716115,1.3592,1.301639888690011,1.301576181128942,0.304201602935791,3.714202880859375,1
kdl_only_1773461936,kdl_only,219,0.8349196716428363,0.5567577639984926,1.3596008466417913,0.40340709469972924,-0.1813992489112155,1.0774,0.9003977996492483,0.0,0.10227656364440918,0.0,0
kdl_only_1773461936,kdl_only,220,0.8349196714620309,0.556757764472032,1.3596008462518296,0.5460569575755418,0.1623614961845481,1.1484,0.5325372112542461,0.0,1.008683204650879,0.0,0
kdl_only_1773461936,kdl_only,221,0.8349196714361765,0.5567577632839584,1.359600846249765,-0.4150097531624425,0.18018062970465287,1.4844,1.3113766555757411,0.0,0.05305838584899902,0.0,0
kdl_only_1773461936,kdl_only,222,0.834919671436514,0.556757763285438,1.3596008462503906,0.7124336812096612,-0.4976796343373456,1.2896,1.0638332396494912,1.3682837900551452,0.2546830177307129,3.511000871658325,1
kdl_only_1773461936,kdl_only,223,0.7116031595851685,-0.49739181147320344,1.2899691662271882,-0.6759071595509779,-0.40888140956675006,1.2711,1.3904585655060138,1.3902010862701157,0.10199213027954102,3.4083352088928223,1
kdl_only_1773461936,kdl_only,224,-0.6747744631602122,-0.4091379929388628,1.2705878388039973,0.7724957715717773,-0.19726983030424305,1.374,1.4663469322648666,0.0,0.05116772651672363,0.0,0
kdl_only_1773461936,kdl_only,225,-0.6747744631602008,-0.40913799293886216,1.2705878388039777,-0.2919811986226717,0.4885654146480186,1.0286,1.005465168714171,0.0,0.05124163627624512,0.0,0
kdl_only_1773461936,kdl_only,226,-0.6747744631602016,-0.409137992938863,1.2705878388039775,-0.46096944230057385,-0.7065447518773718,1.2921,0.36691435006881074,0.37852129081397595,0.10127115249633789,2.707197666168213,1
kdl_only_1773461936,kdl_only,227,-0.46077259093334044,-0.7065130717599557,1.2924830694734541,-0.03773654072566912,0.48353093101976363,1.2514,1.263666113704346,0.0,20.06273865699768,0.0,0
kdl_only_1773461936,kdl_only,228,-0.46077259093334777,-0.7065130717597774,1.2924830694733629,-0.35882275493917826,-0.22130263117817528,1.4264,0.5135724729678438,0.0,0.05778956413269043,0.0,0
kdl_only_1773461936,kdl_only,229,-0.460772590933349,-0.7065130717597773,1.2924830694733633,0.36406313535698365,-0.18046838988923564,1.0787,1.0013891269045379,0.0,0.5078332424163818,0.0,0
kdl_only_1773461936,kdl_only,230,-0.4607725909333473,-0.706513071759777,1.2924830694733633,-0.2893688645879192,0.5601748437660033,1.4804,1.2919714724105549,0.0,20.05158543586731,0.0,0
kdl_only_1773461936,kdl_only,231,-0.46077259093334816,-0.7065130717597774,1.2924830694733638,0.8483035282296632,-0.07326953360516819,1.0401,1.4759318677141757,0.0,0.1022794246673584,0.0,0
kdl_only_1773461936,kdl_only,232,-0.4607725909333472,-0.7065130717597774,1.2924830694733638,-0.030226834141979353,-0.7121271703681586,1.0929,0.47458884143503194,4.872955077856957,1.4176626205444336,10.855841159820557,1
kdl_only_1773461936,kdl_only,233,-0.029766917086303663,-0.7126930875243851,1.0935540414759628,0.3825538316954238,-0.38866232021478003,1.2975,0.5626706781390551,1.012714767663148,0.2042999267578125,6.1186933517456055,1
kdl_only_1773461936,kdl_only,234,0.3829774526586383,-0.3888427482346261,1.2970483202959167,1.0780851221544403,-0.020701689516109623,1.3376,0.78762107007945,0.0,0.05122089385986328,0.0,0
kdl_only_1773461936,kdl_only,235,0.3829666221755251,-0.38883764991953074,1.2970575699365274,-0.8365496790829209,0.5132465602141257,1.1176,1.5274753518846278,0.0,0.051126718521118164,0.0,0
kdl_only_1773461936,kdl_only,236,0.3829708447356841,-0.38883878508241576,1.2970550423440819,-0.3298225525979577,0.018440575456700192,1.0599,0.8545135568923464,0.0,0.10136628150939941,0.0,0
kdl_only_1773461936,kdl_only,237,0.38296662217520966,-0.38883764992001957,1.2970575699360802,-0.46387303937048446,-0.7278917314232478,1.4451,0.9241275040004242,0.0,0.05122804641723633,0.0,0
kdl_only_1773461936,kdl_only,238,0.38297084473561177,-0.38883878508235786,1.2970550423437324,0.8590501337289052,0.07784560238200366,1.1231,0.6889892333470501,0.8491644000683555,0.45185184478759766,3.508347988128662,1
kdl_only_1773461936,kdl_only,239,0.858987752264246,0.07746790290668215,1.1230572469864468,-0.5254141257683229,0.5134020137008949,1.2973,1.4618370791000572,0.0,0.10122489929199219,0.0,0
kdl_only_1773461936,kdl_only,240,0.8589877523029517,0.07746790283132107,1.1230572469969125,0.15549489187058407,-0.6784687616510744,1.3097,1.049370269560109,0.0,0.6527495384216309,0.0,0
kdl_only_1773461936,kdl_only,241,0.8589877523025347,0.07746790283938611,1.1230572469971951,-0.7088930401723994,0.08573099840681742,1.2096,1.5702891791824487,0.0,0.051024436950683594,0.0,0
kdl_only_1773461936,kdl_only,242,0.858987752302534,0.07746790283938737,1.1230572469971953,-0.30080901372047286,-0.2543056875771598,1.2918,1.218062547846488,0.0,0.05099892616271973,0.0,0
kdl_only_1773461936,kdl_only,243,0.8589877523025333,0.07746790283938801,1.1230572469971953,0.2496139970684501,-0.08890674737843696,1.2614,0.646649530357509,0.0,0.05163693428039551,0.0,0
kdl_only_1773461936,kdl_only,244,0.8589877523025334,0.07746790283938838,1.1230572469971953,0.5789578966707161,-0.44767191981630017,1.4674,0.6875758030425264,0.0,0.05104660987854004,0.0,0
kdl_only_1773461936,kdl_only,245,0.8589877523025331,0.07746790283938854,1.1230572469971951,0.30644445864790515,-0.67234093227264,1.1021,0.9316418768907199,0.0,0.10108041763305664,0.0,0
kdl_only_1773461936,kdl_only,246,0.8589877523025333,0.0774679028393885,1.1230572469971953,-0.2105286084007837,0.3162333679467594,1.3581,1.120767276859538,0.0,0.05175137519836426,0.0,0
kdl_only_1773461936,kdl_only,247,0.8589877523025331,0.07746790283938854,1.1230572469971951,0.5702701147955418,-0.062194931532683295,1.1193,0.3207455353040119,0.0,0.05143094062805176,0.0,0
kdl_only_1773461936,kdl_only,248,0.8589877523025333,0.07746790283938843,1.1230572469971951,-0.3846311701200903,0.3824465844843504,1.1979,1.2826540679943854,0.0,0.051157236099243164,0.0,0
kdl_only_1773461936,kdl_only,249,0.8589877523025331,0.0774679028393885,1.1230572469971953,-0.33360833801021395,0.06797693627812573,1.3358,1.2114598598512165,0.0,0.0514531135559082,0.0,0
kdl_only_1773461936,kdl_only,250,0.8589877523025333,0.07746790283938881,1.1230572469971951,0.9451155065661652,-0.555011201117347,1.15,0.638884746206843,0.0,0.40274715423583984,0.0,0
kdl_only_1773461936,kdl_only,251,0.8589877523025331,0.0774679028393885,1.1230572469971953,-0.5060665350418558,0.001571901697864142,1.1581,1.3676115694613684,0.0,0.10817909240722656,0.0,0
kdl_only_1773461936,kdl_only,252,0.8589877523025329,0.07746790283938856,1.1230572469971947,0.7256041950613934,0.16216834586052575,1.3759,0.2981523035904885,0.0,0.0517430305480957,0.0,0
kdl_only_1773461936,kdl_only,253,0.8589877523025329,0.07746790283938856,1.1230572469971947,-0.3781580064410935,-0.07053009995432491,1.0363,1.2489835295610598,0.0,0.25375819206237793,0.0,0
kdl_only_1773461936,kdl_only,254,0.8589877523025333,0.0774679028393885,1.1230572469971953,0.9981256112588675,-0.6888275611796729,1.2291,0.7860109079621956,0.0,0.5026133060455322,0.0,0
kdl_only_1773461936,kdl_only,255,0.8589877523025333,0.0774679028393885,1.1230572469971953,-0.515099665957625,0.037356746779313,1.4992,1.4252047251177187,0.0,0.051084280014038086,0.0,0
kdl_only_1773461936,kdl_only,256,0.8589877523025328,0.0774679028393886,1.1230572469971953,0.5092869696832367,-0.3344424638701152,1.498,0.6576799035979647,0.0,0.0515894889831543,0.0,0
kdl_only_1773461936,kdl_only,257,0.858987752302533,0.0774679028393886,1.1230572469971953,0.998536181422826,-0.09142966631264471,1.0366,0.23553133229730042,0.0,0.051120758056640625,0.0,0
kdl_only_1773461936,kdl_only,258,0.8589877523025331,0.0774679028393885,1.1230572469971953,-0.24054286203186737,0.3959298614830308,1.1066,1.144839041935789,0.0,0.0510716438293457,0.0,0
kdl_only_1773461936,kdl_only,259,0.8589877523025332,0.07746790283938829,1.123057246997195,-0.41712248449577255,-0.5773410989420189,1.1326,1.434337209100518,0.0,0.05141901969909668,0.0,0
kdl_only_1773461936,kdl_only,260,0.8589877523025335,0.07746790283938845,1.123057246997195,-0.19936782181169288,0.2528295440805183,1.4666,1.1264501096889215,0.0,0.05221295356750488,0.0,0
kdl_only_1773461936,kdl_only,261,0.8589877523025331,0.0774679028393885,1.1230572469971953,0.19627174148791826,0.34345362848873606,1.4404,0.7814392747505373,0.0,0.05137133598327637,0.0,0
kdl_only_1773461936,kdl_only,262,0.8589877523025333,0.0774679028393885,1.1230572469971953,0.8830078970041229,0.10319602056248656,1.4396,0.31849367006528323,0.0,0.05116677284240723,0.0,0
kdl_only_1773461936,kdl_only,263,0.8589877523025332,0.07746790283938872,1.1230572469971951,0.851535968071643,-0.713775829491568,1.1848,0.7936840307008903,2.3206837292991658,0.3522334098815918,6.413754224777222,1
kdl_only_1773461936,kdl_only,264,0.8502060257522038,-0.7135590049345466,1.1843474086258676,0.9882321784525603,0.3545281659530163,1.0789,1.0821185607084702,2.0704206672953043,0.7524182796478271,8.117661476135254,1
kdl_only_1773461936,kdl_only,265,0.9885462105396721,0.3550744498371941,1.0792517416722314,0.6475671886614935,-0.19074692470090127,1.4169,0.7267695732592488,0.0,0.10111594200134277,0.0,0
kdl_only_1773461936,kdl_only,266,0.9885462105417969,0.3550744498279712,1.0792517416743161,0.8586280403173234,0.6091306866798317,1.3518,0.39459581289487544,0.4040324514326163,0.20283174514770508,1.7072842121124268,1
kdl_only_1773461936,kdl_only,267,0.8581798124235072,0.6092241808161639,1.3521669111064876,-0.03787042148684694,0.27043808238313705,1.3058,0.9590786894868585,0.0,0.05157876014709473,0.0,0
kdl_only_1773461936,kdl_only,268,0.8581873591283085,0.6092238248505386,1.3521666796884784,-0.17013888355598095,-0.3483336254672917,1.4936,1.4122232529408068,0.0,0.051050424575805664,0.0,0
kdl_only_1773461936,kdl_only,269,0.8581792538647568,0.6092243332348746,1.3521690269141748,-0.7895712981407308,-0.7184412136762894,1.327,2.1162256888160855,3.908110995896192,0.7523994445800781,10.749526262283325,1
kdl_only_1773461936,kdl_only,270,-0.7879301828350992,-0.7180895210109399,1.3268365156599384,-0.11126458532951089,0.1908353664202781,1.0039,1.1782651547873377,0.0,0.10594296455383301,0.0,0
kdl_only_1773461936,kdl_only,271,-0.7879301828350933,-0.7180895210104247,1.3268365156578428,0.685535818571624,-0.6201492828229554,1.4086,1.4789792476331398,1.4811346212602527,1.009282112121582,3.6223013401031494,1
kdl_only_1773461936,kdl_only,272,0.6863164458716673,-0.6199005169833299,1.408545139828307,0.9994588681815753,-0.10079032354267892,1.1497,0.659192214757458,0.6826073828015523,0.7034685611724854,2.1088614463806152,1
kdl_only_1773461936,kdl_only,273,0.9990506743349957,-0.10102502880846567,1.1497799997803764,1.0914962170034874,-0.42468308229914875,1.3317,0.382616780118904,0.0,1.16880202293396,0.0,0
kdl_only_1773461936,kdl_only,274,0.9990506743355612,-0.10102502881959555,1.1497799997802565,0.33153432744989875,-0.038565985863317165,1.4695,0.7427651606982567,0.0,0.05106663703918457,0.0,0
kdl_only_1773461936,kdl_only,275,0.9990506743355609,-0.10102502881959338,1.1497799997802562,-0.43599633362291246,-0.48683382781379425,1.0671,1.4883024984174342,0.0,0.05098605155944824,0.0,0
kdl_only_1773461936,kdl_only,276,0.9990506743355613,-0.10102502881959538,1.1497799997802574,-0.7583558150513484,0.5885470138134749,1.0577,1.890096795743514,2.238496373143974,0.3016242980957031,6.4146482944488525,1
kdl_only_1773461936,kdl_only,277,-0.7584796783812504,0.5893419634532926,1.0582074335624847,1.0989073044852347,-0.5040679275724245,1.0535,2.155331471919222,6.233712963818889,0.8086733818054199,15.83408498764038,1
kdl_only_1773461936,kdl_only,278,1.0976744275183505,-0.5042803741900536,1.0538997974054285,0.5065128649826163,-0.5315470246890391,1.2766,0.6323059729947107,1.4780629576137696,0.30167341232299805,4.512055397033691,1
kdl_only_1773461936,kdl_only,279,0.5061698274899806,-0.5319518299879898,1.2772009994890037,-0.4293934874215611,-0.005197142944449729,1.1362,1.0828806482653148,0.0,0.10136198997497559,0.0,0
kdl_only_1773461936,kdl_only,280,0.5061698274899433,-0.5319518299847089,1.2772009994898652,-0.6916730882776498,0.4626312252541428,1.3024,1.5571313670495395,2.0063346605221852,0.3017537593841553,4.333729267120361,1
kdl_only_1773461936,kdl_only,281,-0.6916464865979628,0.46247305988285325,1.3022392765870805,0.8884986943003128,0.5700651585676811,1.3588,1.5848135435591288,1.5873010751833867,0.7801556587219238,4.1456708908081055,1
kdl_only_1773461936,kdl_only,282,0.8879710710108596,0.5695914287913004,1.3581489517513772,0.4256896056265411,0.013878027216957523,1.1018,0.7669656595905906,0.0,0.15388011932373047,0.0,0
kdl_only_1773461936,kdl_only,283,0.8879733108612778,0.5695938334904009,1.358152306810951,-0.13433135928159368,-0.3860983011133118,1.3171,1.400049851481663,1.415829564518827,0.2583577632904053,4.823678970336914,1
kdl_only_1773461936,kdl_only,284,-0.13346465562996368,-0.3858505849958974,1.3173351025156452,-0.7123664000710418,-0.4404682805209592,1.132,0.6102945375848259,0.0,0.1536693572998047,0.0,0
kdl_only_1773461936,kdl_only,285,-0.13348380357891565,-0.38584848700016133,1.3172822954040115,0.8140921036446596,-0.06266867188279923,1.2443,1.0038285253430053,1.0031654402238943,0.10197067260742188,2.8102288246154785,1
kdl_only_1773461936,kdl_only,286,0.8131503054851326,-0.06342418897856988,1.2437756701695841,0.7615176744636456,-0.2651101483423867,1.4527,0.29494496162130424,0.0,0.05109810829162598,0.0,0
kdl_only_1773461936,kdl_only,287,0.8131503054851279,-0.06342418897861216,1.2437756701695823,-0.3437499685242069,0.4642376012519872,1.4231,1.284134893280828,0.0,0.05138587951660156,0.0,0
kdl_only_1773461936,kdl_only,288,0.8131503054851293,-0.06342418897862616,1.2437756701695806,0.8128529870647874,0.44866223211876866,1.0461,0.5489155323431595,0.0,0.05094790458679199,0.0,0
kdl_only_1773461936,kdl_only,289,0.8131503054851295,-0.06342418897862795,1.243775670169581,0.5093884370285202,0.19151342039865282,1.2118,0.397852863362886,0.39736939912130687,0.051107168197631836,1.805238962173462,1
kdl_only_1773461936,kdl_only,290,0.5101910901419519,0.19101495214392916,1.2122583163152765,-0.5586446813091279,0.46731642313932775,1.1383,1.106445769913662,0.0,0.10136270523071289,0.0,0
kdl_only_1773461936,kdl_only,291,0.5101910901419455,0.19101495214395497,1.2122583163152845,0.7637687996193596,-0.5659328020914862,1.0018,0.8255690524069771,0.0,0.05240774154663086,0.0,0
kdl_only_1773461936,kdl_only,292,0.5101910901419456,0.19101495214395453,1.2122583163152842,-0.5543738860322531,0.3808866911395915,1.3856,1.095169943464781,0.0,0.05154013633728027,0.0,0
kdl_only_1773461936,kdl_only,293,0.5101910901419454,0.19101495214395509,1.2122583163152847,-0.8603432022572358,-0.3486096050176698,1.3186,1.476776036852882,0.0,0.05098867416381836,0.0,0
kdl_only_1773461936,kdl_only,294,0.5101910901419461,0.19101495214395472,1.212258316315285,0.3792544105470368,-0.3860298796178444,1.131,0.597267164589464,0.0,0.05104541778564453,0.0,0
kdl_only_1773461936,kdl_only,295,0.5101910901419459,0.19101495214395495,1.212258316315285,0.6726535731895666,-0.5960086022517591,1.3706,0.81906789850645,0.8547264269010975,0.10126924514770508,2.2062649726867676,1
kdl_only_1773461936,kdl_only,296,0.6724633429684734,-0.5960410232484702,1.370334595744097,1.0356501516485273,-0.2732676438628453,1.2758,0.4949990931625212,0.49872940943125316,0.15169477462768555,2.906193733215332,1
kdl_only_1773461936,kdl_only,297,1.0360180463343769,-0.27353481440942007,1.2763307823426817,-0.6698257191224737,0.544751941462884,1.2138,1.8929887125190192,1.9826318507661074,0.15160012245178223,3.3107454776763916,1
kdl_only_1773461936,kdl_only,298,-0.6697272679581507,0.5445591728817554,1.213414746216575,-0.2764902103114102,0.23002844979861703,1.0048,0.5450551087815559,0.0,0.05138397216796875,0.0,0
kdl_only_1773461936,kdl_only,299,-0.6697491055537641,0.5445528356621607,1.2134030415875776,-0.18745978111923978,0.11013792141251366,1.0376,0.6724775235035604,0.0,0.10145163536071777,0.0,0
kdl_only_1773461936,kdl_only,300,-0.669743979218827,0.5445454080240593,1.2134037029623133,1.0564551369096007,0.5882381731625402,1.4416,1.7417651954927,1.7416913079921588,0.3514847755432129,4.412022352218628,1
kdl_only_1773461936,kdl_only,301,1.0559753412480817,0.5885418611255531,1.4417706071458363,0.6298776543313227,-0.7092175767856067,1.452,1.365958798046803,0.0,0.05093216896057129,0.0,0
kdl_only_1773461936,kdl_only,302,1.0559753408385362,0.5885418622525216,1.4417706066979312,0.09549080338204752,0.31553979206790805,1.2728,1.0127249098081654,0.0,0.051033973693847656,0.0,0
kdl_only_1773461936,kdl_only,303,1.0559753407366146,0.5885418622300352,1.4417706065035265,-0.33067194742973827,0.6270490632166953,1.4173,1.3873976779891115,0.0,0.10149717330932617,0.0,0
kdl_only_1773461936,kdl_only,304,1.055975340884246,0.5885418614480649,1.4417706065715623,-0.5486975863981116,0.34906831998240306,1.2913,1.6294060832269686,0.0,0.051393985748291016,0.0,0
kdl_only_1773461936,kdl_only,305,1.0559753409368324,0.5885418613049356,1.4417706066307145,-0.7097207675893997,0.19200604105065588,1.074,1.8466668956557752,0.0,0.05133318901062012,0.0,0
kdl_only_1773461936,kdl_only,306,1.0559753409493118,0.5885418613124881,1.4417706066554699,1.0116115803803134,-0.535446456693043,1.0637,1.1866993156994576,1.453952629817665,1.0031991004943848,6.315966367721558,1
kdl_only_1773461936,kdl_only,307,1.0123193078194572,-0.5356206509115016,1.064172389809376,-0.041100457852425554,0.1343346520904536,1.1541,1.2516470292391713,1.7342129218725486,0.9530816078186035,4.814402103424072,1
kdl_only_1773461936,kdl_only,308,-0.04224890977109508,0.13429695202907307,1.1536370132630247,1.0772436982563796,-0.18057507532313088,1.4495,1.1999762497474555,0.0,0.05166363716125488,0.0,0
kdl_only_1773461936,kdl_only,309,-0.042248909748860974,0.1342969520262597,1.1536370129932025,-0.4506264766222849,-0.7002217701166814,1.3981,0.9607059314633332,0.0,0.10198855400085449,0.0,0
kdl_only_1773461936,kdl_only,310,-0.04224890974864409,0.13429695202620476,1.1536370129912363,0.8401580511821607,-0.09280958820580043,1.4304,0.9522694872216074,0.0,0.052210330963134766,0.0,0
kdl_only_1773461936,kdl_only,311,-0.04224890974864426,0.1342969520262048,1.1536370129912359,0.8486111188880205,0.32404407573585325,1.4495,0.9576901736262893,0.0,0.10519909858703613,0.0,0
kdl_only_1773461936,kdl_only,312,-0.04224890974864359,0.13429695202620487,1.1536370129912368,0.6353495500490238,0.11742672192156478,1.105,0.6795512022038254,0.0,0.10222458839416504,0.0,0
kdl_only_1773461936,kdl_only,313,-0.04224890974864337,0.13429695202620479,1.1536370129912368,0.9521204343706913,0.10427753215149416,1.1248,0.9952402380391313,0.0,2.1243414878845215,0.0,0
kdl_only_1773461936,kdl_only,314,-0.04224890974864387,0.13429695202620437,1.1536370129912363,-0.6404951694765342,-0.5709947215136957,1.0514,0.9304769416103194,0.0,3.6599905490875244,0.0,0
kdl_only_1773461936,kdl_only,315,-0.04224890974864315,0.13429695202620492,1.1536370129912372,-0.4755599916799326,-0.06754909277726562,1.3901,0.5333057882232065,0.0,0.054358720779418945,0.0,0
kdl_only_1773461936,kdl_only,316,-0.04224890974864404,0.1342969520262056,1.1536370129912368,-0.3398550724096364,0.3528462042754966,1.4421,0.4685553314033927,0.0,0.05716848373413086,0.0,0
kdl_only_1773461936,kdl_only,317,-0.04224890974864348,0.13429695202620498,1.1536370129912372,-0.8499680899021446,-0.6434579761702761,1.2032,1.1223945349131865,0.0,2.223361015319824,0.0,0
kdl_only_1773461936,kdl_only,318,-0.04224890974864365,0.1342969520262047,1.1536370129912368,0.31624072637246003,-0.3422556168534173,1.3103,0.6165715381125828,0.0,3.0807456970214844,0.0,0
kdl_only_1773461936,kdl_only,319,-0.04224890974864415,0.13429695202620484,1.1536370129912363,0.6726646599866193,-0.6885637339713573,1.0773,1.0927160931845106,0.0,2.9385902881622314,0.0,0
kdl_only_1773461936,kdl_only,320,-0.042248909748642816,0.13429695202620512,1.1536370129912377,-0.39326677856047054,0.6126744031490593,1.4649,0.6700322209040497,0.0,0.15310311317443848,0.0,0
kdl_only_1773461936,kdl_only,321,-0.042248909748643704,0.13429695202620484,1.1536370129912363,0.3521846654185121,0.22218686952759892,1.4323,0.4908722269045098,0.0,0.10569262504577637,0.0,0
kdl_only_1773461936,kdl_only,322,-0.04224890974864415,0.1342969520262049,1.1536370129912363,-0.22595368706040808,-0.03166420198940645,1.4881,0.4161202224456084,0.0,0.05281424522399902,0.0,0
kdl_only_1773461936,kdl_only,323,-0.04224890974864398,0.13429695202620467,1.1536370129912363,-0.8071914383755114,-0.6350331449090014,1.4054,1.113728185770646,0.0,0.10387873649597168,0.0,0
kdl_only_1773461936,kdl_only,324,-0.04224890974864287,0.13429695202620526,1.1536370129912377,0.2518659612544083,0.20432486759460322,1.4407,0.4169084129810635,0.0,0.057192087173461914,0.0,0
kdl_only_1773461936,kdl_only,325,-0.04224890974864309,0.13429695202620506,1.1536370129912372,-0.5410495219625238,-0.599323787380534,1.0124,0.8983035866962348,0.0,0.15434861183166504,0.0,0
kdl_only_1773461936,kdl_only,326,-0.04224890974864354,0.134296952026205,1.1536370129912368,-0.8103962609555775,0.5433556263388298,1.3683,0.8963590520478696,0.0,0.20760679244995117,0.0,0
kdl_only_1773461936,kdl_only,327,-0.04224890974864265,0.13429695202620526,1.1536370129912377,0.5323579495517163,0.45371157602712164,1.1661,0.6575363646414166,0.0,1.6845977306365967,0.0,0
kdl_only_1773461936,kdl_only,328,-0.04224890974864248,0.13429695202620537,1.1536370129912377,-0.20020971838015844,0.3765697062877079,1.4654,0.4252574097997618,0.0,0.1568615436553955,0.0,0
kdl_only_1773461936,kdl_only,329,-0.04224890974864365,0.1342969520262047,1.1536370129912368,0.21232808953670523,0.37996713592846654,1.4011,0.4317420731906991,0.0,0.05376029014587402,0.0,0
kdl_only_1773461936,kdl_only,330,-0.04224890974864309,0.13429695202620506,1.1536370129912372,0.17033007397537636,0.2622040028918261,1.432,0.37287530156704946,0.0,0.10310578346252441,0.0,0
kdl_only_1773461936,kdl_only,331,-0.04224890974864276,0.13429695202620553,1.1536370129912377,-0.38324139019188974,-0.5237856095244792,1.4054,0.7827727199919036,0.0,0.05285239219665527,0.0,0
kdl_only_1773461936,kdl_only,332,-0.04224890974864298,0.1342969520262047,1.1536370129912368,1.0611649370335183,-0.28010518210649915,1.1334,1.1788387433144338,0.0,0.10318517684936523,0.0,0
kdl_only_1773461936,kdl_only,333,-0.04224890974864287,0.13429695202620526,1.1536370129912377,0.4325588110427365,-0.05847908559338699,1.3937,0.5658932851121173,0.0,0.052248239517211914,0.0,0
kdl_only_1773461936,kdl_only,334,-0.04224890974864354,0.13429695202620506,1.1536370129912372,-0.42020270268136595,0.6259628006619636,1.054,0.6281018314451629,0.8576322592378154,1.1030166149139404,3.708116292953491,1
kdl_only_1773461936,kdl_only,335,-0.41900355063167605,0.6256379267304377,1.0537415383734432,-0.47750686225843436,0.19163360510059435,1.4361,0.5813608017764056,0.0,0.05145692825317383,0.0,0
kdl_only_1773461936,kdl_only,336,-0.4190035506317953,0.6256379267306991,1.0537415383739956,-0.3622725149707745,-0.10735605744017929,1.4293,0.8255560243476883,0.0,20.035903453826904,0.0,0
kdl_only_1773461936,kdl_only,337,-0.4190035506317986,0.6256379267306955,1.0537415383739916,0.5990443250183624,-0.1583721584683444,1.1112,1.2862327804958318,0.0,0.26351165771484375,0.0,0
kdl_only_1773461936,kdl_only,338,-0.4190035506317973,0.6256379267306946,1.0537415383739903,1.0845214353248667,-0.6878899709992491,1.4083,2.0277215351772133,0.0,0.16408729553222656,0.0,0
kdl_only_1773461936,kdl_only,339,-0.41900355063179806,0.6256379267306948,1.0537415383739912,-0.0036642391662317086,0.2535040254103976,1.2302,0.5849170649245695,0.0,0.060295820236206055,0.0,0
kdl_only_1773461936,kdl_only,340,-0.41900355063179673,0.6256379267306938,1.0537415383739894,0.9121910944703144,-0.16355544647587217,1.1526,1.5507025372058807,1.8857122611430794,3.442434072494507,5.219795227050781,1
kdl_only_1773461936,kdl_only,341,0.9111580580506671,-0.16365349301285737,1.1523451165190854,0.9353041510122815,-0.4535501523062141,1.3977,0.3805550232524761,0.0,0.051927804946899414,0.0,0
kdl_only_1773461936,kdl_only,342,0.9111580580429178,-0.16365349299744802,1.1523451165071399,0.5800300104270868,-0.5622260006351449,1.1138,0.5196071148175543,0.0,0.10303425788879395,0.0,0
kdl_only_1773461936,kdl_only,343,0.9111580580726965,-0.1636534929589115,1.1523451165138048,-0.5168680782191803,-0.4166154715545921,1.0118,1.457052277141636,0.0,0.20313191413879395,0.0,0
kdl_only_1773461936,kdl_only,344,0.9111580580638549,-0.16365349297071907,1.152345116511972,0.8203912550585057,-0.06661022524040017,1.0966,0.14409554592187623,0.0,0.10296058654785156,0.0,0
kdl_only_1773461936,kdl_only,345,0.9111580580624766,-0.16365349297593657,1.152345116513033,0.00959501541528296,-0.03564095570060566,1.1641,0.910681781333483,0.9839226641401259,6.987448215484619,3.810089588165283,1
kdl_only_1773461936,kdl_only,346,0.009521410991624707,-0.03522399933062534,1.1639272244620815,-0.5488956845364849,-0.2056539686404807,1.4322,0.6425311736498288,0.0,0.051183223724365234,0.0,0
kdl_only_1773461936,kdl_only,347,0.009519143622196968,-0.03521360114940235,1.1639413626772135,0.4286520691208411,-0.2961888517552692,1.4834,0.5880767905860413,0.0,0.05103659629821777,0.0,0
kdl_only_1773461936,kdl_only,348,0.009526276529859268,-0.03521408283746259,1.163941901241972,1.0491853113456757,-0.11949317013887961,1.1396,1.043353440300356,1.5547192815952544,4.36323356628418,6.41305685043335,1
kdl_only_1773461936,kdl_only,349,1.0485084617116744,-0.1196085535908337,1.1395800739717257,-0.5365398321164943,-0.028830594684031707,1.3207,1.5979434155173835,0.0,0.05137348175048828,0.0,0
kdl_only_1773461936,kdl_only,350,1.0485094514182962,-0.11960635055030286,1.1395785313804154,-0.018980928102300676,-0.4012665894645965,1.1998,1.105664879534927,0.0,0.0514073371887207,0.0,0
kdl_only_1773461936,kdl_only,351,1.0485141425433748,-0.11961096148151999,1.1395808905369835,-0.5419229385403174,-0.5126911968198515,1.4906,1.6754750357757833,0.0,0.05111217498779297,0.0,0
kdl_only_1773461936,kdl_only,352,1.0485097695454915,-0.11961066544581364,1.1395812233109412,0.44266057374641776,-0.09085717671975568,1.2681,0.6199976509035788,0.0,0.05143237113952637,0.0,0
kdl_only_1773461936,kdl_only,353,1.048513782220044,-0.11961337541657639,1.1395824499769631,0.2871723502343628,0.45000473942521746,1.4696,1.0064875340197386,0.0,0.051584720611572266,0.0,0
kdl_only_1773461936,kdl_only,354,1.0485139222647248,-0.11960964273881171,1.1395803630697947,-0.3383562699733266,-0.6645626597332814,1.0577,1.492342827471699,0.0,0.05287742614746094,0.0,0
kdl_only_1773461936,kdl_only,355,1.0485094514203772,-0.11960635054730936,1.1395785313808644,-0.7950211023950139,-0.5752209781502231,1.4852,1.9301926824301954,0.0,0.05092978477478027,0.0,0
kdl_only_1773461936,kdl_only,356,1.0485141425451108,-0.11961096148206121,1.1395808905379439,-0.24637859993608047,-0.046059372862148784,1.0893,1.297954243674353,0.0,0.10118985176086426,0.0,0
kdl_only_1773461936,kdl_only,357,1.0485137822211592,-0.11961337541743594,1.1395824499776919,1.0825009037044344,0.5830730889031267,1.4813,0.7821088642633459,0.0,1.2050721645355225,0.0,0
kdl_only_1773461936,kdl_only,358,1.048513782225644,-0.11961337542105811,1.1395824499806235,0.3937357167503217,0.4495197366705105,1.1327,0.8675794963139547,0.0,0.10132217407226562,0.0,0
kdl_only_1773461936,kdl_only,359,1.048508461721157,-0.11960855358549122,1.1395800739758277,0.09589392206921576,0.1732714898683474,1.0542,1.000271432183245,0.0,0.05196070671081543,0.0,0
kdl_only_1773461936,kdl_only,360,1.048509451430154,-0.11960635055487273,1.139578531385704,-0.2626828557662596,0.22523136800015264,1.2173,1.3580055026666322,0.0,0.05134844779968262,0.0,0
kdl_only_1773461936,kdl_only,361,1.0485141425540474,-0.11961096149019243,1.1395808905431126,1.04936567538461,-0.6139804165053391,1.3643,0.5430474761153311,2.1602627307130557,0.8551723957061768,5.814598321914673,1
kdl_only_1773461936,kdl_only,362,1.0493739788346643,-0.6140193923595458,1.3646562740307238,0.8476579481762156,-0.4995961892992917,1.1568,0.3114261663333761,0.0,0.05126380920410156,0.0,0
kdl_only_1773461936,kdl_only,363,1.0492817351519557,-0.6140881543264802,1.3646499480012335,0.999225382997514,0.1957827908699734,1.3031,0.8137474929997396,0.0,0.05123329162597656,0.0,0
kdl_only_1773461936,kdl_only,364,1.0492817373176653,-0.6140881499486466,1.364649949081492,0.8491696792368195,0.04101779188175203,1.2557,0.6935983868318215,0.0,0.10272407531738281,0.0,0
kdl_only_1773461936,kdl_only,365,1.0492817237441465,-0.614088146247593,1.3646499546115496,0.4936420205445542,0.18652939205793684,1.1926,0.9896085636735233,0.0,0.10123705863952637,0.0,0
kdl_only_1773461936,kdl_only,366,1.0492817268955292,-0.6140881523148845,1.364649952728934,-0.09236074799345795,0.15179411045501023,1.2883,1.3768632815853201,0.0,0.051845550537109375,0.0,0
kdl_only_1773461936,kdl_only,367,1.0492817398622258,-0.6140881459784429,1.364649950961023,1.1078380044774612,-0.676756658605596,1.1274,0.252277065607631,0.0,20.01278805732727,0.0,0
kdl_only_1773461936,kdl_only,368,1.0492817396094047,-0.6140881464562103,1.3646499506976382,0.8528333385684477,0.3319976550960678,1.3544,0.966320536705947,0.0,0.051096439361572266,0.0,0
kdl_only_1773461936,kdl_only,369,1.0492817294939107,-0.6140881428151018,1.3646499563627084,0.8682178424992715,-0.18771119805148062,1.0008,0.5890400843276393,0.0,0.10109138488769531,0.0,0
kdl_only_1773461936,kdl_only,370,1.049273630862447,-0.6140889451154761,1.3646516120378385,0.7281506569275744,0.30437977518307,1.4628,0.9779252837590389,0.0,0.05106472969055176,0.0,0
kdl_only_1773461936,kdl_only,371,1.0492817366887714,-0.6140881506348627,1.364649949247025,0.7479474164588928,-0.577832757920784,1.2692,0.31816272387021505,3.198897948224988,0.20141339302062988,6.113593816757202,1
kdl_only_1773461936,kdl_only,372,0.747253781262198,-0.5776986097228973,1.268885551612527,-0.22967088513766432,-0.23948185108669928,1.3597,1.0377955693096688,0.0,0.051017045974731445,0.0,0
kdl_only_1773461936,kdl_only,373,0.7472537812646777,-0.5776986099302333,1.2688855516747233,-0.10287784328217475,-0.12649496251664283,1.371,0.9678511616208216,0.0,0.05108785629272461,0.0,0
kdl_only_1773461936,kdl_only,374,0.7472537812130591,-0.5776986102573882,1.2688855515889088,-0.42255159876443377,-0.6424288007421585,1.3353,1.173475821456169,1.1745228544999038,0.15178132057189941,3.0110623836517334,1
kdl_only_1773461936,kdl_only,375,-0.4226783768559208,-0.64279143393898,1.3353105325659844,0.354829865791056,-0.10615918381801348,1.1821,0.9570614956955662,0.97000889704697,0.2014002799987793,3.207798957824707,1
kdl_only_1773461936,kdl_only,376,0.3541507123385543,-0.10581805940398989,1.1823143099084235,0.1558200981399842,-0.08460410013674957,1.035,0.24796485738904459,0.0,0.1512901782989502,0.0,0
kdl_only_1773461936,kdl_only,377,0.3541507123358313,-0.10581805943207045,1.18231430990889,-0.11945228356643134,-0.19501749904765864,1.3321,0.5046702792035644,0.0,0.10134077072143555,0.0,0
kdl_only_1773461936,kdl_only,378,0.35415071233597073,-0.10581805943132705,1.18231430990854,0.3318678939166073,0.3079496013588844,1.1651,0.4147246479028478,0.42764015855511045,0.15131902694702148,1.804459810256958,1
kdl_only_1773461936,kdl_only,379,0.33250343102141766,0.30764879111273147,1.1650308162078238,1.0208479653826805,-0.7179484314026792,1.157,1.2352053897329434,0.0,0.9056587219238281,0.0,0
kdl_only_1773461936,kdl_only,380,0.33250343103186525,0.3076487911734812,1.1650308162083984,0.4102948834544231,0.4908939742572821,1.424,0.32664253450387487,0.0,0.05129361152648926,0.0,0
kdl_only_1773461936,kdl_only,381,0.33250343103186547,0.3076487911734812,1.1650308162083984,-0.7535500324460904,0.5409151008307768,1.3599,1.1277851282692117,1.1274440331540252,0.20290565490722656,3.5252511501312256,1
kdl_only_1773461936,kdl_only,382,-0.7523309687252734,0.5410978452277935,1.359621726202667,0.08999782670729739,-0.39018899595202206,1.1502,1.2730555524309493,0.0,0.1591336727142334,0.0,0
kdl_only_1773461936,kdl_only,383,-0.7523348109185134,0.5410969943012645,1.3596137482819541,0.7185973295043389,-0.0021924058482002406,1.1546,1.581402975534173,0.0,0.20534729957580566,0.0,0
kdl_only_1773461936,kdl_only,384,-0.7523309687252311,0.5410978452278561,1.359621726202594,0.5464106363103696,-0.3684146229921246,1.2042,1.5931411109734892,0.0,0.5323810577392578,0.0,0
kdl_only_1773461936,kdl_only,385,-0.7523309687252004,0.5410978452278423,1.3596217262025192,-0.5139619892222635,0.19285593134788648,1.2012,0.4507656201453612,0.0,0.06227850914001465,0.0,0
kdl_only_1773461936,kdl_only,386,-0.7523348109182639,0.5410969943011605,1.3596137482813029,0.5323296907338615,-0.596151107667822,1.1478,1.7287455542092167,1.8651310257391713,0.8376774787902832,3.4502320289611816,1
kdl_only_1773461936,kdl_only,387,0.5320737663161409,-0.5965615063472055,1.1480866291141387,1.0355210667208832,-0.07860828140682341,1.0636,0.7272363563588079,0.0,20.0372257232666,0.0,0
kdl_only_1773461936,kdl_only,388,0.5320737642559925,-0.5965615116715262,1.1480866209678895,-0.7869563598817484,0.1269499900661868,1.2102,1.5057116036560159,0.0,0.45250964164733887,0.0,0
kdl_only_1773461936,kdl_only,389,0.532073766641193,-0.596561500089205,1.1480866292687781,0.7506323193838982,0.4718996806407124,1.4702,1.137160568832557,0.0,0.05134868621826172,0.0,0
kdl_only_1773461936,kdl_only,390,0.5320737654868786,-0.5965615080183194,1.148086625781036,0.3379643199026656,-0.17824688248558762,1.3387,0.4989980573416483,1.615417913532034,0.35382843017578125,4.43259334564209,1
kdl_only_1773461936,kdl_only,391,0.3372618536935356,-0.1785009489746011,1.338846607800186,-0.17251882622201276,-0.4175398519690616,1.4514,0.574181334471645,0.0,0.20529890060424805,0.0,0
kdl_only_1773461936,kdl_only,392,0.3372618536957104,-0.17850094898505747,1.3388466077969,0.7574215792941106,-0.1607836394865998,1.3078,0.42167759002166766,0.0,0.05453920364379883,0.0,0
kdl_only_1773461936,kdl_only,393,0.3372618536955575,-0.1785009489841732,1.3388466077970915,0.3634891815089678,-0.1222712094150471,1.1505,0.19830305344324686,0.0,0.1578359603881836,0.0,0
kdl_only_1773461936,kdl_only,394,0.33726185369547507,-0.17850094898388535,1.338846607797247,0.587483762479369,0.44248318454439606,1.274,0.6726346558661215,1.868856646291846,1.2288694381713867,6.03765082359314,1
kdl_only_1773461936,kdl_only,395,0.5868693662300857,0.44272740491290064,1.2740820131780128,-0.8261483224561612,0.13906884160904753,1.0002,1.470999275577804,0.0,0.10352969169616699,0.0,0
kdl_only_1773461936,kdl_only,396,0.5868693662271307,0.4427274048936607,1.2740820131771882,-0.41328085549813676,-0.20589516162582278,1.1435,1.1991927960010564,0.0,0.1525721549987793,0.0,0
kdl_only_1773461936,kdl_only,397,0.5868693662248884,0.44272740488738094,1.2740820131782562,1.0847909010659067,-0.5555317799870487,1.2149,1.1171167198320986,0.0,2.632012128829956,0.0,0
kdl_only_1773461936,kdl_only,398,0.5868693662250812,0.4427274048882109,1.2740820131782475,-0.024308363217431572,0.24297933001433425,1.29,0.643188069453082,0.0,0.051850318908691406,0.0,0
kdl_only_1773461936,kdl_only,399,0.5868693662250815,0.4427274048882111,1.2740820131782473,-0.6185225183019238,-0.5999533417461554,1.3274,1.5946772533664266,1.7153847347676927,0.25238704681396484,3.8117122650146484,1
kdl_only_1773461936,kdl_only,400,-0.6183806298499442,-0.5998353618369059,1.3272349492208328,-0.3296135588784648,-0.6338777870091323,1.2325,0.3058104291761939,0.0,20.033164501190186,0.0,0
kdl_only_1773461936,kdl_only,401,-0.61838323346499,-0.5998322426731062,1.3272261104946246,-0.49271896240745156,-0.2986874736532744,1.2211,0.34313617159539966,0.0,1.4271600246429443,0.0,0
kdl_only_1773461936,kdl_only,402,-0.6183681402324348,-0.5998340056852459,1.3272329707953852,-0.735401943677243,-0.029811847292036453,1.1069,0.6222288889368053,0.0,0.3826017379760742,0.0,0
kdl_only_1773461936,kdl_only,403,-0.6183703834566726,-0.5998330766425183,1.327228151007713,-0.40978265365352173,-0.0010236293334023872,1.2366,0.6405427830880291,0.0,0.05932927131652832,0.0,0
kdl_only_1773461936,kdl_only,404,-0.6183640051069562,-0.5998366438172638,1.3272347860214144,0.18332233294474665,-0.2973654232194739,1.4506,0.8656840069728956,0.0,0.06390810012817383,0.0,0
kdl_only_1773461936,kdl_only,405,-0.6183829004302583,-0.5998245305367931,1.3272073169656875,1.097384213940354,0.16636704685304626,1.398,1.8804036609169812,0.0,0.05630898475646973,0.0,0
kdl_only_1773461936,kdl_only,406,-0.61837713997389,-0.5998288618151095,1.3272245716941524,0.0490375235463294,-0.6603644212665211,1.0848,0.7126545867396044,0.0,4.2084126472473145,0.0,0
kdl_only_1773461936,kdl_only,407,-0.6183809891334268,-0.5998373495780117,1.327235027719651,-0.5255495682471185,0.20506671998759485,1.0424,0.8588476156589713,0.0,0.21191668510437012,0.0,0
kdl_only_1773461936,kdl_only,408,-0.6183808531350992,-0.5998334455892044,1.3272272449555107,-0.6813872768002017,-0.12419033358125353,1.2577,0.48480946485684256,0.0,0.05349230766296387,0.0,0
kdl_only_1773461936,kdl_only,409,-0.618393506485837,-0.5998321220566138,1.327227590790781,0.4448550379336662,0.3499482461250879,1.3165,1.4257262346599842,0.0,0.05762672424316406,0.0,0
kdl_only_1773461936,kdl_only,410,-0.6183863891354008,-0.5998324458523411,1.3272274338098535,-0.0815558548659513,-0.5335803976840064,1.1676,0.5639656674259889,5.078278324283439,1.8276557922363281,10.940285921096802,1
kdl_only_1773461936,kdl_only,411,-0.08216789609778435,-0.5338155169213019,1.1682531796738431,0.19719503221606915,0.41395374647320293,1.4092,1.0170376554369749,0.0,0.052150726318359375,0.0,0
kdl_only_1773461936,kdl_only,412,-0.08216789609778719,-0.5338155169213208,1.1682531796738451,-0.6963553755460551,0.2947415577626141,1.3756,1.0520103563269627,0.0,0.05110979080200195,0.0,0
kdl_only_1773461936,kdl_only,413,-0.08216789609778777,-0.5338155169213203,1.1682531796738451,0.6769796697627048,0.2308152146988497,1.3364,1.0905221390121815,0.0,0.05168747901916504,0.0,0
kdl_only_1773461936,kdl_only,414,-0.08216789609778727,-0.5338155169213206,1.1682531796738442,-0.35151088643670947,-0.24817257613413274,1.1123,0.39657066757625825,0.0,0.10143446922302246,0.0,0
kdl_only_1773461936,kdl_only,415,-0.08216789609778702,-0.5338155169213207,1.168253179673845,0.2246360410919297,-0.3232095971558756,1.0996,0.3784134886532059,0.0,0.05098462104797363,0.0,0
kdl_only_1773461936,kdl_only,416,-0.08216789609778727,-0.5338155169213206,1.1682531796738442,0.3173779687207434,-0.03445646634501198,1.0122,0.6582924535283518,0.0,0.1010744571685791,0.0,0
kdl_only_1773461936,kdl_only,417,-0.0821678960977879,-0.5338155169213208,1.1682531796738445,1.0934571853798056,0.4268578919417617,1.1224,1.51891087453544,0.0,0.051165103912353516,0.0,0
kdl_only_1773461936,kdl_only,418,-0.0821678960977879,-0.5338155169213208,1.1682531796738445,-0.6423617993909864,0.3801758994668972,1.2376,1.0742469455425778,0.0,0.5021440982818604,0.0,0
kdl_only_1773461936,kdl_only,419,-0.08216789609778777,-0.533815516921321,1.1682531796738451,0.8474883597929666,0.36434149976161156,1.4249,1.3178825331254402,0.0,0.052118778228759766,0.0,0
kdl_only_1773461936,kdl_only,420,-0.0821678960977868,-0.5338155169213207,1.168253179673845,-0.7126179809924182,-0.18930523437666813,1.0364,0.730438159814195,0.0,0.052063703536987305,0.0,0
kdl_only_1773461936,kdl_only,421,-0.0821678960977868,-0.5338155169213207,1.168253179673845,-0.1870303420021091,0.5974884159815231,1.2072,1.136820819643974,2.2961339293798426,0.15156817436218262,6.313579082489014,1
kdl_only_1773461936,kdl_only,422,-0.1872609445031037,0.5972603505595171,1.2068806846976616,-0.6103360986256564,0.44140789864258345,1.3149,0.4636278090049472,0.46337801301191983,0.10123300552368164,2.806596040725708,1
kdl_only_1773461936,kdl_only,423,-0.6100152936119583,0.4410765652036268,1.314444375163856,0.32859332262243734,0.30784866644071573,1.0972,0.9725898035752594,0.0,0.1009526252746582,0.0,0
kdl_only_1773461936,kdl_only,424,-0.6100152936093384,0.4410765651953416,1.3144443751403192,-0.0828498789552754,-0.5418821347690697,1.3482,1.1159079811762183,2.4347068195973893,0.1013956069946289,5.411527395248413,1
kdl_only_1773461936,kdl_only,425,-0.08217829150406264,-0.5415339260100636,1.3477752606701427,-0.8218408004261168,-0.5572815187012735,1.2472,0.7466351162645,0.7457766147983184,0.10119390487670898,3.509265184402466,1
kdl_only_1773461936,kdl_only,426,-0.8200912538470693,-0.5571575841433634,1.2467681875221686,1.0412595234056818,-0.14874791517439856,1.122,1.9097099974352985,3.0729225526511295,0.25156188011169434,6.721438407897949,1
kdl_only_1773461936,kdl_only,427,1.0410942168519488,-0.14902775959018286,1.122390373326173,-0.0018878331295721917,-0.5978167238243639,1.328,1.1539057195382105,1.4114520064506022,0.1516709327697754,4.311666011810303,1
kdl_only_1773461936,kdl_only,428,-0.0018145790676092066,-0.5980004790231103,1.3285135892357198,0.35502332660749825,0.15037630095506282,1.0028,0.8907808024143263,0.0,0.051284074783325195,0.0,0
kdl_only_1773461936,kdl_only,429,-0.0018180574257729287,-0.5979929097703054,1.3285219927168361,0.6744694635876478,-0.11123421774095399,1.3755,0.8345692113377415,0.0,0.05160093307495117,0.0,0
kdl_only_1773461936,kdl_only,430,-0.0018116980870430677,-0.5979935049127063,1.3285222315028737,-0.7584789281052013,0.21197840445165217,1.385,1.109860139511782,0.0,0.05115842819213867,0.0,0
kdl_only_1773461936,kdl_only,431,-0.0018145790676156182,-0.5980004790230758,1.3285135892357263,-0.5910617512619771,-0.5762170932335826,1.0533,0.6507144270227275,0.6543839761448775,0.20157384872436523,1.905968427658081,1
kdl_only_1773461936,kdl_only,432,-0.5910669099378973,-0.5758604347713843,1.0530373723605901,0.4988637792377695,-0.6574110693692938,1.2126,1.104563101569783,1.1047406238761788,0.20115399360656738,3.3113036155700684,1
kdl_only_1773461936,kdl_only,433,0.4990200741617221,-0.6572308361731113,1.2120194250971617,0.7402890741609294,0.10231150812940903,1.0879,0.8065487801959877,2.357156480066404,4.146564960479736,11.064701557159424,1
kdl_only_1773461936,kdl_only,434,0.7411377843662563,0.10208766393653498,1.087845831446824,0.17159618147289346,-0.15756143053462957,1.479,0.7381035654043159,0.0,0.05301618576049805,0.0,0
kdl_only_1773461936,kdl_only,435,0.741137784369285,0.10208766393199042,1.0878458314466946,0.018473173963861278,-0.4755886687582688,1.259,0.9408760991204226,0.0,2.9199130535125732,0.0,0
kdl_only_1773461936,kdl_only,436,0.7411377843680188,0.10208766394804147,1.0878458314466335,0.7671801090135448,0.26498615889136656,1.0251,0.17649691694665046,0.0,0.15328669548034668,0.0,0
kdl_only_1773461936,kdl_only,437,0.7411377843680554,0.10208766394807123,1.08784583144663,-0.04818277560771267,-0.08163313565306529,1.1246,0.8112528258888166,1.0910778332642792,7.840523719787598,5.114101886749268,1
kdl_only_1773461936,kdl_only,438,-0.047211336934436576,-0.08167471088049869,1.1248137183408713,0.6338944294280715,-0.5546112643283553,1.4242,0.8815929867036578,0.0,7.573124885559082,0.0,0
kdl_only_1773461936,kdl_only,439,-0.04721133693378629,-0.08167471089087755,1.1248137183425881,-0.8489766246558035,-0.41158919725822996,1.2282,0.8731322168755135,0.0,14.42934536933899,0.0,0
kdl_only_1773461936,kdl_only,440,-0.04721909276680833,-0.08167587709152566,1.124812429666772,1.028880909044288,-0.07268854364517796,1.4007,1.1109392141448107,0.0,0.05188393592834473,0.0,0
kdl_only_1773461936,kdl_only,441,-0.04721133693280191,-0.08167471090684951,1.124813718345354,0.027575877097842483,0.4171466316842324,1.3338,0.5459772203367738,0.0,0.05107688903808594,0.0,0
kdl_only_1773461936,kdl_only,442,-0.04720903857789249,-0.08167239705655649,1.1247993288829077,-0.5756035465765232,-0.2968952764530576,1.4939,0.6795270041123633,0.0,0.051024675369262695,0.0,0
kdl_only_1773461936,kdl_only,443,-0.047219092766812965,-0.08167587709157904,1.1248124296667932,-0.12798941884108517,-0.2009895932447714,1.2977,0.225054927544696,0.0,0.05171394348144531,0.0,0
kdl_only_1773461936,kdl_only,444,-0.047211336932789894,-0.08167471090704165,1.1248137183453881,0.8951118534795446,0.5696298592563976,1.475,1.1978318204838883,0.0,0.10129165649414062,0.0,0
kdl_only_1773461936,kdl_only,445,-0.047219092766817516,-0.08167587709163213,1.124812429666814,0.49088298746352654,-0.14173330754789149,1.4457,0.6293882557655229,0.0,4.561485767364502,0.0,0
kdl_only_1773461936,kdl_only,446,-0.04721133693241936,-0.08167471091300613,1.1248137183464215,-0.7968389763566719,0.4960209771940721,1.3063,0.9636447355092694,0.0,1.6053225994110107,0.0,0
kdl_only_1773461936,kdl_only,447,-0.0472090385781925,-0.08167239704615231,1.1247993288806462,0.4338394738118614,0.486891775730781,1.3596,0.7808996382354786,0.0,0.05149531364440918,0.0,0
kdl_only_1773461936,kdl_only,448,-0.047219092767005644,-0.0816758770938172,1.1248124296676663,-0.7408956556087125,-0.030707377847289496,1.2524,0.7071517162919397,0.0,3.9613852500915527,0.0,0
kdl_only_1773461936,kdl_only,449,-0.047211336931976655,-0.08167471092012468,1.1248137183476559,0.1422238470507209,0.19163296863227752,1.4153,0.44154847577710205,0.0,0.05106163024902344,0.0,0
kdl_only_1773461936,kdl_only,450,-0.04720903857838635,-0.08167239703946483,1.124799328879194,0.5467529551402361,-0.6439561223378227,1.2739,0.83137527497892,1.586772598083066,6.521358489990234,6.023222923278809,1
kdl_only_1773461936,kdl_only,451,0.546756674797585,-0.644172418529853,1.27353342770059,1.0227857714295696,0.2703364858966756,1.4486,1.0457430572814421,0.0,0.05309343338012695,0.0,0
kdl_only_1773461936,kdl_only,452,0.5467422288137922,-0.6441720623023016,1.2735203850035304,-0.17988819864372618,0.32137395184294404,1.3718,1.2124066010471575,2.103749787176289,0.5679543018341064,5.3533549308776855,1
kdl_only_1773461936,kdl_only,453,-0.1805675930534264,0.32099052673548356,1.3720613123072603,-0.5279152973678448,-0.6078043772937921,1.2373,1.0007352360829627,1.3503407945528152,1.607738733291626,5.523871183395386,1
kdl_only_1773461936,kdl_only,454,-0.5283475382206739,-0.6077939685817132,1.2366480478501294,-0.347677979059842,-0.7142216235435258,1.1296,0.23543071145575634,0.23771856709397407,0.2045276165008545,2.3116588592529297,1
kdl_only_1773461936,kdl_only,455,-0.3469417596359301,-0.7145636981112762,1.1304141956934206,-0.287428451039753,0.3139126051295956,1.1236,1.0302192841774134,0.0,0.05139350891113281,0.0,0
kdl_only_1773461936,kdl_only,456,-0.3469417596359311,-0.7145636981112816,1.1304141956933904,-0.4653278463284098,-0.5762150614489756,1.3188,0.26200156879859715,0.26509519821006927,0.15145325660705566,2.506983518600464,1
kdl_only_1773461936,kdl_only,457,-0.46455248913935143,-0.5760763692980618,1.3188744692259027,0.403218230518521,-0.01436486891565636,1.3829,1.0356858115028418,0.0,0.10174560546875,0.0,0
kdl_only_1773461936,kdl_only,458,-0.4645524891392819,-0.5760763692993752,1.3188744692208338,0.7100515278593669,-0.3406625215728744,1.2606,1.1993790852827675,1.1996893739515244,0.15125107765197754,3.3087992668151855,1
kdl_only_1773461936,kdl_only,459,0.7103520827927308,-0.34082161880299977,1.261340389758299,0.28136170856676257,0.28485254853617714,1.3134,0.7604019383672206,0.7822143909876179,0.05164146423339844,2.3089723587036133,1
kdl_only_1773461936,kdl_only,460,0.2824323796852695,0.2846465225449453,1.3134701910392002,-0.6191142307021915,-0.27822044676355917,1.1373,1.0773307069096516,0.0,0.10099244117736816,0.0,0
kdl_only_1773461936,kdl_only,461,0.28244015574274034,0.2846384614638971,1.313449527079439,-0.13536495875404864,-0.1493263628346746,1.0387,0.6620980932298028,0.0,0.050913333892822266,0.0,0
kdl_only_1773461936,kdl_only,462,0.282432379685174,0.2846465225431001,1.313470191038244,0.9961763104100105,-0.41228821394213816,1.1429,1.0120487219680245,0.0,0.652289867401123,0.0,0
kdl_only_1773461936,kdl_only,463,0.2824397677117822,0.2846451400882249,1.3134722165730701,0.884885152214772,0.1443440565882531,1.1359,0.6435500970700685,0.0,0.05309033393859863,0.0,0
kdl_only_1773461936,kdl_only,464,0.28244015574326503,0.2846384614637763,1.3134495270795061,0.8342353327923302,0.42011070136044204,1.1599,0.5885644420652415,0.0,0.10120868682861328,0.0,0
kdl_only_1773461936,kdl_only,465,0.28243976771168766,0.28464514008823694,1.313472216573048,0.6234931027751236,-0.11021873074533162,1.2701,0.5235608875938126,0.0,0.05147433280944824,0.0,0
kdl_only_1773461936,kdl_only,466,0.28244015574337084,0.28463846146375527,1.3134495270795206,0.6659188389624542,0.15856636497379228,1.0692,0.4718134223137215,0.0,0.051334381103515625,0.0,0
kdl_only_1773461936,kdl_only,467,0.2824323796851134,0.2846465225431299,1.3134701910382907,1.0786154237375754,0.5449712033670414,1.1156,0.860714233404006,0.0,20.022881269454956,0.0,0
kdl_only_1773461936,kdl_only,468,0.2824401557551088,0.28463846146147026,1.313449527081115,-0.6119135710130583,0.25449639631979604,1.347,0.8954902383098294,0.0,0.056485891342163086,0.0,0
kdl_only_1773461936,kdl_only,469,0.28243237968399854,0.28464652254369616,1.3134701910391855,0.12960003743052506,0.4121259604873889,1.3532,0.20294627283393377,0.0,0.05479550361633301,0.0,0
kdl_only_1773461936,kdl_only,470,0.28243976770099816,0.2846451400896062,1.3134722165704895,0.29706912248928785,-0.04451260853703132,1.0321,0.43327723891322606,0.0,0.2641475200653076,0.0,0
kdl_only_1773461936,kdl_only,471,0.2824323796839784,0.2846465225437063,1.313470191039202,0.49237066866327983,0.4569456863927498,1.2038,0.2928969747969604,0.29392296352614056,0.20720672607421875,1.82535982131958,1
kdl_only_1773461936,kdl_only,472,0.49319351159726155,0.45679718287453064,1.203664144431385,-0.5557380195200363,-0.10882003014720865,1.2713,1.1936309302280403,0.0,0.05249214172363281,0.0,0
kdl_only_1773461936,kdl_only,473,0.4931994015667226,0.4567966215053254,1.2036642066573537,0.5668471193539755,0.6197468731540255,1.2079,0.17887065939635588,0.0,20.02796173095703,0.0,0
kdl_only_1773461936,kdl_only,474,0.49319940161566245,0.45679662154262424,1.2036642067256027,0.7127406599617341,-0.46265503801989294,1.1034,0.9506011937393924,0.0,0.1015937328338623,0.0,0
kdl_only_1773461936,kdl_only,475,0.4931935116163443,0.4567971828921521,1.2036641444618206,0.34788316241567485,-0.48465401463841823,1.2101,0.9526210553798786,1.2222854142241728,0.20183944702148438,3.407832384109497,1
kdl_only_1773461936,kdl_only,476,0.34913742408976045,-0.48412333143521313,1.2100168393778787,0.22547695100965703,-0.7358145109920379,1.4524,0.3706615154318961,0.38059039860966937,0.10163545608520508,2.607666254043579,1
kdl_only_1773461936,kdl_only,477,0.22579963042987655,-0.7357620084373078,1.4520316143752767,0.6050443573733022,-0.4647917103329638,1.292,0.49280988521813135,0.5001110950953498,0.3525075912475586,2.6147236824035645,1
kdl_only_1773461936,kdl_only,478,0.6053954245522173,-0.4650035800283151,1.2920604248482128,-0.22502153641792721,-0.538427818843221,1.3478,0.8355180118648194,0.8363549017875406,0.40720319747924805,3.5284082889556885,1
kdl_only_1773461936,kdl_only,479,-0.22418039251419905,-0.5384429707719238,1.3474810260830181,1.1017346571772042,-0.2369427050835904,1.4284,1.3621677611616232,0.0,0.0519719123840332,0.0,0
kdl_only_1773461936,kdl_only,480,-0.22417324883385029,-0.5384228494943374,1.3474536493177283,0.8834400368817776,0.07184291517264152,1.3828,1.2651011258887157,0.0,0.05272865295410156,0.0,0
kdl_only_1773461936,kdl_only,481,-0.22417317142530088,-0.538425063570959,1.347450757178751,0.5057151663566712,-0.7385781058077211,1.1902,0.7729980766988052,0.778255390269088,0.40511035919189453,3.5155413150787354,1
kdl_only_1773461936,kdl_only,482,0.5058129370396129,-0.7381811540084988,1.1900627301340383,0.701099110591181,-0.6152308608830164,1.0029,0.2971251448653952,0.0,0.7056939601898193,0.0,0
kdl_only_1773461936,kdl_only,483,0.5058072389010031,-0.7381813845321015,1.1900623886960422,0.40008919234416074,-0.6538911611804015,1.1759,0.13594749123853644,0.13574863650742874,0.20743846893310547,2.2074224948883057,1
kdl_only_1773461936,kdl_only,484,0.4004198679000436,-0.6537688707360745,1.176495806915641,0.23822830713285081,0.08619205390352902,1.3767,0.7835368474463433,0.8119725543778323,0.25290346145629883,2.107815742492676,1
kdl_only_1773461936,kdl_only,485,0.2386518142578119,0.08657693696795585,1.376596057975308,-0.3382153327058792,0.3906178895874054,1.4267,0.6540084182349527,0.0,20.02161478996277,0.0,0
kdl_only_1773461936,kdl_only,486,0.2386508783769946,0.08659372987490238,1.3766030643802494,-0.7569520582384333,-0.28375655011161244,1.4767,1.0669601369328745,0.0,0.0634148120880127,0.0,0
kdl_only_1773461936,kdl_only,487,0.2386334528091998,0.08660893064577022,1.3765553285869063,0.6900348599807096,-0.03227231644922868,1.2095,0.4957857038243041,0.49530764659480075,0.6697337627410889,3.5600409507751465,1
kdl_only_1773461936,kdl_only,488,0.6891296722762719,-0.03306412987243798,1.20942706763926,-0.22252196234634447,-0.14665739087709528,1.3738,0.9332901974994856,0.0,0.056293487548828125,0.0,0
kdl_only_1773461936,kdl_only,489,0.6891296722762883,-0.03306412987233681,1.2094270676392145,0.31268253283433034,0.26780111896464687,1.2731,0.4860931896943159,0.4873687442629257,0.4622030258178711,2.8301491737365723,1
kdl_only_1773461936,kdl_only,490,0.31192866258672536,0.26830714459140603,1.2730256533419333,0.4005642254787496,-0.16420517477394503,1.3016,0.4424247537140263,0.44699743453091306,0.25972437858581543,1.6229634284973145,1
kdl_only_1773461936,kdl_only,491,0.4008646718268827,-0.16496281424444725,1.3015727223632194,-0.6384576695898463,-0.17979068155729994,1.1103,1.0568803382300365,0.0,0.15302062034606934,0.0,0
kdl_only_1773461936,kdl_only,492,0.40086467182686625,-0.16496281424447867,1.3015727223632452,0.2604508415722837,0.06459510182466044,1.1097,0.3304966295499118,0.0,0.15296721458435059,0.0,0
kdl_only_1773461936,kdl_only,493,0.4008646718268659,-0.16496281424447867,1.301572722363245,-0.20999862571349048,-0.7070057224769429,1.2179,0.8209540834386916,0.8361447350630504,0.6065123081207275,2.1091508865356445,1
kdl_only_1773461936,kdl_only,494,-0.20895513952621403,-0.7070309069363843,1.218734664124432,-0.33177365463388575,-0.0311597751878675,1.0145,0.7166575000753804,0.0,0.505455732345581,0.0,0
kdl_only_1773461936,kdl_only,495,-0.20895513955826683,-0.7070309069965542,1.2187346639606176,-0.35907382392803644,-0.15265153929670316,1.1681,0.5765726076762595,0.7838382732564777,0.5588138103485107,3.013589382171631,1
kdl_only_1773461936,kdl_only,496,-0.3587231484681447,-0.1530108131641172,1.1679399751539572,-0.5041469898286783,0.3598319076593063,1.3396,0.5600204586153701,0.9807257761854793,0.40353822708129883,4.714445352554321,1
kdl_only_1773461936,kdl_only,497,-0.5040509415064736,0.3599717529922528,1.3390516529525682,-0.6084426946715995,-0.6322535200977107,1.2022,1.007043695975101,2.0829169327908077,0.15634608268737793,4.709585189819336,1
kdl_only_1773461936,kdl_only,498,-0.6084989157089641,-0.6324427261717817,1.2026407888400885,-0.007161907416714075,0.2593443061683932,1.0825,1.0822772832019936,0.0,0.10179996490478516,0.0,0
kdl_only_1773461936,kdl_only,499,-0.6084905927668876,-0.6324377102289835,1.2026372310958544,0.336466246264685,-0.5570234909504601,1.2337,0.9484701511981929,0.9493782930363418,0.05156254768371582,2.4089322090148926,1
kdl_only_1773461936,kdl_only,500,0.3365161942883643,-0.5567520534173759,1.2339128899595844,1.0230101789874138,-0.6482516855262773,1.0638,0.7131511544086883,0.7142236579722399,0.2514958381652832,3.1575443744659424,1
kdl_only_1773461936,kdl_only,501,1.0226624906126287,-0.6485335660648497,1.06382327132178,-0.3542993348354344,-0.4036511300750722,1.3111,1.4202595033103464,0.0,0.10128355026245117,0.0,0
kdl_only_1773461936,kdl_only,502,1.0226624895918754,-0.6485335642703438,1.0638232716394862,-0.3339956428130534,0.30041321256228215,1.0135,1.6563676237930878,0.0,0.10132813453674316,0.0,0
kdl_only_1773461936,kdl_only,503,1.0226624896152483,-0.6485335649493593,1.063823271824959,-0.7434442757073885,-0.07307717989276985,1.197,1.8622618501564687,0.0,0.05112910270690918,0.0,0
kdl_only_1773461936,kdl_only,504,1.0226624897532721,-0.6485335651701946,1.063823271775417,0.9235590325286225,-0.5516768600844242,1.2822,0.2586331610293298,0.2638690647660081,0.15140318870544434,1.7126963138580322,1
kdl_only_1773461936,kdl_only,505,0.923620184054561,-0.5512936326342344,1.283045124269567,-0.18456552735497378,0.4933710169743125,1.0136,1.546609348253995,0.0,0.10213112831115723,0.0,0
kdl_only_1773461936,kdl_only,506,0.9236201840577236,-0.5512936326159902,1.2830451242605752,1.036447768611257,0.026671084076570928,1.3214,0.5901223382237651,0.0,0.051143646240234375,0.0,0
kdl_only_1773461936,kdl_only,507,0.9236201840554475,-0.5512936325990182,1.283045124261601,-0.04295164159501208,-0.3855431952181417,1.0678,1.0040242851403578,0.0,0.15147638320922852,0.0,0
kdl_only_1773461936,kdl_only,508,0.9236201840520759,-0.551293632592235,1.2830451242665943,-0.36455741623550086,0.15583590242537837,1.2308,1.4704296182362886,0.0,0.05140852928161621,0.0,0
kdl_only_1773461936,kdl_only,509,0.9236201840525844,-0.5512936325966509,1.2830451242664904,0.046514188616282315,0.5925353229137321,1.0251,1.464307103659316,0.0,0.10154485702514648,0.0,0
kdl_only_1773461936,kdl_only,510,0.9236201840535004,-0.5512936326001335,1.2830451242654437,-0.646862154352116,-0.5351868573181999,1.1896,1.5733423641099038,1.5744548173571025,0.20132017135620117,33.67802691459656,0
kdl_only_1773461936,kdl_only,511,-0.6473686043110936,-0.5354969155262992,1.1893813977352439,0.8129210266411351,0.028120111100189304,1.1058,1.5675126184555126,0.0,0.10440778732299805,0.0,0
kdl_only_1773461936,kdl_only,512,-0.647368604341343,-0.535496915519332,1.189381397771775,0.83179687221858,0.2501468526084567,1.1634,1.675064676505045,1.8012079218711636,0.4061121940612793,4.112947702407837,1
kdl_only_1773461936,kdl_only,513,0.832964168544629,0.25034137041714827,1.163342067274112,0.2042927467731246,-0.6307093749439266,1.3806,1.103938033490031,0.0,20.02763795852661,0.0,0
kdl_only_1773461936,kdl_only,514,0.833018078158991,0.2503294371793836,1.1633109599166565,-0.5444348613963874,0.556389253978388,1.1896,1.4112903052799932,1.4636025608461918,0.41158151626586914,34.17571949958801,0
kdl_only_1773461936,kdl_only,515,-0.5450789027585362,0.5560607991338252,1.1896186908770572,0.04326980190320351,-0.17723414586288522,1.376,0.9584433561902642,0.0,0.0511937141418457,0.0,0
kdl_only_1773461936,kdl_only,516,-0.5450604273894925,0.5560596395459896,1.1896256115565405,-0.7495747041421027,-0.0388213605895642,1.416,0.6685468251821036,0.0,0.051564931869506836,0.0,0
kdl_only_1773461936,kdl_only,517,-0.5450789027588063,0.5560607991305877,1.1896186908960382,-0.77002206328744,0.33734624595366147,1.1261,0.32010952084113276,0.0,0.051178693771362305,0.0,0
kdl_only_1773461936,kdl_only,518,-0.5450604273897666,0.556059639545873,1.189625611557787,-0.5465520074971895,-0.2892845008665623,1.041,0.8583114312135091,0.0,0.0513911247253418,0.0,0
kdl_only_1773461936,kdl_only,519,-0.545078902758803,0.5560607991305686,1.1896186908961106,-0.46692531463328774,0.4631385273809042,1.0097,0.21705590813839032,0.0,0.051064491271972656,0.0,0
kdl_only_1773461936,kdl_only,520,-0.5450604273897602,0.5560596395458628,1.1896256115577803,-0.39970590904178915,-0.12299714109532234,1.2697,0.6990407391728588,0.0,0.051650285720825195,0.0,0
kdl_only_1773461936,kdl_only,521,-0.5450789027587964,0.5560607991305616,1.1896186908961042,-0.8191541711309405,-0.6534088916080839,1.5,1.2783859912365068,1.8315897993559356,1.3545036315917969,5.113809823989868,1
kdl_only_1773461936,kdl_only,522,-0.8197464576432542,-0.6531211592603292,1.499844806627799,0.19470696354227957,-0.05900561396088522,1.175,1.2196774874181049,0.0,0.05131649971008301,0.0,0
kdl_only_1773461936,kdl_only,523,-0.8197464576436793,-0.6531211592584678,1.4998448066183787,0.7564084643096469,-0.2203029096846093,1.3251,1.64381620706269,0.0,0.05108976364135742,0.0,0
kdl_only_1773461936,kdl_only,524,-0.8197464576437026,-0.6531211592583455,1.4998448066177614,-0.46913487800892023,-0.023945086738425436,1.3906,0.7285090512674095,0.0,0.05142951011657715,0.0,0
kdl_only_1773461936,kdl_only,525,-0.8197464576437054,-0.6531211592583368,1.49984480661772,0.27179005117645416,0.12891624171411742,1.3259,1.3539908575600978,0.0,0.0513453483581543,0.0,0
kdl_only_1773461936,kdl_only,526,-0.8197464576437052,-0.6531211592583368,1.499844806617718,0.9407085155827597,-0.010618336403803608,1.3771,1.8780516174177582,0.0,0.05181002616882324,0.0,0
kdl_only_1773461936,kdl_only,527,-0.8197464576437055,-0.6531211592583369,1.499844806617717,0.6992439965686201,-0.3077694557092183,1.4748,1.5579560460651527,0.0,0.051416635513305664,0.0,0
kdl_only_1773461936,kdl_only,528,-0.8197464576437047,-0.6531211592583364,1.4998448066177168,-0.3241753060171827,0.6083585035107152,1.0997,1.4131657978338874,0.0,0.05156970024108887,0.0,0
kdl_only_1773461936,kdl_only,529,-0.8197464576437045,-0.6531211592583365,1.499844806617718,-0.5078663686302323,0.48534186155081416,1.0102,1.2779355524910676,0.0,0.05198407173156738,0.0,0
kdl_only_1773461936,kdl_only,530,-0.819746457643706,-0.6531211592583358,1.4998448066177172,-0.0002789847939322909,0.10241948644590804,1.0762,1.192410805278174,0.0,0.10136699676513672,0.0,0
kdl_only_1773461936,kdl_only,531,-0.8197464576437051,-0.6531211592583362,1.4998448066177175,0.7197422072451227,-0.04884589310569898,1.0631,1.7105320729856468,0.0,20.070410013198853,0.0,0
kdl_only_1773461936,kdl_only,532,-0.8197464576437028,-0.6531211592583367,1.4998448066177124,1.0775066523303387,0.1747220783561837,1.3347,2.0765756900539563,0.0,0.0551910400390625,0.0,0
kdl_only_1773461936,kdl_only,533,-0.819746457643703,-0.6531211592583361,1.4998448066177124,0.8749808169598043,-0.15562916879707478,1.282,1.7796222002516286,0.0,0.059439897537231445,0.0,0
kdl_only_1773461936,kdl_only,534,-0.8197464576437032,-0.6531211592583367,1.4998448066177126,0.23643576497127428,-0.01835291920344262,1.109,1.2927533673560239,0.0,0.15652132034301758,0.0,0
kdl_only_1773461936,kdl_only,535,-0.8197464576437046,-0.6531211592583358,1.4998448066177121,-0.7156161492375155,0.262076177727658,1.3497,0.9332592082102876,0.0,0.054260969161987305,0.0,0
kdl_only_1773461936,kdl_only,536,-0.8197464576437024,-0.6531211592583359,1.499844806617711,0.7503838844738024,5.061935013805918e-05,1.3834,1.704553330522934,0.0,0.05422186851501465,0.0,0
kdl_only_1773461936,kdl_only,537,-0.8197464576437027,-0.6531211592583365,1.499844806617711,0.06085477568483855,0.38592909745418813,1.0839,1.4241116705744519,0.0,0.6062159538269043,0.0,0
kdl_only_1773461936,kdl_only,538,-0.8197464576437039,-0.6531211592583359,1.4998448066177112,0.10652907045009441,0.39501447284873803,1.3036,1.4124753737189062,1.6756058937878138,0.869664192199707,4.336586236953735,1
kdl_only_1773461936,kdl_only,539,0.10607656329972992,0.39530804714862344,1.3028518949620447,0.5382117882956075,0.39189406426090445,1.374,0.4379663923315204,0.0,0.05154705047607422,0.0,0
kdl_only_1773461936,kdl_only,540,0.1060509844075056,0.39531732878500886,1.3028853021709947,-0.5916115162937101,-0.264928500486103,1.0573,0.9914482642059498,0.0,0.10171937942504883,0.0,0
kdl_only_1773461936,kdl_only,541,0.10605805543693403,0.39531141718408686,1.3028707762806455,0.417574513235478,0.11015585171536446,1.4097,0.43562447479178523,0.0,0.051595449447631836,0.0,0
kdl_only_1773461936,kdl_only,542,0.10607486105805486,0.3953176016568183,1.302859535779846,0.061091165783162205,0.6022901848328225,1.4824,0.2776615949668242,0.28156072193233056,0.1018686294555664,1.5040569305419922,1
kdl_only_1773461936,kdl_only,543,0.060053383078495864,0.6022943121201585,1.4822268293985768,0.46718392803351017,-0.2963070827968456,1.054,1.0754617450188129,0.0,0.25145769119262695,0.0,0
kdl_only_1773461936,kdl_only,544,0.060053383317694636,0.6022943067037672,1.4822268252071047,-0.5263849915172485,0.4327829937365505,1.0128,0.7700685663802546,0.0,0.05112600326538086,0.0,0
kdl_only_1773461936,kdl_only,545,0.060053383298727586,0.6022943066566082,1.482226825263184,-0.31947479268335854,0.14031974442066442,1.156,0.6810918249683205,0.0,0.050965309143066406,0.0,0
kdl_only_1773461936,kdl_only,546,0.060053383295187446,0.6022943067057982,1.4822268253078528,-0.2678742387870786,-0.4508266268661139,1.3387,1.1122950038703114,0.0,0.051042795181274414,0.0,0
kdl_only_1773461936,kdl_only,547,0.060053383297182406,0.6022943067600217,1.4822268253312392,0.421568650833003,0.5462308205482153,1.4791,0.36584994216805533,0.0,0.051285743713378906,0.0,0
kdl_only_1773461936,kdl_only,548,0.060053383299871366,0.6022943067933964,1.482226825339458,0.6897026343280379,0.1706892573760176,1.1983,0.8144664143783046,0.0,0.052141427993774414,0.0,0
kdl_only_1773461936,kdl_only,549,0.06005338330170712,0.6022943068076827,1.4822268253402977,0.45639144219736316,0.02704542696712453,1.3575,0.7096139173145228,0.0,0.05127143859863281,0.0,0
kdl_only_1773461936,kdl_only,550,0.06005338330263643,0.6022943068111355,1.4822268253388078,0.039430093522217935,0.4449103994841487,1.038,0.47173349119759594,0.0,0.051923274993896484,0.0,0
kdl_only_1773461936,kdl_only,551,0.06005338330301416,0.6022943068103338,1.4822268253372537,1.0630182511081268,-0.5908699047696422,1.3453,1.5647134936925455,2.3117895448494012,0.10107302665710449,5.412243127822876,1
kdl_only_1773461936,kdl_only,552,1.0622854473075662,-0.5909011321575007,1.3450816299703128,0.593489967360056,0.5184371827216331,1.3136,1.2047372294005363,0.0,0.40172386169433594,0.0,0
kdl_only_1773461936,kdl_only,553,1.0622854472879468,-0.5909011323335824,1.345081629983552,-0.2938234672245187,0.5083982020987395,1.051,1.7703034823999266,3.1834401351522663,0.704423189163208,10.526291847229004,1
kdl_only_1773461936,kdl_only,554,-0.29319751088814944,0.5089856791019589,1.051407652151516,-0.8373110067998992,0.5799014306197118,1.3862,0.6427864780971467,0.0,0.1012582778930664,0.0,0
kdl_only_1773461936,kdl_only,555,-0.29319751088775076,0.5089856791074389,1.0514076521475066,0.7708602257502346,-0.3561898733778862,1.4251,1.4214054925885675,0.0,0.05126500129699707,0.0,0
kdl_only_1773461936,kdl_only,556,-0.29319751088776325,0.5089856791072355,1.051407652147403,0.5217056073272972,-8.029308989310202e-05,1.3002,0.9925285328269633,0.0,0.05127286911010742,0.0,0
kdl_only_1773461936,kdl_only,557,-0.29319751088777324,0.5089856791071488,1.051407652147426,-0.8484152000983621,-0.09891281545176889,1.0605,0.8233407149466232,0.0,21.0418221950531,0.0,0
kdl_only_1773461936,kdl_only,558,-0.2931975108877748,0.5089856791071371,1.0514076521474423,-0.2838746651215207,-0.330911140789403,1.4919,0.9484445645593428,0.0,0.05280756950378418,0.0,0
kdl_only_1773461936,kdl_only,559,-0.2931975108877737,0.5089856791071368,1.0514076521474416,0.9165378804705187,0.4280105634134833,1.3913,1.2591836619791117,0.0,0.05294919013977051,0.0,0
kdl_only_1773461936,kdl_only,560,-0.29319751088777424,0.508985679107136,1.0514076521474407,0.8955435513127907,-0.4883563333275463,1.1736,1.5565112825169982,2.7372752491168266,0.7071959972381592,4.918762445449829,1
kdl_only_1773461936,kdl_only,561,0.8958652414171231,-0.4880910790877042,1.1734807910357588,0.701854148383777,-0.6953630535178119,1.2142,0.2868100932373588,0.2949062283671595,0.3096456527709961,2.2077364921569824,1
kdl_only_1773461936,kdl_only,562,0.7014168323262462,-0.6952979254596036,1.214528163385126,0.8229896579860032,-0.02653362325410802,1.1853,0.680352797729361,0.0,20.024754285812378,0.0,0
kdl_only_1773461936,kdl_only,563,0.7014168322677584,-0.695297925612873,1.2145281633286578,0.31417540320723125,-0.5850820620401551,1.253,0.40445462437804525,0.4054160780349763,0.4583871364593506,1.5422093868255615,1
kdl_only_1773461936,kdl_only,564,0.3138130970419851,-0.5852328446179166,1.2529193888641572,0.45335492114327147,0.3964400622612222,1.1706,0.9949523096897764,1.160214178690885,1.7422294616699219,2.9333865642547607,1
kdl_only_1773461936,kdl_only,565,0.4527894954226198,0.395924917057044,1.1706050087869604,0.15257866917849183,-0.15159273821895947,1.4248,0.6741789203104113,0.0,0.052577972412109375,0.0,0
kdl_only_1773461936,kdl_only,566,0.4527894954221064,0.39592491705424154,1.1706050087888409,0.6608294776571699,0.08404279421479088,1.4112,0.44546272857681984,9.711389650383556,1.8280398845672607,18.741264581680298,1
kdl_only_1773461936,kdl_only,567,0.6615663401910881,0.08419051677256383,1.4109834563953474,0.3302515450205705,0.12441657794839256,1.0528,0.48957432319508065,0.0,0.10111832618713379,0.0,0
kdl_only_1773461936,kdl_only,568,0.661566340191154,0.08419051677221198,1.4109834563951398,-0.402406865681134,-0.03901216965208354,1.4804,1.0733296517297763,0.0,0.1515817642211914,0.0,0
kdl_only_1773461936,kdl_only,569,0.6615663401911551,0.08419051677221276,1.4109834563951413,0.09355613000734608,0.15315613261547922,1.3178,0.5797197698780344,0.5793938607925362,0.05218005180358887,2.210200786590576,1
kdl_only_1773461936,kdl_only,570,0.09411336491901756,0.1538774108947338,1.3171125179984664,0.6008031418619415,-0.04739043425359135,1.4144,0.5538123596520025,0.0,0.05113840103149414,0.0,0
kdl_only_1773461936,kdl_only,571,0.09411336491768962,0.15387741091679513,1.3171125178181913,-0.36879588677145925,-0.24581384993613936,1.3537,0.6126799516501421,0.0,0.051215410232543945,0.0,0
kdl_only_1773461936,kdl_only,572,0.09411336491752376,0.15387741091854817,1.3171125178043597,-0.5954722386493243,-0.36265714109474584,1.2177,0.8673056535999466,2.9173334560004385,0.1515522003173828,5.112552881240845,1
kdl_only_1773461936,kdl_only,573,-0.5953481769711517,-0.362797826807474,1.2176777641936076,0.08240537717814755,-0.47356174269744805,1.3669,0.7027700910570589,0.0,0.10174751281738281,0.0,0
kdl_only_1773461936,kdl_only,574,-0.5953481769716151,-0.36279782680792955,1.2176777641945091,-0.46274070953503815,-0.033229208515224706,1.4827,0.4432121388845826,0.0,0.05162835121154785,0.0,0
kdl_only_1773461936,kdl_only,575,-0.5953481769716114,-0.3627978268079308,1.2176777641945091,-0.4388056203601179,-0.6925448479238717,1.135,0.37426498989018764,4.879283847621864,0.15102314949035645,7.015843391418457,1
kdl_only_1773461936,kdl_only,576,-0.4394691222938523,-0.6928213547529277,1.1352674792873643,0.717724816927189,0.042994835989419444,1.4041,1.3974241316512317,0.0,0.05153918266296387,0.0,0
kdl_only_1773461936,kdl_only,577,-0.4394704969204273,-0.6928199987207679,1.1352553331747537,0.973735871915842,-0.19750133334009856,1.2691,1.5034650697743006,0.0,0.05189394950866699,0.0,0
kdl_only_1773461936,kdl_only,578,-0.43947518501381094,-0.6928173348418711,1.135271682609086,-0.647372304129376,-0.26866340179047504,1.2417,0.4842052847730813,0.0,0.05135750770568848,0.0,0
kdl_only_1773461936,kdl_only,579,-0.4394766902503811,-0.6928110195241028,1.1352593048380255,0.10520932223411517,0.22190354452750682,1.2178,1.067800801761363,1.9007733953298753,0.20132017135620117,6.212850093841553,1
kdl_only_1773461936,kdl_only,580,0.10474062470577361,0.22181649948219573,1.2176711947370726,-0.32848211642031233,-0.20085247212883384,1.3655,0.623044427514595,0.0,0.05116009712219238,0.0,0
kdl_only_1773461936,kdl_only,581,0.10474062472221757,0.2218164995601605,1.2176711947185805,0.9258850070670919,0.23808085349746078,1.1342,0.8255362294977067,0.9958124598229845,0.301654577255249,5.915409564971924,1
kdl_only_1773461936,kdl_only,582,0.9251360512140192,0.23820108769177453,1.1344166372184439,0.759752541526606,0.569253142780375,1.4259,0.47107294470533617,0.0,0.10224723815917969,0.0,0
kdl_only_1773461936,kdl_only,583,0.9251360512135829,0.2382010876555738,1.1344166372207822,0.3883475157035128,-0.6727399858985535,1.4154,1.0940325504763144,1.9407604841233816,1.3129746913909912,7.668684482574463,1
kdl_only_1773461936,kdl_only,584,0.3871523692300299,-0.6725710780959088,1.415392520117867,0.3237225877456864,0.2003745411388418,1.0433,0.9510574298368942,0.0,0.1043703556060791,0.0,0
kdl_only_1773461936,kdl_only,585,0.3871523884394031,-0.6725711276878816,1.4153924725170925,0.031260760749884264,-0.23592114810050058,1.4408,0.5638861567603429,0.0,0.052611589431762695,0.0,0
kdl_only_1773461936,kdl_only,586,0.38715239262538476,-0.6725710630271088,1.4153924762447594,0.6158348907562847,-0.645435468931307,1.1219,0.3730547667978549,0.3752763117854364,0.153289794921875,2.7162139415740967,1
kdl_only_1773461936,kdl_only,587,0.6159027611619596,-0.6458105848012592,1.1224219776481346,0.9935003604287094,0.17561881659728396,1.2324,0.9107257401953726,1.100137885036502,0.20306777954101562,3.126155376434326,1
kdl_only_1773461936,kdl_only,588,0.9933579574293516,0.17541050244243556,1.2319716932572844,0.30363568817532327,-0.7290797531458806,1.3052,1.1398165712374728,0.0,0.3562135696411133,0.0,0
kdl_only_1773461936,kdl_only,589,0.9933579574269573,0.17541050242684145,1.2319716932507738,0.34112061425943163,0.4574618674227583,1.1895,0.7118780577078355,0.0,20.052610874176025,0.0,0
kdl_only_1773461936,kdl_only,590,0.9933434818371105,0.17541037547064614,1.2319775083622924,0.9156624550405383,-0.6517061578551653,1.0143,0.8588012571438712,0.0,20.05383563041687,0.0,0
kdl_only_1773461936,kdl_only,591,0.9933434819352618,0.17541037551198216,1.2319775084203837,-0.8497974975313481,-0.16312492658462396,1.4255,1.883938899142421,0.0,20.05823564529419,0.0,0
kdl_only_1773461936,kdl_only,592,0.9933412692288539,0.1754176763505671,1.231974668226914,0.27101017550787976,-0.6829025146475063,1.0909,1.1306537141169448,6.339413838460448,1.5917057991027832,12.834138870239258,1
kdl_only_1773461936,kdl_only,593,0.27141146535765237,-0.6831214759075128,1.0909976090666116,-0.19284230601179142,0.25888437189294156,1.1061,1.0503021773436965,0.0,0.1017313003540039,0.0,0
kdl_only_1773461936,kdl_only,594,0.27141146535628846,-0.683121475906962,1.0909976090633546,0.4995207824584045,-0.15227469966593643,1.3989,0.6547030187335217,0.0,0.05249834060668945,0.0,0
kdl_only_1773461936,kdl_only,595,0.27141146535628846,-0.683121475906962,1.0909976090633546,-0.26588664542158247,0.34106560973117006,1.1702,1.1592762677478916,0.0,1.0550761222839355,0.0,0
kdl_only_1773461936,kdl_only,596,0.27141146535629335,-0.6831214759069768,1.0909976090633828,0.7570411446105278,0.4352906519466039,1.4402,1.268315490301366,0.0,0.051067352294921875,0.0,0
kdl_only_1773461936,kdl_only,597,0.2714114653562929,-0.6831214759069768,1.0909976090633824,-0.2410059660875028,0.05694107782031255,1.3506,0.936833821366854,0.0,0.0512540340423584,0.0,0
kdl_only_1773461936,kdl_only,598,0.2714114653562929,-0.6831214759069771,1.0909976090633833,0.5254711797600604,0.20286849540819618,1.1381,0.9228993460751457,0.0,0.05139517784118652,0.0,0
kdl_only_1773461936,kdl_only,599,0.271411465356294,-0.6831214759069764,1.0909976090633835,-0.0196908511679047,-0.5470756460314574,1.0051,0.33260701398960196,0.0,0.10132932662963867,0.0,0
kdl_only_1773461936,kdl_only,600,0.27141146535629446,-0.6831214759069786,1.0909976090633862,-0.5668607810033723,-0.7080347778894983,1.474,0.9219608793738034,0.0,0.05104708671569824,0.0,0
kdl_only_1773461936,kdl_only,601,0.27141146535629246,-0.683121475906979,1.0909976090633853,-0.19792254183587987,-0.6444678647233275,1.0428,0.4733830599884473,0.4729691659879747,0.35202550888061523,2.607487201690674,1
kdl_only_1773461936,kdl_only,602,-0.19751362033855469,-0.6448750533842753,1.0427699287322116,0.4690531079547886,0.08934068874799661,1.36,1.0411622723567642,0.0,0.051223039627075195,0.0,0
kdl_only_1773461936,kdl_only,603,-0.19752754881845958,-0.6448788447053999,1.04275938684009,1.085287284920383,-0.11920177247653807,1.2443,1.4009171641037148,0.0,20.07131814956665,0.0,0
kdl_only_1773461936,kdl_only,604,-0.19750164114567859,-0.6448773045314984,1.0427781318430394,0.08943878472492639,-0.7051645468993544,1.3791,0.4461857893206739,0.447182853609597,1.2742362022399902,3.4541261196136475,1
kdl_only_1773461936,kdl_only,605,0.08848447554221683,-0.7053403084265955,1.3788325718793732,-0.11150229486214391,-0.6894194787220714,1.3453,0.20340259224526194,0.20280416732654008,0.3083369731903076,3.4331350326538086,1
kdl_only_1773461936,kdl_only,606,-0.11098450712708718,-0.6899138748703078,1.345621437809931,-0.5558305759299493,-0.7109142196450725,1.323,0.4459156521794322,1.9664635180503103,1.1601924896240234,10.726052522659302,1
kdl_only_1773461936,kdl_only,607,-0.5567346107832092,-0.7108961266059055,1.3238769479222183,-0.29971686195019875,0.4937142934646447,1.2454,1.234221624633486,1.4455108684653715,0.15128207206726074,4.913679361343384,1
kdl_only_1773461936,kdl_only,608,-0.300327178508523,0.4930586058511376,1.244672553825937,-0.2507179661580867,0.477666645752128,1.3965,0.16046669373255695,0.0,0.051035404205322266,0.0,0
kdl_only_1773461936,kdl_only,609,-0.30032717850852075,0.4930586058525953,1.2446725538260779,1.0773140894831401,-0.34673092843704334,1.0465,1.6255504563888596,0.0,20.04114007949829,0.0,0
kdl_only_1773461936,kdl_only,610,-0.3003271785085033,0.4930586058531716,1.2446725538260233,-0.10891540481141992,-0.27530811875430916,1.1108,0.8030863909080972,0.0,0.21461200714111328,0.0,0
kdl_only_1773461936,kdl_only,611,-0.3003271785085029,0.49305860585317196,1.2446725538260237,0.22445616397957813,0.0013024122513455305,1.3459,0.7262704085653118,0.0,0.06119251251220703,0.0,0
kdl_only_1773461936,kdl_only,612,-0.3003271785085031,0.49305860585317185,1.2446725538260237,-4.524368077551966e-05,-0.32759411539104755,1.1531,0.8786499086004882,0.0,0.21327495574951172,0.0,0
kdl_only_1773461936,kdl_only,613,-0.30032717850850355,0.493058605853172,1.2446725538260242,-0.7587424920815327,-0.27247647708110384,1.2908,0.8934854806945551,0.0,0.31358814239501953,0.0,0
kdl_only_1773461936,kdl_only,614,-0.30032717850850366,0.4930586058531721,1.2446725538260246,0.232378893627587,-0.26584134837208256,1.2366,0.9272378691247621,0.0,0.3713362216949463,0.0,0
kdl_only_1773461936,kdl_only,615,-0.3003271785085037,0.4930586058531719,1.2446725538260244,0.007094710918766123,0.11744595763254173,1.2655,0.4858259586688192,0.4859102582449062,0.7255821228027344,3.1299591064453125,1
kdl_only_1773461936,kdl_only,616,0.007133478862432985,0.11792375928066404,1.2647867139077884,1.0968075067992018,0.4665524831926259,1.2128,1.1452659484675842,0.0,20.017510414123535,0.0,0
kdl_only_1773461936,kdl_only,617,0.007133478862079268,0.11792375928251979,1.2647867139077953,0.3571490710123255,-0.46639716385197666,1.373,0.6896752650689388,1.432341919162718,0.5030877590179443,5.210736036300659,1
kdl_only_1773461936,kdl_only,618,0.35570195920254943,-0.4664079764907847,1.3731303547196803,0.06953224629889043,0.0031157783578292797,1.1654,0.5877904058611948,0.6052123020776548,0.5531795024871826,1.909428358078003,1
kdl_only_1773461936,kdl_only,619,0.06897323484927365,0.002738169455738876,1.1649936665563452,0.9295390388776137,0.2492248055164148,1.3514,0.9143721813175194,0.0,0.05108809471130371,0.0,0
kdl_only_1773461936,kdl_only,620,0.06897323484859497,0.0027381694592258365,1.1649936665568617,-0.6140470545418966,0.34316045733369205,1.1355,0.7637237237167143,0.0,0.10132646560668945,0.0,0
kdl_only_1773461936,kdl_only,621,0.06897323484814322,0.0027381694612403362,1.1649936665572755,-0.32642867972581047,0.4621224583189917,1.1257,0.6073883363463645,0.0,0.05204319953918457,0.0,0
kdl_only_1773461936,kdl_only,622,0.06897323484811158,0.0027381694613267116,1.1649936665573182,0.04402304923960998,0.6048766575955294,1.0603,0.6116813177396028,1.6588313409334017,0.40206050872802734,5.111951589584351,1
kdl_only_1773461936,kdl_only,623,0.04356786818914915,0.6042559401434354,1.0597831767645498,0.2938658768642759,-0.227296706518467,1.0963,0.8691733864404488,0.0,0.051845550537109375,0.0,0
kdl_only_1773461936,kdl_only,624,0.04356786814775265,0.6042559347459889,1.0597831798107027,0.6368840153105959,-0.21189334362515966,1.0598,1.0090211570392495,0.0,0.10105490684509277,0.0,0
kdl_only_1773461936,kdl_only,625,0.043567868304266955,0.6042559328408473,1.059783184695037,0.2711670359400662,0.4463029980881349,1.2679,0.3465012547137216,0.3476424869943348,0.20161652565002441,3.710068464279175,1
kdl_only_1773461936,kdl_only,626,0.26996662500367596,0.44594892352805027,1.2680581327388603,0.7671425036146926,0.30746118985558224,1.3811,0.5283381212862251,0.0,0.052572011947631836,0.0,0
kdl_only_1773461936,kdl_only,627,0.26996662500475904,0.44594892353386123,1.2680581327353913,-0.4756595102227057,-0.5928709750345802,1.0926,1.2906938721242083,2.0131323228542426,1.8120012283325195,6.137744426727295,1
kdl_only_1773461936,kdl_only,628,-0.474903552236117,-0.5923955512396745,1.0921117463765535,0.8056922690383939,0.4841059419385002,1.1082,1.6730331599180068,0.0,0.754690408706665,0.0,0
kdl_only_1773461936,kdl_only,629,-0.4749035522361807,-0.5923955512390477,1.092111746376529,0.015568367742194722,-0.0416657601081849,1.2421,0.7525705836340777,1.4060988080501666,1.1219911575317383,6.321692705154419,1
kdl_only_1773461936,kdl_only,630,0.01510907185809962,-0.04161224678384787,1.2421769965725822,-0.8351119008402077,-0.08781707453131926,1.3623,0.8599070440900299,0.0,0.05109357833862305,0.0,0
kdl_only_1773461936,kdl_only,631,0.015109071859077394,-0.04161224678974397,1.242176996572002,0.499599279306548,-0.5582861321932405,1.4883,0.7498394480066095,0.0,0.051009178161621094,0.0,0
kdl_only_1773461936,kdl_only,632,0.015109071859393253,-0.041612246791801005,1.2421769965717047,0.7213945456207789,-0.35998393530240413,1.2623,0.7749868629586005,0.0,0.0512392520904541,0.0,0
kdl_only_1773461936,kdl_only,633,0.01510907185950372,-0.04161224679235466,1.242176996571576,-0.8554329689051047,0.6280058557070382,1.1415,1.1028906136023506,1.1052986368154563,0.15163707733154297,3.7090747356414795,1
kdl_only_1773461936,kdl_only,634,-0.8561591290451732,0.6280150428493345,1.1416660300209767,-0.28906435644184514,-0.7233308084854596,1.0503,1.46835957533418,0.0,0.051204681396484375,0.0,0
kdl_only_1773461936,kdl_only,635,-0.856159129045202,0.6280150428493352,1.1416660300208479,0.5946236935318749,-0.5467237052486478,1.0971,1.867288958784726,0.0,0.1011512279510498,0.0,0
kdl_only_1773461936,kdl_only,636,-0.8561591290451991,0.6280150428493361,1.1416660300208457,0.4322273020580487,0.30964329166113547,1.1137,1.3274344679270356,0.0,0.05086874961853027,0.0,0
kdl_only_1773461936,kdl_only,637,-0.8561591290451993,0.6280150428493363,1.141666030020846,-0.6973854569120961,-0.07299938951725227,1.0897,0.720646086248311,0.0,0.05126070976257324,0.0,0
kdl_only_1773461936,kdl_only,638,-0.8561591290451991,0.6280150428493361,1.1416660300208457,-0.06611493855300599,-0.652302474151308,1.0071,1.5104604542008806,0.0,0.05164909362792969,0.0,0
kdl_only_1773461936,kdl_only,639,-0.8561591290451992,0.6280150428493367,1.1416660300208465,0.7289221862382782,0.559123347675183,1.2671,1.5915283605859802,0.0,20.05351424217224,0.0,0
kdl_only_1773461936,kdl_only,640,-0.8561591290451839,0.6280150428493297,1.141666030020829,0.16274681988542894,-0.33139675849137723,1.1372,1.3995214477606837,0.0,0.2639501094818115,0.0,0
kdl_only_1773461936,kdl_only,641,-0.8561591290451841,0.6280150428493297,1.141666030020829,0.7017298091806639,0.2285368197644434,1.4871,1.6449697329072923,0.0,0.46396827697753906,0.0,0
kdl_only_1773461936,kdl_only,642,-0.8561591290451837,0.6280150428493301,1.1416660300208297,-0.0745051538221132,-0.3372708611781259,1.2767,1.2493974493908921,2.161188086269504,3.8648641109466553,12.555671691894531,1
kdl_only_1773461936,kdl_only,643,-0.07410578275814472,-0.3373335607598632,1.2760857405210493,0.7195027972144252,0.5337593456901674,1.3487,1.1806312974647577,2.284398281829261,0.20189499855041504,8.719682455062866,1
kdl_only_1773461936,kdl_only,644,0.718971843384878,0.5340583596165605,1.3491310879752612,-0.2357955201266979,-0.08837558076363028,1.0631,1.1750823425838584,0.0,0.05149245262145996,0.0,0
kdl_only_1773461936,kdl_only,645,0.71897184338483,0.5340583596171522,1.3491310879754441,1.0673405702764713,0.08619951396360237,1.4342,0.5737377757297097,0.5839386607579193,0.10127639770507812,2.0078415870666504,1
kdl_only_1773461936,kdl_only,646,1.0680507973028088,0.08575871937627959,1.4336421868110905,-0.6293712152816018,0.4780175762846578,1.2454,1.752296670237263,1.7773408222795306,0.1511695384979248,5.213313579559326,1
kdl_only_1773461936,kdl_only,647,-0.6286118031840631,0.4780319946498789,1.2457719676781358,0.288184010714875,0.11545302747263908,1.4364,1.004149948229265,0.0,0.05097508430480957,0.0,0
kdl_only_1773461936,kdl_only,648,-0.6286118031805854,0.47803199467691926,1.245771967508031,-0.39349140961462037,0.2379709170640545,1.287,0.33854197836963,0.0,0.051052093505859375,0.0,0
kdl_only_1773461936,kdl_only,649,-0.6286118031802888,0.47803199468039304,1.2457719674894971,0.22205691740243627,-0.02828656796502782,1.2347,0.9900092663815141,0.0,0.0515284538269043,0.0,0
kdl_only_1773461936,kdl_only,650,-0.6286118031802608,0.4780319946808023,1.2457719674874683,-0.3350666079546122,-0.060540489048141355,1.2202,0.6139079958684425,0.0,0.10113143920898438,0.0,0
kdl_only_1773461936,kdl_only,651,-0.6286118031802574,0.47803199468085417,1.2457719674872212,0.37478335523942197,-0.6683477841533301,1.0922,1.5311997878976678,0.0,20.027575492858887,0.0,0
kdl_only_1773461936,kdl_only,652,-0.6286118031802566,0.4780319946808559,1.245771967487219,-0.8727330384651101,-0.040708562688046235,1.0257,0.614099840620479,0.0,0.26393747329711914,0.0,0
kdl_only_1773461936,kdl_only,653,-0.6286118031802577,0.47803199468085533,1.2457719674872183,0.5282273981372294,-0.6568644598915563,1.4705,1.636083613053739,14.317165716712324,5.925190210342407,39.189799547195435,1
kdl_only_1773461936,kdl_only,654,0.5278841835491268,-0.6568601519094168,1.471120880280528,-0.38379509124182976,0.2750021731529463,1.2389,1.3241801350995495,0.0,0.052382469177246094,0.0,0
kdl_only_1773461936,kdl_only,655,0.5278841835502833,-0.656860151909937,1.4711208802851206,-0.159016372937552,-0.37147962450766187,1.4111,0.7462418682933163,0.765862259500541,0.8555045127868652,33.19109869003296,0
kdl_only_1773461936,kdl_only,656,-0.15855083755604937,-0.3717056789692814,1.4115125623508171,0.6906641590600464,0.48243232696994964,1.2004,1.2228190208080054,0.0,2.507453441619873,0.0,0
kdl_only_1773461936,kdl_only,657,-0.15855083756633492,-0.37170567897807044,1.4115125622975382,-0.12515561704495182,0.5816437442574088,1.037,1.024817067995923,0.0,0.10140013694763184,0.0,0
kdl_only_1773461936,kdl_only,658,-0.15855083756633637,-0.3717056789780706,1.4115125622975353,0.10573942818563264,-0.21037054130394084,1.3147,0.3244241720929422,0.32506059589964054,0.5025737285614014,3.1079394817352295,1
kdl_only_1773461936,kdl_only,659,0.10600796097388931,-0.20979791242630053,1.3149946511181434,-0.8643519995530874,-0.5136064560613489,1.0268,1.056860558972977,0.0,0.051320552825927734,0.0,0
kdl_only_1773461936,kdl_only,660,0.10601107914352559,-0.20979865616095805,1.3149996476424142,1.0417061551650382,0.302665923804576,1.0746,1.0935891420441008,0.0,1.0562279224395752,0.0,0
kdl_only_1773461936,kdl_only,661,0.10599844457466612,-0.20979590288170727,1.3149788005067646,-0.2822605224766237,-0.5982285968273232,1.2814,0.5502295148981524,0.559258561677506,0.3516395092010498,1.8058130741119385,1
kdl_only_1773461936,kdl_only,662,-0.28245217889428575,-0.5985059391914253,1.2812324825191923,-0.7774953234364869,-0.24829065985205573,1.1519,0.6200365697888798,0.0,0.15512919425964355,0.0,0
kdl_only_1773461936,kdl_only,663,-0.2825008697231585,-0.5985143400791542,1.2812027718293604,-0.015330852408945383,-0.11412074251113002,1.497,0.5937890359401233,0.6153808662618555,2.814415454864502,3.5533406734466553,1
kdl_only_1773461936,kdl_only,664,-0.01437988489869857,-0.1143129320570998,1.496424708201317,-0.14003012663341596,-0.6710642022624129,1.0592,0.7189752468513427,4.798410554633158,5.991633176803589,12.826596736907959,1
kdl_only_1773461936,kdl_only,665,-0.14017415039158593,-0.6704418486787976,1.0584807437343444,0.756560535670151,0.4253781535387363,1.3822,1.4524974118130012,0.0,0.051342010498046875,0.0,0
kdl_only_1773461936,kdl_only,666,-0.14017735607396778,-0.6704588333836528,1.0585158822755596,0.06306253585102972,0.4663353579041206,1.3032,1.180456608470593,1.8865135148483483,0.20142579078674316,5.211716175079346,1
kdl_only_1773461936,kdl_only,667,0.06168028563170591,0.46598728475232365,1.3028788499130552,0.3315647063048961,-0.33725576981630173,1.3954,0.8524066919307063,0.0,0.05111050605773926,0.0,0
kdl_only_1773461936,kdl_only,668,0.061689154950197556,0.46599563888478723,1.3028679394863807,0.5909001620182794,-0.30932802966915707,1.1128,0.9577666222220099,0.0,0.10143256187438965,0.0,0
kdl_only_1773461936,kdl_only,669,0.061680285635030474,0.4659872847475195,1.3028788499078463,0.5405760426661483,-0.469278212295571,1.2613,1.0515662113349429,1.9158075427728094,0.20145606994628906,6.216209650039673,1
kdl_only_1773461936,kdl_only,670,0.5396810133822112,-0.4689872277497714,1.261069597947305,-0.14404817226730493,-0.6631816578415994,1.2253,0.711671651904832,0.7130293540522167,0.555077314376831,3.0235960483551025,1
kdl_only_1773461936,kdl_only,671,-0.14431767583002952,-0.6636112694989542,1.2259522905956373,-0.3426313147251605,0.40494983016977526,1.2214,1.086817301319196,1.4122041960570741,1.0809996128082275,3.8346240520477295,1
kdl_only_1773461936,kdl_only,672,-0.3431750577225156,0.40542876805049094,1.221756680271207,-0.20438112630365834,-0.7164438351192162,1.4301,1.1494645849338254,0.0,0.15456104278564453,0.0,0
kdl_only_1773461936,kdl_only,673,-0.34317505772247586,0.405428768050469,1.22175668027116,0.1038576063748392,-0.18750588727180983,1.495,0.7912468767891155,0.0,0.05493450164794922,0.0,0
kdl_only_1773461936,kdl_only,674,-0.34317505772247714,0.40542876805046824,1.2217566802711608,-0.8533309865246298,-0.10533325091088563,1.1527,0.7251935857380005,0.0,0.20500493049621582,0.0,0
kdl_only_1773461936,kdl_only,675,-0.34317505772247775,0.40542876805046846,1.2217566802711608,0.46988877410364527,-0.31449905922220245,1.3105,1.0896073824556356,0.0,0.053336143493652344,0.0,0
kdl_only_1773461936,kdl_only,676,-0.3431750577224777,0.40542876805046824,1.2217566802711606,0.16020876645050341,0.5980429931856396,1.3048,0.5453363247712584,0.5522136196904867,0.6582956314086914,3.111307144165039,1
kdl_only_1773461936,kdl_only,677,0.16004681062225923,0.5980344632852863,1.304132507823921,0.6534535757025641,0.3660317083393486,1.37,0.5491939918235467,0.0,0.0512087345123291,0.0,0
kdl_only_1773461936,kdl_only,678,0.1600436028030051,0.5980256062592735,1.304141330282719,-0.8382112158073415,-0.3399939687875041,1.4738,1.3802816633788737,0.0,0.05125713348388672,0.0,0
kdl_only_1773461936,kdl_only,679,0.16005083079225413,0.5980245408639772,1.3041406953439165,-0.18307453434045307,-0.23223020879870215,1.1039,0.9204098552311938,0.0,0.05335688591003418,0.0,0
kdl_only_1773461936,kdl_only,680,0.16004681064596737,0.5980344655508989,1.3041325080610893,0.40828122592637817,0.5955431658036748,1.1055,0.31793301930230006,0.0,0.051297664642333984,0.0,0
kdl_only_1773461936,kdl_only,681,0.1600436028027632,0.5980256063514722,1.3041413302308764,0.9079471184655314,0.33311461987231217,1.3302,0.7938617976500864,0.7955691297788946,0.20169997215270996,3.7086985111236572,1
kdl_only_1773461936,kdl_only,682,0.9092012756990328,0.332928588223228,1.330621860672779,-0.08415350936417543,-0.3267937885831933,1.0785,1.2188325463722203,0.0,0.10131621360778809,0.0,0
kdl_only_1773461936,kdl_only,683,0.9092012756940975,0.33292858817330934,1.330621860681291,-0.3842315954735552,-0.07787810621818292,1.0869,1.378815099187637,0.0,0.051115989685058594,0.0,0
kdl_only_1773461936,kdl_only,684,0.9092012756938608,0.3329285881681517,1.330621860683416,-0.7583523011957277,0.5730031865577921,1.0375,1.710055896688677,0.0,0.10145425796508789,0.0,0
kdl_only_1773461936,kdl_only,685,0.9092012756950549,0.33292858817666127,1.3306218606835654,1.0918119009002851,0.005118725267561297,1.0013,0.49925828444044223,0.0,0.05148601531982422,0.0,0
kdl_only_1773461936,kdl_only,686,0.9092012756955842,0.33292858818168847,1.3306218606828533,-0.14822075694596204,-0.4333261377587037,1.2253,1.310107001156571,1.4775537958199783,0.2019176483154297,5.614673614501953,1
kdl_only_1773461936,kdl_only,687,-0.14842399161190545,-0.43310876720518876,1.2251238317600879,0.36062383758380534,0.3305362297967972,1.2969,0.9205624325281979,0.0,0.052535295486450195,0.0,0
kdl_only_1773461936,kdl_only,688,-0.14842399161180675,-0.4331087672050455,1.2251238317596485,0.7346473120081394,0.13080176764296303,1.1456,1.0507778349429222,0.0,0.10138344764709473,0.0,0
kdl_only_1773461936,kdl_only,689,-0.1484239916118062,-0.43310876720504593,1.2251238317596462,-0.35786833114070526,-0.26870590552895474,1.1157,0.28786942742317756,0.0,0.05121254920959473,0.0,0
kdl_only_1773461936,kdl_only,690,-0.14842399161180686,-0.43310876720504643,1.225123831759646,0.05851674748903035,0.4800539227821242,1.3535,0.945077249994032,0.0,0.05110621452331543,0.0,0
kdl_only_1773461936,kdl_only,691,-0.14842399161180586,-0.433108767205046,1.2251238317596462,-0.5810453662390808,-0.7322256542793862,1.3515,0.5409280005846904,0.544275085193346,0.2013399600982666,3.008131980895996,1
kdl_only_1773461936,kdl_only,692,-0.5813525460012263,-0.7319319971453847,1.350581788527386,-0.6068672455116899,0.5732014823320027,1.227,1.311219606930696,2.470667295039014,0.20157980918884277,5.51264500617981,1
kdl_only_1773461936,kdl_only,693,-0.6056268930683045,0.5736199723264767,1.2272692773450302,0.11919627802863031,0.19079833717803818,1.3437,0.827935472651522,0.0,0.05164599418640137,0.0,0
kdl_only_1773461936,kdl_only,694,-0.6057553626943124,0.5736239094968851,1.227275508528377,0.7264056029320753,-0.11142046806674344,1.462,1.516256648614205,0.0,0.051016807556152344,0.0,0
kdl_only_1773461936,kdl_only,695,-0.6057553626871424,0.5736239094822957,1.2272755084856415,-0.7859903136815638,-0.5152598025271058,1.3939,1.116206117619749,0.0,0.10140156745910645,0.0,0
kdl_only_1773461936,kdl_only,696,-0.6057553626867977,0.5736239094816742,1.2272755084836235,-0.7739415651965167,0.4161746384072059,1.3125,0.2456421902498561,0.0,0.051795244216918945,0.0,0
kdl_only_1773461936,kdl_only,697,-0.6057553626867964,0.5736239094816724,1.2272755084836193,0.8192017148186501,-0.4105234229443796,1.3306,1.7348557851306534,0.0,0.051036834716796875,0.0,0
kdl_only_1773461936,kdl_only,698,-0.6057553626867962,0.5736239094816732,1.2272755084836195,1.0127338841371516,0.6238817099092168,1.4668,1.6368888999027227,0.0,0.051148176193237305,0.0,0
kdl_only_1773461936,kdl_only,699,-0.6057553626867968,0.5736239094816726,1.2272755084836198,0.25582784310199935,-0.3863895899160518,1.2126,1.290025933875911,0.0,20.050727367401123,0.0,0
kdl_only_1773461936,kdl_only,700,-0.6057553626867976,0.5736239094816724,1.2272755084836162,-0.7281523440624563,0.11209964558409624,1.2723,0.47959657218581303,0.0,0.05393362045288086,0.0,0
kdl_only_1773461936,kdl_only,701,-0.6057553626867975,0.5736239094816715,1.227275508483616,0.6979235204835756,0.5044529426531971,1.3238,1.3090760980702512,1.3092351538439635,0.5046088695526123,3.1113288402557373,1
kdl_only_1773461936,kdl_only,702,0.69683851930441,0.5049429620844,1.3237391983809748,0.16053300394595738,0.5998210655803261,1.4542,0.5600406066402308,0.0,0.10350370407104492,0.0,0
kdl_only_1773461936,kdl_only,703,0.696840688015693,0.5049462279939938,1.323737783462544,0.07221601101951647,0.2439870349611335,1.4133,0.6828448419458418,0.0,0.10216522216796875,0.0,0
kdl_only_1773461936,kdl_only,704,0.6968355703227274,0.5049470627105328,1.3237454334842025,0.4482021494703994,-0.5194505520070305,1.0357,1.092785076195162,0.0,0.05239129066467285,0.0,0
kdl_only_1773461936,kdl_only,705,0.6968439424140715,0.5049497284657634,1.3237295645470226,0.11581120711023685,-0.7263703175496284,1.083,1.3826419704540294,0.0,20.029637813568115,0.0,0
kdl_only_1773461936,kdl_only,706,0.6968428927542327,0.5049473306000651,1.3237482002664462,0.9627166436317918,-0.42879810482464153,1.1538,0.9856225344197349,1.1074550664586968,0.5596191883087158,4.014065742492676,1
kdl_only_1773461936,kdl_only,707,0.9636446051355075,-0.4279031657031296,1.1534854979103146,-0.23545008049477467,0.42220983111243904,1.3745,1.4863941545214323,0.0,0.05212759971618652,0.0,0
kdl_only_1773461936,kdl_only,708,0.9636446051350179,-0.4279031656928157,1.153485497910504,-0.02331259440488853,-0.7029207447514066,1.2846,1.0329134499913724,1.0388666793511592,0.30265140533447266,3.511159896850586,1
kdl_only_1773461936,kdl_only,709,-0.0235871760159706,-0.70260739632985,1.2840758328794435,-0.6381278000284636,-0.34607209393880634,1.1443,0.724095907922341,0.0,0.10159921646118164,0.0,0
kdl_only_1773461936,kdl_only,710,-0.023587176014024935,-0.7026073963350508,1.284075832874925,1.0956314405683147,-0.6812918751800238,1.0622,1.1411982949341182,1.141232150182285,0.20298552513122559,3.6084649562835693,1
kdl_only_1773461936,kdl_only,711,1.0953048767981202,-0.6812797558941934,1.0621718747285471,-0.09514787489317056,0.2933600733788092,1.3443,1.5641920693712323,0.0,0.05176687240600586,0.0,0
kdl_only_1773461936,kdl_only,712,1.0953048669233785,-0.6812797643137721,1.0621718587724582,0.2708569655279518,-0.2523155271211091,1.3499,0.9728885558787619,0.0,0.05173826217651367,0.0,0
kdl_only_1773461936,kdl_only,713,1.095304867254647,-0.6812797499949426,1.0621718579674035,0.24499472514803222,-0.25031319386482426,1.4713,1.037374255934217,0.0,0.051268577575683594,0.0,0
kdl_only_1773461936,kdl_only,714,1.0953048728301782,-0.6812797345173336,1.0621718659524637,-0.49326278155357534,0.5186605050920506,1.2502,1.9996895635026766,2.548359742446334,0.25150465965270996,5.111800193786621,1
kdl_only_1773461936,kdl_only,715,-0.4923713443524154,0.5181615509511898,1.250071564700494,-0.4352697841673163,-0.6895102303905329,1.2469,1.2090251355730004,1.7454978144521796,0.15131759643554688,3.8087828159332275,1
kdl_only_1773461936,kdl_only,716,-0.4354604490581228,-0.6900251752106372,1.2473346980655649,0.8449388426308926,-0.35487420577556533,1.0402,1.3396467077605623,0.0,0.05126547813415527,0.0,0
kdl_only_1773461936,kdl_only,717,-0.4354459587938785,-0.6900145767154033,1.247306026043677,-0.007630675878305571,0.054042058835830686,1.0199,0.8878962179697192,0.0,0.051004648208618164,0.0,0
kdl_only_1773461936,kdl_only,718,-0.43545539757052704,-0.6900253253557778,1.2473383888453908,-0.31309279724180683,-0.2579087619411845,1.216,0.45019931691626236,0.49728075692271034,0.2515754699707031,2.2058889865875244,1
kdl_only_1773461936,kdl_only,719,-0.3139549655029769,-0.25788843564859415,1.215911469584432,0.8960504068781925,-0.1666784563026511,1.1612,1.2146709869045478,0.0,0.051360368728637695,0.0,0
kdl_only_1773461936,kdl_only,720,-0.31395496550282037,-0.2578884356515827,1.2159114695837372,0.1131239869535745,-0.4617695301552918,1.1252,0.4818635730591422,0.0,0.05132150650024414,0.0,0
kdl_only_1773461936,kdl_only,721,-0.31395496550281055,-0.25788843565157743,1.2159114695835738,-0.21583876644882194,0.431811497025791,1.0457,0.7171364793606364,0.0,0.056040287017822266,0.0,0
kdl_only_1773461936,kdl_only,722,-0.31395496550281554,-0.2578884356514529,1.2159114695835562,-0.736226951441398,0.5496379311712704,1.481,0.9490439358537474,0.0,0.05120563507080078,0.0,0
kdl_only_1773461936,kdl_only,723,-0.31395496550281565,-0.2578884356514507,1.2159114695835573,0.7341613475576942,0.4054248249490492,1.418,1.256730703658465,0.0,0.05179548263549805,0.0,0
kdl_only_1773461936,kdl_only,724,-0.3139549655028152,-0.2578884356514513,1.2159114695835576,0.6553654210184392,0.15649004375382158,1.2876,1.0566128814817703,0.0,0.051317453384399414,0.0,0
kdl_only_1773461936,kdl_only,725,-0.3139549655028148,-0.2578884356514513,1.2159114695835571,0.19548540352276933,-0.3548828861676149,1.4754,0.5798893950069627,0.0,0.05126547813415527,0.0,0
kdl_only_1773461936,kdl_only,726,-0.31395496550281493,-0.25788843565145125,1.2159114695835573,-0.6195679999771684,0.30886123520879283,1.4998,0.7037025038770467,0.0,0.051483869552612305,0.0,0
kdl_only_1773461936,kdl_only,727,-0.3139549655028148,-0.2578884356514513,1.2159114695835571,0.16261517891163635,-0.667932306918664,1.3361,0.6400784028184966,0.6542406552146145,0.30309104919433594,2.310076951980591,1
kdl_only_1773461936,kdl_only,728,0.16279410277636658,-0.6676783027718989,1.3357992134361991,-0.2700781376808913,-0.3253829881615924,1.1348,0.5873203067872126,0.0,0.10189986228942871,0.0,0
kdl_only_1773461936,kdl_only,729,0.16279410277705947,-0.667678302787579,1.3357992134404861,0.5725613818824087,0.5854457167242183,1.0201,1.3556898703869356,0.0,0.10144352912902832,0.0,0
kdl_only_1773461936,kdl_only,730,0.16279410277637274,-0.6676783027942955,1.3357992134394419,0.5974385200321732,0.422736470870381,1.3781,1.1746103628954854,0.0,0.05115103721618652,0.0,0
kdl_only_1773461936,kdl_only,731,0.16279410277624862,-0.6676783027937186,1.3357992134389964,-0.2282650443663523,0.23614171167735676,1.2353,0.9899080598844775,0.0,0.05095696449279785,0.0,0
kdl_only_1773461936,kdl_only,732,0.16279410277624645,-0.6676783027926904,1.3357992134388421,-0.13779492183130937,0.4962658303333324,1.3258,1.2021729039628226,1.8794418465499687,0.20154547691345215,5.313394546508789,1
kdl_only_1773461936,kdl_only,733,-0.13902197149731033,0.49590747490026066,1.3259104871020564,0.6219200506898841,-0.2027497937876348,1.458,1.0414424514289702,0.0,0.05108761787414551,0.0,0
kdl_only_1773461936,kdl_only,734,-0.1390185665250816,0.4959215293107563,1.3259294162301463,-0.7175005720594603,0.005138821808710725,1.0907,0.7942556106003222,0.0,0.2518768310546875,0.0,0
kdl_only_1773461936,kdl_only,735,-0.13902197150068737,0.49590747489557935,1.325910487096859,0.6742120639374543,0.05910380042638941,1.2927,0.9237153148443525,0.0,0.05112600326538086,0.0,0
kdl_only_1773461936,kdl_only,736,-0.13901856652628344,0.49592152930940675,1.3259294162288646,-0.34712359536506443,0.08353503015795838,1.3174,0.46199900286860207,0.0,0.0512089729309082,0.0,0
kdl_only_1773461936,kdl_only,737,-0.13901917341691133,0.4959202005086892,1.3259334549721804,0.6313484699584673,-0.602143065372664,1.2459,1.3437315936423249,1.6050352980749292,0.15170645713806152,5.2151336669921875,1
kdl_only_1773461936,kdl_only,738,0.6311118257158519,-0.6017467076124339,1.2458844486720788,-0.14108551343279763,0.5388387611707296,1.0456,1.3918828264503595,9.326297814930498,2.526437282562256,21.975374698638916,1
kdl_only_1773461936,kdl_only,739,-0.1411993346163891,0.5390202423589522,1.0458436025643376,0.5427953920267652,-0.10860201840077433,1.174,0.9506247634639391,0.0,0.05148911476135254,0.0,0
kdl_only_1773461936,kdl_only,740,-0.14120657160934635,0.5390304175235638,1.0458628386503672,0.5718404642018282,0.4409633018038125,1.1667,0.7298320724849867,0.0,0.10162234306335449,0.0,0
kdl_only_1773461936,kdl_only,741,-0.141199334616665,0.5390202423615431,1.0458436025635025,-0.48603312494023276,-0.26850015761552404,1.3351,0.9244829921561466,0.0,0.05098724365234375,0.0,0
kdl_only_1773461936,kdl_only,742,-0.1412065716097429,0.5390304175235665,1.0458628386501978,0.8246567774683911,0.22040738982501695,1.4289,1.0867980998544,0.0,0.05329704284667969,0.0,0
kdl_only_1773461936,kdl_only,743,-0.1411993346161389,0.5390202423617141,1.0458436025636808,1.0041337022090848,-0.06114047353963514,1.1649,1.2985203409746895,0.0,0.051822662353515625,0.0,0
kdl_only_1773461936,kdl_only,744,-0.14120657161003008,0.539030417523652,1.04586283865026,0.6852596027814168,0.2661259626718627,1.3468,0.9209160406749496,0.0,0.05105781555175781,0.0,0
kdl_only_1773461936,kdl_only,745,-0.1411996954112467,0.5390307713787605,1.0458640480080137,0.7898927035370973,-0.7273116907341028,1.1441,1.5748671655073716,3.587740763536598,0.8563835620880127,15.330971240997314,1
kdl_only_1773461936,kdl_only,746,0.7897316332954964,-0.7266894759055533,1.1434825741953247,-0.005555247610260716,-0.42014654153556086,1.4726,0.9136564307885483,0.0,0.051491737365722656,0.0,0
kdl_only_1773461936,kdl_only,747,0.7897316341210291,-0.7266894735302565,1.143482575787476,0.21002488646629347,0.5857064682019449,1.4068,1.458690881251234,0.0,0.3014872074127197,0.0,0
kdl_only_1773461936,kdl_only,748,0.7897316343558191,-0.7266894740086409,1.143482576532283,0.5509757235932942,0.4422680073589721,1.275,1.200317795771163,0.0,20.02714729309082,0.0,0
kdl_only_1773461936,kdl_only,749,0.789731634007148,-0.7266894749726862,1.1434825758463512,0.22246542407415681,-0.1981352409457905,1.2274,0.7798734931487812,0.0,0.05459928512573242,0.0,0
kdl_only_1773461936,kdl_only,750,0.7897316340071476,-0.7266894749726855,1.1434825758463507,-0.5612845013878042,-0.3173514814466976,1.1573,1.411734079864772,0.0,0.20356965065002441,0.0,0
kdl_only_1773461936,kdl_only,751,0.7897316340071473,-0.7266894749726855,1.1434825758463498,0.4602973345220358,0.3516402397409456,1.1616,1.1276746748817188,0.0,0.20427274703979492,0.0,0
kdl_only_1773461936,kdl_only,752,0.7897316340071476,-0.7266894749726861,1.1434825758463507,0.26020053859090986,0.40130893770708453,1.4851,1.2920859354184524,0.0,0.05641984939575195,0.0,0
kdl_only_1773461936,kdl_only,753,0.789731634007148,-0.7266894749726859,1.1434825758463507,0.46290747957452694,-0.6717776120094923,1.2021,0.3365491688135555,0.3508561555647344,0.7077775001525879,2.810539960861206,1
kdl_only_1773461936,kdl_only,754,0.4623288985195724,-0.6720969663218805,1.2017011244235332,-0.2649687797471162,-0.258035016256462,1.2573,0.8387493345865975,0.8388086262645351,0.10098958015441895,2.9094629287719727,1
kdl_only_1773461936,kdl_only,755,-0.2643412117311835,-0.25784407796402753,1.257022959342868,0.5792095182699357,-0.18717937222150305,1.4941,0.8790772764267327,0.0,0.051077842712402344,0.0,0
kdl_only_1773461936,kdl_only,756,-0.264341211731575,-0.25784407796356357,1.2570229593304916,-0.3066270006572567,-0.1483783074306131,1.3288,0.1375601193322837,0.0,0.10117244720458984,0.0,0
kdl_only_1773461936,kdl_only,757,-0.2643412117315892,-0.25784407796347975,1.257022959329268,-0.7608472295172096,-0.22923248140439412,1.2713,0.4975346048721721,0.0,20.02769637107849,0.0,0
kdl_only_1773461936,kdl_only,758,-0.2643412117315893,-0.2578440779634786,1.2570229593292563,0.4578716726584042,0.12575567909811725,1.2066,0.8193184355451484,0.8198988440737234,0.2596755027770996,2.5161335468292236,1
kdl_only_1773461936,kdl_only,759,0.4576183350512568,0.12573087434250316,1.20653069953245,0.6153626803560968,-0.6037136387619593,1.0938,0.7547720098088789,2.26754239393075,0.25778889656066895,5.019517421722412,1
kdl_only_1773461936,kdl_only,760,0.6149159838363487,-0.604072355072186,1.0935479139099995,-0.016738485507689083,0.6040266500545625,1.1809,1.3660603799886786,2.3482768067112545,0.10147404670715332,5.914146184921265,1
kdl_only_1773461936,kdl_only,761,-0.016433939253206353,0.604156798953889,1.1814018053983706,-0.5174992002517989,0.5907095733929885,1.3782,0.5384948960327611,0.0,0.05141091346740723,0.0,0
kdl_only_1773461936,kdl_only,762,-0.016433939253220314,0.6041567989538974,1.1814018053984308,0.5894880399421893,0.2250577841097099,1.3127,0.7267026378330738,0.0,0.1020653247833252,0.0,0
kdl_only_1773461936,kdl_only,763,-0.016433939253221036,0.604156798953905,1.1814018053984299,-0.08493226570821055,-0.37988441442002957,1.38,1.0062158681140854,0.0,0.05108928680419922,0.0,0
kdl_only_1773461936,kdl_only,764,-0.016433939253220398,0.6041567989539044,1.1814018053984283,-0.3407660954740023,-0.3480276724311783,1.1018,1.0090505748119865,0.0,0.05131053924560547,0.0,0
kdl_only_1773461936,kdl_only,765,-0.016433939253219315,0.604156798953904,1.1814018053984283,0.32340893150868144,-0.6372302122527363,1.2746,1.2904343423348734,0.0,20.06319785118103,0.0,0
kdl_only_1773461936,kdl_only,766,-0.016433939253219065,0.6041567989539042,1.1814018053984285,-0.2837696536108647,-0.6164999611226787,1.4638,1.2811011085804276,2.153436182520573,2.292912721633911,9.431015491485596,1
kdl_only_1773461936,kdl_only,767,-0.28426649667937587,-0.6165065701624209,1.4629811066496379,0.4123365534752399,-0.3755896137237382,1.2191,0.7763857182902352,1.0916520093424493,0.15284276008605957,5.314197301864624,1
kdl_only_1773461936,kdl_only,768,0.41329699010908244,-0.3758266547299849,1.2192137995202712,-0.3757299834402349,0.18586011978420036,1.3491,0.9772031634862858,0.0,0.05146145820617676,0.0,0
kdl_only_1773461936,kdl_only,769,0.4132969901100689,-0.3758266547300779,1.2192137995186605,-0.2528175446685492,-0.3705137473281736,1.0607,0.6847360258276456,0.0,0.1515054702758789,0.0,0
kdl_only_1773461936,kdl_only,770,0.41329699011033316,-0.37582665473118426,1.2192137995186942,1.00342625072617,-0.5974854247492369,1.4866,0.6847485193622103,0.6921586022443325,0.10112762451171875,2.3074066638946533,1
kdl_only_1773461936,kdl_only,771,1.0035006516150196,-0.597458540119239,1.486586666755785,0.5868128225595588,0.47023351531610824,1.3044,1.1605115482692505,3.0225687823718546,0.4519474506378174,9.421291589736938,1
kdl_only_1773461936,kdl_only,772,0.5863497443992151,0.46998108347872236,1.3043011726988134,0.5166586761354328,0.19147373060414052,1.1196,0.3413762056694504,0.0,0.051897525787353516,0.0,0
kdl_only_1773461936,kdl_only,773,0.5863497443948676,0.46998108343964995,1.304301172708979,0.28235944458604956,-0.39523848516721755,1.0792,0.9442910262377096,0.0,0.15159296989440918,0.0,0
kdl_only_1773461936,kdl_only,774,0.5863497443866804,0.46998108343833433,1.3043011727290255,-0.0821120004326944,0.4108874075569223,1.2754,0.671690735831047,0.6724907021585418,0.05117535591125488,2.1064655780792236,1
kdl_only_1773461936,kdl_only,775,-0.08267796160617238,0.41076986276263416,1.275265668305335,1.063427783697986,-0.6029988794005848,1.2761,1.5301261837233466,0.0,0.35161471366882324,0.0,0
kdl_only_1773461936,kdl_only,776,-0.08268073078099983,0.4107646345104764,1.2752771826943046,-0.6894162925921903,0.28528009645514196,1.0466,0.6604299093335386,0.0,0.051274776458740234,0.0,0
kdl_only_1773461936,kdl_only,777,-0.08268211574283643,0.41074347952950896,1.275243336574912,-0.3602335252479161,-0.1461298396849181,1.4961,0.6602426405121167,0.0,0.05133557319641113,0.0,0
kdl_only_1773461936,kdl_only,778,-0.08267645514841085,0.4107733952503919,1.2752722865827568,0.2952978071586698,0.09966277503525889,1.4565,0.5220132614097739,0.0,0.05144190788269043,0.0,0
kdl_only_1773461936,kdl_only,779,-0.08267853289021573,0.41075585594341996,1.2752695327428905,0.5422524977354473,-0.6174280977801392,1.2307,1.2040296835968716,0.0,20.02570605278015,0.0,0
kdl_only_1773461936,kdl_only,780,-0.08267825144077412,0.41075713940157854,1.2752648093191832,0.5911492847400546,-0.7241136087884116,1.0587,1.3374884972396168,2.249672352373144,0.5102400779724121,4.230206251144409,1
kdl_only_1773461936,kdl_only,781,0.5906967895755634,-0.7243138779996379,1.0590509525845468,-0.3362618578307204,-0.40285287563543604,1.4161,1.0440658658832627,0.0,0.05236339569091797,0.0,0
kdl_only_1773461936,kdl_only,782,0.5906967895611737,-0.7243138780206964,1.059050952573387,0.5792777470261792,0.09064938976175774,1.2492,0.8369302137002346,0.0,0.0523526668548584,0.0,0
kdl_only_1773461936,kdl_only,783,0.5906967895450433,-0.7243138780319138,1.0590509525553462,1.0128545875703923,0.4090877797003162,1.3583,1.2459400132351122,0.0,0.9056956768035889,0.0,0
kdl_only_1773461936,kdl_only,784,0.5906967895604318,-0.724313878022816,1.0590509525732754,0.9756322271191329,0.004804949440220696,1.2544,0.8473197778761633,0.0,0.0539398193359375,0.0,0
kdl_only_1773461936,kdl_only,785,0.59069678954199,-0.7243138780221607,1.0590509525466325,0.599391120449855,0.27089849846843095,1.1367,0.9982748320379523,0.0,0.15397119522094727,0.0,0
kdl_only_1773461936,kdl_only,786,0.5906967895775102,-0.7243138779991989,1.0590509525871394,-0.1374541560314867,0.522133320028653,1.4174,1.4873629203541627,0.0,0.10348129272460938,0.0,0
kdl_only_1773461936,kdl_only,787,0.590696789560145,-0.7243138780235936,1.0590509525732101,-0.3401323344944924,-0.23675118403462048,1.4901,1.1357656096420827,0.0,0.06010293960571289,0.0,0
kdl_only_1773461936,kdl_only,788,0.5906967895414847,-0.7243138780222491,1.0590509525459506,0.6876010870231237,-0.1187293887050418,1.1219,0.6165006239557865,0.0,0.10533404350280762,0.0,0
kdl_only_1773461936,kdl_only,789,0.5906967895776223,-0.7243138779856992,1.0590509525812726,0.5252233656218699,-0.1554757674916145,1.2756,0.6121740399044446,0.0,0.0526127815246582,0.0,0
kdl_only_1773461936,kdl_only,790,0.5906967895780211,-0.7243138779991156,1.0590509525878302,0.9827081917514127,-0.6550552797597549,1.1918,0.4196331760631757,0.420088785287351,0.10194182395935059,1.506507158279419,1
kdl_only_1773461936,kdl_only,791,0.9822970302322331,-0.6556528349646307,1.1923152998118312,0.006848358831640811,-0.7128910862631377,1.4609,1.0133676870337145,1.013819641853806,0.15142416954040527,3.208261013031006,1
kdl_only_1773461936,kdl_only,792,0.007156243069881968,-0.7128942310431174,1.4604801862574162,-0.7616590146973758,-0.06823446782753106,1.2541,1.0243319248000409,0.0,0.052144527435302734,0.0,0
kdl_only_1773461936,kdl_only,793,0.007154886029174107,-0.7128998495479871,1.4604720490382364,0.6421215230456496,-0.18011197266138612,1.4397,0.8291423459832403,0.0,0.05119490623474121,0.0,0
kdl_only_1773461936,kdl_only,794,0.007150484107669358,-0.7128934758090915,1.4604797101686198,-0.5568863356430278,-0.5225243679913348,1.432,0.5959773696518164,0.0,0.051123857498168945,0.0,0
kdl_only_1773461936,kdl_only,795,0.007156243071105461,-0.7128942310440916,1.460480186261381,0.4434828210481352,0.4684429006729801,1.1381,1.2999489551196175,0.0,0.052266836166381836,0.0,0
kdl_only_1773461936,kdl_only,796,0.007154886029224927,-0.7128998495483339,1.4604720490382208,-0.6541240467191944,-0.3456564487893649,1.395,0.7592391793783856,0.0,0.051671504974365234,0.0,0
kdl_only_1773461936,kdl_only,797,0.007150484107602273,-0.7128934758091094,1.4604797101685798,0.1477412175446713,-0.0071490583553298626,1.2075,0.76278415744726,0.0,0.05106759071350098,0.0,0
kdl_only_1773461936,kdl_only,798,0.007156243071097107,-0.7128942310441693,1.4604801862614003,0.7691971950498533,0.34148837359124806,1.4671,1.3009507720833982,0.0,0.05112123489379883,0.0,0
kdl_only_1773461936,kdl_only,799,0.007154886029294122,-0.7128998495482621,1.4604720490382275,1.015479363698967,-0.29405574725072386,1.2539,1.1112248403186014,1.1154721961417464,0.15131258964538574,2.7078099250793457,1
kdl_only_1773461936,kdl_only,800,1.0148124446060174,-0.2939891669277233,1.2533835135608489,0.9923014504417409,0.4610629011375361,1.4103,0.7715135475572011,0.0,0.05152535438537598,0.0,0
kdl_only_1773461936,kdl_only,801,1.0148124446059401,-0.293989166929019,1.2533835135605869,0.2237816980840477,-0.05169598271418396,1.1414,0.8348508467800224,0.0,0.10130763053894043,0.0,0
kdl_only_1773461936,kdl_only,802,1.0148124446058657,-0.29398916692950616,1.2533835135604097,0.46869663189973165,0.40828610704637824,1.1493,0.895693261736776,0.0,0.05094122886657715,0.0,0
kdl_only_1773461936,kdl_only,803,1.01481244460585,-0.293989166929501,1.2533835135603875,-0.0024845883230601995,0.09589124139119343,1.2935,1.0901877446029813,0.0,0.10140252113342285,0.0,0
kdl_only_1773461936,kdl_only,804,1.0148124446058415,-0.2939891669294606,1.2533835135603768,-0.5177200471247456,0.21048673736095558,1.4995,1.6320922465096697,0.0,0.05114603042602539,0.0,0
kdl_only_1773461936,kdl_only,805,1.0148124446058406,-0.29398916692945054,1.2533835135603764,-0.5454061405366584,-0.7402628062089974,1.2448,1.6228111015287374,1.6229272913611281,0.10160231590270996,3.9093620777130127,1
kdl_only_1773461936,kdl_only,806,-0.5438844811651338,-0.7405205907633112,1.2456305280100057,0.14759789952808022,-0.5212875113499028,1.0743,0.745362445892217,0.0,0.05150938034057617,0.0,0
kdl_only_1773461936,kdl_only,807,-0.5438844811583123,-0.7405205907515933,1.2456305279129076,-0.5444871132549325,0.48103550506684367,1.2693,1.2217855385891205,1.7084800513877114,0.15164589881896973,4.810830354690552,1
kdl_only_1773461936,kdl_only,808,-0.5447128371781405,0.4810960726630256,1.2688833430638544,-0.6642052497579977,-0.437475567276014,1.1726,0.9313016570993543,0.0,0.4535787105560303,0.0,0
kdl_only_1773461936,kdl_only,809,-0.5447128371783154,0.48109607266306853,1.2688833430645365,-0.3867117133225697,-0.6636760132246889,1.276,1.1556461961056348,6.830251002747426,0.802466869354248,17.352585315704346,1
kdl_only_1773461936,kdl_only,810,-0.3861091840316221,-0.6639606985711752,1.2764119099760993,-0.4378441241585326,0.5758514909282876,1.2717,1.2409000650161197,0.0,3.754303216934204,0.0,0
kdl_only_1773461936,kdl_only,811,-0.3861091840315964,-0.6639606985712254,1.2764119099760696,-0.048933744816775926,-0.1536304858669817,1.2277,0.6135935568289341,0.0,0.05511951446533203,0.0,0
kdl_only_1773461936,kdl_only,812,-0.38612595571580144,-0.6639756495317475,1.27642969143219,0.518653562632386,-0.5070925708127123,1.1609,0.9255189824164376,0.9255306336516291,1.214822769165039,2.607964038848877,1
kdl_only_1773461936,kdl_only,813,0.5180416074668791,-0.5070177280655077,1.1607486018940394,0.8523844471459194,0.12456959775404919,1.0943,0.7177068351870534,0.0,1.4035325050354004,0.0,0
kdl_only_1773461936,kdl_only,814,0.5180383202084125,-0.5070263864085787,1.1607739033064122,0.3273742966390014,-0.5819618335953592,1.3487,0.2780005556599616,0.0,0.05111956596374512,0.0,0
kdl_only_1773461936,kdl_only,815,0.5180415722629388,-0.50702659703479,1.160773143397145,0.4986899684022992,-0.4596095955891263,1.2859,0.1352020223272885,0.14687417328720612,0.20250296592712402,3.4084596633911133,1
kdl_only_1773461936,kdl_only,816,0.4988113568428064,-0.45988913194683656,1.285614899124444,-0.4680449281032409,-0.0452758421206374,1.1168,1.0654640894964844,0.0,0.10139846801757812,0.0,0
kdl_only_1773461936,kdl_only,817,0.4988053131178538,-0.45988889751996503,1.285613283539121,0.698246581101315,-0.64813092472374,1.3878,0.2926670552038504,0.2933384603810419,0.20184874534606934,2.7069270610809326,1
kdl_only_1773461936,kdl_only,818,0.6980192303808618,-0.6483608526059785,1.3885677090511195,0.37254123701011155,0.2031798586690211,1.0218,0.9826372980555893,0.0,0.05202054977416992,0.0,0
kdl_only_1773461936,kdl_only,819,0.6980208360642142,-0.6483569925795455,1.38854222539043,0.5608653387874356,-0.007007832496427002,1.3724,0.6560495004289825,0.0,0.05116391181945801,0.0,0
kdl_only_1773461936,kdl_only,820,0.69801615597689,-0.6483608654989674,1.3885693816892895,0.7984724645555845,-0.07647993718811175,1.3526,0.5817500000155168,0.0,0.05104184150695801,0.0,0
kdl_only_1773461936,kdl_only,821,0.6980192300186064,-0.6483608544337629,1.3885677068445714,0.021464932023983252,-0.49095042214168094,1.4057,0.6948361517639544,0.6950150198161714,0.30170726776123047,2.9101552963256836,1
kdl_only_1773461936,kdl_only,822,0.021521434626876834,-0.4914020150644484,1.405582535694579,0.05122593666981712,-0.638988574676352,1.193,0.2604908530103004,0.2641207185689914,0.1516284942626953,1.7049078941345215,1
kdl_only_1773461936,kdl_only,823,0.051535025225379116,-0.6391464322624648,1.1934690427028247,0.9143161245786253,-0.4634284518083033,1.3318,0.8912931548053301,0.8919330808782313,0.2513000965118408,2.2069997787475586,1
kdl_only_1773461936,kdl_only,824,0.9133007372549276,-0.46394888200119483,1.3323184380820299,-0.1011994109438692,0.0013795649036320023,1.4104,1.1188555959129796,0.0,0.05155658721923828,0.0,0
kdl_only_1773461936,kdl_only,825,0.9133041377521106,-0.4639486682032147,1.3323148430120755,0.4119662907700534,-0.6411791493821326,1.4904,0.5547442628233411,0.5560685688293754,0.151198148727417,1.7070531845092773,1
kdl_only_1773461936,kdl_only,826,0.41165161466596745,-0.6413619171531326,1.489972722524747,-0.013858034678332576,0.627128554262654,1.2477,1.359714164755706,0.0,20.013201236724854,0.0,0
kdl_only_1773461936,kdl_only,827,0.4116511001459737,-0.6413588551737498,1.4899494383393612,-0.4367393520567793,-0.26138478589081365,1.0185,1.042310522649908,0.0,0.10162067413330078,0.0,0
kdl_only_1773461936,kdl_only,828,0.41164848087102146,-0.6413575834595677,1.48994933960045,-0.1405039367361356,-0.10513627387830493,1.2511,0.80588745625307,0.0,0.05146670341491699,0.0,0
kdl_only_1773461936,kdl_only,829,0.4116488905102921,-0.6413629164430209,1.4899813717876194,0.5317735286641838,-0.7315083011011984,1.2951,0.2460383468823479,0.0,20.058609008789062,0.0,0
kdl_only_1773461936,kdl_only,830,0.4116474887807776,-0.6413620940151288,1.4899819207570852,0.08626692773225886,-0.7356992844316926,1.4349,0.3432288347418231,0.3472600767098949,0.5140068531036377,1.5377259254455566,1
kdl_only_1773461936,kdl_only,831,0.08501528792400671,-0.7358439471948891,1.4345671142448735,0.21396678105324107,-0.6516793903834021,1.4371,0.15400836248003397,0.0,0.7599027156829834,0.0,0
kdl_only_1773461936,kdl_only,832,0.08501059778409116,-0.7358397097221179,1.4345489758761099,0.6768446747270751,0.28990036755188486,1.2202,1.203476532474218,0.0,0.05447864532470703,0.0,0
kdl_only_1773461936,kdl_only,833,0.08501497326449582,-0.7358414959630113,1.4345541204294596,-0.5948768049404534,0.17917036842369227,1.263,1.1527924176864819,0.0,0.05654478073120117,0.0,0
kdl_only_1773461936,kdl_only,834,0.08501042849796454,-0.7358402357419518,1.434552657954524,-0.5362958460074426,-0.4751040753370026,1.2285,0.7046009721343194,0.7087951028521533,0.5281596183776855,3.126830816268921,1
kdl_only_1773461936,kdl_only,835,-0.5348767153362999,-0.47510266344114177,1.228721758122831,0.92710886460404,0.29947485127922724,1.3612,1.659795965423082,0.0,0.05467677116394043,0.0,0
kdl_only_1773461936,kdl_only,836,-0.5348767153391873,-0.4751026634455062,1.228721758095102,0.8892515452490997,0.052280480699406384,1.205,1.5188275100028692,0.0,0.05285930633544922,0.0,0
kdl_only_1773461936,kdl_only,837,-0.534876715339269,-0.47510266344632196,1.2287217580925462,0.06631185827011554,0.2413296318304281,1.3274,0.9404468779149329,0.0,20.0577495098114,0.0,0
kdl_only_1773461936,kdl_only,838,-0.5348767153393587,-0.4751026634463705,1.228721758092071,-0.2509952660992084,-0.4111781371378468,1.0772,0.3280760056172491,0.0,0.05103039741516113,0.0,0
kdl_only_1773461936,kdl_only,839,-0.5348767153393585,-0.4751026634463702,1.2287217580920706,0.9263359345171644,-0.046300045381000965,1.2347,1.5228426815455187,0.0,0.051532745361328125,0.0,0
kdl_only_1773461936,kdl_only,840,-0.5348767153393592,-0.4751026634463706,1.228721758092071,0.5067814796633678,-0.21703449766440308,1.4846,1.1032337232374203,0.0,0.051189422607421875,0.0,0
kdl_only_1773461936,kdl_only,841,-0.534876715339359,-0.4751026634463706,1.228721758092071,0.7051505549729924,-0.3693461418390514,1.1693,1.2459466354204474,0.0,0.10215592384338379,0.0,0
kdl_only_1773461936,kdl_only,842,-0.5348767153393592,-0.4751026634463702,1.2287217580920706,0.9882337262704779,0.1313782628268565,1.3464,1.643633992071436,0.0,0.0515744686126709,0.0,0
kdl_only_1773461936,kdl_only,843,-0.534876715339359,-0.4751026634463704,1.2287217580920706,-0.4945835083880026,0.21143667751998207,1.3249,0.6944134672062737,0.0,0.05182838439941406,0.0,0
kdl_only_1773461936,kdl_only,844,-0.5348767153393583,-0.47510266344637064,1.228721758092072,-0.34849337663394175,0.16654533014677553,1.4259,0.6966564115193297,0.0,1.0038423538208008,0.0,0
kdl_only_1773461936,kdl_only,845,-0.5348767153393594,-0.47510266344637103,1.2287217580920706,0.6350073379048093,-0.4850694145788456,1.4262,1.1864761650324833,0.0,0.10152673721313477,0.0,0
kdl_only_1773461936,kdl_only,846,-0.5348767153393597,-0.4751026634463704,1.2287217580920706,-0.14293582225959567,-0.1489562849218008,1.4297,0.5480705954649063,0.0,0.051650285720825195,0.0,0
kdl_only_1773461936,kdl_only,847,-0.5348767153393591,-0.4751026634463704,1.228721758092071,-0.8062533675208123,0.4650012515541143,1.19,0.9792548355245396,0.0,20.009793758392334,0.0,0
kdl_only_1773461936,kdl_only,848,-0.534876715339363,-0.4751026634463736,1.2287217580920724,-0.7957429864496395,0.17324831565397425,1.1583,0.7024026106985497,0.0,20.070911645889282,0.0,0
kdl_only_1773461936,kdl_only,849,-0.5348767153393701,-0.4751026634463771,1.2287217580920726,0.887250250467259,-0.2960506903709585,1.3594,1.439298967846749,0.0,0.05728268623352051,0.0,0
kdl_only_1773461936,kdl_only,850,-0.5348767153393692,-0.4751026634463773,1.2287217580920728,0.762973846293665,0.4178532318156848,1.3797,1.5825867245570027,0.0,0.057509660720825195,0.0,0
kdl_only_1773461936,kdl_only,851,-0.5348767153393694,-0.47510266344637714,1.2287217580920724,-0.7396987785166769,-0.6125827548070257,1.4362,0.32233534393538926,0.0,0.32871556282043457,0.0,0
kdl_only_1773461936,kdl_only,852,-0.5348767153393695,-0.4751026634463771,1.228721758092072,0.6099005136808135,0.365357782858846,1.0179,1.4357348221631097,0.0,0.3366055488586426,0.0,0
kdl_only_1773461936,kdl_only,853,-0.5348767153393693,-0.47510266344637814,1.2287217580920742,-0.3943539662208879,-0.6875579638947726,1.0342,0.3205036849704924,0.0,20.12859058380127,0.0,0
kdl_only_1773461936,kdl_only,854,-0.5348767153393739,-0.47510266344638075,1.2287217580920742,-0.8285518876808068,-0.24777353950759806,1.3156,0.3814072185441131,0.0,0.05135488510131836,0.0,0
kdl_only_1773461936,kdl_only,855,-0.5348767153393734,-0.47510266344638075,1.2287217580920746,-0.2530740253850783,0.156065915546997,1.4605,0.7290457355995748,0.0,0.05098295211791992,0.0,0
kdl_only_1773461936,kdl_only,856,-0.5348767153393732,-0.4751026634463807,1.2287217580920742,0.6419484119169989,0.11402299860314857,1.4987,1.343456243028022,0.0,0.051219940185546875,0.0,0
kdl_only_1773461936,kdl_only,857,-0.5348767153393734,-0.47510266344638075,1.2287217580920746,0.7861711023603526,0.1082289988498808,1.3734,1.451335577517514,0.0,0.05139780044555664,0.0,0
kdl_only_1773461936,kdl_only,858,-0.534876715339373,-0.47510266344638086,1.2287217580920746,0.8403066952930975,0.06345076001193839,1.217,1.476924711151587,0.0,0.05230855941772461,0.0,0
kdl_only_1773461936,kdl_only,859,-0.5348767153393744,-0.4751026634463811,1.2287217580920746,0.6268391911299018,-0.13528831131014007,1.0492,1.223636262493873,0.0,0.051047325134277344,0.0,0
kdl_only_1773461936,kdl_only,860,-0.5348767153393739,-0.4751026634463811,1.2287217580920742,-0.419368833357705,0.07707447884378149,1.3169,0.5709790448112735,0.0,0.051184892654418945,0.0,0
kdl_only_1773461936,kdl_only,861,-0.5348767153393744,-0.47510266344638097,1.228721758092074,-0.19534373879491818,-0.01797116141139099,1.4363,0.6060862800191815,0.0,0.05185389518737793,0.0,0
kdl_only_1773461936,kdl_only,862,-0.5348767153393743,-0.47510266344638113,1.2287217580920746,1.0715756933942486,0.1494252694180327,1.2218,1.7235928728064067,0.0,0.05180621147155762,0.0,0
kdl_only_1773461936,kdl_only,863,-0.534876715339373,-0.47510266344638075,1.2287217580920746,0.302639590136226,-0.6696998521372546,1.347,0.8679235970364662,0.8682318918779457,0.15122199058532715,3.2077345848083496,1
kdl_only_1773461936,kdl_only,864,0.30242477400310397,-0.6698563966824893,1.3476177441816382,0.46986765871746305,-0.23032952228764492,1.4517,0.4817199486558621,0.0,0.05103039741516113,0.0,0
kdl_only_1773461936,kdl_only,865,0.3024244799075951,-0.6698498978573695,1.347591797047154,0.11871242239924107,0.20627458378083063,1.023,0.9522100934720543,0.0,0.10182762145996094,0.0,0
kdl_only_1773461936,kdl_only,866,0.3024247740043586,-0.6698563966682072,1.3476177441893173,-0.3273787609384131,-0.5283721746245814,1.3981,0.6474710309082842,0.0,0.05130791664123535,0.0,0
kdl_only_1773461936,kdl_only,867,0.3024244799073924,-0.6698498978493629,1.347591797050487,-0.5175163876067244,0.2258611860139541,1.1467,1.230836661014602,0.0,2.257824182510376,0.0,0
kdl_only_1773461936,kdl_only,868,0.30242447990692367,-0.6698498978492531,1.347591797043856,0.7866615521044387,-0.5097931391353075,1.1874,0.5345700327745426,0.5348955768740932,0.15175938606262207,1.7059540748596191,1
kdl_only_1773461936,kdl_only,869,0.7859222125171667,-0.5100107546915709,1.1876692051937416,0.33542029665248485,0.2183047686607953,1.0728,0.8640546348788495,0.0,0.15119576454162598,0.0,0
kdl_only_1773461936,kdl_only,870,0.7859222162634785,-0.5100107211303274,1.1876692061775245,1.0315437312129305,-0.0066252016571894945,1.2656,0.5655087253501099,0.0,0.05114603042602539,0.0,0
kdl_only_1773461936,kdl_only,871,0.7859222156073717,-0.510010718824863,1.187669210088917,-0.5683843530827866,0.043762337979898924,1.283,1.4662533341633945,0.0,0.05160164833068848,0.0,0
kdl_only_1773461936,kdl_only,872,0.7859222148475205,-0.5100107232051494,1.1876692115193423,0.28288417407720745,0.0715624080181434,1.3963,0.7967442395932094,0.0,0.05109095573425293,0.0,0
kdl_only_1773461936,kdl_only,873,0.7859222142962472,-0.5100107298718851,1.1876692107238873,-0.8100838570307366,-0.16133751193350654,1.085,1.6368718213258984,0.0,0.10119223594665527,0.0,0
kdl_only_1773461936,kdl_only,874,0.7859222145136179,-0.5100107354173581,1.187669207021262,0.873088497177801,0.47012495789672426,1.0395,0.9950970063521841,0.0,0.10231232643127441,0.0,0
kdl_only_1773461936,kdl_only,875,0.7859222151257643,-0.5100107301024932,1.1876692068300085,0.8374597197532845,0.4744923801203481,1.4354,1.0165003857875867,0.0,0.054244279861450195,0.0,0
kdl_only_1773461936,kdl_only,876,0.7859222151257643,-0.5100107301024932,1.1876692068300085,-0.3051182540264423,0.35982778917292546,1.3099,1.4006886598177644,0.0,0.0536038875579834,0.0,0
kdl_only_1773461936,kdl_only,877,0.7859222150068795,-0.5100107277050925,1.1876692085503118,0.905579145997627,0.11249435316455625,1.1204,0.6374601973940316,0.0,0.10207796096801758,0.0,0
kdl_only_1773461936,kdl_only,878,0.7859222147272649,-0.5100107302509916,1.1876692085809504,0.8065228783924627,-0.6572705497459671,1.4564,0.30712551186420195,0.0,0.05142354965209961,0.0,0
kdl_only_1773461936,kdl_only,879,0.7859222147238014,-0.5100107311894968,1.1876692081365146,1.0601300905555178,0.3795221485915038,1.0716,0.9380462485704314,0.0,0.6025488376617432,0.0,0
kdl_only_1773461936,kdl_only,880,0.785922214869866,-0.5100107300325177,1.1876692080355336,-0.7043248905105854,-0.21318890788667988,1.2306,1.52012587705607,5.690117190072118,0.5530548095703125,12.154775619506836,1
kdl_only_1773461936,kdl_only,881,-0.7038941901520361,-0.21342258596344937,1.2309139028400538,-0.4183970299113334,-0.09844669202062684,1.127,0.3248479396531688,0.0,0.15468096733093262,0.0,0
kdl_only_1773461936,kdl_only,882,-0.7038941901520412,-0.21342258596345257,1.2309139028400553,-0.5410326614154786,-0.5406433756794271,1.1277,0.3798031496765564,0.0,0.20363473892211914,0.0,0
kdl_only_1773461936,kdl_only,883,-0.7038941901520419,-0.2134225859634527,1.230913902840056,1.0451032241642717,-0.13879657153813363,1.0047,1.7651441094574372,0.0,0.21110057830810547,0.0,0
kdl_only_1773461936,kdl_only,884,-0.7038941901520416,-0.21342258596345307,1.2309139028400566,-0.2263647344424471,-0.3316472445288514,1.4023,0.520945913951654,0.0,0.054407358169555664,0.0,0
kdl_only_1773461936,kdl_only,885,-0.7038941901520419,-0.21342258596345365,1.2309139028400566,-0.3646902130647699,-0.25479066559687824,1.4506,0.4062420920704155,0.0,0.055333852767944336,0.0,0
kdl_only_1773461936,kdl_only,886,-0.7038941901520411,-0.2134225859634527,1.2309139028400558,-0.45577524558329024,0.3685984817607634,1.3388,0.6418340470005875,0.0,0.15680766105651855,0.0,0
kdl_only_1773461936,kdl_only,887,-0.7038941901520417,-0.21342258596345293,1.2309139028400562,0.8407539831228337,-0.5301326224889098,1.079,1.5840836658186537,0.0,1.438190221786499,0.0,0
kdl_only_1773461936,kdl_only,888,-0.7038941901520408,-0.21342258596345265,1.2309139028400553,-0.27360452864594087,0.0311230928008156,1.2209,0.4950273326306344,0.0,0.05590939521789551,0.0,0
kdl_only_1773461936,kdl_only,889,-0.703894190152041,-0.21342258596345326,1.2309139028400558,0.2779455855865929,-0.04843096322432694,1.1728,0.99730076030247,0.0,1.6373004913330078,0.0,0
kdl_only_1773461936,kdl_only,890,-0.7038941901520415,-0.21342258596345304,1.2309139028400558,-0.3306446917999506,-0.07271564632052674,1.2938,0.4038171518147484,0.0,0.053536415100097656,0.0,0
kdl_only_1773461936,kdl_only,891,-0.7038941901520411,-0.21342258596345318,1.2309139028400569,-0.2655894063391301,0.38695178416867704,1.3195,0.7486040104319944,0.0,0.05312705039978027,0.0,0
kdl_only_1773461936,kdl_only,892,-0.703894190152041,-0.21342258596345365,1.230913902840056,0.03561108262851009,0.2531583488349892,1.2122,0.8745947789388713,0.0,0.05322146415710449,0.0,0
kdl_only_1773461936,kdl_only,893,-0.7038941901520419,-0.21342258596345354,1.2309139028400562,0.6671116841617806,0.4416668858063514,1.125,1.5231602273698797,0.0,0.20624136924743652,0.0,0
kdl_only_1773461936,kdl_only,894,-0.7038941901520419,-0.21342258596345368,1.2309139028400566,0.7920942114664942,0.6165058539459877,1.4227,1.7214948214303594,0.0,0.2561662197113037,0.0,0
kdl_only_1773461936,kdl_only,895,-0.7038941901520414,-0.21342258596345376,1.2309139028400558,-0.4861799628726349,-0.07057465360334703,1.0996,0.2916305155818134,0.0,0.21016383171081543,0.0,0
kdl_only_1773461936,kdl_only,896,-0.7038941901520412,-0.21342258596345304,1.2309139028400558,0.08466447108769093,0.4087285985663941,1.1923,1.0051805271296455,1.0360338427253666,0.8679947853088379,3.015308141708374,1
kdl_only_1773461936,kdl_only,897,0.08451492293565016,0.40872686934900726,1.1917516860707609,-0.06671288451368396,-0.2920077127979616,1.2416,0.7185983988043725,0.0,0.051790475845336914,0.0,0
kdl_only_1773461936,kdl_only,898,0.08451492292640689,0.40872686936505614,1.1917516860680868,-0.6232639807735634,-0.47311999739184807,1.1186,1.133117841226721,0.0,0.10207819938659668,0.0,0
kdl_only_1773461936,kdl_only,899,0.08451492292241083,0.4087268693663055,1.1917516860659367,0.25223554413935023,0.05297807719350267,1.286,0.4044380726306783,0.0,0.051259756088256836,0.0,0
kdl_only_1773461936,kdl_only,900,0.08451492292273832,0.4087268693651081,1.191751686065904,-0.41748342946912026,0.016357955925252132,1.2874,0.6442858915082256,0.0,0.05156660079956055,0.0,0
kdl_only_1773461936,kdl_only,901,0.08451492292301277,0.40872686936462077,1.1917516860659778,-0.5930949370344178,0.041385570737440425,1.4963,0.828760778215697,0.0,0.051294803619384766,0.0,0
kdl_only_1773461936,kdl_only,902,0.08451492292311955,0.40872686936453717,1.1917516860660262,-0.43951717575865806,-0.49178089046024526,1.1476,1.0428198489365021,2.063735021933401,0.1512737274169922,5.612675905227661,1
kdl_only_1773461936,kdl_only,903,-0.43927012687634637,-0.4918691814745786,1.1471509447248631,0.9645593356553386,0.5896790458242923,1.489,1.8048114872301297,0.0,0.1011343002319336,0.0,0
kdl_only_1773461936,kdl_only,904,-0.4392701268754916,-0.49186918147455494,1.1471509447218935,-0.13064538162166994,0.35308412984044624,1.3291,0.9177694647359799,0.0,0.05110645294189453,0.0,0
kdl_only_1773461936,kdl_only,905,-0.43927012687549083,-0.4918691814745544,1.1471509447218893,0.2305476934596684,0.4181960499555518,1.1372,1.1300325920951724,0.0,0.05112576484680176,0.0,0
kdl_only_1773461936,kdl_only,906,-0.43927012687549044,-0.4918691814745545,1.14715094472189,0.46041946576550896,-0.44002714203942084,1.283,0.9113637725844035,0.9128173397981836,0.20213079452514648,3.410902261734009,1
kdl_only_1773461936,kdl_only,907,0.4600086205192036,-0.4402161947452532,1.282985233604541,-0.37815613566886386,-0.3812981458842526,1.3429,0.8423664726409831,0.0,0.051064491271972656,0.0,0
kdl_only_1773461936,kdl_only,908,0.4600086205204971,-0.44021619475898627,1.2829852336053325,0.697922919780505,0.11894995681459164,1.3723,0.6142044662440352,0.0,0.0510561466217041,0.0,0
kdl_only_1773461936,kdl_only,909,0.46000862052169444,-0.44021619476628104,1.282985233605415,0.035397364472574466,-0.260424561782775,1.0245,0.5286155181665906,0.0,0.25162672996520996,0.0,0
kdl_only_1773461936,kdl_only,910,0.4600086205231159,-0.44021619477173696,1.2829852336051313,0.9519059869791033,-0.6879587704243457,1.3032,0.5511334137010054,0.5551541353894022,0.25154709815979004,2.810129165649414,1
kdl_only_1773461936,kdl_only,911,0.9516943729638442,-0.688091909222343,1.3030295223824355,-0.4009933324345899,0.5051890742822617,1.2484,1.8046240380327228,4.928724800579792,0.8558194637298584,13.828616380691528,1
kdl_only_1773461936,kdl_only,912,-0.4005077060687614,0.5049689513013838,1.2479416904790281,0.6344609233463696,-0.530727711697232,1.4521,1.478346460396332,0.0,0.051433563232421875,0.0,0
kdl_only_1773461936,kdl_only,913,-0.40050770605464886,0.5049689512871608,1.247941690366532,0.31007698866347244,0.6303922842661028,1.1431,0.7291456650506153,0.0,0.10112714767456055,0.0,0
kdl_only_1773461936,kdl_only,914,-0.4005077060545108,0.5049689512874598,1.2479416903661364,0.767210149607161,-0.5084467088086522,1.3994,1.5535494553171711,0.0,0.051383256912231445,0.0,0
kdl_only_1773461936,kdl_only,915,-0.400507706054511,0.5049689512874598,1.2479416903661364,-0.1983042957815374,-0.041462039250564686,1.3035,0.5852860602438429,0.0,0.051485538482666016,0.0,0
kdl_only_1773461936,kdl_only,916,-0.4005077060545123,0.5049689512874593,1.2479416903661362,0.13753064692900718,-0.054247264284247754,1.1762,0.7793297858905118,0.0,0.05124187469482422,0.0,0
kdl_only_1773461936,kdl_only,917,-0.40050770605451136,0.5049689512874593,1.2479416903661364,0.21939904451824943,-0.14094258539677462,1.3183,0.8980180312009344,0.0,0.05223345756530762,0.0,0
kdl_only_1773461936,kdl_only,918,-0.4005077060545122,0.50496895128746,1.2479416903661362,-0.8235061656840077,-0.12602073286400695,1.3104,0.762218288154262,0.0,0.051054954528808594,0.0,0
kdl_only_1773461936,kdl_only,919,-0.400507706054511,0.5049689512874591,1.2479416903661362,0.5631538045320006,-0.589671218058742,1.3389,1.4612166237158704,5.858010725468703,1.0058293342590332,12.660823106765747,1
kdl_only_1773461936,kdl_only,920,0.5632472595562174,-0.5900997729914281,1.339696573853235,-0.5291308281963463,-0.22122140750885777,1.3605,1.1531669079810103,0.0,0.052397966384887695,0.0,0
kdl_only_1773461936,kdl_only,921,0.5632440546944221,-0.5901040760560009,1.3396864850977281,0.6150254447363124,-0.5705818281979669,1.3296,0.056250935083139594,0.05592960482493342,0.2540755271911621,1.2062914371490479,1
kdl_only_1773461936,kdl_only,922,0.6143251973924264,-0.5700054425554381,1.3290385561465174,0.46959318343974576,0.034383856351529074,1.4192,0.6279831737027665,0.0,0.05301332473754883,0.0,0
kdl_only_1773461936,kdl_only,923,0.6143255559245101,-0.5700013341255455,1.3290261195187505,-0.7418605957301391,-0.7166803628525785,1.3141,1.364176823015272,1.3903495579759768,0.4042205810546875,3.3143258094787598,1
kdl_only_1773461936,kdl_only,924,-0.7416247365435493,-0.7169365548279297,1.3145185702086286,0.6635337107368695,-0.4208992255841788,1.4517,1.4425418908818195,0.0,0.05199551582336426,0.0,0
kdl_only_1773461936,kdl_only,925,-0.7416247365392596,-0.7169365548450253,1.3145185701415079,1.0326777873058903,0.1746505038069177,1.3232,1.985737217383831,0.0,0.05217289924621582,0.0,0
kdl_only_1773461936,kdl_only,926,-0.7416247365387745,-0.7169365548471074,1.3145185701339908,0.3389208774492598,0.1892589564340844,1.1545,1.4192868178640587,0.0,0.10347104072570801,0.0,0
kdl_only_1773461936,kdl_only,927,-0.7416247365387125,-0.7169365548473772,1.3145185701330449,1.004274019468291,0.4727909317143101,1.2204,2.1148220406812204,2.2246164634955203,1.3222291469573975,5.321344614028931,1
kdl_only_1773461936,kdl_only,928,1.0039625935939762,0.47244135482270444,1.2198091188686169,-0.3148370045466379,0.5806570802928562,1.2898,1.3250817886969937,1.3263509754373328,0.3017873764038086,3.2077739238739014,1
kdl_only_1773461936,kdl_only,929,-0.3152343251555021,0.5802248790870492,1.2892857498918762,0.5267798941845296,0.11257542926502173,1.3662,0.9662296597389997,0.0,0.051427602767944336,0.0,0
kdl_only_1773461936,kdl_only,930,-0.315226984688901,0.5802093816371956,1.289267574276559,-0.1991757659617821,-0.6345372603514327,1.0451,1.24446578656016,0.0,20.048784255981445,0.0,0
kdl_only_1773461936,kdl_only,931,-0.3152343252181531,0.580224879872637,1.2892857499955162,-0.19240755628390915,0.4037016398112324,1.1476,0.25753003941364655,0.0,0.213545560836792,0.0,0
kdl_only_1773461936,kdl_only,932,-0.3152237788140687,0.5802124788805869,1.2892775601965334,-0.1346872976610306,0.5329383923465515,1.3737,0.20483019461768492,0.21051283671826262,1.3483555316925049,3.258171558380127,1
kdl_only_1773461936,kdl_only,933,-0.13438972396371174,0.5332113413151445,1.373401364911492,-0.5503482593932534,0.07482243409032596,1.0878,0.6816964376485766,0.0,0.15978360176086426,0.0,0
kdl_only_1773461936,kdl_only,934,-0.13438751224248802,0.5332108061256662,1.3734028911010987,0.012388193026387273,-0.05391432247887129,1.0661,0.678744496239317,0.0,0.45707058906555176,0.0,0
kdl_only_1773461936,kdl_only,935,-0.13438972396401283,0.5332113413114624,1.373401364913622,0.43891281988655684,0.28911738617485494,1.2697,0.6316736806332164,6.109958358723922,2.5959980487823486,12.639821767807007,1
kdl_only_1773461936,kdl_only,936,0.43876440474183637,0.28956219943707834,1.2700273907428592,0.9194410740378249,0.3801183821985944,1.4857,0.534570067461325,0.0,0.05112957954406738,0.0,0
kdl_only_1773461936,kdl_only,937,0.4387649385317409,0.28955755140018674,1.2700313153238785,-0.859367878880655,-0.4510974411334201,1.2654,1.494570198648973,1.5917888146828614,0.10112190246582031,3.2075657844543457,1
kdl_only_1773461936,kdl_only,938,-0.8579506855757438,-0.4507444151506689,1.2653623607887656,-0.07543079406876418,0.4724223844274894,1.4567,1.2252283104084736,0.0,0.051882028579711914,0.0,0
kdl_only_1773461936,kdl_only,939,-0.8579506855509442,-0.45074441508711904,1.2653623604364381,-0.25089365234721583,0.20651068670374573,1.4152,0.9071680266754404,0.0,0.051070451736450195,0.0,0
kdl_only_1773461936,kdl_only,940,-0.8579506855470677,-0.4507444150773902,1.2653623604019375,-0.5070584695375142,-0.27294412893342174,1.1285,0.41649681235726405,0.0,0.10174131393432617,0.0,0
kdl_only_1773461936,kdl_only,941,-0.8579506855464991,-0.4507444150760035,1.265362360398143,-0.6353758527370846,0.2667881143205847,1.4123,0.7654953669841312,0.0,0.05112648010253906,0.0,0
kdl_only_1773461936,kdl_only,942,-0.8579506855464921,-0.450744415075987,1.2653623603981066,0.10376841654405833,-0.33087959612637086,1.2409,0.969468727305799,0.9699167685701068,0.10148835182189941,2.808507204055786,1
kdl_only_1773461936,kdl_only,943,0.10412284837073188,-0.33122175418743915,1.240923630096242,-0.5471482413656623,-0.5828148555604726,1.4032,0.716789188823376,0.7330034154598176,0.15179800987243652,3.308943510055542,1
kdl_only_1773461936,kdl_only,944,-0.5466384002332172,-0.5825188700784331,1.4031994818098275,-0.19127586524266726,0.2641421473238844,1.3733,0.9187009244994442,0.0,0.05331158638000488,0.0,0
kdl_only_1773461936,kdl_only,945,-0.5466384001856793,-0.5825188698753423,1.4031994807931412,0.7541843762868972,0.03551562573610623,1.1694,1.4590300650687986,1.4655597884807943,0.25228118896484375,3.507915496826172,1
kdl_only_1773461936,kdl_only,946,0.7546327507035667,0.03570688187313695,1.1695644987238965,-0.08115376894869519,-0.29398407415141387,1.0576,0.9054122165573626,0.0,0.3515772819519043,0.0,0
kdl_only_1773461936,kdl_only,947,0.7546327507037074,0.0357068818721516,1.1695644987239437,0.7145437481994692,-0.599479492130392,1.4814,0.7087384832901156,0.0,0.05145740509033203,0.0,0
kdl_only_1773461936,kdl_only,948,0.7546327507037082,0.03570688187215096,1.1695644987239437,-0.6377185727009411,0.6043007439814342,1.0704,1.5072407855489447,0.0,0.05120253562927246,0.0,0
kdl_only_1773461936,kdl_only,949,0.7546327507037072,0.03570688187215129,1.1695644987239437,0.3059875061727848,0.272202814380787,1.4833,0.5963579850176223,0.0,0.05131936073303223,0.0,0
kdl_only_1773461936,kdl_only,950,0.7546327507037087,0.035706881872150764,1.1695644987239442,0.18200249813578262,-0.6011138778056835,1.4301,0.895167489097893,0.0,0.05111980438232422,0.0,0
kdl_only_1773461936,kdl_only,951,0.754632750703708,0.03570688187215096,1.1695644987239437,-0.28561921001666246,0.5462458111669083,1.3621,1.1746676378276686,0.0,0.0512237548828125,0.0,0
kdl_only_1773461936,kdl_only,952,0.7546327507037087,0.03570688187215079,1.1695644987239442,-0.35833239720027954,0.5894002714644205,1.49,1.2837237633561047,0.0,0.05134940147399902,0.0,0
kdl_only_1773461936,kdl_only,953,0.7546327507037089,0.035706881872150764,1.1695644987239442,-0.7732072375467419,-0.670500535700906,1.4836,1.712203913788906,0.0,0.10136818885803223,0.0,0
kdl_only_1773461936,kdl_only,954,0.7546327507037074,0.03570688187215125,1.1695644987239446,-0.4240341371964385,0.10059520089086971,1.4023,1.2031757727495624,0.0,0.05109405517578125,0.0,0
kdl_only_1773461936,kdl_only,955,0.7546327507037082,0.03570688187215085,1.1695644987239437,-0.16104826348030776,0.3885607593646395,1.1829,0.9814048166749723,1.0116573213982658,0.20139312744140625,4.309318780899048,1
kdl_only_1773461936,kdl_only,956,-0.1612033247078123,0.3886268882636276,1.1830082996039637,-0.17767652529799915,-0.24484283952780406,1.3953,0.6682986072279932,0.0,0.05131864547729492,0.0,0
kdl_only_1773461936,kdl_only,957,-0.16120300511344918,0.38861649021919537,1.1830009455597998,-0.4586443213130312,-0.6266382182633284,1.007,1.0724690170426454,0.0,0.15159177780151367,0.0,0
kdl_only_1773461936,kdl_only,958,-0.16120082547412098,0.38862564873069194,1.1830093400842032,0.7936810640185619,-0.43901803108310805,1.2683,1.2665180536753973,0.0,20.02937150001526,0.0,0
kdl_only_1773461936,kdl_only,959,-0.16120585630209983,0.38861282875319547,1.1829899388589662,0.7594219965044655,-0.21454438160517242,1.2274,1.1015110155150813,0.0,0.05387687683105469,0.0,0
kdl_only_1773461936,kdl_only,960,-0.1612030408525776,0.38862395315018605,1.1830109953165213,0.9753237690270764,-0.5799834658710686,1.3364,1.5011401362018229,0.0,20.03305983543396,0.0,0
kdl_only_1773461936,kdl_only,961,-0.16120332471281196,0.3886268882578774,1.1830082995980729,0.1805760066251012,-0.6981264504821026,1.3362,1.14948407020903,3.130819925080976,0.2514321804046631,6.616321325302124,1
kdl_only_1773461936,kdl_only,962,0.18015713293065683,-0.6976908216394041,1.3353213533150678,-0.5534643146653071,0.1589067952099027,1.2923,1.1286322440927201,0.0,0.054616689682006836,0.0,0
kdl_only_1773461936,kdl_only,963,0.1801571213103702,-0.6976911839284383,1.3353214857199671,0.5436409939119007,-0.6489490781742929,1.4112,0.37450482966725424,0.0,0.10367679595947266,0.0,0
kdl_only_1773461936,kdl_only,964,0.18015712390143335,-0.6976917491620027,1.33532148865517,0.3415613460333635,0.5464744853862485,1.4701,1.2618106788390706,0.0,0.05291485786437988,0.0,0
kdl_only_1773461936,kdl_only,965,0.18015713541360356,-0.6976913936566501,1.3353213640142427,-0.1700515817195658,0.013611483351730125,1.0542,0.841205771319769,0.0,0.2049853801727295,0.0,0
kdl_only_1773461936,kdl_only,966,0.18015711854634153,-0.6976916381201641,1.3353215365807962,0.7416779313351987,0.09765582162182629,1.1169,0.997793151186864,0.0,0.30403661727905273,0.0,0
kdl_only_1773461936,kdl_only,967,0.18015712004751994,-0.6976916187466752,1.3353215213783192,-0.6631571013015777,-0.25537058288947473,1.0125,1.005505101606369,0.0,0.30539727210998535,0.0,0
kdl_only_1773461936,kdl_only,968,0.18015712141570017,-0.6976915958626211,1.3353215072714621,0.43147277175779064,-0.6466714161329129,1.4421,0.2777845592467263,0.0,0.1634225845336914,0.0,0
kdl_only_1773461936,kdl_only,969,0.18015713470022976,-0.697691265590783,1.3353213641990807,-0.5621972180620911,0.3937131537389761,1.2807,1.321074216319682,0.0,20.095346689224243,0.0,0
kdl_only_1773461936,kdl_only,970,0.18015712841217935,-0.6976913049327744,1.3353214258970554,-0.5396203542707609,0.46519971634222335,1.4576,1.3730794593263884,0.0,0.051140785217285156,0.0,0
kdl_only_1773461936,kdl_only,971,0.18015712841988407,-0.6976913047689423,1.3353214258151433,0.12281088316375799,0.2620622582320812,1.1107,0.9873551936731599,0.0,0.05139350891113281,0.0,0
kdl_only_1773461936,kdl_only,972,0.18015712842453058,-0.6976913044518593,1.3353214257538748,0.8834122723603621,0.5407338528661317,1.0316,1.456197573206419,0.0,0.10204195976257324,0.0,0
kdl_only_1773461936,kdl_only,973,0.180157128410263,-0.6976913047716087,1.3353214259064592,0.37530453708959066,-0.18898859000542745,1.4119,0.5502047265654296,0.0,20.030710697174072,0.0,0
kdl_only_1773461936,kdl_only,974,0.18015712841718923,-0.6976913046099138,1.3353214258320292,0.46968225717447964,-0.154298840111755,1.4547,0.6271773390562562,0.0,0.05501580238342285,0.0,0
kdl_only_1773461936,kdl_only,975,0.18015712841717835,-0.6976913046101754,1.335321425832149,-0.5827633394132185,0.4014454291989894,1.1511,1.3505875512453311,0.0,0.20539307594299316,0.0,0
kdl_only_1773461936,kdl_only,976,0.18015712841718912,-0.6976913046099331,1.3353214258320396,-0.018160018032109093,-0.22219837308370982,1.2041,0.531641120592254,2.2837565991497204,0.6552548408508301,5.7227089405059814,1
kdl_only_1773461936,kdl_only,977,-0.017668642059292305,-0.22236291997576313,1.2041067091144604,0.8002288287171355,-0.07795573337207873,1.0699,0.8413210736791289,3.560583317654567,0.6537749767303467,7.415714979171753,1
kdl_only_1773461936,kdl_only,978,0.7998345183084341,-0.07843100964620581,1.0699173891268137,0.262769641626889,-0.29615981631648564,1.4731,0.7059750227377358,0.0,0.0509793758392334,0.0,0
kdl_only_1773461936,kdl_only,979,0.7998345003592102,-0.07843107034970064,1.0699173865438039,-0.8603567359681372,0.6012594774161212,1.1522,1.7958242147764663,0.0,0.050870656967163086,0.0,0
kdl_only_1773461936,kdl_only,980,0.7998345003743149,-0.07843107054124815,1.0699173865279998,0.5706310333011784,-0.267862420784076,1.2463,0.3457300856280522,3.8272729419233285,0.351409912109375,9.620194911956787,1
kdl_only_1773461936,kdl_only,981,0.5701701877696388,-0.26757451251365005,1.2462595880837697,1.0034708769800211,-0.1931083329825506,1.0486,0.4820415043599418,0.0,0.051965951919555664,0.0,0
kdl_only_1773461936,kdl_only,982,0.5701701877659213,-0.26757451247589353,1.2462595880833462,1.089838626119011,-0.7075925712977815,1.4436,0.708953042228578,1.2788819593061234,0.15121960639953613,5.311861276626587,1
kdl_only_1773461936,kdl_only,983,1.0893034637378176,-0.7078583424120508,1.4440664529899732,0.49070629412092326,-0.5775874667437917,1.0678,0.7189335964930194,0.7386236335005051,0.10124707221984863,3.108106851577759,1
kdl_only_1773461936,kdl_only,984,0.49029206077401283,-0.5780908187778755,1.0680034641323735,0.36129724522136497,-0.43704306728488124,1.2268,0.24849641937913206,0.25438722058770413,0.10128998756408691,2.9073264598846436,1
kdl_only_1773461936,kdl_only,985,0.36044219780502595,-0.43700186182181716,1.2264395699364443,-0.04612264440500946,-0.5228500242582803,1.3352,0.4295273088670823,0.43272246916314716,0.05145525932312012,1.4057705402374268,1
kdl_only_1773461936,kdl_only,986,-0.047288048323503695,-0.5226748967631673,1.3347560107672545,0.6279348629420425,0.49080342476886163,1.3716,1.2183684859909503,0.0,0.053032636642456055,0.0,0
kdl_only_1773461936,kdl_only,987,-0.04728894934294878,-0.5226620311821014,1.3347301253774018,-0.6743132927012585,-0.7202019316108105,1.473,0.6717887299244106,0.6724588944815312,0.051364898681640625,2.7074477672576904,1
kdl_only_1773461936,kdl_only,988,-0.6737802267951991,-0.7200751459048458,1.473183159407782,-0.5498961164188956,-0.4217411673301299,1.2096,0.4169250742031899,0.4348740351063279,0.05110788345336914,2.2066335678100586,1
kdl_only_1773461936,kdl_only,989,-0.5489121008081761,-0.42120551869977746,1.2091048404391387,1.058836761368229,-0.5568785964440948,1.3711,1.6215751661811084,1.6215645626045208,0.10125231742858887,4.108643293380737,1
kdl_only_1773461936,kdl_only,990,1.0582898486376822,-0.5570123492667098,1.371013646825558,0.9632512475491584,-0.1664319760234425,1.0773,0.4978484407842233,0.0,0.051363229751586914,0.0,0
kdl_only_1773461936,kdl_only,991,1.0582898486343226,-0.5570123492831547,1.3710136468188434,0.26456863454877877,-0.20316212038077197,1.2074,0.8842922455891263,0.8928950881128884,0.10166001319885254,2.806833267211914,1
kdl_only_1773461936,kdl_only,992,0.26381746833225583,-0.20341801342399013,1.2071885532957163,-0.8505983724805575,0.3388490704971011,1.0495,1.2493365985191138,0.0,0.25139689445495605,0.0,0
kdl_only_1773461936,kdl_only,993,0.26381746833225694,-0.20341801342989774,1.2071885532959787,0.2931141019886099,-0.19658161456898282,1.2447,0.04808469326936267,0.0,0.05093812942504883,0.0,0
kdl_only_1773461936,kdl_only,994,0.2638174683322566,-0.20341801342989835,1.2071885532959792,-0.32747594318464956,0.23176900000708145,1.2041,0.7341833383624021,0.0,0.051146507263183594,0.0,0
kdl_only_1773461936,kdl_only,995,0.26381746833225633,-0.20341801342989774,1.2071885532959792,-0.1303010544543799,0.01251940525450601,1.4758,0.5235556208198235,0.0,0.05117940902709961,0.0,0
kdl_only_1773461936,kdl_only,996,0.2638174683322572,-0.20341801342989854,1.2071885532959787,0.776744535608092,0.363961458569232,1.0164,0.7882981121751931,0.0,0.05122876167297363,0.0,0
kdl_only_1773461936,kdl_only,997,0.2638174683322569,-0.2034180134298979,1.2071885532959787,0.7468991288066353,0.5353674293126532,1.1853,0.882978442466395,3.0595816390404487,0.6528310775756836,8.224185466766357,1
kdl_only_1773461936,kdl_only,998,0.7455891584806184,0.5351036401073084,1.1854704115955168,-0.2041656190928982,0.4533259377985218,1.2217,0.9539571862481999,0.9536925537455158,0.656761646270752,3.3103597164154053,1
kdl_only_1773461936,kdl_only,999,-0.20376285796682608,0.4526746734124338,1.2212522333108118,0.6183922450964319,-0.6725222514998098,1.4753,1.4165265267846872,1.9073118569373155,2.6120128631591797,6.514113664627075,1
kdl_only_1773461936,kdl_only,1000,0.6181872699623214,-0.6723938058226477,1.4748978107178237,-0.2102168632443001,-0.20085763875179863,1.4277,0.9543727773287738,0.0,0.05111956596374512,0.0,0
