run_id,test_case,move_index,start_x,start_y,start_z,goal_x,goal_y,goal_z,cartesian_distance_m,path_length_m,plan_time_s,execution_time_s,success
kdl_only_1773468608,kdl_only,1,0.3541815532932101,0.44091948307752,1.2080673144650595,-0.13066148444452752,0.563281457007225,1.3197,0.512354448001063,4.448611318219045,0.2016010284423828,7.752967596054077,1
kdl_only_1773468608,kdl_only,2,-0.13006837499471458,0.5638074557604973,1.3194788354519094,-0.5637710546430907,-0.5286635290580576,1.0125,1.2148361504417027,0.0,0.2075331211090088,0.0,0
kdl_only_1773468608,kdl_only,3,-0.1300735317101619,0.5637978627122312,1.3194650608369012,0.31840995327503974,0.22989172189176654,1.1375,0.5879983252930783,0.0,0.15645861625671387,0.0,0
kdl_only_1773468608,kdl_only,4,-0.1300738850986649,0.5638077251719527,1.3194903319145541,0.7769013140664358,-0.45124606192804856,1.1116,1.3770100191030463,0.0,0.2052326202392578,0.0,0
kdl_only_1773468608,kdl_only,5,-0.13006620324426904,0.5638246864980417,1.3195021423679556,-0.26999187445419626,-0.021984662937305166,1.3682,0.6042543079592928,0.0,0.05689215660095215,0.0,0
kdl_only_1773468608,kdl_only,6,-0.13006572151065748,0.563819068415,1.3194984763655238,0.33969243733975607,-0.5513354354640945,1.3383,1.2102048556419436,0.0,0.4681124687194824,0.0,0
kdl_only_1773468608,kdl_only,7,-0.13007324146446814,0.5638154622272391,1.3195080309274134,0.030930708718165167,0.33583177095400074,1.4461,0.3064708176885001,0.0,0.26351499557495117,0.0,0
kdl_only_1773468608,kdl_only,8,-0.13007356125195657,0.5638047684017607,1.3194812739707686,0.3011656754845682,-0.6791771329227231,1.0435,1.3442979394107013,0.0,1.8683977127075195,0.0,0
kdl_only_1773468608,kdl_only,9,-0.13006620321900975,0.5638246865044245,1.3195021423635178,-0.744067742703176,0.5607687281860799,1.211,0.6235222083195134,0.6248615659267227,0.25724005699157715,2.211315393447876,1
kdl_only_1773468608,kdl_only,10,-0.744895045409505,0.5609412384523125,1.210715778559227,-0.2692555094983793,-0.6087985153552286,1.0149,1.2778371879438453,0.0,0.2083568572998047,0.0,0
kdl_only_1773468608,kdl_only,11,-0.7448950454093289,0.5609412384524468,1.2107157785588663,-0.6311202185376483,-0.06262692550711468,1.1093,0.6419245488951801,0.0,0.5574917793273926,0.0,0
kdl_only_1773468608,kdl_only,12,-0.7448838502270212,0.560928284025924,1.2106987270651008,-0.36009807646876646,0.16730561870237126,1.2527,0.5520534405936696,0.0,20.064528465270996,0.0,0
kdl_only_1773468608,kdl_only,13,-0.7448796012677427,0.5609355546421106,1.2107103216331494,0.21057977365838032,-0.48900997810792585,1.0133,1.4332686677532858,0.0,0.20581483840942383,0.0,0
kdl_only_1773468608,kdl_only,14,-0.7448796012678289,0.5609355546421899,1.2107103216333677,0.9890869021802229,0.4864927794875896,1.0994,1.739129537888051,0.0,0.5718550682067871,0.0,0
kdl_only_1773468608,kdl_only,15,-0.7448950453893148,0.5609412384409687,1.2107157785206786,-0.6976078609330956,-0.4737195470360945,1.3249,1.042015861324888,0.0,0.2587573528289795,0.0,0
kdl_only_1773468608,kdl_only,16,-0.7448847482014707,0.5609367062947608,1.2107116123677393,-0.10264161183544662,-0.370166430342667,1.2725,1.1328049709069599,0.0,20.072643518447876,0.0,0
kdl_only_1773468608,kdl_only,17,-0.7448796012740517,0.560935554647883,1.2107103216490889,-0.31618780179961137,0.002664418259433421,1.1102,0.7110173313071123,0.0,0.10203838348388672,0.0,0
kdl_only_1773468608,kdl_only,18,-0.744895045375843,0.5609412384332453,1.2107157784949774,-0.7252406242266942,0.6129826508891109,1.2946,0.10065370086893638,0.10282261693522457,0.10112881660461426,3.20723557472229,1
kdl_only_1773468608,kdl_only,19,-0.7252313227733116,0.6138877691133479,1.2954248620457256,-0.86205516386102,0.3774440026969422,1.4047,0.29422351017907455,0.0,0.05162787437438965,0.0,0
kdl_only_1773468608,kdl_only,20,-0.7252364944814174,0.6138889133713701,1.2954254549734283,0.6556578271315445,-0.6412626485173598,1.0032,1.8888277548016568,0.0,0.10135364532470703,0.0,0
kdl_only_1773468608,kdl_only,21,-0.7252346986356659,0.6138836753768687,1.2954146342941042,0.8376709900854264,0.1134116262610646,1.4029,1.6445970836724275,0.0,0.0511014461517334,0.0,0
kdl_only_1773468608,kdl_only,22,-0.7252313227733114,0.6138877691133026,1.2954248620457152,-0.25663303835955753,-0.2961981155352495,1.3491,1.025047164781437,0.0,0.05144476890563965,0.0,0
kdl_only_1773468608,kdl_only,23,-0.7252364944814159,0.6138889133713662,1.2954254549734228,0.8854556557862792,-0.09417669282748165,1.1701,1.7639139931640682,2.109676142574601,0.10105133056640625,3.5085837841033936,1
kdl_only_1773468608,kdl_only,24,0.8855464376251369,-0.09451621049415587,1.169532004534053,0.6348759663586907,0.02819486946048788,1.0777,0.29381424636208414,0.0,0.1017906665802002,0.0,0
kdl_only_1773468608,kdl_only,25,0.8855464376405836,-0.09451621017227133,1.1695320045602888,0.1630564678351123,-0.15555864077535275,1.4786,0.7881884042591365,0.0,0.05169320106506348,0.0,0
kdl_only_1773468608,kdl_only,26,0.8855464376417682,-0.094516210153016,1.16953200456236,-0.8107073539688927,0.13142790507643431,1.1683,1.711236157459164,2.8328439296735075,0.20187163352966309,6.319225311279297,1
kdl_only_1773468608,kdl_only,27,-0.8113104488985209,0.1320160547514354,1.16861062763944,0.9257967513215164,-0.4004724771494458,1.0464,1.8209944808181815,0.0,0.10156702995300293,0.0,0
kdl_only_1773468608,kdl_only,28,-0.8113104473830535,0.13201606269789457,1.1686106281247586,-0.4195220359956043,-0.6372296038952384,1.0484,0.8716006252774051,0.0,20.059719562530518,0.0,0
kdl_only_1773468608,kdl_only,29,-0.8113104473830492,0.1320160626979295,1.1686106281247541,0.9696607469429799,0.367357401521509,1.4237,1.8144736229612337,0.0,0.05172109603881836,0.0,0
kdl_only_1773468608,kdl_only,30,-0.811310447383049,0.13201606269792976,1.1686106281247546,0.7198780564140448,-0.4866527390905867,1.3019,1.6568208645238987,3.243953940767423,0.2036125659942627,7.119081974029541,1
kdl_only_1773468608,kdl_only,31,0.7205814808157769,-0.4861437828158528,1.3022161931052385,0.727346387535172,0.48822944609487984,1.4036,0.9796568937548101,0.0,0.05105853080749512,0.0,0
kdl_only_1773468608,kdl_only,32,0.720581305608535,-0.4861435897727914,1.3022159653880818,-0.4212325078418716,-0.1561538984275238,1.3649,1.190193794797945,0.0,0.05141448974609375,0.0,0
kdl_only_1773468608,kdl_only,33,0.7205815083018443,-0.486143805162083,1.3022162303655942,-0.85922087728718,-0.04123320625842464,1.2681,1.6416104701493415,0.0,0.05194664001464844,0.0,0
kdl_only_1773468608,kdl_only,34,0.7205814928383324,-0.4861437932878846,1.3022162087333076,-0.6354268419446407,-0.27911675449141515,1.4866,1.384057867748168,0.0,0.05102896690368652,0.0,0
kdl_only_1773468608,kdl_only,35,0.7205813242382016,-0.48614361912346393,1.3022159867244294,0.15524301229535165,0.22294804952197445,1.1893,0.9138754956506465,0.9301957479860288,0.10208535194396973,2.7081878185272217,1
kdl_only_1773468608,kdl_only,36,0.15505831907303136,0.22286789797403195,1.1888256217335296,1.0345705385752644,-0.3970511255359496,1.276,1.0795557939214901,0.0,20.076477766036987,0.0,0
kdl_only_1773468608,kdl_only,37,0.15507456519660756,0.22286995822474434,1.188851919490145,-0.3084461401438592,-0.692317334334872,1.4147,1.0504411360052073,3.48917737082464,3.529642343521118,13.77543306350708,1
kdl_only_1773468608,kdl_only,38,-0.30897908040118593,-0.6923226446723927,1.4147398863217047,-0.7709691150225211,-0.36013975813889587,1.3093,0.578703578546636,0.0,20.029508590698242,0.0,0
kdl_only_1773468608,kdl_only,39,-0.3089758394687754,-0.6923277660379348,1.4147381725893586,-0.5858183635151959,-0.07049190737862832,1.4309,0.6808691672415496,0.0,0.21502399444580078,0.0,0
kdl_only_1773468608,kdl_only,40,-0.30897583946859275,-0.6923277660380173,1.4147381725892265,0.4591726549584514,0.303465351461658,1.2887,1.2639389476157021,0.0,0.06374764442443848,0.0,0
kdl_only_1773468608,kdl_only,41,-0.3089790804144845,-0.6923226446667695,1.414739886339742,-0.1440538309504401,0.12578821123557826,1.3523,0.8369016966538956,0.0,0.22157740592956543,0.0,0
kdl_only_1773468608,kdl_only,42,-0.3089790804145982,-0.6923226446667159,1.4147398863398943,-0.6940456757521627,0.40470562893961304,1.0229,1.2269008975721747,0.0,0.2701280117034912,0.0,0
kdl_only_1773468608,kdl_only,43,-0.3089758394680473,-0.6923277660382616,1.4147381725888248,-0.7921836694384579,0.06888690394064434,1.1139,0.9504952324038198,0.0,20.206695795059204,0.0,0
kdl_only_1773468608,kdl_only,44,-0.3089853881954017,-0.6923216356884785,1.4147417215077764,0.14196844154917487,-0.43179480487803323,1.1447,0.5866482059022412,0.0,0.05265069007873535,0.0,0
kdl_only_1773468608,kdl_only,45,-0.3089758394484925,-0.6923277660470284,1.4147381725744945,0.4964385969190874,-0.21162563418306157,1.0399,1.0100844566207596,0.0,0.1515026092529297,0.0,0
kdl_only_1773468608,kdl_only,46,-0.30897583944830925,-0.692327766047111,1.4147381725743617,-0.19700649221838762,-0.5870873818154306,1.1164,0.3355865587405671,0.0,0.10135531425476074,0.0,0
kdl_only_1773468608,kdl_only,47,-0.3089790804270157,-0.6923226446608703,1.4147398863567622,-0.36175969386856155,0.16381807925096203,1.0505,0.9318977557161136,0.0,0.05124783515930176,0.0,0
kdl_only_1773468608,kdl_only,48,-0.3089758394481277,-0.6923277660471916,1.4147381725742263,0.1767674463016049,-0.41069495230277936,1.139,0.6255358672715058,0.0,0.10125446319580078,0.0,0
kdl_only_1773468608,kdl_only,49,-0.3089790804271269,-0.6923226446608186,1.414739886356916,0.911628589297721,0.12688140229347022,1.3178,1.4732195001099802,0.0,0.05104422569274902,0.0,0
kdl_only_1773468608,kdl_only,50,-0.30897583944794627,-0.6923277660472738,1.4147381725740935,0.5658441555208145,0.48962949717484106,1.1824,1.4887289955246132,0.0,0.7044119834899902,0.0,0
kdl_only_1773468608,kdl_only,51,-0.3089790804276933,-0.6923226446605513,1.4147398863576823,0.3995067226777984,-0.6273916880968029,1.1851,0.7475979131382633,0.80346601595885,0.10302996635437012,2.5090880393981934,1
kdl_only_1773468608,kdl_only,52,0.3999642578184256,-0.6271270196308811,1.1845644004717804,0.3289423962453073,-0.7303632510787509,1.1048,0.1485401760046482,0.0,0.1016836166381836,0.0,0
kdl_only_1773468608,kdl_only,53,0.39996425781859324,-0.6271270196330351,1.184564400472651,-0.8629679408167945,-0.5220497373523568,1.1335,1.2683243065545733,0.0,0.10311174392700195,0.0,0
kdl_only_1773468608,kdl_only,54,0.3999642578186053,-0.6271270196331482,1.1845644004726215,0.41918721633415434,-0.4348539688011908,1.4683,0.3432846321195866,0.0,0.051961421966552734,0.0,0
kdl_only_1773468608,kdl_only,55,0.3999642578186047,-0.6271270196331465,1.1845644004726217,-0.2280577982483314,0.2826791906321652,1.324,1.1142716587795949,2.140086009870029,0.10107803344726562,4.711950063705444,1
kdl_only_1773468608,kdl_only,56,-0.22866259317511878,0.28263619089736836,1.3236113643887628,0.43038875253928044,0.037856020982938055,1.3046,0.7032975471642284,0.0,0.0527651309967041,0.0,0
kdl_only_1773468608,kdl_only,57,-0.22866259317284582,0.282636190890135,1.3236113643364478,-0.34736890725482017,-0.4077582299971391,1.0856,0.7398547526024958,0.0,0.1531519889831543,0.0,0
kdl_only_1773468608,kdl_only,58,-0.228662593172761,0.2826361908898769,1.3236113643345162,0.8950362723610386,0.12418447212023931,1.3646,1.1355554393497125,0.0,20.056190252304077,0.0,0
kdl_only_1773468608,kdl_only,59,-0.22866259317276139,0.2826361908898764,1.323611364334516,0.27042349932944365,-0.06628068869288095,1.0817,0.655248826615565,0.0,0.15137958526611328,0.0,0
kdl_only_1773468608,kdl_only,60,-0.22866259317276177,0.2826361908898762,1.3236113643345147,-0.31650917764222386,-0.7095898621231824,1.1897,1.0050680654456963,0.0,20.055064916610718,0.0,0
kdl_only_1773468608,kdl_only,61,-0.22866259317276183,0.2826361908898761,1.3236113643345147,0.9909889141874761,0.5676978648015553,1.4948,1.2641659330643424,0.0,0.15637922286987305,0.0,0
kdl_only_1773468608,kdl_only,62,-0.22866259317276216,0.28263619088987546,1.3236113643345142,-0.8423649860397847,0.5325097049955348,1.32,0.662631452630025,0.0,20.03635883331299,0.0,0
kdl_only_1773468608,kdl_only,63,-0.2286625931727626,0.2826361908898753,1.323611364334512,1.036894794590899,0.4290349918121529,1.2785,1.2747953348780285,0.0,20.024238109588623,0.0,0
kdl_only_1773468608,kdl_only,64,-0.22866259317276189,0.28263619088987535,1.3236113643345129,0.8139528829464104,-0.30754916491527445,1.3423,1.1982132741515998,1.3868289902129685,0.251690149307251,4.109034299850464,1
kdl_only_1773468608,kdl_only,65,0.8141290657390599,-0.30783099744960546,1.3418398757803778,0.9824587623866678,0.21334494063141296,1.4214,0.5534338791345782,0.0,0.10105514526367188,0.0,0
kdl_only_1773468608,kdl_only,66,0.8141290657406715,-0.3078309974735758,1.3418398757770733,0.3459443233177544,0.6173339900432578,1.388,1.0379103835268786,2.078349686564053,0.3515152931213379,9.319072961807251,1
kdl_only_1773468608,kdl_only,67,0.3457559988968654,0.6173776682662613,1.3878909810904578,0.8659534285612076,0.2748160807942769,1.1145,0.6802179324174843,4.849572477064333,1.6057102680206299,12.72502875328064,1
kdl_only_1773468608,kdl_only,68,0.8653278463853318,0.274883336378779,1.1144483892192825,-0.16048853828244525,-0.33960480598058607,1.0161,1.1998197105461967,0.0,0.10138416290283203,0.0,0
kdl_only_1773468608,kdl_only,69,0.8653278452182027,0.27488333657442243,1.1144483893701196,0.8455373354257656,0.5117925192125917,1.1577,0.24163676648682583,0.0,20.067789316177368,0.0,0
kdl_only_1773468608,kdl_only,70,0.8653278452149973,0.274883336586233,1.1144483893788206,0.7092210447121483,0.15005044088864938,1.1339,0.2008256710862385,0.0,0.22015833854675293,0.0,0
kdl_only_1773468608,kdl_only,71,0.865327845214997,0.2748833365862329,1.1144483893788204,0.8909905874824164,-0.27859465448598975,1.1055,0.5541448696997043,0.0,0.20722389221191406,0.0,0
kdl_only_1773468608,kdl_only,72,0.865327845214997,0.274883336586233,1.1144483893788206,0.2731512394544169,-0.6936153158032764,1.4715,1.1900204303866364,0.0,20.102534294128418,0.0,0
kdl_only_1773468608,kdl_only,73,0.8653278452149987,0.2748833365862321,1.1144483893788188,-0.3050752382817403,0.06880490002182083,1.4382,1.2317170150871977,0.0,10.146647453308105,0.0,0
kdl_only_1773468608,kdl_only,74,0.8653278452149998,0.2748833365862316,1.1144483893788175,0.7573943112274426,-0.24809805870092472,1.1573,0.5357195610656507,0.0,3.220165967941284,0.0,0
kdl_only_1773468608,kdl_only,75,0.8653278452150005,0.2748833365862313,1.1144483893788175,0.6531272222414466,-0.44646190821933746,1.3277,0.7815652986324936,0.0,20.067607879638672,0.0,0
kdl_only_1773468608,kdl_only,76,0.8653278452150021,0.2748833365862295,1.1144483893788149,-0.7705668286438195,-0.012918736225364547,1.1978,1.6631082069629313,0.0,7.99639368057251,0.0,0
kdl_only_1773468608,kdl_only,77,0.8653278452150025,0.2748833365862294,1.1144483893788144,0.5661130234383152,0.5978207571815227,1.4573,0.558001177505153,0.0,20.045194625854492,0.0,0
kdl_only_1773468608,kdl_only,78,0.8653278452150055,0.27488333658622865,1.1144483893788122,0.7030590380315707,-0.37087648676591,1.2294,0.6756854209060051,0.0,0.10363149642944336,0.0,0
kdl_only_1773468608,kdl_only,79,0.8653278452150052,0.27488333658622854,1.1144483893788122,-0.8227548265505632,0.579678921767469,1.1324,1.7154724468160512,0.0,20.046777963638306,0.0,0
kdl_only_1773468608,kdl_only,80,0.8653278452150076,0.27488333658622777,1.1144483893788113,-0.06245526417091707,-0.5048936042226579,1.1233,1.2119867682815963,0.0,2.123121738433838,0.0,0
kdl_only_1773468608,kdl_only,81,0.865327845215007,0.27488333658622754,1.1144483893788109,0.2155672494475307,0.23885479778988572,1.2807,0.6716595011269064,0.0,20.03876781463623,0.0,0
kdl_only_1773468608,kdl_only,82,0.8653278452150084,0.2748833365862264,1.1144483893788089,1.0195429862744507,0.27087036353998595,1.1314,0.15519591098771265,0.0,5.377626180648804,0.0,0
kdl_only_1773468608,kdl_only,83,0.8653278452150092,0.2748833365862263,1.1144483893788077,-0.04135267626812045,-0.4026176204254096,1.2923,1.1457348341519318,0.0,20.04885172843933,0.0,0
kdl_only_1773468608,kdl_only,84,0.8653278452150115,0.2748833365862252,1.114448389378806,-0.8444721055358239,-0.583516191943497,1.4489,1.9421955365036547,3.5367383059263946,1.8553447723388672,17.0558979511261,1
kdl_only_1773468608,kdl_only,85,-0.8437556430982938,-0.5839535896506935,1.4494870452907649,0.8225228775098163,0.22382589878815262,1.1997,1.8685249204058176,0.0,20.041465759277344,0.0,0
kdl_only_1773468608,kdl_only,86,-0.8437556430982307,-0.5839535896505806,1.4494870452898976,0.10138266448156175,-0.09244978694750272,1.1097,1.1181760347428393,0.0,0.2062065601348877,0.0,0
kdl_only_1773468608,kdl_only,87,-0.8437556430982307,-0.5839535896505813,1.4494870452898994,-0.08316361642440584,0.10317803472374554,1.4988,1.0261977722434101,0.0,0.05463671684265137,0.0,0
kdl_only_1773468608,kdl_only,88,-0.843755643098231,-0.5839535896505804,1.4494870452898985,-0.130517797810334,0.11693152419136088,1.2548,1.0187498281520662,0.0,0.05393409729003906,0.0,0
kdl_only_1773468608,kdl_only,89,-0.8437556430982309,-0.5839535896505805,1.4494870452898976,0.43253077786874905,-0.5191280971901155,1.0455,1.3402667292667927,0.0,1.6135380268096924,0.0,0
kdl_only_1773468608,kdl_only,90,-0.8437556430982299,-0.5839535896505806,1.4494870452898976,-0.8204545825065056,0.061855648669738694,1.0236,0.7739459199907507,0.0,0.15639758110046387,0.0,0
kdl_only_1773468608,kdl_only,91,-0.8437556430982313,-0.583953589650581,1.4494870452898982,-0.10364720625867363,0.14087801213979334,1.0548,1.1085662871270998,0.0,1.0090363025665283,0.0,0
kdl_only_1773468608,kdl_only,92,-0.8437556430982311,-0.5839535896505805,1.449487045289898,0.9929832509950729,-0.21249497566173614,1.3137,1.8788372437894048,0.0,0.10342192649841309,0.0,0
kdl_only_1773468608,kdl_only,93,-0.8437556430982309,-0.5839535896505804,1.4494870452898985,-0.4849419708476145,-0.6476975725975227,1.396,0.3683360025435425,0.0,20.050925254821777,0.0,0
kdl_only_1773468608,kdl_only,94,-0.8437556430982316,-0.5839535896505803,1.449487045289899,-0.6858140517817499,0.1954513066740744,1.2111,0.8302083606206797,0.0,20.04796576499939,0.0,0
kdl_only_1773468608,kdl_only,95,-0.8437556430982315,-0.5839535896505805,1.4494870452899,0.801542866341459,-0.7110243602989752,1.0318,1.702238712319941,4.4686301608342545,0.8038980960845947,12.026227951049805,1
kdl_only_1773468608,kdl_only,96,0.8004464130040586,-0.7112148739666235,1.032444887162717,-0.6387973116538773,0.2143168652103431,1.1908,1.7184608930531116,0.0,0.2012920379638672,0.0,0
kdl_only_1773468608,kdl_only,97,0.8004293832253591,-0.7112229832674213,1.032446180932367,0.5839108088193017,0.360982798348782,1.4981,1.1888393543310705,3.921122637570018,0.752373456954956,14.142377138137817,1
kdl_only_1773468608,kdl_only,98,0.5830998139085839,0.3613710945930878,1.498623762364356,0.6147184377521813,0.36559093175322077,1.2646,0.23618777646311312,5.229860767009815,1.6222686767578125,10.125323057174683,1
kdl_only_1773468608,kdl_only,99,0.6143169601555051,0.3651707214823603,1.2652122621194613,-0.1356601539587038,0.3237914080595038,1.4855,0.7827544996580659,5.651605448741257,0.6523113250732422,16.241258144378662,1
kdl_only_1773468608,kdl_only,100,-0.13617874782437267,0.3233013382131474,1.48511878440284,0.8283740741528494,-0.1535622063867247,1.4304,1.0773834655864647,3.5490627499821574,0.7561156749725342,13.729681253433228,1
kdl_only_1773468608,kdl_only,101,0.8292097299489759,-0.15334607342627846,1.4307379458546463,-0.6686084919671815,0.4971076937777247,1.0057,1.6873668198083949,0.0,0.10195088386535645,0.0,0
kdl_only_1773468608,kdl_only,102,0.8292097299489836,-0.15334607342567635,1.4307379458546534,-0.23866169075732746,0.4874489159537795,1.3604,1.2473632254488602,1.2554234459884626,0.3019580841064453,2.8647425174713135,1
kdl_only_1773468608,kdl_only,103,-0.23857832638407972,0.4878966584698584,1.3596855623737163,0.9214670772629805,-0.6175721060958524,1.3409,1.6025353117191543,1.639834195085021,1.4233734607696533,3.6406795978546143,1
kdl_only_1773468608,kdl_only,104,0.9217419672070541,-0.6172752746681329,1.3414872959171058,1.0111033652302361,0.0449036582813952,1.2685,0.6721558926797595,0.698845562971406,0.5084736347198486,3.114461660385132,1
kdl_only_1773468608,kdl_only,105,1.0102412765150728,0.04521053682510723,1.268866149526691,-0.2918562504944361,-0.2914149146617354,1.1334,1.3517121520873396,0.0,0.15377306938171387,0.0,0
kdl_only_1773468608,kdl_only,106,1.0102413486293904,0.04521031477088233,1.2688657001239276,0.6959096646646317,0.34193532819971717,1.3205,0.4353346322797617,0.43620017640590814,0.5596213340759277,1.5078177452087402,1
kdl_only_1773468608,kdl_only,107,0.6964120265222957,0.34191612733732657,1.3194442098775663,-0.758918537647011,0.0120526843128127,1.0558,1.515356463493427,2.327247549837706,0.9063458442687988,6.515234708786011,1
kdl_only_1773468608,kdl_only,108,-0.7588258282010882,0.01237624240652295,1.0562908964421243,-0.17748644512178002,-0.5821499194284695,1.2174,0.846978735668435,0.0,0.3017234802246094,0.0,0
kdl_only_1773468608,kdl_only,109,-0.7588249222823504,0.01237696594811638,1.056290252413787,0.3523082014928294,-0.6040574430072863,1.2269,1.282074836063019,0.0,20.056002140045166,0.0,0
kdl_only_1773468608,kdl_only,110,-0.7588262598916414,0.012388550018621727,1.0562844792787767,-0.7287837213861684,0.38623572146494956,1.4769,0.5635438563145364,0.5782920825029103,0.5018942356109619,2.818357467651367,1
kdl_only_1773468608,kdl_only,111,-0.7289314023840147,0.3861765210467997,1.4769192536598974,-0.7048516506831496,0.6126427808606151,1.4379,0.23106125471876338,3.4392698068262,2.1014485359191895,7.668715715408325,1
kdl_only_1773468608,kdl_only,112,-0.7042503802615688,0.6125599255899544,1.4373524605552945,0.7379687423043702,0.558519545325422,1.1317,1.475242280724596,1.5088392996309252,0.25368213653564453,3.8179678916931152,1
kdl_only_1773468608,kdl_only,113,0.7378437487885552,0.5592960867917187,1.1321774940301235,-0.12725350147772496,-0.6282700152560291,1.2503,1.4739943777259683,0.0,0.20437383651733398,0.0,0
kdl_only_1773468608,kdl_only,114,0.7378495815304931,0.5592964164686376,1.1321783131813103,-0.032191977672493044,0.5023309251201674,1.0893,0.7733353863917085,0.0,0.1582486629486084,0.0,0
kdl_only_1773468608,kdl_only,115,0.7378475189724149,0.5592882189799988,1.1321513644033923,-0.8504970760709754,-0.09906027790007044,1.4563,1.7496667208091203,0.0,0.05405020713806152,0.0,0
kdl_only_1773468608,kdl_only,116,0.7378437487862166,0.5592960867967833,1.1321774940270468,-0.6400629788877781,0.14901495510747143,1.4353,1.4692994285770484,0.0,0.15353989601135254,0.0,0
kdl_only_1773468608,kdl_only,117,0.7378437487862456,0.5592960867967702,1.1321774940270528,1.0340259910765421,-0.22792782373443055,1.1492,0.8412699754952289,0.0,0.3552131652832031,0.0,0
kdl_only_1773468608,kdl_only,118,0.7378495815316813,0.5592964164674272,1.1321783131816403,-0.4298330480544449,0.5804677691914001,1.3195,1.1828019123952282,0.0,20.078437328338623,0.0,0
kdl_only_1773468608,kdl_only,119,0.7378475189389004,0.559288219011802,1.1321513643948224,-0.7874570545139581,0.48143063822114984,1.3045,1.5369840262272558,1.7917304730275938,0.15636396408081055,3.573876142501831,1
kdl_only_1773468608,kdl_only,120,-0.7870714318599885,0.4803752751945737,1.3037195580127834,-0.7267352086944394,0.017995786767414867,1.0764,0.5187575855822941,0.0,0.6146707534790039,0.0,0
kdl_only_1773468608,kdl_only,121,-0.7870713681756102,0.48037777738122256,1.3037291914809557,0.37446810078409043,0.21295869866486405,1.3813,1.1944472076852068,0.0,0.3133513927459717,0.0,0
kdl_only_1773468608,kdl_only,122,-0.7870721237087127,0.48038261629674583,1.3037268840713279,0.2851109662315847,0.49519110641461894,1.2697,1.0728251015767196,4.111669068061405,0.627497673034668,5.945934295654297,1
kdl_only_1773468608,kdl_only,123,0.28616677392725504,0.4942720797518732,1.2702857810903079,1.0107155614397394,0.48022243906611906,1.3893,0.7343927574478755,0.7340899013719137,0.20432209968566895,3.010730028152466,1
kdl_only_1773468608,kdl_only,124,1.0102469387906388,0.48054919311788413,1.389604521993764,-0.32323049533139503,-0.48452152653955194,1.2652,1.6507574159595046,0.0,0.10270404815673828,0.0,0
kdl_only_1773468608,kdl_only,125,1.0102498627384062,0.4805493035884427,1.3896058800486046,0.2838064136884284,-0.6361926088101109,1.0003,1.3879451184451153,0.0,0.10287237167358398,0.0,0
kdl_only_1773468608,kdl_only,126,1.0102741992200153,0.48054989239648727,1.3896153932482522,0.5107565171871349,-0.0064035926431784684,1.1621,0.7337607685211064,0.0,0.15299534797668457,0.0,0
kdl_only_1773468608,kdl_only,127,1.0102636153196674,0.48055142802526857,1.38961148966316,0.48413718400178873,-0.5195643253401193,1.0097,1.1922136057934354,0.0,0.15371346473693848,0.0,0
kdl_only_1773468608,kdl_only,128,1.0102845222010006,0.48055036946355084,1.3896235484847144,1.0095034281445934,0.25413860452560666,1.4645,0.23847301818394623,0.47739462850034214,0.15401887893676758,3.2080867290496826,1
kdl_only_1773468608,kdl_only,129,1.0081443599803837,0.2546358455567216,1.4629853437630105,0.9756678540076542,0.4469717841735611,1.4394,0.1964792741340337,0.1955918528167417,0.10142350196838379,3.408560037612915,1
kdl_only_1773468608,kdl_only,130,0.9765625683349733,0.44574288791058436,1.4390465024795485,-0.12684960684770574,0.37070027649423853,1.4158,1.106205325311304,0.0,0.10156846046447754,0.0,0
kdl_only_1773468608,kdl_only,131,0.9765617893004312,0.4457381989946546,1.4390181272871518,0.3045670778279319,-0.21965596298897638,1.1538,0.9877629590048901,0.0,0.05105948448181152,0.0,0
kdl_only_1773468608,kdl_only,132,0.9765625601206395,0.4457429148749582,1.4390464810127561,0.7885674927374753,-0.09901559844171082,1.029,0.707277950866795,0.0,0.10213422775268555,0.0,0
kdl_only_1773468608,kdl_only,133,0.9765624113347691,0.4457458020367758,1.4390410192653413,-0.7612637656378625,0.4451285449744432,1.439,1.7378262870782493,0.0,0.051667213439941406,0.0,0
kdl_only_1773468608,kdl_only,134,0.9765620317107025,0.44573695830432825,1.439037603741201,1.1023342110804804,0.020163163498010173,1.4735,0.44510600162789554,0.4479722888208861,0.10105180740356445,1.5037198066711426,1
kdl_only_1773468608,kdl_only,135,1.101934936663969,0.020994525587356816,1.473278147759925,0.8110011283226295,-0.4031437082048464,1.0428,0.6707064617991845,0.0,0.05161261558532715,0.0,0
kdl_only_1773468608,kdl_only,136,1.101929547009935,0.020996569522758163,1.4732897962683058,1.0179291360267877,0.08988394773550923,1.243,0.2546270413519782,0.25536518205497516,0.10179758071899414,2.80686616897583,1
kdl_only_1773468608,kdl_only,137,1.017826861639315,0.08884853410595209,1.2427341902373865,0.3521301725875494,-0.2508844254228771,1.0346,0.7758159619075085,0.0,0.05183887481689453,0.0,0
kdl_only_1773468608,kdl_only,138,1.0178268616399817,0.08884853410585614,1.2427341902389917,0.15824986319131829,0.3181654702447686,1.3803,0.9002128778668708,0.8997107824331063,0.051290273666381836,2.8072354793548584,1
kdl_only_1773468608,kdl_only,139,0.15897021126848432,0.3187952718905628,1.3802815278969107,0.22087935445103035,0.027728772889620834,1.3829,0.29758915512232126,0.0,0.051453590393066406,0.0,0
kdl_only_1773468608,kdl_only,140,0.1589702112684147,0.31879527189033585,1.3802815278939962,-0.6073818172108301,-0.7034526027454723,1.0642,1.3161282920093629,0.0,0.10113334655761719,0.0,0
kdl_only_1773468608,kdl_only,141,0.15897021126841515,0.31879527189034984,1.3802815278938678,0.5224861003726611,-0.4503872420867566,1.2376,0.8626375599529159,0.8787717296942116,0.050911903381347656,2.808497190475464,1
kdl_only_1773468608,kdl_only,142,0.522065396008486,-0.45115519467357185,1.238933117384875,-0.17813545844532475,0.06754690173826594,1.2749,0.8721391620864942,0.0,0.055506229400634766,0.0,0
kdl_only_1773468608,kdl_only,143,0.5220583624320321,-0.45116647766004814,1.238960104564414,0.9190425324866094,-0.2644969883099853,1.1325,0.4514152006656408,1.588967330560723,0.15200018882751465,6.416260004043579,1
kdl_only_1773468608,kdl_only,144,0.9197103990317215,-0.2643217429941069,1.1316341161214343,-0.08705220543924252,0.11174712611309823,1.4362,1.1170313843824904,0.0,0.05114555358886719,0.0,0
kdl_only_1773468608,kdl_only,145,0.9197103990321079,-0.26432174299273303,1.1316341161215484,-0.5815003607986469,0.5301313969718934,1.2116,1.7003482230460172,0.0,20.034106492996216,0.0,0
kdl_only_1773468608,kdl_only,146,0.9197103990321587,-0.2643217429926561,1.131634116121605,0.03700706886423388,0.6035647584422456,1.1059,1.2381657373692014,0.0,0.2597949504852295,0.0,0
kdl_only_1773468608,kdl_only,147,0.9197103990321585,-0.26432174299265593,1.131634116121604,0.38240049325575054,-0.4130399197987627,1.2696,0.5743288396662072,0.8969456917665625,0.30550312995910645,5.122933626174927,1
kdl_only_1773468608,kdl_only,148,0.38385428037070424,-0.4121821705967311,1.2699712529688114,-0.619213147185695,-0.5342856991141075,1.365,1.014930538836685,1.5210435851479085,0.1031656265258789,3.212303400039673,1
kdl_only_1773468608,kdl_only,149,-0.6183242829546912,-0.5349955391673881,1.3646654567678898,-0.512513672720895,-0.2680531527130119,1.1006,0.39010855973951675,0.0,0.10608410835266113,0.0,0
kdl_only_1773468608,kdl_only,150,-0.6183242829548965,-0.5349955391675459,1.3646654567687135,0.4500994377486758,-0.5062324969689606,1.1559,1.0890085286619349,0.0,0.1523575782775879,0.0,0
kdl_only_1773468608,kdl_only,151,-0.6183242829546876,-0.5349955391681698,1.3646654567685403,-0.5381707049909699,-0.3602168741700888,1.4976,0.23376007054895842,0.0,0.052498817443847656,0.0,0
kdl_only_1773468608,kdl_only,152,-0.6183242829546838,-0.5349955391681683,1.3646654567685272,-0.6338997034786091,-0.10988997272303469,1.3249,0.42724539541011397,0.4318340302863177,0.1055593490600586,2.4077305793762207,1
kdl_only_1773468608,kdl_only,153,-0.6342367998016236,-0.10952187769061009,1.3249658625464318,0.12477303083432634,0.20560249453674795,1.2191,0.8286174472133687,0.0,20.063286781311035,0.0,0
kdl_only_1773468608,kdl_only,154,-0.6342371045560389,-0.10952056272548832,1.3249652154453488,0.37149857197097913,-0.63066309010225,1.2588,1.1346680662708486,3.578349082837426,0.25719332695007324,5.21518611907959,1
kdl_only_1773468608,kdl_only,155,0.37080906558345483,-0.6297962253795991,1.2579961400347037,-0.75194348356766,-0.362570111445742,1.0605,1.1708918856675559,0.0,0.10158133506774902,0.0,0
kdl_only_1773468608,kdl_only,156,0.37080906558348975,-0.6297962253791023,1.2579961400348345,-0.5072793396356601,-0.45535402973536,1.1123,0.9070262908110048,0.0,0.10149383544921875,0.0,0
kdl_only_1773468608,kdl_only,157,0.3708090655834906,-0.6297962253791002,1.2579961400348392,0.3523809571730465,-0.23611265923113267,1.169,0.40403794175258945,0.41534877584396773,0.15113592147827148,2.5065414905548096,1
kdl_only_1773468608,kdl_only,158,0.35180785851630747,-0.2352905477868415,1.1685621251057405,-0.800293891870835,-0.39615163847131546,1.2942,1.1700425673236259,0.0,0.0513310432434082,0.0,0
kdl_only_1773468608,kdl_only,159,0.35180785851638396,-0.2352905477872175,1.1685621251059253,0.14114469027325027,-0.011876071245456199,1.1151,0.311690868655958,0.0,0.10122823715209961,0.0,0
kdl_only_1773468608,kdl_only,160,0.35180785851638874,-0.23529054778727246,1.1685621251059253,0.18264742211385587,-0.4098455280058814,1.1101,0.2500050288192523,0.0,0.10296273231506348,0.0,0
kdl_only_1773468608,kdl_only,161,0.3518078585163892,-0.23529054778727246,1.1685621251059253,-0.8332188860045463,-0.300463226488713,1.0355,1.1942534875045216,0.0,0.10106873512268066,0.0,0
kdl_only_1773468608,kdl_only,162,0.35180785851638935,-0.2352905477872723,1.1685621251059253,-0.6356314547342441,0.48058448373661566,1.3156,1.2284679868704662,0.0,0.5529305934906006,0.0,0
kdl_only_1773468608,kdl_only,163,0.3518078585163886,-0.23529054778727249,1.1685621251059253,0.6911373949197446,-0.058140418671475236,1.1145,0.38658688013489134,0.832301767831182,0.30157923698425293,4.912464141845703,1
kdl_only_1773468608,kdl_only,164,0.6905483885368418,-0.058935865220109296,1.114753796620874,0.2901190959173825,0.28123383752926945,1.4527,0.6247132793807787,0.0,0.05106401443481445,0.0,0
kdl_only_1773468608,kdl_only,165,0.6905483885367868,-0.05893586522089106,1.1147537966208183,-0.3105561547069281,-0.24412492474827535,1.4298,1.0657201342451408,0.0,0.05126786231994629,0.0,0
kdl_only_1773468608,kdl_only,166,0.6905483885367498,-0.05893586522116323,1.1147537966208025,-0.16721628927046872,0.6124719518415541,1.0354,1.0921747682238316,0.0,0.10301852226257324,0.0,0
kdl_only_1773468608,kdl_only,167,0.6905483885367344,-0.05893586522129866,1.1147537966207912,-0.6712671392663598,-0.5329715427607278,1.119,1.4419671929655762,0.0,0.3517780303955078,0.0,0
kdl_only_1773468608,kdl_only,168,0.6905483885367325,-0.05893586522130365,1.1147537966207905,-0.503224158330312,-0.35127923821465407,1.3345,1.2485375185736856,0.0,0.051256656646728516,0.0,0
kdl_only_1773468608,kdl_only,169,0.6905483885367337,-0.05893586522130452,1.1147537966207903,-0.7139767160986251,-0.022321350730470035,1.1071,1.4050231218115514,4.079409759857787,0.7028164863586426,16.841285228729248,1
kdl_only_1773468608,kdl_only,170,-0.7152902344979446,-0.022614730471753205,1.1071851866710518,-0.6509388959029203,-0.1963464069111509,1.0662,0.18974608218320607,0.0,0.10166501998901367,0.0,0
kdl_only_1773468608,kdl_only,171,-0.7152902344978286,-0.022614730471795588,1.1071851866707443,0.7464368446214729,-0.3886415156402526,1.4678,1.5494078562095568,0.0,0.10137557983398438,0.0,0
kdl_only_1773468608,kdl_only,172,-0.7152902344978294,-0.022614730471795588,1.107185186670744,0.9690232104508749,0.02199221500113957,1.2855,1.6943133515002604,0.0,0.052514076232910156,0.0,0
kdl_only_1773468608,kdl_only,173,-0.7152902344978289,-0.022614730471795158,1.107185186670744,0.6521349935864189,-0.4860018894819629,1.2363,1.449568918181478,0.0,0.30284547805786133,0.0,0
kdl_only_1773468608,kdl_only,174,-0.7152902344978288,-0.022614730471794936,1.1071851866707438,0.1330837705525898,-0.4099290276616797,1.3923,0.9752134504982787,0.0,0.1024312973022461,0.0,0
kdl_only_1773468608,kdl_only,175,-0.7152902344978286,-0.022614730471794783,1.107185186670744,-0.30093424347781306,0.05562131623466937,1.4037,0.5154927747525844,0.0,0.051987409591674805,0.0,0
kdl_only_1773468608,kdl_only,176,-0.7152902344978285,-0.022614730471795158,1.107185186670744,0.1825922553172432,-0.6717944604059854,1.0952,1.108048253449945,0.0,20.086755752563477,0.0,0
kdl_only_1773468608,kdl_only,177,-0.7152902344978294,-0.022614730471796102,1.1071851866707447,-0.7473908085229743,0.6172053593037848,1.0485,0.6433071935457868,0.0,20.093288898468018,0.0,0
kdl_only_1773468608,kdl_only,178,-0.7152902344978299,-0.02261473047179624,1.107185186670745,-0.36830222225822007,0.19338474033567887,1.2155,0.42283395182229194,0.0,20.080379486083984,0.0,0
kdl_only_1773468608,kdl_only,179,-0.7152902344978305,-0.02261473047179667,1.107185186670745,0.06166400570641384,-0.17713058396165293,1.2118,0.7990477454564077,0.0,0.05188584327697754,0.0,0
kdl_only_1773468608,kdl_only,180,-0.715290234497831,-0.02261473047179749,1.1071851866707454,0.7732876662352792,0.5829469752557884,1.2335,1.611993975814147,0.0,20.04919958114624,0.0,0
kdl_only_1773468608,kdl_only,181,-0.7152902344978311,-0.022614730471797656,1.1071851866707458,0.986790785419297,-0.49398576708838293,1.3645,1.784791686915253,0.0,0.20894193649291992,0.0,0
kdl_only_1773468608,kdl_only,182,-0.7152902344978309,-0.022614730471796962,1.1071851866707454,0.2656057103225853,0.413672739265866,1.3367,1.097807205456765,0.0,20.067715644836426,0.0,0
kdl_only_1773468608,kdl_only,183,-0.715290234497832,-0.02261473047179728,1.107185186670746,-0.47337465166537035,-0.518136734502522,1.4921,0.672476482277328,0.0,0.25255727767944336,0.0,0
kdl_only_1773468608,kdl_only,184,-0.7152902344978317,-0.022614730471797337,1.1071851866707458,0.44542089141986874,-0.02430810636723002,1.0492,1.162159828605472,0.0,0.10123348236083984,0.0,0
kdl_only_1773468608,kdl_only,185,-0.7152902344978318,-0.02261473047179738,1.1071851866707458,-0.09517379708833662,0.379007629833947,1.2013,0.7447835352174496,2.340590684602584,0.6091291904449463,7.823455810546875,1
kdl_only_1773468608,kdl_only,186,-0.09569566583688549,0.37861099988678093,1.2012527102932338,0.04403133519715996,-0.32890680089846874,1.1697,0.7218730129134993,0.0,2.04140305519104,0.0,0
kdl_only_1773468608,kdl_only,187,-0.09569422339727945,0.37861053689097257,1.2012521917944645,-0.4127544382190081,0.4930154636792571,1.4308,0.4078086111746524,0.0,0.054688453674316406,0.0,0
kdl_only_1773468608,kdl_only,188,-0.09569422339728018,0.3786105368909726,1.2012521917944645,0.9236277239317321,0.1147030063858252,1.1243,1.0557395781090653,0.0,0.15614533424377441,0.0,0
kdl_only_1773468608,kdl_only,189,-0.0956942233972804,0.3786105368909726,1.2012521917944645,0.37111736118755023,-0.2828396854611636,1.0951,0.8165156091435484,0.0,0.36544060707092285,0.0,0
kdl_only_1773468608,kdl_only,190,-0.09569422339728018,0.3786105368909726,1.2012521917944645,0.3559842022503137,-0.010024459624534132,1.2243,0.5963067685136368,0.0,20.047077178955078,0.0,0
kdl_only_1773468608,kdl_only,191,-0.09569422339728112,0.3786105368909721,1.201252191794464,-0.5723803883696872,-0.3146938788489167,1.2109,0.8414236703134155,0.0,1.0540900230407715,0.0,0
kdl_only_1773468608,kdl_only,192,-0.09569422339727993,0.37861053689097346,1.2012521917944643,-0.8065387143536853,0.04002842701318898,1.1393,0.789794789499463,0.8437860470174127,0.30196619033813477,4.610126256942749,1
kdl_only_1773468608,kdl_only,193,-0.8070262993826991,0.03969672001864499,1.139383541901374,-0.19499397404507146,0.3854075366193458,1.1249,0.7030713398787608,0.0,0.10161304473876953,0.0,0
kdl_only_1773468608,kdl_only,194,-0.8070262993826969,0.03969672001864746,1.1393835419013698,-0.6203174712580108,-0.19712726277005532,1.4616,0.4413266717446654,0.0,0.05136394500732422,0.0,0
kdl_only_1773468608,kdl_only,195,-0.8070262993826984,0.03969672001864874,1.1393835419013696,-0.41862373464890457,0.2493750289720732,1.2216,0.4489778296526906,2.572999357263553,0.15187406539916992,5.215160369873047,1
kdl_only_1773468608,kdl_only,196,-0.4195118006712938,0.25009761471000724,1.222278362071274,0.5024058169337922,0.002703385159597227,1.4307,0.9770238367728658,0.0,0.05148458480834961,0.0,0
kdl_only_1773468608,kdl_only,197,-0.4195118006718659,0.2500976147077629,1.2222783620741835,-0.5130733252995743,0.5052110712724055,1.2752,0.2768344891298269,0.27764018947936786,0.10169243812561035,2.306081533432007,1
kdl_only_1773468608,kdl_only,198,-0.5128277547879653,0.5052732302124348,1.275846459032571,0.04269550282267098,0.5585673086266344,1.0253,0.6117351360467306,0.0,0.10120153427124023,0.0,0
kdl_only_1773468608,kdl_only,199,-0.5128314394852066,0.5052691525208572,1.2758511047369914,0.1296713615490115,0.09713811948720619,1.4996,0.7933752942922712,0.0,0.05118417739868164,0.0,0
kdl_only_1773468608,kdl_only,200,-0.5128294617939414,0.5052636162219194,1.2758431719549956,0.9744584358825197,0.03349299425157315,1.418,1.5667805762419227,2.1042832071602646,0.10146832466125488,3.6113975048065186,1
kdl_only_1773468608,kdl_only,201,0.9737532524813398,0.0340300145493284,1.417000580284224,0.5287469732091561,-0.5334113550358048,1.4845,0.7242765136122329,0.7389306319604414,0.15335845947265625,2.3115365505218506,1
kdl_only_1773468608,kdl_only,202,0.5297551191911466,-0.5330723795478952,1.4844106874748084,-0.032373009478670944,0.26887437974836936,1.4632,0.9795695641713078,1.0081496603517297,0.15723156929016113,2.5488998889923096,1
kdl_only_1773468608,kdl_only,203,-0.032650880591489906,0.2689808954584588,1.4633969132210791,0.020563634122989782,-0.5874109250148023,1.4243,0.8589338178074144,0.918125735002454,0.20597195625305176,2.312162399291992,1
kdl_only_1773468608,kdl_only,204,0.020947109665033437,-0.5872477940980818,1.4243302030022345,-0.6259185658551252,0.5222367467162697,1.0832,1.328819387227824,0.0,0.15372776985168457,0.0,0
kdl_only_1773468608,kdl_only,205,0.02095578264787623,-0.5872324355071957,1.424307092008286,0.29890791364644986,-0.19477028488244097,1.2428,0.514031858204295,0.5221618700141244,0.15526700019836426,3.32595157623291,1
kdl_only_1773468608,kdl_only,206,0.298730883973801,-0.19420897589371122,1.2422406386528881,0.7182555351212587,-0.7366356003916756,1.1069,0.6989597015247899,0.7038398496584366,0.15288972854614258,2.708631753921509,1
kdl_only_1773468608,kdl_only,207,0.718868799695313,-0.7366530607595989,1.107422227831277,0.19211808502296313,0.5208816169511331,1.2005,1.3665735445722484,0.0,0.20429372787475586,0.0,0
kdl_only_1773468608,kdl_only,208,0.7188646635888367,-0.7366456600793809,1.1074186751433408,0.5887274737535213,-0.12165254921740487,1.0293,0.6334467159849158,0.0,0.05127072334289551,0.0,0
kdl_only_1773468608,kdl_only,209,0.7188680979397588,-0.7366427885321555,1.1074090765628242,-0.5938213856072367,-0.5006442805404492,1.1895,1.3362589179122277,4.687714346924224,0.15578222274780273,7.222349166870117,1
kdl_only_1773468608,kdl_only,210,-0.5929360882631147,-0.5003786985775885,1.1889277101405584,0.9402245759169743,-0.24507078261374604,1.4927,1.5836796892772795,0.0,0.05153942108154297,0.0,0
kdl_only_1773468608,kdl_only,211,-0.5929360882037711,-0.5003786985234684,1.188927709378288,-0.8470467870419227,0.16870034915096044,1.1326,0.7179218830379384,0.0,0.15166187286376953,0.0,0
kdl_only_1773468608,kdl_only,212,-0.5929360882012362,-0.5003786985212156,1.1889277093506765,-0.5783504735933301,-0.1733064539990693,1.392,0.3852627006599631,0.0,0.1022951602935791,0.0,0
kdl_only_1773468608,kdl_only,213,-0.5929360882012366,-0.5003786985212167,1.1889277093506756,0.12235051047652279,0.07505901379774027,1.2275,0.9188314865157858,0.9658600537658667,0.1018991470336914,2.6075873374938965,1
kdl_only_1773468608,kdl_only,214,0.12334548693703506,0.07447433565877493,1.227253435358397,-0.456967114484549,0.4909265936915409,1.2115,0.7144531960281703,0.0,20.05056095123291,0.0,0
kdl_only_1773468608,kdl_only,215,0.1233454869370334,0.07447433565876319,1.227253435358397,-0.8005585583250759,-0.09438001741886093,1.4787,0.9722838331860797,0.0,0.05175423622131348,0.0,0
kdl_only_1773468608,kdl_only,216,0.1233454869370349,0.07447433565876352,1.2272534353583975,0.664095736289511,-0.12018114105621003,1.4977,0.635171576124391,0.0,0.05175518989562988,0.0,0
kdl_only_1773468608,kdl_only,217,0.12334548693703307,0.07447433565876324,1.2272534353583973,-0.07868761334510388,0.025945815217491397,1.2779,0.21386319322367509,5.933686947345716,1.669689655303955,16.645347595214844,1
kdl_only_1773468608,kdl_only,218,-0.07881051735988698,0.02632260016817932,1.2779159096207682,0.8350591008487913,0.5569626449716115,1.3592,1.0598790683765027,0.0,20.048577308654785,0.0,0
kdl_only_1773468608,kdl_only,219,-0.07881051736231759,0.02632260015862828,1.2779159096199413,0.40340709469972924,-0.1813992489112155,1.0774,0.5620398757868789,0.0,0.31226181983947754,0.0,0
kdl_only_1773468608,kdl_only,220,-0.07881051736231781,0.02632260015862857,1.2779159096199422,0.5460569575755418,0.1623614961845481,1.1484,0.6524877878641474,0.0,3.592400074005127,0.0,0
kdl_only_1773468608,kdl_only,221,-0.07881051736231781,0.0263226001586285,1.2779159096199422,-0.4150097531624425,0.18018062970465287,1.4844,0.4234830563180221,0.4245858645345537,0.5672287940979004,1.8509430885314941,1
kdl_only_1773468608,kdl_only,222,-0.4154995012628315,0.18094555905903095,1.4845210284122865,0.7124336812096612,-0.4976796343373456,1.2896,1.3306989233301794,0.0,3.3072915077209473,0.0,0
kdl_only_1773468608,kdl_only,223,-0.41550001386260715,0.18094896960826018,1.484523733165928,-0.6759071595509779,-0.40888140956675006,1.2711,0.6791623131489128,0.6922677487915397,0.7623276710510254,3.2126145362854004,1
kdl_only_1773468608,kdl_only,224,-0.6755909418086952,-0.40877687149049213,1.2714928991428405,0.7724957715717773,-0.19726983030424305,1.374,1.4670371718762139,1.7662608702033085,0.10180783271789551,3.308675765991211,1
kdl_only_1773468608,kdl_only,225,0.771551756406613,-0.19776092533725426,1.3738150611666513,-0.2919811986226717,0.4885654146480186,1.0286,1.3119907125613341,0.0,0.10143899917602539,0.0,0
kdl_only_1773468608,kdl_only,226,0.771559283661488,-0.1977577306347511,1.3737992019774425,-0.46096944230057385,-0.7065447518773718,1.2921,1.3359139391855872,0.0,20.043725728988647,0.0,0
kdl_only_1773468608,kdl_only,227,0.7715587059518714,-0.19776047961218302,1.3738134701355968,-0.03773654072566912,0.48353093101976363,1.2514,1.0649421769121399,0.0,3.7364604473114014,0.0,0
kdl_only_1773468608,kdl_only,228,0.7715596150798728,-0.1977563474816147,1.373797754897545,-0.35882275493917826,-0.22130263117817528,1.4264,1.1318505758781165,0.0,0.06522083282470703,0.0,0
kdl_only_1773468608,kdl_only,229,0.7715587059520983,-0.1977604796120312,1.3738134701364348,0.36406313535698365,-0.18046838988923564,1.0787,0.5034318391575842,0.0,0.7430744171142578,0.0,0
kdl_only_1773468608,kdl_only,230,0.7715574195630436,-0.1977555916553676,1.3737929613199085,-0.2893688645879192,0.5601748437660033,1.4804,1.3082003615794244,0.0,0.05936861038208008,0.0,0
kdl_only_1773468608,kdl_only,231,0.7715574309164823,-0.19775546649067022,1.373792932271447,0.8483035282296632,-0.07326953360516819,1.0401,0.36433183224513127,0.0,0.2630336284637451,0.0,0
kdl_only_1773468608,kdl_only,232,0.7715566426167744,-0.19776922299050842,1.373802370276768,-0.030226834141979353,-0.7121271703681586,1.0929,0.9931399615668535,3.900943272467089,2.348496675491333,9.02978777885437,1
kdl_only_1773468608,kdl_only,233,-0.029196330791087854,-0.7119293239924183,1.093260637855265,0.3825538316954238,-0.38866232021478003,1.2975,0.561919450711869,0.731947091461545,0.20145416259765625,2.6070497035980225,1
kdl_only_1773468608,kdl_only,234,0.3829113859539124,-0.3884070731045019,1.2981920123921733,1.0780851221544403,-0.020701689516109623,1.3376,0.7874177811747628,0.0,0.05138254165649414,0.0,0
kdl_only_1773468608,kdl_only,235,0.382905288428787,-0.3884444847883787,1.298217381402153,-0.8365496790829209,0.5132465602141257,1.1176,1.527330938890213,0.0,0.10156583786010742,0.0,0
kdl_only_1773468608,kdl_only,236,0.38291138626304,-0.3884070717782203,1.2981920108886793,-0.3298225525979577,0.018440575456700192,1.0599,0.8545746065255351,0.0,0.10135602951049805,0.0,0
kdl_only_1773468608,kdl_only,237,0.3829096757397138,-0.38842550009335247,1.2982212712697536,-0.46387303937048446,-0.7278917314232478,1.4451,0.9240409351192915,0.9274081599821999,0.20149588584899902,2.3085029125213623,1
kdl_only_1773468608,kdl_only,238,-0.46500788652135594,-0.7280187674869734,1.4449753308501805,0.8590501337289052,0.07784560238200366,1.1231,1.583082673843434,0.0,0.5026600360870361,0.0,0
kdl_only_1773468608,kdl_only,239,-0.46500788652270986,-0.728018767519368,1.4449753307473119,-0.5254141257683229,0.5134020137008949,1.2973,1.2516319239683262,0.0,20.077804565429688,0.0,0
kdl_only_1773468608,kdl_only,240,-0.46500788652270875,-0.728018767519368,1.4449753307473125,0.15549489187058407,-0.6784687616510744,1.3097,0.6370073125044473,3.272750497716894,2.705986261367798,7.568387746810913,1
kdl_only_1773468608,kdl_only,241,0.15457312351098385,-0.6785216783250284,1.3094047338302257,-0.7088930401723994,0.08573099840681742,1.2096,1.1574182280458574,1.222737562827153,0.15312623977661133,2.618701696395874,1
kdl_only_1773468608,kdl_only,242,-0.7089631989683082,0.08557807763231873,1.209974810863522,-0.30080901372047286,-0.2543056875771598,1.2918,0.5374068983233437,1.2055562524176453,0.20391178131103516,7.222153186798096,1
kdl_only_1773468608,kdl_only,243,-0.3009983572966456,-0.2544954524065646,1.2915105433890917,0.2496139970684501,-0.08890674737843696,1.2614,0.5757605655440049,3.1843019430700017,0.20224761962890625,8.117449760437012,1
kdl_only_1773468608,kdl_only,244,0.2505197794348961,-0.08895857177891295,1.262338104575902,0.5789578966707161,-0.44767191981630017,1.4674,0.5278231179746921,0.5283263738282898,0.1022953987121582,3.2090790271759033,1
kdl_only_1773468608,kdl_only,245,0.5778928461582302,-0.44776540083848504,1.4666284269138337,0.30644445864790515,-0.67234093227264,1.1021,0.5069510532873591,0.0,0.1517624855041504,0.0,0
kdl_only_1773468608,kdl_only,246,0.5778928461581825,-0.44776540083819427,1.4666284269135252,-0.2105286084007837,0.3162333679467594,1.3581,1.1032139086152446,0.0,20.0355167388916,0.0,0
kdl_only_1773468608,kdl_only,247,0.5778928461488684,-0.44776540082672606,1.4666284268818308,0.5702701147955418,-0.062194931532683295,1.1193,0.5189987754755503,0.0,0.27994513511657715,0.0,0
kdl_only_1773468608,kdl_only,248,0.5778928461487934,-0.4477654008266342,1.466628426881573,-0.3846311701200903,0.3824465844843504,1.1979,1.2991995188817742,7.937127697608895,1.09208083152771,10.453254699707031,1
kdl_only_1773468608,kdl_only,249,-0.3846587213243705,0.3821390055399021,1.1983116675318335,-0.33360833801021395,0.06797693627812573,1.3358,0.34670879562572476,0.34974315748624135,0.15220952033996582,2.9100255966186523,1
kdl_only_1773468608,kdl_only,250,-0.33420400880523693,0.06783547889174088,1.3355604479694927,0.9451155065661652,-0.555011201117347,1.15,1.434931736724469,0.0,20.063029050827026,0.0,0
kdl_only_1773468608,kdl_only,251,-0.3342040088083541,0.06783547887577822,1.3355604479889864,-0.5060665350418558,0.001571901697864142,1.1581,0.25577294654483346,0.0,0.2609212398529053,0.0,0
kdl_only_1773468608,kdl_only,252,-0.334204008808354,0.06783547887577811,1.335560447988986,0.7256041950613934,0.16216834586052575,1.3759,1.0647626018224117,7.296195560270292,1.1248862743377686,11.044572353363037,1
kdl_only_1773468608,kdl_only,253,0.7245443173193522,0.162524155825717,1.375401573529614,-0.3781580064410935,-0.07053009995432491,1.0363,1.1769692341493623,0.0,0.1525869369506836,0.0,0
kdl_only_1773468608,kdl_only,254,0.7245443173193513,0.16252415582573365,1.375401573529616,0.9981256112588675,-0.6888275611796729,1.2291,0.9061184364413492,0.931393300238229,0.20725154876708984,2.507354259490967,1
kdl_only_1773468608,kdl_only,255,0.9978323315911757,-0.6888653424033159,1.2286259721992798,-0.515099665957625,0.037356746779313,1.4992,1.6998741296178643,0.0,0.05139589309692383,0.0,0
kdl_only_1773468608,kdl_only,256,0.9978323315644881,-0.6888653424709114,1.22862597223555,0.5092869696832367,-0.3344424638701152,1.498,0.6609497063509449,0.6627009736578344,0.10203194618225098,2.6077768802642822,1
kdl_only_1773468608,kdl_only,257,0.508374202114101,-0.3348808746215022,1.4988903167711476,0.998536181422826,-0.09142966631264471,1.0366,0.7164074216304976,0.0,0.05133461952209473,0.0,0
kdl_only_1773468608,kdl_only,258,0.5083742021178697,-0.3348808746235228,1.4988903167146896,-0.24054286203186737,0.3959298614830308,1.1066,1.1175208246701158,0.0,0.05121159553527832,0.0,0
kdl_only_1773468608,kdl_only,259,0.5083742021178428,-0.33488087462370075,1.4988903167146121,-0.41712248449577255,-0.5773410989420189,1.1326,1.0244509131374526,0.0,0.10149550437927246,0.0,0
kdl_only_1773468608,kdl_only,260,0.5083742021178435,-0.33488087462369787,1.4988903167146108,-0.19936782181169288,0.2528295440805183,1.4666,0.9205134291485874,2.6662357662925245,0.40306758880615234,7.014524936676025,1
kdl_only_1773468608,kdl_only,261,-0.1986402757851109,0.25345202276576795,1.467731331787285,0.19627174148791826,0.34345362848873606,1.4404,0.4059591015319555,0.0,0.05182671546936035,0.0,0
kdl_only_1773468608,kdl_only,262,-0.19864027578506338,0.25345202276549905,1.4677313317861023,0.8830078970041229,0.10319602056248656,1.4396,1.0923969094263664,0.0,20.05717396736145,0.0,0
kdl_only_1773468608,kdl_only,263,-0.19864027578508836,0.2534520227676037,1.4677313317862342,0.851535968071643,-0.713775829491568,1.1848,1.4554896082944924,1.6986206405690516,1.048992395401001,3.2589311599731445,1
kdl_only_1773468608,kdl_only,264,0.8508148154605432,-0.7140582757454643,1.1845474651996852,0.9882321784525603,0.3545281659530163,1.0789,1.0825534175903833,2.805878475893723,1.2204985618591309,12.04548716545105,1
kdl_only_1773468608,kdl_only,265,0.9892432127054558,0.35510947248899705,1.0793739216404064,0.6475671886614935,-0.19074692470090127,1.4169,0.7270664105378771,0.0,20.031001091003418,0.0,0
kdl_only_1773468608,kdl_only,266,0.9892432154320678,0.35510952829499337,1.0793739097289534,0.8586280403173234,0.6091306866798317,1.3518,0.39471894752823666,0.0,0.8734076023101807,0.0,0
kdl_only_1773468608,kdl_only,267,0.9892432154320683,0.35510952829499354,1.0793739097289539,-0.03787042148684694,0.27043808238313705,1.3058,1.055177923979192,0.0,20.05289936065674,0.0,0
kdl_only_1773468608,kdl_only,268,0.9892432154320685,0.355109528294992,1.079373909728953,-0.17013888355598095,-0.3483336254672917,1.4936,1.4179500611411535,0.0,20.04125142097473,0.0,0
kdl_only_1773468608,kdl_only,269,0.9892432154320692,0.35510952829499187,1.079373909728953,-0.7895712981407308,-0.7184412136762894,1.327,2.092369697225433,0.0,20.070937633514404,0.0,0
kdl_only_1773468608,kdl_only,270,0.9892432154320698,0.35510952829499065,1.0793739097289528,-0.11126458532951089,0.1908353664202781,1.0039,1.1152576970577268,0.0,0.20792436599731445,0.0,0
kdl_only_1773468608,kdl_only,271,0.9892432154320702,0.35510952829499065,1.079373909728952,0.685535818571624,-0.6201492828229554,1.4086,1.0731997717508601,1.2896400120706024,1.7159600257873535,3.658904790878296,1
kdl_only_1773468608,kdl_only,272,0.6854277205514074,-0.6201148734826263,1.4084564859936655,0.9994588681815753,-0.10079032354267892,1.1497,0.6597487922656919,0.7061816998215686,0.723933219909668,2.313997983932495,1
kdl_only_1773468608,kdl_only,273,0.9990018961085178,-0.10080508469969535,1.149483614179648,1.0914962170034874,-0.42468308229914875,1.3317,0.38295556920912455,0.0,20.059937715530396,0.0,0
kdl_only_1773468608,kdl_only,274,0.9990018961083483,-0.10080508470415414,1.1494836141801432,0.33153432744989875,-0.038565985863317165,1.4695,0.7428304973737583,0.0,0.0509943962097168,0.0,0
kdl_only_1773468608,kdl_only,275,0.9990018961083482,-0.10080508470415472,1.1494836141801432,-0.43599633362291246,-0.48683382781379425,1.0671,1.4882960625238657,0.0,0.05093669891357422,0.0,0
kdl_only_1773468608,kdl_only,276,0.9990018961083477,-0.10080508470415406,1.1494836141801419,-0.7583558150513484,0.5885470138134749,1.0577,1.8899567911820294,0.0,0.20151948928833008,0.0,0
kdl_only_1773468608,kdl_only,277,0.9990018961083478,-0.10080508470415406,1.1494836141801419,1.0989073044852347,-0.5040679275724245,1.0535,0.4263975436751884,0.8265064273536104,0.2537829875946045,4.710439920425415,1
kdl_only_1773468608,kdl_only,278,1.0978651439829397,-0.5046347510248352,1.0540243916974896,0.5065128649826163,-0.5315470246890391,1.2766,0.6324252444074997,0.0,0.2524569034576416,0.0,0
kdl_only_1773468608,kdl_only,279,1.0978651439921046,-0.5046347510096587,1.0540243917041936,-0.4293934874215611,-0.005197142944449729,1.1362,1.6089467617594517,0.0,0.10156011581420898,0.0,0
kdl_only_1773468608,kdl_only,280,1.097865143991161,-0.5046347510106848,1.054024391703365,-0.6916730882776498,0.4626312252541428,1.3024,2.0493269618067425,0.0,0.4522738456726074,0.0,0
kdl_only_1773468608,kdl_only,281,1.0978651439914664,-0.5046347510100938,1.0540243917035648,0.8884986943003128,0.5700651585676811,1.3588,1.136530851897659,0.0,20.054991483688354,0.0,0
kdl_only_1773468608,kdl_only,282,1.09786514399147,-0.5046347510100915,1.0540243917035679,0.4256896056265411,0.013878027216957523,1.1018,0.8502693480944782,0.0,0.10248970985412598,0.0,0
kdl_only_1773468608,kdl_only,283,1.0978651439914695,-0.504634751010091,1.054024391703567,-0.13433135928159368,-0.3860983011133118,1.3171,1.265530674584,0.0,20.028821229934692,0.0,0
kdl_only_1773468608,kdl_only,284,1.0978651439914697,-0.5046347510100903,1.0540243917035665,-0.7123664000710418,-0.4404682805209592,1.132,1.81304599349911,0.0,0.31685447692871094,0.0,0
kdl_only_1773468608,kdl_only,285,1.0978651439914695,-0.5046347510100908,1.054024391703567,0.8140921036446596,-0.06266867188279923,1.2443,0.5586286428741379,0.0,20.06553316116333,0.0,0
kdl_only_1773468608,kdl_only,286,1.0978651439914693,-0.5046347510100895,1.0540243917035657,0.7615176744636456,-0.2651101483423867,1.4527,0.5739720343286973,0.0,0.05126452445983887,0.0,0
kdl_only_1773468608,kdl_only,287,1.0978651439914693,-0.5046347510100899,1.054024391703566,-0.3437499685242069,0.4642376012519872,1.4231,1.7757208598906582,0.0,0.051193952560424805,0.0,0
kdl_only_1773468608,kdl_only,288,1.0978651439914686,-0.504634751010088,1.0540243917035659,0.8128529870647874,0.44866223211876866,1.0461,0.9950225442784953,0.0,0.10123682022094727,0.0,0
kdl_only_1773468608,kdl_only,289,1.097865143991469,-0.5046347510100886,1.0540243917035659,0.5093884370285202,0.19151342039865282,1.2118,0.9251055365562356,0.0,20.026681661605835,0.0,0
kdl_only_1773468608,kdl_only,290,1.0978651439914688,-0.5046347510100886,1.0540243917035652,-0.5586446813091279,0.46731642313932775,1.1383,1.9224505882861014,0.0,0.21107888221740723,0.0,0
kdl_only_1773468608,kdl_only,291,1.097865143991469,-0.5046347510100884,1.0540243917035648,0.7637687996193596,-0.5659328020914862,1.0018,0.34366437912299286,0.0,0.20634245872497559,0.0,0
kdl_only_1773468608,kdl_only,292,1.097865143991469,-0.504634751010089,1.0540243917035652,-0.5543738860322531,0.3808866911395915,1.3856,1.903676553634501,0.0,0.05660557746887207,0.0,0
kdl_only_1773468608,kdl_only,293,1.0978651439914682,-0.5046347510100899,1.0540243917035654,-0.8603432022572358,-0.3486096050176698,1.3186,1.982151363041044,0.0,20.048022031784058,0.0,0
kdl_only_1773468608,kdl_only,294,1.0978651439914673,-0.5046347510100863,1.0540243917035634,0.3792544105470368,-0.3860298796178444,1.131,0.7323890673761583,0.0,0.20571112632751465,0.0,0
kdl_only_1773468608,kdl_only,295,1.0978651439914686,-0.5046347510100868,1.0540243917035639,0.6726535731895666,-0.5960086022517591,1.3706,0.5379351042670618,0.0,20.048074960708618,0.0,0
kdl_only_1773468608,kdl_only,296,1.0978651439914673,-0.5046347510100861,1.0540243917035625,1.0356501516485273,-0.2732676438628453,1.2758,0.3264749055856664,0.5378083749194277,0.10216498374938965,3.207127571105957,1
kdl_only_1773468608,kdl_only,297,1.0344751358649213,-0.27360868766612934,1.2754593617418135,-0.6698257191224737,0.544751941462884,1.2138,1.891601808127072,0.0,0.4519639015197754,0.0,0
kdl_only_1773468608,kdl_only,298,1.0344751358651547,-0.2736086876655829,1.2754593617420982,-0.2764902103114102,0.23002844979861703,1.0048,1.4302227082547718,0.0,0.1016378402709961,0.0,0
kdl_only_1773468608,kdl_only,299,1.0344751358651543,-0.2736086876655837,1.2754593617420984,-0.18745978111923978,0.11013792141251366,1.0376,1.3026755072898832,0.0,0.1013343334197998,0.0,0
kdl_only_1773468608,kdl_only,300,1.034475135865155,-0.27360868766558266,1.2754593617420982,1.0564551369096007,0.5882381731625402,1.4416,0.8779896603297482,4.8062602723867665,0.30164599418640137,7.717302560806274,1
kdl_only_1773468608,kdl_only,301,1.0563713870126124,0.5883544065920946,1.4413087883283164,0.6298776543313227,-0.7092175767856067,1.452,1.3659078512367404,0.0,0.5520119667053223,0.0,0
kdl_only_1773468608,kdl_only,302,1.0563713870381142,0.5883544096226047,1.4413087873131012,0.09549080338204752,0.31553979206790805,1.2728,1.012973110699623,0.0,0.10119485855102539,0.0,0
kdl_only_1773468608,kdl_only,303,1.0563713870133717,0.5883544089629148,1.4413087875846389,-0.33067194742973827,0.6270490632166953,1.4173,1.387790657762245,3.3387992869358154,0.20202875137329102,7.024499416351318,1
kdl_only_1773468608,kdl_only,304,-0.33052033285896953,0.6269474077146611,1.4179534258510738,-0.5486975863981116,0.34906831998240306,1.2913,0.37531212562427085,0.0,0.05367755889892578,0.0,0
kdl_only_1773468608,kdl_only,305,-0.3305153896858011,0.6269461751271715,1.417953797094655,-0.7097207675893997,0.19200604105065588,1.074,0.6717691965231358,0.0,0.2058734893798828,0.0,0
kdl_only_1773468608,kdl_only,306,-0.33051359785346346,0.6269415773283139,1.4179355149779447,1.0116115803803134,-0.535446456693043,1.0637,1.8105051051451835,0.0,3.383511781692505,0.0,0
kdl_only_1773468608,kdl_only,307,-0.3305153896858472,0.6269461751268128,1.417953797093721,-0.041100457852425554,0.1343346520904536,1.1541,0.6293218108703369,0.0,2.1434667110443115,0.0,0
kdl_only_1773468608,kdl_only,308,-0.3305135978521203,0.6269415773290862,1.417935514980392,1.0772436982563796,-0.18057507532313088,1.4495,1.6232252048843712,0.0,0.054535627365112305,0.0,0
kdl_only_1773468608,kdl_only,309,-0.3305203328602948,0.6269474077146607,1.4179534258499307,-0.4506264766222849,-0.7002217701166814,1.3981,1.3327406615215411,0.0,3.2476859092712402,0.0,0
kdl_only_1773468608,kdl_only,310,-0.3305203328611085,0.6269474077145463,1.4179534258492619,0.8401580511821607,-0.09280958820580043,1.4304,1.3742972492334153,0.0,0.06328868865966797,0.0,0
kdl_only_1773468608,kdl_only,311,-0.33051538968593047,0.6269461751261602,1.417953797092176,0.8486111188880205,0.32404407573585325,1.4495,1.2178194315885886,0.0,0.11089920997619629,0.0,0
kdl_only_1773468608,kdl_only,312,-0.3305203328611541,0.6269474077145397,1.4179534258492241,0.6353495500490238,0.11742672192156478,1.105,1.1359823091556622,0.0,0.1570265293121338,0.0,0
kdl_only_1773468608,kdl_only,313,-0.33052033286119853,0.6269474077145337,1.4179534258491868,0.9521204343706913,0.10427753215149416,1.1248,1.4157295178364435,0.0,0.8035225868225098,0.0,0
kdl_only_1773468608,kdl_only,314,-0.3305153896859505,0.6269461751260079,1.417953797091816,-0.6404951694765342,-0.5709947215136957,1.0514,1.2905469932874911,0.0,3.35994291305542,0.0,0
kdl_only_1773468608,kdl_only,315,-0.3305135978498206,0.6269415773304093,1.417935514984587,-0.4755599916799326,-0.06754909277726562,1.3901,0.7100215230006655,0.0,0.10116839408874512,0.0,0
kdl_only_1773468608,kdl_only,316,-0.33051538968601457,0.6269461751255074,1.4179537970906324,-0.3398550724096364,0.3528462042754966,1.4421,0.2753199280987394,0.0,20.050424814224243,0.0,0
kdl_only_1773468608,kdl_only,317,-0.3305153896863319,0.6269461751230281,1.4179537970847627,-0.8499680899021446,-0.6434579761702761,1.2032,1.3892001327192145,0.0,20.045703411102295,0.0,0
kdl_only_1773468608,kdl_only,318,-0.33051538968662164,0.6269461751207788,1.4179537970794365,0.31624072637246003,-0.3422556168534173,1.3103,1.1701431225501613,1.915158946283616,0.6529083251953125,7.6173765659332275,1
kdl_only_1773468608,kdl_only,319,0.3170858238725941,-0.3414037496361333,1.3115877928987323,0.6726646599866193,-0.6885637339713573,1.0773,0.5494061642511823,0.5503386751560005,0.35299229621887207,3.0099287033081055,1
kdl_only_1773468608,kdl_only,320,0.6720521396548271,-0.6884912477178127,1.0776109519880137,-0.39326677856047054,0.6126744031490593,1.4649,1.7256677708102601,0.0,20.048561811447144,0.0,0
kdl_only_1773468608,kdl_only,321,0.6720466005800844,-0.6884918522927805,1.0776118434802027,0.3521846654185121,0.22218686952759892,1.4323,1.0283244042213129,1.0652078067621504,0.2525172233581543,2.8091390132904053,1
kdl_only_1773468608,kdl_only,322,0.3514969394208459,0.22146113804083115,1.431895255301243,-0.22595368706040808,-0.03166420198940645,1.4881,0.6329933942117157,7.08638935088817,0.7543001174926758,16.447746992111206,1
kdl_only_1773468608,kdl_only,323,-0.22622849794565536,-0.032239540096589664,1.4876875293675458,-0.8071914383755114,-0.6350331449090014,1.4054,0.8412189403746573,0.0,0.15582847595214844,0.0,0
kdl_only_1773468608,kdl_only,324,-0.22622849794408784,-0.03223954010979167,1.487687529366263,0.2518659612544083,0.20432486759460322,1.4407,0.5354856289619536,0.0,0.053319454193115234,0.0,0
kdl_only_1773468608,kdl_only,325,-0.22622849794410693,-0.032239540109607084,1.4876875293661957,-0.5410495219625238,-0.599323787380534,1.0124,0.8041113456716432,0.0,0.2045598030090332,0.0,0
kdl_only_1773468608,kdl_only,326,-0.22622849794417965,-0.032239540108961504,1.487687529366158,-0.8103962609555775,0.5433556263388298,1.3683,0.8287431165011004,0.8322470476319306,0.2577090263366699,3.12158465385437,1
kdl_only_1773468608,kdl_only,327,-0.8106674741307773,0.5432909297982804,1.3681544454089685,0.5323579495517163,0.45371157602712164,1.1661,1.3610906465732273,5.774707846278555,2.8621938228607178,18.33955407142639,1
kdl_only_1773468608,kdl_only,328,0.53239279359352,0.45400916258649593,1.1667735497160276,-0.20020971838015844,0.3765697062877079,1.4654,0.7949094707897254,0.0,20.037763595581055,0.0,0
kdl_only_1773468608,kdl_only,329,0.5323927936125008,0.45400916253045875,1.1667735497317921,0.21232808953670523,0.37996713592846654,1.4011,0.403525119160822,0.40403260922231476,0.5519282817840576,2.0570902824401855,1
kdl_only_1773468608,kdl_only,330,0.21255072257361363,0.3798797876407101,1.4016969021394554,0.17033007397537636,0.2622040028918261,1.432,0.12864078367402484,0.0,1.8049910068511963,0.0,0
kdl_only_1773468608,kdl_only,331,0.21255072257361407,0.3798797876407116,1.401696902139455,-0.38324139019188974,-0.5237856095244792,1.4054,1.0824015449920004,1.137551757378875,0.6561291217803955,2.507822275161743,1
kdl_only_1773468608,kdl_only,332,-0.3822885151128639,-0.5234526984849812,1.4050320458075576,1.0611649370335183,-0.28010518210649915,1.1334,1.4888115564269653,0.0,0.05094456672668457,0.0,0
kdl_only_1773468608,kdl_only,333,-0.38228851511781503,-0.5234526984898938,1.4050320457916488,0.4325588110427365,-0.05847908559338699,1.3937,0.9382457252249301,0.0,0.05107760429382324,0.0,0
kdl_only_1773468608,kdl_only,334,-0.3822885151183825,-0.5234526984904415,1.4050320457901622,-0.42020270268136595,0.6259628006619636,1.054,1.2024212957536804,0.0,20.045536041259766,0.0,0
kdl_only_1773468608,kdl_only,335,-0.3822885151184237,-0.5234526984904859,1.4050320457900023,-0.47750686225843436,0.19163360510059435,1.4361,0.7220665987250932,0.0,0.05871868133544922,0.0,0
kdl_only_1773468608,kdl_only,336,-0.3822885151184237,-0.5234526984904858,1.4050320457900036,-0.3622725149707745,-0.10735605744017929,1.4293,0.4172840621888126,0.0,0.3073420524597168,0.0,0
kdl_only_1773468608,kdl_only,337,-0.38228851511842443,-0.5234526984904859,1.4050320457900036,0.5990443250183624,-0.1583721584683444,1.1112,1.087490328677423,0.0,0.21187829971313477,0.0,0
kdl_only_1773468608,kdl_only,338,-0.3822885151184237,-0.5234526984904858,1.4050320457900036,1.0845214353248667,-0.6878899709992491,1.4083,1.47600193998324,6.744808493502843,6.217773675918579,21.7471661567688,1
kdl_only_1773468608,kdl_only,339,1.0836608735319808,-0.6877207939531289,1.4087979127844017,-0.0036642391662317086,0.2535040254103976,1.2302,1.4491643370373937,0.0,0.053321123123168945,0.0,0
kdl_only_1773468608,kdl_only,340,1.0836608441957143,-0.6877209015498884,1.408798005528869,0.9121910944703144,-0.16355544647587217,1.1526,0.6081025550027003,0.0,0.9548490047454834,0.0,0
kdl_only_1773468608,kdl_only,341,1.0836608989713605,-0.6877209919903973,1.4087979673392055,0.9353041510122815,-0.4535501523062141,1.3977,0.2774326435415472,0.2796671158461346,0.10139822959899902,1.7053866386413574,1
kdl_only_1773468608,kdl_only,342,0.9351221119424775,-0.45388088415168515,1.3978810022937886,0.5800300104270868,-0.5622260006351449,1.1138,0.46747308017539857,0.0,0.051756858825683594,0.0,0
kdl_only_1773468608,kdl_only,343,0.9351221119403483,-0.4538808841713753,1.3978810023007093,-0.5168680782191803,-0.4166154715545921,1.0118,1.5029047753049836,0.0,0.10148239135742188,0.0,0
kdl_only_1773468608,kdl_only,344,0.9351221119489519,-0.4538808842410452,1.397881002298643,0.8203912550585057,-0.06661022524040017,1.0966,0.5038967902176842,0.0,0.10117745399475098,0.0,0
kdl_only_1773468608,kdl_only,345,0.9351221119529438,-0.45388088424767836,1.3978810022920427,0.00959501541528296,-0.03564095570060566,1.1641,1.04219892596815,0.0,20.037962436676025,0.0,0
kdl_only_1773468608,kdl_only,346,0.9351221119498359,-0.4538808842280079,1.3978810022940702,-0.5488956845364849,-0.2056539686404807,1.4322,1.5050259849961898,0.0,0.05364847183227539,0.0,0
kdl_only_1773468608,kdl_only,347,0.9351221119498356,-0.45388088422800793,1.39788100229407,0.4286520691208411,-0.2961888517552692,1.4834,0.5373008285469265,0.9456337839853823,0.2041916847229004,5.3160412311553955,1
kdl_only_1773468608,kdl_only,348,0.4287533680504041,-0.2966399519263611,1.4836839205584351,1.0491853113456757,-0.11949317013887961,1.1396,0.7312390327011218,0.0,20.055955410003662,0.0,0
kdl_only_1773468608,kdl_only,349,0.42875610212068327,-0.29664402189511746,1.483681860696099,-0.5365398321164943,-0.028830594684031707,1.3207,1.0149302238899656,0.0,0.12061285972595215,0.0,0
kdl_only_1773468608,kdl_only,350,0.4287549387122669,-0.2966392909659153,1.4836797563821622,-0.018980928102300676,-0.4012665894645965,1.1998,0.5403720885713104,0.0,0.3659934997558594,0.0,0
kdl_only_1773468608,kdl_only,351,0.4287530354831659,-0.29665173001468015,1.483679592680038,-0.5419229385403174,-0.5126911968198515,1.4906,0.9944509991957245,0.0,0.7174828052520752,0.0,0
kdl_only_1773468608,kdl_only,352,0.42875537034196476,-0.29664130988691184,1.4836807957520983,0.44266057374641776,-0.09085717671975568,1.2681,0.29835472786967027,0.0,0.06777191162109375,0.0,0
kdl_only_1773468608,kdl_only,353,0.4287530354831667,-0.2966517300146804,1.4836795926800403,0.2871723502343628,0.45000473942521746,1.4696,0.7600915791679379,0.0,0.3117055892944336,0.0,0
kdl_only_1773468608,kdl_only,354,0.4287585992905263,-0.29663795571743606,1.4836753010041752,-0.3383562699733266,-0.6645626597332814,1.0577,0.9514666402646197,0.0,0.26976799964904785,0.0,0
kdl_only_1773468608,kdl_only,355,0.4287553703419642,-0.29664130988691223,1.4836807957520979,-0.7950211023950139,-0.5752209781502231,1.4852,1.2550847759318102,0.0,1.3178069591522217,0.0,0
kdl_only_1773468608,kdl_only,356,0.4287530354831699,-0.2966517300146793,1.4836795926800472,-0.24637859993608047,-0.046059372862148784,1.0893,0.8210569515749885,0.0,0.26418423652648926,0.0,0
kdl_only_1773468608,kdl_only,357,0.4287585992905246,-0.2966379557174372,1.4836753010041723,1.0825009037044344,0.5830730889031267,1.4813,1.0960274470389293,0.0,20.051461696624756,0.0,0
kdl_only_1773468608,kdl_only,358,0.4287554881821418,-0.2966363547951108,1.4836834598007076,0.3937357167503217,0.4495197366705105,1.1327,0.8253270177790526,0.0,0.10131978988647461,0.0,0
kdl_only_1773468608,kdl_only,359,0.4287530354832081,-0.29665173001467027,1.4836795926801276,0.09589392206921576,0.1732714898683474,1.0542,0.7183841190454172,0.0,0.3014798164367676,0.0,0
kdl_only_1773468608,kdl_only,360,0.4287547808448712,-0.29664529340196905,1.4836851721999254,-0.2626828557662596,0.22523136800015264,1.2173,0.9063124819876393,0.0,20.01384663581848,0.0,0
kdl_only_1773468608,kdl_only,361,0.4287585992904902,-0.296637955717446,1.4836753010041188,1.04936567538461,-0.6139804165053391,1.3643,0.7071844475148135,0.0,20.042605876922607,0.0,0
kdl_only_1773468608,kdl_only,362,0.4287530354832857,-0.2966517300146521,1.4836795926802933,0.8476579481762156,-0.4995961892992917,1.1568,0.5687864691986267,0.0,0.10244512557983398,0.0,0
kdl_only_1773468608,kdl_only,363,0.4287561021207049,-0.29664402189511013,1.4836818606961273,0.999225382997514,0.1957827908699734,1.3031,0.7749381748027114,0.0,0.10146903991699219,0.0,0
kdl_only_1773468608,kdl_only,364,0.42875493871221815,-0.29663929096592967,1.4836797563820474,0.8491696792368195,0.04101779188175203,1.2557,0.5854362723367862,0.0,0.05219864845275879,0.0,0
kdl_only_1773468608,kdl_only,365,0.4287547808449118,-0.2966452934019581,1.4836851722000544,0.4936420205445542,0.18652939205793684,1.1926,0.5678016449604937,0.0,0.051661014556884766,0.0,0
kdl_only_1773468608,kdl_only,366,0.4287554881821196,-0.2966363547951127,1.483683459800722,-0.09236074799345795,0.15179411045501023,1.2883,0.7147214213481659,0.0,0.05121302604675293,0.0,0
kdl_only_1773468608,kdl_only,367,0.42875537034194133,-0.29664130988691856,1.4836807957520128,1.1078380044774612,-0.676756658605596,1.1274,0.8559070672319778,0.0,20.067414045333862,0.0,0
kdl_only_1773468608,kdl_only,368,0.4287533680503842,-0.2966399519266517,1.4836839205580168,0.8528333385684477,0.3319976550960678,1.3544,0.7692485908161966,0.0,1.056290864944458,0.0,0
kdl_only_1773468608,kdl_only,369,0.4287549387122046,-0.29663929096593344,1.483679756382013,0.8682178424992715,-0.18771119805148062,1.0008,0.6619409583599528,0.0,0.10173320770263672,0.0,0
kdl_only_1773468608,kdl_only,370,0.4287554881821085,-0.29663635479511435,1.4836834598007285,0.7281506569275744,0.30437977518307,1.4628,0.6717841725251709,4.751815139261007,0.5018210411071777,11.92245864868164,1
kdl_only_1773468608,kdl_only,371,0.7289973228915347,0.3038038084886937,1.462940380037618,0.7479474164588928,-0.577832757920784,1.2692,0.9028717938520538,0.9549714519809425,0.10139632225036621,2.6068570613861084,1
kdl_only_1773468608,kdl_only,372,0.7481060517008618,-0.5781864267488198,1.2701411829449745,-0.22967088513766432,-0.23948185108669928,1.3597,1.0386478274661164,0.0,0.10146856307983398,0.0,0
kdl_only_1773468608,kdl_only,373,0.7481060517002129,-0.5781864267531183,1.2701411829429297,-0.10287784328217475,-0.12649496251664283,1.371,0.9686956536299924,0.0,0.0511472225189209,0.0,0
kdl_only_1773468608,kdl_only,374,0.7481060517001747,-0.5781864267533288,1.2701411829428033,-0.42255159876443377,-0.6424288007421585,1.3353,1.1742282949441012,0.0,20.051429510116577,0.0,0
kdl_only_1773468608,kdl_only,375,0.7481060517001628,-0.5781864267533876,1.2701411829427636,0.354829865791056,-0.10615918381801348,1.1821,0.6206666789592834,0.6287838011288612,0.35106611251831055,2.9368174076080322,1
kdl_only_1773468608,kdl_only,376,0.35467562745452785,-0.1065249942747902,1.1812406154973014,0.1558200981399842,-0.08460410013674957,1.035,0.2478111473679263,0.0,0.5159215927124023,0.0,0
kdl_only_1773468608,kdl_only,377,0.35467911435887345,-0.1065223221479997,1.1812473221284343,-0.11945228356643134,-0.19501749904765864,1.3321,0.5053597819911355,0.0,0.054032325744628906,0.0,0
kdl_only_1773468608,kdl_only,378,0.35467921872640906,-0.1065246547299459,1.1812316878400688,0.3318678939166073,0.3079496013588844,1.1651,0.41541484909971255,0.0,1.2244362831115723,0.0,0
kdl_only_1773468608,kdl_only,379,0.3546784606725091,-0.10651329168144347,1.1812193678949088,1.0208479653826805,-0.7179484314026792,1.157,0.904555867192818,0.0,0.20974516868591309,0.0,0
kdl_only_1773468608,kdl_only,380,0.35467651811369394,-0.10652053198435135,1.1812366253853932,0.4102948834544231,0.4908939742572821,1.424,0.6472492185282122,0.6823247037303469,0.21067023277282715,2.120993137359619,1
kdl_only_1773468608,kdl_only,381,0.40878527024119293,0.4914507120682353,1.4238549685089894,-0.7535500324460904,0.5409151008307768,1.3599,1.1651439051146326,0.0,20.07045078277588,0.0,0
kdl_only_1773468608,kdl_only,382,0.40878189223085787,0.4914522903854669,1.4238556943170648,0.08999782670729739,-0.39018899595202206,1.1502,0.9766279113555514,0.0,0.15460205078125,0.0,0
kdl_only_1773468608,kdl_only,383,0.40878527023991146,0.4914507120636995,1.4238549685116428,0.7185973295043389,-0.0021924058482002406,1.1546,0.6420009953229454,0.0,0.15273594856262207,0.0,0
kdl_only_1773468608,kdl_only,384,0.40878189223085987,0.4914522903854672,1.423855694317062,0.5464106363103696,-0.3684146229921246,1.2042,0.8980876371292061,0.9769108500666037,0.15455150604248047,3.4139339923858643,1
kdl_only_1773468608,kdl_only,385,0.546194160788833,-0.3683500992380492,1.204953417571551,-0.5139619892222635,0.19285593134788648,1.2012,1.1995404783982235,0.0,20.053147077560425,0.0,0
kdl_only_1773468608,kdl_only,386,0.5461880671761283,-0.3683506158271366,1.2049524882538685,0.5323296907338615,-0.596151107667822,1.1478,0.23526904937556564,0.23733985567539895,0.15459346771240234,2.207728385925293,1
kdl_only_1773468608,kdl_only,387,0.531801645710873,-0.5960204098870978,1.1474011853796644,1.0355210667208832,-0.07860828140682341,1.0636,0.7269602495819043,0.0,0.45148253440856934,0.0,0
kdl_only_1773468608,kdl_only,388,0.5318016457085122,-0.5960204098878448,1.147401185376415,-0.7869563598817484,0.1269499900661868,1.2102,1.5052416974148108,0.0,0.15125274658203125,0.0,0
kdl_only_1773468608,kdl_only,389,0.531801645707875,-0.5960204098875468,1.1474011853754638,0.7506323193838982,0.4718996806407124,1.4702,1.13689896570381,1.278048287043623,0.10164785385131836,2.908790111541748,1
kdl_only_1773468608,kdl_only,390,0.7504556080229834,0.47181565955612337,1.47093438047385,0.3379643199026656,-0.17824688248558762,1.3387,0.781163428944413,1.0776192464525405,0.10188007354736328,3.2181198596954346,1
kdl_only_1773468608,kdl_only,391,0.33675081134956353,-0.17861386270706595,1.3385596479044837,-0.17251882622201276,-0.4175398519690616,1.4514,0.5737369930187072,0.0,20.0207781791687,0.0,0
kdl_only_1773468608,kdl_only,392,0.3367399559166988,-0.17861985635208225,1.3385489708969442,0.7574215792941106,-0.1607836394865998,1.3078,0.42218083576916204,0.4213145092973692,0.05244183540344238,2.307117462158203,1
kdl_only_1773468608,kdl_only,393,0.7565738062417303,-0.1609248186985217,1.3082217712822963,0.3634891815089678,-0.1222712094150471,1.1505,0.4253066903404662,0.0,0.10121750831604004,0.0,0
kdl_only_1773468608,kdl_only,394,0.756573833288394,-0.16092465661396882,1.308221771412133,0.587483762479369,0.44248318454439606,1.274,0.6275855355696017,0.6483045498588494,0.10132575035095215,2.0057709217071533,1
kdl_only_1773468608,kdl_only,395,0.5880647597166259,0.441922819088023,1.2744889628850768,-0.8261483224561612,0.13906884160904753,1.0002,1.4720576104976533,0.0,0.1011343002319336,0.0,0
kdl_only_1773468608,kdl_only,396,0.5880635477055532,0.44192784892173476,1.2744907644728922,-0.41328085549813676,-0.20589516162582278,1.1435,1.199801586596487,0.0,0.10129928588867188,0.0,0
kdl_only_1773468608,kdl_only,397,0.5880619545720961,0.4419209351020006,1.2744809040516358,1.0847909010659067,-0.5555317799870487,1.2149,1.115885948137612,2.781712203557468,0.2013869285583496,8.817328929901123,1
kdl_only_1773468608,kdl_only,398,1.0843269581296706,-0.5556282819024234,1.2148285139920758,-0.024308363217431572,0.24297933001433425,1.29,1.3683921754593669,0.0,0.15128731727600098,0.0,0
kdl_only_1773468608,kdl_only,399,1.08432695814304,-0.5556282819270102,1.2148285140646748,-0.6185225183019238,-0.5999533417461554,1.3274,1.7071418774672904,1.7061008628233967,0.3558528423309326,4.513208866119385,1
kdl_only_1773468608,kdl_only,400,-0.6173888121126148,-0.6002967773646768,1.3273294414625987,-0.3296135588784648,-0.6338777870091323,1.2325,0.3048522651233358,5.260796594302014,0.6035544872283936,10.136957168579102,1
kdl_only_1773468608,kdl_only,401,-0.3298478664011134,-0.6342753408928916,1.2325183169879126,-0.49271896240745156,-0.2986874736532744,1.2211,0.37319778739373205,0.0,20.06105875968933,0.0,0
kdl_only_1773468608,kdl_only,402,-0.32984786639943264,-0.634275340885683,1.2325183169452463,-0.735401943677243,-0.029811847292036453,1.1069,0.7386678456764237,0.0,0.10105109214782715,0.0,0
kdl_only_1773468608,kdl_only,403,-0.3298478663994311,-0.6342753408856828,1.2325183169452476,-0.40978265365352173,-0.0010236293334023872,1.2366,0.6382898718715571,3.168533853861406,0.4018096923828125,9.626243352890015,1
kdl_only_1773468608,kdl_only,404,-0.4089519832726348,-0.0015056153120010102,1.2360516435880613,0.18332233294474665,-0.2973654232194739,1.4506,0.6959546600353199,0.0,20.0667507648468,0.0,0
kdl_only_1773468608,kdl_only,405,-0.40895198327224724,-0.001505615306341676,1.236051643587132,1.097384213940354,0.16636704685304626,1.398,1.5242890932753637,0.0,0.05103802680969238,0.0,0
kdl_only_1773468608,kdl_only,406,-0.40895198327224647,-0.0015056153063413708,1.236051643587131,0.0490375235463294,-0.6603644212665211,1.0848,0.8165331433781512,0.0,0.8551933765411377,0.0,0
kdl_only_1773468608,kdl_only,407,-0.40895198327224713,-0.0015056153063416206,1.2360516435871323,-0.5255495682471185,0.20506671998759485,1.0424,0.3062157500762503,0.0,0.5028228759765625,0.0,0
kdl_only_1773468608,kdl_only,408,-0.4089519832722468,-0.0015056153063426475,1.2360516435871316,-0.6813872768002017,-0.12419033358125353,1.2577,0.29956832374808223,0.29832733415174756,0.15230488777160645,3.0089728832244873,1
kdl_only_1773468608,kdl_only,409,-0.6801373694765176,-0.12399361229025006,1.2570610664504853,0.4448550379336662,0.3499482461250879,1.3165,1.222195478927266,0.0,20.03840208053589,0.0,0
kdl_only_1773468608,kdl_only,410,-0.6801373694765047,-0.12399361229018395,1.2570610664504653,-0.0815558548659513,-0.5335803976840064,1.1676,0.7307971310925926,0.7377637265587086,0.21960043907165527,3.9230942726135254,1
kdl_only_1773468608,kdl_only,411,-0.081414792126902,-0.5334184233234464,1.1679062344014817,0.19719503221606915,0.41395374647320293,1.4092,1.0165432325495778,1.098353062699338,0.10123085975646973,2.606426477432251,1
kdl_only_1773468608,kdl_only,412,0.19805749978878218,0.4144499340488222,1.4093189153614047,-0.6963553755460551,0.2947415577626141,1.3756,0.9030179689081281,0.9023669120001166,0.10116434097290039,2.8068416118621826,1
kdl_only_1773468608,kdl_only,413,-0.6956311382965853,0.294431060695103,1.3754883404691363,0.6769796697627048,0.2308152146988497,1.3364,1.3746400636616216,0.0,0.05305981636047363,0.0,0
kdl_only_1773468608,kdl_only,414,-0.6956397254073132,0.2944314100014098,1.3754908917464799,-0.35151088643670947,-0.24817257613413274,1.1123,0.6943437110536417,0.0,0.05144691467285156,0.0,0
kdl_only_1773468608,kdl_only,415,-0.6956330856053448,0.29443661794863013,1.3754925988695794,0.2246360410919297,-0.3232095971558756,1.0996,1.1421465924723044,0.0,0.05166935920715332,0.0,0
kdl_only_1773468608,kdl_only,416,-0.6956322298658965,0.2944306059463275,1.3754879967005966,0.3173779687207434,-0.03445646634501198,1.0122,1.1253153057288634,0.0,0.10163235664367676,0.0,0
kdl_only_1773468608,kdl_only,417,-0.695632549544984,0.2944387563189956,1.3754845693752762,1.0934571853798056,0.4268578919417617,1.1224,1.8117474179223227,0.0,0.10117292404174805,0.0,0
kdl_only_1773468608,kdl_only,418,-0.69563107209709,0.29442822672800356,1.3754828859530526,-0.6423617993909864,0.3801758994668972,1.2376,0.17088583625776635,0.17136952994270618,0.10121703147888184,1.5039985179901123,1
kdl_only_1773468608,kdl_only,419,-0.6420420414949467,0.38009788937067995,1.2375987716520154,0.8474883597929666,0.36434149976161156,1.4249,1.5013430088807518,3.460793210273652,0.15114068984985352,6.112868309020996,1
kdl_only_1773468608,kdl_only,420,0.8476290116728495,0.3642709366076272,1.4243699010353184,-0.7126179809924182,-0.18930523437666813,1.0364,1.7003934542663945,0.0,0.15119361877441406,0.0,0
kdl_only_1773468608,kdl_only,421,0.84762901167187,0.36427093661585885,1.424369901036023,-0.1870303420021091,0.5974884159815231,1.2072,1.0826232663039925,3.577425848030953,0.3517613410949707,11.022432327270508,1
kdl_only_1773468608,kdl_only,422,-0.18725475471840847,0.5971585072237913,1.207347644261488,-0.6103360986256564,0.44140789864258345,1.3149,0.46349065239838766,0.46452068815780456,0.1513357162475586,3.207958936691284,1
kdl_only_1773468608,kdl_only,423,-0.6110389676150262,0.44135649392693255,1.315378485287954,0.32859332262243734,0.30784866644071573,1.0972,0.9738249495158441,0.0,0.051348209381103516,0.0,0
kdl_only_1773468608,kdl_only,424,-0.6110389676152078,0.4413564939260575,1.3153784852881583,-0.0828498789552754,-0.5418821347690697,1.3482,1.1166105705059681,1.152083305472894,0.20156025886535645,4.008875846862793,1
kdl_only_1773468608,kdl_only,425,-0.0830291738054243,-0.5413479073025613,1.3488760565509592,-0.8218408004261168,-0.5572815187012735,1.2472,0.7459453867930765,0.0,20.057291269302368,0.0,0
kdl_only_1773468608,kdl_only,426,-0.08302917380644737,-0.5413479073027311,1.3488760565529456,1.0412595234056818,-0.14874791517439856,1.122,1.212284031708382,1.8553241565320786,0.5562365055084229,3.4118542671203613,1
kdl_only_1773468608,kdl_only,427,1.0398163654613661,-0.14880699798802363,1.1211821557358674,-0.0018878331295721917,-0.5978167238243639,1.328,1.1530529007654755,1.1539605205018837,0.35646772384643555,2.9082608222961426,1
kdl_only_1773468608,kdl_only,428,-0.001518935936904442,-0.5980574602037534,1.3281877946657845,0.35502332660749825,0.15037630095506282,1.0028,0.8905912063006666,0.0,0.20160460472106934,0.0,0
kdl_only_1773468608,kdl_only,429,-0.0015189359367974165,-0.5980574602038474,1.3281877946341414,0.6744694635876478,-0.11123421774095399,1.3755,0.8343833833857714,0.83685203145309,0.15115928649902344,2.906636953353882,1
kdl_only_1773468608,kdl_only,430,0.6736567506468881,-0.11176611149352683,1.3761973466871806,-0.7584789281052013,0.21197840445165217,1.385,1.468298539352482,2.4059614402221037,0.20219707489013672,7.115497589111328,1
kdl_only_1773468608,kdl_only,431,-0.759386181393698,0.21242486853786463,1.3847298323473385,-0.5910617512619771,-0.5762170932335826,1.0533,0.8718572081572019,0.0,0.5037662982940674,0.0,0
kdl_only_1773468608,kdl_only,432,-0.7593811574574567,0.2124230155541056,1.3847341943917226,0.4988637792377695,-0.6574110693692938,1.2126,1.5392926417327502,0.0,0.10144615173339844,0.0,0
kdl_only_1773468608,kdl_only,433,-0.7593863018160889,0.21242323942246105,1.3847298686976734,0.7402890741609294,0.10231150812940903,1.0879,1.532729199053519,0.0,1.2544913291931152,0.0,0
kdl_only_1773468608,kdl_only,434,-0.7593880721708426,0.21241917862485427,1.3847233187815684,0.17159618147289346,-0.15756143053462957,1.479,1.0062332852316944,0.0,0.10165524482727051,0.0,0
kdl_only_1773468608,kdl_only,435,-0.7593839153664406,0.21242310699372685,1.38472718774646,0.018473173963861278,-0.4755886687582688,1.259,1.0460541002899693,1.066484249386663,0.10211491584777832,2.4062273502349854,1
kdl_only_1773468608,kdl_only,436,0.01774574913472804,-0.4752349986457123,1.2582499044915776,0.7671801090135448,0.26498615889136656,1.0251,1.078859629329477,0.0,0.10132741928100586,0.0,0
kdl_only_1773468608,kdl_only,437,0.017745749140855804,-0.4752349986672806,1.2582499044907514,-0.04818277560771267,-0.08163313565306529,1.1246,0.42086968756869464,0.0,20.041022062301636,0.0,0
kdl_only_1773468608,kdl_only,438,0.017745749141101386,-0.47523499867083985,1.2582499044899111,0.6338944294280715,-0.5546112643283553,1.4242,0.6430235003239889,0.0,0.21168923377990723,0.0,0
kdl_only_1773468608,kdl_only,439,0.01774574914110144,-0.47523499867083996,1.2582499044899116,-0.8489766246558035,-0.41158919725822996,1.2282,0.869575447007014,0.8739673882612444,0.5105953216552734,3.7475266456604004,1
kdl_only_1773468608,kdl_only,440,-0.8478597803287304,-0.4119437183623421,1.2281651709938786,1.028880909044288,-0.07268854364517796,1.4007,1.9149459407358889,0.0,0.052939653396606445,0.0,0
kdl_only_1773468608,kdl_only,441,-0.8478597803081932,-0.41194371836892585,1.2281651709031831,0.027575877097842483,0.4171466316842324,1.3338,1.2103458662413484,0.0,0.05257701873779297,0.0,0
kdl_only_1773468608,kdl_only,442,-0.8478597803054561,-0.41194371836979904,1.2281651708910748,-0.5756035465765232,-0.2968952764530576,1.4939,0.39746018692855617,0.0,0.05315113067626953,0.0,0
kdl_only_1773468608,kdl_only,443,-0.8478597803050908,-0.411943718369916,1.2281651708894596,-0.12798941884108517,-0.2009895932447714,1.2977,0.7533591923385984,0.0,0.052935123443603516,0.0,0
kdl_only_1773468608,kdl_only,444,-0.8478597803050415,-0.4119437183699324,1.2281651708892452,0.8951118534795446,0.5696298592563976,1.475,2.0155307582207715,0.0,1.1095118522644043,0.0,0
kdl_only_1773468608,kdl_only,445,-0.8478597803050336,-0.41194371836993404,1.228165170889211,0.49088298746352654,-0.14173330754789149,1.4457,1.3829559885424778,0.0,0.2081305980682373,0.0,0
kdl_only_1773468608,kdl_only,446,-0.8478597803050336,-0.41194371836993404,1.228165170889211,-0.7968389763566719,0.4960209771940721,1.3063,0.9127475348344403,0.0,20.035071849822998,0.0,0
kdl_only_1773468608,kdl_only,447,-0.8478597803050418,-0.41194371836993166,1.2281651708892114,0.4338394738118614,0.486891775730781,1.3596,1.5709657341146814,0.0,0.10130929946899414,0.0,0
kdl_only_1773468608,kdl_only,448,-0.8478597803050422,-0.4119437183699317,1.228165170889211,-0.7408956556087125,-0.030707377847289496,1.2524,0.3966986239567477,0.0,0.051313161849975586,0.0,0
kdl_only_1773468608,kdl_only,449,-0.8478597803050425,-0.4119437183699307,1.2281651708892105,0.1422238470507209,0.19163296863227752,1.4153,1.1745594282610106,0.0,0.0512852668762207,0.0,0
kdl_only_1773468608,kdl_only,450,-0.8478597803050418,-0.4119437183699316,1.2281651708892114,0.5467529551402361,-0.6439561223378227,1.2739,1.4145197460816563,3.3299701316092194,0.602109432220459,7.715485572814941,1
kdl_only_1773468608,kdl_only,451,0.5457563839677557,-0.644039848454886,1.2743175702142229,1.0227857714295696,0.2703364858966756,1.4486,1.045951950452996,1.0864812073394925,0.10171961784362793,2.2158920764923096,1
kdl_only_1773468608,kdl_only,452,1.0233466880248743,0.27095841778126206,1.4472244430302363,-0.17988819864372618,0.32137395184294404,1.3718,1.2066502248694715,0.0,0.053655147552490234,0.0,0
kdl_only_1773468608,kdl_only,453,1.0233455082254663,0.27096543019849784,1.4472244897859938,-0.5279152973678448,-0.6078043772937921,1.2373,1.7951921214571869,6.374602350545122,0.4590737819671631,8.948771953582764,1
kdl_only_1773468608,kdl_only,454,-0.5284518403594921,-0.6073648146085537,1.237240428640391,-0.347677979059842,-0.7142216235435258,1.1296,0.23597463512597577,4.108484736053561,0.15204548835754395,6.8144941329956055,1
kdl_only_1773468608,kdl_only,455,-0.3484831364191596,-0.7138099249895443,1.128953849360251,-0.287428451039753,0.3139126051295956,1.1236,1.0295484142206413,0.0,0.15123462677001953,0.0,0
kdl_only_1773468608,kdl_only,456,-0.34848803548367524,-0.7138234197698057,1.128980843650051,-0.4653278463284098,-0.5762150614489756,1.3188,0.26195212118895633,0.26542200558817125,0.05166792869567871,2.0047943592071533,1
kdl_only_1773468608,kdl_only,457,-0.4664433328781492,-0.5755552032306706,1.3183467879045097,0.403218230518521,-0.01436486891565636,1.3829,1.0370211875222142,0.0,0.05110645294189453,0.0,0
kdl_only_1773468608,kdl_only,458,-0.4664433328775335,-0.5755552032370895,1.3183467878987387,0.7100515278593669,-0.3406625215728744,1.2606,1.201103418008777,0.0,0.6023335456848145,0.0,0
kdl_only_1773468608,kdl_only,459,-0.4664433328776002,-0.5755552032329541,1.318346787899129,0.28136170856676257,0.28485254853617714,1.3134,1.139972960216397,0.0,0.10102534294128418,0.0,0
kdl_only_1773468608,kdl_only,460,-0.4664433328775993,-0.5755552032329525,1.3183467878991306,-0.6191142307021915,-0.27822044676355917,1.1373,0.38012405850705283,0.0,0.10141515731811523,0.0,0
kdl_only_1773468608,kdl_only,461,-0.46644333287759976,-0.5755552032329536,1.3183467878991315,-0.13536495875404864,-0.1493263628346746,1.0387,0.607853798360969,0.0,0.05205416679382324,0.0,0
kdl_only_1773468608,kdl_only,462,-0.4664433328775983,-0.5755552032329528,1.318346787899129,0.9961763104100105,-0.41228821394213816,1.1429,1.4821247943769718,1.70965872346997,0.10332679748535156,3.0104727745056152,1
kdl_only_1773468608,kdl_only,463,0.996781196960378,-0.4124779412748728,1.1438486923499274,0.884885152214772,0.1443440565882531,1.1359,0.5680093695037675,0.0,0.10138964653015137,0.0,0
kdl_only_1773468608,kdl_only,464,0.9967811969608039,-0.4124779412737684,1.1438486923503004,0.8342353327923302,0.42011070136044204,1.1599,0.8484589856198225,0.8922232197145348,0.05100226402282715,2.207486867904663,1
kdl_only_1773468608,kdl_only,465,0.8343145826363362,0.41973761877187477,1.1597452464680393,0.6234931027751236,-0.11021873074533162,1.2701,0.5809282230978065,0.0,2.0045230388641357,0.0,0
kdl_only_1773468608,kdl_only,466,0.8343124626167228,0.4197214665205665,1.1597442202572303,0.6659188389624542,0.15856636497379228,1.0692,0.32366132820173504,0.0,0.1015923023223877,0.0,0
kdl_only_1773468608,kdl_only,467,0.8343159929733005,0.4197250736492273,1.1597371677033128,1.0786154237375754,0.5449712033670414,1.1156,0.27805915639286294,0.0,0.10113668441772461,0.0,0
kdl_only_1773468608,kdl_only,468,0.8343145826336921,0.419737618638131,1.1597452465027125,-0.6119135710130583,0.25449639631979604,1.347,1.467632405155009,0.0,0.05156230926513672,0.0,0
kdl_only_1773468608,kdl_only,469,0.8343138971324804,0.4197340239197471,1.1597369675687073,0.12960003743052506,0.4121259604873889,1.3532,0.7308265537066434,0.0,0.05220341682434082,0.0,0
kdl_only_1773468608,kdl_only,470,0.8343130128611247,0.4197238585282487,1.159724092811087,0.29706912248928785,-0.04451260853703132,1.0321,0.7214113973045976,0.0,0.10156798362731934,0.0,0
kdl_only_1773468608,kdl_only,471,0.8343146690409917,0.4197234331210337,1.1597396383878675,0.49237066866327983,0.4569456863927498,1.2038,0.3467744382135573,0.0,0.20158123970031738,0.0,0
kdl_only_1773468608,kdl_only,472,0.8343128023204011,0.41972372766254923,1.1597394299929922,-0.5557380195200363,-0.10882003014720865,1.2713,1.4913234230036165,0.0,0.051291465759277344,0.0,0
kdl_only_1773468608,kdl_only,473,0.8343141980789696,0.4197333727788696,1.1597372535130592,0.5668471193539755,0.6197468731540255,1.2079,0.3374369403061408,0.34023640266906424,0.10168647766113281,1.6551263332366943,1
kdl_only_1773468608,kdl_only,474,0.5654095263368544,0.6201540992491763,1.2075952692225551,0.7127406599617341,-0.46265503801989294,1.1034,1.0977425676436798,0.0,0.10106396675109863,0.0,0
kdl_only_1773468608,kdl_only,475,0.5654099844689555,0.6201524003957404,1.2076031556385733,0.34788316241567485,-0.48465401463841823,1.2101,1.1260201451328453,0.0,20.03907608985901,0.0,0
kdl_only_1773468608,kdl_only,476,0.5654084387388489,0.6201584957891559,1.2076134416772542,0.22547695100965703,-0.7358145109920379,1.4524,1.4192028292687795,2.406208803098256,0.2581970691680908,6.823621034622192,1
kdl_only_1773468608,kdl_only,477,0.22606957235027103,-0.7359784369116834,1.4522115569708294,0.6050443573733022,-0.4647917103329638,1.292,0.49277973917639023,0.49863047114951004,0.15206050872802734,2.608398199081421,1
kdl_only_1773468608,kdl_only,478,0.6047287527784677,-0.4644561742392095,1.2917157201731377,-0.22502153641792721,-0.538427818843221,1.3478,0.8349268189911143,1.0588120114047648,0.10243940353393555,2.8142201900482178,1
kdl_only_1773468608,kdl_only,479,-0.2255679764825837,-0.53830721841221,1.348033056874462,1.1017346571772042,-0.2369427050835904,1.4284,1.3634557920084347,0.0,0.051912546157836914,0.0,0
kdl_only_1773468608,kdl_only,480,-0.2255788673808471,-0.5382981880396562,1.3480367218620577,0.8834400368817776,0.07184291517264152,1.3828,1.2662557329970467,3.206644104363871,0.8037705421447754,9.11922287940979,1
kdl_only_1773468608,kdl_only,481,0.8829307687080793,0.0710088184637519,1.382319568660068,0.5057151663566712,-0.7385781058077211,1.1902,0.9135822498663216,0.0,20.077843189239502,0.0,0
kdl_only_1773468608,kdl_only,482,0.8829307687080907,0.07100881846421464,1.3823195686600025,0.701099110591181,-0.6152308608830164,1.0029,0.8049514634350804,0.0,1.4147121906280518,0.0,0
kdl_only_1773468608,kdl_only,483,0.8829307687080906,0.07100881846421475,1.382319568660002,0.40008919234416074,-0.6538911611804015,1.1759,0.8951117286016038,0.9705778327939941,0.5716097354888916,3.2165329456329346,1
kdl_only_1773468608,kdl_only,484,0.40098985559787426,-0.6534412373855569,1.1761036174622206,0.23822830713285081,0.08619205390352902,1.3767,0.7834460006465673,0.8317463068247692,0.30452919006347656,2.508509874343872,1
kdl_only_1773468608,kdl_only,485,0.23890066726534132,0.08574114361717841,1.3767110048055224,-0.3382153327058792,0.3906178895874054,1.4267,0.6546079798602593,0.0,0.052710533142089844,0.0,0
kdl_only_1773468608,kdl_only,486,0.23890066726531256,0.08574114361716703,1.3767110048054896,-0.7569520582384333,-0.28375655011161244,1.4767,1.0668875272136862,0.0,0.0531613826751709,0.0,0
kdl_only_1773468608,kdl_only,487,0.238900667265317,0.08574114361716934,1.3767110048054931,0.6900348599807096,-0.03227231644922868,1.2095,0.4953874813939841,0.4957547756935283,0.25286149978637695,3.2095787525177,1
kdl_only_1773468608,kdl_only,488,0.6904320083178074,-0.03237259804191342,1.2096475139207792,-0.22252196234634447,-0.14665739087709528,1.3738,0.9346079419258164,0.0,0.05465197563171387,0.0,0
kdl_only_1773468608,kdl_only,489,0.6904338530232239,-0.0323669926306646,1.209634412330375,0.31268253283433034,0.26780111896464687,1.2731,0.4866465205273723,0.48674373919926045,0.2045590877532959,2.80944561958313,1
kdl_only_1773468608,kdl_only,490,0.31291317883758396,0.2670204484833154,1.2733390016979573,0.4005642254787496,-0.16420517477394503,1.3016,0.4409500290916563,0.44861691561652706,0.1013646125793457,1.7067985534667969,1
kdl_only_1773468608,kdl_only,491,0.40141993794268516,-0.16487579322785528,1.302184265869435,-0.6384576695898463,-0.17979068155729994,1.1103,1.05753839837129,0.0,0.10198020935058594,0.0,0
kdl_only_1773468608,kdl_only,492,0.40141993794268616,-0.16487579322785004,1.3021842658694358,0.2604508415722837,0.06459510182466044,1.1097,0.3310277487084486,0.0,0.10115671157836914,0.0,0
kdl_only_1773468608,kdl_only,493,0.4014199379426864,-0.1648757932278505,1.3021842658694363,-0.20999862571349048,-0.7070057224769429,1.2179,0.8214872839211561,0.0,0.5019409656524658,0.0,0
kdl_only_1773468608,kdl_only,494,0.40141993794268693,-0.16487579322785006,1.3021842658694371,-0.33177365463388575,-0.0311597751878675,1.0145,0.7988836301393635,0.0,0.10126471519470215,0.0,0
kdl_only_1773468608,kdl_only,495,0.4014199379426875,-0.16487579322785012,1.3021842658694376,-0.35907382392803644,-0.15265153929670316,1.1681,0.7723203898526858,3.2634353760310995,0.5054233074188232,8.718322277069092,1
kdl_only_1773468608,kdl_only,496,-0.35842959925524676,-0.15323746367237143,1.1684949707245318,-0.5041469898286783,0.3598319076593063,1.3396,0.5601345095221074,0.0,0.051774024963378906,0.0,0
kdl_only_1773468608,kdl_only,497,-0.3584295992143533,-0.15323746367285346,1.168494970467762,-0.6084426946715995,-0.6322535200977107,1.2022,0.5413861461366603,4.84542948450851,0.6522092819213867,11.424169778823853,1
kdl_only_1773468608,kdl_only,498,-0.6091836629864038,-0.6322722527420322,1.2022180185224225,-0.007161907416714075,0.2593443061683932,1.0825,1.0824706399073438,0.0,0.15151286125183105,0.0,0
kdl_only_1773468608,kdl_only,499,-0.6091797190230201,-0.6322753270654267,1.2022103639473956,0.336466246264685,-0.5570234909504601,1.2337,0.9491579045039423,0.0,0.1016991138458252,0.0,0
kdl_only_1773468608,kdl_only,500,-0.6091805796620058,-0.632275526685073,1.2022084920209481,1.0230101789874138,-0.6482516855262773,1.0638,1.6381266193232438,1.7314483357908552,0.10189461708068848,3.5083796977996826,1
kdl_only_1773468608,kdl_only,501,1.0230264363857728,-0.6483359206844228,1.0640284643290867,-0.3542993348354344,-0.4036511300750722,1.3111,1.420542597236851,0.0,20.03975009918213,0.0,0
kdl_only_1773468608,kdl_only,502,1.0230388293353951,-0.6483270515348794,1.0640324635633813,-0.3339956428130534,0.30041321256228215,1.0135,1.6565639671295986,0.0,0.1024482250213623,0.0,0
kdl_only_1773468608,kdl_only,503,1.023020281369692,-0.6483243592594852,1.0640288402551192,-0.7434442757073885,-0.07307717989276985,1.197,1.8625218597650839,3.5590576556728823,0.2096104621887207,6.21415376663208,1
kdl_only_1773468608,kdl_only,504,-0.7440258742625112,-0.07358738665955364,1.1973083361064618,0.9235590325286225,-0.5516768600844242,1.2822,1.7368406837001134,1.758570173149975,0.10160136222839355,3.407442331314087,1
kdl_only_1773468608,kdl_only,505,0.9221545304312548,-0.5512517413744343,1.2815729041817518,-0.18456552735497378,0.4933710169743125,1.0136,1.5452752088033057,0.0,0.10151028633117676,0.0,0
kdl_only_1773468608,kdl_only,506,0.922154531416585,-0.5512517446963064,1.2815729046050532,1.036447768611257,0.026671084076570928,1.3214,0.59046078414479,3.630326688583874,0.2518181800842285,5.91524600982666,1
kdl_only_1773468608,kdl_only,507,1.0362006047113077,0.02677239254229731,1.3205658381112846,-0.04295164159501208,-0.3855431952181417,1.0678,1.1825668199025001,0.0,0.15108370780944824,0.0,0
kdl_only_1773468608,kdl_only,508,1.0362006047110266,0.026772392544220855,1.3205658381109706,-0.36455741623550086,0.15583590242537837,1.2308,1.4095525277621408,0.0,20.035972118377686,0.0,0
kdl_only_1773468608,kdl_only,509,1.0362006047110284,0.026772392544206894,1.3205658381109733,0.046514188616282315,0.5925353229137321,1.0251,1.1776531565250419,0.0,0.10162544250488281,0.0,0
kdl_only_1773468608,kdl_only,510,1.0362006047110275,0.02677239254420681,1.320565838110972,-0.646862154352116,-0.5351868573181999,1.1896,1.7792275009686842,1.823667973174868,0.10133814811706543,3.3103232383728027,1
kdl_only_1773468608,kdl_only,511,-0.6458648700531509,-0.5352006232914701,1.1895133544347487,0.8129210266411351,0.028120111100189304,1.1058,1.5660122821678086,0.0,0.15376591682434082,0.0,0
kdl_only_1773468608,kdl_only,512,-0.6458661771624092,-0.5352045013726369,1.1895168127698765,0.83179687221858,0.2501468526084567,1.1634,1.6736029769975667,2.232920393903495,0.7113757133483887,10.260996580123901,1
kdl_only_1773468608,kdl_only,513,0.8317151103023407,0.2502544747899752,1.1630544834244034,0.2042927467731246,-0.6307093749439266,1.3806,1.1032144753295743,0.0,1.207890272140503,0.0,0
kdl_only_1773468608,kdl_only,514,0.8317151103023172,0.2502544747902554,1.1630544834244165,-0.5444348613963874,0.556389253978388,1.1896,1.4100396845781245,0.0,20.07456660270691,0.0,0
kdl_only_1773468608,kdl_only,515,0.8317151103023169,0.25025447479025476,1.1630544834244154,0.04326980190320351,-0.17723414586288522,1.376,0.9218125178983738,0.0,0.05131268501281738,0.0,0
kdl_only_1773468608,kdl_only,516,0.8317151103023166,0.25025447479025476,1.1630544834244154,-0.7495747041421027,-0.0388213605895642,1.416,1.6272749461052658,0.0,0.10174083709716797,0.0,0
kdl_only_1773468608,kdl_only,517,0.8317151103023173,0.25025447479025476,1.1630544834244154,-0.77002206328744,0.33734624595366147,1.1261,1.6045287731009528,0.0,0.10131955146789551,0.0,0
kdl_only_1773468608,kdl_only,518,0.8317151103023168,0.25025447479025514,1.1630544834244159,-0.5465520074971895,-0.2892845008665623,1.041,1.4851329405760842,0.0,0.10106229782104492,0.0,0
kdl_only_1773468608,kdl_only,519,0.831715110302317,0.25025447479025476,1.1630544834244154,-0.46692531463328774,0.4631385273809042,1.0097,1.324878926812075,0.0,0.40210413932800293,0.0,0
kdl_only_1773468608,kdl_only,520,0.8317151103023174,0.2502544747902553,1.1630544834244156,-0.39970590904178915,-0.12299714109532234,1.2697,1.2911575278986474,0.0,0.05108976364135742,0.0,0
kdl_only_1773468608,kdl_only,521,0.8317151103023175,0.2502544747902559,1.1630544834244163,-0.8191541711309405,-0.6534088916080839,1.5,1.9119385830331288,3.812548433206351,0.40182018280029297,10.527513980865479,1
kdl_only_1773468608,kdl_only,522,-0.8198660491192368,-0.6531346352840591,1.4998275947698647,0.19470696354227957,-0.05900561396088522,1.175,1.219778938301311,5.306675018360241,0.918271541595459,9.041309356689453,1
kdl_only_1773468608,kdl_only,523,0.19293116538690147,-0.05884122476353005,1.1745442317657535,0.7564084643096469,-0.2203029096846093,1.3251,0.6051806188630225,0.0,0.05346250534057617,0.0,0
kdl_only_1773468608,kdl_only,524,0.19291313667575127,-0.05882693955981778,1.1745604642284462,-0.46913487800892023,-0.023945086738425436,1.3906,0.697278565869163,0.696556997374019,0.1516883373260498,2.3071296215057373,1
kdl_only_1773468608,kdl_only,525,-0.46847923707961625,-0.024696278093138666,1.3900029425237226,0.27179005117645416,0.12891624171411742,1.3259,0.7587520099590401,0.0,0.05107474327087402,0.0,0
kdl_only_1773468608,kdl_only,526,-0.4684792370795322,-0.02469627808939011,1.3900029425238496,0.9407085155827597,-0.010618336403803608,1.3771,1.4093171384118186,0.0,0.6071088314056396,0.0,0
kdl_only_1773468608,kdl_only,527,-0.4684792370794857,-0.024696278088044102,1.390002942523914,0.6992439965686201,-0.3077694557092183,1.4748,1.2045324882487565,0.0,0.10186314582824707,0.0,0
kdl_only_1773468608,kdl_only,528,-0.46847923707948524,-0.02469627808804553,1.3900029425239133,-0.3241753060171827,0.6083585035107152,1.0997,0.7112367956335858,0.0,0.15160298347473145,0.0,0
kdl_only_1773468608,kdl_only,529,-0.46847923707948513,-0.02469627808804685,1.390002942523913,-0.5078663686302323,0.48534186155081416,1.0102,0.6371346209145199,0.0,0.10344719886779785,0.0,0
kdl_only_1773468608,kdl_only,530,-0.46847923707948513,-0.02469627808804542,1.3900029425239118,-0.0002789847939322909,0.10241948644590804,1.0762,0.5777907757743908,0.0,0.051619529724121094,0.0,0
kdl_only_1773468608,kdl_only,531,-0.46847923707948513,-0.024696278088044338,1.390002942523913,0.7197422072451227,-0.04884589310569898,1.0631,1.2326065627316571,0.0,0.25173163414001465,0.0,0
kdl_only_1773468608,kdl_only,532,-0.46847923707948536,-0.02469627808804685,1.390002942523913,1.0775066523303387,0.1747220783561837,1.3347,1.5597751333423053,0.0,0.05107736587524414,0.0,0
kdl_only_1773468608,kdl_only,533,-0.46847923707948524,-0.024696278088045587,1.390002942523913,0.8749808169598043,-0.15562916879707478,1.282,1.3541392004747876,0.0,0.9025781154632568,0.0,0
kdl_only_1773468608,kdl_only,534,-0.46847923707948547,-0.024696278088045587,1.390002942523913,0.23643576497127428,-0.01835291920344262,1.109,0.7588860599755797,0.0,0.0514836311340332,0.0,0
kdl_only_1773468608,kdl_only,535,-0.46847923707948524,-0.024696278088045642,1.3900029425239133,-0.7156161492375155,0.262076177727658,1.3497,0.3807091040961085,0.3815906813580017,0.10232424736022949,1.906930923461914,1
kdl_only_1773468608,kdl_only,536,-0.7159178264118469,0.26204767572598753,1.3495112375925644,0.7503838844738024,5.061935013805918e-05,1.3834,1.4899099345642675,0.0,0.1513195037841797,0.0,0
kdl_only_1773468608,kdl_only,537,-0.7159178264119177,0.26204767572769094,1.349511237593481,0.06085477568483855,0.38592909745418813,1.0839,0.830223832200139,0.0,0.10152769088745117,0.0,0
kdl_only_1773468608,kdl_only,538,-0.7159178264119163,0.2620476757277049,1.3495112375934797,0.10652907045009441,0.39501447284873803,1.3036,0.8343901419791234,2.802071891346525,0.20151376724243164,7.916315793991089,1
kdl_only_1773468608,kdl_only,539,0.10676706944334868,0.3941634674674749,1.3031841010803897,0.5382117882956075,0.39189406426090445,1.374,0.4372237266620044,0.43811987947436604,0.10182046890258789,1.9047980308532715,1
kdl_only_1773468608,kdl_only,540,0.5391811678776139,0.391419146320107,1.3735583722121394,-0.5916115162937101,-0.264928500486103,1.0573,1.3451779384296,0.0,0.10119986534118652,0.0,0
kdl_only_1773468608,kdl_only,541,0.5391751092559615,0.39141988773008485,1.3735571531856192,0.417574513235478,0.11015585171536446,1.4097,0.30854897226157557,0.0,0.051018714904785156,0.0,0
kdl_only_1773468608,kdl_only,542,0.5391811678779412,0.3914191463202642,1.3735583722133469,0.061091165783162205,0.6022901848328225,1.4824,0.5337444565759901,0.0,0.45178675651550293,0.0,0
kdl_only_1773468608,kdl_only,543,0.5391811678780203,0.39141914632020663,1.3735583722135198,0.46718392803351017,-0.2963070827968456,1.054,0.7617535835245822,0.0,0.10129070281982422,0.0,0
kdl_only_1773468608,kdl_only,544,0.5391751092558976,0.3914198877302642,1.3735571531857387,-0.5263849915172485,0.4327829937365505,1.0128,1.1257330760321662,0.0,0.10153436660766602,0.0,0
kdl_only_1773468608,kdl_only,545,0.539182619316373,0.3914126826888593,1.3735332340026005,-0.31947479268335854,0.14031974442066442,1.156,0.9206850290549219,0.0,0.051232337951660156,0.0,0
kdl_only_1773468608,kdl_only,546,0.5391751092558822,0.39141988773028746,1.3735571531857698,-0.2678742387870786,-0.4508266268661139,1.3387,1.1670145083307963,0.0,0.10187768936157227,0.0,0
kdl_only_1773468608,kdl_only,547,0.5391826193163614,0.3914126826888583,1.3735332340025095,0.421568650833003,0.5462308205482153,1.4791,0.22123752727738621,1.0626753545607182,0.3022637367248535,6.9143593311309814,1
kdl_only_1773468608,kdl_only,548,0.4218691650972466,0.5462955938312748,1.4791688317839369,0.6897026343280379,0.1706892573760176,1.1983,0.5400946101316089,0.5444166644748065,0.20165562629699707,2.4074487686157227,1
kdl_only_1773468608,kdl_only,549,0.6899352964597616,0.17174758301863105,1.1986339478708923,0.45639144219736316,0.02704542696712453,1.3575,0.3173639367489307,0.31715547742364897,0.20158720016479492,4.010221004486084,1
kdl_only_1773468608,kdl_only,550,0.4571263739971917,0.027458746650376425,1.358299632148425,0.039430093522217935,0.4449103994841487,1.038,0.6718094369169673,0.0,0.10131716728210449,0.0,0
kdl_only_1773468608,kdl_only,551,0.45712637399719125,0.027458746650375843,1.3582996321484242,1.0630182511081268,-0.5908699047696422,1.3453,0.8657969036395924,0.8685343080363942,0.15142440795898438,2.912619113922119,1
kdl_only_1773468608,kdl_only,552,1.0638974941023598,-0.590908102347075,1.346301709489344,0.593489967360056,0.5184371827216331,1.3136,1.2054043323812595,1.263843622844458,0.2549629211425781,3.213690996170044,1
kdl_only_1773468608,kdl_only,553,0.5940101671772164,0.51861138248481,1.3130083308379668,-0.2938234672245187,0.5083982020987395,1.051,0.9257436129172535,5.083073151253645,1.2088711261749268,9.126779556274414,1
kdl_only_1773468608,kdl_only,554,-0.29479306311311604,0.5080941980449609,1.0513502762877274,-0.8373110067998992,0.5799014306197118,1.3862,0.6415655347214073,0.0,0.4518721103668213,0.0,0
kdl_only_1773468608,kdl_only,555,-0.2947930631069458,0.5080941980694114,1.0513502762691171,0.7708602257502346,-0.3561898733778862,1.4251,1.422073396206593,0.0,1.2539443969726562,0.0,0
kdl_only_1773468608,kdl_only,556,-0.2947912113196702,0.5080861019812682,1.051335774146239,0.5217056073272972,-8.029308989310202e-05,1.3002,0.9933949581360025,0.0,0.6522185802459717,0.0,0
kdl_only_1773468608,kdl_only,557,-0.294797832462628,0.508094773916784,1.0513507224779426,-0.8484152000983621,-0.09891281545176889,1.0605,0.8216045962493862,1.2376841558561833,0.5022540092468262,4.709721803665161,1
kdl_only_1773468608,kdl_only,558,-0.8477967680355806,-0.09909620327803545,1.060886099427493,-0.2838746651215207,-0.330911140789403,1.4919,0.7466721408323347,0.749401223349412,0.8047101497650146,3.310359001159668,1
kdl_only_1773468608,kdl_only,559,-0.2847201911788986,-0.33132072593964934,1.492447503295521,0.9165378804705187,0.4280105634134833,1.3913,1.4247230534796878,0.0,20.066080808639526,0.0,0
kdl_only_1773468608,kdl_only,560,-0.284716299201638,-0.33132579300080545,1.4924571091810088,0.8955435513127907,-0.4883563333275463,1.1736,1.2326158206866076,0.0,1.9003753662109375,0.0,0
kdl_only_1773468608,kdl_only,561,-0.28471848332374916,-0.3313230834230232,1.4924666833900904,0.701854148383777,-0.6953630535178119,1.2142,1.087788124841345,0.0,20.048478841781616,0.0,0
kdl_only_1773468608,kdl_only,562,-0.28471857983140014,-0.3313216580141044,1.4924501553206944,0.8229896579860032,-0.02653362325410802,1.1853,1.1892243287853324,0.0,20.057057857513428,0.0,0
kdl_only_1773468608,kdl_only,563,-0.284716346960348,-0.3313200346076893,1.492447825770341,0.31417540320723125,-0.5850820620401551,1.253,0.6931102049829921,0.0,2.1178576946258545,0.0,0
kdl_only_1773468608,kdl_only,564,-0.28471304919077756,-0.331336339551878,1.492449769561758,0.45335492114327147,0.3964400622612222,1.1706,1.0853525206291283,0.0,20.062483549118042,0.0,0
kdl_only_1773468608,kdl_only,565,-0.28471556955125255,-0.331329610507086,1.492457078725252,0.15257866917849183,-0.15159273821895947,1.4248,0.47760765779851133,0.0,20.04319405555725,0.0,0
kdl_only_1773468608,kdl_only,566,-0.2847130491799853,-0.33133633955252845,1.49244976956934,0.6608294776571699,0.08404279421479088,1.4112,1.0359498153298508,0.0,0.05129075050354004,0.0,0
kdl_only_1773468608,kdl_only,567,-0.2847213203663306,-0.3313142577579414,1.49243232418039,0.3302515450205705,0.12441657794839256,1.0528,0.8826997225784207,0.0,0.25133180618286133,0.0,0
kdl_only_1773468608,kdl_only,568,-0.28471772480543667,-0.3313234616658685,1.4924680508192156,-0.402406865681134,-0.03901216965208354,1.4804,0.3153446736023984,0.31738001878653005,0.05134272575378418,3.3085758686065674,1
kdl_only_1773468608,kdl_only,569,-0.40263256010087767,-0.039451209556996034,1.481098632775839,0.09355613000734608,0.15315613261547922,1.3178,0.5567470232668678,0.55631416497836,0.10159587860107422,2.7092907428741455,1
kdl_only_1773468608,kdl_only,570,0.09294398132482062,0.15248698333512706,1.3173582353429232,0.6008031418619415,-0.04739043425359135,1.4144,0.5543365521875349,0.0,20.044623136520386,0.0,0
kdl_only_1773468608,kdl_only,571,0.09294398132455717,0.15248698333657845,1.3173582353429032,-0.36879588677145925,-0.24581384993613936,1.3537,0.6108747690267292,0.6121279500834639,0.15366721153259277,3.120234251022339,1
kdl_only_1773468608,kdl_only,572,-0.36949883018431906,-0.2457914119294206,1.3533591551649975,-0.5954722386493243,-0.36265714109474584,1.2177,0.28831404122365617,0.2892805464815237,0.20667767524719238,2.6208510398864746,1
kdl_only_1773468608,kdl_only,573,-0.5946156680985488,-0.3632137562094196,1.217384576401244,0.08240537717814755,-0.47356174269744805,1.3669,0.7020605641705195,0.702556227880832,0.2111363410949707,2.4250965118408203,1
kdl_only_1773468608,kdl_only,574,0.08286958977287506,-0.47322617751574136,1.3669191842867,-0.46274070953503815,-0.033229208515224706,1.4827,0.7104175734930473,0.0,0.15348315238952637,0.0,0
kdl_only_1773468608,kdl_only,575,0.08286958976290865,-0.47322617747824763,1.3669191842868005,-0.4388056203601179,-0.6925448479238717,1.135,0.6115817297002871,1.9251356747362076,1.2159423828125,11.431273460388184,1
kdl_only_1773468608,kdl_only,576,-0.43785565555438966,-0.6923534818427395,1.1347811627543967,0.717724816927189,0.042994835989419444,1.4041,1.395935533258846,0.0,0.0515437126159668,0.0,0
kdl_only_1773468608,kdl_only,577,-0.43786888056514994,-0.6923653966284942,1.1347904044814507,0.973735871915842,-0.19750133334009856,1.2691,1.5018513527675033,0.0,0.10145425796508789,0.0,0
kdl_only_1773468608,kdl_only,578,-0.43785683057111,-0.6923642503321668,1.1347946894629755,-0.647372304129376,-0.26866340179047504,1.2417,0.48461106893705147,0.5234248154174214,0.10128951072692871,2.907376766204834,1
kdl_only_1773468608,kdl_only,579,-0.6479900133976939,-0.2694096110016357,1.2424011407634656,0.10520932223411517,0.22190354452750682,1.2178,0.8996127345247319,0.0,0.1011953353881836,0.0,0
kdl_only_1773468608,kdl_only,580,-0.6479900133977021,-0.2694096110014623,1.2424011407635187,-0.32848211642031233,-0.20085247212883384,1.3655,0.34919723175683715,0.0,0.05274677276611328,0.0,0
kdl_only_1773468608,kdl_only,581,-0.6479900133977025,-0.2694096110014641,1.242401140763519,0.9258850070670919,0.23808085349746078,1.1342,1.6572074820199545,5.0243306015368105,1.153409481048584,12.025304794311523,1
kdl_only_1773468608,kdl_only,582,0.9256307917303507,0.23840313895175796,1.133876321663689,0.759752541526606,0.569253142780375,1.4259,0.4714394421695339,0.0,20.04179573059082,0.0,0
kdl_only_1773468608,kdl_only,583,0.9256307917279969,0.23840313892097653,1.1338763216658327,0.3883475157035128,-0.6727399858985535,1.4154,1.0945824290862243,0.0,20.10709857940674,0.0,0
kdl_only_1773468608,kdl_only,584,0.9256307917279971,0.23840313892097764,1.1338763216658334,0.3237225877456864,0.2003745411388418,1.0433,0.6098718966446962,0.0,0.4020509719848633,0.0,0
kdl_only_1773468608,kdl_only,585,0.9256307917279977,0.23840313892097784,1.1338763216658339,0.031260760749884264,-0.23592114810050058,1.4408,1.057867395230801,0.0,0.05135035514831543,0.0,0
kdl_only_1773468608,kdl_only,586,0.9256307917279976,0.23840313892097764,1.1338763216658334,0.6158348907562847,-0.645435468931307,1.1219,0.9366363313846967,0.9811576676046829,1.1041548252105713,4.410358667373657,1
kdl_only_1773468608,kdl_only,587,0.6160807885012232,-0.6453669651774778,1.1220185058874996,0.9935003604287094,0.17561881659728396,1.2324,0.9103006434100503,1.368009246796338,0.15197324752807617,3.410499334335327,1
kdl_only_1773468608,kdl_only,588,0.993653398360457,0.1753473802635245,1.232457173087651,0.30363568817532327,-0.7290797531458806,1.3052,1.1399142068083408,0.0,20.02715516090393,0.0,0
kdl_only_1773468608,kdl_only,589,0.9936538013627169,0.1753381515233021,1.232458045355393,0.34112061425943163,0.4574618674227583,1.1895,0.7122069537745641,0.7111136165032277,0.6640889644622803,2.916275978088379,1
kdl_only_1773468608,kdl_only,590,0.3430975870202432,0.4572321912696264,1.1904975893019485,0.9156624550405383,-0.6517061578551653,1.0143,1.2604048479462995,1.7013269919689327,0.5091133117675781,4.815571546554565,1
kdl_only_1773468608,kdl_only,591,0.9166382590479811,-0.6513448679477862,1.0141974121537634,-0.8497974975313481,-0.16312492658462396,1.4255,1.87825019953031,0.0,0.20423030853271484,0.0,0
kdl_only_1773468608,kdl_only,592,0.9166382590685722,-0.6513448679088605,1.0141974121545703,0.27101017550787976,-0.6829025146475063,1.0909,0.6509337864423075,0.0,0.5046775341033936,0.0,0
kdl_only_1773468608,kdl_only,593,0.9166382590648346,-0.6513448679183123,1.0141974121557884,-0.19284230601179142,0.25888437189294156,1.1061,1.4380231148846618,0.0,0.20360875129699707,0.0,0
kdl_only_1773468608,kdl_only,594,0.9166382590647173,-0.6513448679185532,1.0141974121557933,0.4995207824584045,-0.15227469966593643,1.3989,0.7556812179908554,0.0,20.077096223831177,0.0,0
kdl_only_1773468608,kdl_only,595,0.9166382590647348,-0.6513448679184959,1.014197412155783,-0.26588664542158247,0.34106560973117006,1.1702,1.5516380097475393,0.0,3.4064061641693115,0.0,0
kdl_only_1773468608,kdl_only,596,0.9166382590647346,-0.6513448679184956,1.0141974121557824,0.7570411446105278,0.4352906519466039,1.4402,1.1780179102308141,0.0,1.3732655048370361,0.0,0
kdl_only_1773468608,kdl_only,597,0.9166382590647336,-0.6513448679184962,1.0141974121557824,-0.2410059660875028,0.05694107782031255,1.3506,1.398204503664513,0.0,0.41374754905700684,0.0,0
kdl_only_1773468608,kdl_only,598,0.9166382590647344,-0.6513448679184959,1.0141974121557817,0.5254711797600604,0.20286849540819618,1.1381,0.9476518375923421,0.0,0.2622509002685547,0.0,0
kdl_only_1773468608,kdl_only,599,0.9166382590647346,-0.6513448679184961,1.0141974121557822,-0.0196908511679047,-0.5470756460314574,1.0051,0.9421608335151206,0.0,0.35484766960144043,0.0,0
kdl_only_1773468608,kdl_only,600,0.9166382590647346,-0.6513448679184969,1.014197412155783,-0.5668607810033723,-0.7080347778894983,1.474,1.5541562236672843,0.0,0.7687265872955322,0.0,0
kdl_only_1773468608,kdl_only,601,0.9166382590647346,-0.6513448679184972,1.0141974121557833,-0.19792254183587987,-0.6444678647233275,1.0428,1.1149489585216676,0.0,20.078517198562622,0.0,0
kdl_only_1773468608,kdl_only,602,0.9166382590647317,-0.651344867918497,1.0141974121557809,0.4690531079547886,0.08934068874799661,1.36,0.9319479551499767,0.0,2.2056686878204346,0.0,0
kdl_only_1773468608,kdl_only,603,0.9166382590647313,-0.651344867918497,1.0141974121557804,1.085287284920383,-0.11920177247653807,1.2443,0.6037929851209078,0.6298673493951419,0.20158028602600098,2.0067763328552246,1
kdl_only_1773468608,kdl_only,604,1.0861957722113236,-0.11871285425706844,1.2442476209899795,0.08943878472492639,-0.7051645468993544,1.3791,1.164317501384662,1.1738386722342158,0.20156192779541016,2.407083749771118,1
kdl_only_1773468608,kdl_only,605,0.08990613534125502,-0.7046857901494703,1.3787842094372316,-0.11150229486214391,-0.6894194787220714,1.3453,0.20474278571718257,0.0,20.054457664489746,0.0,0
kdl_only_1773468608,kdl_only,606,0.08990182809799208,-0.7046853934747817,1.3787756076069937,-0.5558305759299493,-0.7109142196450725,1.323,0.6481666871192113,0.6471583742814222,0.20291543006896973,3.8085782527923584,1
kdl_only_1773468608,kdl_only,607,-0.5546095358789088,-0.7116273567061921,1.3225770983349276,-0.29971686195019875,0.4937142934646447,1.2454,1.2344128455935977,1.4431517821990498,0.2023768424987793,3.0089704990386963,1
kdl_only_1773468608,kdl_only,608,-0.3005508884810695,0.49445221194117733,1.2454226010762048,-0.2507179661580867,0.477666645752128,1.3965,0.15996704612236531,0.16003686080592486,0.151763916015625,1.8052396774291992,1
kdl_only_1773468608,kdl_only,609,-0.25180429171500907,0.4778676017716836,1.396462369853394,1.0773140894831401,-0.34673092843704334,1.0465,1.6028075578729297,0.0,0.251706600189209,0.0,0
kdl_only_1773468608,kdl_only,610,-0.2518042917162171,0.4778676017509301,1.3964623697672593,-0.10891540481141992,-0.27530811875430916,1.1108,0.8181038378228797,0.0,0.05104637145996094,0.0,0
kdl_only_1773468608,kdl_only,611,-0.2518042917162179,0.4778676017509312,1.3964623697672596,0.22445616397957813,0.0013024122513455305,1.3459,0.6756441036069392,0.0,0.051271677017211914,0.0,0
kdl_only_1773468608,kdl_only,612,-0.25180429171621843,0.4778676017509307,1.396462369767259,-4.524368077551966e-05,-0.32759411539104755,1.1531,0.878280387500343,0.0,0.10143733024597168,0.0,0
kdl_only_1773468608,kdl_only,613,-0.2518042917162172,0.4778676017509301,1.3964623697672593,-0.7587424920815327,-0.27247647708110384,1.2908,0.9116836688307799,0.0,20.042205333709717,0.0,0
kdl_only_1773468608,kdl_only,614,-0.2518042917162181,0.47786760175093335,1.3964623697672618,0.232378893627587,-0.26584134837208256,1.2366,0.9017163283041717,0.0,0.2058408260345459,0.0,0
kdl_only_1773468608,kdl_only,615,-0.25180429171621754,0.47786760175093246,1.3964623697672618,0.007094710918766123,0.11744595763254173,1.2655,0.46269168720590836,0.9058872537650619,1.1236481666564941,4.3137712478637695,1
kdl_only_1773468608,kdl_only,616,0.0069403584002589724,0.11783764748261819,1.265595117286654,1.0968075067992018,0.4665524831926259,1.2128,1.145512881731503,1.1455998332217021,0.10110020637512207,3.508348226547241,1
kdl_only_1773468608,kdl_only,617,1.0966160434354237,0.46735758293858803,1.2133034213459934,0.3571490710123255,-0.46639716385197666,1.373,1.201753854868912,0.0,0.3518698215484619,0.0,0
kdl_only_1773468608,kdl_only,618,1.0966160433859806,0.4673575805871655,1.2133034214320557,0.06953224629889043,0.0031157783578292797,1.1654,1.1281472931141903,0.0,0.05118608474731445,0.0,0
kdl_only_1773468608,kdl_only,619,1.096640537170276,0.46736320038502066,1.213315301971765,0.9295390388776137,0.2492248055164148,1.3514,0.30752992354737335,0.0,0.05107760429382324,0.0,0
kdl_only_1773468608,kdl_only,620,1.0966130772457972,0.46736215805511305,1.2132992357632792,-0.6140470545418966,0.34316045733369205,1.1355,1.7169265767747128,0.0,0.05248069763183594,0.0,0
kdl_only_1773468608,kdl_only,621,1.096629082702211,0.4673623634565288,1.2133045419965063,-0.32642867972581047,0.4621224583189917,1.1257,1.4257613431394873,0.0,0.1017599105834961,0.0,0
kdl_only_1773468608,kdl_only,622,1.096640795516938,0.4673652014053088,1.213321904394312,0.04402304923960998,0.6048766575955294,1.0603,1.0725340197802484,1.1014582361119207,0.2517049312591553,2.2072315216064453,1
kdl_only_1773468608,kdl_only,623,0.04360836945216448,0.6048232380434667,1.0598399128425928,0.2938658768642759,-0.227296706518467,1.0963,0.8697021099833002,0.0,0.051320791244506836,0.0,0
kdl_only_1773468608,kdl_only,624,0.04360376251028811,0.6048188342213924,1.0598463971042873,0.6368840153105959,-0.21189334362515966,1.0598,1.0094554185095777,0.0,0.05102133750915527,0.0,0
kdl_only_1773468608,kdl_only,625,0.04360381636754024,0.604812187653293,1.0598269297122844,0.2711670359400662,0.4463029980881349,1.2679,0.34670532828004463,0.40841478921460417,0.25129246711730957,2.8080949783325195,1
kdl_only_1773468608,kdl_only,626,0.2705443614962085,0.44614111785891597,1.2681114788939118,0.7671425036146926,0.30746118985558224,1.3811,0.5278335372901962,0.5282177180801465,0.40211915969848633,3.3073410987854004,1
kdl_only_1773468608,kdl_only,627,0.7676100835830241,0.308084682607693,1.3810885050231185,-0.4756595102227057,-0.5928709750345802,1.0926,1.5622631012252575,0.0,20.038267612457275,0.0,0
kdl_only_1773468608,kdl_only,628,0.767607819086512,0.3080787727962838,1.3810848917945502,0.8056922690383939,0.4841059419385002,1.1082,0.326958948148056,0.0,3.196781873703003,0.0,0
kdl_only_1773468608,kdl_only,629,0.7676099419732894,0.3080824504676789,1.3810808203852885,0.015568367742194722,-0.0416657601081849,1.2421,0.8409554141617555,1.6397987501500728,1.1671216487884521,4.821741580963135,1
kdl_only_1773468608,kdl_only,630,0.01632817940165865,-0.041593685605537736,1.241865566940545,-0.8351119008402077,-0.08781707453131926,1.3623,0.8611569337771207,0.0,20.055728912353516,0.0,0
kdl_only_1773468608,kdl_only,631,0.016328179412997912,-0.04159368562232532,1.2418655669498158,0.499599279306548,-0.5582861321932405,1.4883,0.7491675180682391,0.0,0.05106067657470703,0.0,0
kdl_only_1773468608,kdl_only,632,0.016328179412997357,-0.041593685622325044,1.2418655669498146,0.7213945456207789,-0.35998393530240413,1.2623,0.7738917869462572,0.7741925798917116,0.20158076286315918,2.506579637527466,1
kdl_only_1773468608,kdl_only,633,0.7208997059626879,-0.3604079230080727,1.2620137699484486,-0.8554329689051047,0.6280058557070382,1.1415,1.8644865428736463,1.9973346589751075,0.30142712593078613,3.507887840270996,1
kdl_only_1773468608,kdl_only,634,-0.854928013395162,0.6278243399509327,1.1413741419535588,-0.28906435644184514,-0.7233308084854596,1.0503,1.4676908437199327,0.0,0.10128951072692871,0.0,0
kdl_only_1773468608,kdl_only,635,-0.8549280133806784,0.6278243399195456,1.1413741417202612,0.5946236935318749,-0.5467237052486478,1.0971,1.8662056320369915,0.0,0.05149126052856445,0.0,0
kdl_only_1773468608,kdl_only,636,-0.8549280133805961,0.6278243399192822,1.1413741417190018,0.4322273020580487,0.30964329166113547,1.1137,1.3261877105645692,0.0,0.10139608383178711,0.0,0
kdl_only_1773468608,kdl_only,637,-0.8549280133805934,0.62782433991924,1.1413741417188779,-0.6973854569120961,-0.07299938951725227,1.0897,0.7201692674380697,0.0,0.10167384147644043,0.0,0
kdl_only_1773468608,kdl_only,638,-0.8549280133805959,0.6278243399192385,1.1413741417188759,-0.06611493855300599,-0.652302474151308,1.0071,1.5096291836923745,0.0,0.05155324935913086,0.0,0
kdl_only_1773468608,kdl_only,639,-0.8549280133805959,0.6278243399192377,1.1413741417188747,0.7289221862382782,0.559123347675183,1.2671,1.5903170352507046,0.0,20.029901266098022,0.0,0
kdl_only_1773468608,kdl_only,640,-0.8549280133805923,0.627824339919241,1.1413741417188796,0.16274681988542894,-0.33139675849137723,1.1372,1.3984936915689632,0.0,0.20424866676330566,0.0,0
kdl_only_1773468608,kdl_only,641,-0.854928013380591,0.6278243399192409,1.1413741417188796,0.7017298091806639,0.2285368197644434,1.4871,1.6438188675692746,6.083574243091185,1.2669179439544678,16.535588264465332,1
kdl_only_1773468608,kdl_only,642,0.7019277512046103,0.22804412113108552,1.4870136318699163,-0.0745051538221132,-0.3372708611781259,1.2767,0.9831891521888428,0.988909646627089,0.10150480270385742,3.1073572635650635,1
kdl_only_1773468608,kdl_only,643,-0.07334724876410104,-0.33659334546971054,1.2771635799786814,0.7195027972144252,0.5337593456901674,1.3487,1.1795094157347195,0.0,20.021188735961914,0.0,0
kdl_only_1773468608,kdl_only,644,-0.0733472487640835,-0.3365933454696931,1.2771635799785344,-0.2357955201266979,-0.08837558076363028,1.0631,0.36582060611398365,0.0,0.1025390625,0.0,0
kdl_only_1773468608,kdl_only,645,-0.07334724876408372,-0.3365933454696915,1.2771635799785335,1.0673405702764713,0.08619951396360237,1.4342,1.2266144217758235,1.2281516491196727,0.10110664367675781,3.2070248126983643,1
kdl_only_1773468608,kdl_only,646,1.0674268234385562,0.08627808925803687,1.434398834761128,-0.6293712152816018,0.4780175762846578,1.2454,1.7516574920461816,2.878339232041702,0.702101469039917,11.125781536102295,1
kdl_only_1773468608,kdl_only,647,-0.6284932349393894,0.4784879356093398,1.2461962006364682,0.288184010714875,0.11545302747263908,1.4364,1.0041259893650964,0.0,0.05217766761779785,0.0,0
kdl_only_1773468608,kdl_only,648,-0.6284932349396926,0.4784879356126431,1.2461962006402107,-0.39349140961462037,0.2379709170640545,1.287,0.3387318174600842,0.33877894970768874,0.15620970726013184,2.91898250579834,1
kdl_only_1773468608,kdl_only,649,-0.3935357186694982,0.23815722409693882,1.2876416873764138,0.22205691740243627,-0.02828656796502782,1.2347,0.6728665619397471,0.0,0.052466630935668945,0.0,0
kdl_only_1773468608,kdl_only,650,-0.39353571866920056,0.23815722409879497,1.2876416873760275,-0.3350666079546122,-0.060540489048141355,1.2202,0.31174884433320693,0.31449516700052416,0.15317988395690918,2.819014072418213,1
kdl_only_1773468608,kdl_only,651,-0.33536626214968956,-0.06168530456072161,1.2204372748730208,0.37478335523942197,-0.6683477841533301,1.0922,0.9427601189540277,0.0,20.058067798614502,0.0,0
kdl_only_1773468608,kdl_only,652,-0.33536626214792586,-0.061685304551437115,1.220437274872546,-0.8727330384651101,-0.040708562688046235,1.0257,0.5719490206421474,0.0,0.15150761604309082,0.0,0
kdl_only_1773468608,kdl_only,653,-0.33536626214792575,-0.061685304551437115,1.2204372748725456,0.5282273981372294,-0.6568644598915563,1.4705,1.0782224276717018,4.900767497484664,0.502138614654541,11.224080801010132,1
kdl_only_1773468608,kdl_only,654,0.5279001590442548,-0.656653950972529,1.470907955896935,-0.38379509124182976,0.2750021731529463,1.2389,1.32400870639667,0.0,0.05108475685119629,0.0,0
kdl_only_1773468608,kdl_only,655,0.5279001197292839,-0.6566539354775449,1.4709088218550166,-0.159016372937552,-0.37147962450766187,1.4111,0.7461606735191422,0.0,0.853203296661377,0.0,0
kdl_only_1773468608,kdl_only,656,0.5278948629436925,-0.6566509219571365,1.4708913920853584,0.6906641590600464,0.48243232696994964,1.2004,1.1820194943133444,0.0,20.022802352905273,0.0,0
kdl_only_1773468608,kdl_only,657,0.5279103030614846,-0.6566609438342236,1.4709269838035561,-0.12515561704495182,0.5816437442574088,1.037,1.4656692068222736,0.0,0.10187840461730957,0.0,0
kdl_only_1773468608,kdl_only,658,0.5278998584090447,-0.6566576208841851,1.4709136472444055,0.10573942818563264,-0.21037054130394084,1.3147,0.6338724554924904,4.48648258684549,0.9527397155761719,14.234366655349731,1
kdl_only_1773468608,kdl_only,659,0.10628526528434312,-0.21080598313009608,1.3149981380605105,-0.8643519995530874,-0.5136064560613489,1.0268,1.0568268510404264,0.0,0.15264368057250977,0.0,0
kdl_only_1773468608,kdl_only,660,0.10628526521078396,-0.2108059827897353,1.3149981381554625,1.0417061551650382,0.302665923804576,1.0746,1.0938267253331393,0.0,1.6828289031982422,0.0,0
kdl_only_1773468608,kdl_only,661,0.10628526519495085,-0.2108059827519176,1.3149981381840408,-0.2822605224766237,-0.5982285968273232,1.2814,0.5497207890409265,0.5491932026357462,0.3549952507019043,2.5084774494171143,1
kdl_only_1773468608,kdl_only,662,-0.28148792826858493,-0.5979567205608276,1.2818574843193824,-0.7774953234364869,-0.24829065985205573,1.1519,0.6206276160496408,0.0,0.10119080543518066,0.0,0
kdl_only_1773468608,kdl_only,663,-0.2814844685637965,-0.5979539834465843,1.2818513226605435,-0.015330852408945383,-0.11412074251113002,1.497,0.5926392712159115,0.5984137812847231,0.15117526054382324,2.3060317039489746,1
kdl_only_1773468608,kdl_only,664,-0.01633843835327642,-0.11384565595910122,1.4962647833708964,-0.14003012663341596,-0.6710642022624129,1.0592,0.7189003873674125,0.0,0.852684736251831,0.0,0
kdl_only_1773468608,kdl_only,665,-0.01633843835353377,-0.11384565589076241,1.4962647833708687,0.756560535670151,0.4253781535387363,1.3822,0.9492870564312821,0.0,0.05095934867858887,0.0,0
kdl_only_1773468608,kdl_only,666,-0.016338438353533546,-0.1138456558907623,1.4962647833708669,0.06306253585102972,0.4663353579041206,1.3032,0.6165943026421277,0.6387580283466031,0.1513500213623047,3.5079762935638428,1
kdl_only_1773468608,kdl_only,667,0.06276433385509161,0.46679011996696584,1.3029005122927884,0.3315647063048961,-0.33725576981630173,1.3954,0.8528186139693579,0.0,0.051306962966918945,0.0,0
kdl_only_1773468608,kdl_only,668,0.06276433385154778,0.46679011995812836,1.3029005122957305,0.5909001620182794,-0.30932802966915707,1.1128,0.9578230734062215,0.0,0.052498579025268555,0.0,0
kdl_only_1773468608,kdl_only,669,0.06276433385245261,0.46679011996436076,1.302900512297816,0.5405760426661483,-0.469278212295571,1.2613,1.051788264986254,5.408040191007461,0.5525436401367188,12.628862857818604,1
kdl_only_1773468608,kdl_only,670,0.540108153896794,-0.46899856419491587,1.2609954932829466,-0.14404817226730493,-0.6631816578415994,1.2253,0.712075221257745,0.7128350064687333,0.15128803253173828,2.8094351291656494,1
kdl_only_1773468608,kdl_only,671,-0.14457461973591113,-0.6632787270498166,1.2247185740509323,-0.3426313147251605,0.40494983016977526,1.2214,1.0864390078707808,3.842760973219814,0.6526193618774414,14.728956460952759,1
kdl_only_1773468608,kdl_only,672,-0.34368083920962256,0.4043984118217813,1.2214448660532011,-0.20438112630365834,-0.7164438351192162,1.4301,1.1485768226225814,1.2474833833450183,0.2513442039489746,2.405297040939331,1
kdl_only_1773468608,kdl_only,673,-0.203824434198705,-0.7162022766164314,1.4299181942344863,0.1038576063748392,-0.18750588727180983,1.495,0.6151615654762901,0.0,0.05121326446533203,0.0,0
kdl_only_1773468608,kdl_only,674,-0.20382443422625773,-0.7162022765575791,1.4299181942255292,-0.8533309865246298,-0.10533325091088563,1.1527,0.9337396078044038,0.0,0.10111284255981445,0.0,0
kdl_only_1773468608,kdl_only,675,-0.20382443424376506,-0.7162022765290266,1.4299181942324966,0.46988877410364527,-0.31449905922220245,1.3105,0.7934202335522866,7.856707455142805,0.2560737133026123,13.329739809036255,1
kdl_only_1773468608,kdl_only,676,0.47009322221857264,-0.31419625569300874,1.3104645475960646,0.16020876645050341,0.5980429931856396,1.3048,0.9634525988448114,0.0,20.07088017463684,0.0,0
kdl_only_1773468608,kdl_only,677,0.4700932222185654,-0.31419625569303317,1.3104645475960268,0.6534535757025641,0.3660317083393486,1.37,0.7070187920942145,0.0,0.05132174491882324,0.0,0
kdl_only_1773468608,kdl_only,678,0.4700930954312811,-0.31419626164905634,1.3104645869451055,-0.8382112158073415,-0.3399939687875041,1.4738,1.3187130657034458,0.0,0.0512242317199707,0.0,0
kdl_only_1773468608,kdl_only,679,0.47009322221856553,-0.3141962556930334,1.3104645475960268,-0.18307453434045307,-0.23223020879870215,1.1039,0.6899387388568469,0.0,0.10140419006347656,0.0,0
kdl_only_1773468608,kdl_only,680,0.47009322221856553,-0.31419625569303344,1.3104645475960264,0.40828122592637817,0.5955431658036748,1.1055,0.9345892165449132,0.0,0.10167646408081055,0.0,0
kdl_only_1773468608,kdl_only,681,0.4700932222185652,-0.31419625569303333,1.3104645475960264,0.9079471184655314,0.33311461987231217,1.3302,0.7817396575365823,0.0,0.9541418552398682,0.0,0
kdl_only_1773468608,kdl_only,682,0.47009309543128097,-0.3141962616490564,1.3104645869451055,-0.08415350936417543,-0.3267937885831933,1.0785,0.6009622003160936,0.0,0.10187840461730957,0.0,0
kdl_only_1773468608,kdl_only,683,0.4700930954312814,-0.3141962616490566,1.3104645869451057,-0.3842315954735552,-0.07787810621818292,1.0869,0.9141652326641124,0.0,0.1015620231628418,0.0,0
kdl_only_1773468608,kdl_only,684,0.47009309543128064,-0.31419626164905645,1.310464586945105,-0.7583523011957277,0.5730031865577921,1.0375,1.539711212896346,0.0,0.15175843238830566,0.0,0
kdl_only_1773468608,kdl_only,685,0.47009322221856487,-0.3141962556930333,1.3104645475960255,1.0918119009002851,0.005118725267561297,1.0013,0.7642505413657644,0.0,0.10165214538574219,0.0,0
kdl_only_1773468608,kdl_only,686,0.470093222218565,-0.3141962556930332,1.3104645475960268,-0.14822075694596204,-0.4333261377587037,1.2253,0.6354188428103841,0.0,1.6066415309906006,0.0,0
kdl_only_1773468608,kdl_only,687,0.4700932222185653,-0.3141962556930334,1.3104645475960268,0.36062383758380534,0.3305362297967972,1.2969,0.6541005434714854,0.0,20.04194688796997,0.0,0
kdl_only_1773468608,kdl_only,688,0.47009309543128086,-0.3141962616490567,1.310464586945105,0.7346473120081394,0.13080176764296303,1.1456,0.5433162169592922,0.0,0.10129308700561523,0.0,0
kdl_only_1773468608,kdl_only,689,0.4700930954312803,-0.3141962616490566,1.3104645869451057,-0.35786833114070526,-0.26870590552895474,1.1157,0.8517762269040788,0.0,0.10225605964660645,0.0,0
kdl_only_1773468608,kdl_only,690,0.47009322221856586,-0.314196255693032,1.3104645475960268,0.05851674748903035,0.4800539227821242,1.3535,0.8955895213334198,3.0714275715306214,0.3015131950378418,5.712026596069336,1
kdl_only_1773468608,kdl_only,691,0.05773091651226536,0.4806438398155207,1.3538899939693059,-0.5810453662390808,-0.7322256542793862,1.3515,1.370800226576738,0.0,0.8552272319793701,0.0,0
kdl_only_1773468608,kdl_only,692,0.05772615828984687,0.48064383664069765,1.3538922251868601,-0.6068672455116899,0.5732014823320027,1.227,0.6829003931506428,0.0,0.10121273994445801,0.0,0
kdl_only_1773468608,kdl_only,693,0.05773647017887734,0.4806507886283611,1.3538861269477351,0.11919627802863031,0.19079833717803818,1.3437,0.2964717672475504,0.0,0.05136442184448242,0.0,0
kdl_only_1773468608,kdl_only,694,0.05772615828992875,0.4806438366405756,1.35389222518665,0.7264056029320753,-0.11142046806674344,1.462,0.899644169419546,0.0,0.30304861068725586,0.0,0
kdl_only_1773468608,kdl_only,695,0.05773091645274356,0.48064383662782295,1.3538899921065215,-0.7859903136815638,-0.5152598025271058,1.3939,1.3058676707051966,1.7495035234386211,0.20125460624694824,4.415156841278076,1
kdl_only_1773468608,kdl_only,696,-0.7863217455124426,-0.515103004978525,1.3938465705499778,-0.7739415651965167,0.4161746384072059,1.3125,0.9349056543175777,1.0069270744294248,0.2532162666320801,4.837998151779175,1
kdl_only_1773468608,kdl_only,697,-0.7735545809757669,0.4158170696377258,1.312122302950319,0.8192017148186501,-0.4105234229443796,1.3306,1.7944505155511667,0.0,0.05361223220825195,0.0,0
kdl_only_1773468608,kdl_only,698,-0.7735545809757677,0.4158170696378276,1.3121223029503162,1.0127338841371516,0.6238817099092168,1.4668,1.8050048656697093,0.0,20.06884765625,0.0,0
kdl_only_1773468608,kdl_only,699,-0.7735545809757887,0.41581706963782744,1.312122302950366,0.25582784310199935,-0.3863895899160518,1.2126,1.3088423848643507,3.2275608301834384,0.6529369354248047,10.621535778045654,1
kdl_only_1773468608,kdl_only,700,0.2556657062178343,-0.38639452577782774,1.2127976653955126,-0.7281523440624563,0.11209964558409624,1.2723,1.1045066422446306,0.0,20.014570951461792,0.0,0
kdl_only_1773468608,kdl_only,701,0.2559862762526431,-0.38626142122354457,1.21282630892139,0.6979235204835756,0.5044529426531971,1.3238,1.0004977591011337,0.0,20.016971826553345,0.0,0
kdl_only_1773468608,kdl_only,702,0.2559842722790009,-0.3862499948202677,1.2128256282562022,0.16053300394595738,0.5998210655803261,1.4542,1.019661055508472,0.0,0.1538538932800293,0.0,0
kdl_only_1773468608,kdl_only,703,0.2559892055524807,-0.3862393958819741,1.2128159070920783,0.07221601101951647,0.2439870349611335,1.4133,0.6864049917295221,0.0,0.06043529510498047,0.0,0
kdl_only_1773468608,kdl_only,704,0.25598612515572683,-0.38624084514259654,1.212819375660314,0.4482021494703994,-0.5194505520070305,1.0357,0.29336512955793953,0.0,0.2547121047973633,0.0,0
kdl_only_1773468608,kdl_only,705,0.2559823672716854,-0.38624717517684154,1.2128323002546142,0.11581120711023685,-0.7263703175496284,1.083,0.39011297377548193,0.0,20.073813438415527,0.0,0
kdl_only_1773468608,kdl_only,706,0.2559822360707569,-0.3862515890202519,1.2128290987732555,0.9627166436317918,-0.42879810482464153,1.1538,0.7104703817469965,0.0,0.902662992477417,0.0,0
kdl_only_1773468608,kdl_only,707,0.25598223606844367,-0.3862515890219149,1.2128290987743626,-0.23545008049477467,0.42220983111243904,1.3745,0.9598192902372078,0.0,0.15231037139892578,0.0,0
kdl_only_1773468608,kdl_only,708,0.2559842722722415,-0.3862499948247651,1.212825628259473,-0.02331259440488853,-0.7029207447514066,1.2846,0.42829740138542927,0.0,20.022976636886597,0.0,0
kdl_only_1773468608,kdl_only,709,0.2559892055828141,-0.3862393958352739,1.2128159070580002,-0.6381278000284636,-0.34607209393880634,1.1443,0.8976374888477532,0.0,0.10131621360778809,0.0,0
kdl_only_1773468608,kdl_only,710,0.25598612515618263,-0.3862408451708397,1.2128193756832273,1.0956314405683147,-0.6812918751800238,1.0622,0.9026325732734358,0.0,0.9036059379577637,0.0,0
kdl_only_1773468608,kdl_only,711,0.2559861251561943,-0.3862408451715474,1.2128193756838015,-0.09514787489317056,0.2933600733788092,1.3443,0.7761698583787786,0.0,0.051451921463012695,0.0,0
kdl_only_1773468608,kdl_only,712,0.25598223602591286,-0.3862515890525555,1.2128290987947623,0.2708569655279518,-0.2523155271211091,1.3499,0.19222007756912166,0.0,0.05120134353637695,0.0,0
kdl_only_1773468608,kdl_only,713,0.255986068177536,-0.38624763772348447,1.2128237196410607,0.24499472514803222,-0.25031319386482426,1.4713,0.292248131143637,0.0,0.1012413501739502,0.0,0
kdl_only_1773468608,kdl_only,714,0.2559842722668311,-0.38624999482836725,1.2128256282620893,-0.49326278155357534,0.5186605050920506,1.2502,1.1754280089344404,2.7769020793995014,0.7530121803283691,6.814176797866821,1
kdl_only_1773468608,kdl_only,715,-0.49225998291268236,0.5181331627277901,1.2495481131469768,-0.4352697841673163,-0.6895102303905329,1.2469,1.208990264724498,1.330390243554277,0.15179061889648438,3.909419298171997,1
kdl_only_1773468608,kdl_only,716,-0.434193443575861,-0.6891197037609949,1.2459589969055713,0.8449388426308926,-0.35487420577556533,1.0402,1.3379970939234624,0.0,0.05113959312438965,0.0,0
kdl_only_1773468608,kdl_only,717,-0.43418848587560477,-0.6891191261962553,1.2459593215432592,-0.007630675878305571,0.054042058835830686,1.0199,0.8861957622695931,0.0,0.051030874252319336,0.0,0
kdl_only_1773468608,kdl_only,718,-0.43418612888968267,-0.6891117282066012,1.2459425259220769,-0.31309279724180683,-0.2579087619411845,1.216,0.4488832230594843,5.657355632066097,0.7523164749145508,19.44059467315674,1
kdl_only_1773468608,kdl_only,719,-0.31274011576209404,-0.25776622379041403,1.2160125728354485,0.8960504068781925,-0.1666784563026511,1.1612,1.2134561908662889,0.0,20.0567843914032,0.0,0
kdl_only_1773468608,kdl_only,720,-0.3127401157620873,-0.25776622379040937,1.2160125728353393,0.1131239869535745,-0.4617695301552918,1.1252,0.4808580938016887,0.0,0.05157041549682617,0.0,0
kdl_only_1773468608,kdl_only,721,-0.3127401157620867,-0.25776622379040887,1.2160125728353397,-0.21583876644882194,0.431811497025791,1.0457,0.7168777280754294,0.0,0.10121583938598633,0.0,0
kdl_only_1773468608,kdl_only,722,-0.3127401157620876,-0.2577662237904076,1.2160125728353393,-0.736226951441398,0.5496379311712704,1.481,0.9494529509135262,0.0,0.05108070373535156,0.0,0
kdl_only_1773468608,kdl_only,723,-0.31274011576208677,-0.25776622379040864,1.2160125728353393,0.7341613475576942,0.4054248249490492,1.418,1.2556368749610056,0.0,0.8531496524810791,0.0,0
kdl_only_1773468608,kdl_only,724,-0.31274011576208727,-0.25776622379040814,1.2160125728353393,0.6553654210184392,0.15649004375382158,1.2876,1.055443672240657,0.0,0.05276989936828613,0.0,0
kdl_only_1773468608,kdl_only,725,-0.31274011576208716,-0.2577662237904099,1.2160125728353397,0.19548540352276933,-0.3548828861676149,1.4754,0.5787976001459855,0.0,0.05603170394897461,0.0,0
kdl_only_1773468608,kdl_only,726,-0.31274011576208693,-0.25776622379040887,1.216012572835339,-0.6195679999771684,0.30886123520879283,1.4998,0.7040918488667038,0.0,0.05304265022277832,0.0,0
kdl_only_1773468608,kdl_only,727,-0.3127401157620871,-0.25776622379040864,1.2160125728353388,0.16261517891163635,-0.667932306918664,1.3361,0.6392338086225925,0.0,20.0659396648407,0.0,0
kdl_only_1773468608,kdl_only,728,-0.3127401157620906,-0.25776622379040653,1.2160125728353348,-0.2700781376808913,-0.3253829881615924,1.1348,0.11396294654124978,0.0,0.1530454158782959,0.0,0
kdl_only_1773468608,kdl_only,729,-0.31274011576209015,-0.25776622379040565,1.2160125728353348,0.5725613818824087,0.5854457167242183,1.0201,1.2382030748439412,0.0,0.15300321578979492,0.0,0
kdl_only_1773468608,kdl_only,730,-0.312740115762091,-0.2577662237904065,1.216012572835335,0.5974385200321732,0.422736470870381,1.3781,1.1479466017815294,3.2133732872919647,2.1624577045440674,13.932340145111084,1
kdl_only_1773468608,kdl_only,731,0.5978411860827294,0.42249949388207814,1.377734929680365,-0.2282650443663523,0.23614171167735676,1.2353,0.8587598244958273,2.5225047209349793,0.3015115261077881,10.321763753890991,1
kdl_only_1773468608,kdl_only,732,-0.22820869251790327,0.23663313730779426,1.2355194219882062,-0.13779492183130937,0.4962658303333324,1.3258,0.2893689132985866,0.0,0.15105152130126953,0.0,0
kdl_only_1773468608,kdl_only,733,-0.22820869251852371,0.2366331372833517,1.2355194219867687,0.6219200506898841,-0.2027497937876348,1.458,0.982483510161234,0.0,0.051369428634643555,0.0,0
kdl_only_1773468608,kdl_only,734,-0.22820869251855813,0.23663313728284874,1.235519421986838,-0.7175005720594603,0.005138821808710725,1.0907,0.5603292125760625,0.0,0.10124492645263672,0.0,0
kdl_only_1773468608,kdl_only,735,-0.22820869251856846,0.2366331372827722,1.2355194219868708,0.6742120639374543,0.05910380042638941,1.2927,0.9214930849600788,0.0,0.05137491226196289,0.0,0
kdl_only_1773468608,kdl_only,736,-0.22820869251856885,0.23663313728278107,1.235519421986873,-0.34712359536506443,0.08353503015795838,1.3174,0.21043814668438543,0.0,0.051500797271728516,0.0,0
kdl_only_1773468608,kdl_only,737,-0.22820869251856796,0.23663313728278573,1.2355194219868721,0.6313484699584673,-0.602143065372664,1.2459,1.201037797118207,2.83516624893385,0.2018449306488037,7.014830589294434,1
kdl_only_1773468608,kdl_only,738,0.6309316947145509,-0.6029303907469257,1.2464371288406957,-0.14108551343279763,0.5388387611707296,1.0456,1.3928326957202586,7.176375156222933,0.8027009963989258,17.737140893936157,1
kdl_only_1773468608,kdl_only,739,-0.1401942127515726,0.5388144087191311,1.0458929456703716,0.5427953920267652,-0.10860201840077433,1.174,0.9497548355807346,0.0,0.05124068260192871,0.0,0
kdl_only_1773468608,kdl_only,740,-0.1401919203588316,0.5387999786148222,1.045888465225607,0.5718404642018282,0.4409633018038125,1.1667,0.7288055700439628,0.0,0.10175800323486328,0.0,0
kdl_only_1773468608,kdl_only,741,-0.14019802273835194,0.5387922097112503,1.0458683740842387,-0.48603312494023276,-0.26850015761552404,1.3351,0.9246501055474594,0.0,0.10115456581115723,0.0,0
kdl_only_1773468608,kdl_only,742,-0.1401935842302183,0.5387984069069018,1.0458869947631926,0.8246567774683911,0.22040738982501695,1.4289,1.0858213584236154,2.074278902808769,0.3015098571777344,9.018461465835571,1
kdl_only_1773468608,kdl_only,743,0.824018327546639,0.22122471814378608,1.4284527891475478,1.0041337022090848,-0.06114047353963514,1.1649,0.426182733497804,0.0,0.10151505470275879,0.0,0
kdl_only_1773468608,kdl_only,744,0.8240123001174752,0.22122299375001836,1.4284524685829116,0.6852596027814168,0.2661259626718627,1.3468,0.16713980154861768,0.16900388274733405,0.10125541687011719,3.5093753337860107,1
kdl_only_1773468608,kdl_only,745,0.6840881242273644,0.2669013672057281,1.346254597301884,0.7898927035370973,-0.7273116907341028,1.1441,1.0200591623975868,1.1031956732168633,0.20252442359924316,2.4087507724761963,1
kdl_only_1773468608,kdl_only,746,0.789399961502045,-0.727630061531955,1.144701570126153,-0.005555247610260716,-0.42014654153556086,1.4726,0.9132454652928186,0.0,0.052825212478637695,0.0,0
kdl_only_1773468608,kdl_only,747,0.7893999615152216,-0.7276300615105314,1.1447015701303158,0.21002488646629347,0.5857064682019449,1.4068,1.4591860418758518,0.0,20.05381727218628,0.0,0
kdl_only_1773468608,kdl_only,748,0.7893999615136349,-0.7276300615369872,1.1447015701463574,0.5509757235932942,0.4422680073589721,1.275,1.2010350909347798,0.0,0.2022266387939453,0.0,0
kdl_only_1773468608,kdl_only,749,0.7893999615136353,-0.7276300615369878,1.144701570146358,0.22246542407415681,-0.1981352409457905,1.2274,0.7801400932363863,3.026784088443963,0.10143160820007324,5.52209210395813,1
kdl_only_1773468608,kdl_only,750,0.22303453205706425,-0.19849532373886347,1.2271465161817163,-0.5612845013878042,-0.3173514814466976,1.1573,0.7963426826886054,0.0,0.10216736793518066,0.0,0
kdl_only_1773468608,kdl_only,751,0.22303453205702994,-0.19849532373912687,1.2271465161815927,0.4602973345220358,0.3516402397409456,1.1616,0.6026932233090305,0.0,0.1529855728149414,0.0,0
kdl_only_1773468608,kdl_only,752,0.22303453205703028,-0.1984953237391273,1.2271465161815929,0.26020053859090986,0.40130893770708453,1.4851,0.6539774184975848,0.0,0.152634859085083,0.0,0
kdl_only_1773468608,kdl_only,753,0.22303453205703083,-0.19849532373912737,1.2271465161815938,0.46290747957452694,-0.6717776120094923,1.2021,0.5311896867541754,0.5415972617536265,0.1532151699066162,3.815770149230957,1
kdl_only_1773468608,kdl_only,754,0.464587763071882,-0.6713308499970954,1.2023048605106383,-0.2649687797471162,-0.258035016256462,1.2573,0.8402920091996761,0.0,20.023983478546143,0.0,0
kdl_only_1773468608,kdl_only,755,0.4645877630717914,-0.6713308499972659,1.202304860510519,0.5792095182699357,-0.18717937222150305,1.4941,0.5767886992884343,0.0,0.051261186599731445,0.0,0
kdl_only_1773468608,kdl_only,756,0.4645877630717923,-0.671330849997265,1.202304860510519,-0.3066270006572567,-0.1483783074306131,1.3288,0.9403470603373214,0.0,0.10153388977050781,0.0,0
kdl_only_1773468608,kdl_only,757,0.4645877630717923,-0.671330849997265,1.202304860510519,-0.7608472295172096,-0.22923248140439412,1.2713,1.3045697443399713,0.0,0.0515286922454834,0.0,0
kdl_only_1773468608,kdl_only,758,0.4645877630717908,-0.6713308499972651,1.2023048605105178,0.4578716726584042,0.12575567909811725,1.2066,0.7971263945943572,0.8530407253012037,0.10145425796508789,2.3089122772216797,1
kdl_only_1773468608,kdl_only,759,0.4576056510645806,0.12518650770617493,1.2066552545951172,0.6153626803560968,-0.6037136387619593,1.0938,0.7542672021915579,1.3743835014647205,0.3097190856933594,3.9288790225982666,1
kdl_only_1773468608,kdl_only,760,0.6145869960362346,-0.6035727237746925,1.0942544145791047,-0.016738485507689083,0.6040266500545625,1.1809,1.3654213887267204,0.0,2.218324899673462,0.0,0
kdl_only_1773468608,kdl_only,761,0.614586657787461,-0.6035728667636816,1.0942541747680499,-0.5174992002517989,0.5907095733929885,1.3782,1.6698964544263548,2.765194847820791,1.3269567489624023,8.821438074111938,1
kdl_only_1773468608,kdl_only,762,-0.5175662569730584,0.5908626677032043,1.3779976982516233,0.5894880399421893,0.2250577841097099,1.3127,1.1677526358678552,0.0,0.05202960968017578,0.0,0
kdl_only_1773468608,kdl_only,763,-0.5175662569723709,0.5908626677038151,1.3779976982509803,-0.08493226570821055,-0.37988441442002957,1.38,1.062791643296752,2.3520422568615675,0.15169501304626465,4.610730886459351,1
kdl_only_1773468608,kdl_only,764,-0.08527663351471382,-0.3793413576387229,1.3802772593993597,-0.3407660954740023,-0.3480276724311783,1.1018,0.379216291918085,0.0,0.10151815414428711,0.0,0
kdl_only_1773468608,kdl_only,765,-0.08527301245527275,-0.37936037364454445,1.3802927396890314,0.32340893150868144,-0.6372302122527363,1.2746,0.49466022703361234,0.0,20.03490138053894,0.0,0
kdl_only_1773468608,kdl_only,766,-0.08527473394880747,-0.3793536283011574,1.3802801624470673,-0.2837696536108647,-0.6164999611226787,1.4638,0.32033448076535653,0.3232987622687901,0.15258288383483887,2.4133715629577637,1
kdl_only_1773468608,kdl_only,767,-0.2833741427474331,-0.6165229167571004,1.4638841093218407,0.4123365534752399,-0.3755896137237382,1.2191,0.7758746609637984,0.0,20.02135729789734,0.0,0
kdl_only_1773468608,kdl_only,768,-0.28336708238211417,-0.6165252906249529,1.4639034048939503,-0.3757299834402349,0.18586011978420036,1.3491,0.8158021047439028,0.0,0.10164856910705566,0.0,0
kdl_only_1773468608,kdl_only,769,-0.2833741431166372,-0.6165229167665005,1.4638841083135108,-0.2528175446685492,-0.3705137473281736,1.0607,0.4732986819683887,0.0,0.10231781005859375,0.0,0
kdl_only_1773468608,kdl_only,770,-0.28337212513429205,-0.6165403708309511,1.4639445330285912,1.00342625072617,-0.5974854247492369,1.4866,1.2871388508125268,0.0,0.25258350372314453,0.0,0
kdl_only_1773468608,kdl_only,771,-0.2833803148290107,-0.6165298189461633,1.4639037658841856,0.5868128225595588,0.47023351531610824,1.3044,1.4013322562426973,1.4937863609377169,0.25228047370910645,2.9086427688598633,1
kdl_only_1773468608,kdl_only,772,0.5861220168146324,0.46986960653987997,1.3036493411025345,0.5166586761354328,0.19147373060414052,1.1196,0.34088646115183174,0.0,0.1013343334197998,0.0,0
kdl_only_1773468608,kdl_only,773,0.5861210208478717,0.46986449712247624,1.3036245828290336,0.28235944458604956,-0.39523848516721755,1.0792,0.9439495000038799,0.0,0.05103564262390137,0.0,0
kdl_only_1773468608,kdl_only,774,0.5861188114004378,0.4698677919611298,1.3036461082146578,-0.0821120004326944,0.4108874075569223,1.2754,0.6714230754575755,4.941340257719392,0.6025614738464355,10.021048784255981,1
kdl_only_1773468608,kdl_only,775,-0.08202973570126837,0.4112737477520214,1.2746745017501317,1.063427783697986,-0.6029988794005848,1.2761,1.5299751380282633,1.5438572735672136,0.15204095840454102,3.6105079650878906,1
kdl_only_1773468608,kdl_only,776,1.0620427068685179,-0.6031203750877614,1.2759812940902118,-0.6894162925921903,0.28528009645514196,1.0466,1.9772404514140556,0.0,0.10168242454528809,0.0,0
kdl_only_1773468608,kdl_only,777,1.062042706864616,-0.6031203750954803,1.275981294086571,-0.3602335252479161,-0.1461298396849181,1.4961,1.5100206205810756,0.0,0.10219192504882812,0.0,0
kdl_only_1773468608,kdl_only,778,1.0620427068637364,-0.6031203750965256,1.2759812940855406,0.2952978071586698,0.09966277503525889,1.4565,1.0556462004468723,0.0,0.051286935806274414,0.0,0
kdl_only_1773468608,kdl_only,779,1.0620427068637492,-0.6031203750963603,1.2759812940854909,0.5422524977354473,-0.6174280977801392,1.2307,0.5219549482743664,0.5237194661691623,0.15145230293273926,3.5133543014526367,1
kdl_only_1773468608,kdl_only,780,0.5405568053376639,-0.6179104577516272,1.2300546711567848,0.5911492847400546,-0.7241136087884116,1.0587,0.20784881907163488,0.20915837617950783,0.20192933082580566,3.2089366912841797,1
kdl_only_1773468608,kdl_only,781,0.5920447145254487,-0.7235376625314636,1.0587733500013785,-0.3362618578307204,-0.40285287563543604,1.4161,1.04511920833245,0.0,20.027017831802368,0.0,0
kdl_only_1773468608,kdl_only,782,0.5920388533819486,-0.7235476382498724,1.05879769722361,0.5792777470261792,0.09064938976175774,1.2492,0.8362611333554529,0.0,0.3549628257751465,0.0,0
kdl_only_1773468608,kdl_only,783,0.5920444353058729,-0.7235475272138899,1.0587974695751594,1.0128545875703923,0.4090877797003162,1.3583,1.2448476567228652,3.517763044913331,1.1158218383789062,9.125010251998901,1
kdl_only_1773468608,kdl_only,784,1.011826231868747,0.40962028783620585,1.3584764549206854,0.9756322271191329,0.004804949440220696,1.2544,0.4195442439711556,0.43156454004999356,0.10111641883850098,1.9048962593078613,1
kdl_only_1773468608,kdl_only,785,0.9764640672913676,0.005200588953154159,1.2543048812094486,0.599391120449855,0.27089849846843095,1.1367,0.47603602221346536,0.0,0.05105280876159668,0.0,0
kdl_only_1773468608,kdl_only,786,0.9764640672920449,0.0052005889590533705,1.2543048812092679,-0.1374541560314867,0.522133320028653,1.4174,1.2388031621192654,0.0,20.07079553604126,0.0,0
kdl_only_1773468608,kdl_only,787,0.9764640672921254,0.005200588961003547,1.2543048812089501,-0.3401323344944924,-0.23675118403462048,1.4901,1.3592520309710339,0.0,0.30904293060302734,0.0,0
kdl_only_1773468608,kdl_only,788,0.9764640672921251,0.00520058896100338,1.2543048812089492,0.6876010870231237,-0.1187293887050418,1.1219,0.34107405838344246,0.0,0.3224618434906006,0.0,0
kdl_only_1773468608,kdl_only,789,0.9764640672921255,0.005200588961003547,1.2543048812089501,0.5252233656218699,-0.1554757674916145,1.2756,0.479466937808102,0.47990945249557776,0.2692131996154785,2.150669574737549,1
kdl_only_1773468608,kdl_only,790,0.5246198242938676,-0.15448345298007476,1.275771456287552,0.9827081917514127,-0.6550552797597549,1.1918,0.6837165433397946,0.0,2.0179975032806396,0.0,0
kdl_only_1773468608,kdl_only,791,0.5246198005324407,-0.15448998027807107,1.2757641274243432,0.006848358831640811,-0.7128910862631377,1.4609,0.7836927665358537,0.0,20.02439308166504,0.0,0
kdl_only_1773468608,kdl_only,792,0.5246198242938687,-0.15448345297993737,1.2757714562875584,-0.7616590146973758,-0.06823446782753106,1.2541,1.289349367353204,0.0,20.033100605010986,0.0,0
kdl_only_1773468608,kdl_only,793,0.5246198005324355,-0.15448998027807045,1.275764127424328,0.6421215230456496,-0.18011197266138612,1.4397,0.2033177601795032,0.0,0.05793881416320801,0.0,0
kdl_only_1773468608,kdl_only,794,0.5246198478708641,-0.15448360571696224,1.2757718905493496,-0.5568863356430278,-0.5225243679913348,1.432,1.1530467682868766,0.0,20.051782846450806,0.0,0
kdl_only_1773468608,kdl_only,795,0.5246198242938691,-0.15448345297993704,1.2757714562875584,0.4434828210481352,0.4684429006729801,1.1381,0.6430971040576645,0.0,0.10185575485229492,0.0,0
kdl_only_1773468608,kdl_only,796,0.5246212635083637,-0.1544806342769845,1.2757672314885693,-0.6541240467191944,-0.3456564487893649,1.395,1.2000854767577327,0.0,0.051165103912353516,0.0,0
kdl_only_1773468608,kdl_only,797,0.5246198478708661,-0.15448360571696176,1.2757718905493531,0.1477412175446713,-0.0071490583553298626,1.2075,0.41037302772232537,0.0,0.05184173583984375,0.0,0
kdl_only_1773468608,kdl_only,798,0.5246198242938696,-0.15448345297993757,1.275771456287559,0.7691971950498533,0.34148837359124806,1.4671,0.5851604520790786,0.0,0.05133628845214844,0.0,0
kdl_only_1773468608,kdl_only,799,0.5246198005324331,-0.1544899802780701,1.2757641274243199,1.015479363698967,-0.29405574725072386,1.2539,0.5107834708863752,3.994547544434746,0.20163369178771973,7.2358832359313965,1
kdl_only_1773468608,kdl_only,800,1.0149348892352998,-0.29397713024365335,1.254272916185301,0.9923014504417409,0.4610629011375361,1.4103,0.7713249460658255,0.0,0.0592343807220459,0.0,0
kdl_only_1773468608,kdl_only,801,1.0149323925071623,-0.2939705649089057,1.25425599154465,0.2237816980840477,-0.05169598271418396,1.1414,0.8350765649276296,0.0,2.245422124862671,0.0,0
kdl_only_1773468608,kdl_only,802,1.014932392669944,-0.29397056386708553,1.2542559914330167,0.46869663189973165,0.40828610704637824,1.1493,0.8958536143390622,0.0,0.26208925247192383,0.0,0
kdl_only_1773468608,kdl_only,803,1.0149339936917072,-0.2939725334045724,1.2542597315657882,-0.0024845883230601995,0.09589124139119343,1.2935,1.0902633317661072,0.0,0.6641898155212402,0.0,0
kdl_only_1773468608,kdl_only,804,1.0149348894532926,-0.2939771289630007,1.2542729165286342,-0.5177200471247456,0.21048673736095558,1.4995,1.63206962765423,0.0,0.16073393821716309,0.0,0
kdl_only_1773468608,kdl_only,805,1.0149377209215182,-0.2939769874803709,1.2542674241142127,-0.5454061405366584,-0.7402628062089974,1.2448,1.6229398109935724,1.779925069807559,0.4492638111114502,4.938532590866089,1
kdl_only_1773468608,kdl_only,806,-0.5442428781428754,-0.7399666448763629,1.244973178173766,0.14759789952808022,-0.5212875113499028,1.0743,0.7453814854396171,0.0,0.15384936332702637,0.0,0
kdl_only_1773468608,kdl_only,807,-0.5442428781428783,-0.7399666448763538,1.2449731781737734,-0.5444871132549325,0.48103550506684367,1.2693,1.221244489885979,1.4671346934557576,0.20722579956054688,3.1272425651550293,1
kdl_only_1773468608,kdl_only,808,-0.5440047832689144,0.48066556711144237,1.2686970777430344,-0.6642052497579977,-0.437475567276014,1.1726,0.9309489476599827,1.013938739175512,0.10148262977600098,2.5106005668640137,1
kdl_only_1773468608,kdl_only,809,-0.6647409432865385,-0.43757194502918617,1.1722967654161733,-0.3867117133225697,-0.6636760132246889,1.276,0.37306522651148044,0.3734569852404936,0.15151667594909668,3.3166756629943848,1
kdl_only_1773468608,kdl_only,810,-0.38747599251033105,-0.6636452763905296,1.2766055462398984,-0.4378441241585326,0.5758514909282876,1.2717,1.2405294229736916,0.0,2.915393114089966,0.0,0
kdl_only_1773468608,kdl_only,811,-0.3874797029541499,-0.6636297861866205,1.2765835141761237,-0.048933744816775926,-0.1536304858669817,1.2277,0.614086516751411,0.0,0.7025370597839355,0.0,0
kdl_only_1773468608,kdl_only,812,-0.38748053608906197,-0.6636367302982653,1.276591427286811,0.518653562632386,-0.5070925708127123,1.1609,0.9268061205464866,4.762743954166728,0.15170764923095703,8.122029066085815,1
kdl_only_1773468608,kdl_only,813,0.5190111837780294,-0.5071841482359931,1.1613321625485566,0.8523844471459194,0.12456959775404919,1.0943,0.7174565067772007,0.0,0.6025829315185547,0.0,0
kdl_only_1773468608,kdl_only,814,0.5190217328075817,-0.5071835377855309,1.1613290976976411,0.3273742966390014,-0.5819618335953592,1.3487,0.27825957008486224,0.0,0.10375547409057617,0.0,0
kdl_only_1773468608,kdl_only,815,0.5190317615821736,-0.5071689089249074,1.1613099624123153,0.4986899684022992,-0.4596095955891263,1.2859,0.1349012761275611,0.0,0.5062358379364014,0.0,0
kdl_only_1773468608,kdl_only,816,0.5190199912186522,-0.5071826969008453,1.161327135771741,-0.4680449281032409,-0.0452758421206374,1.1168,1.0907051678931912,0.0,0.10104823112487793,0.0,0
kdl_only_1773468608,kdl_only,817,0.5190439079026548,-0.5071876604632031,1.161325268947213,0.698246581101315,-0.64813092472374,1.3878,0.3213555750681688,0.0,0.6026263236999512,0.0,0
kdl_only_1773468608,kdl_only,818,0.5190259990900703,-0.5071828004156224,1.1613242642976276,0.37254123701011155,0.2031798586690211,1.0218,0.738606737899961,0.0,0.051152944564819336,0.0,0
kdl_only_1773468608,kdl_only,819,0.5190222656762667,-0.5071840723974004,1.1613294527685714,0.5608653387874356,-0.007007832496427002,1.3724,0.5444978325369509,0.0,0.051377296447753906,0.0,0
kdl_only_1773468608,kdl_only,820,0.5190380865107285,-0.5071775925458384,1.1613175034995495,0.7984724645555845,-0.07647993718811175,1.3526,0.5478804937496894,0.0,0.10148239135742188,0.0,0
kdl_only_1773468608,kdl_only,821,0.5190234452672997,-0.5071838796251269,1.1613280286127874,0.021464932023983252,-0.49095042214168094,1.4057,0.5545679937054058,0.0,0.10103082656860352,0.0,0
kdl_only_1773468608,kdl_only,822,0.5190178093432368,-0.5071832587429195,1.1613284217510764,0.05122593666981712,-0.638988574676352,1.193,0.48703692500301715,0.0,0.6532516479492188,0.0,0
kdl_only_1773468608,kdl_only,823,0.5190092795808955,-0.5071832828182966,1.1613303925387042,0.9143161245786253,-0.4634284518083033,1.3318,0.4327145410161075,7.210241976013688,0.20138144493103027,17.541187524795532,1
kdl_only_1773468608,kdl_only,824,0.9151746537191097,-0.4627234557206915,1.3317335714752767,-0.1011994109438692,0.0013795649036320023,1.4104,1.120087612666528,0.0,0.0520777702331543,0.0,0
kdl_only_1773468608,kdl_only,825,0.9151799262961388,-0.46272333271798627,1.3317333874294284,0.4119662907700534,-0.6411791493821326,1.4904,0.556996889960139,0.5575854383513502,0.15249228477478027,1.8059570789337158,1
kdl_only_1773468608,kdl_only,826,0.41217339409319087,-0.641943272703924,1.4910120909094893,-0.013858034678332576,0.627128554262654,1.2477,1.3606053262736193,0.0,20.043713092803955,0.0,0
kdl_only_1773468608,kdl_only,827,0.4121733940909328,-0.6419432727039605,1.4910120909107447,-0.4367393520567793,-0.26138478589081365,1.0185,1.0434295800457287,0.0,0.37651872634887695,0.0,0
kdl_only_1773468608,kdl_only,828,0.4121799848982135,-0.6419410573666806,1.4910132422874436,-0.1405039367361356,-0.10513627387830493,1.2511,0.8069555481152595,0.0,2.1442482471466064,0.0,0
kdl_only_1773468608,kdl_only,829,0.41218465068437293,-0.6419299593691676,1.4909862479447478,0.5317735286641838,-0.7315083011011984,1.2951,0.2463680197951873,0.0,20.068479776382446,0.0,0
kdl_only_1773468608,kdl_only,830,0.4121733940875719,-0.6419432727086978,1.4910120909128635,0.08626692773225886,-0.7356992844316926,1.4349,0.3437350451918201,0.3452860678184559,0.10130643844604492,1.4035260677337646,1
kdl_only_1773468608,kdl_only,831,0.0850407237681069,-0.736170222915199,1.433883899248352,0.21396678105324107,-0.6516793903834021,1.4371,0.15417837829297143,0.15451210646817568,0.10130167007446289,2.40625,1
kdl_only_1773468608,kdl_only,832,0.21449460846388813,-0.6520698755095775,1.436792746677731,0.6768446747270751,0.28990036755188486,1.2202,1.0714419911970259,0.0,0.05112910270690918,0.0,0
kdl_only_1773468608,kdl_only,833,0.21448962240348424,-0.6520854140372982,1.4368324888421347,-0.5948768049404534,0.17917036842369227,1.263,1.173148721928884,0.0,0.1012122631072998,0.0,0
kdl_only_1773468608,kdl_only,834,0.21449460846389046,-0.6520698755100468,1.4367927466788077,-0.5362958460074426,-0.4751040753370026,1.2285,0.7989925339295473,1.0267521257471297,0.10167312622070312,4.008946418762207,1
kdl_only_1773468608,kdl_only,835,-0.5377030633931051,-0.4749311752732912,1.2296783430015101,0.92710886460404,0.29947485127922724,1.3612,1.6621301467163159,2.9157403409293825,0.20208096504211426,7.920745849609375,1
kdl_only_1773468608,kdl_only,836,0.926391157188281,0.30015363047497523,1.3612559778420876,0.8892515452490997,0.052280480699406384,1.205,0.2953580534978546,0.0,2.0122246742248535,0.0,0
kdl_only_1773468608,kdl_only,837,0.9263928150549934,0.3001429898763804,1.3612469182491416,0.06631185827011554,0.2413296318304281,1.3274,0.8627536596176202,0.0,0.053159475326538086,0.0,0
kdl_only_1773468608,kdl_only,838,0.9263972533241287,0.3001416892016775,1.3612264302576085,-0.2509952660992084,-0.4111781371378468,1.0772,1.4045996060168193,0.0,0.15366911888122559,0.0,0
kdl_only_1773468608,kdl_only,839,0.9263938775399538,0.3001383614046652,1.3612312423038855,0.9263359345171644,-0.046300045381000965,1.2347,0.3688220822192581,0.3727209510807786,0.4077749252319336,3.612950325012207,1
kdl_only_1773468608,kdl_only,840,0.925761473062195,-0.0470974029427669,1.2346847738091058,0.5067814796633678,-0.21703449766440308,1.4846,0.5166047534749921,0.0,0.05205726623535156,0.0,0
kdl_only_1773468608,kdl_only,841,0.9257614730746939,-0.04709740322690446,1.2346847738706388,0.7051505549729924,-0.3693461418390514,1.1693,0.3959653966913144,0.39746008834104235,0.4525885581970215,2.6065056324005127,1
kdl_only_1773468608,kdl_only,842,0.7055806056531579,-0.3692166893724799,1.170101763465793,0.9882337262704779,0.1313782628268565,1.3464,0.6013062123138563,0.6106717730567225,0.15176773071289062,1.6051995754241943,1
kdl_only_1773468608,kdl_only,843,0.9893129310485174,0.13212145884756196,1.3467225195277683,-0.4945835083880026,0.21143667751998207,1.3249,1.4861748784190827,0.0,0.0512082576751709,0.0,0
kdl_only_1773468608,kdl_only,844,0.9893129310509834,0.13212145882559,1.3467225195289578,-0.34849337663394175,0.16654533014677553,1.4259,1.3405893454790891,0.0,20.025885820388794,0.0,0
kdl_only_1773468608,kdl_only,845,0.989312931051784,0.13212145881980483,1.34672251952952,0.6350073379048093,-0.4850694145788456,1.4262,0.7160821862354585,0.7284784498839443,0.6093831062316895,4.021943807601929,1
kdl_only_1773468608,kdl_only,846,0.6357722411074028,-0.4851949312572763,1.425805433808403,-0.14293582225959567,-0.1489562849218008,1.4297,0.8482086081195562,0.0,0.10839390754699707,0.0,0
kdl_only_1773468608,kdl_only,847,0.6357722411071824,-0.4851949312582693,1.4258054338079527,-0.8062533675208123,0.4650012515541143,1.19,1.7429615154625533,3.2050775442768265,6.960831165313721,14.930555582046509,1
kdl_only_1773468608,kdl_only,848,-0.8068704896614526,0.4645461103489246,1.190143284776548,-0.7957429864496395,0.17324831565397425,1.1583,0.2932443031112978,0.0,0.10170865058898926,0.0,0
kdl_only_1773468608,kdl_only,849,-0.8068786117226748,0.4645508892188558,1.1901461807539526,0.887250250467259,-0.2960506903709585,1.3594,1.8647343563920449,0.0,0.10125350952148438,0.0,0
kdl_only_1773468608,kdl_only,850,-0.8068668961968034,0.4645440469404249,1.1901414954643186,0.762973846293665,0.4178532318156848,1.3797,1.5819331261598393,0.0,20.024574518203735,0.0,0
kdl_only_1773468608,kdl_only,851,-0.8068724391481257,0.4645469755289851,1.1901425265422123,-0.7396987785166769,-0.6125827548070257,1.4362,1.1069169060506694,0.0,0.051842689514160156,0.0,0
kdl_only_1773468608,kdl_only,852,-0.8068786117946743,0.4645508891921777,1.190146180729697,0.6099005136808135,0.365357782858846,1.0179,1.430654084502299,0.0,0.05136990547180176,0.0,0
kdl_only_1773468608,kdl_only,853,-0.8068849890707318,0.46454271969165706,1.1901376608124308,-0.3943539662208879,-0.6875579638947726,1.0342,1.2336265172220924,0.0,20.056557416915894,0.0,0
kdl_only_1773468608,kdl_only,854,-0.806871118427942,0.46454764718294955,1.190144486789938,-0.8285518876808068,-0.24777353950759806,1.3156,0.7236094350949455,7.532285892877464,5.954314708709717,19.141240119934082,1
kdl_only_1773468608,kdl_only,855,-0.8295061782979973,-0.24762986050992553,1.3160512995628038,-0.2530740253850783,0.156065915546997,1.4605,0.7184077766672761,0.0,0.05121612548828125,0.0,0
kdl_only_1773468608,kdl_only,856,-0.8295106033797566,-0.24762926347531986,1.3160565088255067,0.6419484119169989,0.11402299860314857,1.4987,1.526218410724028,0.0,0.051067352294921875,0.0,0
kdl_only_1773468608,kdl_only,857,-0.8295076093933708,-0.24762575145511556,1.3160448278816963,0.7861711023603526,0.1082289988498808,1.3734,1.6553972087379885,0.0,0.10143017768859863,0.0,0
kdl_only_1773468608,kdl_only,858,-0.8295101749098588,-0.24762593947462438,1.316049705161346,0.8403066952930975,0.06345076001193839,1.217,1.7014311437934828,0.0,0.05139422416687012,0.0,0
kdl_only_1773468608,kdl_only,859,-0.8295051235465438,-0.24762558007928884,1.3160439348850574,0.6268391911299018,-0.13528831131014007,1.0492,1.4848448102175051,0.0,0.051679134368896484,0.0,0
kdl_only_1773468608,kdl_only,860,-0.8295066535266776,-0.24763146286052556,1.3160549691319046,-0.419368833357705,0.07707447884378149,1.3169,0.5231134620598149,0.0,0.05233645439147949,0.0,0
kdl_only_1773468608,kdl_only,861,-0.8295077735918215,-0.24762889517644468,1.3160508238456583,-0.19534373879491818,-0.01797116141139099,1.4363,0.6851033221885485,0.0,20.082908153533936,0.0,0
kdl_only_1773468608,kdl_only,862,-0.8295059155093819,-0.24761946588808653,1.3160333984659571,1.0715756933942486,0.1494252694180327,1.2218,1.9443856970602225,0.0,20.03049659729004,0.0,0
kdl_only_1773468608,kdl_only,863,-0.8295077735763833,-0.24762889519222694,1.316050823837533,0.302639590136226,-0.6696998521372546,1.347,1.208660166201831,1.2170017017527552,0.304002046585083,2.6083121299743652,1
kdl_only_1773468608,kdl_only,864,0.3029018448642415,-0.6696060854118552,1.3474160970541103,0.46986765871746305,-0.23032952228764492,1.4517,0.4813695195164674,0.0,0.05378150939941406,0.0,0
kdl_only_1773468608,kdl_only,865,0.3029249231946013,-0.6696027336471029,1.3473965610083192,0.11871242239924107,0.20627458378083063,1.023,0.9520128409995623,0.0,0.11176252365112305,0.0,0
kdl_only_1773468608,kdl_only,866,0.3029211408539744,-0.6695988811781992,1.3473859509816624,-0.3273787609384131,-0.5283721746245814,1.3981,0.6479157843511064,0.6503380528123712,0.2597794532775879,1.805809736251831,1
kdl_only_1773468608,kdl_only,867,-0.3288089645631456,-0.5282089252304044,1.3985087034816817,-0.5175163876067244,0.2258611860139541,1.1467,0.8170923126140356,0.0,0.10227322578430176,0.0,0
kdl_only_1773468608,kdl_only,868,-0.3288089645579906,-0.5282089252555471,1.3985087034775578,0.7866615521044387,-0.5097931391353075,1.1874,1.1354208468253297,0.0,20.042646646499634,0.0,0
kdl_only_1773468608,kdl_only,869,-0.3288089645570873,-0.528208925257851,1.398508703476002,0.33542029665248485,0.2183047686607953,1.0728,1.0509849504988615,0.0,0.1513199806213379,0.0,0
kdl_only_1773468608,kdl_only,870,-0.32880896455708575,-0.5282089252578518,1.398508703476002,1.0315437312129305,-0.0066252016571894945,1.2656,1.4629674504491048,0.0,0.15156078338623047,0.0,0
kdl_only_1773468608,kdl_only,871,-0.3288089645570858,-0.5282089252578517,1.3985087034760013,-0.5683843530827866,0.043762337979898924,1.283,0.6307850294163103,0.0,0.05111265182495117,0.0,0
kdl_only_1773468608,kdl_only,872,-0.3288089645570873,-0.5282089252578511,1.398508703476002,0.28288417407720745,0.0715624080181434,1.3963,0.8566790685215692,0.0,0.05101752281188965,0.0,0
kdl_only_1773468608,kdl_only,873,-0.32880896455708597,-0.5282089252578519,1.398508703476002,-0.8100838570307366,-0.16133751193350654,1.085,0.6815481371079598,0.0,0.1516585350036621,0.0,0
kdl_only_1773468608,kdl_only,874,-0.32880896455708786,-0.52820892525785,1.398508703476002,0.873088497177801,0.47012495789672426,1.0395,1.6031579148514283,0.0,0.10155916213989258,0.0,0
kdl_only_1773468608,kdl_only,875,-0.3288089645570881,-0.52820892525785,1.398508703476002,0.8374597197532845,0.4744923801203481,1.4354,1.538490662815154,0.0,0.051581382751464844,0.0,0
kdl_only_1773468608,kdl_only,876,-0.32880896455708597,-0.5282089252578517,1.3985087034760018,-0.3051182540264423,0.35982778917292546,1.3099,0.8927608628709899,0.0,20.05811357498169,0.0,0
kdl_only_1773468608,kdl_only,877,-0.32880896455708714,-0.5282089252578509,1.398508703476002,0.905579145997627,0.11249435316455625,1.1204,1.4182944508842867,0.0,0.10146760940551758,0.0,0
kdl_only_1773468608,kdl_only,878,-0.3288089645570873,-0.5282089252578511,1.398508703476002,0.8065228783924627,-0.6572705497459671,1.4564,1.1441095658825524,1.2046770294330726,0.2016463279724121,8.617325067520142,1
kdl_only_1773468608,kdl_only,879,0.8058622897858276,-0.6583389130461864,1.4570228010447694,1.0601300905555178,0.3795221485915038,1.0716,1.1359394496790594,0.0,0.5017750263214111,0.0,0
kdl_only_1773468608,kdl_only,880,0.8058456581452735,-0.65832614110762,1.4570232207448282,-0.7043248905105854,-0.21318890788667988,1.2306,1.5906067135906328,0.0,0.05098605155944824,0.0,0
kdl_only_1773468608,kdl_only,881,0.8058609107564404,-0.6583380543065183,1.4570232389319484,-0.4183970299113334,-0.09844669202062684,1.127,1.3860740171742574,0.0,0.051424503326416016,0.0,0
kdl_only_1773468608,kdl_only,882,0.8058394426576276,-0.6583350298832197,1.4570222579015681,-0.5410326614154786,-0.5406433756794271,1.1277,1.3915347425590667,0.0,0.1013031005859375,0.0,0
kdl_only_1773468608,kdl_only,883,0.8058599065825561,-0.6583105107793199,1.457024998364384,1.0451032241642717,-0.13879657153813363,1.0047,0.7291981913161473,0.0,0.1012876033782959,0.0,0
kdl_only_1773468608,kdl_only,884,0.805844857916396,-0.658332144801242,1.4570213566789492,-0.2263647344424471,-0.3316472445288514,1.4023,1.0840544698032364,0.0,20.072983026504517,0.0,0
kdl_only_1773468608,kdl_only,885,0.8058612568488895,-0.6583381467585869,1.457021955865557,-0.3646902130647699,-0.25479066559687824,1.4506,1.2381771096196728,0.0,0.05733060836791992,0.0,0
kdl_only_1773468608,kdl_only,886,0.8058470699631696,-0.6583329625553368,1.4570249228760987,-0.45577524558329024,0.3685984817607634,1.3388,1.631029181467647,0.0,20.09063196182251,0.0,0
kdl_only_1773468608,kdl_only,887,0.8058430367560476,-0.6583309626640069,1.4570351820798808,0.8407539831228337,-0.5301326224889098,1.079,0.4007046137618622,0.0,20.06508159637451,0.0,0
kdl_only_1773468608,kdl_only,888,0.805851931871034,-0.6583358800623254,1.4570289416225186,-0.27360452864594087,0.0311230928008156,1.2209,1.3024349513450195,0.0,0.054931640625,0.0,0
kdl_only_1773468608,kdl_only,889,0.805835575426141,-0.6583364661329337,1.4570197282583675,0.2779455855865929,-0.04843096322432694,1.1728,0.855238807458045,3.8719957898484196,3.9070372581481934,15.836863279342651,1
kdl_only_1773468608,kdl_only,890,0.27865486033196374,-0.04859200008823905,1.1734105401840962,-0.3306446917999506,-0.07271564632052674,1.2938,0.6215476784370263,0.0,20.04563331604004,0.0,0
kdl_only_1773468608,kdl_only,891,0.2786548603318665,-0.04859200008821718,1.1734105401833879,-0.2655894063391301,0.38695178416867704,1.3195,0.7122094776669124,0.0,0.7081418037414551,0.0,0
kdl_only_1773468608,kdl_only,892,0.2786548603318647,-0.048592000088217124,1.1734105401833865,0.03561108262851009,0.2531583488349892,1.2122,0.389394623933689,0.3898386397762573,0.1514599323272705,1.4048347473144531,1
kdl_only_1773468608,kdl_only,893,0.03571107785696481,0.25296574421887863,1.2115967841898665,0.6671116841617806,0.4416668858063514,1.125,0.6646607025471949,0.0,0.10186934471130371,0.0,0
kdl_only_1773468608,kdl_only,894,0.035711077742377584,0.2529657443647305,1.2115967837054278,0.7920942114664942,0.6165058539459877,1.4227,0.8653562412016107,1.81320291391109,0.4023270606994629,6.617395639419556,1
kdl_only_1773468608,kdl_only,895,0.7913358262691517,0.6167520260807894,1.422284393878631,-0.4861799628726349,-0.07057465360334703,1.0996,1.4861324887657228,0.0,0.25295352935791016,0.0,0
kdl_only_1773468608,kdl_only,896,0.7913312113818688,0.6167552034087979,1.4222530362207366,0.08466447108769093,0.4087285985663941,1.1923,0.7717067765851172,1.0010744406397187,0.15247368812561035,2.7090516090393066,1
kdl_only_1773468608,kdl_only,897,0.08424518201525055,0.4092010092340289,1.1920676676017818,-0.06671288451368396,-0.2920077127979616,1.2416,0.7189822401538852,1.9413676773952564,3.314154624938965,13.028355598449707,1
kdl_only_1773468608,kdl_only,898,-0.0667487405982976,-0.29176882117385017,1.2413588738684405,-0.6232639807735634,-0.47311999739184807,1.1186,0.5980528427960465,0.0,0.10147881507873535,0.0,0
kdl_only_1773468608,kdl_only,899,-0.06674108664688227,-0.29178185888679836,1.24134686425809,0.25223554413935023,0.05297807719350267,1.286,0.47180441609359186,0.0,0.05110049247741699,0.0,0
kdl_only_1773468608,kdl_only,900,-0.0667427207607455,-0.29176362477512363,1.2413363672735436,-0.41748342946912026,0.016357955925252132,1.2874,0.4691266476107588,0.0,0.10201358795166016,0.0,0
kdl_only_1773468608,kdl_only,901,-0.06674169704038346,-0.291784737653629,1.2413413266176487,-0.5930949370344178,0.041385570737440425,1.4963,0.6730929451260845,0.0,20.038129091262817,0.0,0
kdl_only_1773468608,kdl_only,902,-0.06674448160623886,-0.29175632753993924,1.241320892131892,-0.43951717575865806,-0.49178089046024526,1.1476,0.43330464213888853,0.0,20.07070302963257,0.0,0
kdl_only_1773468608,kdl_only,903,-0.0667492464909738,-0.29177049030221275,1.241346245816716,0.9645593356553386,0.5896790458242923,1.489,1.3790877630910017,0.0,20.064328908920288,0.0,0
kdl_only_1773468608,kdl_only,904,-0.06674108662654138,-0.29178185891414105,1.241346864236196,-0.13064538162166994,0.35308412984044624,1.3291,0.6539392289866365,5.463433124272266,5.169989824295044,22.005749940872192,1
kdl_only_1773468608,kdl_only,905,-0.12991979349637217,0.35284651688501073,1.3290058850557114,0.2305476934596684,0.4181960499555518,1.1372,0.4135176757612011,0.0,0.16155552864074707,0.0,0
kdl_only_1773468608,kdl_only,906,-0.12991979349637772,0.3528465168849869,1.3290058850544124,0.46041946576550896,-0.44002714203942084,1.283,0.9895785069925938,1.0124436242113393,0.4091775417327881,2.525280714035034,1
kdl_only_1773468608,kdl_only,907,0.45922762763743696,-0.43929366592478825,1.2828186221859659,-0.37815613566886386,-0.3812981458842526,1.3429,0.8415371764537962,0.0,0.051537513732910156,0.0,0
kdl_only_1773468608,kdl_only,908,0.4592340640460293,-0.43929308864088323,1.2828201042212282,0.697922919780505,0.11894995681459164,1.3723,0.6136891064698938,0.6309101268673085,0.20233511924743652,2.0081076622009277,1
kdl_only_1773468608,kdl_only,909,0.6987166106376906,0.11871176910547526,1.3722846116668195,0.035397364472574466,-0.260424561782775,1.0245,0.8394587040734661,0.0,0.8559021949768066,0.0,0
kdl_only_1773468608,kdl_only,910,0.6987166106384807,0.11871176909924103,1.3722846116671397,0.9519059869791033,-0.6879587704243457,1.3032,0.8482893982575919,0.8997290361108463,0.9272873401641846,3.1439318656921387,1
kdl_only_1773468608,kdl_only,911,0.9520132271714175,-0.6880882868424527,1.3036697867053053,-0.4009933324345899,0.5051890742822617,1.2484,1.8048801512100732,3.3939599451376865,0.863476037979126,9.927825450897217,1
kdl_only_1773468608,kdl_only,912,-0.4015705224205047,0.5060361223245733,1.2485526668299165,0.6344609233463696,-0.530727711697232,1.4521,1.4797540069194093,0.0,20.033435106277466,0.0,0
kdl_only_1773468608,kdl_only,913,-0.4015686660408503,0.5060273830500246,1.2485511131355271,0.31007698866347244,0.6303922842661028,1.1431,0.7300863673398859,0.0,0.15242981910705566,0.0,0
kdl_only_1773468608,kdl_only,914,-0.4015686660409755,0.5060273830501799,1.2485511131358644,0.767210149607161,-0.5084467088086522,1.3994,1.554978131559673,0.0,0.35412168502807617,0.0,0
kdl_only_1773468608,kdl_only,915,-0.4015648639807371,0.5060186273246253,1.2485323411253417,-0.1983042957815374,-0.041462039250564686,1.3035,0.5865759817623261,0.5925747330133042,0.05107307434082031,3.0076112747192383,1
kdl_only_1773468608,kdl_only,916,-0.19862060817265492,-0.040730455159757165,1.3028014852407277,0.13753064692900718,-0.054247264284247754,1.1762,0.35945556957778363,0.0,0.10147285461425781,0.0,0
kdl_only_1773468608,kdl_only,917,-0.19862060817197635,-0.04073045515601566,1.302801485241011,0.21939904451824943,-0.14094258539677462,1.3183,0.4301431215797626,0.0,0.05121111869812012,0.0,0
kdl_only_1773468608,kdl_only,918,-0.1986206081722497,-0.040730455157994214,1.3028014852411909,-0.8235061656840077,-0.12602073286400695,1.3104,0.6307250818577689,0.0,0.1013193130493164,0.0,0
kdl_only_1773468608,kdl_only,919,-0.19862060817265215,-0.04073045516070284,1.3028014852413308,0.5631538045320006,-0.589671218058742,1.3389,0.9396485086405351,0.0,20.048228979110718,0.0,0
kdl_only_1773468608,kdl_only,920,-0.19862060817268923,-0.040730455160909396,1.302801485241305,-0.5291308281963463,-0.22122140750885777,1.3605,0.3809765189941696,0.0,0.05139303207397461,0.0,0
kdl_only_1773468608,kdl_only,921,-0.19862060817268934,-0.040730455160910256,1.3028014852413052,0.6150254447363124,-0.5705818281979669,1.3296,0.9713292630807147,0.0,20.054768800735474,0.0,0
kdl_only_1773468608,kdl_only,922,-0.19862060817268723,-0.04073045516090944,1.302801485241302,0.46959318343974576,0.034383856351529074,1.4192,0.6824224830213923,0.0,0.055977582931518555,0.0,0
kdl_only_1773468608,kdl_only,923,-0.19862060817268745,-0.0407304551609087,1.3028014852413026,-0.7418605957301391,-0.7166803628525785,1.3141,0.8672632923314291,3.98106018635212,2.1337685585021973,10.432125091552734,1
kdl_only_1773468608,kdl_only,924,-0.7408539454606393,-0.7160318404193456,1.3144337334648597,0.6635337107368695,-0.4208992255841788,1.4517,1.4416136712544978,0.0,0.05118298530578613,0.0,0
kdl_only_1773468608,kdl_only,925,-0.7408539454605569,-0.716031840419312,1.314433733464635,1.0326777873058903,0.1746505038069177,1.3232,1.9846427116422891,0.0,0.050897836685180664,0.0,0
kdl_only_1773468608,kdl_only,926,-0.7408539454605798,-0.716031840419318,1.3144337334646436,0.3389208774492598,0.1892589564340844,1.1545,1.41811279317175,0.0,0.10157084465026855,0.0,0
kdl_only_1773468608,kdl_only,927,-0.7408539454605759,-0.7160318404193167,1.3144337334646412,1.004274019468291,0.4727909317143101,1.2204,2.113672997544689,0.0,0.6526041030883789,0.0,0
kdl_only_1773468608,kdl_only,928,-0.7408539454605758,-0.7160318404193171,1.3144337334646405,-0.3148370045466379,0.5806570802928562,1.2898,1.3651005134669671,0.0,0.10185456275939941,0.0,0
kdl_only_1773468608,kdl_only,929,-0.7408539454605758,-0.7160318404193167,1.3144337334646403,0.5267798941845296,0.11257542926502173,1.3662,1.5153102999511805,0.0,0.05621027946472168,0.0,0
kdl_only_1773468608,kdl_only,930,-0.7408539454605756,-0.7160318404193171,1.3144337334646408,-0.1991757659617821,-0.6345372603514327,1.0451,0.6104074677685146,0.0,20.04507851600647,0.0,0
kdl_only_1773468608,kdl_only,931,-0.7408539454605731,-0.7160318404193162,1.314433733464638,-0.19240755628390915,0.4037016398112324,1.1476,1.2579467409917986,0.0,0.2589554786682129,0.0,0
kdl_only_1773468608,kdl_only,932,-0.7408539454605737,-0.7160318404193166,1.314433733464639,-0.1346872976610306,0.5329383923465515,1.3737,1.389560051810933,1.6338052852354554,0.8795208930969238,3.738572835922241,1
kdl_only_1773468608,kdl_only,933,-0.13387501025949244,0.5325107800122819,1.3740463533335276,-0.5503482593932534,0.07482243409032596,1.0878,0.6818105044904709,0.0,0.20725750923156738,0.0,0
kdl_only_1773468608,kdl_only,934,-0.13387501026105003,0.532510780011928,1.374046353337388,0.012388193026387273,-0.05391432247887129,1.0661,0.6783201913558536,0.0,0.30564093589782715,0.0,0
kdl_only_1773468608,kdl_only,935,-0.13387501026094395,0.5325107800128546,1.37404635333656,0.43891281988655684,0.28911738617485494,1.2697,0.6310423155254329,0.0,20.05457830429077,0.0,0
kdl_only_1773468608,kdl_only,936,-0.1338750102609475,0.5325107800127903,1.374046353336609,0.9194410740378249,0.3801183821985944,1.4857,1.0701237092819187,0.0,0.05093574523925781,0.0,0
kdl_only_1773468608,kdl_only,937,-0.1338750102609475,0.5325107800127903,1.3740463533366092,-0.859367878880655,-0.4510974411334201,1.2654,1.2270407756948454,1.2900292493537466,0.15142440795898438,2.606045961380005,1
kdl_only_1773468608,kdl_only,938,-0.8598857448011126,-0.45093189694606184,1.2654475427808802,-0.07543079406876418,0.4724223844274894,1.4567,1.2265929239367517,0.0,0.2514472007751465,0.0,0
kdl_only_1773468608,kdl_only,939,-0.8598857448012323,-0.4509318969456195,1.2654475427809553,-0.25089365234721583,0.20651068670374573,1.4152,0.9085856689989203,0.9160988417631827,0.10120582580566406,2.6066231727600098,1
kdl_only_1773468608,kdl_only,940,-0.251340182118413,0.20645299740629047,1.4150060057223888,-0.5070584695375142,-0.27294412893342174,1.1285,0.6142468059162616,0.0,0.10151815414428711,0.0,0
kdl_only_1773468608,kdl_only,941,-0.2513413759276616,0.20645000706744318,1.415006495698033,-0.6353758527370846,0.2667881143205847,1.4123,0.3887550535801977,0.3879998379183776,0.10139894485473633,1.9089152812957764,1
kdl_only_1773468608,kdl_only,942,-0.6345549111567155,0.26687555462440204,1.412356826685397,0.10376841654405833,-0.33087959612637086,1.2409,0.9653134205496419,0.973095588739014,0.2514345645904541,2.5059633255004883,1
kdl_only_1773468608,kdl_only,943,0.10357085008360134,-0.330716522813328,1.240208655851635,-0.5471482413656623,-0.5828148555604726,1.4032,0.7166275766517334,0.0,20.06930422782898,0.0,0
kdl_only_1773468608,kdl_only,944,0.10357085009894873,-0.33071652272617247,1.2402086558926286,-0.19127586524266726,0.2641421473238844,1.3733,0.6771297724644583,0.6940156749819395,0.7300519943237305,5.058375835418701,1
kdl_only_1773468608,kdl_only,945,-0.1901755003014235,0.264522591110274,1.3730443954574725,0.7541843762868972,0.03551562573610623,1.1694,0.9928397687950623,0.0,0.05415487289428711,0.0,0
kdl_only_1773468608,kdl_only,946,-0.19017550030133457,0.264522591111442,1.3730443954573723,-0.08115376894869519,-0.29398407415141387,1.0576,0.6506309243154907,0.0,1.3815176486968994,0.0,0
kdl_only_1773468608,kdl_only,947,-0.1901755003011677,0.26452259111263643,1.3730443954571507,0.7145437481994692,-0.599479492130392,1.4814,1.2556900316127768,0.0,0.1017770767211914,0.0,0
kdl_only_1773468608,kdl_only,948,-0.19017550030116714,0.26452259111263665,1.373044395457151,-0.6377185727009411,0.6043007439814342,1.0704,0.638230072091237,0.0,0.10186910629272461,0.0,0
kdl_only_1773468608,kdl_only,949,-0.1901755003011678,0.2645225911126363,1.3730443954571507,0.3059875061727848,0.272202814380787,1.4833,0.5083237286964177,3.9674869474769223,0.5116181373596191,13.336803436279297,1
kdl_only_1773468608,kdl_only,950,0.3061185026366501,0.27187399881779695,1.4831112496341556,0.18200249813578262,-0.6011138778056835,1.4301,0.8833588217098459,0.918960006321334,0.20344257354736328,2.10542368888855,1
kdl_only_1773468608,kdl_only,951,0.18155412022409934,-0.6018433565900355,1.4299870871165536,-0.28561921001666246,0.5462458111669083,1.3621,1.2413574482018652,0.0,20.027922868728638,0.0,0
kdl_only_1773468608,kdl_only,952,0.1815562275791761,-0.6018631825639075,1.4300431289187303,-0.35833239720027954,0.5894002714644205,1.49,1.3092681812599014,0.0,0.2574279308319092,0.0,0
kdl_only_1773468608,kdl_only,953,0.18155244192159192,-0.6018635675237264,1.430033068443405,-0.7732072375467419,-0.670500535700906,1.4836,0.9587212812363245,1.012495444103201,0.2532222270965576,2.7587549686431885,1
kdl_only_1773468608,kdl_only,954,-0.7727078789263628,-0.6707745809917115,1.4838132489373674,-0.4240341371964385,0.10059520089086971,1.4023,0.8504287908613231,0.0,0.05127382278442383,0.0,0
kdl_only_1773468608,kdl_only,955,-0.7727078789271133,-0.6707745809954395,1.4838132489261417,-0.16104826348030776,0.3885607593646395,1.1829,1.2597093442074743,0.0,0.7087326049804688,0.0,0
kdl_only_1773468608,kdl_only,956,-0.7727078789272178,-0.6707745809959582,1.4838132489246292,-0.17767652529799915,-0.24484283952780406,1.3953,0.7370988776460782,0.0,0.0516362190246582,0.0,0
kdl_only_1773468608,kdl_only,957,-0.7727078789272178,-0.670774580995958,1.483813248924629,-0.4586443213130312,-0.6266382182633284,1.007,0.5726559273129076,0.0,0.20204687118530273,0.0,0
kdl_only_1773468608,kdl_only,958,-0.7727078789272176,-0.670774580995958,1.4838132489246296,0.7936810640185619,-0.43901803108310805,1.2683,1.5980398554079787,1.6034741457524049,0.20160913467407227,3.3095901012420654,1
kdl_only_1773468608,kdl_only,959,0.7928248482156611,-0.43941642057274755,1.268119814413058,0.7594219965044655,-0.21454438160517242,1.2274,0.23095732873781824,4.6566513416100275,0.3017456531524658,7.319076299667358,1
kdl_only_1773468608,kdl_only,960,0.7604588996688305,-0.2139027514559589,1.2278185573059583,0.9753237690270764,-0.5799834658710686,1.3364,0.43814601589941754,0.4394337477503272,0.20203924179077148,3.5241012573242188,1
kdl_only_1773468608,kdl_only,961,0.9749672306295781,-0.5797891757159855,1.3357448157228045,0.1805760066251012,-0.6981264504821026,1.3362,0.8031571045362972,0.8144473842063396,0.30358386039733887,2.6439096927642822,1
kdl_only_1773468608,kdl_only,962,0.1809023599885945,-0.6986109780158025,1.3363499705080604,-0.5534643146653071,0.1589067952099027,1.2923,1.1298546562022755,0.0,0.1268932819366455,0.0,0
kdl_only_1773468608,kdl_only,963,0.1809100167529793,-0.6986172209229344,1.3363432818087437,0.5436409939119007,-0.6489490781742929,1.4112,0.37368999779647644,0.0,0.21584844589233398,0.0,0
kdl_only_1773468608,kdl_only,964,0.18091001675298535,-0.6986172209231074,1.3363432818089374,0.3415613460333635,0.5464744853862485,1.4701,1.2625185410048991,0.0,0.0554349422454834,0.0,0
kdl_only_1773468608,kdl_only,965,0.1809023599892911,-0.6986109780150326,1.3363499705094426,-0.1700515817195658,0.013611483351730125,1.0542,0.8426375908626393,0.0,0.25809621810913086,0.0,0
kdl_only_1773468608,kdl_only,966,0.1809100167530015,-0.6986172209232262,1.3363432818093357,0.7416779313351987,0.09765582162182629,1.1169,0.9983319919946835,0.0,0.3593883514404297,0.0,0
kdl_only_1773468608,kdl_only,967,0.18090701934006415,-0.6986116625677496,1.336348258190073,-0.6631571013015777,-0.25537058288947473,1.0125,1.0068687048476852,0.0,0.3135995864868164,0.0,0
kdl_only_1773468608,kdl_only,968,0.18090701934006326,-0.6986116625677069,1.33634825818991,0.43147277175779064,-0.6466714161329129,1.4421,0.2768833985276779,0.0,0.26555705070495605,0.0,0
kdl_only_1773468608,kdl_only,969,0.1809100167530348,-0.6986172209234639,1.3363432818101313,-0.5621972180620911,0.3937131537389761,1.2807,1.3223048758343785,0.0,20.107270002365112,0.0,0
kdl_only_1773468608,kdl_only,970,0.1809100167539585,-0.698617220929989,1.3363432818320171,-0.5396203542707609,0.46519971634222335,1.4576,1.3741677738731768,0.0,20.08236813545227,0.0,0
kdl_only_1773468608,kdl_only,971,0.180907019339897,-0.6986116625587415,1.3363482581563233,0.12281088316375799,0.2620622582320812,1.1107,0.988527530995061,0.0,0.5159468650817871,0.0,0
kdl_only_1773468608,kdl_only,972,0.18090235998764864,-0.6986109780117905,1.3363499705018378,0.8834122723603621,0.5407338528661317,1.0316,1.4568350391607878,0.0,0.4333677291870117,0.0,0
kdl_only_1773468608,kdl_only,973,0.1809023599876332,-0.6986109780117584,1.3363499705017654,0.37530453708959066,-0.18898859000542745,1.4119,0.5506496088952032,0.0,0.22454452514648438,0.0,0
kdl_only_1773468608,kdl_only,974,0.18091001675481272,-0.6986172209359768,1.3363432818521153,0.46968225717447964,-0.154298840111755,1.4547,0.6274394148209326,0.0,0.16639304161071777,0.0,0
kdl_only_1773468608,kdl_only,975,0.18090701933989128,-0.6986116625584814,1.3363482581553487,-0.5827633394132185,0.4014454291989894,1.1511,1.3519004915723638,0.0,0.418776273727417,0.0,0
kdl_only_1773468608,kdl_only,976,0.1809023599876104,-0.6986109780117142,1.33634997050166,-0.018160018032109093,-0.22219837308370982,1.2041,0.5329961117821053,0.0,20.092101573944092,0.0,0
kdl_only_1773468608,kdl_only,977,0.18090235998672788,-0.6986109780099883,1.336349970497606,0.8002288287171355,-0.07795573337207873,1.0699,0.9163917253799245,1.1633577998799407,4.953442096710205,3.731977701187134,1
kdl_only_1773468608,kdl_only,978,0.8012675002229235,-0.07882986393904604,1.0701811262272385,0.262769641626889,-0.29615981631648564,1.4731,0.7067926646161556,0.0,0.05225872993469238,0.0,0
kdl_only_1773468608,kdl_only,979,0.8012675002227276,-0.07882986393967395,1.0701811262270593,-0.8603567359681372,0.6012594774161212,1.1522,1.797287876267354,0.0,0.1537492275238037,0.0,0
kdl_only_1773468608,kdl_only,980,0.8012675002226257,-0.07882986393984778,1.0701811262269876,0.5706310333011784,-0.267862420784076,1.2463,0.3463298212977747,3.6109263730552907,5.5480499267578125,9.020960807800293,1
kdl_only_1773468608,kdl_only,981,0.5718226265234811,-0.26693460138274144,1.2465522304128611,1.0034708769800211,-0.1931083329825506,1.0486,0.4805784176942566,0.0,0.10119915008544922,0.0,0
kdl_only_1773468608,kdl_only,982,0.5718235193218572,-0.26694171818782403,1.246575961090915,1.089838626119011,-0.7075925712977815,1.4436,0.7080475246229229,0.0,0.301572322845459,0.0,0
kdl_only_1773468608,kdl_only,983,0.5718235193225123,-0.26694171818780493,1.2465759610917013,0.49070629412092326,-0.5775874667437917,1.0678,0.3674801077399648,2.7921221298404206,0.2517533302307129,6.514326810836792,1
kdl_only_1773468608,kdl_only,984,0.4895215193932057,-0.5769171882383802,1.0678270606023046,0.36129724522136497,-0.43704306728488124,1.2268,0.24754520730596413,0.2513612082528495,0.3542518615722656,2.806999683380127,1
kdl_only_1773468608,kdl_only,985,0.36172005699172916,-0.4370017099825013,1.2274720234273215,-0.04612264440500946,-0.5228500242582803,1.3352,0.430477547710709,0.0,0.3014228343963623,0.0,0
kdl_only_1773468608,kdl_only,986,0.3617200569924566,-0.43700170998121546,1.2274720234279661,0.6279348629420425,0.49080342476886163,1.3716,0.9759434228510038,1.058760498522959,0.10230565071105957,3.2100045680999756,1
kdl_only_1773468608,kdl_only,987,0.6285908720179083,0.49126965868425015,1.3718144566073596,-0.6743132927012585,-0.7202019316108105,1.473,1.7819823766598415,0.0,0.051232337951660156,0.0,0
kdl_only_1773468608,kdl_only,988,0.6285967851824171,0.4912690417470209,1.371814877907553,-0.5498961164188956,-0.4217411673301299,1.2096,1.4995822176920963,0.0,0.5522468090057373,0.0,0
kdl_only_1773468608,kdl_only,989,0.6285908720183612,0.49126965868015937,1.3718144566086026,1.058836761368229,-0.5568785964440948,1.3711,1.1330166814618057,0.0,0.8525207042694092,0.0,0
kdl_only_1773468608,kdl_only,990,0.6285982581651823,0.49126366845810576,1.3717900034114703,0.9632512475491584,-0.1664319760234425,1.0773,0.7945316520963268,0.0,0.0511167049407959,0.0,0
kdl_only_1773468608,kdl_only,991,0.6285908720183557,0.49126965868040384,1.3718144566091874,0.26456863454877877,-0.20316212038077197,1.2074,0.801111601891098,0.8303802825984129,0.151442289352417,3.1078407764434814,1
kdl_only_1773468608,kdl_only,992,0.26496573629914677,-0.20331333357335174,1.2069338606642606,-0.8505983724805575,0.3388490704971011,1.0495,1.250283477323668,0.0,0.05122804641723633,0.0,0
kdl_only_1773468608,kdl_only,993,0.264965736299242,-0.20331333357329875,1.2069338606640039,0.2931141019886099,-0.19658161456898282,1.2447,0.04758075043629847,0.04770383585021842,0.1013038158416748,1.1031489372253418,1
kdl_only_1773468608,kdl_only,994,0.2926014489273434,-0.19637056314992613,1.2451874646474856,-0.32747594318464956,0.23176900000708145,1.2041,0.7546440468855777,0.0,0.3014674186706543,0.0,0
kdl_only_1773468608,kdl_only,995,0.2926014489273867,-0.1963705631499052,1.2451874646486552,-0.1303010544543799,0.01251940525450601,1.4758,0.5250368441621371,0.0,0.051024436950683594,0.0,0
kdl_only_1773468608,kdl_only,996,0.29260144892738715,-0.19637056314990525,1.2451874646486556,0.776744535608092,0.363961458569232,1.0164,0.7750549702601331,0.0,0.10125398635864258,0.0,0
kdl_only_1773468608,kdl_only,997,0.2926014489273868,-0.19637056314990603,1.2451874646486556,0.7468991288066353,0.5353674293126532,1.1853,0.8633732564649247,0.8866154961402085,0.15137457847595215,2.8159101009368896,1
kdl_only_1773468608,kdl_only,998,0.7477719989406894,0.5357402597717309,1.1860460430699669,-0.2041656190928982,0.4533259377985218,1.2217,0.9561634555548193,0.9563718630770471,0.7718179225921631,4.042075872421265,1
kdl_only_1773468608,kdl_only,999,-0.20428798230821876,0.45291870949955976,1.2219930233361018,0.6183922450964319,-0.6725222514998098,1.4753,1.4168925639173766,1.5175887001728419,1.2260420322418213,3.9203238487243652,1
kdl_only_1773468608,kdl_only,1000,0.6187013515489022,-0.6714947545709408,1.4752819571167515,-0.2102168632443001,-0.20085763875179863,1.4277,0.9543944385030596,1.1035536894204285,0.20297479629516602,2.708817481994629,1
