x,y,z,qx,qy,qz,qw
-0.13066148444452752,0.563281457007225,1.3115,-0.8890852756129682,0.4577416003469777,2.8028589285075666e-17,-5.444077184742319e-17
-0.5637710546430907,-0.5286635290580576,1.3115,-0.9341315688183283,-0.35692886145142283,-2.18555893849897e-17,-5.719906178679307e-17
0.31840995327503974,0.22989172189176654,1.3115,-0.7706937353098685,-0.6372057488395113,-3.9017599035729985e-17,-4.7191380803507396e-17
0.7769013140664358,-0.45124606192804856,1.3115,0.20769296435236306,0.9781940669205309,5.9897111649958e-17,1.2717526199977343e-17
-0.26999187445419626,-0.021984662937305166,1.3115,-0.12916329870009624,0.9916233368920429,6.071941727423288e-17,-7.908971016019316e-18
0.33969243733975607,-0.5513354354640945,1.3115,-0.35747375992478425,0.9339231825826135,5.718630180996534e-17,-2.188895479355282e-17
0.030930708718165167,0.33583177095400074,1.3115,-0.7380103066474399,0.6747894392194885,4.13189363419292e-17,-4.5190097988677195e-17
0.3011656754845682,-0.6791771329227231,1.3115,0.24709469806829198,0.9689913364868334,5.933360693150582e-17,1.5130186553780772e-17
-0.744067742703176,0.5607687281860799,1.3115,-0.9832182385906129,-0.18243326259970485,-1.1170815555036852e-17,-6.020475343766464e-17
-0.2692555094983793,-0.6087985153552286,1.3115,-0.5624795454821178,0.826811200283493,5.062758449631805e-17,-3.4441938748026684e-17
-0.6311202185376483,-0.06262692550711468,1.3115,-0.8773332356751973,-0.4798816453873691,-2.938427604966033e-17,-5.372116694276104e-17
-0.36009807646876646,0.16730561870237126,1.3115,-0.7502523714305824,0.6611515553659294,4.048385680150898e-17,-4.593970826125869e-17
0.21057977365838032,-0.48900997810792585,1.3115,-0.9968845077745633,-0.07887507945521656,-4.8297056793662054e-18,-6.10415710782852e-17
0.9890869021802229,0.4864927794875896,1.3115,-0.8577298455130336,-0.5141006828590949,-3.1479587785142953e-17,-5.252080549203451e-17
-0.6976078609330956,-0.4737195470360945,1.3115,-0.23445432914753037,0.9721271354838222,5.952561924172741e-17,-1.4356187186838146e-17
-0.10264161183544662,-0.370166430342667,1.3115,-0.3291237414902598,0.9442868011295364,5.782089042401901e-17,-2.0153016826972377e-17
-0.31618780179961137,0.002664418259433421,1.3115,-0.9865851099943378,-0.16324772812342744,-9.996040385721633e-18,-6.041091485205027e-17
-0.7252406242266942,0.6129826508891109,1.3115,0.16041831118620378,0.9870491200726367,6.043932727490831e-17,9.822788565940432e-18
-0.86205516386102,0.3774440026969422,1.3115,-0.997826025787258,0.06590312785905006,4.035402729319229e-18,-6.10992224293145e-17
0.6556578271315445,-0.6412626485173598,1.3115,0.40902448645294104,0.9125234076350632,5.587594351536577e-17,2.5045526405374213e-17
0.8376709900854264,0.1134116262610646,1.3115,0.5528026093293358,0.8333122314707002,5.102565784804656e-17,3.384939730377379e-17
-0.25663303835955753,-0.2961981155352495,1.3115,-0.9382538126142104,0.3459476595019807,2.118318469408096e-17,-5.745147642028967e-17
0.8854556557862792,-0.09417669282748165,1.3115,-0.9933407544314241,0.1152134783157297,7.054790871899574e-18,-6.082457876885302e-17
0.6348759663586907,0.02819486946048788,1.3115,-0.6931906142545693,0.720754307867371,4.41334728050721e-17,-4.244568334729229e-17
0.1630564678351123,-0.15555864077535275,1.3115,0.4317637313973636,0.9019867406175245,5.523075873853026e-17,2.643790358218495e-17
-0.8107073539688927,0.13142790507643431,1.3115,-0.7258874626504123,0.6878134860316032,4.211642920394928e-17,-4.444778788380106e-17
0.9257967513215164,-0.4004724771494458,1.3115,-0.9998479372376438,-0.017438532095012227,-1.067802125599249e-18,-6.12230287986082e-17
-0.4195220359956043,-0.6372296038952384,1.3115,0.27530461918460947,0.9613570443158033,5.886614135795544e-17,1.6857546033745655e-17
0.9696607469429799,0.367357401521509,1.3115,-0.9280775348423014,-0.3723870155107947,-2.2802128329466526e-17,-5.682835912025952e-17
0.7198780564140448,-0.4866527390905867,1.3115,-0.788886810262279,0.6145385265336966,3.762963197361111e-17,-4.8305385353863264e-17
0.727346387535172,0.48822944609487984,1.3115,0.42563168534112933,0.9048964959782251,5.540892986796945e-17,2.6062424053435378e-17
-0.4212325078418716,-0.1561538984275238,1.3115,-0.9401008218177925,-0.340896530955525,-2.0873892273756014e-17,-5.75645731157478e-17
-0.85922087728718,-0.04123320625842464,1.3115,0.08751380446879731,0.9961633069067527,6.099741026156986e-17,5.3586750261960004e-18
-0.6354268419446407,-0.27911675449141515,1.3115,-0.22795200702727808,0.9736723691736537,5.962023751633674e-17,-1.3958034788258546e-17
0.15524301229535165,0.22294804952197445,1.3115,-0.7669325180218151,-0.641727755984357,-3.929449211451282e-17,-4.696107266787178e-17
1.0345705385752644,-0.3970511255359496,1.3115,-0.15915918626924336,0.9872529328526264,6.045180720834028e-17,-9.745689400976312e-18
-0.3084461401438592,-0.692317334334872,1.3115,-0.7130329601395522,0.7011305140661245,4.2931861991780885e-17,-4.366067661607324e-17
-0.7709691150225211,-0.36013975813889587,1.3115,0.032786410803004595,0.9994623811162963,6.11994202951132e-17,2.0075886522714958e-18
-0.5858183635151959,-0.07049190737862832,1.3115,0.024956509328432297,0.9996885378167242,6.121326839907745e-17,1.5281454633477803e-18
0.4591726549584514,0.303465351461658,1.3115,-0.9976592145908687,0.06838195333515312,4.187187013566944e-18,-6.108900818942848e-17
-0.1440538309504401,0.12578821123557826,1.3115,-0.7819497737406458,0.6233414404216625,3.816865498941448e-17,-4.7880614375273946e-17
-0.6940456757521627,0.40470562893961304,1.3115,0.19811358287628217,0.980179069496958,6.001865800253404e-17,1.2130958256852649e-17
-0.7921836694384579,0.06888690394064434,1.3115,0.6693146450167737,0.7429790750526358,4.549434730483357e-17,4.0983701882111946e-17
0.14196844154917487,-0.43179480487803323,1.3115,0.23538032661415595,0.9719033397632777,5.951191570608603e-17,1.441288817851424e-17
0.4964385969190874,-0.21162563418306157,1.3115,0.3460553252380599,0.9382141076931111,5.744904519506292e-17,2.1189777319034318e-17
-0.19700649221838762,-0.5870873818154306,1.3115,-0.9210421539971221,-0.3894629001077532,-2.384772470018026e-17,-5.639756628861795e-17
-0.36175969386856155,0.16381807925096203,1.3115,-0.8185123071459057,0.574488992976094,3.5177305319678e-17,-5.011942385044743e-17
0.1767674463016049,-0.41069495230277936,1.3115,-0.8949434228471431,-0.4461796386015836,-2.7320623312907606e-17,-5.4799479910386504e-17
0.911628589297721,0.12688140229347022,1.3115,-0.3066543856675634,0.9518209326080455,5.828222292399458e-17,-1.8777165592613968e-17
0.5658441555208145,0.48962949717484106,1.3115,-0.9955986833724536,-0.09371905711773348,-5.73863716591701e-18,-6.096283704136972e-17
0.3995067226777984,-0.6273916880968029,1.3115,-0.893059419143577,-0.44993874458523464,-2.7550802168434298e-17,-5.46841179551288e-17
0.3289423962453073,-0.7303632510787509,1.3115,-0.9633047326409592,0.2684101191675347,1.6435379664864054e-17,-5.898540287161238e-17
-0.8629679408167945,-0.5220497373523568,1.3115,-0.9833854903905754,0.1815295493557111,1.1115479078456656e-17,-6.021499465673843e-17
0.41918721633415434,-0.4348539688011908,1.3115,0.04004746063332415,0.9991977786688792,6.118321806809942e-17,2.4521997239289988e-18
-0.2280577982483314,0.2826791906321652,1.3115,-0.9518076024535569,-0.3066957578963423,-1.8779698910991352e-17,-5.828140668744324e-17
0.43038875253928044,0.037856020982938055,1.3115,-0.3614430404190539,0.9323941916017229,5.70926781144317e-17,-2.2132003126164092e-17
-0.34736890725482017,-0.4077582299971391,1.3115,-0.43456457644615004,0.9006406769062667,5.514833610775825e-17,-2.6609405878380143e-17
0.8950362723610386,0.12418447212023931,1.3115,-0.7129405958759282,0.7012244339382909,4.2937612925322134e-17,-4.3655020936083095e-17
0.27042349932944365,-0.06628068869288095,1.3115,-0.9962573847872256,0.08643623810021994,5.2926931159886486e-18,-6.100317087032943e-17
-0.31650917764222386,-0.7095898621231824,1.3115,0.2269925962067804,0.9738964838561158,5.963396058276272e-17,1.389928781873907e-17
0.9909889141874761,0.5676978648015553,1.3115,-0.3685880670223364,0.9295928339056502,5.692114442764358e-17,-2.2569509824140706e-17
-0.8423649860397847,0.5325097049955348,1.3115,-0.7771693844787154,-0.6292914649262094,-3.8532988912631557e-17,-4.758789995485888e-17
1.036894794590899,0.4290349918121529,1.3115,-0.4117941613908327,0.9112768891201076,5.579961626989486e-17,-2.5215120082742585e-17
0.8139528829464104,-0.30754916491527445,1.3115,-0.8213904591809251,0.5703662977127496,3.492486304177226e-17,-5.0295659834304726e-17
0.9824587623866678,0.21334494063141296,1.3115,0.46187603659431103,0.8869444891423198,5.430968648247631e-17,2.8281750490904443e-17
0.3459443233177544,0.6173339900432578,1.3115,-0.7466304894404389,0.6652389888137427,4.07341399159386e-17,-4.5717931951952755e-17
0.8659534285612076,0.2748160807942769,1.3115,-0.9888790636444111,0.1487218796470532,9.10658869364708e-18,-6.0551379001798e-17
-0.16048853828244525,-0.33960480598058607,1.3115,-0.9822204357015094,-0.18773123259153543,-1.1495222654660551e-17,-6.014365563194862e-17
0.8455373354257656,0.5117925192125917,1.3115,-0.710467105633914,0.70373041131684,4.309105978409092e-17,-4.3503563340702863e-17
0.7092210447121483,0.15005044088864938,1.3115,-0.9896697098405902,-0.14336619344895152,-8.778647495659932e-18,-6.059979211846842e-17
0.8909905874824164,-0.27859465448598975,1.3115,0.4707539905501622,0.8822645183736553,5.4023120921378894e-17,2.8825368385654977e-17
0.2731512394544169,-0.6936153158032764,1.3115,-0.7952199376640432,0.6063210789190785,3.712645842769096e-17,-4.869317756392141e-17
-0.3050752382817403,0.06880490002182083,1.3115,0.6194684193907258,0.7850215776509305,4.806870811659087e-17,3.7931500848986135e-17
0.7573943112274426,-0.24809805870092472,1.3115,-0.7547529390247326,0.6560091470654417,4.016897510825392e-17,-4.6215288546184806e-17
0.6531272222414466,-0.44646190821933746,1.3115,0.4945101809417774,0.8691718362584758,5.322142535914849e-17,3.028001551180632e-17
-0.7705668286438195,-0.012918736225364547,1.3115,-0.938115090950187,0.34632365805922427,2.120620796556158e-17,-5.744298216819873e-17
0.5661130234383152,0.5978207571815227,1.3115,-0.22719804954127995,0.9738485746175523,5.963102698797989e-17,-1.3911868207162514e-17
0.7030590380315707,-0.37087648676591,1.3115,0.5132095143592876,0.8582633595645944,5.2553473805811726e-17,3.142501945260347e-17
-0.8227548265505632,0.579678921767469,1.3115,-0.9856309106725611,0.16891331482976069,1.0342957516981787e-17,-6.035248699479213e-17
-0.06245526417091707,-0.5048936042226579,1.3115,-0.0007630870154052283,0.9999997088490611,6.12323221295144e-17,-4.672560354434532e-20
0.2155672494475307,0.23885479778988572,1.3115,-0.09390156406351159,0.9955814865024492,6.096178403677942e-17,-5.7498124932654745e-18
1.0195429862744507,0.27087036353998595,1.3115,-0.9071155334893614,0.4208817041667546,2.5771571591374967e-17,-5.554480672722951e-17
-0.04135267626812045,-0.4026176204254096,1.3115,-0.9996962218053826,-0.024646786972001792,-1.5091804387264272e-18,-6.121373890768323e-17
-0.8444721055358239,-0.583516191943497,1.3115,0.6110963097975796,0.79155625204516,4.8468841520609034e-17,3.741885698821826e-17
0.8225228775098163,0.22382589878815262,1.3115,0.46004251703228727,0.8878968873256612,5.436800405181345e-17,2.8169479797764116e-17
0.10138266448156175,-0.09244978694750272,1.3115,-0.5460039510453197,0.8377826003462355,5.129938899476819e-17,-3.343309954847295e-17
-0.08316361642440584,0.10317803472374554,1.3115,0.5996561928815332,0.8002577399430921,4.9001653985710134e-17,3.671835186006287e-17
-0.130517797810334,0.11693152419136088,1.3115,-0.9445589144156484,-0.3283419820826023,-2.010514786915782e-17,-5.783755255726114e-17
0.43253077786874905,-0.5191280971901155,1.3115,-0.9434281080604177,0.33157714776736497,2.0303244634185627e-17,-5.776831063809169e-17
-0.8204545825065056,0.061855648669738694,1.3115,-0.8534175703941614,0.5212278297851398,3.191599966864465e-17,-5.225675479596604e-17
-0.10364720625867363,0.14087801213979334,1.3115,-0.8008465912189738,0.5988695495122036,3.667018384584688e-17,-4.903771072721926e-17
0.9929832509950729,-0.21249497566173614,1.3115,-0.8832496345757326,-0.46890306356627154,-2.8712031795341115e-17,-5.4083441891562016e-17
-0.4849419708476145,-0.6476975725975227,1.3115,0.6654918699323508,0.746405098491391,4.5704130736737344e-17,4.074962441856201e-17
-0.6858140517817499,0.1954513066740744,1.3115,-0.21500146840313777,0.9766137253717534,5.98003436389945e-17,-1.3165043004594174e-17
0.801542866341459,-0.7110243602989752,1.3115,-0.09990776945709974,0.994996702307152,6.092597633213129e-17,-6.117586503779446e-18
-0.6387973116538773,0.2143168652103431,1.3115,-0.920879759842083,-0.38984672361479117,-2.3871227111646843e-17,-5.638762251450952e-17
0.5839108088193017,0.360982798348782,1.3115,0.225986286394746,0.974130483231847,5.964828891208729e-17,1.383766911422614e-17
0.6147184377521813,0.36559093175322077,1.3115,-0.4889437636959,0.8723153076398968,5.341390746742192e-17,-2.993917075866218e-17
-0.1356601539587038,0.3237914080595038,1.3115,-0.8430506932971873,-0.5378341087464907,-3.293284098743296e-17,-5.162196665326787e-17
0.8283740741528494,-0.1535622063867247,1.3115,-0.9998981587368563,-0.01427137535925388,-8.738697076570252e-19,-6.122610397852114e-17
-0.6686084919671815,0.4971076937777247,1.3115,-0.9712908398215707,-0.23789515438257203,-1.4566876967364106e-17,-5.947441090143156e-17
-0.23866169075732746,0.4874489159537795,1.3115,0.6826264133740054,0.7307675278528333,4.4746605695289825e-17,4.179881260759569e-17
0.9214670772629805,-0.6175721060958524,1.3115,-0.8089025518153216,-0.5879427367241312,-3.600110953055711e-17,-4.953099604513798e-17
1.0111033652302361,0.0449036582813952,1.3115,-0.5838273947756822,0.8118778067600073,4.9713177867370816e-17,-3.5749117513328865e-17
-0.2918562504944361,-0.2914149146617354,1.3115,-0.9999721757894038,-0.007459735049298422,-4.567770325305308e-19,-6.123063621584539e-17
0.6959096646646317,0.34193532819971717,1.3115,-0.6946038157194759,0.719392479240605,4.405008485163428e-17,-4.253221697981971e-17
-0.758918537647011,0.0120526843128127,1.3115,-0.9078744339278328,-0.41924218802527147,-2.5671180181634074e-17,-5.559127597687179e-17
-0.17748644512178002,-0.5821499194284695,1.3115,-0.9993462363933536,-0.03615383529363936,-2.213783933462798e-18,-6.119230848195373e-17
0.3523082014928294,-0.6040574430072863,1.3115,-0.9881600449991567,0.15342661264352017,9.394670503895389e-18,-6.050735180767609e-17
-0.7287837213861684,0.38623572146494956,1.3115,0.5053896179324511,0.8628912643468417,5.283685124472862e-17,3.0946188896164005e-17
-0.7048516506831496,0.6126427808606151,1.3115,-0.36999950040633245,0.9290319530021907,5.688680037748736e-17,-2.2655935192936737e-17
0.7379687423043702,0.558519545325422,1.3115,-0.9999436838965043,-0.010612682765821392,-6.498393989764721e-19,-6.122889159057334e-17
-0.12725350147772496,-0.6282700152560291,1.3115,-0.8242523580678339,0.5662226154257841,3.4671135679301465e-17,-5.047090059987154e-17
-0.032191977672493044,0.5023309251201674,1.3115,-0.6905355691733588,0.7232984361288398,4.42892557316735e-17,-4.228310872427747e-17
-0.8504970760709754,-0.09906027790007044,1.3115,0.4005533413111842,0.9162734421363777,5.610556690280212e-17,2.4526818366225956e-17
-0.6400629788877781,0.14901495510747143,1.3115,-0.8660810545035937,0.49990359773654675,3.061026704251541e-17,-5.3032169559999524e-17
1.0340259910765421,-0.22792782373443055,1.3115,-0.9313875810666813,-0.36402908377594817,-2.229035261213793e-17,-5.703104099594537e-17
-0.4298330480544449,0.5804677691914001,1.3115,-0.7707558396723203,-0.6371306268034966,-3.9012999137682445e-17,-4.719518359894189e-17
-0.7874570545139581,0.48143063822114984,1.3115,-0.7225611032427759,-0.6913070606326704,-4.2330348951588247e-17,-4.4244107113732284e-17
-0.7267352086944394,0.017995786767414867,1.3115,-0.7565114407696283,0.653980458411917,4.004475375495365e-17,-4.632296572284389e-17
0.37446810078409043,0.21295869866486405,1.3115,-0.9269250800245804,0.3752464470470377,2.2977218013378577e-17,-5.675779161507534e-17
0.2851109662315847,0.49519110641461894,1.3115,-0.09712039795296507,0.9952726401853201,6.094287265409439e-17,-5.946909224250787e-18
1.0107155614397394,0.48022243906611906,1.3115,-0.9179199852640016,0.39676554872233416,2.429488296273749e-17,-5.620638859134727e-17
-0.32323049533139503,-0.48452152653955194,1.3115,-0.31901556772664597,0.9477494750977422,5.803291805360171e-17,-1.953406969473063e-17
0.2838064136884284,-0.6361926088101109,1.3115,-0.7370658359228173,-0.6758209478222755,-4.1382098027364e-17,-4.5132265836187326e-17
0.5107565171871349,-0.0064035926431784684,1.3115,-0.9799834553614105,-0.19907894719912103,-1.2190069773251423e-17,-6.000668009128573e-17
0.48413718400178873,-0.5195643253401193,1.3115,-0.974146961080929,-0.22591524564931637,-1.3833319123151156e-17,-5.964929788934405e-17
1.0095034281445934,0.25413860452560666,1.3115,-0.504282678467649,0.86353863850872,5.2876491479488363e-17,-3.0878408402543e-17
0.9756678540076542,0.4469717841735611,1.3115,0.6461765236843381,0.7631879848629852,4.673178614050867e-17,3.9566900570709426e-17
-0.12684960684770574,0.37070027649423853,1.3115,0.3077711290513467,0.9514604206809968,5.826014793511886e-17,1.884554640313494e-17
0.3045670778279319,-0.21965596298897638,1.3115,-0.958415236632476,-0.2853773540257097,-1.7474323157836318e-17,-5.868600758980075e-17
0.7885674927374753,-0.09901559844171082,1.3115,-0.07346922967702997,0.9972974843499124,6.106685860034141e-17,-4.498692847989818e-18
-0.7612637656378625,0.4451285449744432,1.3115,-0.7077336752373959,-0.7064793308618224,-4.325938256018473e-17,-4.3336189001413466e-17
1.1023342110804804,0.020163163498010173,1.3115,-0.8185726889054753,-0.5744029534900217,-3.5172036920617044e-17,-5.0123121166876624e-17
0.8110011283226295,-0.4031437082048464,1.3115,0.3705785969090513,0.928801110848237,5.687266537223997e-17,2.2691394626859347e-17
1.0179291360267877,0.08988394773550923,1.3115,-0.9698980448531217,0.24351136028960124,1.4910770396733906e-17,-5.938912680643257e-17
0.3521301725875494,-0.2508844254228771,1.3115,-0.9698004363996673,0.24389980229392347,1.493455560959629e-17,-5.938315001242795e-17
0.15824986319131829,0.3181654702447686,1.3115,-0.9489163853763883,-0.315527643106289,-1.932049590863126e-17,-5.810437070048351e-17
0.22087935445103035,0.027728772889620834,1.3115,-0.4637122970743513,0.8859858382288222,5.425098604384059e-17,-2.8394189016868546e-17
-0.6073818172108301,-0.7034526027454723,1.3115,-0.918140411722824,0.39625520105286105,2.4263633180743865e-17,-5.621988581920947e-17
0.5224861003726611,-0.4503872420867566,1.3115,0.6740698483553992,0.7386676109984309,4.523034627215253e-17,4.127487410950907e-17
-0.17813545844532475,0.06754690173826594,1.3115,-0.5555047241399587,0.8315133802039438,5.09155099757478e-17,-3.401485411646169e-17
0.9190425324866094,-0.2644969883099853,1.3115,-0.9944164156421065,-0.10552721118984137,-6.461678070329293e-18,-6.089044402178448e-17
-0.08705220543924252,0.11174712611309823,1.3115,-0.8099012842381058,-0.5865662023927622,-3.5916821112415736e-17,-4.959215076837635e-17
-0.5815003607986469,0.5301313969718934,1.3115,-0.02589761397634866,0.9996646005487702,6.121180266414844e-17,-1.5857715030844532e-18
0.03700706886423388,0.6035647584422456,1.3115,-0.24488926704220804,0.9695510542965389,5.93678797627099e-17,-1.4995142851439068e-17
0.38240049325575054,-0.4130399197987627,1.3115,0.37139457477738036,0.928475131506455,5.685270489436489e-17,2.2741358861090566e-17
-0.619213147185695,-0.5342856991141075,1.3115,-0.9418080979319449,0.33615101765398875,2.0583313390004144e-17,-5.766911362717067e-17
-0.512513672720895,-0.2680531527130119,1.3115,-0.6469640744145443,0.7625204826212422,4.6690913416319956e-17,-3.961512414475508e-17
0.4500994377486758,-0.5062324969689606,1.3115,0.6107485689018677,0.7918245926872445,4.8485272646029525e-17,3.7397563999474946e-17
-0.5381707049909699,-0.3602168741700888,1.3115,0.4853215849126867,0.8743357245462626,5.353762232228812e-17,2.9717376276022115e-17
-0.6338997034786091,-0.10988997272303469,1.3115,-0.35132819501563,0.9362523694960988,5.732892337487614e-17,-2.1512647473805416e-17
0.12477303083432634,0.20560249453674795,1.3115,-0.9879764075086384,-0.1546047159899241,-9.466808528507303e-18,-6.049610725442774e-17
0.37149857197097913,-0.63066309010225,1.3115,-0.8593436523800696,-0.5113985599452565,-3.131413047627621e-17,-5.2619622662742404e-17
-0.75194348356766,-0.362570111445742,1.3115,-0.9999850541125387,0.005467316667541301,3.3477659284147665e-19,-6.123142478570568e-17
-0.5072793396356601,-0.45535402973536,1.3115,-0.6719033572457905,0.7406388313623824,4.53510487076089e-17,-4.11422147893709e-17
0.3523809571730465,-0.23611265923113267,1.3115,-0.9999684364115892,0.007945198585416648,4.865031008110386e-19,-6.123040724499181e-17
-0.800293891870835,-0.39615163847131546,1.3115,-0.8977415138229141,-0.4405226150368929,-2.6974230522847622e-17,-5.4970813568246556e-17
0.14114469027325027,-0.011876071245456199,1.3115,-0.5811891695822988,0.8137684862172029,4.982894859464423e-17,-3.5587572811403516e-17
0.18264742211385587,-0.4098455280058814,1.3115,-0.38930319902277255,0.921109667320149,5.640170028736521e-17,-2.383794582905317e-17
-0.8332188860045463,-0.300463226488713,1.3115,-0.24106698778460095,0.9705084787885467,5.942650510468804e-17,-1.4761095748525278e-17
-0.6356314547342441,0.48058448373661566,1.3115,-0.9752976857758678,0.2208945995723675,1.3525893215761807e-17,-5.971975945506188e-17
0.6911373949197446,-0.058140418671475236,1.3115,-0.7845510781800104,0.6200641948432302,3.796798157403213e-17,-4.8039898333037726e-17
0.2901190959173825,0.28123383752926945,1.3115,0.37518173312954595,0.9269512754864251,5.675939562450034e-17,2.297325542878275e-17
-0.3105561547069281,-0.24412492474827535,1.3115,-0.845635559044046,0.5337607153774657,3.268341757988074e-17,-5.178024403142367e-17
-0.16721628927046872,0.6124719518415541,1.3115,0.04011744854242966,0.9991949711254784,6.118304615564745e-17,2.456485247372265e-18
-0.6712671392663598,-0.5329715427607278,1.3115,0.2769348664186131,0.9608886927015559,5.883746309269225e-17,1.6957369886592723e-17
-0.503224158330312,-0.35127923821465407,1.3115,-0.8955737658295385,-0.444913058875438,-2.7243067672533145e-17,-5.483807728617428e-17
-0.7139767160986251,-0.022321350730470035,1.3115,-0.7451484233850545,-0.6668986633115767,-4.0835765669008534e-17,-4.562718157941019e-17
-0.6509388959029203,-0.1963464069111509,1.3115,-0.9348796937753397,-0.3549647280597427,-2.1735320901428726e-17,-5.724487122849137e-17
0.7464368446214729,-0.3886415156402526,1.3115,-0.9675143372199759,0.2528161531108936,1.548052463400015e-17,-5.924316681028081e-17
0.9690232104508749,0.02199221500113957,1.3115,-0.09404292539894522,0.9955681434148084,6.096096700830092e-17,-5.758468378613576e-18
0.6521349935864189,-0.4860018894819629,1.3115,-0.5236671386747516,0.8519229588831366,5.2165236235818777e-17,-3.2065364259834374e-17
0.1330837705525898,-0.4099290276616797,1.3115,-0.9056547196358145,0.42401595347507204,2.5963489010533003e-17,-5.545535767673468e-17
-0.30093424347781306,0.05562131623466937,1.3115,-0.6639943171855395,0.7477376189180998,4.578572408050571e-17,-4.065792575966516e-17
0.1825922553172432,-0.6717944604059854,1.3115,0.355194383299958,0.9347924636368025,5.723952992299394e-17,2.1749383229170585e-17
-0.7473908085229743,0.6172053593037848,1.3115,-0.9823610849953345,-0.18699384665488158,-1.1450070788307582e-17,-6.015226791732288e-17
-0.36830222225822007,0.19338474033567887,1.3115,-0.8847028274833691,0.46615545373076145,2.854378921582296e-17,-5.4172424293706055e-17
0.06166400570641384,-0.17713058396165293,1.3115,-0.845119616264103,-0.5345772481181886,-3.2733415790247007e-17,-5.174865164772367e-17
0.7732876662352792,0.5829469752557884,1.3115,-0.9981941421399245,0.0600704136621369,3.678251990739675e-18,-6.112176305496484e-17
0.986790785419297,-0.49398576708838293,1.3115,-0.9996109512655167,0.02789168532105791,1.7078731575629415e-18,-6.12085175929978e-17
0.2656057103225853,0.413672739265866,1.3115,-0.9899049818913606,-0.14173258914824466,-8.678618081763233e-18,-6.061419837666367e-17
-0.47337465166537035,-0.518136734502522,1.3115,-0.9794928717043351,-0.2014788184410339,-1.2337019504990142e-17,-5.997664050601817e-17
0.44542089141986874,-0.02430810636723002,1.3115,-0.9212119082780477,-0.38906120347153333,-2.3823127875191515e-17,-5.640796074045682e-17
-0.09517379708833662,0.379007629833947,1.3115,-0.3883198726750229,0.9215246477906351,5.642711051260967e-17,-2.377773445583872e-17
0.04403133519715996,-0.32890680089846874,1.3115,-0.7131240715216255,0.7010378439260034,4.2926187582257095e-17,-4.366625557919434e-17
-0.4127544382190081,0.4930154636792571,1.3115,-0.7969467005351505,0.60404963083023,3.6987372346119075e-17,-4.8798911295070814e-17
0.9236277239317321,0.1147030063858252,1.3115,-0.8273769015711416,-0.5616470980487102,-3.4390966043787625e-17,-5.0662223709877666e-17
0.37111736118755023,-0.2828396854611636,1.3115,-0.9904505186397683,-0.13786866985002078,-8.442021261726554e-18,-6.06476028683014e-17
0.3559842022503137,-0.010024459624534132,1.3115,-0.9926574077514014,-0.12095979016296265,-7.40665099243038e-18,-6.078273585263313e-17
-0.5723803883696872,-0.3146938788489167,1.3115,-0.9998191579109439,0.019017136331508755,1.164463756866554e-18,-6.122126657309197e-17
-0.8065387143536853,0.04002842701318898,1.3115,-0.921742619241438,-0.38780219684000433,-2.3746035953121153e-17,-5.644045741458622e-17
-0.19499397404507146,0.3854075366193458,1.3115,-0.9544415096995511,-0.29839806393882934,-1.8271611693722724e-17,-5.844268699134614e-17
-0.6203174712580108,-0.19712726277005532,1.3115,0.3092636971980466,0.9509763223106005,5.823050545912993e-17,1.8936939843303205e-17
-0.41862373464890457,0.2493750289720732,1.3115,-0.9420959351379725,0.3353434791322313,2.0533865916711224e-17,-5.768673857282253e-17
0.5024058169337922,0.002703385159597227,1.3115,-0.29612948894233876,0.9551478031062781,5.848593498933648e-17,-1.813270153831883e-17
-0.5130733252995743,0.5052110712724055,1.3115,-0.45637214123687586,0.8897890023499218,5.4483862682217416e-17,-2.7944734099288185e-17
0.04269550282267098,0.5585673086266344,1.3115,-0.8705392959557681,0.49209890692505665,3.0132367561484104e-17,-5.330515811621109e-17
0.1296713615490115,0.09713811948720619,1.3115,-0.9272995114351373,-0.3743202052950864,-2.292050206354038e-17,-5.678071892649728e-17
0.9744584358825197,0.03349299425157315,1.3115,-0.8567185215970508,-0.5157842327490864,-3.1582675484342094e-17,-5.2458879762204035e-17
0.5287469732091561,-0.5334113550358048,1.3115,-0.900384911499577,0.43509425547104047,2.664183936450053e-17,-5.5132674993426497e-17
-0.032373009478670944,0.26887437974836936,1.3115,-0.8517056036901354,-0.5240205765452556,-3.208700608767488e-17,-5.215192706874942e-17
0.020563634122989782,-0.5874109250148023,1.3115,-0.9612537310017977,-0.2756651313371421,-1.6879621036428288e-17,-5.885981524199013e-17
-0.6259185658551252,0.5222367467162697,1.3115,-0.7476920567992913,0.6640456220767105,4.066106727820283e-17,-4.578293420535765e-17
0.29890791364644986,-0.19477028488244097,1.3115,-0.2644706900745988,0.9643937235856865,5.905208433535042e-17,-1.619415920340745e-17
0.7182555351212587,-0.7366356003916756,1.3115,-0.44885685915262896,0.8936036705338878,5.4717443741282584e-17,-2.7484555791830068e-17
0.19211808502296313,0.5208816169511331,1.3115,-0.2998996561505903,0.9539707522983909,5.841386141412085e-17,-1.8363557698510602e-17
0.5887274737535213,-0.12165254921740487,1.3115,-0.5939682081994694,0.8044885130617541,4.9260714123594534e-17,-3.6370063248338434e-17
-0.5938213856072367,-0.5006442805404492,1.3115,-0.506132827862399,0.8624555412077838,5.281017089735053e-17,-3.099169737925425e-17
0.9402245759169743,-0.24507078261374604,1.3115,-0.9323715829491942,0.36150135727105354,2.213557400347098e-17,-5.709129373373408e-17
-0.8470467870419227,0.16870034915096044,1.3115,-0.7880896484660102,-0.6155604811720132,-3.7692208647445524e-17,-4.825657327175311e-17
-0.5783504735933301,-0.1733064539990693,1.3115,-0.7140162436334485,-0.7001291336800518,-4.287054512755423e-17,-4.3720885365245976e-17
0.12235051047652279,0.07505901379774027,1.3115,-0.9999999922889308,0.00012418590322327283,7.604193444080825e-21,-6.123233948520085e-17
-0.456967114484549,0.4909265936915409,1.3115,0.18525860978246844,0.9826898022781487,6.017239604573401e-17,1.1343818174229431e-17
-0.8005585583250759,-0.09438001741886093,1.3115,0.5471607374914933,0.8370275547123674,5.125315578383184e-17,3.350393228940312e-17
0.664095736289511,-0.12018114105621003,1.3115,-0.564063645926411,0.8257313142567652,5.0561460548014236e-17,-3.453893692495826e-17
-0.07868761334510388,0.025945815217491397,1.3115,0.2122277567142422,0.977220230695231,5.983748137914764e-17,1.2995202147515996e-17
0.8350591008487913,0.5569626449716115,1.3115,-0.06512518885893416,0.9978771015391065,6.110234991711527e-17,-3.987767703998025e-18
0.40340709469972924,-0.1813992489112155,1.3115,0.29057748682683565,0.9568514639950133,5.859025413204759e-17,1.7792739457338323e-17
0.5460569575755418,0.1623614961845481,1.3115,0.08793831394303799,0.9961259222311484,6.099512111040407e-17,5.384668734637833e-18
-0.4150097531624425,0.18018062970465287,1.3115,0.4424523427666864,0.896792018463741,5.491267374562572e-17,2.7092392267223504e-17
0.7124336812096612,-0.4976796343373456,1.3115,0.03711636089558773,0.9993109504823153,6.119014784305333e-17,2.2727216283389854e-18
-0.6759071595509779,-0.40888140956675006,1.3115,-0.945374357243052,-0.32598669400343094,-1.9960928068796466e-17,-5.78874840296845e-17
0.7724957715717773,-0.19726983030424305,1.3115,0.1409500769655056,0.9900167048102866,6.062103943241638e-17,8.63070302976898e-18
-0.2919811986226717,0.4885654146480186,1.3115,0.494070313814611,0.8694219487723622,5.323674033362638e-17,3.0253081418339594e-17
-0.46096944230057385,-0.7065447518773718,1.3115,-0.8655667250698013,0.5007936146277618,3.066476485936609e-17,-5.300067596525946e-17
-0.03773654072566912,0.48353093101976363,1.3115,-0.2844692094838844,0.9586851771335645,5.870253667833166e-17,-1.741871534252084e-17
-0.35882275493917826,-0.22130263117817528,1.3115,-0.056718147308943596,0.9983902302035217,6.11337699859366e-17,-3.4729848777732846e-18
0.36406313535698365,-0.18046838988923564,1.3115,-0.5519773757185381,0.8338590868335465,5.1059143081531876e-17,-3.379886631877318e-17
-0.2893688645879192,0.5601748437660033,1.3115,0.3384033666548018,0.9410011484778835,5.761970222387116e-17,2.072122998972456e-17
0.8483035282296632,-0.07326953360516819,1.3115,-0.9877593734292343,-0.1559853204717887,-9.5513461714875e-18,-6.048281774989534e-17
-0.030226834141979353,-0.7121271703681586,1.3115,-0.7932912723421752,0.6088423089977674,3.728083924497999e-17,-4.857508087326881e-17
0.3825538316954238,-0.38866232021478003,1.3115,-0.9646152277035551,-0.26366164393483277,-1.6144619415136096e-17,-5.90656475507977e-17
1.0780851221544403,-0.020701689516109623,1.3115,-0.07002318299953708,0.9975453643031045,6.108203686990386e-17,-4.287683346324617e-18
-0.8365496790829209,0.5132465602141257,1.3115,-0.8551197393894685,0.5184305462706529,3.174471545352844e-17,-5.2360982586551567e-17
-0.3298225525979577,0.018440575456700192,1.3115,-0.9687845666611583,-0.2479041415530439,-1.5179750672415378e-17,-5.932094593124715e-17
-0.46387303937048446,-0.7278917314232478,1.3115,-0.8909799346645009,-0.45404268084095556,-2.780209578840797e-17,-5.455678625456994e-17
0.8590501337289052,0.07784560238200366,1.3115,-0.9645878145808859,0.26376191529876053,1.6150759265380123e-17,-5.906396898115113e-17
-0.5254141257683229,0.5134020137008949,1.3115,-0.4061774787465568,0.9137942086482549,5.59537576350237e-17,-2.4871197461635634e-17
0.15549489187058407,-0.6784687616510744,1.3115,-0.9992934474948552,0.03758464837998854,2.3013959667815953e-18,-6.118907609417488e-17
-0.7088930401723994,0.08573099840681742,1.3115,-0.4237759645704676,0.9057670406083287,5.546223535270803e-17,-2.5948793928340265e-17
-0.30080901372047286,-0.2543056875771598,1.3115,-0.14749712122325875,0.9890624849982186,6.056261032048977e-17,-9.031593869475642e-18
0.2496139970684501,-0.08890674737843696,1.3115,-0.8326376245756063,-0.553818188705546,-3.391158360539158e-17,-5.098435008930859e-17
0.5789578966707161,-0.44767191981630017,1.3115,-0.03851909984366842,0.9992578640907629,6.118689723907869e-17,-2.3586146164792902e-18
0.30644445864790515,-0.67234093227264,1.3115,-0.886459874520856,0.46280545682226837,2.833866106626598e-17,-5.428001239522653e-17
-0.2105286084007837,0.3162333679467594,1.3115,0.522129446997514,0.8528662501108075,5.222299616495032e-17,3.197120780030416e-17
0.5702701147955418,-0.062194931532683295,1.3115,-0.5485693687804886,0.836105045814087,5.119666840535864e-17,-3.3590186079365465e-17
-0.3846311701200903,0.3824465844843504,1.3115,-0.9849449327454126,0.17286838768015036,1.0585135882312994e-17,-6.031048296115374e-17
-0.33360833801021395,0.06797693627812573,1.3115,0.4773922959228249,0.8786902729594394,5.380426151108457e-17,2.923184735697469e-17
0.9451155065661652,-0.555011201117347,1.3115,-0.5775875086863839,0.8163287755613277,4.99857211021529e-17,-3.5367034687013704e-17
-0.5060665350418558,0.001571901697864142,1.3115,-0.9984412313613598,0.05581314825031547,3.4175696677542833e-18,-6.113689290617155e-17
0.7256041950613934,0.16216834586052575,1.3115,-0.9518343449269298,-0.3066127522095624,-1.8774616278560055e-17,-5.828304419166412e-17
-0.3781580064410935,-0.07053009995432491,1.3115,-0.7339641275201291,-0.6791882357002481,-4.158828494344234e-17,-4.494234097282529e-17
0.9981256112588675,-0.6888275611796729,1.3115,-0.8522322974591837,-0.5231635606265419,-3.203452899759134e-17,-5.218417776066922e-17
-0.515099665957625,0.037356746779313,1.3115,0.6278234676394872,0.7783557627981758,4.766054467543413e-17,3.84431000037145e-17
0.5092869696832367,-0.3344424638701152,1.3115,-0.7683898245069855,-0.6399820916198546,-3.918760100069416e-17,-4.705030695399381e-17
0.998536181422826,-0.09142966631264471,1.3115,-0.9562083023057498,-0.2926870044972202,-1.7921910160477374e-17,-5.855087183684307e-17
-0.24054286203186737,0.3959298614830308,1.3115,-0.8856253706430305,0.4644003691572553,2.8436321280564104e-17,-5.422891377008378e-17
-0.41712248449577255,-0.5773410989420189,1.3115,-0.9857973579472762,0.16793918263517307,1.0283309123279374e-17,-6.036267895090247e-17
-0.19936782181169288,0.2528295440805183,1.3115,-0.20368038271565722,0.9790374363101768,5.994875313113445e-17,-1.2471826437091871e-17
0.19627174148791826,0.34345362848873606,1.3115,-0.9249475529819409,0.38009475691295697,2.327409137130721e-17,-5.663670300692555e-17
0.8830078970041229,0.10319602056248656,1.3115,0.6508783611535603,0.7591820328366943,4.648649232418191e-17,3.9854805081049135e-17
0.851535968071643,-0.713775829491568,1.3115,-0.7683805340014201,0.6399932460328721,3.918828401150407e-17,-4.7049738074598653e-17
0.9882321784525603,0.3545281659530163,1.3115,-0.311143005047322,0.9503631045080202,5.819295669817442e-17,-1.905201426041458e-17
0.6475671886614935,-0.19074692470090127,1.3115,-0.9268630388386518,0.37539966333866087,2.2986599805434253e-17,-5.675399268808719e-17
0.8586280403173234,0.6091306866798317,1.3115,-0.5029900910555879,0.8642921776227594,5.292263244269041e-17,-3.079926025070307e-17
-0.03787042148684694,0.27043808238313705,1.3115,0.4244311067142116,0.9054602341645654,5.54434488762424e-17,2.5988909814806398e-17
-0.17013888355598095,-0.3483336254672917,1.3115,0.05147500970830244,0.9986742829248835,6.115116319873684e-17,3.151935293767576e-18
-0.7895712981407308,-0.7184412136762894,1.3115,-0.5299068914197044,0.84805582742288,5.192844272758451e-17,-3.244743892116325e-17
-0.11126458532951089,0.1908353664202781,1.3115,-0.8090886653718155,-0.5876865929786509,-3.598542524965591e-17,-4.954239221369989e-17
0.685535818571624,-0.6201492828229554,1.3115,-0.9188511708507376,-0.39460426483532673,-2.4162542493023865e-17,-5.62634072637577e-17
0.9994588681815753,-0.10079032354267892,1.3115,0.25770434694000693,0.9662238196030072,5.916414539683761e-17,1.577984018032193e-17
1.0914962170034874,-0.42468308229914875,1.3115,-0.9507128952691575,0.3100725572651281,1.898646823790868e-17,-5.821437520497433e-17
0.33153432744989875,-0.038565985863317165,1.3115,0.22877487479597225,0.9734793560533718,5.960841887133941e-17,1.4008420907211195e-17
-0.43599633362291246,-0.48683382781379425,1.3115,-0.3093912238065155,0.950934840371046,5.822796542290505e-17,-1.894474859594658e-17
-0.7583558150513484,0.5885470138134749,1.3115,-0.8480905365743004,-0.5298513393142601,-3.244403733575733e-17,-5.193056805014391e-17
1.0989073044852347,-0.5040679275724245,1.3115,-0.999665081423576,-0.025879045237317048,-1.5846344957434848e-18,-6.121183210923804e-17
0.5065128649826163,-0.5315470246890391,1.3115,0.08021105129041939,0.9967779026698403,6.103504339827159e-17,4.911510360952818e-18
-0.4293934874215611,-0.005197142944449729,1.3115,-0.860879859075832,0.5088082823987593,3.115552172096517e-17,-5.271368819338211e-17
-0.6916730882776498,0.4626312252541428,1.3115,0.36954102941812905,0.9292144142105145,5.689797290422447e-17,2.2627861941526483e-17
0.8884986943003128,0.5700651585676811,1.3115,-0.9825709905185654,-0.1858877311480382,-1.1382340747560432e-17,-6.016512092368027e-17
0.4256896056265411,0.013878027216957523,1.3115,-0.47748970062711105,0.8786373460051831,5.3801020669828656e-17,-2.9237811674940974e-17
-0.13433135928159368,-0.3860983011133118,1.3115,-0.6978858715245301,0.7162089850919542,4.385515205567181e-17,-4.2733184936633835e-17
-0.7123664000710418,-0.4404682805209592,1.3115,0.5194660990892627,0.8544910601621203,5.232248708637845e-17,3.180812477576137e-17
0.8140921036446596,-0.06266867188279923,1.3115,-0.8799256940242384,0.47511132694976077,2.9092178289383807e-17,-5.387990923371484e-17
0.7615176744636456,-0.2651101483423867,1.3115,-0.8370676463738779,0.5470994017489843,3.350017655836628e-17,-5.1255610690078906e-17
-0.3437499685242069,0.4642376012519872,1.3115,-0.9589254024761539,0.28365837284653944,1.7369065917893054e-17,-5.871724623817547e-17
0.8128529870647874,0.44866223211876866,1.3115,-0.9628691231988253,-0.2699686122317283,-1.6530809841991952e-17,-5.8958729486163e-17
0.5093884370285202,0.19151342039865282,1.3115,-0.9999635807368993,-0.008534471268842603,-5.225856460901563e-19,-6.123010992066848e-17
-0.5586446813091279,0.46731642313932775,1.3115,0.6392442616794108,0.7690037541585508,4.708789930312837e-17,3.914242194695018e-17
0.7637687996193596,-0.5659328020914862,1.3115,-0.9997920411400119,0.02039300059061955,1.2487111449156168e-18,-6.121960614975572e-17
-0.5543738860322531,0.3808866911395915,1.3115,-0.723499806511398,0.6903245830607293,4.227018955090267e-17,-4.4301586111395645e-17
-0.8603432022572358,-0.3486096050176698,1.3115,-0.747641496203848,-0.6641025471672818,-4.066455293470079e-17,-4.577983826178903e-17
0.3792544105470368,-0.3860298796178444,1.3115,-0.7901268601222781,0.6129433455983595,3.7531955312285044e-17,-4.838131650845481e-17
0.6726535731895666,-0.5960086022517591,1.3115,-0.7925875533569967,0.6097581243932466,3.733691676461416e-17,-4.85319905131339e-17
1.0356501516485273,-0.2732676438628453,1.3115,-0.840896800143548,-0.5411955021139238,-3.313866696883807e-17,-5.1490078735452386e-17
-0.6698257191224737,0.544751941462884,1.3115,0.5415516556288094,0.840667475453699,5.1476036648082933e-17,3.316047508193856e-17
-0.2764902103114102,0.23002844979861703,1.3115,-0.8641929918056828,0.5031604842532283,3.080969382490742e-17,-5.291655906302021e-17
-0.18745978111923978,0.11013792141251366,1.3115,-0.9279883440729577,-0.37260922326846646,-2.2815734630425443e-17,-5.682289776075002e-17
1.0564551369096007,0.5882381731625402,1.3115,0.36787263356829214,0.9298761882484835,5.693849487709236e-17,2.252570215966581e-17
0.6298776543313227,-0.7092175767856067,1.3115,-0.2291976633377063,0.9733799007173589,5.960232898839411e-17,-1.4034309238928733e-17
0.09549080338204752,0.31553979206790805,1.3115,-0.577323156695068,0.8165157516812778,4.9997170087493595e-17,-3.5350847796013034e-17
-0.33067194742973827,0.6270490632166953,1.3115,-0.5913049244545509,0.8064480679596164,4.938070225526557e-17,-3.620698415266666e-17
-0.5486975863981116,0.34906831998240306,1.3115,0.09170096103702681,0.9957865904624774,6.097434303218647e-17,5.61506442063656e-18
-0.7097207675893997,0.19200604105065588,1.3115,-0.07300694841138373,0.9973314321145492,6.106893730140643e-17,-4.470386284375853e-18
1.0116115803803134,-0.535446456693043,1.3115,-0.8206422216720752,-0.5714423365564724,-3.499075141805842e-17,-5.0249843500793984e-17
-0.041100457852425554,0.1343346520904536,1.3115,-0.07600094557357985,0.9971077455681115,6.105524045075106e-17,-4.653715736442839e-18
1.0772436982563796,-0.18057507532313088,1.3115,0.06293284728154569,0.9980177637362162,6.111096299258782e-17,3.853525499228717e-18
-0.4506264766222849,-0.7002217701166814,1.3115,-0.36381610397533165,0.9314707952953817,5.703613639788644e-17,-2.2277311360582524e-17
0.8401580511821607,-0.09280958820580043,1.3115,0.20117036568556904,0.9795562689146217,5.998052246555077e-17,1.2318132221006739e-17
0.8486111188880205,0.32404407573585325,1.3115,-0.9559930372420281,-0.2933893534959344,-1.7964916633135366e-17,-5.853769065328031e-17
0.6353495500490238,0.11742672192156478,1.3115,0.6312890124361001,0.7755476663477582,4.748859835894907e-17,3.8655303420838195e-17
0.9521204343706913,0.10427753215149416,1.3115,-0.6648917759039543,0.7469397072959006,4.573686608479929e-17,-4.071287925700884e-17
-0.6404951694765342,-0.5709947215136957,1.3115,-0.5366379441779847,0.8438126076733069,5.166862045336484e-17,-3.2859597031929244e-17
-0.4755599916799326,-0.06754909277726562,1.3115,-0.8638781664171002,0.5037008175373838,3.0842779696253106e-17,-5.289728156779931e-17
-0.3398550724096364,0.3528462042754966,1.3115,-0.6009731585747143,0.7992692053824739,4.8941123701434753e-17,-3.679899275109992e-17
-0.8499680899021446,-0.6434579761702761,1.3115,-0.6611677144701263,0.7502381310906221,4.593883629192114e-17,-4.0484846261270563e-17
0.31624072637246003,-0.3422556168534173,1.3115,-0.9407504471794392,-0.3390996846528836,-2.0763867170101535e-17,-5.760435119673707e-17
0.6726646599866193,-0.6885637339713573,1.3115,0.4401361424890369,0.8979310530741602,5.498241950011412e-17,2.695056590441312e-17
-0.39326677856047054,0.6126744031490593,1.3115,-0.7046325705374469,0.7095723645533203,4.344877625068213e-17,-4.3146301104182787e-17
0.3521846654185121,0.22218686952759892,1.3115,0.6850717159737706,0.7284756303218065,4.4606267446522545e-17,4.1948544207683144e-17
-0.22595368706040808,-0.03166420198940645,1.3115,-0.3108895590302448,0.9504460437531317,5.81980352622269e-17,-1.9036495167736067e-17
-0.8071914383755114,-0.6350331449090014,1.3115,0.36017859036847333,0.932883370545418,5.712263168581201e-17,2.205457789080783e-17
0.2518659612544083,0.20432486759460322,1.3115,0.15596825259556057,0.9877620686087756,6.048298278204526e-17,9.550301065487958e-18
-0.5410495219625238,-0.599323787380534,1.3115,-0.9906662523906301,0.1363098542817225,8.346571336917684e-18,-6.066081275067444e-17
-0.8103962609555775,0.5433556263388298,1.3115,-0.7926445520309214,0.6096840281126774,3.733237967597277e-17,-4.853548067531278e-17
0.5323579495517163,0.45371157602712164,1.3115,-0.9868245173366033,-0.16179422728694656,-9.907039128373924e-18,-6.042557432382016e-17
-0.20020971838015844,0.3765697062877079,1.3115,-0.8982808282093505,-0.43942184023045944,-2.690682750568359e-17,-5.500383705010073e-17
0.21232808953670523,0.37996713592846654,1.3115,-0.9446285580673764,0.32814156591865856,2.009287591847427e-17,-5.784181700101962e-17
0.17033007397537636,0.2622040028918261,1.3115,0.5611681966664077,0.8277017911362594,5.068211745817755e-17,3.436164179154043e-17
-0.38324139019188974,-0.5237856095244792,1.3115,0.09656639646376404,0.9953265449459304,6.094617336872141e-17,5.912986416727154e-18
1.0611649370335183,-0.28010518210649915,1.3115,-0.9922329678668189,-0.12439347843920323,-7.616903760268773e-18,-6.075674640532891e-17
0.4325588110427365,-0.05847908559338699,1.3115,-0.9953228403155678,0.09660457311199518,5.915324062230075e-18,-6.094594652553562e-17
-0.42020270268136595,0.6259628006619636,1.3115,-0.9513721965199612,0.30804373664917195,1.886223880423994e-17,-5.825474576329786e-17
-0.47750686225843436,0.19163360510059435,1.3115,0.6358431794846281,0.7718182759580645,4.7260239058773615e-17,3.893416572577629e-17
-0.3622725149707745,-0.10735605744017929,1.3115,-0.9974288301411123,0.07166399935345669,4.388154371115441e-18,-6.107490121048012e-17
0.5990443250183624,-0.1583721584683444,1.3115,-0.3711567919547731,0.9285702104772914,5.685852680222996e-17,-2.2726798862460647e-17
1.0845214353248667,-0.6878899709992491,1.3115,-0.8586162929147001,0.5126188267528008,3.1388850268274455e-17,-5.257508474068768e-17
-0.0036642391662317086,0.2535040254103976,1.3115,-0.9257638289811122,-0.3781022784250714,-2.3152087251179245e-17,-5.668668549640583e-17
0.9121910944703144,-0.16355544647587217,1.3115,-0.8798399204063441,0.47527014892517505,2.910190333057508e-17,-5.387465711438456e-17
0.9353041510122815,-0.4535501523062141,1.3115,-0.9315697000028471,0.36356277867323755,2.2261799659564904e-17,-5.704219256455734e-17
0.5800300104270868,-0.5622260006351449,1.3115,-0.8777668847115213,-0.47908798367714367,-2.933567828600867e-17,-5.374772028797542e-17
-0.5168680782191803,-0.4166154715545921,1.3115,0.21514694717194688,0.9765816868662813,5.97983818463357e-17,1.317395101002247e-17
0.8203912550585057,-0.06661022524040017,1.3115,-0.9289066476085015,-0.3703139749303762,-2.2675191203900912e-17,-5.687912763502248e-17
0.00959501541528296,-0.03564095570060566,1.3115,-0.8807349978711273,0.47360939974302174,2.900021177206955e-17,-5.392946480199635e-17
-0.5488956845364849,-0.2056539686404807,1.3115,-0.025549152031658088,0.9996735671360243,6.121235170926744e-17,-1.5644343628249528e-18
0.4286520691208411,-0.2961888517552692,1.3115,0.36557122470116377,0.930783368819239,5.699404366620356e-17,2.2384781509532904e-17
1.0491853113456757,-0.11949317013887961,1.3115,0.526519407983365,0.8501631096541692,5.205747654955693e-17,3.2240015383789377e-17
-0.5365398321164943,-0.028830594684031707,1.3115,-0.9694496060864809,-0.24529056496075666,-1.501971526201182e-17,-5.936166785142357e-17
-0.018980928102300676,-0.4012665894645965,1.3115,-0.9907949152464861,0.13537147381080125,8.289112104912879e-18,-6.066869107840413e-17
-0.5419229385403174,-0.5126911968198515,1.3115,-0.9990876681990452,0.04270633738211072,2.6150089689154454e-18,-6.117647574637768e-17
0.44266057374641776,-0.09085717671975568,1.3115,-0.9847451726641216,-0.1740027152509676,-1.0654593413752288e-17,-6.029825118394622e-17
0.2871723502343628,0.45000473942521746,1.3115,0.4203148758041631,0.9073783142536144,5.55608974083205e-17,2.5736863364379285e-17
-0.3383562699733266,-0.6645626597332814,1.3115,-0.8330272312526529,-0.553231987498499,-3.387568913379826e-17,-5.1008206617807166e-17
-0.7950211023950139,-0.5752209781502231,1.3115,-0.8377425139467741,-0.5460654542508059,-3.3436865533659735e-17,-5.129693441072869e-17
-0.24637859993608047,-0.046059372862148784,1.3115,0.3139630235602626,0.9494352109738179,5.813613960584391e-17,1.9224690592685038e-17
1.0825009037044344,0.5830730889031267,1.3115,-0.8056582973145463,-0.5923805432053167,-3.6272846805678066e-17,-4.933234275063829e-17
0.3937357167503217,0.4495197366705105,1.3115,-0.7408899994058309,0.6716263907712591,4.112525548404559e-17,-4.536642831463176e-17
0.09589392206921576,0.1732714898683474,1.3115,0.6374879169320069,0.7704603531432949,4.717709026734377e-17,3.90348768482948e-17
-0.2626828557662596,0.22523136800015264,1.3115,-0.9712084958956586,0.2382311010344631,1.458744776696025e-17,-5.946936879016668e-17
1.04936567538461,-0.6139804165053391,1.3115,-0.5717885254558736,0.820401049583067,5.0235075969451606e-17,-3.501194937443602e-17
0.8476579481762156,-0.4995961892992917,1.3115,-0.9619287471761759,-0.2733003574020215,-1.6734820394910657e-17,-5.890114806185636e-17
0.999225382997514,0.1957827908699734,1.3115,-0.9150477087830172,0.40334562183188566,2.469779623632588e-17,-5.603051238141207e-17
0.8491696792368195,0.04101779188175203,1.3115,-0.8427271917115399,-0.5383408588895902,-3.296387048446867e-17,-5.160215789419876e-17
0.4936420205445542,0.18652939205793684,1.3115,-0.9593109421303395,0.2823517598829526,1.7289058948714003e-17,-5.874085373334762e-17
-0.09236074799345795,0.15179411045501023,1.3115,-0.9583831593386984,0.28548506072293,1.7480918290936208e-17,-5.868404342204324e-17
1.1078380044774612,-0.676756658605596,1.3115,-0.47321869902964636,0.8809449828954639,5.394232267639248e-17,-2.897628825316656e-17
0.8528333385684477,0.3319976550960678,1.3115,-0.9993416671521801,0.03627991584198332,2.2215041404610183e-18,-6.119202869662486e-17
0.8682178424992715,-0.18771119805148062,1.3115,-0.9666752504401285,0.25600578154900133,1.567583304686006e-17,-5.919178756332347e-17
0.7281506569275744,0.30437977518307,1.3115,-0.5505535436370426,0.8347998536108491,5.111674843266027e-17,-3.371168174871683e-17
0.7479474164588928,-0.577832757920784,1.3115,0.6941992377783686,0.7197828966208714,4.4073991021388014e-17,4.250744372579058e-17
-0.22967088513766432,-0.23948185108669928,1.3115,-0.9853606178346164,0.17048299862620694,1.0439072928831348e-17,-6.033593633185108e-17
-0.10287784328217475,-0.12649496251664283,1.3115,-0.37760359339816346,0.9259673462130262,5.669914733273758e-17,-2.3121551600079973e-17
-0.42255159876443377,-0.6424288007421585,1.3115,-0.9671715926102101,0.25412420279821774,1.5560619577135518e-17,-5.922217975581709e-17
0.354829865791056,-0.10615918381801348,1.3115,-0.9372816431877062,-0.3485729785042915,-2.1343939119726982e-17,-5.73919482114698e-17
0.1558200981399842,-0.08460410013674957,1.3115,-0.28275346342965774,0.9591926182569032,5.873360848570427e-17,-1.731365619684793e-17
-0.11945228356643134,-0.19501749904765864,1.3115,-0.7776779367151437,0.6286628879983907,3.849449967649801e-17,-4.761903979828593e-17
0.3318678939166073,0.3079496013588844,1.3115,-0.9949897480024524,0.09997700420604912,6.121825909463982e-18,-6.092555050378176e-17
1.0208479653826805,-0.7179484314026792,1.3115,0.6901083017897587,0.7237061087215274,4.431421847846025e-17,4.225694614259218e-17
0.4102948834544231,0.4908939742572821,1.3115,-0.8492831104695191,-0.527937684079493,-3.232685974786088e-17,-5.200359214032023e-17
-0.7535500324460904,0.5409151008307768,1.3115,0.4500088362928966,0.8930241022829748,5.468195542111418e-17,2.755509404770606e-17
0.08999782670729739,-0.39018899595202206,1.3115,-0.17901160146107833,0.9838469629684996,6.024325170251088e-17,-1.0961299236977562e-17
0.7185973295043389,-0.0021924058482002406,1.3115,-0.9052730318497008,0.4248302458696306,2.601335003926131e-17,-5.5431986040457794e-17
0.5464106363103696,-0.3684146229921246,1.3115,0.39170294520658,0.9200917360331474,5.633936997274628e-17,2.398488790319147e-17
-0.5139619892222635,0.19285593134788648,1.3115,-0.7607392173114049,0.6490576578736523,3.9743319158852315e-17,-4.658184237331374e-17
0.5323296907338615,-0.596151107667822,1.3115,-0.020616132388930508,0.9997874649570888,6.121932593936727e-17,-1.2623740270450892e-18
1.0355210667208832,-0.07860828140682341,1.3115,-0.8094351180770203,0.5872093235155929,3.595620092364267e-17,-4.956360632352414e-17
-0.7869563598817484,0.1269499900661868,1.3115,-0.8932939549653185,0.44947292468225447,2.7522278925776123e-17,-5.469847913229786e-17
0.7506323193838982,0.4718996806407124,1.3115,0.11895729280580664,0.9928993717836232,6.07975518765116e-17,7.284033393493286e-18
0.3379643199026656,-0.17824688248558762,1.3115,-0.8909735420165472,-0.4540552250844472,-2.7802863901789964e-17,-5.455639481777722e-17
-0.17251882622201276,-0.4175398519690616,1.3115,-0.07785160234701938,0.9969649582668398,6.104649725017798e-17,-4.767035781138486e-18
0.7574215792941106,-0.1607836394865998,1.3115,0.4664428909993968,0.8845513153210077,5.416314684947266e-17,2.8561389672372457e-17
0.3634891815089678,-0.1222712094150471,1.3115,0.2547275633695636,0.9670128584769724,5.921246009340783e-17,1.5597564756757034e-17
0.587483762479369,0.44248318454439606,1.3115,0.4659447223699531,0.8848138310941955,5.4179221304540664e-17,2.853088564149826e-17
-0.8261483224561612,0.13906884160904753,1.3115,-0.8028750617346959,0.5961473267947348,3.650349577897116e-17,-4.916191872343145e-17
-0.41328085549813676,-0.20589516162582278,1.3115,-0.699888195453814,0.7142524160718002,4.3735346756279684e-17,-4.285579191617652e-17
1.0847909010659067,-0.5555317799870487,1.3115,-0.4660373503161511,0.8847650468402903,5.417623413052098e-17,-2.8536557467389403e-17
-0.024308363217431572,0.24297933001433425,1.3115,-0.7262618595354781,-0.6874181488614259,-4.20922217839472e-17,-4.44707130811464e-17
-0.6185225183019238,-0.5999533417461554,1.3115,-0.8581513421105706,0.5133967997892336,3.143648737771898e-17,-5.2546614714985785e-17
-0.3296135588784648,-0.6338777870091323,1.3115,-0.8991429732148027,-0.43765501678656066,-2.679864077192213e-17,-5.5056628206167123e-17
-0.49271896240745156,-0.2986874736532744,1.3115,-0.32390643831529803,0.9460891180105065,5.793125050398548e-17,-1.9833549145302463e-17
-0.735401943677243,-0.029811847292036453,1.3115,-0.9875125141817451,-0.15754057996100124,-9.646578349252882e-18,-6.046770198053146e-17
-0.40978265365352173,-0.0010236293334023872,1.3115,-0.9519046571593043,0.30639439237431804,1.8761245594895345e-17,-5.828734957418004e-17
0.18332233294474665,-0.2973654232194739,1.3115,-0.968181070362087,0.25025070427977525,1.5323436199029887e-17,-5.928399244069941e-17
1.097384213940354,0.16636704685304626,1.3115,-0.9981529653353929,0.06075078429256603,3.719912676479117e-18,-6.11192417028714e-17
0.0490375235463294,-0.6603644212665211,1.3115,-0.7947055059643182,-0.606995188440565,-3.716773573107912e-17,-4.8661677707199005e-17
-0.5255495682471185,0.20506671998759485,1.3115,-0.7820535527799201,0.623211232716729,3.816068206696092e-17,-4.788696900868723e-17
-0.6813872768002017,-0.12419033358125353,1.3115,-0.30175219350550664,0.9533863926628151,5.837807970625792e-17,-1.8476992895610566e-17
0.4448550379336662,0.3499482461250879,1.3115,0.04822960544570348,0.9988362754518639,6.116108238021945e-17,2.9532115966610284e-18
-0.0815558548659513,-0.5335803976840064,1.3115,-0.8493387951741652,-0.5278480946371764,-3.232137397667235e-17,-5.200700184508554e-17
0.19719503221606915,0.41395374647320293,1.3115,-0.9221700824917984,0.3867846157192265,2.3683727079999494e-17,-5.646663198965158e-17
-0.6963553755460551,0.2947415577626141,1.3115,-0.9715814628217874,-0.2367054310764241,-1.449402742542686e-17,-5.949220642778025e-17
0.6769796697627048,0.2308152146988497,1.3115,-0.16613377465429882,0.9861032242717366,6.038140786166335e-17,-1.0172759768032734e-17
-0.35151088643670947,-0.24817257613413274,1.3115,-0.832414708027516,-0.554153186275659,-3.393209629048964e-17,-5.0970700387453806e-17
0.2246360410919297,-0.3232095971558756,1.3115,-0.5806526162600355,0.8141514227896283,4.9852396697029084e-17,-3.555471839596944e-17
0.3173779687207434,-0.03445646634501198,1.3115,-0.7003292646581714,0.7138199500317605,4.3708865848695956e-17,-4.288279961564245e-17
1.0934571853798056,0.4268578919417617,1.3115,-0.8433244956576745,-0.5374046845941416,-3.290654634175042e-17,-5.163873221248636e-17
-0.6423617993909864,0.3801758994668972,1.3115,-0.9202634183248115,-0.3912994261344286,-2.3960179486186204e-17,-5.63498824811941e-17
0.8474883597929666,0.36434149976161156,1.3115,-0.170936008858671,0.9852821326277406,6.033113049898201e-17,-1.046681180538975e-17
-0.7126179809924182,-0.18930523437666813,1.3115,-0.9850828961154376,0.1720804689115587,1.0536889772415807e-17,-6.031893078112877e-17
-0.1870303420021091,0.5974884159815231,1.3115,-0.9741871728373157,-0.22574178230721506,-1.3822697556817468e-17,-5.965176014928141e-17
-0.6103360986256564,0.44140789864258345,1.3115,-0.6777894750208406,0.7352560285716624,4.5021447097204066e-17,-4.150263555400186e-17
0.32859332262243734,0.30784866644071573,1.3115,-0.7127841312037828,0.7013834773532012,4.294735152577189e-17,-4.3645440238086984e-17
-0.0828498789552754,-0.5418821347690697,1.3115,0.5406659477831856,0.8412373820199086,5.151093336068901e-17,3.310624111803241e-17
-0.8218408004261168,-0.5572815187012735,1.3115,-0.8081473605730435,0.5889803422855666,3.606464454703658e-17,-4.948475391825797e-17
1.0412595234056818,-0.14874791517439856,1.3115,-0.7206180974566159,0.6933322130249014,4.245435377133482e-17,-4.412513232289499e-17
-0.0018878331295721917,-0.5978167238243639,1.3115,0.10649188325925296,0.994313571666352,6.088414664449852e-17,6.520747198430888e-18
0.35502332660749825,0.15037630095506282,1.3115,0.5585715320141997,0.8294563542606145,5.078955346388473e-17,3.420264193880116e-17
0.6744694635876478,-0.11123421774095399,1.3115,-0.7184185017895409,-0.6956111387021282,-4.259389772314034e-17,-4.399044593323992e-17
-0.7584789281052013,0.21197840445165217,1.3115,0.03398515961262317,0.9994223376161374,6.119696833789841e-17,2.0809908469055454e-18
-0.5910617512619771,-0.5762170932335826,1.3115,0.45106064189283135,0.8924933038041389,5.4649453388209244e-17,2.7619498565770324e-17
0.4988637792377695,-0.6574110693692938,1.3115,-0.7144063232574426,-0.6997310949856255,-4.284617228690094e-17,-4.374477085339283e-17
0.7402890741609294,0.10231150812940903,1.3115,-0.9225465119868428,0.38588590699960834,2.362869704215718e-17,-5.648968164846211e-17
0.17159618147289346,-0.15756143053462957,1.3115,-0.9093177645651761,-0.41610239490561834,-2.5478923301935674e-17,-5.567965448912848e-17
0.018473173963861278,-0.4755886687582688,1.3115,-0.49308201325080386,0.869982832134367,5.327108453432508e-17,-3.0192565462236484e-17
0.7671801090135448,0.26498615889136656,1.3115,0.6821817955722419,0.7311826022204249,4.477202167007378e-17,4.1771587619207005e-17
-0.04818277560771267,-0.08163313565306529,1.3115,-0.030824221230380033,0.9995248207951319,6.12032436227545e-17,-1.887439193299736e-18
0.6338944294280715,-0.5546112643283553,1.3115,0.10910391937882441,0.9940303490216881,6.086680425923683e-17,6.680688282085414e-18
-0.8489766246558035,-0.41158919725822996,1.3115,-0.9869214087714583,-0.16120214920577264,-9.870784802026171e-18,-6.043150721309814e-17
1.028880909044288,-0.07268854364517796,1.3115,-0.805232426810157,0.592959306203575,3.630828581834217e-17,-4.930626570313571e-17
0.027575877097842483,0.4171466316842324,1.3115,-0.6805086642982704,0.732740034265212,4.4867386878500686e-17,-4.166913787624587e-17
-0.5756035465765232,-0.2968952764530576,1.3115,-0.65187691681607,0.7583247888091056,4.6434001266458194e-17,-3.9915948980842277e-17
-0.12798941884108517,-0.2009895932447714,1.3115,-0.9939552507819397,-0.10978597106648681,-6.72245190289285e-18,-6.086220581829037e-17
0.8951118534795446,0.5696298592563976,1.3115,-0.20403887053023165,0.9789627875015207,5.994418220990539e-17,-1.2493777484824467e-17
0.49088298746352654,-0.14173330754789149,1.3115,-0.9595261679504097,-0.2816194826683734,-1.7244219901367848e-17,-5.875403251392974e-17
-0.7968389763566719,0.4960209771940721,1.3115,-0.9378663215607526,0.34699677647220756,2.1247424581056935e-17,-5.742774943637389e-17
0.4338394738118614,0.486891775730781,1.3115,-0.9100194915634383,0.41456546524598653,2.5384813502526542e-17,-5.572262287524334e-17
-0.7408956556087125,-0.030707377847289496,1.3115,-0.9992208457540264,0.039467726189994785,2.4167012274100687e-18,-6.118463051969898e-17
0.1422238470507209,0.19163296863227752,1.3115,0.49602612720906447,0.8683075959163188,5.3168505900712656e-17,3.0372840449001935e-17
0.5467529551402361,-0.6439561223378227,1.3115,0.6797034568203522,0.733487021552845,4.491312665804086e-17,4.161983313822178e-17
1.0227857714295696,0.2703364858966756,1.3115,-0.1456756171570866,0.9893324085290556,6.057913836989247e-17,-8.920058913262062e-18
-0.17988819864372618,0.32137395184294404,1.3115,0.20218562793695685,0.9793472172093708,5.996772174046619e-17,1.2380299104329596e-17
-0.5279152973678448,-0.6078043772937921,1.3115,-0.9989807742196045,-0.045137708621501245,-2.7638875192083662e-18,-6.116993037788919e-17
-0.347677979059842,-0.7142216235435258,1.3115,-0.7747811349570187,-0.6322295413176404,-3.8712894205052374e-17,-4.7441661848243326e-17
-0.287428451039753,0.3139126051295956,1.3115,-0.4027328734626562,0.915317558354756,5.604703590212614e-17,-2.4660276219872896e-17
-0.4653278463284098,-0.5762150614489756,1.3115,-0.9970069420502066,-0.07731207864037971,-4.7339994821184676e-18,-6.104906801547382e-17
0.403218230518521,-0.01436486891565636,1.3115,-0.77353081063715,-0.6337586961888837,-3.880652793597581e-17,-4.7365101564432155e-17
0.7100515278593669,-0.3406625215728744,1.3115,-0.8936745650404748,0.4487156915015546,2.7475911766228498e-17,-5.4721784777811025e-17
0.28136170856676257,0.28485254853617714,1.3115,-0.957148568795618,0.28959733640436,1.7732722553459942e-17,-5.86084465542012e-17
-0.6191142307021915,-0.27822044676355917,1.3115,0.07966290663516563,0.9968218603674565,6.103773503095578e-17,4.877946181076501e-18
-0.13536495875404864,-0.1493263628346746,1.3115,-0.9087204722164389,0.4174052028601613,2.5558697281507414e-17,-5.564308088097666e-17
0.9961763104100105,-0.41228821394213816,1.3115,0.16427829657455767,0.9864140313654108,6.040043930728435e-17,1.0059144503470587e-17
0.884885152214772,0.1443440565882531,1.3115,-0.9786152072326698,-0.20569948024474635,-1.2595460503400142e-17,-5.992289905672065e-17
0.8342353327923302,0.42011070136044204,1.3115,-0.007040314351814293,0.9999752166798074,6.123082241668036e-17,-4.3109492179702156e-19
0.6234931027751236,-0.11021873074533162,1.3115,-0.9977177775988118,0.06752211684543075,4.134537213320522e-18,-6.109259413943978e-17
0.6659188389624542,0.15856636497379228,1.3115,-0.7997354320904665,0.6003525952797031,3.676099420845474e-17,-4.896967185371576e-17
1.0786154237375754,0.5449712033670414,1.3115,0.26443415926611286,0.9644037408747563,5.905269771740018e-17,1.619192233652333e-17
-0.6119135710130583,0.25449639631979604,1.3115,0.11438153210976854,0.9934368953850174,6.083046570440728e-17,7.003848858989913e-18
0.12960003743052506,0.4121259604873889,1.3115,-0.7944432096437657,0.6073384448978278,3.71887541271628e-17,-4.864561668972936e-17
0.29706912248928785,-0.04451260853703132,1.3115,-0.8358452927895812,0.5489650685804147,3.361441570403561e-17,-5.118076311985714e-17
0.49237066866327983,0.4569456863927498,1.3115,-0.9993896833837943,-0.03493223076242869,-2.138982229514246e-18,-6.119496884284254e-17
-0.5557380195200363,-0.10882003014720865,1.3115,0.010433465518193907,0.9999455699173234,6.122900707604129e-17,6.388655075435267e-19
0.5668471193539755,0.6197468731540255,1.3115,-0.45816834012195445,0.8888654409469935,5.442731085642182e-17,-2.8054719560050364e-17
0.7127406599617341,-0.46265503801989294,1.3115,-0.9985861126664156,0.05315802469784542,3.25499023976062e-18,-6.114576432749619e-17
0.34788316241567485,-0.48465401463841823,1.3115,-0.9943703150458127,-0.10596073119647276,-6.488223514753667e-18,-6.088762117439998e-17
0.22547695100965703,-0.7358145109920379,1.3115,0.6244789790386108,0.7810416152413995,4.7825005705312916e-17,3.8238309140722094e-17
0.6050443573733022,-0.4647917103329638,1.3115,-0.3621018691177858,0.9321385285360787,5.707702326668164e-17,-2.217234474901851e-17
-0.22502153641792721,-0.538427818843221,1.3115,-0.9218825132444336,-0.3874695236713809,-2.3725665596565305e-17,-5.644902345173566e-17
1.1017346571772042,-0.2369427050835904,1.3115,-0.9961531628302124,0.08762919709414475,5.365740786659853e-18,-6.099678911602658e-17
0.8834400368817776,0.07184291517264152,1.3115,-0.4889551747547403,0.8723089114989949,5.34135158167478e-17,-2.9939869484496376e-17
0.5057151663566712,-0.7385781058077211,1.3115,-0.32538236202651,0.9455825286467857,5.790023085184734e-17,-1.9923923407738532e-17
0.701099110591181,-0.6152308608830164,1.3115,-0.6636014301244905,0.7480863198433261,4.580707585410262e-17,-4.063386836557816e-17
0.40008919234416074,-0.6538911611804015,1.3115,-0.8296931095654628,0.5582197989498339,3.418110450022966e-17,-5.080405054519791e-17
0.23822830713285081,0.08619205390352902,1.3115,-0.9851152671821273,-0.17189505625434937,-1.0525536521557156e-17,-6.032091293728909e-17
-0.3382153327058792,0.3906178895874054,1.3115,0.5169742741918334,0.8560009344760244,5.2414940223660323e-17,3.165554450652774e-17
-0.7569520582384333,-0.28375655011161244,1.3115,-0.9911752565115328,0.13255795290851924,8.116833636547186e-18,-6.069198026404526e-17
0.6900348599807096,-0.03227231644922868,1.3115,0.31661843955513846,0.9485529841467313,5.808211879284822e-17,1.9387287927611502e-17
-0.22252196234634447,-0.14665739087709528,1.3115,0.09219416659243986,0.995741048489177,6.097155439059501e-17,5.645264550874465e-18
0.31268253283433034,0.26780111896464687,1.3115,-0.8390467984826993,-0.5440592522473383,-3.331402109056026e-17,-5.1376798804833604e-17
0.4005642254787496,-0.16420517477394503,1.3115,-0.9937342337730557,-0.11176883567201513,-6.843867342507989e-18,-6.084867242966602e-17
-0.6384576695898463,-0.17979068155729994,1.3115,-0.4081700406962424,0.9129059195108924,5.589936561258428e-17,-2.4993206692324903e-17
0.2604508415722837,0.06459510182466044,1.3115,-0.34533717437640327,0.9384786816937941,5.746524568021663e-17,-2.1145803261332673e-17
-0.20999862571349048,-0.7070057224769429,1.3115,-0.967243531695275,-0.25385025190779614,-1.5543844923081587e-17,-5.922658475433e-17
-0.33177365463388575,-0.0311597751878675,1.3115,-0.8258792559336396,-0.5638470134872559,-3.4525672013798116e-17,-5.0570519363066476e-17
-0.35907382392803644,-0.15265153929670316,1.3115,-0.9585812533938441,-0.2848192069399233,-1.7440146505733228e-17,-5.869617318457146e-17
-0.5041469898286783,0.3598319076593063,1.3115,-0.6682792754434792,0.7439104852149475,4.5551379728531996e-17,-4.092030378041846e-17
-0.6084426946715995,-0.6322535200977107,1.3115,-0.6992019009677056,0.714924262900027,4.377648550966494e-17,-4.2813768498892267e-17
-0.007161907416714075,0.2593443061683932,1.3115,0.28228335444285735,0.9593310730944183,5.874208639938374e-17,1.728487032355115e-17
0.336466246264685,-0.5570234909504601,1.3115,-0.9575810586962975,0.28816404360377446,1.764495868143604e-17,-5.863492892282772e-17
1.0230101789874138,-0.6482516855262773,1.3115,-0.10094644261627506,0.9948918613211786,6.091955667323669e-17,-6.181186891766658e-18
-0.3542993348354344,-0.4036511300750722,1.3115,0.0014256547360507745,0.9999989837537705,6.123227773023306e-17,8.729617545969358e-20
-0.3339956428130534,0.30041321256228215,1.3115,-0.9964813118231225,-0.08381524436085037,-5.132203536313433e-18,-6.101688244671714e-17
-0.7434442757073885,-0.07307717989276985,1.3115,0.5551699799914944,0.831736913522686,5.092919744391281e-17,3.399435694896419e-17
0.9235590325286225,-0.5516768600844242,1.3115,-0.48476700695478714,0.8746433267155804,5.3556457522891417e-17,-2.968341816997114e-17
-0.18456552735497378,0.4933710169743125,1.3115,-0.9635471203653923,0.2675386828770005,1.6382019581670877e-17,-5.900024483915635e-17
1.036447768611257,0.026671084076570928,1.3115,0.5820318829824973,0.813165965342776,4.979205483162991e-17,3.563917412481111e-17
-0.04295164159501208,-0.3855431952181417,1.3115,-0.7474100497351455,-0.6643630163960871,-4.0680502075067425e-17,-4.5765666252935505e-17
-0.36455741623550086,0.15583590242537837,1.3115,-0.8363765364937166,0.5481553513400876,3.356483482270655e-17,-5.1213292414948964e-17
0.046514188616282315,0.5925353229137321,1.3115,-0.30754174603044493,0.9515345892023818,5.826468944723443e-17,-1.8831500744018625e-17
-0.646862154352116,-0.5351868573181999,1.3115,-0.0030368514972928806,0.99999538875586,6.123205760009884e-17,-1.8595352328227357e-19
0.8129210266411351,0.028120111100189304,1.3115,0.4121760294964164,0.9111042315281876,5.578904404153019e-17,2.5238502760402572e-17
0.83179687221858,0.2501468526084567,1.3115,-0.9912393401665088,0.13207789560052924,8.087438604265326e-18,-6.069590425619247e-17
0.2042927467731246,-0.6307093749439266,1.3115,-0.6723064940841369,0.7402729077929953,4.5328642351209764e-17,-4.116689980130585e-17
-0.5444348613963874,0.556389253978388,1.3115,-0.9678147631542114,0.2516636330913898,1.5409953136358225e-17,-5.926156259321793e-17
0.04326980190320351,-0.17723414586288522,1.3115,-0.80049854700847,0.5993346946717905,3.6698665772388223e-17,-4.9016399165801484e-17
-0.7495747041421027,-0.0388213605895642,1.3115,-0.611018421704821,0.7916163770017328,4.847252311238983e-17,-3.741408771804383e-17
-0.77002206328744,0.33734624595366147,1.3115,-0.027079840771319755,0.999633273867872,6.120988445817396e-17,-1.6581620161008356e-18
-0.5465520074971895,-0.2892845008665623,1.3115,-0.7488337528722039,0.6627578823064508,4.0582215958813666e-17,-4.585284292742223e-17
-0.46692531463328774,0.4631385273809042,1.3115,-0.9291060040800703,-0.36981351135723073,-2.2644546648253797e-17,-5.68913346982623e-17
-0.39970590904178915,-0.12299714109532234,1.3115,-0.9976097987537971,-0.06909912756618919,-4.2311012698904085e-18,-6.108598234209364e-17
-0.8191541711309405,-0.6534088916080839,1.3115,-0.8774842472887895,-0.4796054584343538,-2.9367364476261523e-17,-5.3730413737222037e-17
0.19470696354227957,-0.05900561396088522,1.3115,-0.9574224407825613,0.288690612743059,1.767720174198377e-17,-5.86252163768105e-17
0.7564084643096469,-0.2203029096846093,1.3115,-0.7814573386706419,-0.6239586747836734,-3.8206449693702493e-17,-4.785046142366054e-17
-0.46913487800892023,-0.023945086738425436,1.3115,-0.9909509103849424,-0.13422478611364588,-8.218897734015724e-18,-6.067824302575378e-17
0.27179005117645416,0.12891624171411742,1.3115,-0.442675054141081,0.896682104450173,5.490594345338086e-17,-2.7106029405812794e-17
0.9407085155827597,-0.010618336403803608,1.3115,-0.9855910373292247,0.16914581619508867,1.0357194119624099e-17,-6.035004545667773e-17
0.6992439965686201,-0.3077694557092183,1.3115,-0.8820792976713959,-0.4711009579904683,-2.884661401391393e-17,-5.401177942437102e-17
-0.3241753060171827,0.6083585035107152,1.3115,0.15017692380416978,0.9886591382052343,6.053791245254106e-17,9.195684452128628e-18
-0.5078663686302323,0.48534186155081416,1.3115,0.30272304266277705,0.9530785693955093,5.835923096730746e-17,1.853644026125588e-17
-0.0002789847939322909,0.10241948644590804,1.3115,-0.9147133640090207,-0.4041032809855678,-2.474418947919595e-17,-5.601003966854775e-17
0.7197422072451227,-0.04884589310569898,1.3115,-0.5029743346459122,0.864301347151271,5.292319391437747e-17,-3.07982954488693e-17
1.0775066523303387,0.1747220783561837,1.3115,0.26097829883531226,0.9653446677415412,5.911031287118217e-17,1.598031191577933e-17
0.8749808169598043,-0.15562916879707478,1.3115,0.6785526644432228,0.7345517555468799,4.4978322811927773e-17,4.1549367428165045e-17
0.23643576497127428,-0.01835291920344262,1.3115,-0.9044815769716267,-0.4265126925648513,-2.6116370187263213e-17,-5.538352340630266e-17
-0.7156161492375155,0.262076177727658,1.3115,-0.9428052661777866,-0.33334401159677834,-2.041143384084664e-17,-5.773017257219474e-17
0.7503838844738024,5.061935013805918e-05,1.3115,-0.2007876148077795,0.9796347961050602,5.99853308691716e-17,-1.2294695489138943e-17
0.06085477568483855,0.38592909745418813,1.3115,-0.33222184033476176,0.9432012769311671,5.775442123727251e-17,-2.0342720668640443e-17
0.10652907045009441,0.39501447284873803,1.3115,0.2372266606881814,0.9714543280354123,5.948442166732053e-17,1.4525943534209835e-17
0.5382117882956075,0.39189406426090445,1.3115,0.03180604790377279,0.999494059670563,6.120136004711743e-17,1.9475587379441427e-18
-0.5916115162937101,-0.264928500486103,1.3115,-0.9999932023920686,0.0036871628192148287,2.2577360722433217e-19,-6.12319237239279e-17
0.417574513235478,0.11015585171536446,1.3115,-0.9590150140843514,-0.2833552589255955,-1.735050554324e-17,-5.872273336663275e-17
0.061091165783162205,0.6022901848328225,1.3115,0.3790095681496896,0.9253927529708593,5.666396364399602e-17,2.32076427240369e-17
0.46718392803351017,-0.2963070827968456,1.3115,0.536778321118178,0.8437233160091939,5.1663152915832505e-17,3.286819264045334e-17
-0.5263849915172485,0.4327829937365505,1.3115,-0.9628455441211012,-0.2700526951654818,-1.6535958436776156e-17,-5.895728568405992e-17
-0.31947479268335854,0.14031974442066442,1.3115,-0.7346524361100117,0.6784436587643997,4.1542692755382065e-17,-4.4984487718396566e-17
-0.2678742387870786,-0.4508266268661139,1.3115,-0.16866747409318067,0.9856730102742117,6.035506485191248e-17,-1.0327904113424134e-17
0.421568650833003,0.5462308205482153,1.3115,-0.998726711132329,-0.05044756159420838,-3.089022241556806e-18,-6.11543735005585e-17
0.6897026343280379,0.1706892573760176,1.3115,-0.8805178491244527,-0.47401299283168125,-2.902492472127878e-17,-5.391616827611866e-17
0.45639144219736316,0.02704542696712453,1.3115,-0.5802765761792843,0.8144194835204076,4.986881068282539e-17,-3.553169258190728e-17
0.039430093522217935,0.4449103994841487,1.3115,-0.3983024431668907,0.9172541434996552,5.616561754207498e-17,-2.438899060584515e-17
1.0630182511081268,-0.5908699047696422,1.3115,0.6078687462586088,0.7940375226158946,4.862077552372247e-17,3.7221225720366e-17
0.593489967360056,0.5184371827216331,1.3115,-0.9426327410994616,-0.33383156742182923,-2.044128802487435e-17,-5.771960845794757e-17
-0.2938234672245187,0.5083982020987395,1.3115,-0.9851596366428275,-0.1716405847396592,-1.0509954635260182e-17,-6.03236297831904e-17
-0.8373110067998992,0.5799014306197118,1.3115,-0.17115873475320803,0.9852434661126563,6.032876285778542e-17,-1.0480449833081348e-17
0.7708602257502346,-0.3561898733778862,1.3115,0.4184303690627409,0.908248879022715,5.561420412621697e-17,2.5621470606936572e-17
0.5217056073272972,-8.029308989310202e-05,1.3115,0.02546353706313959,0.9996757515715955,6.121248546736896e-17,1.5591919579671933e-18
-0.8484152000983621,-0.09891281545176889,1.3115,-0.8886520289820372,0.45858213155999517,2.8080056978055926e-17,-5.441424314243265e-17
-0.2838746651215207,-0.330911140789403,1.3115,0.5924953926952952,0.8055738387229615,4.932717115344605e-17,3.627987930869236e-17
0.9165378804705187,0.4280105634134833,1.3115,-0.8811374783047234,0.47286017418132514,2.895433493777099e-17,-5.3954109620732495e-17
0.8955435513127907,-0.4883563333275463,1.3115,0.03294880856577687,0.9994570406045954,6.11990932830852e-17,2.0175326472898784e-18
0.701854148383777,-0.6953630535178119,1.3115,-0.7171690892014326,-0.6968992018175854,-4.267276884171256e-17,-4.391394147689785e-17
0.8229896579860032,-0.02653362325410802,1.3115,-0.967501044734609,-0.25286701729850064,-1.5483639167227358e-17,-5.924235288029796e-17
0.31417540320723125,-0.5850820620401551,1.3115,-0.8768708766890984,-0.4807259776780242,-2.9435976491518716e-17,-5.369285562014189e-17
0.45335492114327147,0.3964400622612222,1.3115,-0.8472983098653853,0.5311172884582666,3.252155436411188e-17,-5.1882058154980323e-17
0.15257866917849183,-0.15159273821895947,1.3115,-0.5479614636457226,0.8365035770152077,5.122107140334928e-17,-3.355296262549164e-17
0.6608294776571699,0.08404279421479088,1.3115,-0.570833985402778,0.8210655035435243,5.0275762040244345e-17,-3.495350065340194e-17
0.3302515450205705,0.12441657794839256,1.3115,-0.988948892572387,0.14825683080333707,9.07811266475188e-18,-6.055565479045467e-17
-0.402406865681134,-0.03901216965208354,1.3115,-0.41011467926091233,0.9120339631037426,5.584597368143368e-17,-2.5112281462010983e-17
0.09355613000734608,0.15315613261547922,1.3115,-0.8919332454928078,0.4521670991842137,2.7687249534784555e-17,-5.461515970729387e-17
0.6008031418619415,-0.04739043425359135,1.3115,0.5333517652645592,0.8458935479652144,5.1796041296749897e-17,3.2658376607541646e-17
-0.36879588677145925,-0.24581384993613936,1.3115,0.5987891468458186,0.8009067096857515,4.9041391921614697e-17,3.6665260602445317e-17
-0.5954722386493243,-0.36265714109474584,1.3115,-0.25278644769058684,0.9675220989021255,5.924364207624086e-17,-1.547870570160535e-17
0.08240537717814755,-0.47356174269744805,1.3115,-0.09624495401475036,0.9953576788404752,6.094807976993636e-17,-5.893303743412412e-18
-0.46274070953503815,-0.033229208515224706,1.3115,0.6898782758964737,0.72392538596606,4.432764533724238e-17,4.224286111889556e-17
-0.4388056203601179,-0.6925448479238717,1.3115,-0.27555207432157014,0.9612861459196632,5.886180008326056e-17,-1.687269829081622e-17
0.717724816927189,0.042994835989419444,1.3115,-0.1361995225222856,0.9906814271322045,6.066174193560932e-17,-8.339815465115747e-18
0.973735871915842,-0.19750133334009856,1.3115,-0.9140556647130667,0.405588759466968,2.4835148802568404e-17,-5.596976720166816e-17
-0.647372304129376,-0.26866340179047504,1.3115,-0.9248114841084696,-0.38042570741353676,-2.3294356244867763e-17,-5.662837119140753e-17
0.10520932223411517,0.22190354452750682,1.3115,0.3637708523217798,0.93148846852824,5.703721857128895e-17,2.227454049594861e-17
-0.32848211642031233,-0.20085247212883384,1.3115,-0.48456220946642004,0.8747568034356872,5.356340596799423e-17,-2.9670877940541023e-17
0.9258850070670919,0.23808085349746078,1.3115,-0.18544519292940967,0.982654608913719,6.017024107367902e-17,-1.1355243096913239e-17
0.759752541526606,0.569253142780375,1.3115,0.7036214580838961,0.7105750092171073,4.351017052959156e-17,4.3084388322691847e-17
0.3883475157035128,-0.6727399858985535,1.3115,0.5633177457446124,0.8262403508236622,5.05926300481292e-17,3.44932637114521e-17
0.3237225877456864,0.2003745411388418,1.3115,-0.40818705092707536,0.9128983138638482,5.589889990101888e-17,-2.499424826856202e-17
0.031260760749884264,-0.23592114810050058,1.3115,-0.5061933583385182,0.8624200159863942,5.2807995604917344e-17,-3.0995403801945776e-17
0.6158348907562847,-0.645435468931307,1.3115,-0.32323756485194466,0.9463178518175513,5.794525641021818e-17,-1.9792592458005947e-17
0.9935003604287094,0.17561881659728396,1.3115,-0.3444069557182419,0.9388204561325307,5.74861733288381e-17,-2.1088843796221456e-17
0.30363568817532327,-0.7290797531458806,1.3115,-0.8712853388944264,-0.4907767906366646,-3.0051411287450094e-17,-5.3350840071053814e-17
0.34112061425943163,0.4574618674227583,1.3115,0.3955372479003985,0.9184499363184576,5.623883873447448e-17,2.4219671229238817e-17
0.9156624550405383,-0.6517061578551653,1.3115,0.332413285493317,0.9431338227566322,5.775029086032583e-17,2.0354443303672297e-17
-0.8497974975313481,-0.16312492658462396,1.3115,-0.6753339522323658,0.7375120697061254,4.51595897749073e-17,-4.1352278147844906e-17
0.27101017550787976,-0.6829025146475063,1.3115,-0.8246757524379171,0.565605784394887,3.4633365671921317e-17,-5.049682602787651e-17
-0.19284230601179142,0.25888437189294156,1.3115,-0.9552330090674656,-0.29585452233811693,-1.81158646897322e-17,-5.849115234971832e-17
0.4995207824584045,-0.15227469966593643,1.3115,-0.07965284195311868,0.9968226646544468,6.10377842793302e-17,-4.87732989704384e-18
-0.26588664542158247,0.34106560973117006,1.3115,-0.9884715382211614,-0.15140679683122302,-9.270992455425543e-18,-6.052642526654031e-17
0.7570411446105278,0.4352906519466039,1.3115,-0.5384375555023689,0.8426654133311948,5.1598375059411456e-17,-3.296979144433507e-17
-0.2410059660875028,0.05694107782031255,1.3115,-0.8925334818003974,0.45098113471104273,2.7614630154985997e-17,-5.4651913580934953e-17
0.5254711797600604,0.20286849540819618,1.3115,0.2582317064425725,0.9660830118513404,5.915552340871892e-17,1.581213163666277e-17
-0.0196908511679047,-0.5470756460314574,1.3115,-0.2966739668555614,0.9549788256239954,5.847558810269622e-17,-1.8166041195000555e-17
-0.5668607810033723,-0.7080347778894983,1.3115,-0.9375397870538001,0.3478780644006104,2.130138790308922e-17,-5.740775496443638e-17
-0.19792254183587987,-0.6444678647233275,1.3115,-0.19113705928506122,0.9815633573885382,6.010342118931014e-17,-1.1703769392594401e-17
0.4690531079547886,0.08934068874799661,1.3115,0.10069755560231576,0.9949170831258848,6.09211010633568e-17,6.165946957516937e-18
1.085287284920383,-0.11920177247653807,1.3115,0.3371029129159485,0.9414678040716966,5.764827663783454e-17,2.0641600164288264e-17
0.08943878472492639,-0.7051645468993544,1.3115,-0.7823567515886236,-0.6228305654379019,-3.813737291873314e-17,-4.7905534581216445e-17
-0.11150229486214391,-0.6894194787220714,1.3115,-0.4200479813665886,0.907501897160471,5.556846467888608e-17,-2.572052079344499e-17
-0.5558305759299493,-0.7109142196450725,1.3115,-0.6092340669165243,0.7929904486867116,4.8556660736930245e-17,-3.730482749904229e-17
-0.29971686195019875,0.4937142934646447,1.3115,-0.7979481644636676,-0.6027260794333225,-3.690632819703258e-17,-4.886023327479681e-17
-0.2507179661580867,0.477666645752128,1.3115,-0.9711037776026981,-0.2386576064695392,-1.4613563692754488e-17,-5.946295664405236e-17
1.0773140894831401,-0.34673092843704334,1.3115,-0.42430596367638795,0.905518883949226,5.544704013979516e-17,-2.5981247013771076e-17
-0.10891540481141992,-0.27530811875430916,1.3115,0.2966064508891419,0.9549997975345058,5.847687226185015e-17,1.8161907034392212e-17
0.22445616397957813,0.0013024122513455305,1.3115,-0.9656678964690829,-0.2597797407978087,-1.590692140256827e-17,-5.913010492251101e-17
-4.524368077551966e-05,-0.32759411539104755,1.3115,0.17309313471898974,0.9849054607997428,6.03080660015577e-17,1.0598897669399624e-17
-0.7587424920815327,-0.27247647708110384,1.3115,-0.7776385682646576,-0.628711585027104,-3.849748150951509e-17,-4.761662917594218e-17
0.232378893627587,-0.26584134837208256,1.3115,0.3411112807210637,0.9400229221486228,5.755980313672262e-17,2.088704190440525e-17
0.007094710918766123,0.11744595763254173,1.3115,-0.4589625674856832,0.8884556047698443,5.440221562829579e-17,-2.8103351959989646e-17
1.0968075067992018,0.4665524831926259,1.3115,-0.8432781921139458,0.5374773397130668,3.291099518469209e-17,-5.163589693815552e-17
0.3571490710123255,-0.46639716385197666,1.3115,0.6142477954403106,0.789113202143215,4.831924785848032e-17,3.761182982846473e-17
0.06953224629889043,0.0031157783578292797,1.3115,-0.7823343665714135,-0.6228586829139539,-3.813909461758549e-17,-4.7904163894232686e-17
0.9295390388776137,0.2492248055164148,1.3115,-0.9298121483111421,-0.3680344669362077,-2.253561159546646e-17,-5.693457356187822e-17
-0.6140470545418966,0.34316045733369205,1.3115,-0.9903700169844454,-0.13844576359798572,-8.477358062289218e-18,-6.064267356357555e-17
-0.32642867972581047,0.4621224583189917,1.3115,0.31261221645120146,0.9498808357501836,5.816342625364375e-17,1.9141977512566172e-17
0.04402304923960998,0.6048766575955294,1.3115,-0.9370472248717137,-0.34920266087219354,-2.1382496044543518e-17,-5.737759422945271e-17
0.2938658768642759,-0.227296706518467,1.3115,0.14642564064858285,0.9892216797870194,6.057235818991706e-17,8.965984606669381e-18
0.6368840153105959,-0.21189334362515966,1.3115,-0.6898544243665166,0.7239481149792036,4.432903708790209e-17,-4.224140063390471e-17
0.2711670359400662,0.4463029980881349,1.3115,-0.4750891931491332,0.8799376446958647,5.388064100130258e-17,-2.909082298497923e-17
0.7671425036146926,0.30746118985558224,1.3115,-0.7977051332912076,-0.6030476932389816,-3.692602136291569e-17,-4.884535190742451e-17
-0.4756595102227057,-0.5928709750345802,1.3115,-0.5598723013986819,0.8285789076041844,5.0735825351923755e-17,-3.42822910919579e-17
0.8056922690383939,0.4841059419385002,1.3115,-0.9133774388524746,-0.40711380988035034,-2.4928531207932755e-17,-5.592823784520452e-17
0.015568367742194722,-0.0416657601081849,1.3115,-0.8503626101794994,-0.5261971410115307,-3.222028222301297e-17,-5.2069692433545625e-17
-0.8351119008402077,-0.08781707453131926,1.3115,-0.9963262673042307,0.08563859573591044,5.243851607572847e-18,-6.100738870802782e-17
0.499599279306548,-0.5582861321932405,1.3115,-0.33493844029231523,0.9422400125310701,5.769556076873686e-17,-2.0509064440769532e-17
0.7213945456207789,-0.35998393530240413,1.3115,-0.795043415840178,-0.6065525261089776,-3.7140630480705035e-17,-4.8682368719592606e-17
-0.8554329689051047,0.6280058557070382,1.3115,-0.9697678666188774,-0.24402927052604018,-1.494248325239893e-17,-5.938115568853828e-17
-0.28906435644184514,-0.7233308084854596,1.3115,-0.9652630480966621,-0.2612800183311788,-1.5998786906521995e-17,-5.910531510933975e-17
0.5946236935318749,-0.5467237052486478,1.3115,-0.9982335074001086,-0.059412664505787756,-3.637976470791423e-18,-6.112417348195894e-17
0.4322273020580487,0.30964329166113547,1.3115,-0.9095899031322578,0.41550716975745416,2.5442476273312107e-17,-5.569631817038353e-17
-0.6973854569120961,-0.07299938951725227,1.3115,-0.474975357746532,0.879999096325419,5.388440382837438e-17,-2.9083852576907965e-17
-0.06611493855300599,-0.652302474151308,1.3115,0.42294000941252047,0.9061576840915366,5.548615536727394e-17,2.5897606437919738e-17
0.7289221862382782,0.559123347675183,1.3115,-0.7994672933911489,-0.6007096193651561,-3.678285562862816e-17,-4.895325309372342e-17
0.16274681988542894,-0.33139675849137723,1.3115,-0.7084921954086818,0.7057186472277649,4.321280412130412e-17,-4.3382634966406163e-17
0.7017298091806639,0.2285368197644434,1.3115,0.5281074177180167,0.8491775758645587,5.199713000951202e-17,3.233725293571717e-17
-0.0745051538221132,-0.3372708611781259,1.3115,-0.0972495606771482,0.9952600278058502,6.094210036858703e-17,-5.9548181600877896e-18
0.7195027972144252,0.5337593456901674,1.3115,-0.8821270272762646,-0.471011579208771,-2.884114114196807e-17,-5.4014702019762366e-17
-0.2357955201266979,-0.08837558076363028,1.3115,-0.941386309499003,0.33733042597406965,2.0655531321207882e-17,-5.76432865344547e-17
1.0673405702764713,0.08619951396360237,1.3115,-0.9489153408902271,0.31553078427181086,1.932068824954636e-17,-5.81043067441518e-17
-0.6293712152816018,0.4780175762846578,1.3115,-0.586131330131808,0.810216059972843,4.961142522317611e-17,-3.589019286629496e-17
0.288184010714875,0.11545302747263908,1.3115,-0.9776773800848437,0.2101117333002518,1.2865633082472783e-17,-5.986547370598371e-17
-0.39349140961462037,0.2379709170640545,1.3115,-0.985666594614374,-0.16870496217154757,-1.033019959618305e-17,-6.035467200604824e-17
0.22205691740243627,-0.02828656796502782,1.3115,-0.9968314228764154,-0.07954316039849842,-4.870613838804279e-18,-6.103832056575519e-17
-0.3350666079546122,-0.060540489048141355,1.3115,0.3569156296911246,0.9341366245267274,5.719937135964849e-17,2.1854779173344897e-17
0.37478335523942197,-0.6683477841533301,1.3115,-0.2107383194032954,0.977542510960559,5.985721535391575e-17,-1.2904000415746909e-17
-0.8727330384651101,-0.040708562688046235,1.3115,-0.08212150557308712,0.9966223248163817,6.102551700225878e-17,-5.0284919470621284e-18
0.5282273981372294,-0.6568644598915563,1.3115,0.698570333745955,0.7155413955950173,4.3814273988643395e-17,4.2775096160064104e-17
-0.38379509124182976,0.2750021731529463,1.3115,0.4486853739884537,0.8936897868773266,5.4722716846499906e-17,2.7474055353959648e-17
-0.159016372937552,-0.37147962450766187,1.3115,-0.19770225401903793,0.9802621173725893,6.002374321828743e-17,-1.210577162843158e-17
0.6906641590600464,0.48243232696994964,1.3115,-0.876392716351198,-0.48159714152657573,-2.948931989245179e-17,-5.366357674377744e-17
-0.12515561704495182,0.5816437442574088,1.3115,-0.9804895231422694,0.19657134839097234,1.203652363055418e-17,-6.003766780568475e-17
0.10573942818563264,-0.21037054130394084,1.3115,-0.9895113638104249,0.1444550479908297,8.845320607132346e-18,-6.059009622051845e-17
-0.8643519995530874,-0.5136064560613489,1.3115,-0.9656967612466273,0.2596724192473558,1.59003498529062e-17,-5.913187238038239e-17
1.0417061551650382,0.302665923804576,1.3115,-0.9889054077195112,0.14854660744395137,9.09585636652167e-18,-6.055299211116039e-17
-0.2822605224766237,-0.5982285968273232,1.3115,-0.9452162141776942,0.3264449547099595,1.9988988444167726e-17,-5.787780055974462e-17
-0.7774953234364869,-0.24829065985205573,1.3115,-0.7079973411545081,0.7062150981946982,4.324320297568355e-17,-4.335233388248525e-17
-0.015330852408945383,-0.11412074251113002,1.3115,-0.3643452000310162,0.9312639664533139,5.702347178391595e-17,-2.2309709150134298e-17
-0.14003012663341596,-0.6710642022624129,1.3115,-0.4995585431124211,0.8662801290595297,5.304435936088545e-17,-3.058913854046707e-17
0.756560535670151,0.4253781535387363,1.3115,-0.9579409109089749,0.28696552267978687,1.7571570440772415e-17,-5.865696351584881e-17
0.06306253585102972,0.4663353579041206,1.3115,-0.9743950920176906,0.22484262196442287,1.3767639865031444e-17,-5.966449152721779e-17
0.3315647063048961,-0.33725576981630173,1.3115,-0.9526357784564106,0.3041135866822606,1.862158652538258e-17,-5.833211784199453e-17
0.5909001620182794,-0.30932802966915707,1.3115,-0.44030845401680657,0.8978465711475039,5.497724647406085e-17,-2.6961116942460085e-17
0.5405760426661483,-0.469278212295571,1.3115,-0.11725535027664143,0.9931017988260329,6.0809946957989e-17,-7.179819469959526e-18
-0.14404817226730493,-0.6631816578415994,1.3115,-0.7414507290732508,0.6710073146819971,4.108734800648843e-17,-4.54007631042514e-17
-0.3426313147251605,0.40494983016977526,1.3115,-0.39453423661625575,0.9188812415854556,5.626524856520871e-17,-2.4158254501307106e-17
-0.20438112630365834,-0.7164438351192162,1.3115,-0.49175018924764974,0.8707363271248655,5.3317222795739464e-17,-3.0111014762111974e-17
0.1038576063748392,-0.18750588727180983,1.3115,-0.8839591224865087,0.46756418786395715,2.8630049303176347e-17,-5.412688549651029e-17
-0.8533309865246298,-0.10533325091088563,1.3115,-0.7480970980143276,0.663589279556671,4.063312435787877e-17,-4.58077358267335e-17
0.46988877410364527,-0.31449905922220245,1.3115,-0.9974084030672961,-0.07194774138738708,-4.405528559797258e-18,-6.107365041295185e-17
0.16020876645050341,0.5980429931856396,1.3115,0.6684743108757797,0.7437352322561783,4.55406485797821e-17,4.093224625631282e-17
0.6534535757025641,0.3660317083393486,1.3115,-0.04893536179772519,0.9988019475179881,6.115898040050236e-17,-2.996426709535084e-18
-0.8382112158073415,-0.3399939687875041,1.3115,-0.7458585503225366,0.666104363377665,4.0787128825427144e-17,-4.567066431345897e-17
-0.18307453434045307,-0.23223020879870215,1.3115,-0.1558154884673239,0.9877861780535752,6.048445905976541e-17,-9.540946960454472e-18
0.40828122592637817,0.5955431658036748,1.3115,0.6527981795746476,0.7575318717677998,4.638544910062696e-17,3.9972360055265567e-17
0.9079471184655314,0.33311461987231217,1.3115,-0.607919718922891,0.7939984983264852,4.8618385975166755e-17,-3.722434689587385e-17
-0.08415350936417543,-0.3267937885831933,1.3115,0.06832235603161015,0.9976632977444294,6.108925821047542e-17,4.1835377312158704e-18
-0.3842315954735552,-0.07787810621818292,1.3115,-0.6466003311615914,0.762828953135446,4.670980178771252e-17,-3.9592851294233074e-17
-0.7583523011957277,0.5730031865577921,1.3115,-0.9938954360382133,-0.11032616290984648,-6.755529113487641e-18,-6.085854322156805e-17
1.0918119009002851,0.005118725267561297,1.3115,0.5208769309124114,0.853631784110261,5.2269871603053775e-17,3.1894513309579086e-17
-0.14822075694596204,-0.4333261377587037,1.3115,0.336363437219075,0.9417322539353579,5.766446952178793e-17,2.05963203370271e-17
0.36062383758380534,0.3305362297967972,1.3115,0.31807770300532595,0.9480646469787046,5.80522167653618e-17,1.947664204328075e-17
0.7346473120081394,0.13080176764296303,1.3115,-0.9717284589457605,0.23610125386134115,1.4457032240798416e-17,-5.95012073444158e-17
-0.35786833114070526,-0.26870590552895474,1.3115,-0.12690552897955487,0.9919148081939393,6.073726474407842e-17,-7.770722492945667e-18
0.05851674748903035,0.4800539227821242,1.3115,0.5563452058967431,0.8309512692545277,5.088109060699939e-17,3.406631878112109e-17
-0.5810453662390808,-0.7322256542793862,1.3115,-0.5818563779189513,0.8132915562546058,4.9799745057038637e-17,-3.562842753909582e-17
-0.6068672455116899,0.5732014823320027,1.3115,0.02546521458798423,0.9996757088406161,6.12124828508511e-17,1.5592946767387771e-18
0.11919627802863031,0.19079833717803818,1.3115,-0.07753143782422783,0.9969899077467674,6.10480249652147e-17,-4.7474313582366316e-18
0.7264056029320753,-0.11142046806674344,1.3115,-0.5432752722839812,0.8395546310543265,5.1407894581500905e-17,-3.326601616292422e-17
-0.7859903136815638,-0.5152598025271058,1.3115,0.12787157835998011,0.991790733697249,6.072966737231706e-17,7.829875957023483e-18
-0.7739415651965167,0.4161746384072059,1.3115,-0.9908288679368242,-0.1351227385121818,-8.273881460548408e-18,-6.067077008108137e-17
0.8192017148186501,-0.4105234229443796,1.3115,0.16596629667687307,0.9861314255044122,6.038313468912975e-17,1.0162504699583633e-17
1.0127338841371516,0.6238817099092168,1.3115,-0.7477300468220902,-0.66400284418023,-4.0658447887502873e-17,-4.578526042334867e-17
0.25582784310199935,-0.3863895899160518,1.3115,-0.8816411160936773,0.4719204831463613,2.8896795456863194e-17,-5.3984948541041094e-17
-0.7281523440624563,0.11209964558409624,1.3115,0.18704910241261619,0.9823505653719729,6.015162377616896e-17,1.14534542276498e-17
0.6979235204835756,0.5044529426531971,1.3115,-0.7898938338164647,-0.6132436149677608,-3.755034150839101e-17,-4.836704776247824e-17
0.16053300394595738,0.5998210655803261,1.3115,0.27394480788469394,0.9617454144590544,5.888992217059628e-17,1.677428160595135e-17
0.07221601101951647,0.2439870349611335,1.3115,-0.9415336752911665,0.3369188897831471,2.0630331997260554e-17,-5.765231008673852e-17
0.4482021494703994,-0.5194505520070305,1.3115,-0.9976927659039359,-0.06789068318226216,-4.157105392554215e-18,-6.109106261483624e-17
0.11581120711023685,-0.7263703175496284,1.3115,-0.32994244069746814,0.9440010518143493,5.780339332480888e-17,-2.0203147695150984e-17
0.9627166436317918,-0.42879810482464153,1.3115,0.08761376081755574,0.9961545206018011,6.09968722555581e-17,5.3647955873240796e-18
-0.23545008049477467,0.42220983111243904,1.3115,0.4668208802686358,0.8843518902253877,5.4150935584221617e-17,2.858453483980673e-17
-0.02331259440488853,-0.7029207447514066,1.3115,-0.9623989438992674,0.27163996904280285,1.6633150930437733e-17,-5.892993930745156e-17
-0.6381278000284636,-0.34607209393880634,1.3115,-0.8614910782586453,-0.5077727071050163,-3.1092111022527236e-17,-5.2751114574172597e-17
1.0956314405683147,-0.6812918751800238,1.3115,-0.3731550900563672,0.9277689791995767,5.680946553624845e-17,-2.284915933115362e-17
-0.09514787489317056,0.2933600733788092,1.3115,-0.8072988285283872,-0.5901428652933914,-3.613582855105998e-17,-4.9432796315634865e-17
0.2708569655279518,-0.2523155271211091,1.3115,-0.003145933111085353,0.9999950515401868,6.12320369515941e-17,-1.9263284574111664e-19
0.24499472514803222,-0.25031319386482426,1.3115,0.030158131313346825,0.9995451401090834,6.120448782189407e-17,1.846652949057789e-18
-0.49326278155357534,0.5186605050920506,1.3115,-0.7202172921310303,0.6937485510726824,4.247984712421373e-17,-4.4100590074942017e-17
-0.4352697841673163,-0.6895102303905329,1.3115,0.23276783999654405,0.9725323298807826,5.955043024279091e-17,1.425291950981055e-17
0.8449388426308926,-0.35487420577556533,1.3115,-0.8633252090390708,0.5046479797221473,3.0900776653145303e-17,-5.286342269364588e-17
-0.007630675878305571,0.054042058835830686,1.3115,-0.9996199326335612,-0.027567921243261517,-1.6880483254853225e-18,-6.120906754317917e-17
-0.31309279724180683,-0.2579087619411845,1.3115,-0.8155100691780959,-0.5787428851131885,-3.543778108915853e-17,-4.9935589794569585e-17
0.8960504068781925,-0.1666784563026511,1.3115,-0.6526332351575875,0.7576739802631083,4.639415073632253e-17,-3.9962260122646066e-17
0.1131239869535745,-0.4617695301552918,1.3115,0.19929162753354518,0.9799402263378265,6.00040330770176e-17,1.2203092687791131e-17
-0.21583876644882194,0.431811497025791,1.3115,0.5327508629639301,0.846272129997903,5.181922276047723e-17,3.262158195358836e-17
-0.736226951441398,0.5496379311712704,1.3115,-0.48013428778407685,0.8771949986713772,5.371270236754844e-17,-2.939974593478319e-17
0.7341613475576942,0.4054248249490492,1.3115,-0.9843536142625837,0.17620431915304663,1.0789402772335867e-17,-6.027427514679008e-17
0.6553654210184392,0.15649004375382158,1.3115,-0.9228143041558043,-0.38524506492029015,-2.3589456782097374e-17,-5.65060791895899e-17
0.19548540352276933,-0.3548828861676149,1.3115,0.6189185434850094,0.7854551779257646,4.809525847602511e-17,3.7897830660592935e-17
-0.6195679999771684,0.30886123520879283,1.3115,-0.4997256245631536,0.866183756575339,5.3038458248170956e-17,-3.05993693286589e-17
0.16261517891163635,-0.667932306918664,1.3115,0.07493417861970236,0.997188482120903,6.106018413879857e-17,4.588395099667735e-18
-0.2700781376808913,-0.3253829881615924,1.3115,0.7038252038223692,0.7103731994271747,4.3497813243927694e-17,4.3096864151014906e-17
0.5725613818824087,0.5854457167242183,1.3115,-0.9629204348495739,0.2697855373238295,1.6519599736993826e-17,-5.896187141860541e-17
0.5974385200321732,0.422736470870381,1.3115,-0.16552205459061517,0.9862060887279603,6.038770649301637e-17,-1.0135302717134519e-17
-0.2282650443663523,0.23614171167735676,1.3115,0.21319214156294142,0.9770102920521395,5.982462634478367e-17,1.305425368842128e-17
-0.13779492183130937,0.4962658303333324,1.3115,-0.7399304052410196,-0.672683428813183,-4.118998039677654e-17,-4.530767011851093e-17
0.6219200506898841,-0.2027497937876348,1.3115,-0.9611777791774435,0.2759298403861348,1.6895829790906004e-17,-5.885516453406089e-17
-0.7175005720594603,0.005138821808710725,1.3115,0.2568319723860862,0.9664560714074245,5.917836671828141e-17,1.5726422645066096e-17
0.6742120639374543,0.05910380042638941,1.3115,0.606876384709712,0.794796234063593,4.8667233201017474e-17,3.7160461100643325e-17
-0.34712359536506443,0.08353503015795838,1.3115,-0.9937608151601418,0.11153224758898468,6.8293805005780135e-18,-6.085030007019662e-17
0.6313484699584673,-0.602143065372664,1.3115,-0.7265782686194387,0.6870837063778903,4.2071743088099157e-17,-4.449008754974107e-17
-0.14108551343279763,0.5388387611707296,1.3115,-0.9862789428741698,0.16508739153251523,1.0108687280994036e-17,-6.039216752286437e-17
0.5427953920267652,-0.10860201840077433,1.3115,-0.9848900081547386,0.1731810377522868,1.0604280177817753e-17,-6.030711979994557e-17
0.5718404642018282,0.4409633018038125,1.3115,-0.9839699258682446,-0.17833447503733302,-1.0919837201604669e-17,-6.025078100859021e-17
-0.48603312494023276,-0.26850015761552404,1.3115,-0.7531664567225759,-0.6578299844701216,-4.028046924322437e-17,-4.6118144522522806e-17
0.8246567774683911,0.22040738982501695,1.3115,-0.8307232295603176,0.556685652652263,3.4087165132592464e-17,-5.086712720291975e-17
1.0041337022090848,-0.06114047353963514,1.3115,0.26982139935411786,0.9629103865109078,5.89612561353162e-17,1.6521795653024014e-17
0.6852596027814168,0.2661259626718627,1.3115,0.6489858846069215,0.7608004479368895,4.658559166778921e-17,3.9738924313783995e-17
0.7898927035370973,-0.7273116907341028,1.3115,-0.7699981224313142,-0.6380461515064965,-3.90690588575359e-17,-4.7148786799249036e-17
-0.005555247610260716,-0.42014654153556086,1.3115,-0.9778451492656139,-0.20932955849021762,-1.2817738688598677e-17,-5.987574660549499e-17
0.21002488646629347,0.5857064682019449,1.3115,-0.7176792715127255,0.6963737956305964,4.264059699145515e-17,-4.394518113362317e-17
0.5509757235932942,0.4422680073589721,1.3115,-0.98768662941157,-0.156445268645658,-9.579509874432636e-18,-6.047836346347586e-17
0.22246542407415681,-0.1981352409457905,1.3115,-0.935115194509557,-0.35434386264947987,-2.1697303859559738e-17,-5.725929148950917e-17
-0.5612845013878042,-0.3173514814466976,1.3115,-0.9281319902319931,-0.3722512709286559,-2.2793816371065623e-17,-5.683169355119364e-17
0.4602973345220358,0.3516402397409456,1.3115,-0.9237280983314958,0.3830488224141649,2.3454975714333498e-17,-5.65620329452069e-17
0.26020053859090986,0.40130893770708453,1.3115,0.679592159123211,0.7335901425579902,4.491944099848466e-17,4.1613018119793954e-17
0.46290747957452694,-0.6717776120094923,1.3115,-0.11795147749719798,0.9930193598093786,6.080489902409547e-17,-7.222444968582225e-18
-0.2649687797471162,-0.258035016256462,1.3115,-0.2609930407479245,0.9653406821848711,5.911006882622123e-17,-1.5981214597584016e-17
0.5792095182699357,-0.18717937222150305,1.3115,-0.9943809430668269,-0.10586094683842631,-6.482113485019341e-18,-6.08882719529958e-17
-0.3066270006572567,-0.1483783074306131,1.3115,-0.2561562347038508,0.966635393218325,5.918934701236825e-17,-1.568504564558545e-17
-0.7608472295172096,-0.22923248140439412,1.3115,-0.9427124978617009,0.3336062744843878,2.0427492811138942e-17,-5.772449215112689e-17
0.4578716726584042,0.12575567909811725,1.3115,-0.5045290634917106,0.8633947093260287,5.2867678358844025e-17,-3.089349513409675e-17
0.6153626803560968,-0.6037136387619593,1.3115,-0.0825897367760366,0.9965836319041493,6.102314774470304e-17,-5.057162839259779e-18
-0.016738485507689083,0.6040266500545625,1.3115,-0.7474060525591384,0.6643675132018171,4.068077742500462e-17,-4.576542149649536e-17
-0.5174992002517989,0.5907095733929885,1.3115,-0.46404108606798067,0.8858136770454885,5.424044421173524e-17,-2.8414321536300704e-17
0.5894880399421893,0.2250577841097099,1.3115,-0.2986135747573576,0.9543741053542012,5.843855966555706e-17,-1.8284807925427345e-17
-0.08493226570821055,-0.37988441442002957,1.3115,-0.6684447825437168,0.743761771463204,4.55422736375289e-17,-4.093043816744556e-17
-0.3407660954740023,-0.3480276724311783,1.3115,-0.7734341298480135,-0.6338766810557447,-3.881375242545327e-17,-4.7359181573484414e-17
0.32340893150868144,-0.6372302122527363,1.3115,-0.8063808226785931,-0.5913966256381545,-3.621259923071557e-17,-4.9376584669357425e-17
-0.2837696536108647,-0.6164999611226787,1.3115,-0.9222467266293402,0.386601830339003,2.3672534703458414e-17,-5.647132508953728e-17
0.4123365534752399,-0.3755896137237382,1.3115,-0.7804002168587518,-0.6252803383497784,-3.82873782464915e-17,-4.778573138149854e-17
-0.3757299834402349,0.18586011978420036,1.3115,-0.9048369734920249,0.42575820767401856,2.6070171311935048e-17,-5.540528516685933e-17
-0.2528175446685492,-0.3705137473281736,1.3115,-0.9342218192445901,-0.356692574140994,-2.1841120960069908e-17,-5.720458803157523e-17
1.00342625072617,-0.5974854247492369,1.3115,-0.8186258671774462,-0.5743271625023268,-3.516739606109281e-17,-5.012637739690429e-17
0.5868128225595588,0.47023351531610824,1.3115,-0.8726277916746549,0.4883858486862771,2.9905008317125644e-17,-5.343304159606947e-17
0.5166586761354328,0.19147373060414052,1.3115,0.6720944177621971,0.7404654574069565,4.5340432614630497e-17,4.115391387186394e-17
0.28235944458604956,-0.39523848516721755,1.3115,-0.7947899170383301,-0.6068846577185851,-3.7160967676335114e-17,-4.8666846394779073e-17
-0.0821120004326944,0.4108874075569223,1.3115,-0.9704765487938865,0.24119549797023004,1.4768964727899714e-17,-5.942454995640016e-17
1.063427783697986,-0.6029988794005848,1.3115,-0.5452961333996501,0.8382434770992202,5.1327609556785384e-17,-3.3389758217765475e-17
-0.6894162925921903,0.28528009645514196,1.3115,-0.5464495283509735,0.8374920375531929,5.1281597155045634e-17,-3.346038328953003e-17
-0.3602335252479161,-0.1461298396849181,1.3115,0.686710166487759,0.7269313222322686,4.451170584858504e-17,4.2048870366559005e-17
0.2952978071586698,0.09966277503525889,1.3115,0.025060750983841588,0.9996859300600994,6.12131087200373e-17,1.534528423829523e-18
0.5422524977354473,-0.6174280977801392,1.3115,-0.9208821687312344,-0.3898410333877878,-2.387087868573254e-17,-5.638777001642896e-17
0.5911492847400546,-0.7241136087884116,1.3115,0.1115874475954803,0.9937546183737341,6.084992062646466e-17,6.832760526141398e-18
-0.3362618578307204,-0.40285287563543604,1.3115,-0.610273659890003,0.7921906715207274,4.8507688509612557e-17,-3.736848420941163e-17
0.5792777470261792,0.09064938976175774,1.3115,0.5059306104720028,0.862574180802687,5.2817435477358044e-17,3.097931513526023e-17
1.0128545875703923,0.4090877797003162,1.3115,-0.9738290623656356,-0.22728166950299145,-1.3916988453085247e-17,-5.962983220713719e-17
0.9756322271191329,0.004804949440220696,1.3115,-0.9136948235356729,0.40640099586998507,2.48848839381237e-17,-5.594767205202337e-17
0.599391120449855,0.27089849846843095,1.3115,0.5399087975986245,0.8417235236558424,5.154070095060794e-17,3.305987904053259e-17
-0.1374541560314867,0.522133320028653,1.3115,-0.7869323273226017,0.6170393117254637,3.7782760902633756e-17,-4.8185707790060065e-17
-0.3401323344944924,-0.23675118403462048,1.3115,-0.9657600651320906,0.2594368836462162,1.588592745690515e-17,-5.91357486254177e-17
0.6876010870231237,-0.1187293887050418,1.3115,0.00507802107351879,0.9999871067678707,6.123155047459477e-17,3.109391126843875e-19
0.5252233656218699,-0.1554757674916145,1.3115,-0.9503964703932073,0.31104107295361116,1.9045772719799922e-17,-5.819499976939918e-17
0.9827081917514127,-0.6550552797597549,1.3115,-0.1327573784347396,0.9911485652873314,6.06903458979311e-17,-8.129044928164881e-18
0.006848358831640811,-0.7128910862631377,1.3115,-0.7129277073840129,0.7012375375321656,4.293841528903693e-17,-4.3654231743564606e-17
-0.7616590146973758,-0.06823446782753106,1.3115,0.43882947304525094,0.8985703609550159,5.5021565817612094e-17,2.6870555476819315e-17
0.6421215230456496,-0.18011197266138612,1.3115,-0.03215367805399394,0.9994829368166323,6.120067896874424e-17,-1.9688449454818994e-18
-0.5568863356430278,-0.5225243679913348,1.3115,0.200797407502266,0.9796327889267331,5.99852079649459e-17,1.2295295118736842e-17
0.4434828210481352,0.4684429006729801,1.3115,-0.9793082889228791,0.20237409727270586,1.239183952276772e-17,-5.996533807039377e-17
-0.6541240467191944,-0.3456564487893649,1.3115,0.00013525688053139806,0.9999999908527881,6.123233939726246e-17,8.282095290277124e-21
0.1477412175446713,-0.0071490583553298626,1.3115,-0.32031620296771895,0.9473106829949418,5.800604978639242e-17,-1.9613710633972538e-17
0.7691971950498533,0.34148837359124806,1.3115,-0.8705110404643701,-0.49214888847750105,-3.013542804889497e-17,-5.330342796635615e-17
1.015479363698967,-0.29405574725072386,1.3115,-0.7195113051749431,0.6944807281166626,4.252468003787971e-17,-4.4057360841641415e-17
0.9923014504417409,0.4610629011375361,1.3115,-0.43352593377590976,0.901141090364725,5.5178977594765814e-17,-2.6545807357301763e-17
0.2237816980840477,-0.05169598271418396,1.3115,-0.942133430025777,-0.33523812436515094,-2.0527414797797214e-17,-5.768903447253924e-17
0.46869663189973165,0.40828610704637824,1.3115,-0.9999866601876272,0.005165215077349517,3.1627820556918357e-19,-6.123152312944148e-17
-0.0024845883230601995,0.09589124139119343,1.3115,-0.9713676811539637,0.23758120298031066,1.4547652988370756e-17,-5.947911607601942e-17
-0.5177200471247456,0.21048673736095558,1.3115,0.4041961883697829,0.9146723136223919,5.600752605731832e-17,2.474987841573077e-17
-0.5454061405366584,-0.7402628062089974,1.3115,-0.9984719671976736,0.05526057111908979,3.3837340770024058e-18,-6.11387749333496e-17
0.14759789952808022,-0.5212875113499028,1.3115,0.663362015206641,0.7482986280763746,4.582007598400439e-17,4.061920842993753e-17
-0.5444871132549325,0.48103550506684367,1.3115,-0.32175079932210476,0.9468243887519938,5.797627285198892e-17,-1.9701554325645896e-17
-0.6642052497579977,-0.437475567276014,1.3115,-0.9017984591421493,0.43215684547261923,2.646197487688303e-17,-5.521922982322241e-17
-0.3867117133225697,-0.6636760132246889,1.3115,0.049606206329383395,0.99876885428692,6.115695402452729e-17,3.037504089956127e-18
-0.4378441241585326,0.5758514909282876,1.3115,-0.8215287319574486,0.5701671181051979,3.491266680833008e-17,-5.030412659996366e-17
-0.048933744816775926,-0.1536304858669817,1.3115,-0.9858716687323716,0.16750239637345216,1.025656367841297e-17,-6.036722917415793e-17
0.518653562632386,-0.5070925708127123,1.3115,-0.48713515795686957,0.873326592909168,5.3475830830823813e-17,-2.982842559720103e-17
0.8523844471459194,0.12456959775404919,1.3115,0.41038408030977963,0.9119127735854435,5.583855296364992e-17,2.5128777518620103e-17
0.3273742966390014,-0.5819618335953592,1.3115,0.3303240689835211,0.9438675804635787,5.779522056168394e-17,2.0226515688099936e-17
0.4986899684022992,-0.4596095955891263,1.3115,-0.8970929419796039,-0.44184188738776126,-2.7055012655932348e-17,-5.4931099996650206e-17
-0.4680449281032409,-0.0452758421206374,1.3115,0.665721133724896,0.7462006245722655,4.569161032020904e-17,4.076366277704706e-17
0.698246581101315,-0.64813092472374,1.3115,-0.828276453852776,0.5603196551907405,3.4309683611434454e-17,-5.071730540099613e-17
0.37254123701011155,0.2031798586690211,1.3115,0.6845957084587359,0.7289229835585387,4.463365993199515e-17,4.191939715370028e-17
0.5608653387874356,-0.007007832496427002,1.3115,-0.9749560129844239,-0.22239778044197256,-1.3617936497786873e-17,-5.9698838030542e-17
0.7984724645555845,-0.07647993718811175,1.3115,-0.991489280606805,-0.13018834986971836,-7.971737297711313e-18,-6.071120869420178e-17
0.021464932023983252,-0.49095042214168094,1.3115,-0.9145310831792973,-0.4045156336891088,-2.476943880012152e-17,-5.599887818681442e-17
0.05122593666981712,-0.638988574676352,1.3115,-0.9858887835018741,-0.16740163250456913,-1.0250393670938105e-17,-6.03682771515424e-17
0.9143161245786253,-0.4634284518083033,1.3115,-0.9210285725157284,-0.3894950174387853,-2.3849691319512545e-17,-5.639673466273214e-17
-0.1011994109438692,0.0013795649036320023,1.3115,0.544907591360727,0.8384961042708852,5.1343078509643234e-17,3.3365966879550414e-17
0.4119662907700534,-0.6411791493821326,1.3115,-0.9857427941802204,-0.16825915642773148,-1.0302901867322754e-17,-6.035933788376876e-17
-0.013858034678332576,0.627128554262654,1.3115,-0.22170486160719616,0.9751138160951951,5.970850068426708e-17,-1.3575507456132981e-17
-0.4367393520567793,-0.26138478589081365,1.3115,0.5392344246370808,0.8421557072693365,5.156716456455341e-17,3.3018585606093285e-17
-0.1405039367361356,-0.10513627387830493,1.3115,-0.9573765189504859,0.28884286552077054,1.7686524535828056e-17,-5.86224044755774e-17
0.5317735286641838,-0.7315083011011984,1.3115,-0.9617564745420469,0.27390597597798605,1.6771903837438626e-17,-5.889059940535804e-17
0.08626692773225886,-0.7356992844316926,1.3115,-0.997433636178914,-0.07159707688802469,-4.384056551961317e-18,-6.107519549542064e-17
0.21396678105324107,-0.6516793903834021,1.3115,-0.8666220879104709,0.49896508569808384,3.0552799754322164e-17,-5.306529830149771e-17
0.6768446747270751,0.28990036755188486,1.3115,-0.7459580228295031,0.6659929640591548,4.0780307584485105e-17,-4.567675524782195e-17
-0.5948768049404534,0.17917036842369227,1.3115,-0.9997038617972157,0.02433492773224333,1.4900845677387035e-18,-6.121420672226041e-17
-0.5362958460074426,-0.4751040753370026,1.3115,-0.999999997567593,6.974821981631242e-05,4.270846707220344e-21,-6.123233980842569e-17
0.92710886460404,0.29947485127922724,1.3115,-0.9549883297448022,0.2966433718309462,1.8164167790052322e-17,-5.847617006225247e-17
0.8892515452490997,0.052280480699406384,1.3115,0.2896030235672345,0.957146848054527,5.860834118919773e-17,1.7733070791750462e-17
0.06631185827011554,0.2413296318304281,1.3115,0.14943607158142047,0.9887713894072343,6.054478585630253e-17,9.150320336967066e-18
-0.2509952660992084,-0.4111781371378468,1.3115,-0.5220989679016191,0.85288490883358,5.22241386822063e-17,-3.196934149394273e-17
0.9263359345171644,-0.046300045381000965,1.3115,0.5172071665420953,0.8558602379346159,5.240632504520597e-17,3.166980505009246e-17
0.5067814796633678,-0.21703449766440308,1.3115,-0.959863751867699,0.28046671433605885,1.717363319895148e-17,-5.877470356711735e-17
0.7051505549729924,-0.3693461418390514,1.3115,-0.04416265982415424,0.9990243537958702,6.117259885731827e-17,-2.7041829997741844e-18
0.9882337262704779,0.1313782628268565,1.3115,-0.061259942530842104,0.9981218459893151,6.111733619249311e-17,-3.751089626817331e-18
-0.4945835083880026,0.21143667751998207,1.3115,-0.8842110434399583,0.4670876049081374,2.86008670136077e-17,-5.414231120597431e-17
-0.34849337663394175,0.16654533014677553,1.3115,-0.9961266390878158,-0.08793019333319019,-5.384171490694961e-18,-6.099516500521522e-17
0.6350073379048093,-0.4850694145788456,1.3115,-0.9871663541266609,0.15969530137194377,9.778516983201152e-18,-6.044650579035889e-17
-0.14293582225959567,-0.1489562849218008,1.3115,-0.030080764399898596,0.999547471415499,6.120463057324108e-17,-1.841915591912064e-18
-0.8062533675208123,0.4650012515541143,1.3115,-0.8223495643622032,0.5689825955099985,3.484013571809365e-17,-5.0354388088819615e-17
-0.7957429864496395,0.17324831565397425,1.3115,-0.8939552316186327,-0.44815627169735883,-2.7441657182599096e-17,-5.4738970649139455e-17
0.887250250467259,-0.2960506903709585,1.3115,-0.7155905618205689,-0.6985199695308092,-4.2772012241320606e-17,-4.381728455168079e-17
0.762973846293665,0.4178532318156848,1.3115,-0.8554224064052661,0.5179309863483974,3.1714126230539817e-17,-5.2379515596156775e-17
-0.7396987785166769,-0.6125827548070257,1.3115,-0.23844980920592349,0.9711548221008115,5.94660822181138e-17,-1.4600839780066568e-17
0.6099005136808135,0.365357782858846,1.3115,-0.7123557030697579,-0.7018186035607712,-4.297399532163818e-17,-4.361920658093707e-17
-0.3943539662208879,-0.6875579638947726,1.3115,0.3678889059908371,0.9298697504752292,5.693810067717189e-17,2.2526698558175016e-17
-0.8285518876808068,-0.24777353950759806,1.3115,-0.8378380703298574,0.5459188290450707,3.342788732921585e-17,-5.130278555166273e-17
-0.2530740253850783,0.156065915546997,1.3115,0.6744485259304109,0.7383218714560039,4.520917583095394e-17,4.1298061423516426e-17
0.6419484119169989,0.11402299860314857,1.3115,0.6155398467826952,0.7881057651246666,4.8257560132474936e-17,3.7690945155504e-17
0.7861711023603526,0.1082289988498808,1.3115,-0.9234148484549131,0.3838033580533006,2.3501177697099015e-17,-5.654285192227239e-17
0.8403066952930975,0.06345076001193839,1.3115,-0.7275063956920764,-0.686100899450747,-4.201156352022386e-17,-4.454691894217646e-17
0.6268391911299018,-0.13528831131014007,1.3115,-0.4235905898125128,0.9058537477000841,5.54675446308271e-17,-2.5937442998141657e-17
-0.419368833357705,0.07707447884378149,1.3115,-0.8457733272592556,-0.5335423871603907,-3.2670048832270513e-17,-5.178867990161271e-17
-0.19534373879491818,-0.01797116141139099,1.3115,-0.716745108547854,-0.6973352489102534,-4.269946902552823e-17,-4.3887980149382587e-17
1.0715756933942486,0.1494252694180327,1.3115,-0.9939954358978376,0.10942153999221499,6.700136935462016e-18,-6.086466644696824e-17
0.302639590136226,-0.6696998521372546,1.3115,-0.9722129773748759,0.23409811324288593,1.4334375253466742e-17,-5.953087554158299e-17
0.46986765871746305,-0.23032952228764492,1.3115,0.2567234922956422,0.9664848930549972,5.918013153520372e-17,1.571978015528942e-17
0.11871242239924107,0.20627458378083063,1.3115,-0.9497265180480863,0.3130807258779404,1.9170665441057484e-17,-5.815397701964749e-17
-0.3273787609384131,-0.5283721746245814,1.3115,-0.8900090243897947,0.45594290926027786,2.7918451220976576e-17,-5.449733514656103e-17
-0.5175163876067244,0.2258611860139541,1.3115,-0.9668095951781268,0.25549795825310734,1.5644737838167602e-17,-5.920001380599207e-17
0.7866615521044387,-0.5097931391353075,1.3115,-0.9958233279626233,-0.09130114722962429,-5.590582885662025e-18,-6.097659255528458e-17
0.33542029665248485,0.2183047686607953,1.3115,-0.9862684038483112,-0.16515034232633197,-1.0112541905401603e-17,-6.039152219365016e-17
1.0315437312129305,-0.0066252016571894945,1.3115,-0.45926510108631946,0.8882992552761557,5.4392641982946087e-17,-2.8121876800272337e-17
-0.5683843530827866,0.043762337979898924,1.3115,-0.8586437967212842,-0.5125727561547317,-3.138602925775145e-17,-5.257676886312257e-17
0.28288417407720745,0.0715624080181434,1.3115,0.5827176653834351,0.8126746719629443,4.9761971788377245e-17,3.568116618592211e-17
-0.8100838570307366,-0.16133751193350654,1.3115,-0.9005651393473393,0.4347210942573497,2.6618989830204915e-17,-5.5143710766270454e-17
0.873088497177801,0.47012495789672426,1.3115,0.1214929073511869,0.9925922997199585,6.077874913551787e-17,7.439295005336858e-18
0.8374597197532845,0.4744923801203481,1.3115,-0.9992198928422247,0.03949184407409978,2.4181780218886375e-18,-6.118457217067958e-17
-0.3051182540264423,0.35982778917292546,1.3115,0.6373610381136359,0.7705653165661613,4.7183517423335815e-17,3.9027107761354924e-17
0.905579145997627,0.11249435316455625,1.3115,-0.6252659910745352,0.7804117121145603,4.7786435262910105e-17,-3.828649972925635e-17
0.8065228783924627,-0.6572705497459671,1.3115,0.543716879409838,0.8392687025290695,5.139038650883885e-17,3.329305680058228e-17
1.0601300905555178,0.3795221485915038,1.3115,-0.8306567210247893,-0.5567848882794374,-3.409324156225148e-17,-5.0863054729662206e-17
-0.7043248905105854,-0.21318890788667988,1.3115,0.12286089210566264,0.9924239019647807,6.076843774692476e-17,7.523059912879407e-18
-0.4183970299113334,-0.09844669202062684,1.3115,0.4512504641169653,0.8923973434710704,5.4643577512472374e-17,2.763112182472996e-17
-0.5410326614154786,-0.5406433756794271,1.3115,-0.9995739067131699,-0.029189124998383387,-1.787318424959105e-18,-6.120624926837492e-17
1.0451032241642717,-0.13879657153813363,1.3115,-0.9885129516320315,-0.15113617851371386,-9.254421862609126e-18,-6.052896110659348e-17
-0.2263647344424471,-0.3316472445288514,1.3115,0.36906206317215046,0.9294047522619603,5.690962774849742e-17,2.259853371752462e-17
-0.3646902130647699,-0.25479066559687824,1.3115,0.5554008446145835,0.8315827690623511,5.091975881791504e-17,3.400849333004931e-17
-0.45577524558329024,0.3685984817607634,1.3115,-0.2869613957823307,0.9579421471731248,5.865703921519551e-17,-1.7571317741184396e-17
0.8407539831228337,-0.5301326224889098,1.3115,-0.6719382812909899,0.7406071469650497,4.534910859782007e-17,-4.1144353270379226e-17
-0.27360452864594087,0.0311230928008156,1.3115,0.34715289711739933,0.9378085444391069,5.742421160801953e-17,2.125698421347768e-17
0.2779455855865929,-0.04843096322432694,1.3115,-0.9226709053084794,0.38558838221247166,2.3610478903245485e-17,-5.649729854262099e-17
-0.3306446917999506,-0.07271564632052674,1.3115,-0.6118740170982094,0.790955237165859,4.843203997320024e-17,-3.746647782603774e-17
-0.2655894063391301,0.38695178416867704,1.3115,-0.5052704862065388,0.8629610279546858,5.284112303368078e-17,-3.093889418182323e-17
0.03561108262851009,0.2531583488349892,1.3115,-0.9663680936655011,0.25716280358034943,1.5746680213221726e-17,-5.917297963527928e-17
0.6671116841617806,0.4416668858063514,1.3115,-0.7863325026830209,0.617803524774873,3.7829555455875035e-17,-4.814897912381445e-17
0.7920942114664942,0.6165058539459877,1.3115,-0.3724064698626442,0.9280697286327378,5.682788112778177e-17,-2.280331956495262e-17
-0.4861799628726349,-0.07057465360334703,1.3115,-0.6904082329601129,0.7234199830395166,4.4296698333428825e-17,-4.227531162997911e-17
0.08466447108769093,0.4087285985663941,1.3115,-0.9410990754479059,-0.3381309364596751,-2.0704548451401905e-17,-5.762569852139058e-17
-0.06671288451368396,-0.2920077127979616,1.3115,-0.9992355643973702,-0.03909330944636403,-2.3937748140783273e-18,-6.118553177667193e-17
-0.6232639807735634,-0.47311999739184807,1.3115,0.23194326751004943,0.9727293152037527,5.956249211505364e-17,1.4202429006998023e-17
0.25223554413935023,0.05297807719350267,1.3115,-0.9458258165893783,0.3246744903330656,1.9880578767559353e-17,-5.791512794185568e-17
-0.41748342946912026,0.016357955925252132,1.3115,-0.9617418198915701,0.2739574271153288,1.6775054310971585e-17,-5.888970206681808e-17
-0.5930949370344178,0.041385570737440425,1.3115,-0.08986344721627726,0.9959540957566304,6.098459977330269e-17,-5.5025491496880506e-18
-0.43951717575865806,-0.49178089046024526,1.3115,-0.11194350339742422,0.9937145727255442,6.084746853772088e-17,-6.854562656049816e-18
0.9645593356553386,0.5896790458242923,1.3115,0.32985208529710053,0.9440326275215039,5.780532677924375e-17,2.0197615022558696e-17
-0.13064538162166994,0.35308412984044624,1.3115,0.48994399666958743,0.8717539103023464,5.3379531794797864e-17,3.0000417364143595e-17
0.2305476934596684,0.4181960499555518,1.3115,0.23306917913360023,0.9724601574038856,5.954601095315e-17,1.4271371210293236e-17
0.46041946576550896,-0.44002714203942084,1.3115,-0.9249915497831731,-0.37998767457606275,-2.3267534469251058e-17,-5.663939703401563e-17
-0.37815613566886386,-0.3812981458842526,1.3115,-0.9290006965013968,-0.3700779727299635,-2.2660740236934558e-17,-5.688488646880486e-17
0.697922919780505,0.11894995681459164,1.3115,0.3028898614100236,0.953025567261979,5.835598552264865e-17,1.8546654963498548e-17
0.035397364472574466,-0.260424561782775,1.3115,-0.6756350811490952,0.737236215280188,4.514269856291957e-17,-4.137071697604508e-17
0.9519059869791033,-0.6879587704243457,1.3115,0.13299387715888833,0.9911168592241011,6.068840446148866e-17,8.143526298441447e-18
-0.4009933324345899,0.5051890742822617,1.3115,-0.6284233312080013,0.7778715297486074,4.763089395272436e-17,-3.847983105366979e-17
0.6344609233463696,-0.530727711697232,1.3115,-0.5357875743482886,0.8443528143933536,5.170169857489399e-17,-3.280752689742781e-17
0.31007698866347244,0.6303922842661028,1.3115,-0.4480060587641745,0.8940305203462526,5.474358075410405e-17,-2.7432459293208363e-17
0.767210149607161,-0.5084467088086522,1.3115,0.14261671962016176,0.989777990907448,6.060642242156522e-17,8.732755459386328e-18
-0.1983042957815374,-0.041462039250564686,1.3115,-0.875388356867688,-0.4834203395188182,-2.960095857172236e-17,-5.3602077462443756e-17
0.13753064692900718,-0.054247264284247754,1.3115,0.6254594869008584,0.780256643833114,4.7776940069183976e-17,3.829834793147412e-17
0.21939904451824943,-0.14094258539677462,1.3115,0.27694026554052026,0.9608871366202932,5.883736781019537e-17,1.6957700487460813e-17
-0.8235061656840077,-0.12602073286400695,1.3115,0.5887649301439288,0.8083043096709399,4.9494364278776375e-17,3.605145435754887e-17
0.5631538045320006,-0.589671218058742,1.3115,-0.0973910468749436,0.9952461926521511,6.094125320975234e-17,-5.963481691050472e-18
-0.5291308281963463,-0.22122140750885777,1.3115,-0.4317212368397751,0.9020070807158528,5.5232004210345867e-17,-2.6435301540988345e-17
0.6150254447363124,-0.5705818281979669,1.3115,0.04103864239822536,0.9991575600625312,6.118075538872291e-17,2.5128921027169833e-18
0.46959318343974576,0.034383856351529074,1.3115,-0.4181533134423149,0.9083764673620807,5.562201665878761e-17,-2.5604505842999537e-17
-0.7418605957301391,-0.7166803628525785,1.3115,-0.7598663246114472,0.6500793557108938,3.980588010815599e-17,-4.652839311076362e-17
0.6635337107368695,-0.4208992255841788,1.3115,0.6371725187152798,0.7707212086053079,4.719306305767349e-17,3.901556427746622e-17
1.0326777873058903,0.1746505038069177,1.3115,-0.04866417147643238,0.9988151973285712,6.115979171740834e-17,-2.9798210915885425e-18
0.3389208774492598,0.1892589564340844,1.3115,-0.9528752922084155,-0.30336228753542643,-1.8575582720613946e-17,-5.834678382948174e-17
1.004274019468291,0.4727909317143101,1.3115,-0.08617581719651309,0.9962799448601348,6.100455227638329e-17,-5.2767469346808564e-18
-0.3148370045466379,0.5806570802928562,1.3115,-0.9943175156223377,0.10645505214231149,6.518491942957322e-18,-6.088438814215222e-17
0.5267798941845296,0.11257542926502173,1.3115,-0.19317785268322327,0.9811637565833233,6.0078952696958e-17,-1.1828731947733414e-17
-0.1991757659617821,-0.6345372603514327,1.3115,-0.034702999614971086,0.9993976695078508,6.119545785190569e-17,-2.1249458699643063e-18
-0.19240755628390915,0.4037016398112324,1.3115,0.20053159609556684,0.979687235278364,5.998854184245842e-17,1.2279018864317293e-17
-0.1346872976610306,0.5329383923465515,1.3115,0.47524195620741283,0.8798551489081322,5.3875589591183096e-17,2.910017702449674e-17
-0.5503482593932534,0.07482243409032596,1.3115,-0.7743512467426942,-0.6327559929925873,-3.874513007298386e-17,-4.7415338786960145e-17
0.012388193026387273,-0.05391432247887129,1.3115,-0.6397455099977761,0.7685868086544847,4.70623687542797e-17,-3.9173114554383374e-17
0.43891281988655684,0.28911738617485494,1.3115,-0.8573506267743474,0.5147328460178481,3.1518296614588255e-17,-5.249758504130908e-17
0.9194410740378249,0.3801183821985944,1.3115,0.5734478443583116,0.8192420703313554,5.0164108957907266e-17,3.5113553353567807e-17
-0.859367878880655,-0.4510974411334201,1.3115,-0.4850469424960928,0.8744881151709222,5.354695355682359e-17,-2.970055927820251e-17
-0.07543079406876418,0.4724223844274894,1.3115,-0.8775519534874895,-0.47948156265939046,-2.9359778048049676e-17,-5.3734559546198056e-17
-0.25089365234721583,0.20651068670374573,1.3115,0.18549905966115454,0.9826444417309994,6.016961851329031e-17,1.1358541482943845e-17
-0.5070584695375142,-0.27294412893342174,1.3115,-0.9678372854501373,-0.25157700390240284,-1.5404648628407938e-17,-5.92629416860987e-17
-0.6353758527370846,0.2667881143205847,1.3115,-0.11892666942779474,0.9929030402304205,6.079777650409302e-17,-7.282158252400207e-18
0.10376841654405833,-0.33087959612637086,1.3115,-0.5459836152640766,0.8377958533337158,5.1300200506203024e-17,-3.343185434100256e-17
-0.5471482413656623,-0.5828148555604726,1.3115,-0.8875393585847529,-0.46073190356536564,-2.8211692548319595e-17,-5.4346111730405625e-17
-0.19127586524266726,0.2641421473238844,1.3115,-0.8417003978595375,-0.5399448492606411,-3.3062086568157207e-17,-5.153928490398682e-17
0.7541843762868972,0.03551562573610623,1.3115,-0.8932963741933345,-0.44946811661456265,-2.7521984516540673e-17,-5.469862726729017e-17
-0.08115376894869519,-0.29398407415141387,1.3115,-0.9712208379803431,-0.23818077981390584,-1.458436648087601e-17,-5.947012452489187e-17
0.7145437481994692,-0.599479492130392,1.3115,-0.6227427944090207,0.7824266176528277,4.7909812643811273e-17,-3.8131998493254273e-17
-0.6377185727009411,0.6043007439814342,1.3115,0.5431429077767383,0.8396402692414351,5.141313840808727e-17,3.325791117441844e-17
0.3059875061727848,0.272202814380787,1.3115,-0.9591619365046444,0.2828575251971574,1.732002814237203e-17,-5.873172977021948e-17
0.18200249813578262,-0.6011138778056835,1.3115,-0.8409008854425186,0.5411891544201421,3.3138278284694484e-17,-5.149032888786777e-17
-0.28561921001666246,0.5462458111669083,1.3115,-0.7426529917496684,-0.6696764396671477,-4.1005855415138397e-17,-4.5474380461171853e-17
-0.35833239720027954,0.5894002714644205,1.3115,-0.3015942582366999,0.9534363656787247,5.838113967095678e-17,-1.8467322149539732e-17
-0.7732072375467419,-0.670500535700906,1.3115,-0.6077531666842516,0.7941259902466764,4.8626192603765724e-17,-3.721414851257682e-17
-0.4240341371964385,0.10059520089086971,1.3115,-0.856930938784177,0.5154312428971193,3.1561061089724956e-17,-5.2471886563618936e-17
-0.16104826348030776,0.3885607593646395,1.3115,-0.6550451250306059,0.7555897591773184,4.626652900225111e-17,-4.0109945783290454e-17
-0.17767652529799915,-0.24484283952780406,1.3115,-0.24314620956660174,0.9699896498279733,5.939473599339448e-17,-1.488841136352752e-17
-0.4586443213130312,-0.6266382182633284,1.3115,-0.6663213763915438,0.7456646856085372,4.565879352338563e-17,-4.0800417040068144e-17
0.7936810640185619,-0.43901803108310805,1.3115,-0.9832134292344845,-0.18245918056640878,-1.1172402572785073e-17,-6.020445894953521e-17
0.7594219965044655,-0.21454438160517242,1.3115,-0.16662178712503734,0.9860208821598347,6.037636586147456e-17,-1.0202641913544425e-17
0.9753237690270764,-0.5799834658710686,1.3115,-0.9784944477332453,0.20627315810645686,1.2630588141254424e-17,-5.991550466999879e-17
0.1805760066251012,-0.6981264504821026,1.3115,-0.47554220636433836,0.8796929066248841,5.386565511653979e-17,-2.9118562044177846e-17
-0.5534643146653071,0.1589067952099027,1.3115,-0.8309260735460455,0.5563828360952122,3.40686229662264e-17,-5.0879547814812135e-17
0.5436409939119007,-0.6489490781742929,1.3115,0.4076209294255872,0.9131512349519222,5.59143868510662e-17,2.495958332432573e-17
0.3415613460333635,0.5464744853862485,1.3115,0.5176604762436674,0.8555861332064584,5.238954097130751e-17,3.1697562263845093e-17
-0.1700515817195658,0.013611483351730125,1.3115,-0.9656727534204463,-0.25976168559157053,-1.5905815840041894e-17,-5.913040232500805e-17
0.7416779313351987,0.09765582162182629,1.3115,-0.016763927319756566,0.999859475496841,6.122373531321788e-17,-1.0264944966639321e-18
-0.6631571013015777,-0.25537058288947473,1.3115,-0.9729701954268459,0.23093072296913036,1.414042853544649e-17,-5.957724177476307e-17
0.43147277175779064,-0.6466714161329129,1.3115,0.21268597579133858,0.97712060448119,5.983138103294082e-17,1.3023259973819717e-17
-0.5621972180620911,0.3937131537389761,1.3115,-0.5068301549736336,0.8620459349764388,5.278508974934416e-17,-3.103439634999087e-17
-0.5396203542707609,0.46519971634222335,1.3115,0.058461104227465754,0.9982896870610782,6.112761349405811e-17,3.579710208339291e-18
0.12281088316375799,0.2620622582320812,1.3115,0.09271327614849018,0.9956928484356076,6.096860298852888e-17,5.6770508436856644e-18
0.8834122723603621,0.5407338528661317,1.3115,-0.9359033706423102,0.3522568392811736,2.156951053517265e-17,-5.730755335841621e-17
0.37530453708959066,-0.18898859000542745,1.3115,-0.7730981747769952,0.6342863802388308,3.8838839265112254e-17,-4.73386102583654e-17
0.46968225717447964,-0.154298840111755,1.3115,-0.9727561638733335,-0.2318306400078221,-1.4195532561493077e-17,-5.95641361219168e-17
-0.5827633394132185,0.4014454291989894,1.3115,-0.9561011064082031,-0.29303698456851823,-1.7943340259181407e-17,-5.854430798120245e-17
-0.018160018032109093,-0.22219837308370982,1.3115,-0.0036733540790024888,0.9999932532121456,6.123192683576013e-17,-2.2492806574926195e-19
0.8002288287171355,-0.07795573337207873,1.3115,-0.1826523621208447,0.9831775600631231,6.020226259624042e-17,-1.1184231531399786e-17
0.262769641626889,-0.29615981631648564,1.3115,-0.06905565473447761,0.9976128089340035,6.108616666247138e-17,-4.2284393266801314e-18
-0.8603567359681372,0.6012594774161212,1.3115,-0.440377248428765,0.8978128307538882,5.4975180470808675e-17,-2.696532938528029e-17
0.5706310333011784,-0.267862420784076,1.3115,-0.9848761475218144,-0.17325984544201034,-1.0609105757066152e-17,-6.030627108095832e-17
1.0034708769800211,-0.1931083329825506,1.3115,-0.05001982184943488,0.9987482252410519,6.11556908597777e-17,-3.0628307360915556e-18
1.089838626119011,-0.7075925712977815,1.3115,-0.9598595338845027,0.28048114947537056,1.7174517096309144e-17,-5.877444529013634e-17
0.49070629412092326,-0.5775874667437917,1.3115,0.21451388829698126,0.9767209385119735,5.980690855044435e-17,1.3135187333777556e-17
0.36129724522136497,-0.43704306728488124,1.3115,-0.8024274656872138,0.5967496646926542,3.6540378337905766e-17,-4.913451137008845e-17
-0.04612264440500946,-0.5228500242582803,1.3115,-0.5040161184171663,0.8636942470433001,5.288601975417804e-17,-3.08620863069128e-17
0.6279348629420425,0.49080342476886163,1.3115,-0.4345820705258486,0.9006322356974941,5.514781923279304e-17,-2.6610477081815485e-17
-0.6743132927012585,-0.7202019316108105,1.3115,-0.8944736337127285,0.4471206980142472,2.7378246582783912e-17,-5.4770713622399753e-17
-0.5498961164188956,-0.4217411673301299,1.3115,-0.9646011707004051,-0.2637130665769297,-1.6147768143838488e-17,-5.906478680760205e-17
1.058836761368229,-0.5568785964440948,1.3115,-0.9316042531286022,-0.3634742295578869,-2.2256377590030818e-17,-5.704430833330016e-17
0.9632512475491584,-0.1664319760234425,1.3115,0.6144156127490878,0.788982544046548,4.831124735748703e-17,3.762210567496651e-17
0.26456863454877877,-0.20316212038077197,1.3115,-0.8658982339289946,0.5002201999906124,3.0629653339367625e-17,-5.3020975028424464e-17
-0.8505983724805575,0.3388490704971011,1.3115,0.6122663998636741,0.7906515386679367,4.8413443803530914e-17,3.74905043409261e-17
0.2931141019886099,-0.19658161456898282,1.3115,-0.7981705825081455,0.602431507491605,3.6888290867755445e-17,-4.887385245210894e-17
-0.32747594318464956,0.23176900000708145,1.3115,-0.884875527361675,-0.46582754435133794,-2.852371055722689e-17,-5.418299911136507e-17
-0.1303010544543799,0.01251940525450601,1.3115,-0.5254987188595166,0.8507943914231022,5.209613140944112e-17,-3.217751620036708e-17
0.776744535608092,0.363961458569232,1.3115,0.0750791000549675,0.9971775813439331,6.105951665871737e-17,4.597268978258995e-18
0.7468991288066353,0.5353674293126532,1.3115,-0.5879342803916163,0.8089086981485564,4.95313723995041e-17,-3.6000591729529764e-17
-0.2041656190928982,0.4533259377985218,1.3115,0.12182309621549625,0.9925518289885269,6.077627101793253e-17,7.459513242126379e-18
0.6183922450964319,-0.6725222514998098,1.3115,-0.567545837597976,0.8233418015776995,5.041514509531725e-17,-3.475215966918824e-17
-0.2102168632443001,-0.20085763875179863,1.3115,0.2748634273077366,0.9614832792766834,5.887387101999454e-17,1.6830530822754546e-17
