run_id,test_case,move_index,start_x,start_y,start_z,goal_x,goal_y,goal_z,cartesian_distance_m,path_length_m,plan_time_s,execution_time_s,success
pure_rrt_1773013598,pure_rrt,1,0.3545557729361133,0.44089434433829755,1.2271626085033396,-0.13066148444452752,0.563281457007225,1.3115,0.5074713664945922,0.5083992181433028,0.051535606384277344,2.5061655044555664,1
pure_rrt_1773013598,pure_rrt,2,-0.13096192529965917,0.563323061004313,1.3110839655556705,-0.5637710546430907,-0.5286635290580576,1.3115,1.1746312733805964,1.7213241366613081,0.10159635543823242,3.809199094772339,1
pure_rrt_1773013598,pure_rrt,3,-0.474130582015873,-0.471174777345562,1.4252506675203245,0.31840995327503974,0.22989172189176654,1.3115,1.064215180681712,1.2767613325785845,0.10177922248840332,3.6087522506713867,1
pure_rrt_1773013598,pure_rrt,4,0.19322157103111692,0.34502147624257135,1.4353513317687363,0.7769013140664358,-0.45124606192804856,1.3115,0.9950191893400675,1.2534213162624552,0.05189967155456543,2.90702748298645,1
pure_rrt_1773013598,pure_rrt,5,0.6891014975511253,-0.6127604982881097,1.4429160289568719,-0.26999187445419626,-0.021984662937305166,1.3115,1.1340839283429478,1.3380906836494575,0.05140233039855957,3.0081751346588135,1
pure_rrt_1773013598,pure_rrt,6,-0.4279119469186926,0.019205588152021766,1.4329571070081895,0.33969243733975607,-0.5513354354640945,1.3115,0.9640982207246919,0.9531967219252595,0.051148176193237305,2.1052839756011963,1
pure_rrt_1773013598,pure_rrt,7,0.22831993259948402,-0.6464713923673684,1.428057923055067,0.030930708718165167,0.33583177095400074,1.3115,1.008696069092444,1.22978775751465,0.05103635787963867,3.207850694656372,1
pure_rrt_1773013598,pure_rrt,8,-0.07349192664025028,0.4375010021674839,1.4284510106765564,0.3011656754845682,-0.6791771329227231,1.3115,1.1836451812586106,1.5925352713379588,0.10268044471740723,3.1102781295776367,1
pure_rrt_1773013598,pure_rrt,9,0.25956769738817687,-0.8185529622457868,1.4282373041233396,-0.744067742703176,0.5607687281860799,1.3115,1.7098070126412428,2.217997477432842,0.10322880744934082,3.5128254890441895,1
pure_rrt_1773013598,pure_rrt,10,-0.8013330330649565,0.6803216911301331,1.4254608231156713,-0.2692555094983793,-0.6087985153552286,1.3115,1.3992585418923855,1.6514486824741665,0.1535325050354004,4.417240858078003,1
pure_rrt_1773013598,pure_rrt,11,-0.3681336300119906,-0.7004110655476758,1.4245025379758314,-0.6311202185376483,-0.06262692550711468,1.3115,0.6990709038578425,0.8046106264134656,0.10227775573730469,4.214051246643066,1
pure_rrt_1773013598,pure_rrt,12,-0.7785310859424717,-0.03745207327795261,1.4295820064450244,-0.36009807646876646,0.16730561870237126,1.3115,0.48057804370197127,0.42736331819725576,0.10175967216491699,2.9095919132232666,1
pure_rrt_1773013598,pure_rrt,13,-0.4978338642821165,0.277497193803302,1.4388489927873613,0.21057977365838032,-0.48900997810792585,1.3115,1.0514755788773191,1.101340088243504,0.1020209789276123,2.509645700454712,1
pure_rrt_1773013598,pure_rrt,14,0.08363185854121996,-0.5952591486231422,1.4328923880953783,0.9890869021802229,0.4864927794875896,1.3115,1.41589977820116,2.194709196791057,0.10251283645629883,4.009962797164917,1
pure_rrt_1773013598,pure_rrt,15,1.09788091742449,0.6237181945486324,1.4379946724236778,-0.6976078609330956,-0.4737195470360945,1.3115,2.108115379198723,2.644532144729058,0.10156726837158203,3.8081092834472656,1
pure_rrt_1773013598,pure_rrt,16,-0.8194032774831516,-0.5393926737155811,1.4254951080093305,-0.10264161183544662,-0.370166430342667,1.3115,0.7452380099258492,0.5841623464982881,0.05102682113647461,2.3061792850494385,1
pure_rrt_1773013598,pure_rrt,17,-0.24740189305224147,-0.4209204340671436,1.4286569991289166,-0.31618780179961137,0.002664418259433421,1.3115,0.4448386120916467,0.520437564724613,0.05135679244995117,3.9084866046905518,1
pure_rrt_1773013598,pure_rrt,18,-0.46377604761948255,0.0447348413344051,1.4286638583104225,-0.7252406242266942,0.6129826508891109,1.3115,0.6363934848647449,0.7998478861361992,0.05110883712768555,3.3095462322235107,1
pure_rrt_1773013598,pure_rrt,19,-0.691983473717812,0.7682273145431819,1.4306473867133116,-0.86205516386102,0.3774440026969422,1.3115,0.44252918137258945,0.39728657609223833,0.05099368095397949,3.3078126907348633,1
pure_rrt_1773013598,pure_rrt,20,-0.9537766134167733,0.5060894928754709,1.4308797726206164,0.6556578271315445,-0.6412626485173598,1.3115,1.9801382994358605,2.26039339595456,0.10233855247497559,3.4071950912475586,1
pure_rrt_1773013598,pure_rrt,21,0.6201049501181064,-0.7908306721679396,1.428655522914311,0.8376709900854264,0.1134116262610646,1.3115,0.9373977451245311,1.139329333677882,0.05114865303039551,3.006714105606079,1
pure_rrt_1773013598,pure_rrt,22,0.9937229272040342,0.09794361705430446,1.431149868402032,-0.25663303835955753,-0.2961981155352495,1.3115,1.316455026576214,1.2768021305866037,0.050925254821777344,2.906487226486206,1
pure_rrt_1773013598,pure_rrt,23,-0.15568921248934897,-0.4400329539883887,1.4383284547549962,0.8854556557862792,-0.09417669282748165,1.3115,1.104393338922513,1.2203456638381,0.05114126205444336,3.107598066329956,1
pure_rrt_1773013598,pure_rrt,24,1.0340933317146286,-0.17150604353334237,1.434490342278353,0.6348759663586907,0.02819486946048788,1.3115,0.46301358915916513,0.27370562256632286,0.05113720893859863,2.6068663597106934,1
pure_rrt_1773013598,pure_rrt,25,0.8044092775142133,-0.02296681707702765,1.4387558282859296,0.1630564678351123,-0.15555864077535275,1.3115,0.6671641957027242,1.7052541023809964,0.10313963890075684,3.9172582626342773,1
pure_rrt_1773013598,pure_rrt,26,-0.0007910568939067941,-0.15073576737765332,1.4335706922967004,-0.8107073539688927,0.13142790507643431,1.3115,0.8663036420552728,1.0081226200690405,0.10313892364501953,3.611274480819702,1
pure_rrt_1773013598,pure_rrt,27,-0.9454863602662911,0.20001827436892491,1.4290898600663202,0.9257967513215164,-0.4004724771494458,1.3115,1.968785666740608,2.1282470955287653,0.20278477668762207,3.1108641624450684,1
pure_rrt_1773013598,pure_rrt,28,0.8907309526822538,-0.5854730085968152,1.4458986304964487,-0.4195220359956043,-0.6372296038952384,1.3115,1.3181443894260843,1.3266345924431924,0.10233640670776367,3.8110063076019287,1
pure_rrt_1773013598,pure_rrt,29,-0.41959075937546525,-0.6373792813323385,1.3121762795488896,0.9696607469429799,0.367357401521509,1.3115,1.714501678924302,2.6373474783562103,0.15226960182189941,5.012763500213623,1
pure_rrt_1773013598,pure_rrt,30,1.0172128465594876,0.40516460442811897,1.6482810162572124,0.7198780564140448,-0.4866527390905867,1.3115,0.9985827980407214,1.6155804557523086,0.151900053024292,5.512707471847534,1
pure_rrt_1773013598,pure_rrt,31,0.7832420403571678,-0.5147370702921439,1.6535268326165942,0.727346387535172,0.48822944609487984,1.3115,1.06115432959945,1.1124866937163376,0.051148414611816406,4.509634494781494,1
pure_rrt_1773013598,pure_rrt,32,0.7531542869558051,0.5247403176738056,1.6373918509239365,-0.4212325078418716,-0.1561538984275238,1.3115,1.3960683277741222,2.6988110574824407,0.20138001441955566,6.012704372406006,1
pure_rrt_1773013598,pure_rrt,33,-0.28449166296320727,-0.2778166408967423,1.4418855052982917,-0.85922087728718,-0.04123320625842464,1.3115,0.6350478496417454,1.4482447323967402,0.10123801231384277,3.7081046104431152,1
pure_rrt_1773013598,pure_rrt,34,-1.03017248473129,0.005827868637437922,1.4391088741047668,-0.6354268419446407,-0.27911675449141515,1.3115,0.5032907564215493,0.3953229975712312,0.052350521087646484,1.5035171508789062,1
pure_rrt_1773013598,pure_rrt,35,-0.8007324531874632,-0.31410919810717786,1.4343529379524935,0.15524301229535165,0.22294804952197445,1.3115,1.1033641385325357,1.0667963178512716,0.0508577823638916,2.705336093902588,1
pure_rrt_1773013598,pure_rrt,36,0.031181969571591917,0.34158021309017783,1.4374727277443697,1.0345705385752644,-0.3970511255359496,1.3115,1.252291500786945,1.7261101572808888,0.05104231834411621,3.5092198848724365,1
pure_rrt_1773013598,pure_rrt,37,1.0498783895170951,-0.5803754189834837,1.4432869362494831,-0.3084461401438592,-0.692317334334872,1.3115,1.369286061003038,1.4420985118989715,0.051375389099121094,3.1085619926452637,1
pure_rrt_1773013598,pure_rrt,38,-0.3680113688904427,-0.8184405344912278,1.426636107624236,-0.7709691150225211,-0.36013975813889587,1.3115,0.6210240494955523,0.6991172103526576,0.051074981689453125,2.0047338008880615,1
pure_rrt_1773013598,pure_rrt,39,-0.9198970734571753,-0.4135700070792266,1.4314385330474795,-0.5858183635151959,-0.07049190737862832,1.3115,0.49365617451851257,0.413252317809923,0.05104327201843262,1.7045538425445557,1
pure_rrt_1773013598,pure_rrt,40,-0.7426584158894106,-0.04265155401127811,1.431934827176657,0.4591726549584514,0.303465351461658,1.3115,1.256463044703883,1.9581293476710626,0.05219912528991699,3.7103006839752197,1
pure_rrt_1773013598,pure_rrt,41,0.6263928034028668,0.35061129873954733,1.4380075345037757,-0.1440538309504401,0.12578821123557826,1.3115,0.8124885189018856,1.3813014457951538,0.1023399829864502,3.6171178817749023,1
pure_rrt_1773013598,pure_rrt,42,-0.2874752547184155,0.20820625254785316,1.4340495709364878,-0.6940456757521627,0.40470562893961304,1.3115,0.4678994651830949,0.5877153639274958,0.10303163528442383,2.7130825519561768,1
pure_rrt_1773013598,pure_rrt,43,-0.7493501804421674,0.5706640934594651,1.4382236420634036,-0.7921836694384579,0.06888690394064434,1.3115,0.5193013933726882,0.4547738295684,0.152695894241333,2.7089531421661377,1
pure_rrt_1773013598,pure_rrt,44,-0.9472519439675472,0.172545317797872,1.4448137869331694,0.14196844154917487,-0.43179480487803323,1.3115,1.2527571982980532,1.177458333805164,0.10442566871643066,2.9122533798217773,1
pure_rrt_1773013598,pure_rrt,45,-0.00011241961123720223,-0.5170224759205895,1.4349005555775007,0.4964385969190874,-0.21162563418306157,1.3115,0.595867300728435,0.4210701564172035,0.10190439224243164,1.7058842182159424,1
pure_rrt_1773013598,pure_rrt,46,0.3064222630443092,-0.23301052446153486,1.447723960462764,-0.19700649221838762,-0.5870873818154306,1.3115,0.6303712397810675,0.7583580993260143,0.2022261619567871,4.01130747795105,1
pure_rrt_1773013598,pure_rrt,47,-0.2515232010211793,-0.7419160837501764,1.4334233478555745,-0.36175969386856155,0.16381807925096203,1.3115,0.9205279795503095,1.2076105613245527,0.10372185707092285,2.910271644592285,1
pure_rrt_1773013598,pure_rrt,48,-0.4963834828554454,0.24978664811896178,1.4316632462853334,0.1767674463016049,-0.41069495230277936,1.3115,0.9506878160986888,0.9232597895685029,0.10189986228942871,2.2066457271575928,1
pure_rrt_1773013598,pure_rrt,49,0.03176268507156932,-0.48018002188964354,1.4315391490495997,0.911628589297721,0.12688140229347022,1.3115,1.075684423730067,1.7909212655210076,0.10179543495178223,3.709275245666504,1
pure_rrt_1773013598,pure_rrt,50,1.072572025633696,0.1131608118661916,1.431927911831857,0.5658441555208145,0.48962949717484106,1.3115,0.6426544073725331,0.6953109747525095,0.05212759971618652,3.7103500366210938,1
pure_rrt_1773013598,pure_rrt,51,0.5654775703768875,0.48989206113910155,1.3111531557212013,0.3995067226777984,-0.6273916880968029,1.3115,1.1295438986128636,1.295638947710189,0.10119366645812988,3.3076229095458984,1
pure_rrt_1773013598,pure_rrt,52,0.40030153178094474,-0.627507997924638,1.3116960996825862,0.3289423962453073,-0.7303632510787509,1.3115,0.12518533372913795,0.13150432713074658,0.10106682777404785,2.1047017574310303,1
pure_rrt_1773013598,pure_rrt,53,0.3303167951715294,-0.730297833908236,1.3108584809562775,-0.8629679408167945,-0.5220497373523568,1.3115,1.211320000003531,1.211175449708264,0.05118823051452637,3.307918071746826,1
pure_rrt_1773013598,pure_rrt,54,-0.8626360963312462,-0.522100370646803,1.3115084529057919,0.41918721633415434,-0.4348539688011908,1.3115,1.2847890642432158,1.2850230849204871,0.10101604461669922,4.308584213256836,1
pure_rrt_1773013598,pure_rrt,55,0.41843521879281187,-0.4346960749612405,1.310982533718529,-0.2280577982483314,0.2826791906321652,1.3115,0.9657022111083322,1.2760469264449543,0.15212082862854004,3.7129604816436768,1
pure_rrt_1773013598,pure_rrt,56,-0.3436557891292146,0.39093132280005066,1.4312040332604525,0.43038875253928044,0.037856020982938055,1.3115,0.8591485184872609,0.6621508932986209,0.10178375244140625,3.7114272117614746,1
pure_rrt_1773013598,pure_rrt,57,0.2674605685464958,0.13752620907631966,1.4470962674594703,-0.34736890725482017,-0.4077582299971391,1.3115,0.8329086093676291,1.0011464477243373,0.10311508178710938,2.7126200199127197,1
pure_rrt_1773013598,pure_rrt,58,-0.49610266958963,-0.4903453232904928,1.4354309608485576,0.8950362723610386,0.12418447212023931,1.3115,1.525868050755382,2.031565809041806,0.1029970645904541,3.6120615005493164,1
pure_rrt_1773013598,pure_rrt,59,1.0735796685706502,0.10440843466302885,1.440111846095867,0.27042349932944365,-0.06628068869288095,1.3115,0.8311050571247931,0.6936005122305225,0.10259461402893066,2.707900285720825,1
pure_rrt_1773013598,pure_rrt,60,0.42405017963003366,-0.13880302661355456,1.4361468571282443,-0.31650917764222386,-0.7095898621231824,1.3115,0.9432722895466309,1.262973441803976,0.10320401191711426,2.8079001903533936,1
pure_rrt_1773013598,pure_rrt,61,-0.38297073733727477,-0.8176802593902232,1.4242700198194658,0.9909889141874761,0.5676978648015553,1.3115,1.9544192867389607,2.864384628670247,0.10184669494628906,4.6130430698394775,1
pure_rrt_1773013598,pure_rrt,62,1.0795035874552497,0.7036961380262442,1.4337621237888776,-0.8423649860397847,0.5325097049955348,1.3115,1.933347262018643,1.9457196520026492,0.10215401649475098,4.512237787246704,1
pure_rrt_1773013598,pure_rrt,63,-0.8421283303195789,0.5329221985178103,1.3116628050014785,1.036894794590899,0.4290349918121529,1.3115,1.8818927924222757,2.318694591438513,0.10134410858154297,6.515260219573975,1
pure_rrt_1773013598,pure_rrt,64,1.0361902674465062,0.42907982157885033,1.3111991333337958,0.8139528829464104,-0.30754916491527445,1.3115,0.7694230366538005,2.3920942167246837,0.4520101547241211,5.712162256240845,1
pure_rrt_1773013598,pure_rrt,65,0.8756605327757183,-0.48473114638999304,1.4451454313951153,0.9824587623866678,0.21334494063141296,1.3115,0.7187330425491353,2.378326928073729,0.10112953186035156,5.311141014099121,1
pure_rrt_1773013598,pure_rrt,66,1.02896007566987,0.2382802584914998,1.6424575422203602,0.3459443233177544,0.6173339900432578,1.3115,0.8483661615817667,1.0995355084357374,0.050887107849121094,2.907017469406128,1
pure_rrt_1773013598,pure_rrt,67,0.3186909630579432,0.6433014393690074,1.6309383756332059,0.8659534285612076,0.2748160807942769,1.3115,0.7330201507870301,0.8964508140763439,0.10144209861755371,3.9084908962249756,1
pure_rrt_1773013598,pure_rrt,68,0.8911239481577401,0.2950063683968479,1.6258371918814318,-0.16048853828244525,-0.33960480598058607,1.3115,1.267843852562893,1.7065734157736494,0.05098152160644531,4.109204292297363,1
pure_rrt_1773013598,pure_rrt,69,-0.1277681921019922,-0.3483922644175966,1.6268455933465609,0.8455373354257656,0.5117925192125917,1.3115,1.336669127027364,1.482143113643137,0.10124015808105469,5.605368137359619,1
pure_rrt_1773013598,pure_rrt,70,0.879401665169063,0.5574397201709754,1.6469822561575542,0.7092210447121483,0.15005044088864938,1.3115,0.554505015892405,0.5981092319463719,0.3171391487121582,3.842910051345825,1
pure_rrt_1773013598,pure_rrt,71,0.7090064237130438,0.15018713859073088,1.3113891739855055,0.8909905874824164,-0.27859465448598975,1.3115,0.4658026129374233,0.4697090184490144,0.1561276912689209,3.3112595081329346,1
pure_rrt_1773013598,pure_rrt,72,0.8913906647081431,-0.2782770189739967,1.3112144088297977,0.2731512394544169,-0.6936153158032764,1.3115,0.7447992812250969,2.893887265963645,1.758070945739746,8.019067287445068,1
pure_rrt_1773013598,pure_rrt,73,0.25176691355122494,-0.7530515259082381,1.6499561177217466,-0.3050752382817403,0.06880490002182083,1.3115,1.0488439876949165,2.4860312939970877,0.6028780937194824,4.716037034988403,1
pure_rrt_1773013598,pure_rrt,74,-0.4603029356149838,0.14890696457724123,1.4372722659720771,0.7573943112274426,-0.24809805870092472,1.3115,1.2869414269357689,1.826921978427464,0.10201120376586914,3.6132922172546387,1
pure_rrt_1773013598,pure_rrt,75,0.8523563999637802,-0.40944194638762843,1.445189472646126,0.6531272222414466,-0.44646190821933746,1.3115,0.24276659145429721,0.3449400193074637,0.1517636775970459,3.7108819484710693,1
pure_rrt_1773013598,pure_rrt,76,0.6519247364841205,-0.4465675713084058,1.31119361943556,-0.7705668286438195,-0.012918736225364547,1.3115,1.4871226105799298,2.06339088307197,0.1522502899169922,7.515626430511475,1
pure_rrt_1773013598,pure_rrt,77,-0.9358951442678924,0.04019143829985512,1.4369869689945554,0.5661130234383152,0.5978207571815227,1.3115,1.6070861745780878,1.682617330491377,0.05122232437133789,3.107062578201294,1
pure_rrt_1773013598,pure_rrt,78,0.5609235228066278,0.7538896758883962,1.4307572371521502,0.7030590380315707,-0.37087648676591,1.3115,1.139966540716664,1.6560073196504796,0.05090212821960449,3.407372236251831,1
pure_rrt_1773013598,pure_rrt,79,0.5678355476775079,-0.5065025345178018,1.4480807126638058,-0.8227548265505632,0.579678921767469,1.3115,1.7697983037469303,2.1690818194386767,0.10143041610717773,6.017849922180176,1
pure_rrt_1773013598,pure_rrt,80,-0.8228049650296014,0.579772254928206,1.3110429207940988,-0.06245526417091707,-0.5048936042226579,1.3115,1.3246251932243978,2.9222036022338003,0.2035355567932129,5.817429542541504,1
pure_rrt_1773013598,pure_rrt,81,-0.01826642797320932,-0.5277999950589817,1.6403579092586735,0.2155672494475307,0.23885479778988572,1.3115,0.8663632520924651,2.3996420661688753,0.20255231857299805,6.227304220199585,1
pure_rrt_1773013598,pure_rrt,82,0.24299995639021343,0.25859296522541536,1.6286159655224932,1.0195429862744507,0.27087036353998595,1.3115,0.8388875653867025,0.7935933376124052,0.10191583633422852,3.010444164276123,1
pure_rrt_1773013598,pure_rrt,83,1.0359304429036809,0.28621040634157374,1.614914339940289,-0.04135267626812045,-0.4026176204254096,1.3115,1.314185386843737,2.469790722622729,0.10150003433227539,5.8121020793914795,1
pure_rrt_1773013598,pure_rrt,84,-0.06353006141189,-0.4289606472212292,1.628954108575638,-0.8444721055358239,-0.583516191943497,1.3115,0.8570501757402644,0.8129931691474223,0.05103754997253418,3.106682300567627,1
pure_rrt_1773013598,pure_rrt,85,-0.8547366494587658,-0.6149542589156658,1.627646987791846,0.8225228775098163,0.22382589878815262,1.3115,1.9017624961215247,2.450361867952075,0.051003217697143555,4.9114296436309814,1
pure_rrt_1773013598,pure_rrt,86,0.8515893626226976,0.24148552708872886,1.629128716798839,0.10138266448156175,-0.09244978694750272,1.3115,0.8804606099261788,1.0769724732634713,0.050983428955078125,4.410592555999756,1
pure_rrt_1773013598,pure_rrt,87,0.14564720416825627,-0.08725647162195568,1.6365577891630556,-0.08316361642440584,0.10317803472374554,1.3115,0.44077461261169726,1.8244981546349959,0.1525864601135254,6.619772672653198,1
pure_rrt_1773013598,pure_rrt,88,-0.03696401773213576,0.11944518261134385,1.6410348520571965,-0.130517797810334,0.11693152419136088,1.3115,0.34256655844657474,0.055163273984313366,0.10331058502197266,2.313457727432251,1
pure_rrt_1773013598,pure_rrt,89,-0.0901722987977589,0.1331594599786906,1.6363127537225228,0.43253077786874905,-0.5191280971901155,1.3115,0.89677248428723,1.0772579202281276,0.25264620780944824,3.21420955657959,1
pure_rrt_1773013598,pure_rrt,90,0.48119292313107187,-0.5449357540662336,1.6456751861946024,-0.8204545825065056,0.061855648669738694,1.3115,1.4745016413809153,4.940432901725559,0.4529755115509033,13.027989149093628,1
pure_rrt_1773013598,pure_rrt,91,-0.9618686227609183,0.11686954767427896,1.4290901103876705,-0.10364720625867363,0.14087801213979334,1.3115,0.8665724667736079,0.730614453002541,0.05134844779968262,2.5068206787109375,1
pure_rrt_1773013598,pure_rrt,92,-0.23778569647026138,0.21426510359085582,1.4295039458244487,0.9929832509950729,-0.21249497566173614,1.3115,1.3079913220349533,2.0132247626881195,0.050893545150756836,3.7093279361724854,1
pure_rrt_1773013598,pure_rrt,93,1.101797488415602,-0.36342210212758325,1.4449562145745927,-0.4849419708476145,-0.6476975725975227,1.3115,1.6175182273787239,1.724378620788955,0.05112123489379883,3.111844778060913,1
pure_rrt_1773013598,pure_rrt,94,-0.5495593217166319,-0.7839221560933296,1.4286829242462042,-0.6858140517817499,0.1954513066740744,1.3115,0.9957256493497721,1.310419054966414,0.0513911247253418,3.3080461025238037,1
pure_rrt_1773013598,pure_rrt,95,-0.8172807368993239,0.30439817830549953,1.4356431603394317,0.801542866341459,-0.7110243602989752,1.3115,1.9149632671606238,2.0753453563105744,0.0522313117980957,3.2108116149902344,1
pure_rrt_1773013598,pure_rrt,96,0.7636837647368477,-0.8432819208499167,1.4255191861266527,-0.6387973116538773,0.2143168652103431,1.3115,1.7602467829015358,2.0611259347039184,0.05124974250793457,3.2114765644073486,1
pure_rrt_1773013598,pure_rrt,97,-0.7624138226097644,0.3387601879956261,1.4386361498111753,0.5839108088193017,0.360982798348782,1.3115,1.3524967497899314,1.3309930125134553,0.10277915000915527,33.36945939064026,0
pure_rrt_1773013598,pure_rrt,98,0.5509066066097182,0.5443077965305844,1.4449124056170262,0.6147184377521813,0.36559093175322077,1.3115,0.23197098422459342,0.046246271908518155,0.05150961875915527,32.566805362701416,0
pure_rrt_1773013598,pure_rrt,99,0.596487179458191,0.5520647810113872,1.4455784446922275,-0.1356601539587038,0.3237914080595038,1.3115,0.7785406090624856,0.7797870860061463,0.10199093818664551,3.7124521732330322,1
pure_rrt_1773013598,pure_rrt,100,-0.18186156780041518,0.5057789013519072,1.4457963176593338,0.8283740741528494,-0.1535622063867247,1.3115,1.2138131032261874,2.329342398516633,0.10215353965759277,4.711824417114258,1
pure_rrt_1773013598,pure_rrt,101,0.9609400728509055,-0.2840161357314302,1.4446605752159978,-0.6686084919671815,0.4971076937777247,1.3115,1.8119919152467514,2.8722865446216392,0.10161662101745605,4.611895799636841,1
pure_rrt_1773013598,pure_rrt,102,-0.727056099469517,0.6406253796545064,1.4297656992409473,-0.23866169075732746,0.4874489159537795,1.3115,0.5253369424570667,0.41921718534259045,0.0514683723449707,2.206943988800049,1
pure_rrt_1773013598,pure_rrt,103,-0.3085547419686445,0.6168250223191875,1.42738593252705,0.9214670772629805,-0.6175721060958524,1.3115,1.7464591308653166,2.366573209536565,0.051143646240234375,3.910271406173706,1
pure_rrt_1773013598,pure_rrt,104,0.9264492698567303,-0.7701494114111102,1.4294919936505024,1.0111033652302361,0.0449036582813952,1.3115,0.8278888408743669,0.9109125699701025,0.20139217376708984,2.8059771060943604,1
pure_rrt_1773013598,pure_rrt,105,1.1234848874717596,0.025185439549736996,1.4243289783728965,-0.2918562504944361,-0.2914149146617354,1.3115,1.4547015843350646,2.330110635288505,0.051779985427856445,3.809807062149048,1
pure_rrt_1773013598,pure_rrt,106,-0.43482030913477465,-0.31804455734732573,1.4269625233091972,0.6959096646646317,0.34193532819971717,1.3115,1.3143269445857149,1.966209773856664,0.051119089126586914,3.7081010341644287,1
pure_rrt_1773013598,pure_rrt,107,0.849361364549813,0.45507421696513195,1.4474991528570287,-0.758918537647011,0.0120526843128127,1.3115,1.6737168493450931,1.9045950516572856,0.05162858963012695,3.107807159423828,1
pure_rrt_1773013598,pure_rrt,108,-0.9259830766475918,0.10460773451029319,1.4480174284183251,-0.17748644512178002,-0.5821499194284695,1.3115,1.024948921122859,1.0617784110827062,0.10157585144042969,3.0098230838775635,1
pure_rrt_1773013598,pure_rrt,109,-0.278690087164033,-0.6930422593383088,1.4292475895511174,0.3523082014928294,-0.6040574430072863,1.3115,0.6480290369037897,0.5380078992572338,0.10332226753234863,2.1086947917938232,1
pure_rrt_1773013598,pure_rrt,110,0.2586667650094099,-0.7193773549827278,1.4293124539011746,-0.7287837213861684,0.38623572146494956,1.3115,1.4870502722467651,1.7578774754509339,0.10270190238952637,3.0173871517181396,1
pure_rrt_1773013598,pure_rrt,111,-0.8159294662852582,0.522890909027575,1.4329110858854928,-0.7048516506831496,0.6126427808606151,1.3115,0.18744154126651055,0.24312738117990124,0.10332322120666504,3.008492946624756,1
pure_rrt_1773013598,pure_rrt,112,-0.7384829468850006,0.7504238053459751,1.4264343456213087,0.7379687423043702,0.558519545325422,1.3115,1.4933006192081957,1.6187559138102887,0.10192728042602539,3.409264087677002,1
pure_rrt_1773013598,pure_rrt,113,0.8489014186579015,0.6475294699744167,1.4265602096726941,-0.12725350147772496,-0.6282700152560291,1.3115,1.6105221533618175,2.868003238428631,0.10200858116149902,4.412214279174805,1
pure_rrt_1773013598,pure_rrt,114,-0.21397764440939693,-0.7454227160552096,1.4273121088878291,-0.032191977672493044,0.5023309251201674,1.3115,1.2662336365230702,1.6423092324403072,0.10182571411132812,3.113720655441284,1
pure_rrt_1773013598,pure_rrt,115,-0.10057835995136855,0.6309465958087899,1.4279725682459627,-0.8504970760709754,-0.09906027790007044,1.3115,1.0530213557200412,1.168046343582789,0.10472226142883301,3.810617446899414,1
pure_rrt_1773013598,pure_rrt,116,-1.0133604593931442,-0.07769672867373678,1.4329727608211535,-0.6400629788877781,0.14901495510747143,1.3115,0.4533264035284928,0.39220171598032594,0.05177593231201172,3.809004545211792,1
pure_rrt_1773013598,pure_rrt,117,-0.7805463342466583,0.2361010529645566,1.43320918702572,1.0340259910765421,-0.22792782373443055,1.3115,1.8769146620040646,2.346093564071762,0.05120444297790527,4.008683681488037,1
pure_rrt_1773013598,pure_rrt,118,1.1204302559832255,-0.3986536140384308,1.4481665392118743,-0.4298330480544449,0.5804677691914001,1.3115,1.8386605825665165,2.798190663322657,0.050882816314697266,4.5091516971588135,1
pure_rrt_1773013598,pure_rrt,119,-0.4504960731632057,0.7344124239890266,1.429236223607789,-0.7874570545139581,0.48143063822114984,1.3115,0.43749777740302775,0.39117045814278445,0.10106563568115234,1.7097678184509277,1
pure_rrt_1773013598,pure_rrt,120,-0.8303599644853256,0.6413487097547284,1.4340005350622516,-0.7267352086944394,0.017995786767414867,1.3115,0.6436717623914274,0.5932568635208403,0.10193133354187012,3.2163472175598145,1
pure_rrt_1773013598,pure_rrt,121,-0.886418363436525,0.07676352972243848,1.4358121330867304,0.37446810078409043,0.21295869866486405,1.3115,1.2742987507372807,1.1668311388199057,0.10268998146057129,3.4439854621887207,1
pure_rrt_1773013598,pure_rrt,122,0.24967494299452941,0.34063291375021454,1.4396831330768989,0.2851109662315847,0.49519110641461894,1.3115,0.20389914729579967,0.3733525826389819,0.10267233848571777,2.2092010974884033,1
pure_rrt_1773013598,pure_rrt,123,0.3343639671147124,0.6662034190523938,1.4398190335180945,1.0107155614397394,0.48022243906611906,1.3115,0.7130961915658215,0.7948514617837213,0.10303354263305664,3.3164966106414795,1
pure_rrt_1773013598,pure_rrt,124,1.126431959544521,0.6122989619332218,1.438043694239687,-0.32323049533139503,-0.48452152653955194,1.3115,1.8222375595850144,2.463902798325954,0.10233736038208008,4.614521265029907,1
pure_rrt_1773013598,pure_rrt,125,-0.4500575039599294,-0.5642863973185617,1.4277221918849303,0.2838064136884284,-0.6361926088101109,1.3115,0.7464813130707295,0.8377904748571084,0.05133199691772461,3.5130114555358887,1
pure_rrt_1773013598,pure_rrt,126,0.3025117586971216,-0.7784046440690274,1.426330383586872,0.5107565171871349,-0.0064035926431784684,1.3115,0.8077979449317065,0.8640009282057343,0.10157465934753418,3.1108171939849854,1
pure_rrt_1773013598,pure_rrt,127,0.6670131566849052,-0.056373751501750245,1.4325885183784917,0.48413718400178873,-0.5195643253401193,1.3115,0.5124954227704008,0.6229676937926815,0.05120253562927246,1.9043684005737305,1
pure_rrt_1773013598,pure_rrt,128,0.547847073331072,-0.6465513762658892,1.4276419353574288,1.0095034281445934,0.25413860452560666,1.3115,1.0187531499762161,2.9521226608207622,0.15114736557006836,6.414571762084961,1
pure_rrt_1773013598,pure_rrt,129,1.0671066282832669,0.2877299135318007,1.651223214123334,0.9756678540076542,0.4469717841735611,1.3115,0.3861746820038856,0.20724882043938106,0.10110783576965332,3.409367084503174,1
pure_rrt_1773013598,pure_rrt,130,1.0120942235156005,0.4862164046445458,1.6431099053902627,-0.12684960684770574,0.37070027649423853,1.3115,1.1918482092692915,1.1263626462832055,0.05099320411682129,3.1076035499572754,1
pure_rrt_1773013598,pure_rrt,131,-0.10994354653189231,0.39126073507888715,1.6199784605389738,0.3045670778279319,-0.21965596298897638,1.3115,0.8001232594430733,1.0745704929990423,0.05183553695678711,3.307929039001465,1
pure_rrt_1773013598,pure_rrt,132,0.3400697603878915,-0.22210785508477088,1.6284508298948417,0.7885674927374753,-0.09901559844171082,1.3115,0.5628141328531371,0.49221172912437583,0.05126547813415527,3.3081750869750977,1
pure_rrt_1773013598,pure_rrt,133,0.8156679965378744,-0.09550738700305104,1.6221612873624076,-0.7612637656378625,0.4451285449744432,1.3115,1.6957333012503815,1.8342984190731453,0.10214757919311523,4.817702531814575,1
pure_rrt_1773013598,pure_rrt,134,-0.7605199979362265,0.44523572256627975,1.3118617049749353,1.1023342110804804,0.020163163498010173,1.3115,1.9107361448809714,0.0,0.052906036376953125,0.0,0
pure_rrt_1773013598,pure_rrt,135,-0.7605030594744934,0.44523121839686025,1.3118577053360028,0.8110011283226295,-0.4031437082048464,1.3115,1.7858794909801312,2.5156580803194073,0.812375545501709,6.823920011520386,1
pure_rrt_1773013598,pure_rrt,136,0.9020430246295292,-0.5013157632030225,1.425498582974066,1.0179291360267877,0.08988394773550923,1.3115,0.6131413914821575,0.6414777850005459,0.10287117958068848,4.125480651855469,1
pure_rrt_1773013598,pure_rrt,137,1.174372428463748,0.06751193755725898,1.4303606404903122,0.3521301725875494,-0.2508844254228771,1.3115,0.8897114269048846,0.8224410381637236,0.10177230834960938,2.306981325149536,1
pure_rrt_1773013598,pure_rrt,138,0.472693560645814,-0.35808440239409695,1.4322395513872412,0.15824986319131829,0.3181654702447686,1.3115,0.7554910776323758,2.1398935696724233,0.10422539710998535,4.417966604232788,1
pure_rrt_1773013598,pure_rrt,139,0.057882841891646164,0.455934126468443,1.4349388626191857,0.22087935445103035,0.027728772889620834,1.3115,0.474515374613725,0.3775261422381713,0.1019434928894043,3.5136513710021973,1
pure_rrt_1773013598,pure_rrt,140,0.06565140043998285,0.08388029901012856,1.4330785048724124,-0.6073818172108301,-0.7034526027454723,1.3115,1.0429037074894845,1.1686036641868909,0.10177373886108398,3.1089327335357666,1
pure_rrt_1773013598,pure_rrt,141,-0.6767319711673006,-0.7802290836101164,1.426160266600866,0.5224861003726611,-0.4503872420867566,1.3115,1.249026260838629,1.3815053462032219,0.05177903175354004,2.41190767288208,1
pure_rrt_1773013598,pure_rrt,142,0.6024751068442233,-0.5701131461231589,1.4275858511699782,-0.17813545844532475,0.06754690173826594,1.3115,1.0146127912273533,0.8777921317367459,0.051126718521118164,2.906919002532959,1
pure_rrt_1773013598,pure_rrt,143,-0.023040190897791968,0.039895485022537314,1.4306084913009607,0.9190425324866094,-0.2644969883099853,1.3115,0.9971767487365778,1.039889885733802,0.05094194412231445,3.708183526992798,1
pure_rrt_1773013598,pure_rrt,144,0.9179621610354965,-0.2643815150873302,1.3109610654158037,-0.08705220543924252,0.11174712611309823,1.3115,1.0730922243695495,1.073650277763489,0.0513916015625,3.1087424755096436,1
pure_rrt_1773013598,pure_rrt,145,-0.08707276198742053,0.11230551810360434,1.311608025606478,-0.5815003607986469,0.5301313969718934,1.3115,0.647330771080616,0.6807023558220281,0.10137462615966797,2.2096786499023438,1
pure_rrt_1773013598,pure_rrt,146,-0.5823800591034489,0.5305398961905103,1.3115125678210062,0.03700706886423388,0.6035647584422456,1.3115,0.6236770357780457,0.6233025972687246,0.051181793212890625,2.4083588123321533,1
pure_rrt_1773013598,pure_rrt,147,0.03663583890075284,0.6036861403834627,1.3108805479694983,0.38240049325575054,-0.4130399197987627,1.3115,1.0739112912041289,1.596892979156709,0.10124659538269043,3.708066701889038,1
pure_rrt_1773013598,pure_rrt,148,0.43354221940205384,-0.5808170051359218,1.438021785565609,-0.619213147185695,-0.5342856991141075,1.3115,1.0613513963537766,1.1966817828033132,0.05093026161193848,2.9116291999816895,1
pure_rrt_1773013598,pure_rrt,149,-0.7325895211887973,-0.6463990083479946,1.4307670196736675,-0.512513672720895,-0.2680531527130119,1.3115,0.4536558029353016,0.3560497220614793,0.10407876968383789,1.70843505859375,1
pure_rrt_1773013598,pure_rrt,150,-0.67925454724215,-0.2994092734138101,1.434722015140568,0.4500994377486758,-0.5062324969689606,1.3115,1.1547293770540805,1.3159466869976124,0.15317964553833008,2.9096577167510986,1
pure_rrt_1773013598,pure_rrt,151,0.4819723413485444,-0.669038473083249,1.4329801857515605,-0.5381707049909699,-0.3602168741700888,1.3115,1.0727628118462993,0.9768046619139835,0.10467243194580078,3.1101698875427246,1
pure_rrt_1773013598,pure_rrt,152,-0.48557300813382265,-0.535252398799932,1.441888526878763,-0.6338997034786091,-0.10988997272303469,1.3115,0.46897246189040026,0.8720400189522933,0.1022639274597168,3.414313793182373,1
pure_rrt_1773013598,pure_rrt,153,-0.807466733000383,-0.087508804445694,1.4374927358987706,0.12477303083432634,0.20560249453674795,1.3115,0.9853219678688923,1.8574779936222463,0.10213780403137207,4.011394739151001,1
pure_rrt_1773013598,pure_rrt,154,0.30267462870995243,0.21791414294581382,1.4392314768623535,0.37149857197097913,-0.63066309010225,1.3115,0.8608922033535574,2.860897763472256,0.10145163536071777,5.213452577590942,1
pure_rrt_1773013598,pure_rrt,155,0.30548974924162614,-0.7703297344965252,1.4290020849712999,-0.75194348356766,-0.362570111445742,1.3115,1.1394032174838797,1.262344701804412,0.10214877128601074,2.511464834213257,1
pure_rrt_1773013598,pure_rrt,156,-0.8969312303133795,-0.4117649536379262,1.4297897454521586,-0.5072793396356601,-0.45535402973536,1.3115,0.40953762628467455,0.28222813426284293,0.05166935920715332,2.813187599182129,1
pure_rrt_1773013598,pure_rrt,157,-0.6389989790864178,-0.5262081472546695,1.4283549212410953,0.3523809571730465,-0.23611265923113267,1.3115,1.039540592188538,1.276525995011487,0.10357046127319336,2.8060827255249023,1
pure_rrt_1773013598,pure_rrt,158,0.457146030080687,-0.3870998506366124,1.4434966072045563,-0.800293891870835,-0.39615163847131546,1.3115,1.2643813493143468,1.324668319884937,0.1011507511138916,2.9069111347198486,1
pure_rrt_1773013598,pure_rrt,159,-0.8476877073999501,-0.5792041479429939,1.4468100868690819,0.14114469027325027,-0.011876071245456199,1.3115,1.1480241621612222,1.3274444783087882,0.051367759704589844,2.9074642658233643,1
pure_rrt_1773013598,pure_rrt,160,0.2922863179722198,-0.05914157358737966,1.4315565965355788,0.18264742211385587,-0.4098455280058814,1.3115,0.38655858223757295,0.43277988870473694,0.051200151443481445,2.608628511428833,1
pure_rrt_1773013598,pure_rrt,161,0.23467401891523543,-0.4539324216804617,1.4366501199353272,-0.8332188860045463,-0.300463226488713,1.3115,1.0860987997280174,1.7453728068857965,0.10099434852600098,4.409652233123779,1
pure_rrt_1773013598,pure_rrt,162,-0.9663872862204473,-0.324542805232618,1.4262918339284987,-0.6356314547342441,0.48058448373661566,1.3115,0.8779558853619842,1.606118114677488,0.050852298736572266,3.6105844974517822,1
pure_rrt_1773013598,pure_rrt,163,-0.5135596952335952,0.6014033164281891,1.4363612860396635,0.6911373949197446,-0.058140418671475236,1.3115,1.3790878718503106,3.7886354889029157,0.10134458541870117,6.013633966445923,1
pure_rrt_1773013598,pure_rrt,164,0.8448698497434303,-0.12517130862120557,1.4347435324102242,0.2901190959173825,0.28123383752926945,1.3115,0.6986433353071559,2.3067575051076807,0.10187840461730957,4.51639461517334,1
pure_rrt_1773013598,pure_rrt,165,0.1744905293392578,0.3940738498473495,1.4328003305302728,-0.3105561547069281,-0.24412492474827535,1.3115,0.8107291358933087,0.9329536944060615,0.1016991138458252,2.907984733581543,1
pure_rrt_1773013598,pure_rrt,166,-0.4727330277907562,-0.26449063120111216,1.432940699950317,-0.16721628927046872,0.6124719518415541,1.3115,0.9365637688792803,1.1777094454005639,0.10172009468078613,2.612279176712036,1
pure_rrt_1773013598,pure_rrt,167,-0.19469209324872683,0.7553856478306293,1.4269750200173814,-0.6712671392663598,-0.5329715427607278,1.3115,1.378521855206938,1.716997568601841,0.1018061637878418,3.3158445358276367,1
pure_rrt_1773013598,pure_rrt,168,-0.7825727651001959,-0.6067229421781686,1.424912514435912,-0.503224158330312,-0.35127923821465407,1.3115,0.3951575994834856,0.6625813924413364,0.10218071937561035,33.715351581573486,0
pure_rrt_1773013598,pure_rrt,169,-0.42434672610485924,-0.508202337118277,1.4384635445752663,-0.7139767160986251,-0.022321350730470035,1.3115,0.5797289070661328,1.1859970546135785,0.1011054515838623,3.908379554748535,1
pure_rrt_1773013598,pure_rrt,170,-0.8789054133073922,0.02582325347895026,1.4361732524474884,-0.6509388959029203,-0.1963464069111509,1.3115,0.34186475532176674,0.23692318540697396,0.051015377044677734,5.010427236557007,1
pure_rrt_1773013598,pure_rrt,171,-0.827064748821982,-0.20413951528286556,1.4376174921490446,0.7464368446214729,-0.3886415156402526,1.3115,1.5892935142795155,1.504340175575026,0.05100560188293457,3.210080146789551,1
pure_rrt_1773013598,pure_rrt,172,0.6306132848688752,-0.5401682114630008,1.447295071953032,0.9690232104508749,0.02199221500113957,1.3115,0.6700641196046001,0.9390223284665633,0.05126023292541504,3.007575035095215,1
pure_rrt_1773013598,pure_rrt,173,1.1323685583486238,-0.025875013912448924,1.4354890941537384,0.6521349935864189,-0.4860018894819629,1.3115,0.6765458697048135,1.1004988786096348,0.10176777839660645,3.916957139968872,1
pure_rrt_1773013598,pure_rrt,174,0.5404868802237298,-0.6213377762949148,1.4384518452934745,0.1330837705525898,-0.4099290276616797,1.3115,0.47622234701009525,0.4095473653905009,0.10242271423339844,2.908198118209839,1
pure_rrt_1773013598,pure_rrt,175,0.14854810090712073,-0.5918748598880407,1.4420501128174852,-0.30093424347781306,0.05562131623466937,1.3115,0.7989549473931342,0.6760949469554199,0.10199618339538574,3.008573055267334,1
pure_rrt_1773013598,pure_rrt,176,-0.12580966211800215,0.010018476572485793,1.440960091559414,0.1825922553172432,-0.6717944604059854,1.3115,0.7594343546452955,0.9336802771778879,0.10206317901611328,5.112626075744629,1
pure_rrt_1773013598,pure_rrt,177,0.19869346886187017,-0.8067050212642333,1.4263552362174772,-0.7473908085229743,0.6172053593037848,1.3115,1.7134141230568676,2.555532816520999,0.05139780044555664,3.9156246185302734,1
pure_rrt_1773013598,pure_rrt,178,-0.7952414554933277,0.7256110808621723,1.425223124915266,-0.36830222225822007,0.19338474033567887,1.3115,0.6917188269565154,0.5376642235221045,0.10145902633666992,2.9125213623046875,1
pure_rrt_1773013598,pure_rrt,179,-0.4978728859498889,0.28216633782558886,1.4308351863301483,0.06166400570641384,-0.17713058396165293,1.3115,0.733673007670368,0.6107134495941327,0.10155844688415527,2.6116082668304443,1
pure_rrt_1773013598,pure_rrt,180,-0.10251101035104115,-0.17860720343152003,1.4323857667818802,0.7732876662352792,0.5829469752557884,1.3115,1.1668767962372437,1.7670638598332267,0.1522970199584961,5.021037817001343,1
pure_rrt_1773013598,pure_rrt,181,0.8785990456853776,0.6839560320545076,1.4279344322090877,0.986790785419297,-0.49398576708838293,1.3115,1.1886165536953013,2.985964927162074,0.10186028480529785,4.910276174545288,1
pure_rrt_1773013598,pure_rrt,182,0.9813027930923108,-0.6686297104236858,1.4380960946095303,0.2656057103225853,0.413672739265866,1.3115,1.303697617570687,1.902282498340804,0.05098152160644531,3.608689308166504,1
pure_rrt_1773013598,pure_rrt,183,0.17590893662591534,0.523605458199914,1.4270977700218879,-0.47337465166537035,-0.518136734502522,1.3115,1.2329472083243955,1.4118402733952202,0.05085587501525879,2.7088582515716553,1
pure_rrt_1773013598,pure_rrt,184,-0.5883756291958144,-0.5904370681377891,1.4259873587732135,0.44542089141986874,-0.02430810636723002,1.3115,1.18420631762855,1.6744949070661763,0.05116677284240723,3.3102641105651855,1
pure_rrt_1773013598,pure_rrt,185,0.6066464017376948,-0.09046865065302298,1.4380562464316482,-0.09517379708833662,0.379007629833947,1.3115,0.8538009445596546,3.0969471113502642,0.10143709182739258,6.815923452377319,1
pure_rrt_1773013598,pure_rrt,186,-0.0947431438694275,0.37890002161011355,1.3108790531365542,0.04403133519715996,-0.32890680089846874,1.3115,0.7212830509618993,1.4709113462650096,0.15178298950195312,5.645415306091309,1
pure_rrt_1773013598,pure_rrt,187,0.04493223668461277,-0.3291599899726721,1.3112047503671174,-0.4127544382190081,0.4930154636792571,1.3115,0.9409833453066181,2.123871698405078,0.4533205032348633,4.316817045211792,1
pure_rrt_1773013598,pure_rrt,188,-0.4774554613710311,0.6300352016695778,1.4300308160475024,0.9236277239317321,0.1147030063858252,1.3115,1.497548302388606,3.295930351610412,0.10181808471679688,5.115892171859741,1
pure_rrt_1773013598,pure_rrt,189,1.0968068507346929,0.0938044372975664,1.4372979487969,0.37111736118755023,-0.2828396854611636,1.3115,0.8272310163245774,0.8054554233903146,0.10176563262939453,2.106369733810425,1
pure_rrt_1773013598,pure_rrt,190,0.47983377843642727,-0.41574385271795367,1.4366854619210123,0.3559842022503137,-0.010024459624534132,1.3115,0.4422876251150939,0.3556070841433566,0.0513453483581543,1.604893684387207,1
pure_rrt_1773013598,pure_rrt,191,0.5158313525770972,-0.06698305353140487,1.4354919477656984,-0.5723803883696872,-0.3146938788489167,1.3115,1.122915602004285,1.1149284072599115,0.05222177505493164,2.5068142414093018,1
pure_rrt_1773013598,pure_rrt,192,-0.5072455157005691,-0.48914075918048555,1.4442459700907757,-0.8065387143536853,0.04002842701318898,1.3115,0.6222683817712663,1.2212648056560056,0.10196185111999512,3.7104570865631104,1
pure_rrt_1773013598,pure_rrt,193,-0.9535672639913447,0.09128860889002433,1.4307016554664092,-0.19499397404507146,0.3854075366193458,1.3115,0.8222824420687158,0.785564894078967,0.051076650619506836,2.108227491378784,1
pure_rrt_1773013598,pure_rrt,194,-0.2885278431420437,0.5052426656740165,1.429898914341353,-0.6203174712580108,-0.19712726277005532,1.3115,0.7857647081824645,0.8839985231841873,0.10106277465820312,5.111880540847778,1
pure_rrt_1773013598,pure_rrt,195,-0.7846048549918794,-0.2039619060673371,1.4331724964775974,-0.41862373464890457,0.2493750289720732,1.3115,0.5951980792286854,1.725070788286116,0.051152944564819336,4.109241962432861,1
pure_rrt_1773013598,pure_rrt,196,-0.2462867308880532,0.27695908924276513,1.4383284847810918,0.5024058169337922,0.002703385159597227,1.3115,0.8073674423321688,4.256939310623752,0.10108494758605957,7.81636905670166,1
pure_rrt_1773013598,pure_rrt,197,0.5497639048323294,0.013117627922617711,1.6408500929753569,-0.5130733252995743,0.5052110712724055,1.3115,1.2166554230698126,3.223884021696781,0.10128664970397949,7.170330762863159,1
pure_rrt_1773013598,pure_rrt,198,-0.5286852986787672,0.5176803299354354,1.6111830553989448,0.04269550282267098,0.5585673086266344,1.3115,0.6464964803030001,0.5534325215449409,0.10272884368896484,2.3079612255096436,1
pure_rrt_1773013598,pure_rrt,199,0.021355979992335405,0.5776570303508435,1.6225433556927795,0.1296713615490115,0.09713811948720619,1.3115,0.5825621123107556,0.8737282834842839,0.15239787101745605,3.3156509399414062,1
pure_rrt_1773013598,pure_rrt,200,0.16113125222644664,0.1107275481495942,1.6291583605838418,0.9744584358825197,0.03349299425157315,1.3115,0.8765689465401794,0.8572901256995965,0.1536087989807129,2.924476146697998,1
pure_rrt_1773013598,pure_rrt,201,1.0158311795017458,0.04455986037362693,1.635592272944457,0.5287469732091561,-0.5334113550358048,1.3115,0.8223974411705341,1.9159614792619992,0.10424590110778809,4.82049298286438,1
pure_rrt_1773013598,pure_rrt,202,0.5623617543205104,-0.5537906416514289,1.633668575655641,-0.032373009478670944,0.26887437974836936,1.3115,1.065025712293362,1.1119738322272006,0.15203428268432617,3.6135153770446777,1
pure_rrt_1773013598,pure_rrt,203,0.012402449181656228,0.2968553812026465,1.6439448020275007,0.020563634122989782,-0.5874109250148023,1.3115,0.9447290890229862,1.6192681944823772,0.20405292510986328,4.616014242172241,1
pure_rrt_1773013598,pure_rrt,204,0.08013666415823328,-0.6261338260247,1.6545330926389166,-0.6259185658551252,0.5222367467162697,1.3115,1.3910214458490777,2.556985785413076,0.051221370697021484,5.912554979324341,1
pure_rrt_1773013598,pure_rrt,205,-0.6638588402119314,0.5447754065360468,1.6371703619716422,0.29890791364644986,-0.19477028488244097,1.3115,1.256944245659844,2.3788264902958853,0.10138559341430664,4.313244104385376,1
pure_rrt_1773013598,pure_rrt,206,0.35505024655953277,-0.1953651530969338,1.6459890194141198,0.7182555351212587,-0.7366356003916756,1.3115,0.7326490857583021,0.6981108341222912,0.050881385803222656,4.810319900512695,1
pure_rrt_1773013598,pure_rrt,207,0.7386610203046304,-0.7766978265867078,1.6369991627226714,0.19211808502296313,0.5208816169511331,1.3115,1.4451198210983869,2.7230237556535757,0.10150265693664551,5.612313747406006,1
pure_rrt_1773013598,pure_rrt,208,0.1562636378474349,0.5416848561073587,1.634382394460699,0.5887274737535213,-0.12165254921740487,1.3115,0.8551576014526624,1.706794371898346,0.15142512321472168,4.713145971298218,1
pure_rrt_1773013598,pure_rrt,209,0.6179529679847443,-0.11878800761781268,1.6226651296176038,-0.5938213856072367,-0.5006442805404492,1.3115,1.3080653787496903,1.599685866102684,0.1011495590209961,4.415718078613281,1
pure_rrt_1773013598,pure_rrt,210,-0.611884328078779,-0.5314194947704409,1.6305458405186855,0.9402245759169743,-0.24507078261374604,1.3115,1.6102260348065955,1.8411155911643151,0.1020209789276123,3.115978717803955,1
pure_rrt_1773013598,pure_rrt,211,0.9832618414360464,-0.24972876685960144,1.636784815615052,-0.8470467870419227,0.16870034915096044,1.3115,1.9054980482477548,2.939811385857442,0.4027400016784668,5.918225049972534,1
pure_rrt_1773013598,pure_rrt,212,-0.982606374811575,0.2579892131218097,1.432246279801288,-0.5783504735933301,-0.1733064539990693,1.3115,0.6033394154477812,0.4956990716840048,0.15227293968200684,5.5172998905181885,1
pure_rrt_1773013598,pure_rrt,213,-0.7505895314799437,-0.1734952583787555,1.4369119124849234,0.12235051047652279,0.07505901379774027,1.3115,0.9162596197919403,0.7923282236828904,0.10240983963012695,2.5067312717437744,1
pure_rrt_1773013598,pure_rrt,214,-0.03248844542578844,0.15985189964335422,1.4392032249170321,-0.456967114484549,0.4909265936915409,1.3115,0.5532636868430887,0.6412710247906428,0.10164427757263184,3.208158016204834,1
pure_rrt_1773013598,pure_rrt,215,-0.42132473819421823,0.6654559199122783,1.439718380527291,-0.8005585583250759,-0.09438001741886093,1.3115,0.8588416007017684,1.0346875382178682,0.10197615623474121,3.2111012935638428,1
pure_rrt_1773013598,pure_rrt,216,-0.9710525522487952,-0.06728572646140416,1.4366761719652552,0.664095736289511,-0.12018114105621003,1.3115,1.6407854595963434,2.1589021434450313,0.05104184150695801,3.708289623260498,1
pure_rrt_1773013598,pure_rrt,217,0.808070864116293,-0.2329053935108918,1.4436734365331771,-0.07868761334510388,0.025945815217491397,1.3115,0.933174347555048,1.8064557608311904,0.05094552040100098,3.811422824859619,1
pure_rrt_1773013598,pure_rrt,218,-0.23150981522240877,0.07837090609175532,1.4321581378291972,0.8350591008487913,0.5569626449716115,1.3115,1.175235164329994,1.3831218836191452,0.05104541778564453,3.010028600692749,1
pure_rrt_1773013598,pure_rrt,219,0.8900680187779851,0.7165647230127363,1.4354094072011514,0.40340709469972924,-0.1813992489112155,1.3115,1.0288496931481694,1.3281868123464662,0.05161118507385254,3.4098169803619385,1
pure_rrt_1773013598,pure_rrt,220,0.21992174367650896,-0.1844978437055537,1.4426486144902475,0.5460569575755418,0.1623614961845481,1.3115,0.49383756286523667,1.6452021145318316,0.051241397857666016,4.31033992767334,1
pure_rrt_1773013598,pure_rrt,221,0.7156412159757285,0.1589358249095692,1.436472936304701,-0.4150097531624425,0.18018062970465287,1.3115,1.1377351144060226,2.657450308725438,0.10216641426086426,4.8164496421813965,1
pure_rrt_1773013598,pure_rrt,222,-0.5502554941203708,0.2795732129628682,1.4346096410782798,0.7124336812096612,-0.4976796343373456,1.3115,1.4878380039030958,1.5706374306944753,0.10204195976257324,2.708812713623047,1
pure_rrt_1773013598,pure_rrt,223,0.617263699682127,-0.64557528223817,1.4389160101071137,-0.6759071595509779,-0.40888140956675006,1.3115,1.3208140293627628,1.4478378043270264,0.10294318199157715,4.517717361450195,1
pure_rrt_1773013598,pure_rrt,224,-0.816544877014403,-0.4700086092897574,1.4289232113408916,0.7724957715717773,-0.19726983030424305,1.3115,1.6165471954085675,1.8979608391948009,0.10209155082702637,3.014186382293701,1
pure_rrt_1773013598,pure_rrt,225,0.8997585393116035,-0.3226787100841765,1.4399482833745076,-0.2919811986226717,0.4885654146480186,1.3115,1.4473629794858018,2.7154667464477553,0.10190796852111816,4.719621419906616,1
pure_rrt_1773013598,pure_rrt,226,-0.3364383623095479,0.6473718023337443,1.4334336615422179,-0.46096944230057385,-0.7065447518773718,1.3115,1.3650882181997341,1.895662401754575,0.10183262825012207,3.408421039581299,1
pure_rrt_1773013598,pure_rrt,227,-0.5225514743899868,-0.8239933092948808,1.4261285287716614,-0.03773654072566912,0.48353093101976363,1.3115,1.3992158012696543,1.7028858842609234,0.10190367698669434,3.1136209964752197,1
pure_rrt_1773013598,pure_rrt,228,-0.11363979093724175,0.5890475691673317,1.425448357941852,-0.35882275493917826,-0.22130263117817528,1.3115,0.8542636368911078,0.9504528823168381,0.15278363227844238,2.5085928440093994,1
pure_rrt_1773013598,pure_rrt,229,-0.5159040728610405,-0.23451368642505507,1.4314255639968085,0.36406313535698365,-0.18046838988923564,1.3115,0.8897445265449069,0.7037860840175031,0.05093741416931152,2.3051929473876953,1
pure_rrt_1773013598,pure_rrt,230,0.1859075656869862,-0.18280499226183627,1.439732061002795,-0.2893688645879192,0.5601748437660033,1.3115,0.8912632514514649,1.0772801694105303,0.050994873046875,2.711223602294922,1
pure_rrt_1773013598,pure_rrt,231,-0.32488238326485275,0.7092273218633092,1.430336044214953,0.8483035282296632,-0.07326953360516819,1.3115,1.4151991086599551,3.1185830949499342,0.05095100402832031,5.011353492736816,1
pure_rrt_1773013598,pure_rrt,232,1.003355223053243,-0.1520725421276467,1.4366105496592452,-0.030226834141979353,-0.7121271703681586,1.3115,1.1822037494465851,1.2873534933500697,0.050981760025024414,2.3056812286376953,1
pure_rrt_1773013598,pure_rrt,233,-0.03535364519710571,-0.8456762897043515,1.4253475147922567,0.3825538316954238,-0.38866232021478003,1.3115,0.629658386885832,0.6342655740295398,0.05098986625671387,2.2090859413146973,1
pure_rrt_1773013598,pure_rrt,234,0.47755981807025605,-0.499398306493784,1.4271668471205547,1.0780851221544403,-0.020701689516109623,1.3115,0.7766337048274958,0.8642188718626883,0.05096578598022461,3.111926794052124,1
pure_rrt_1773013598,pure_rrt,235,1.2233300774437432,-0.0662715239838266,1.4287175260202294,-0.8365496790829209,0.5132465602141257,1.3115,2.143055241860815,3.593818160818453,0.05141282081604004,4.9104063510894775,1
pure_rrt_1773013598,pure_rrt,236,-0.9030660997729498,0.6390428538792492,1.4268486553557613,-0.3298225525979577,0.018440575456700192,1.3115,0.8526785236262309,0.7223708546524037,0.050945281982421875,2.5066168308258057,1
pure_rrt_1773013598,pure_rrt,237,-0.4744623728926637,0.06276801981886104,1.4290889925806067,-0.46387303937048446,-0.7278917314232478,1.3115,0.7994261362970312,0.9873280590602292,0.05122685432434082,2.513078451156616,1
pure_rrt_1773013598,pure_rrt,238,-0.5231974416294551,-0.8395650191995201,1.4239136778658255,0.8590501337289052,0.07784560238200366,1.3115,1.6627950694977374,1.9616594206607136,0.10237264633178711,3.818176507949829,1
pure_rrt_1773013598,pure_rrt,239,1.0124006553663913,0.05338492968548221,1.429326236786608,-0.5254141257683229,0.5134020137008949,1.3115,1.6094635878881343,1.614370378520466,0.2540459632873535,3.7112085819244385,1
pure_rrt_1773013598,pure_rrt,240,-0.5248626898465727,0.5133346428521453,1.311227256230893,0.15549489187058407,-0.6784687616510744,1.3115,1.3723271724973771,3.15687532589998,0.2526717185974121,7.523128986358643,1
pure_rrt_1773013598,pure_rrt,241,0.16694705202094678,-0.8144006626918596,1.4256636555857298,-0.7088930401723994,0.08573099840681742,1.3115,1.2610972264905709,1.6782843369007754,0.10178446769714355,3.1083273887634277,1
pure_rrt_1773013598,pure_rrt,242,-0.8503392799333112,0.14615629983254702,1.4299356167767874,-0.30080901372047286,-0.2543056875771598,1.3115,0.6902030948680128,0.5786340742308219,0.10182857513427734,2.2116506099700928,1
pure_rrt_1773013598,pure_rrt,243,-0.4634966268439339,-0.2788141145597291,1.4329316455113656,0.2496139970684501,-0.08890674737843696,1.3115,0.7478885041087593,1.462852865061853,0.05167436599731445,3.6120052337646484,1
pure_rrt_1773013598,pure_rrt,244,0.4014149350563332,-0.17192056949654203,1.4369405654385878,0.5789578966707161,-0.44767191981630017,1.3115,0.35113479730657404,0.4865359039835635,0.05092501640319824,3.31009578704834,1
pure_rrt_1773013598,pure_rrt,245,0.6555587344941824,-0.5823695849867474,1.4306112707541576,0.30644445864790515,-0.67234093227264,1.3115,0.37968818226642176,0.5474978279700421,0.05094456672668457,3.709807872772217,1
pure_rrt_1773013598,pure_rrt,246,0.23204628941600414,-0.789658711642691,1.4262913847689689,-0.2105286084007837,0.3162333679467594,1.3115,1.1966816175965087,1.517655072005272,0.05092120170593262,2.908919095993042,1
pure_rrt_1773013598,pure_rrt,247,-0.3187079002632165,0.43047926102305656,1.430100190620232,0.5702701147955418,-0.062194931532683295,1.3115,1.0232672067858988,2.3413228770844916,0.05108976364135742,4.411779880523682,1
pure_rrt_1773013598,pure_rrt,248,0.7273040598017974,-0.15732905052927476,1.4439502760487017,-0.3846311701200903,0.3824465844843504,1.3115,1.2431012699378843,2.8179316944125445,0.10095405578613281,5.617843151092529,1
pure_rrt_1773013598,pure_rrt,249,-0.30311106016318823,0.5551559830954081,1.447706296562076,-0.33360833801021395,0.06797693627812573,1.3115,0.5067796985249415,0.5321157169236843,0.052336931228637695,2.608238935470581,1
pure_rrt_1773013598,pure_rrt,250,-0.4907138388903842,0.16040014138018352,1.4418744573938458,0.9451155065661652,-0.555011201117347,1.3115,1.609477181381905,1.8000582634605387,0.05116415023803711,3.107860565185547,1
pure_rrt_1773013598,pure_rrt,251,0.9279762196913431,-0.7214349468850894,1.43336562512423,-0.5060665350418558,0.001571901697864142,1.3115,1.61061129888237,1.870545344579187,0.10168790817260742,3.9157817363739014,1
pure_rrt_1773013598,pure_rrt,252,-0.6549736915718153,0.044931037661370646,1.4310118525706093,0.7256041950613934,0.16216834586052575,1.3115,1.3906915439446879,2.6493711166967855,0.10262370109558105,4.417999267578125,1
pure_rrt_1773013598,pure_rrt,253,0.8831588600856136,0.1589633775159105,1.4303614501648472,-0.3781580064410935,-0.07053009995432491,1.3115,1.2875230243849711,1.1493063720799923,0.10235953330993652,3.1137661933898926,1
pure_rrt_1773013598,pure_rrt,254,-0.22169821149718483,-0.1546745546765863,1.4391188137603146,0.9981256112588675,-0.6888275611796729,1.3115,1.337750408164791,1.4058153085285308,0.10241580009460449,4.516834735870361,1
pure_rrt_1773013598,pure_rrt,255,0.9979284277984634,-0.6886597325636882,1.3112813268673502,-0.515099665957625,0.037356746779313,1.3115,1.6781996271572486,1.7453730632601168,0.15270352363586426,3.7146170139312744,1
pure_rrt_1773013598,pure_rrt,256,-0.4142174534115489,0.006780439100899316,1.4261245517465984,0.5092869696832367,-0.3344424638701152,1.3115,0.9911772176814335,1.1730576156586618,0.15166401863098145,4.915642499923706,1
pure_rrt_1773013598,pure_rrt,257,0.5088714940300079,-0.3343842501577324,1.3113786592720413,0.998536181422826,-0.09142966631264471,1.3115,0.5466245975204722,0.921353628080849,0.10401344299316406,3.71264386177063,1
pure_rrt_1773013598,pure_rrt,258,1.1426611975679304,-0.21599181839433645,1.447967013877919,-0.24054286203186737,0.3959298614830308,1.3115,1.5186589013580554,2.5754662007185574,0.051100969314575195,4.31128454208374,1
pure_rrt_1773013598,pure_rrt,259,-0.3329013378672071,0.5047683907637429,1.4258321656716169,-0.41712248449577255,-0.5773410989420189,1.3115,1.091387187646005,1.2989791600934193,0.050981760025024414,2.608259439468384,1
pure_rrt_1773013598,pure_rrt,260,-0.5211922397560016,-0.6607281032869142,1.425278724621751,-0.19936782181169288,0.2528295440805183,1.3115,0.9752456763427683,1.0925071689321295,0.05117964744567871,2.406696081161499,1
pure_rrt_1773013598,pure_rrt,261,-0.3164808712663192,0.34077158660592466,1.4279818899356558,0.19627174148791826,0.34345362848873606,1.3115,0.5258236072276903,0.4218286560512139,0.051079511642456055,3.009378433227539,1
pure_rrt_1773013598,pure_rrt,262,0.09458702924647555,0.43541471826092226,1.426268619512663,0.8830078970041229,0.10319602056248656,1.3115,0.8632198815139793,2.790727221325964,0.10129952430725098,4.811542749404907,1
pure_rrt_1773013598,pure_rrt,263,1.0495192438927172,0.08167518790695046,1.434479835498803,0.851535968071643,-0.713775829491568,1.3115,0.8288930802730196,1.1365525366631537,0.0514066219329834,2.71091365814209,1
pure_rrt_1773013598,pure_rrt,264,0.8233101833095269,-0.847902067183302,1.4261947204574876,0.9882321784525603,0.3545281659530163,1.3115,1.2190949958649822,3.723289512976517,0.10093951225280762,6.31487512588501,1
pure_rrt_1773013598,pure_rrt,265,0.856895754422082,0.25579153796244886,1.6560114744905419,0.6475671886614935,-0.19074692470090127,1.3115,0.6015839119663859,2.507627581808941,0.3529317378997803,5.119325399398804,1
pure_rrt_1773013598,pure_rrt,266,0.7795260448816824,-0.2950569203974234,1.435336323685903,0.8586280403173234,0.6091306866798317,1.3115,0.9160501020894176,3.1789649130246977,0.2524857521057129,5.419528961181641,1
pure_rrt_1773013598,pure_rrt,267,0.9127182289728932,0.7593138881775273,1.43137518812369,-0.03787042148684694,0.27043808238313705,1.3115,1.0756339510268698,1.1097756245681198,0.10180544853210449,3.509735107421875,1
pure_rrt_1773013598,pure_rrt,268,-0.13172411870449263,0.42893702799778244,1.4437797446141079,-0.17013888355598095,-0.3483336254672917,1.3115,0.7893815894304809,0.9193624013542494,0.1018075942993164,2.513383626937866,1
pure_rrt_1773013598,pure_rrt,269,-0.3222580538331832,-0.3988705040265289,1.4323208774637866,-0.7895712981407308,-0.7184412136762894,1.3115,0.5788823638723298,0.6823164854483376,0.10290122032165527,3.1073570251464844,1
pure_rrt_1773013598,pure_rrt,270,-0.8409882369648345,-0.8415340947019487,1.4263704543289257,-0.11126458532951089,0.1908353664202781,1.3115,1.2694402440806427,1.47884974580989,0.10196995735168457,3.110642194747925,1
pure_rrt_1773013598,pure_rrt,271,-0.2384048134809197,0.319340323620077,1.4409462030606341,0.685535818571624,-0.6201492828229554,1.3115,1.3240329798229926,1.7453042443182953,0.0511474609375,3.9098961353302,1
pure_rrt_1773013598,pure_rrt,272,0.6816307543349844,-0.774061034976204,1.4293677143931016,0.9994588681815753,-0.10079032354267892,1.3115,0.753791057867988,0.8060160032464583,0.051194190979003906,2.2055695056915283,1
pure_rrt_1773013598,pure_rrt,273,1.1446362619591401,-0.17632189327908693,1.4331243972593575,1.0914962170034874,-0.42468308229914875,1.3115,0.2816019151178657,0.43489710345838356,0.05118608474731445,3.209912061691284,1
pure_rrt_1773013598,pure_rrt,274,1.1271644992087089,-0.5977404368213021,1.4395185215082686,0.33153432744989875,-0.038565985863317165,1.3115,0.9808629764988994,1.371637514832027,0.10326695442199707,3.1078062057495117,1
pure_rrt_1773013598,pure_rrt,275,0.1602907343436376,0.01061841156651483,1.4401581266393697,-0.43599633362291246,-0.48683382781379425,1.3115,0.7871276335124955,0.9410106464508572,0.051038503646850586,2.907155752182007,1
pure_rrt_1773013598,pure_rrt,276,-0.5641806617170965,-0.582650344907829,1.4314583087308674,-0.7583558150513484,0.5885470138134749,1.3115,1.193229751171881,1.5909866983443937,0.051337480545043945,3.110654592514038,1
pure_rrt_1773013598,pure_rrt,277,-0.784470071748075,0.7372492011031837,1.4285976307422121,1.0989073044852347,-0.5040679275724245,1.3115,2.2586921902677135,3.392847180708851,0.10132312774658203,4.612570762634277,1
pure_rrt_1773013598,pure_rrt,278,1.1698341098394072,-0.6040555856488083,1.4238750186092788,0.5065128649826163,-0.5315470246890391,1.3115,0.6766688334024665,0.9197779935778255,0.05102849006652832,2.9109394550323486,1
pure_rrt_1773013598,pure_rrt,279,0.38943759123531374,-0.6386687897100322,1.4310885654318053,-0.4293934874215611,-0.005197142944449729,1.3115,1.0421478242611828,1.1951138891319055,0.051604509353637695,3.8146555423736572,1
pure_rrt_1773013598,pure_rrt,280,-0.575818684367558,0.034907653370702355,1.4285099237874412,-0.6916730882776498,0.4626312252541428,1.3115,0.45832414197250637,0.6240585373604871,0.15300583839416504,2.8164939880371094,1
pure_rrt_1773013598,pure_rrt,281,-0.7374516181407769,0.6244803923809639,1.4345598928654089,0.8884986943003128,0.5700651585676811,1.3115,1.631508251107017,1.7440796187961392,0.10249972343444824,3.1102519035339355,1
pure_rrt_1773013598,pure_rrt,282,0.9913537953981052,0.6879514590243214,1.431027737040555,0.4256896056265411,0.013878027216957523,1.3115,0.8880528401961861,1.1669194607610593,0.10200047492980957,3.0175867080688477,1
pure_rrt_1773013598,pure_rrt,283,0.2578538009985565,0.10299480186843431,1.4473936012985895,-0.13433135928159368,-0.3860983011133118,1.3115,0.6414735646947424,0.800351443397665,0.051835060119628906,2.3074376583099365,1
pure_rrt_1773013598,pure_rrt,284,-0.2866145079169373,-0.46739421556601723,1.4375232071084938,-0.7123664000710418,-0.4404682805209592,1.3115,0.4448275265546875,0.5547136025297162,0.10171294212341309,3.316866874694824,1
pure_rrt_1773013598,pure_rrt,285,-0.8400869756760798,-0.5005530860850682,1.427091809795346,0.8140921036446596,-0.06266867188279923,1.3115,1.7150547085021624,2.1615213092283425,0.1023709774017334,3.4141416549682617,1
pure_rrt_1773013598,pure_rrt,286,0.9629233251978645,-0.12671355902897657,1.432102984105934,0.7615176744636456,-0.2651101483423867,1.3115,0.2725122600113893,0.2647497304607214,0.05150413513183594,1.3045902252197266,1
pure_rrt_1773013598,pure_rrt,287,0.8794920469285904,-0.37648641552222206,1.4318635005644866,-0.3437499685242069,0.4642376012519872,1.3115,1.4891693231523806,4.042912908594337,0.15207362174987793,7.115687370300293,1
pure_rrt_1773013598,pure_rrt,288,-0.17890521840251905,0.3957710018917744,1.6483866650387418,0.8128529870647874,0.44866223211876866,1.3115,1.0487489906682066,1.0982236368803402,0.10113692283630371,3.7096798419952393,1
pure_rrt_1773013598,pure_rrt,289,0.6897090819661077,0.32277381570755004,1.650055322609185,0.5093884370285202,0.19151342039865282,1.3115,0.4054189596385012,1.587749286833508,0.10111141204833984,6.313388824462891,1
pure_rrt_1773013598,pure_rrt,290,0.5097029243461493,0.19189827935157716,1.3117446170390996,-0.5586446813091279,0.46731642313932775,1.3115,1.1032777620682608,1.1044678885778612,0.05118727684020996,2.8097548484802246,1
pure_rrt_1773013598,pure_rrt,291,-0.5579097373825956,0.4671011757139536,1.3108636505644435,0.7637687996193596,-0.5659328020914862,1.3115,1.677496277019047,3.1446497234513924,0.10099411010742188,6.215757846832275,1
pure_rrt_1773013598,pure_rrt,292,0.6247093671474481,-0.485966180970908,1.6569458150782284,-0.5543738860322531,0.3808866911395915,1.3115,1.5036635364901652,2.680160655321697,0.051249027252197266,5.118281602859497,1
pure_rrt_1773013598,pure_rrt,293,-0.6322178996366246,0.533886649532481,1.4352183621439742,-0.8603432022572358,-0.3486096050176698,1.3115,0.9198625039223947,1.1085545735985445,0.10229015350341797,2.609015464782715,1
pure_rrt_1773013598,pure_rrt,294,-1.021763653067136,-0.41500655478362025,1.4374618381019015,0.3792544105470368,-0.3860298796178444,1.3115,1.4069675358496652,1.2687568089844306,0.15316224098205566,3.7153406143188477,1
pure_rrt_1773013598,pure_rrt,295,0.24225103952225313,-0.5159499315937782,1.4458508121905005,0.6726535731895666,-0.5960086022517591,1.3115,0.4579365376021148,0.41108352740376275,0.10452747344970703,1.706371545791626,1
pure_rrt_1773013598,pure_rrt,296,0.5905096278257085,-0.7321826271576345,1.4312357222475764,1.0356501516485273,-0.2732676438628453,1.3115,0.6504534503128251,0.7519373815884632,0.10207700729370117,2.4085564613342285,1
pure_rrt_1773013598,pure_rrt,297,1.1512248300357295,-0.39121388179796657,1.4332348167862063,-0.6698257191224737,0.544751941462884,1.3115,2.0511159134772776,3.158615884328241,0.10217094421386719,4.611395597457886,1
pure_rrt_1773013598,pure_rrt,298,-0.7220058673799364,0.6821486382851634,1.4276872883645653,-0.2764902103114102,0.23002844979861703,1.3115,0.6452878051751958,1.035587630924771,0.10155296325683594,2.9077537059783936,1
pure_rrt_1773013598,pure_rrt,299,-0.12345763512197849,0.2445776076054284,1.4293480561601841,-0.18745978111923978,0.11013792141251366,1.3115,0.1898906744857104,0.31215155369538,0.10182785987854004,3.7113595008850098,1
pure_rrt_1773013598,pure_rrt,300,-0.18749584435155053,0.11057293673887297,1.3107220894703286,1.0564551369096007,0.5882381731625402,1.3115,1.3325084341245468,1.3330221398892406,0.051241397857666016,4.009248495101929,1
pure_rrt_1773013598,pure_rrt,301,1.0567768692962278,0.5879898176435563,1.3122168231555476,0.6298776543313227,-0.7092175767856067,1.3115,1.365646542021319,2.9194404992717637,0.15111804008483887,6.214086055755615,1
pure_rrt_1773013598,pure_rrt,302,0.6291235423749552,-0.746500993851303,1.6313805447603085,0.09549080338204752,0.31553979206790805,1.3115,1.230860712671064,3.704795130394185,0.10177326202392578,6.514194965362549,1
pure_rrt_1773013598,pure_rrt,303,0.050677876270704525,0.3241365560375912,1.6377360791771651,-0.33067194742973827,0.6270490632166953,1.3115,0.5861856825262616,0.5308393020521325,0.051085710525512695,2.5101518630981445,1
pure_rrt_1773013598,pure_rrt,304,-0.36274069083680316,0.6570111399965821,1.6362118869250448,-0.5486975863981116,0.34906831998240306,1.3115,0.4846096954410915,0.376994585632049,0.05112171173095703,2.912722587585449,1
pure_rrt_1773013598,pure_rrt,305,-0.5863065676940606,0.35819783571363706,1.6310646398040662,-0.7097207675893997,0.19200604105065588,1.3115,0.3807523294245378,3.9177267420991604,0.30257534980773926,5.519690036773682,1
pure_rrt_1773013598,pure_rrt,306,-0.8269675048166121,0.258602989323927,1.4257040381586128,1.0116115803803134,-0.535446456693043,1.3115,2.0059736133795862,2.4207776241186663,0.10328936576843262,3.4126713275909424,1
pure_rrt_1773013598,pure_rrt,307,1.0527882757153275,-0.686749654224807,1.430249921665741,-0.041100457852425554,0.1343346520904536,1.3115,1.372906968224466,1.8853570681737466,0.10218191146850586,3.4153032302856445,1
pure_rrt_1773013598,pure_rrt,308,-0.17747700488546747,0.2055926334238195,1.430209147115989,1.0772436982563796,-0.18057507532313088,1.3115,1.3181583379020314,2.3189397533330514,0.10239887237548828,4.116487741470337,1
pure_rrt_1773013598,pure_rrt,309,1.2085865753076575,-0.2685358162233361,1.431383255713172,-0.4506264766222849,-0.7002217701166814,1.3115,1.718636875399766,1.8634056293489374,0.1019895076751709,4.2107696533203125,1
pure_rrt_1773013598,pure_rrt,310,-0.5092267575884072,-0.8245333036164131,1.425027829311197,0.8401580511821607,-0.09280958820580043,1.3115,1.5392035362040999,1.7317064495645675,0.10161209106445312,3.90792179107666,1
pure_rrt_1773013598,pure_rrt,311,0.9766089280498651,-0.15275182990730587,1.4282819171146905,0.8486111188880205,0.32404407573585325,1.3115,0.5073024649588199,0.525348682607095,0.10104870796203613,3.7104156017303467,1
pure_rrt_1773013598,pure_rrt,312,0.8483688314937831,0.3234653062484339,1.3110110935042416,0.6353495500490238,0.11742672192156478,1.3115,0.2963601719668544,0.2969886388967578,0.05108356475830078,2.5101161003112793,1
pure_rrt_1773013598,pure_rrt,313,0.635173697173264,0.11712845633232061,1.3116128894861434,0.9521204343706913,0.10427753215149416,1.3115,0.3172071771199896,2.367292233427895,0.1010141372680664,5.711400270462036,1
pure_rrt_1773013598,pure_rrt,314,1.1016809981584854,0.0881443013120227,1.4291450571303725,-0.6404951694765342,-0.5709947215136957,1.3115,1.8664089610678296,2.2779448769854787,0.05117297172546387,4.511590957641602,1
pure_rrt_1773013598,pure_rrt,315,-0.7475931263919113,-0.6734213156707698,1.4285890695068661,-0.4755599916799326,-0.06754909277726562,1.3115,0.6743834421552217,0.669922505905794,0.05133461952209473,2.908409595489502,1
pure_rrt_1773013598,pure_rrt,316,-0.6359551880018872,-0.036857989425072,1.4331813493125207,-0.3398550724096364,0.3528462042754966,1.3115,0.504332219684674,0.5494262772155665,0.10235309600830078,1.70609712600708,1
pure_rrt_1773013598,pure_rrt,317,-0.441247986695101,0.46690552055487994,1.4295520779316893,-0.8499680899021446,-0.6434579761702761,1.3115,1.1890733832397737,1.426603430940484,0.1532425880432129,3.0188705921173096,1
pure_rrt_1773013598,pure_rrt,318,-0.9387574065436558,-0.7405033100812507,1.4257855745486405,0.31624072637246003,-0.3422556168534173,1.3115,1.321621251090546,1.4698413891907045,0.1028130054473877,2.5095441341400146,1
pure_rrt_1773013598,pure_rrt,319,0.4173443903717764,-0.4648986290238989,1.4317712001297997,0.6726646599866193,-0.6885637339713573,1.3115,0.36011065081168586,0.44729771610672037,0.10238838195800781,3.0090367794036865,1
pure_rrt_1773013598,pure_rrt,320,0.6908712836044224,-0.8177032626329275,1.4248407456724608,-0.39326677856047054,0.6126744031490593,1.3115,1.7983830874516598,2.666596031958325,0.10171985626220703,4.014976978302002,1
pure_rrt_1773013598,pure_rrt,321,-0.437691614150414,0.7379795008217859,1.424268259845202,0.3521846654185121,0.22218686952759892,1.3115,0.9500859202996035,1.3084951304221915,0.10167574882507324,2.9127111434936523,1
pure_rrt_1773013598,pure_rrt,322,0.4955342381908414,0.23363905846896157,1.4277011225887875,-0.22595368706040808,-0.03166420198940645,1.3115,0.7774531157465944,1.8049315101144223,0.10179662704467773,3.8123037815093994,1
pure_rrt_1773013598,pure_rrt,323,-0.3932383546839169,0.014708536243870265,1.436956857377993,-0.8071914383755114,-0.6350331449090014,1.3115,0.7805516195539551,0.9202824373988544,0.10167622566223145,3.212827682495117,1
pure_rrt_1773013598,pure_rrt,324,-0.8987393015188514,-0.7214120227158589,1.424177977240498,0.2518659612544083,0.20432486759460322,1.3115,1.481073120192996,1.618871594369843,0.05116462707519531,3.212200403213501,1
pure_rrt_1773013598,pure_rrt,325,0.14376017248521739,0.3598751244028535,1.446560765100268,-0.5410495219625238,-0.599323787380534,1.3115,1.186283389517662,1.4736027156463067,0.05121159553527832,3.1122307777404785,1
pure_rrt_1773013598,pure_rrt,326,-0.620383179099937,-0.7366561757061139,1.4312574494156147,-0.8103962609555775,0.5433556263388298,1.3115,1.2995680172046233,1.7904722311566852,0.05112957954406738,3.3078854084014893,1
pure_rrt_1773013598,pure_rrt,327,-0.8652906590531195,0.677665423142461,1.4266306878697321,0.5323579495517163,0.45371157602712164,1.3115,1.420152116522083,1.6032953524571498,0.051448822021484375,3.7107512950897217,1
pure_rrt_1773013598,pure_rrt,328,0.6667966571099458,0.533225521814253,1.4300176422149846,-0.20020971838015844,0.3765697062877079,1.3115,0.8889811759508599,0.7167904677730951,0.05127978324890137,2.505495309829712,1
pure_rrt_1773013598,pure_rrt,329,-0.044812925378745705,0.4474996506781842,1.4359957677637627,0.21232808953670523,0.37996713592846654,1.3115,0.29356658238167654,0.4025634952983668,0.05096721649169922,2.6075236797332764,1
pure_rrt_1773013598,pure_rrt,330,0.3574450356004929,0.4348820772916096,1.4287908745819669,0.17033007397537636,0.2622040028918261,1.3115,0.2803335076343687,0.775968223470939,0.15240812301635742,3.0157854557037354,1
pure_rrt_1773013598,pure_rrt,331,0.0606035469995978,0.40090444392841057,1.438317561276525,-0.38324139019188974,-0.5237856095244792,1.3115,1.0335050638837473,1.251329823047388,0.10307168960571289,2.7092881202697754,1
pure_rrt_1773013598,pure_rrt,332,-0.5037266217671503,-0.6171844597529671,1.4300551181941863,1.0611649370335183,-0.28010518210649915,1.3115,1.605167700358529,1.8145585479112836,0.1030125617980957,2.9088566303253174,1
pure_rrt_1773013598,pure_rrt,333,1.175292845097724,-0.3867884623367644,1.431107172828559,0.4325588110427365,-0.05847908559338699,1.3115,0.8208207892063047,0.6398319548584827,0.10297942161560059,2.4162604808807373,1
pure_rrt_1773013598,pure_rrt,334,0.5884331237328754,-0.13237867527859112,1.4364017446467499,-0.42020270268136595,0.6259628006619636,1.3115,1.2680806245163754,2.4061793475026607,0.15204739570617676,5.617990493774414,1
pure_rrt_1773013598,pure_rrt,335,-0.2791488306502399,0.5167764012903795,1.6490254457427875,-0.47750686225843436,0.19163360510059435,1.3115,0.5089078238163145,0.5319130699873338,0.1018221378326416,3.7154173851013184,1
pure_rrt_1773013598,pure_rrt,336,-0.534820253738276,0.19332836831409922,1.6459761731295877,-0.3622725149707745,-0.10735605744017929,1.3115,0.481724149733405,3.0602369166118732,0.20227336883544922,6.315231084823608,1
pure_rrt_1773013598,pure_rrt,337,-0.27110173402180604,-0.11668029435541219,1.4272238532281782,0.5990443250183624,-0.1583721584683444,1.3115,0.8787971243707642,1.396628312145744,0.05110979080200195,3.811166524887085,1
pure_rrt_1773013598,pure_rrt,338,0.507743267832583,-0.1113056609037367,1.42580790932937,1.0845214353248667,-0.6878899709992491,1.3115,0.8235222032703954,0.7288137013940921,0.1012876033782959,3.2116715908050537,1
pure_rrt_1773013598,pure_rrt,339,1.0668881836630248,-0.578131809772264,1.4243864363927687,-0.0036642391662317086,0.2535040254103976,1.3115,1.360310258693587,1.5462026679080934,0.05105304718017578,3.509459972381592,1
pure_rrt_1773013598,pure_rrt,340,0.065554587786958,0.1985002354699517,1.4295681581713438,0.9121910944703144,-0.16355544647587217,1.3115,0.9283414141641135,1.678940558445108,0.10180115699768066,4.312210321426392,1
pure_rrt_1773013598,pure_rrt,341,0.8387244950832821,-0.12045524753272721,1.4302829018952463,0.9353041510122815,-0.4535501523062141,1.3115,0.36659135738322846,0.2568133545443469,0.051143646240234375,1.7037231922149658,1
pure_rrt_1773013598,pure_rrt,342,0.8772680639105688,-0.3718067807951566,1.4262875851937031,0.5800300104270868,-0.5622260006351449,1.3115,0.3711955407029033,0.883832034798598,0.10130834579467773,3.714437246322632,1
pure_rrt_1773013598,pure_rrt,343,0.5528459346584269,-0.7268999931062908,1.4349366230790856,-0.5168680782191803,-0.4166154715545921,1.3115,1.120625340414203,1.248533639609031,0.10199451446533203,4.0108561515808105,1
pure_rrt_1773013598,pure_rrt,344,-0.6608993620428194,-0.4938149894890882,1.4332498379169472,0.8203912550585057,-0.06661022524040017,1.3115,1.5464633283534417,1.9148766931380659,0.10278654098510742,3.210251569747925,1
pure_rrt_1773013598,pure_rrt,345,0.9749687596880223,-0.1435194383853232,1.43704204144165,0.00959501541528296,-0.03564095570060566,1.3115,0.9794616058462231,0.8069487577422935,0.10232973098754883,2.8145532608032227,1
pure_rrt_1773013598,pure_rrt,346,0.16886977125042524,-0.10664329979692216,1.4381813658184068,-0.5488956845364849,-0.2056539686404807,1.3115,0.7355532139223215,1.5041277678124467,0.10203409194946289,3.714742422103882,1
pure_rrt_1773013598,pure_rrt,347,-0.7264931971218097,-0.2185895750263559,1.4398321607034936,0.4286520691208411,-0.2961888517552692,1.3115,1.164839635890916,0.991756891091586,0.10212898254394531,3.0091845989227295,1
pure_rrt_1773013598,pure_rrt,348,0.25696462595915737,-0.34645718035133505,1.4398092437545988,1.0491853113456757,-0.11949317013887961,1.3115,0.8340201066634314,1.3417594609639627,0.10231232643127441,4.019718170166016,1
pure_rrt_1773013598,pure_rrt,349,1.1961375530438743,-0.20926570556047608,1.4359895493526986,-0.5365398321164943,-0.028830594684031707,1.3115,1.746489449776667,2.407685318943876,0.05181241035461426,3.914785861968994,1
pure_rrt_1773013598,pure_rrt,350,-0.6982117391769767,0.015456333897505517,1.4345179541650106,-0.018980928102300676,-0.4012665894645965,1.3115,0.8063162571941378,0.7251444366816747,0.05109286308288574,2.5111565589904785,1
pure_rrt_1773013598,pure_rrt,351,-0.16632080457769194,-0.47025896822601276,1.43199240726775,-0.5419229385403174,-0.5126911968198515,1.3115,0.39673149266209645,0.5174781647477918,0.05091595649719238,2.3097026348114014,1
pure_rrt_1773013598,pure_rrt,352,-0.664689812741129,-0.609484013876872,1.4312438407098984,0.44266057374641776,-0.09085717671975568,1.3115,1.2286322729204497,1.0861974260327283,0.0511326789855957,3.1093649864196777,1
pure_rrt_1773013598,pure_rrt,353,0.25711663108075655,-0.04836353238725037,1.4483283934130105,0.2871723502343628,0.45000473942521746,1.3115,0.5176835808166721,1.0343112133974264,0.051080942153930664,3.310006856918335,1
pure_rrt_1773013598,pure_rrt,354,0.42052629223646054,0.562561159704747,1.4374855765642718,-0.3383562699733266,-0.6645626597332814,1.3115,1.4483121131028691,2.700346591281404,0.05104517936706543,4.511356830596924,1
pure_rrt_1773013598,pure_rrt,355,-0.4068967192336222,-0.7913076183838785,1.4274718068507979,-0.7950211023950139,-0.5752209781502231,1.3115,0.4591115690941786,0.49190257418998284,0.051995038986206055,1.9051623344421387,1
pure_rrt_1773013598,pure_rrt,356,-0.8904808468138687,-0.7015639508742141,1.4307533932052228,-0.24637859993608047,-0.046059372862148784,1.3115,0.9267013154294917,1.1980439736811055,0.05152463912963867,2.9075307846069336,1
pure_rrt_1773013598,pure_rrt,357,-0.08832757021799509,-0.11737275214322625,1.43782803667424,1.0825009037044344,0.5830730889031267,1.3115,1.3701906671834494,1.8241089576187273,0.10134601593017578,4.312652111053467,1
pure_rrt_1773013598,pure_rrt,358,1.0824422229965274,0.5830230983824283,1.3110479063204008,0.3937357167503217,0.4495197366705105,1.3115,0.7015269087661095,0.9811899096775246,0.10110759735107422,3.307417631149292,1
pure_rrt_1773013598,pure_rrt,359,0.41575825720023984,0.4785705655357108,1.6323246900688246,0.09589392206921576,0.1732714898683474,1.3115,0.546305043222114,0.39276068140263215,0.1009986400604248,3.407280921936035,1
pure_rrt_1773013598,pure_rrt,360,0.14345070312735564,0.19609160054539793,1.6439135019567992,-0.2626828557662596,0.22523136800015264,1.3115,0.5256351681443068,0.3892459025334915,0.051474809646606445,3.218604564666748,1
pure_rrt_1773013598,pure_rrt,361,-0.2413573211106067,0.2402437183710165,1.6179810177391996,1.04936567538461,-0.6139804165053391,1.3115,1.5778451573336671,1.626730350267674,0.10197758674621582,4.418682813644409,1
pure_rrt_1773013598,pure_rrt,362,1.0498436563510603,-0.6140964758283136,1.3118813469320978,0.8476579481762156,-0.4995961892992917,1.3115,0.23235645381799525,0.5085168448062027,0.10263371467590332,3.415165662765503,1
pure_rrt_1773013598,pure_rrt,363,0.8859575487758728,-0.520754266284646,1.6360019700109598,0.999225382997514,0.1957827908699734,1.3115,0.7947052819039631,1.4826612337002512,0.15260815620422363,4.417304515838623,1
pure_rrt_1773013598,pure_rrt,364,1.0352079824550655,0.21604360103626175,1.634982691743712,0.8491696792368195,0.04101779188175203,1.3115,0.4121714885727447,0.23149108791381864,0.10213923454284668,3.0139079093933105,1
pure_rrt_1773013598,pure_rrt,365,0.875184549050022,0.04998047480330171,1.6210094267453496,0.4936420205445542,0.18652939205793684,1.3115,0.5099180258688585,0.3799050502691882,0.10321569442749023,2.9184863567352295,1
pure_rrt_1773013598,pure_rrt,366,0.5286465956586422,0.20519265792823804,1.6331623173584437,-0.09236074799345795,0.15179411045501023,1.3115,0.7014044283795849,0.5839786779005626,0.10164976119995117,2.306008815765381,1
pure_rrt_1773013598,pure_rrt,367,-0.05421720154596976,0.16918963909653065,1.6349689786871886,1.1078380044774612,-0.676756658605596,1.3115,1.4733056779280482,3.8662150063193907,0.15180516242980957,9.221155643463135,1
pure_rrt_1773013598,pure_rrt,368,1.1088159602607806,-0.6760298217067482,1.310622168620339,0.8528333385684477,0.3319976550960678,1.3115,1.0400227243603204,1.185864770193099,0.10159063339233398,3.511363983154297,1
pure_rrt_1773013598,pure_rrt,369,0.8539156720138753,0.33186803688982525,1.3117712394190466,0.8682178424992715,-0.18771119805148062,1.3115,0.5197761124114963,4.313802782424887,0.2519090175628662,6.313618898391724,1
pure_rrt_1773013598,pure_rrt,370,0.9864824246109306,-0.2550662132605299,1.426608600101683,0.7281506569275744,0.30437977518307,1.3115,0.626869289403631,2.5989887266624283,0.1018223762512207,6.0195324420928955,1
pure_rrt_1773013598,pure_rrt,371,0.7565646969854974,0.3265648628757921,1.6298733054829044,0.7479474164588928,-0.577832757920784,1.3115,0.9588382948497064,1.4378651004789298,0.10223174095153809,3.916416883468628,1
pure_rrt_1773013598,pure_rrt,372,0.7802003341710869,-0.6029068939365902,1.6355094672764894,-0.22967088513766432,-0.23948185108669928,1.3115,1.1211154161117327,1.3555055834785326,0.10204672813415527,3.113992691040039,1
pure_rrt_1773013598,pure_rrt,373,-0.26522387780491696,-0.2608216188144607,1.6341918699192188,-0.10287784328217475,-0.12649496251664283,1.3115,0.38539580748805957,0.16086723258501012,0.1021733283996582,2.8128225803375244,1
pure_rrt_1773013598,pure_rrt,374,-0.15198459495490546,-0.14691272737704755,1.6428920197771602,-0.42255159876443377,-0.6424288007421585,1.3115,0.654647503077518,0.610796795754753,0.10162043571472168,2.5102128982543945,1
pure_rrt_1773013598,pure_rrt,375,-0.4360171905199132,-0.6838619587880197,1.6360312488745625,0.354829865791056,-0.10615918381801348,1.3115,1.0317461384370936,2.1472362374073866,0.2517414093017578,6.5130455493927,1
pure_rrt_1773013598,pure_rrt,376,0.17185716337443402,-0.07486918805159197,1.444154681532073,0.1558200981399842,-0.08460410013674957,1.3115,0.13397470099617842,1.0175949485800215,0.05092048645019531,3.710735321044922,1
pure_rrt_1773013598,pure_rrt,377,0.30454150653338075,-0.20495848696195446,1.4478181419024796,-0.11945228356643134,-0.19501749904765864,1.3115,0.44547973365312615,1.176626076339942,0.05266547203063965,3.6102046966552734,1
pure_rrt_1773013598,pure_rrt,378,-0.29253671914957524,-0.20195939495948795,1.4366549763038197,0.3318678939166073,0.3079496013588844,1.3115,0.8158137492334562,0.8315798532773927,0.1012732982635498,3.011460781097412,1
pure_rrt_1773013598,pure_rrt,379,0.224422220417689,0.43369248429096807,1.4327289918506336,1.0208479653826805,-0.7179484314026792,1.3115,1.4054420067750446,1.973586581221595,0.05157780647277832,3.5101592540740967,1
pure_rrt_1773013598,pure_rrt,380,1.0247956578601152,-0.8468047457922223,1.4248446299992732,0.4102948834544231,0.4908939742572821,1.3115,1.4764471113172155,2.3557833358063553,0.10116410255432129,4.313809871673584,1
pure_rrt_1773013598,pure_rrt,381,0.3671221299460804,0.6501900496194952,1.433464371777109,-0.7535500324460904,0.5409151008307768,1.3115,1.132573360968951,1.1836091503217858,0.05093073844909668,3.1102285385131836,1
pure_rrt_1773013598,pure_rrt,382,-0.8161359894429061,0.6602922595018499,1.4260745182750136,0.08999782670729739,-0.39018899595202206,1.3115,1.392018922669094,1.4003680082546155,0.05118417739868164,2.9135656356811523,1
pure_rrt_1773013598,pure_rrt,383,-0.05088012618606408,-0.4429654012813403,1.4277485987710143,0.7185973295043389,-0.0021924058482002406,1.3115,0.8943657669181571,1.6098952178361812,0.10181999206542969,3.5105412006378174,1
pure_rrt_1773013598,pure_rrt,384,0.8730757744970284,-0.05068611648598384,1.4320643847106491,0.5464106363103696,-0.3684146229921246,1.3115,0.47137807247875774,1.1130626919319333,0.10204625129699707,3.415673017501831,1
pure_rrt_1773013598,pure_rrt,385,0.38900420068116254,-0.4618199603869321,1.4424919986297304,-0.5139619892222635,0.19285593134788648,1.3115,1.1229903681833167,1.2952147744601357,0.10214924812316895,4.014934062957764,1
pure_rrt_1773013598,pure_rrt,386,-0.63992085333382,0.2708684587785074,1.428159177804291,0.5323296907338615,-0.596151107667822,1.3115,1.4627042183687478,1.8657443307218757,0.10253763198852539,3.409409523010254,1
pure_rrt_1773013598,pure_rrt,387,0.5410705415296723,-0.7514128855500986,1.4310991135175186,1.0355210667208832,-0.07860828140682341,1.3115,0.8434757288579381,0.8807148247529158,0.10188817977905273,5.124891757965088,1
pure_rrt_1773013598,pure_rrt,388,1.188746408652384,-0.18768056842133787,1.4455071449989838,-0.7869563598817484,0.1269499900661868,1.3115,2.0050814778552977,2.695636318529532,0.15224552154541016,4.210408687591553,1
pure_rrt_1773013598,pure_rrt,389,-0.9248987920076273,0.200690896862284,1.4302106261646663,0.7506323193838982,0.4718996806407124,1.3115,1.701484916889921,1.8026549552580506,0.10164427757263184,3.111295461654663,1
pure_rrt_1773013598,pure_rrt,390,0.7893461212228379,0.6483067750335625,1.4411680681762573,0.3379643199026656,-0.17824688248558762,1.3115,0.9506578181585056,1.1897882015012482,0.05098581314086914,3.308955192565918,1
pure_rrt_1773013598,pure_rrt,391,0.1627681292651364,-0.17921761674461267,1.438414259927662,-0.17251882622201276,-0.4175398519690616,1.3115,0.4304904873457778,1.1504788778092156,0.10193967819213867,6.115001201629639,1
pure_rrt_1773013598,pure_rrt,392,-0.17297774603922067,-0.4179753573041398,1.3113757037414486,0.7574215792941106,-0.1607836394865998,1.3115,0.9652929605794373,1.206501538229168,0.10092592239379883,3.711111307144165,1
pure_rrt_1773013598,pure_rrt,393,0.8884922393322173,-0.2899734460517256,1.4436582723824765,0.3634891815089678,-0.1222712094150471,1.3115,0.566761025350039,0.3851892993122205,0.05146074295043945,1.9061229228973389,1
pure_rrt_1773013598,pure_rrt,394,0.5063940205005928,-0.24156582864530268,1.4443789493937707,0.587483762479369,0.44248318454439606,1.3115,0.7015378919858695,2.28680767013424,0.051795244216918945,4.916837692260742,1
pure_rrt_1773013598,pure_rrt,395,0.5624996385151251,0.6179645936131624,1.4391107257108402,-0.8261483224561612,0.13906884160904753,1.3115,1.4744384687445404,1.587501759587202,0.10203194618225098,3.113830804824829,1
pure_rrt_1773013598,pure_rrt,396,-0.9588061202793573,0.20789594632703357,1.428468032456367,-0.41328085549813676,-0.20589516162582278,1.3115,0.6946239386547133,0.5817054262713884,0.10187935829162598,1.907658338546753,1
pure_rrt_1773013598,pure_rrt,397,-0.5603849355601042,-0.21345918364201755,1.4288894094444855,1.0847909010659067,-0.5555317799870487,1.3115,1.6844576183561433,1.8487545919385564,0.10204792022705078,3.1137661933898926,1
pure_rrt_1773013598,pure_rrt,398,1.108564310234573,-0.7129739746815602,1.431379164290591,-0.024308363217431572,0.24297933001433425,1.3115,1.4871510444619622,2.01614793461235,0.15194296836853027,3.508615255355835,1
pure_rrt_1773013598,pure_rrt,399,-0.14649311578420576,0.34787250093914507,1.4322921805987696,-0.6185225183019238,-0.5999533417461554,1.3115,1.0657280777933646,1.3022112734514777,0.05151820182800293,3.107936143875122,1
pure_rrt_1773013598,pure_rrt,400,-0.6965232809088138,-0.7374846396122071,1.430404802708876,-0.3296135588784648,-0.6338777870091323,1.3115,0.39936884722514343,0.3946427052732447,0.05156397819519043,2.4065322875976562,1
pure_rrt_1773013598,pure_rrt,401,-0.31452531141179235,-0.7787703045054348,1.427693577193061,-0.49271896240745156,-0.2986874736532744,1.3115,0.5251032747137525,0.7064322394864474,0.10169792175292969,2.911496162414551,1
pure_rrt_1773013598,pure_rrt,402,-0.6505096499631142,-0.33538655658519495,1.4319982449885518,-0.735401943677243,-0.029811847292036453,1.3115,0.3392674926027621,0.4299578175113663,0.050925493240356445,3.8117756843566895,1
pure_rrt_1773013598,pure_rrt,403,-0.8984590857525908,0.013311790322552447,1.435665024027795,-0.40978265365352173,-0.0010236293334023872,1.3115,0.5044076850501104,0.32786940926736297,0.05115675926208496,2.008636951446533,1
pure_rrt_1773013598,pure_rrt,404,-0.573237075667444,0.05473460392246342,1.4360801249406303,0.18332233294474665,-0.2973654232194739,1.3115,0.8437279036533067,0.7123033835224565,0.05131363868713379,2.105247735977173,1
pure_rrt_1773013598,pure_rrt,405,0.016409167296530636,-0.3415912822639948,1.4367882196845594,1.097384213940354,0.16636704685304626,1.3115,1.2009270808744879,1.9097414564157094,0.20128822326660156,4.509855508804321,1
pure_rrt_1773013598,pure_rrt,406,1.2852917850789105,0.16280181574960215,1.4471729973593086,0.0490375235463294,-0.6603644212665211,1.3115,1.4914202677760586,1.575256721753242,0.051190853118896484,3.5135984420776367,1
pure_rrt_1773013598,pure_rrt,407,0.07650812332389106,-0.7886602243497687,1.4248306748197879,-0.5255495682471185,0.20506671998759485,1.3115,1.1673947685924393,1.7742612040388124,0.10179424285888672,3.4095940589904785,1
pure_rrt_1773013598,pure_rrt,408,-0.6480742559198363,0.28303953878474564,1.4281945622376568,-0.6813872768002017,-0.12419033358125353,1.3115,0.42492769639462424,0.4415467639414125,0.10203099250793457,2.713932514190674,1
pure_rrt_1773013598,pure_rrt,409,-0.8401777835571284,-0.11125915883867893,1.4311977437194947,0.4448550379336662,0.3499482461250879,1.3115,1.3705287930406798,1.3645207719791843,0.10240983963012695,3.018068790435791,1
pure_rrt_1773013598,pure_rrt,410,0.3629289310965784,0.5046859715202376,1.4384848042259146,-0.0815558548659513,-0.5335803976840064,1.3115,1.136524931040676,1.4922824389432006,0.10204148292541504,3.316173791885376,1
pure_rrt_1773013598,pure_rrt,411,-0.16614669279356392,-0.6819833243508786,1.4363632844943042,0.19719503221606915,0.41395374647320293,1.3115,1.161329458919453,1.4428041768767557,0.1020667552947998,3.0136044025421143,1
pure_rrt_1773013598,pure_rrt,412,0.10818062160942554,0.5317531915451793,1.4278932004801907,-0.6963553755460551,0.2947415577626141,1.3115,0.8467585620383571,0.9263590889980915,0.0517277717590332,2.707029342651367,1
pure_rrt_1773013598,pure_rrt,413,-0.8067367656266973,0.3868366982509322,1.4269539683361234,0.6769796697627048,0.2308152146988497,1.3115,1.4963578391477705,2.000578131074736,0.05119013786315918,3.4097652435302734,1
pure_rrt_1773013598,pure_rrt,414,0.8377511821067596,0.24783593819758262,1.4325391314750897,-0.35151088643670947,-0.24817257613413274,1.3115,1.2942253224667217,2.3639275808221245,0.052108049392700195,4.209962368011475,1
pure_rrt_1773013598,pure_rrt,415,-0.5065637782137623,-0.2682392588537936,1.4301057758392115,0.2246360410919297,-0.3232095971558756,1.3115,0.7427935405670564,0.5825075622281778,0.05112290382385254,3.711784839630127,1
pure_rrt_1773013598,pure_rrt,416,0.06739244443883896,-0.367495801217907,1.4315363920058046,0.3173779687207434,-0.03445646634501198,1.3115,0.43337823702725325,0.3961315534937033,0.051149606704711914,2.005307197570801,1
pure_rrt_1773013598,pure_rrt,417,0.14735981364942552,0.014784350612047858,1.439449631837991,1.0934571853798056,0.4268578919417617,1.3115,1.0398441943611656,1.4867796513419087,0.05108165740966797,3.311671733856201,1
pure_rrt_1773013598,pure_rrt,418,1.2330454150880488,0.5345576114594093,1.4387021153086392,-0.6423617993909864,0.3801758994668972,1.3115,1.8860451509061877,2.0154321351428224,0.051419734954833984,3.1089916229248047,1
pure_rrt_1773013598,pure_rrt,419,-0.7334195961941709,0.5138974708637339,1.432298322576914,0.8474883597929666,0.36434149976161156,1.3115,1.5925542968869613,1.7533513311269469,0.05121564865112305,4.259029865264893,1
pure_rrt_1773013598,pure_rrt,420,0.9841986127314385,0.4978540451511212,1.4474312950419908,-0.7126179809924182,-0.18930523437666813,1.3115,1.8357155948429418,2.1805773837373237,0.05121731758117676,3.5130808353424072,1
pure_rrt_1773013598,pure_rrt,421,-0.8929715329687038,-0.19518939474967834,1.4413907166095568,-0.1870303420021091,0.5974884159815231,1.3115,1.0693748991772196,1.1512193350159032,0.10165190696716309,2.913323402404785,1
pure_rrt_1773013598,pure_rrt,422,-0.24186782125870288,0.6998676352383872,1.4249179759402506,-0.6103360986256564,0.44140789864258345,1.3115,0.46414862289284636,0.391252220278638,0.15666985511779785,3.109161376953125,1
pure_rrt_1773013598,pure_rrt,423,-0.5126500624129742,0.598308325479606,1.4435538431522787,0.32859332262243734,0.30784866644071573,1.3115,0.8997196584970858,1.0402320606241293,0.10272693634033203,2.5126254558563232,1
pure_rrt_1773013598,pure_rrt,424,0.5015533426420803,0.3764023693088375,1.444204604154344,-0.0828498789552754,-0.5418821347690697,1.3115,1.096532748168853,2.343076164741147,0.10207986831665039,4.514953851699829,1
pure_rrt_1773013598,pure_rrt,425,-0.19503478830872478,-0.6515140283570602,1.4313429657699521,-0.8218408004261168,-0.5572815187012735,1.3115,0.6450797463469723,0.7367821722210929,0.1016855239868164,3.7175943851470947,1
pure_rrt_1773013598,pure_rrt,426,-0.9317610430500598,-0.6600677195816977,1.4290498156814921,1.0412595234056818,-0.14874791517439856,1.3115,2.041586651896805,2.256105899974402,0.15545964241027832,3.1088271141052246,1
pure_rrt_1773013598,pure_rrt,427,1.1827067220890357,-0.24667779225500627,1.4371788766838323,-0.0018878331295721917,-0.5978167238243639,1.3115,1.2419170622717732,1.3818635960880423,0.10157251358032227,2.411421537399292,1
pure_rrt_1773013598,pure_rrt,428,-0.05657030867728394,-0.7503686522002546,1.4326729623595318,0.35502332660749825,0.15037630095506282,1.3115,0.9977142266444343,1.2003973153967633,0.05160212516784668,3.009112596511841,1
pure_rrt_1773013598,pure_rrt,429,0.21465448414087418,0.2609069598332487,1.4407025195990746,0.6744694635876478,-0.11123421774095399,1.3115,0.6054850637635089,1.9369257454310425,0.05117034912109375,4.309719800949097,1
pure_rrt_1773013598,pure_rrt,430,0.8218338581193058,-0.1932746166773455,1.4342016123160488,-0.7584789281052013,0.21197840445165217,1.3115,1.6360544609223135,2.6360622384605703,0.05114316940307617,4.311832427978516,1
pure_rrt_1773013598,pure_rrt,431,-0.886364293994323,0.30465807720912796,1.4309760907552862,-0.5910617512619771,-0.5762170932335826,1.3115,0.9367065676661122,1.0373102425638652,0.05120205879211426,3.0073580741882324,1
pure_rrt_1773013598,pure_rrt,432,-0.6884678843660659,-0.6451417043804524,1.424927590881531,0.4988637792377695,-0.6574110693692938,1.3115,1.1928004171221054,3.595383814751002,0.1012883186340332,7.716432809829712,1
pure_rrt_1773013598,pure_rrt,433,0.3639045044628222,-0.5378353515278228,1.6476489452201968,0.7402890741609294,0.10231150812940903,1.3115,0.8151376936496654,1.4263544787268374,0.1515054702758789,4.611536502838135,1
pure_rrt_1773013598,pure_rrt,434,0.8004178970790147,0.12265736535053039,1.6514390817100113,0.17159618147289346,-0.15756143053462957,1.3115,0.7677876678216446,3.6313746205931072,0.15149760246276855,6.070500373840332,1
pure_rrt_1773013598,pure_rrt,435,0.3007999987316514,-0.2288393058267408,1.4280894130069757,0.018473173963861278,-0.4755886687582688,1.3115,0.39266623908338305,0.8323365681571521,0.10218620300292969,2.913982629776001,1
pure_rrt_1773013598,pure_rrt,436,-0.10090160899992173,-0.6040183290939748,1.4378077861091283,0.7671801090135448,0.26498615889136656,1.3115,1.234782704008955,2.6198207094613837,0.10214352607727051,4.817643165588379,1
pure_rrt_1773013598,pure_rrt,437,0.938426153690559,0.29875542336882965,1.4389363711074172,-0.04818277560771267,-0.08163313565306529,1.3115,1.0650505452263115,1.7746803372829403,0.10163593292236328,3.8146462440490723,1
pure_rrt_1773013598,pure_rrt,438,-0.22507860014785253,-0.0456999879341637,1.4413811255380238,0.6338944294280715,-0.5546112643283553,1.3115,1.0068239466515634,1.0201185588396033,0.10158514976501465,2.514725685119629,1
pure_rrt_1773013598,pure_rrt,439,0.5362148996974229,-0.687048805477793,1.4332639683852966,-0.8489766246558035,-0.41158919725822996,1.3115,1.4175542384323168,1.4318103950304935,0.10181427001953125,4.014979839324951,1
pure_rrt_1773013598,pure_rrt,440,-0.8489665489146938,-0.4118895911376159,1.3116683038782513,1.028880909044288,-0.07268854364517796,1.3115,1.9082370016088601,2.1911231321910547,0.10172510147094727,3.7200498580932617,1
pure_rrt_1773013598,pure_rrt,441,1.179084828681943,-0.14122546890524684,1.4329621202277947,0.027575877097842483,0.4171466316842324,1.3115,1.285498080490692,4.240111001506179,0.10149621963500977,7.514863967895508,1
pure_rrt_1773013598,pure_rrt,442,0.18812979518103234,0.36569249475659593,1.6541047375848597,-0.5756035465765232,-0.2968952764530576,1.3115,1.0675622595822363,3.4430534162418427,0.10112881660461426,5.31095552444458,1
pure_rrt_1773013598,pure_rrt,443,-0.744604444358963,-0.3436816235902972,1.4372683904139985,-0.12798941884108517,-0.2009895932447714,1.3115,0.6452850480569571,0.948109948292548,0.0511171817779541,2.9088573455810547,1
pure_rrt_1773013598,pure_rrt,444,-0.029730260675031817,-0.36528708591044157,1.4484662710887306,0.8951118534795446,0.5696298592563976,1.3115,1.3221809217690115,3.1881562096352343,0.05105018615722656,5.511564254760742,1
pure_rrt_1773013598,pure_rrt,445,1.00232336055391,0.6725146203369524,1.4281870754433086,0.49088298746352654,-0.14173330754789149,1.3115,0.9686004423223773,3.5332610131276097,0.05144190788269043,5.8134424686431885,1
pure_rrt_1773013598,pure_rrt,446,0.6310651375365165,-0.2582333713009881,1.4418612661131025,-0.7968389763566719,0.4960209771940721,1.3115,1.620124637303998,2.822941169442673,0.10165524482727051,4.620219469070435,1
pure_rrt_1773013598,pure_rrt,447,-0.863833351642849,0.6275018053382764,1.429125045779677,0.4338394738118614,0.486891775730781,1.3115,1.3105577414766978,1.2833111636198618,0.1018826961517334,3.1084234714508057,1
pure_rrt_1773013598,pure_rrt,448,0.4183097573712681,0.658899881493682,1.4372112302245659,-0.7408956556087125,-0.030707377847289496,1.3115,1.3546655214562844,1.4924580731380244,0.1021873950958252,2.9128808975219727,1
pure_rrt_1773013598,pure_rrt,449,-0.911396962709101,0.02231849551470111,1.440696106707232,0.1422238470507209,0.19163296863227752,1.3115,1.074930618949117,1.8433923056767556,0.1016077995300293,3.8142969608306885,1
pure_rrt_1773013598,pure_rrt,450,0.31523740196915206,0.19769243379227014,1.4373270445939292,0.5467529551402361,-0.6439561223378227,1.3115,0.8819320770599206,2.9537395002712,0.10152697563171387,5.215499639511108,1
pure_rrt_1773013598,pure_rrt,451,0.4822721174174097,-0.7813301171341578,1.4292818122549646,1.0227857714295696,0.2703364858966756,1.3115,1.1882887735740217,3.042459061533749,0.10170364379882812,5.113393306732178,1
pure_rrt_1773013598,pure_rrt,452,1.1913121056403198,0.303191730106554,1.435735026719739,-0.17988819864372618,0.32137395184294404,1.3115,1.3769368938045004,1.2071440342443194,0.051070213317871094,3.106498956680298,1
pure_rrt_1773013598,pure_rrt,453,-0.0114763580033031,0.40208482401308326,1.445392177233798,-0.5279152973678448,-0.6078043772937921,1.3115,1.1421525695512917,2.423667051107812,0.05113410949707031,4.614086389541626,1
pure_rrt_1773013598,pure_rrt,454,-0.6225040141579656,-0.7222299408038744,1.4274947835936942,-0.347677979059842,-0.7142216235435258,1.3115,0.29840957178690736,0.30123969300051695,0.05107593536376953,1.8093538284301758,1
pure_rrt_1773013598,pure_rrt,455,-0.3621402622710511,-0.848605737827864,1.425430313513298,-0.287428451039753,0.3139126051295956,1.3115,1.1704746339785657,1.661791772532195,0.05123305320739746,3.311216115951538,1
pure_rrt_1773013598,pure_rrt,456,-0.3964773216904438,0.42808458345985406,1.4308620802928842,-0.4653278463284098,-0.5762150614489756,1.3115,1.0137087736222714,1.2502424560967949,0.05148005485534668,2.7061238288879395,1
pure_rrt_1773013598,pure_rrt,457,-0.5689199741158407,-0.6849422710715951,1.4290937036748486,0.403218230518521,-0.01436486891565636,1.3115,1.186825606538676,1.5378180313223424,0.05128312110900879,3.109398365020752,1
pure_rrt_1773013598,pure_rrt,458,0.5618936417695345,-0.07166929959930976,1.4355043025918217,0.7100515278593669,-0.3406625215728744,1.3115,0.3311875295653676,0.4872989523475564,0.0510554313659668,2.6103405952453613,1
pure_rrt_1773013598,pure_rrt,459,0.7884495899618317,-0.50049046572824,1.4396527106218324,0.28136170856676257,0.28485254853617714,1.3115,0.9435702871283004,1.8049384788785616,0.10101938247680664,4.008763790130615,1
pure_rrt_1773013598,pure_rrt,460,0.16610306140698283,0.39594018311130236,1.43129294441152,-0.6191142307021915,-0.27822044676355917,1.3115,1.041829688687799,1.0804395306104764,0.10147213935852051,3.7158172130584717,1
pure_rrt_1773013598,pure_rrt,461,-0.6197034068137998,-0.2781594106099881,1.3118793556960615,-0.13536495875404864,-0.1493263628346746,1.3115,0.5011804369473619,0.45580677300035344,0.4027900695800781,3.710984706878662,1
pure_rrt_1773013598,pure_rrt,462,-0.31298104723801634,-0.1403663188281119,1.439337366104495,0.9961763104100105,-0.41228821394213816,1.3115,1.343196521845892,1.616244200148355,0.10207295417785645,3.111658811569214,1
pure_rrt_1773013598,pure_rrt,463,1.0597641891374674,-0.5707617527282853,1.436469438089617,0.884885152214772,0.1443440565882531,1.3115,0.7467103565169734,0.7436676529947666,0.10161399841308594,3.909104824066162,1
pure_rrt_1773013598,pure_rrt,464,1.052007587868983,0.13444969921910888,1.4344688139195194,0.8342353327923302,0.42011070136044204,1.3115,0.37966866136453087,0.4225999225952812,0.15181779861450195,3.7139859199523926,1
pure_rrt_1773013598,pure_rrt,465,0.8338506147332009,0.4201884711672187,1.311980582025625,0.6234931027751236,-0.11021873074533162,1.3115,0.570598206829444,0.6650714874327817,0.1515345573425293,3.7138993740081787,1
pure_rrt_1773013598,pure_rrt,466,0.7690181181024798,-0.19156189742182855,1.434660368160269,0.6659188389624542,0.15856636497379228,1.3115,0.38521128977840535,0.3548493269455342,0.05139327049255371,2.7118730545043945,1
pure_rrt_1773013598,pure_rrt,467,0.8394880704990829,0.1530030156309886,1.4377634151835728,1.0786154237375754,0.5449712033670414,1.3115,0.4761968093947622,2.2892082614421865,0.20164799690246582,6.11254620552063,1
pure_rrt_1773013598,pure_rrt,468,1.078232424121021,0.5455944610052545,1.3118478853527569,-0.6119135710130583,0.25449639631979604,1.3115,1.7150311044280233,2.9547541045433348,0.704322338104248,9.220571994781494,1
pure_rrt_1773013598,pure_rrt,469,-0.729075517598113,0.3818421446323978,1.4370200448510388,0.12960003743052506,0.4121259604873889,1.3115,0.86832948813563,0.7847101797839076,0.05135655403137207,3.109675645828247,1
pure_rrt_1773013598,pure_rrt,470,0.0412455790046804,0.5309521826702606,1.4287561317760913,0.29706912248928785,-0.04451260853703132,1.3115,0.6405891130509205,0.553717540652085,0.05099344253540039,1.804459571838379,1
pure_rrt_1773013598,pure_rrt,471,0.12834616128043885,-0.0014135206027444808,1.436424828098489,0.49237066866327983,0.4569456863927498,1.3115,0.5985091622425637,0.7233818046530945,0.05093574523925781,3.110823392868042,1
pure_rrt_1773013598,pure_rrt,472,0.44037827735012847,0.6166465636729443,1.43524970166701,-0.5557380195200363,-0.10882003014720865,1.3115,1.238492407849971,1.380335491661934,0.05102992057800293,4.51060676574707,1
pure_rrt_1773013598,pure_rrt,473,-0.732683722006631,-0.0845386730715098,1.4405681242488035,0.5668471193539755,0.6197468731540255,1.3115,1.483730810816676,1.5690412327088588,0.051346540451049805,3.212087631225586,1
pure_rrt_1773013598,pure_rrt,474,0.5474583484110778,0.7661557536739478,1.4275793670419137,0.7127406599617341,-0.46265503801989294,1.3115,1.2452986082653523,1.8137230211173219,0.10181832313537598,3.5151100158691406,1
pure_rrt_1773013598,pure_rrt,475,0.6091074889004174,-0.6102270444911239,1.4411396950110773,0.34788316241567485,-0.48465401463841823,1.3115,0.31751092122376046,0.35010744390350457,0.10214614868164062,1.9151699542999268,1
pure_rrt_1773013598,pure_rrt,476,0.260263942079431,-0.6399002256150722,1.4400032665212286,0.22547695100965703,-0.7358145109920379,1.3115,0.16408160894411178,0.23665959518638946,0.10252976417541504,2.308140754699707,1
pure_rrt_1773013598,pure_rrt,477,0.2125584852866695,-0.8647535125215416,1.4256472645335454,0.6050443573733022,-0.4647917103329638,1.3115,0.5718777850188193,0.597830518174648,0.053139686584472656,2.3072471618652344,1
pure_rrt_1773013598,pure_rrt,478,0.6740946739334431,-0.5372649858966626,1.4262142777366686,-0.22502153641792721,-0.538427818843221,1.3115,0.9064053604286091,1.2429808261244433,0.05278325080871582,2.8075759410858154,1
pure_rrt_1773013598,pure_rrt,479,-0.3398840778074651,-0.6201453307427927,1.4254058085832455,1.1017346571772042,-0.2369427050835904,1.3115,1.4960225140685242,1.6678773414468802,0.10161375999450684,3.314201831817627,1
pure_rrt_1773013598,pure_rrt,480,1.2075998391227474,-0.3880901143952997,1.4438346154621324,0.8834400368817776,0.07184291517264152,1.3115,0.5780401539045188,0.4611623049212526,0.10326170921325684,4.008808612823486,1
pure_rrt_1773013598,pure_rrt,481,1.0490085800293358,0.0410712701465243,1.4350511117728124,0.5057151663566712,-0.7385781058077211,1.3115,0.9582722786276557,1.3153780252761935,0.10166573524475098,4.810467958450317,1
pure_rrt_1773013598,pure_rrt,482,0.45640368745969356,-0.856669252572857,1.4256580874186864,0.701099110591181,-0.6152308608830164,1.3115,0.36221597977776604,0.29749119445217015,0.05104684829711914,1.6039879322052002,1
pure_rrt_1773013598,pure_rrt,483,0.7246982675569098,-0.7601813822019141,1.4281888238891876,0.40008919234416074,-0.6538911611804015,1.3115,0.3609500580633282,0.30468443988242205,0.05091118812561035,1.7041823863983154,1
pure_rrt_1773013598,pure_rrt,484,0.4215354613116201,-0.790474103079979,1.425297890631065,0.23822830713285081,0.08619205390352902,1.3115,0.9028261313705046,0.9238242776047532,0.05110287666320801,2.40893816947937,1
pure_rrt_1773013598,pure_rrt,485,0.39405864728262596,0.06242305638539972,1.4304191481996473,-0.3382153327058792,0.3906178895874054,1.3115,0.8112205582437045,2.852650282483536,0.10509514808654785,4.9145965576171875,1
pure_rrt_1773013598,pure_rrt,486,-0.4326403832888116,0.4995080048530791,1.426738488347324,-0.7569520582384333,-0.28375655011161244,1.3115,0.8555473889675788,0.9811141179124359,0.05098128318786621,3.509549856185913,1
pure_rrt_1773013598,pure_rrt,487,-0.9219910218641139,-0.3195701490031572,1.4353042706542487,0.6900348599807096,-0.03227231644922868,1.3115,1.6421007842882227,2.1032879964585773,0.10116076469421387,3.5106589794158936,1
pure_rrt_1773013598,pure_rrt,488,0.8526235094492763,-0.11231464503265826,1.4420640833411313,-0.22252196234634447,-0.14665739087709528,1.3115,1.0835885702486316,0.9425461496717242,0.05107283592224121,3.1120526790618896,1
pure_rrt_1773013598,pure_rrt,489,-0.08167934568013158,-0.23641102100178374,1.4338247645175932,0.31268253283433034,0.26780111896464687,1.3115,0.6517012515940622,0.7087639410523651,0.1519765853881836,4.010958433151245,1
pure_rrt_1773013598,pure_rrt,490,0.3121723590599116,0.26723429606304516,1.3109176321961495,0.4005642254787496,-0.16420517477394503,1.3115,0.440401496588473,0.44853115036952734,0.10611772537231445,1.8078250885009766,1
pure_rrt_1773013598,pure_rrt,491,0.4010061833004184,-0.16460745137351515,1.3123878745015536,-0.6384576695898463,-0.17979068155729994,1.3115,1.039575115258834,1.6808200280311558,0.15266895294189453,3.9125378131866455,1
pure_rrt_1773013598,pure_rrt,492,-0.8107918047564557,-0.1814532894227794,1.436237216855755,0.2604508415722837,0.06459510182466044,1.3115,1.1061916612494298,0.9710937651595224,0.10193943977355957,3.6094179153442383,1
pure_rrt_1773013598,pure_rrt,493,0.10755706110775287,0.13366362130159584,1.435099173780885,-0.20999862571349048,-0.7070057224769429,1.3115,0.9071071136094502,1.138810922376407,0.10175299644470215,3.113736152648926,1
pure_rrt_1773013598,pure_rrt,494,-0.24974674136479338,-0.8398798086972685,1.4256165183609246,-0.33177365463388575,-0.0311597751878675,1.3115,0.8208404758920708,0.8832001414469285,0.051253318786621094,2.609863758087158,1
pure_rrt_1773013598,pure_rrt,495,-0.17288359857826052,-0.09514859227869914,1.4367117329206396,-0.35907382392803644,-0.15265153929670316,1.3115,0.2316276472974357,0.16340254028170267,0.052911996841430664,1.4040110111236572,1
pure_rrt_1773013598,pure_rrt,496,-0.21858818197432384,-0.2516476669484215,1.436751362586017,-0.5041469898286783,0.3598319076593063,1.3115,0.6863956634007107,2.1923540575145894,0.05121469497680664,4.409242153167725,1
pure_rrt_1773013598,pure_rrt,497,-0.6017317931581567,0.47825071859839846,1.429971844897974,-0.6084426946715995,-0.6322535200977107,1.3115,1.1168259839360284,1.3776785438374712,0.05111074447631836,2.8102622032165527,1
pure_rrt_1773013598,pure_rrt,498,-0.7002404964036453,-0.7344250181331535,1.426721757964129,-0.007161907416714075,0.2593443061683932,1.3115,1.2170503087149735,1.2854292748877845,0.05092740058898926,2.910102367401123,1
pure_rrt_1773013598,pure_rrt,499,-0.12275013633636245,0.34673716773213986,1.4267771533960776,0.336466246264685,-0.5570234909504601,1.3115,1.0202704721429026,1.1810542539284954,0.05154919624328613,2.7066054344177246,1
pure_rrt_1773013598,pure_rrt,500,0.2282682305952768,-0.6706694286046488,1.4306625493441414,1.0230101789874138,-0.6482516855262773,1.3115,0.8039384509432628,0.8230558095867646,0.1010582447052002,3.6625325679779053,1
pure_rrt_1773013598,pure_rrt,501,1.0294361759332131,-0.7935123648199021,1.4276837673349916,-0.3542993348354344,-0.4036511300750722,1.3115,1.4422948429191185,1.5499333425903121,0.05144810676574707,3.113377094268799,1
pure_rrt_1773013598,pure_rrt,502,-0.49001370578473635,-0.5295105590931315,1.443367616334629,-0.3339956428130534,0.30041321256228215,1.3115,0.8546953673502391,1.8973019014599115,0.10213971138000488,4.516311407089233,1
pure_rrt_1773013598,pure_rrt,503,-0.1594279156044811,0.378994617311344,1.448040546954266,-0.7434442757073885,-0.07307717989276985,1.3115,0.751057480927909,1.2825748738245255,0.10179686546325684,3.5143589973449707,1
pure_rrt_1773013598,pure_rrt,504,-0.9203550670223466,-0.03297657510344945,1.4412341785331684,0.9235590325286225,-0.5516768600844242,1.3115,1.919869826118917,2.0550292958293355,0.10239338874816895,3.1138663291931152,1
pure_rrt_1773013598,pure_rrt,505,0.9307449046713738,-0.7151825619271222,1.432697565383069,-0.18456552735497378,0.4933710169743125,1.3115,1.6490021111924165,2.3000266879376534,0.10169339179992676,4.41692590713501,1
pure_rrt_1773013598,pure_rrt,506,-0.2576687868560873,0.6121147692863064,1.426541326672021,1.036447768611257,0.026671084076570928,1.3115,1.425032095964536,3.1031326231522995,0.10136914253234863,4.81371283531189,1
pure_rrt_1773013598,pure_rrt,507,1.2036078305070759,-0.02456589092774676,1.4391413923893643,-0.04295164159501208,-0.3855431952181417,1.3115,1.304035067301218,1.2667486621122348,0.05104255676269531,3.1063296794891357,1
pure_rrt_1773013598,pure_rrt,508,0.04282412102332023,-0.5267820934686672,1.4326227609024493,-0.36455741623550086,0.15583590242537837,1.3115,0.8041130321207307,1.6325470490338445,0.05131387710571289,3.7113840579986572,1
pure_rrt_1773013598,pure_rrt,509,-0.5016944004084558,0.2394700751480569,1.4320633646162761,0.046514188616282315,0.5925353229137321,1.3115,0.6631163179623383,0.744133863330005,0.051390886306762695,2.0053393840789795,1
pure_rrt_1773013598,pure_rrt,510,0.021845690845909482,0.7411987201158707,1.4287212938811278,-0.646862154352116,-0.5351868573181999,1.3115,1.4457078391743812,1.786560027567067,0.05103802680969238,3.4096033573150635,1
pure_rrt_1773013598,pure_rrt,511,-0.7595151169964707,-0.6134173703193947,1.426289764162605,0.8129210266411351,0.028120111100189304,1.3115,1.7021464260869552,2.152674753087909,0.05109000205993652,3.709209442138672,1
pure_rrt_1773013598,pure_rrt,512,0.9716741243358271,-0.012825481036382688,1.4323469257545227,0.83179687221858,0.2501468526084567,1.3115,0.3214406218678712,0.42396795937050585,0.10125446319580078,3.710064649581909,1
pure_rrt_1773013598,pure_rrt,513,0.8310872107335459,0.2501829981243309,1.3112332680604832,0.2042927467731246,-0.6307093749439266,1.3115,1.0811303085785662,1.1699935785602649,0.05125093460083008,2.712063789367676,1
pure_rrt_1773013598,pure_rrt,514,0.20342056451432028,-0.6308813057276527,1.3112200063776382,-0.5444348613963874,0.556389253978388,1.3115,1.4031746856344043,4.663863136886324,0.10132527351379395,8.619407415390015,1
pure_rrt_1773013598,pure_rrt,515,-0.5970537548017241,0.5876254837681681,1.64786687269873,0.04326980190320351,-0.17723414586288522,1.3115,1.0526951996469465,3.338900235159849,0.10161614418029785,6.825057506561279,1
pure_rrt_1773013598,pure_rrt,516,-0.11165053195108166,-0.17840814633946053,1.4300588715859308,-0.7495747041421027,-0.0388213605895642,1.3115,0.6636926444170645,0.8133871483078757,0.10235285758972168,2.7077407836914062,1
pure_rrt_1773013598,pure_rrt,517,-0.9058650979250781,-0.0028056491980875814,1.4313162178506453,-0.77002206328744,0.33734624595366147,1.3115,0.3853732838364931,0.4693564879619723,0.10168838500976562,1.8168067932128906,1
pure_rrt_1773013598,pure_rrt,518,-0.8724966664358014,0.45707348290234373,1.430905547736038,-0.5465520074971895,-0.2892845008665623,1.3115,0.8231329451894985,0.8375331039760591,0.10251355171203613,2.206559419631958,1
pure_rrt_1773013598,pure_rrt,519,-0.7087510108324475,-0.3251217454178022,1.4337757213546996,-0.46692531463328774,0.4631385273809042,1.3115,0.8335378078094068,1.1929501114551164,0.1020050048828125,3.116469621658325,1
pure_rrt_1773013598,pure_rrt,520,-0.4457905749420664,0.6416530068417765,1.4409734963228016,-0.39970590904178915,-0.12299714109532234,1.3115,0.7769022019671573,0.8651838270147213,0.10206270217895508,4.319406032562256,1
pure_rrt_1773013598,pure_rrt,521,-0.5676454002299293,-0.10787097442527671,1.4346220973519332,-0.8191541711309405,-0.6534088916080839,1.3115,0.6132106748749826,0.7566703510180339,0.10172533988952637,2.5071074962615967,1
pure_rrt_1773013598,pure_rrt,522,-0.9024785635980244,-0.7651076682463667,1.4268674829201775,0.19470696354227957,-0.05900561396088522,1.3115,1.3098495517225102,1.544126739654703,0.10151863098144531,3.8101532459259033,1
pure_rrt_1773013598,pure_rrt,523,0.35356305657231435,-0.15141694295287292,1.44359890112374,0.7564084643096469,-0.2203029096846093,1.3115,0.4295111391171633,0.5597442036289622,0.05113935470581055,3.0115392208099365,1
pure_rrt_1773013598,pure_rrt,524,0.8826453814399595,-0.3336440797232795,1.4354673740653454,-0.46913487800892023,-0.023945086738425436,1.3115,1.392333022636528,2.0631708629892835,0.05089592933654785,3.709566831588745,1
pure_rrt_1773013598,pure_rrt,525,-0.6214721396477444,0.01438114702422251,1.430523735385278,0.27179005117645416,0.12891624171411742,1.3115,0.9084064503605942,0.7797662981379185,0.05108046531677246,3.010854959487915,1
pure_rrt_1773013598,pure_rrt,526,0.12642266857425877,0.23199923712435383,1.4393470556742396,0.9407085155827597,-0.010618336403803608,1.3115,0.8592261618849921,1.9398891167439696,0.0509648323059082,4.310369968414307,1
pure_rrt_1773013598,pure_rrt,527,1.1088862282009142,-0.10014135357086668,1.44751570061472,0.6992439965686201,-0.3077694557092183,1.3115,0.4789743808889709,0.4397072813956876,0.05103611946105957,2.7063896656036377,1
pure_rrt_1773013598,pure_rrt,528,0.8089343530798445,-0.4191768114175695,1.4302458865791001,-0.3241753060171827,0.6083585035107152,1.3115,1.5342316997582883,3.002852928930141,0.05124020576477051,4.616426706314087,1
pure_rrt_1773013598,pure_rrt,529,-0.36625018588166525,0.7391841226757552,1.426259912941516,-0.5078663686302323,0.48534186155081416,1.3115,0.3125073989006382,0.22081978008438244,0.10248970985412598,1.4072272777557373,1
pure_rrt_1773013598,pure_rrt,530,-0.5618447823209264,0.6373111429728138,1.431799005151702,-0.0002789847939322909,0.10241948644590804,1.3115,0.7848165899206739,0.6354343521786098,0.10253596305847168,4.111428737640381,1
pure_rrt_1773013598,pure_rrt,531,-0.13790486581088857,0.16434822779498953,1.4280017993876735,0.7197422072451227,-0.04884589310569898,1.3115,0.8913937987044369,2.1775523792641884,0.10201764106750488,4.21528434753418,1
pure_rrt_1773013598,pure_rrt,532,0.8735137131619611,-0.11251469197105883,1.4330675698041393,1.0775066523303387,0.1747220783561837,1.3115,0.3726885502489481,1.9772260855297763,0.20170283317565918,5.014854192733765,1
pure_rrt_1773013598,pure_rrt,533,1.0768018469300906,0.17413764226710735,1.3112630744120761,0.8749808169598043,-0.15562916879707478,1.3115,0.38662376278682276,0.38894284387047623,0.1014244556427002,1.6047983169555664,1
pure_rrt_1773013598,pure_rrt,534,0.8745927077328682,-0.15595360129536498,1.311366340901441,0.23643576497127428,-0.01835291920344262,1.3115,0.6528232909231573,0.6527833642680313,0.10106897354125977,2.3116676807403564,1
pure_rrt_1773013598,pure_rrt,535,0.23650543171299632,-0.0183839459462104,1.3117463512042904,-0.7156161492375155,0.262076177727658,1.3115,0.9925691142544076,2.6126248018519207,0.1514570713043213,6.418018817901611,1
pure_rrt_1773013598,pure_rrt,536,-0.8328717363007316,0.3857586290561074,1.4355756630685805,0.7503838844738024,5.061935013805918e-05,1.3115,1.634277760856888,2.7541675781621575,0.1010887622833252,4.61019492149353,1
pure_rrt_1773013598,pure_rrt,537,0.9174506607756953,-0.0649636749145391,1.439683174491025,0.06085477568483855,0.38592909745418813,1.3115,0.9764690106457765,2.586207880840623,0.051076650619506836,4.8109142780303955,1
pure_rrt_1773013598,pure_rrt,538,-0.019404948794663257,0.5342129555004221,1.4344440549929645,0.10652907045009441,0.39501447284873803,1.3115,0.22438991829800026,0.098090108505387,0.05110454559326172,2.0054285526275635,1
pure_rrt_1773013598,pure_rrt,539,0.06875126562842782,0.5725118263901263,1.441377810842619,0.5382117882956075,0.39189406426090445,1.3115,0.5195038056537995,0.4231195626168994,0.05096864700317383,32.01197838783264,0
pure_rrt_1773013598,pure_rrt,540,0.49180881374392915,0.5653306357435137,1.4404955216130448,-0.5916115162937101,-0.264928500486103,1.3115,1.3710469318837477,1.5625555315530437,0.051206111907958984,3.1108672618865967,1
pure_rrt_1773013598,pure_rrt,541,-0.7648754348823947,-0.30210753042885424,1.4403201381547817,0.417574513235478,0.11015585171536446,1.3115,1.2588659992450217,1.168481922686753,0.05107283592224121,3.1099581718444824,1
pure_rrt_1773013598,pure_rrt,542,0.27228812637376076,0.22883202853232795,1.4450157281570501,0.061091165783162205,0.6022901848328225,1.3115,0.4493346195602768,0.6524600951814614,0.05103039741516113,3.609896183013916,1
pure_rrt_1773013598,pure_rrt,543,0.15364127037806763,0.7236040501188707,1.429386618635156,0.46718392803351017,-0.2963070827968456,1.3115,1.0735105831189038,1.5883808727413666,0.050977230072021484,3.7083382606506348,1
pure_rrt_1773013598,pure_rrt,544,0.2929430689270588,-0.35117281528769934,1.4429610821335443,-0.5263849915172485,0.4327829937365505,1.3115,1.1415634880504977,1.3278803191520208,0.05078530311584473,2.911200523376465,1
pure_rrt_1773013598,pure_rrt,545,-0.605294808846279,0.5682544858389751,1.4301801338098947,-0.31947479268335854,0.14031974442066442,1.3115,0.5281157058005973,0.39086637522027506,0.050991058349609375,4.010555267333984,1
pure_rrt_1773013598,pure_rrt,546,-0.45235404091734166,0.2102419735561287,1.4283930138855223,-0.2678742387870786,-0.4508266268661139,1.3115,0.6962100750157847,0.7609058159671478,0.051164865493774414,3.1102707386016846,1
pure_rrt_1773013598,pure_rrt,547,-0.40033846479612945,-0.5192948666904942,1.427743583126548,0.421568650833003,0.5462308205482153,1.3115,1.3506993993873777,1.6854424438304867,0.05097532272338867,3.1146798133850098,1
pure_rrt_1773013598,pure_rrt,548,0.41266090297785846,0.7106242984395759,1.4332194950792132,0.6897026343280379,0.1706892573760176,1.3115,0.6189487902566334,3.3540462147561043,0.10314226150512695,5.614263296127319,1
pure_rrt_1773013598,pure_rrt,549,0.8532111799138832,0.16946775244748233,1.4321489285673676,0.45639144219736316,0.02704542696712453,1.3115,0.43852729333656587,0.3062553122297084,0.10233068466186523,3.3145008087158203,1
pure_rrt_1773013598,pure_rrt,550,0.6309808541657005,-0.037234298743829594,1.4446346988964023,0.039430093522217935,0.4449103994841487,1.3115,0.7746745513423471,2.566466791401873,0.10223603248596191,4.817016124725342,1
pure_rrt_1773013598,pure_rrt,551,-0.03994305668867648,0.5720138079569893,1.4289806419639564,1.0630182511081268,-0.5908699047696422,1.3115,1.6070544101112358,2.267851907830902,0.10194873809814453,3.7137300968170166,1
pure_rrt_1773013598,pure_rrt,552,1.0785102904476633,-0.7443578994106638,1.431062753525758,0.593489967360056,0.5184371827216331,1.3115,1.3580100829140342,2.896202947313499,0.20204925537109375,4.9122090339660645,1
pure_rrt_1773013598,pure_rrt,553,0.6943068825514873,0.655511820248953,1.4365814321106292,-0.2938234672245187,0.5083982020987395,1.3115,1.0068214188487175,0.8814368584929765,0.051401615142822266,2.9068617820739746,1
pure_rrt_1773013598,pure_rrt,554,-0.18698979606050392,0.6422389562572139,1.4365207796465524,-0.8373110067998992,0.5799014306197118,1.3115,0.665157003709343,0.6923364286104822,0.05112743377685547,3.210195302963257,1
pure_rrt_1773013598,pure_rrt,555,-0.8587655484627719,0.7330787326167438,1.4298568928400677,0.7708602257502346,-0.3561898733778862,1.3115,1.96371958641441,2.916870750170756,0.05121970176696777,4.4171881675720215,1
pure_rrt_1773013598,pure_rrt,556,0.8416212947043505,-0.5188859123527341,1.440021439220312,0.5217056073272972,-8.029308989310202e-05,1.3115,0.622914984526695,0.48931834025801346,0.05096697807312012,1.9095079898834229,1
pure_rrt_1773013598,pure_rrt,557,0.6890446662747891,-0.06168374515620428,1.4398906092484829,-0.8484152000983621,-0.09891281545176889,1.3115,1.5432605071492034,2.2873098042092064,0.0513150691986084,3.9114797115325928,1
pure_rrt_1773013598,pure_rrt,558,-1.0119669039026813,-0.0773158502615783,1.4334665053680822,-0.2838746651215207,-0.330911140789403,1.3115,0.7805797255776996,1.1918464956845305,0.0509033203125,3.1099984645843506,1
pure_rrt_1773013598,pure_rrt,559,-0.22620630907440326,-0.5064630576018444,1.444195779692632,0.9165378804705187,0.4280105634134833,1.3115,1.4821313710533268,3.8078184093772247,0.10135602951049805,6.716189861297607,1
pure_rrt_1773013598,pure_rrt,560,0.9605173168253283,0.4715760808291622,1.649266485498584,0.8955435513127907,-0.4883563333275463,1.3115,1.019695066517275,1.5064325732947843,0.10105180740356445,6.019123554229736,1
pure_rrt_1773013598,pure_rrt,561,0.934909532883093,-0.5075244993266679,1.6355692748067767,0.701854148383777,-0.6953630535178119,1.3115,0.44115646834035366,0.31922064919913495,0.10243678092956543,2.005781888961792,1
pure_rrt_1773013598,pure_rrt,562,0.7173459369215252,-0.7267522463472582,1.6298275963143638,0.8229896579860032,-0.02653362325410802,1.3115,0.776401426133477,1.3817008457593505,0.15438413619995117,4.316538572311401,1
pure_rrt_1773013598,pure_rrt,563,0.8557870370700394,-0.019159494862860893,1.6268703034325798,0.31417540320723125,-0.5850820620401551,1.3115,0.8444346879796194,0.9564489113427863,0.10188937187194824,3.013216495513916,1
pure_rrt_1773013598,pure_rrt,564,0.3517069500361576,-0.6125558311874459,1.6385266641655107,0.45335492114327147,0.3964400622612222,1.3115,1.0655287242030083,2.116031470511904,0.15221476554870605,5.115386724472046,1
pure_rrt_1773013598,pure_rrt,565,0.4701880623839283,0.41760403963424175,1.620327625287117,0.15257866917849183,-0.15159273821895947,1.3115,0.7212733190069295,1.7548628589693882,0.15181708335876465,4.320661306381226,1
pure_rrt_1773013598,pure_rrt,566,0.19432783957556266,-0.1510379115267822,1.6352418359441168,0.6608294776571699,0.08404279421479088,1.3115,0.6145693556346967,2.839239161826456,0.4048805236816406,6.7162926197052,1
pure_rrt_1773013598,pure_rrt,567,0.8122324173235632,0.06254762920731516,1.4299304902168526,0.3302515450205705,0.12441657794839256,1.3115,0.5001590837896317,2.26751546308938,0.05128741264343262,5.11246657371521,1
pure_rrt_1773013598,pure_rrt,568,0.18350892095139626,0.22281859113976216,1.4383507041227865,-0.402406865681134,-0.03901216965208354,1.3115,0.6541741033230374,0.7846639816246825,0.05106830596923828,3.211003065109253,1
pure_rrt_1773013598,pure_rrt,569,-0.5705686381649794,0.0061529069203269116,1.438141434973614,0.09355613000734608,0.15315613261547922,1.3115,0.6918885091666871,0.5748903618332143,0.05115938186645508,2.6600306034088135,1
pure_rrt_1773013598,pure_rrt,570,-0.040214765999495805,0.22782292685702846,1.429865136584168,0.6008031418619415,-0.04739043425359135,1.3115,0.7075709560824605,2.0366577217944917,0.05108189582824707,4.2101781368255615,1
pure_rrt_1773013598,pure_rrt,571,0.7619139283547166,-0.1293289474723842,1.4400689624002487,-0.36879588677145925,-0.24581384993613936,1.3115,1.1439420425079838,1.0359880057685953,0.050830841064453125,3.10632586479187,1
pure_rrt_1773013598,pure_rrt,572,-0.24769008346338128,-0.3615598419593978,1.435596460682341,-0.5954722386493243,-0.36265714109474584,1.3115,0.3692608334024278,0.9056093998660029,0.10106182098388672,3.307520866394043,1
pure_rrt_1773013598,pure_rrt,573,-0.7513850682125944,-0.42790845746239364,1.4358076599549736,0.08240537717814755,-0.47356174269744805,1.3115,0.8442411525157527,0.7156832774471454,0.05113410949707031,2.3057117462158203,1
pure_rrt_1773013598,pure_rrt,574,-0.050333330374966956,-0.5716416068287811,1.4344193821995068,-0.46274070953503815,-0.033229208515224706,1.3115,0.689258247367228,0.8285396708043885,0.10218954086303711,2.006718635559082,1
pure_rrt_1773013598,pure_rrt,575,-0.6223207795051848,0.006611003372332225,1.4326551860731502,-0.4388056203601179,-0.6925448479238717,1.3115,0.7329224359713506,0.9154928832372478,0.10219192504882812,2.4075891971588135,1
pure_rrt_1773013598,pure_rrt,576,-0.5011844806157475,-0.8149037468271527,1.4258679980742848,0.717724816927189,0.042994835989419444,1.3115,1.4949280561347484,1.7658923333197534,0.1023111343383789,4.318674325942993,1
pure_rrt_1773013598,pure_rrt,577,0.8750637956041432,0.006844029249565023,1.4326017698648132,0.973735871915842,-0.19750133334009856,1.3115,0.2572136165134983,0.3734890004890791,0.1018223762512207,3.7143280506134033,1
pure_rrt_1773013598,pure_rrt,578,0.9742625378137688,-0.19677901763147432,1.3108043333703583,-0.647372304129376,-0.26866340179047504,1.3115,1.6232274668825522,2.1816699284652117,0.05164289474487305,3.8092503547668457,1
pure_rrt_1773013598,pure_rrt,579,-0.8136955621915318,-0.2999050237211086,1.4357754723633884,0.10520932223411517,0.22190354452750682,1.3115,1.0640088164813883,2.14680060102754,0.10160112380981445,4.2099339962005615,1
pure_rrt_1773013598,pure_rrt,580,0.27953367269649376,0.2391611998160138,1.43726761889936,-0.32848211642031233,-0.20085247212883384,1.3115,0.7609945632376982,1.883463893661944,0.10162043571472168,4.1126697063446045,1
pure_rrt_1773013598,pure_rrt,581,-0.4896566602431993,-0.20865662055364365,1.4319246613699652,0.9258850070670919,0.23808085349746078,1.3115,1.4892396320536299,2.3600871683358227,0.050957441329956055,4.109358310699463,1
pure_rrt_1773013598,pure_rrt,582,1.0944133832926501,0.25903067468454194,1.436460805578046,0.759752541526606,0.569253142780375,1.3115,0.4731290116382017,0.48505355631752767,0.05086517333984375,3.30979585647583,1
pure_rrt_1773013598,pure_rrt,583,0.8659807715291086,0.6758352670620738,1.428073150325421,0.3883475157035128,-0.6727399858985535,1.3115,1.435401699645494,2.9124906020508776,0.10126399993896484,4.6109631061553955,1
pure_rrt_1773013598,pure_rrt,584,0.340182415467276,-0.8118198790144875,1.4280903514500207,0.3237225877456864,0.2003745411388418,1.3115,1.0190200097002013,1.367258580288953,0.10147476196289062,3.2119369506835938,1
pure_rrt_1773013598,pure_rrt,585,0.19219131414461021,0.3115855247789495,1.436427408395148,0.031260760749884264,-0.23592114810050058,1.3115,0.5841823835342743,0.6688383819532897,0.050977230072021484,2.0088741779327393,1
pure_rrt_1773013598,pure_rrt,586,-0.13859084739392347,-0.2563133420824963,1.4357145231517703,0.6158348907562847,-0.645435468931307,1.3115,0.8579064469676458,0.8609458564238524,0.0511174201965332,2.4099695682525635,1
pure_rrt_1773013598,pure_rrt,587,0.5359372797433176,-0.7681761513524563,1.4276183473390864,0.9935003604287094,0.17561881659728396,1.3115,1.0552707637958698,3.1265465768656444,0.10126447677612305,5.112966775894165,1
pure_rrt_1773013598,pure_rrt,588,1.1558933730191898,0.17542508600612622,1.4325075312358178,0.30363568817532327,-0.7290797531458806,1.3115,1.2486452610892382,3.3909945637616876,0.10205197334289551,5.217671871185303,1
pure_rrt_1773013598,pure_rrt,589,0.24178319830951522,-0.8362396182624607,1.4250314932888366,0.34112061425943163,0.4574618674227583,1.3115,1.3024672188735282,1.798594780021153,0.1523749828338623,3.608952760696411,1
pure_rrt_1773013598,pure_rrt,590,0.27680993934486725,0.6069044316160741,1.4322356329533161,0.9156624550405383,-0.6517061578551653,1.3115,1.4166193016489879,3.7040239871098195,0.15176606178283691,7.516599893569946,1
pure_rrt_1773013598,pure_rrt,591,0.780654162469609,-0.5359639080260113,1.6494723089271774,-0.8497974975313481,-0.16312492658462396,1.3115,1.7063431083119522,2.804394469305197,0.302044153213501,5.612827777862549,1
pure_rrt_1773013598,pure_rrt,592,-1.02638517904213,-0.15843547627480145,1.4395366026416245,0.27101017550787976,-0.6829025146475063,1.3115,1.4052379698696555,1.4123464606749931,0.05123400688171387,2.7121312618255615,1
pure_rrt_1773013598,pure_rrt,593,0.20798602176366032,-0.8087147381388095,1.4269459875528954,-0.19284230601179142,0.25888437189294156,1.3115,1.1461932577580078,1.5968885008739593,0.05106043815612793,3.3097496032714844,1
pure_rrt_1773013598,pure_rrt,594,-0.27433291000736243,0.42877623724893266,1.4457767218085993,0.4995207824584045,-0.15227469966593643,1.3115,0.9769851414695173,2.3731812334052576,0.05096292495727539,5.215344429016113,1
pure_rrt_1773013598,pure_rrt,595,0.6383222385654118,-0.23735663481133934,1.4322855387176487,-0.26588664542158247,0.34106560973117006,1.3115,1.0801644065724034,2.4748983247010665,0.05123758316040039,4.41064715385437,1
pure_rrt_1773013598,pure_rrt,596,-0.3689345755892536,0.4421783857744638,1.42731403178525,0.7570411446105278,0.4352906519466039,1.3115,1.1319371242763685,1.4257021745871499,0.0512239933013916,2.909135580062866,1
pure_rrt_1773013598,pure_rrt,597,0.8984698065987908,0.5313772327237949,1.4360739196745373,-0.2410059660875028,0.05694107782031255,1.3115,1.2405697735644314,1.565753740158537,0.05139803886413574,3.1076271533966064,1
pure_rrt_1773013598,pure_rrt,598,-0.40114465028324864,0.14379168226167535,1.441529774382309,0.5254711797600604,0.20286849540819618,1.3115,0.937557842783214,1.616357295056781,0.051505327224731445,3.720742702484131,1
pure_rrt_1773013598,pure_rrt,599,0.6966761127327439,0.21331682449908526,1.4370842000752386,-0.0196908511679047,-0.5470756460314574,1.3115,1.0522118263526186,2.6998942881994643,0.15249896049499512,4.717549800872803,1
pure_rrt_1773013598,pure_rrt,600,-0.13142676603514192,-0.629657460222245,1.4260668278753794,-0.5668607810033723,-0.7080347778894983,1.3115,0.4570244450415026,0.5209148437207772,0.10186481475830078,3.1128768920898438,1
pure_rrt_1773013598,pure_rrt,601,-0.5994992535713581,-0.8430447791814328,1.425954667391476,-0.19792254183587987,-0.6444678647233275,1.3115,0.46238135478376985,0.33136232128988286,0.10172605514526367,2.6125948429107666,1
pure_rrt_1773013598,pure_rrt,602,-0.2858943758479455,-0.747307865811566,1.4253676784535314,0.4690531079547886,0.08934068874799661,1.3115,1.132648381159432,1.59804575447252,0.1052095890045166,4.008617401123047,1
pure_rrt_1773013598,pure_rrt,603,0.6199111075944838,0.06955355513562428,1.4291436155597985,1.085287284920383,-0.11920177247653807,1.3115,0.5157941259906157,0.6508946450105602,0.05083942413330078,2.309934616088867,1
pure_rrt_1773013598,pure_rrt,604,1.2196573055892004,-0.1831718252407418,1.428453683812695,0.08943878472492639,-0.7051645468993544,1.3115,1.2504193178796277,1.3440026318024763,0.05099177360534668,2.305844306945801,1
pure_rrt_1773013598,pure_rrt,605,0.08675097560838363,-0.8399224004241017,1.4252968391701886,-0.11150229486214391,-0.6894194787220714,1.3115,0.2736881606833466,0.28478901711933663,0.05111861228942871,3.6123194694519043,1
pure_rrt_1773013598,pure_rrt,606,-0.1847036291775867,-0.8007454663332683,1.424599132888936,-0.5558305759299493,-0.7109142196450725,1.3115,0.39824148119892744,0.4219640502811802,0.050994873046875,2.3089895248413086,1
pure_rrt_1773013598,pure_rrt,607,-0.6047183998557414,-0.8390198624807435,1.4262533085252513,-0.29971686195019875,0.4937142934646447,1.3115,1.371996570828697,1.8719684585212244,0.05111360549926758,3.411137819290161,1
pure_rrt_1773013598,pure_rrt,608,-0.3654763550434953,0.629922317343742,1.4286174256721451,-0.2507179661580867,0.477666645752128,1.3115,0.22375828196394987,0.08528359940977678,0.05107545852661133,1.604395866394043,1
pure_rrt_1773013598,pure_rrt,609,-0.28380396621459086,0.6441115219013109,1.4359872089262817,1.0773140894831401,-0.34673092843704334,1.3115,1.6881671090638928,2.436333684896252,0.10180187225341797,4.216557264328003,1
pure_rrt_1773013598,pure_rrt,610,1.1163779718316265,-0.5285101943446305,1.4448296149224866,-0.10891540481141992,-0.27530811875430916,1.3115,1.2582654474092276,1.4685847428443664,0.10243797302246094,2.6127591133117676,1
pure_rrt_1773013598,pure_rrt,611,-0.2878375937428894,-0.3264429904203403,1.4442532625239122,0.22445616397957813,0.0013024122513455305,1.3115,0.6224832302034927,1.2509573520869304,0.10210132598876953,3.6097090244293213,1
pure_rrt_1773013598,pure_rrt,612,0.3898220269476258,-0.06001015743691687,1.4390402284362056,-4.524368077551966e-05,-0.32759411539104755,1.3115,0.4897593012196875,0.47023016804042306,0.10216093063354492,3.4147262573242188,1
pure_rrt_1773013598,pure_rrt,613,0.10625475444971988,-0.431980958439885,1.4277278332103844,-0.7587424920815327,-0.27247647708110384,1.3115,0.8872264791432699,1.4036631060877804,0.051054954528808594,3.211728096008301,1
pure_rrt_1773013598,pure_rrt,614,-0.9262075992470025,-0.3047579803591006,1.4354867816350751,0.232378893627587,-0.26584134837208256,1.3115,1.1658515719150864,1.3911208211619603,0.05085301399230957,2.911346197128296,1
pure_rrt_1773013598,pure_rrt,615,0.30926527301313156,-0.43790557029301186,1.4458823178595785,0.007094710918766123,0.11744595763254173,1.3115,0.6463597879811093,0.5626063740798506,0.050893545150756836,2.1051013469696045,1
pure_rrt_1773013598,pure_rrt,616,0.18446106836452436,0.09624365412232745,1.439902077758443,1.0968075067992018,0.4665524831926259,1.3115,0.9929711708728212,2.707200654359738,0.15096306800842285,6.512507200241089,1
pure_rrt_1773013598,pure_rrt,617,1.1394345504646863,0.5125599004553719,1.6504196175667474,0.3571490710123255,-0.46639716385197666,1.3115,1.2981502271658942,1.4140914173284103,0.1013641357421875,3.607537269592285,1
pure_rrt_1773013598,pure_rrt,618,0.4061356259030152,-0.4868596707999874,1.6429549391227236,0.06953224629889043,0.0031157783578292797,1.3115,0.6806174789168811,0.7762297081381134,0.1012415885925293,3.508819818496704,1
pure_rrt_1773013598,pure_rrt,619,0.09215263112270056,0.009038407268569332,1.6180760993325574,0.9295390388776137,0.2492248055164148,1.3115,0.9235228240156906,0.9130776070563635,0.050988197326660156,2.7092838287353516,1
pure_rrt_1773013598,pure_rrt,620,0.9659916790509011,0.2722437118437224,1.6355682567151353,-0.6140470545418966,0.34316045733369205,1.3115,1.6144880982697913,1.9522994360997628,0.05141282081604004,3.914457082748413,1
pure_rrt_1773013598,pure_rrt,621,-0.6502291586930498,0.3521837430794434,1.6311004010976329,-0.32642867972581047,0.4621224583189917,1.3115,0.46805735510693963,0.8347867388662366,0.10207891464233398,3.1094815731048584,1
pure_rrt_1773013598,pure_rrt,622,-0.30533952518193297,0.4915398325206145,1.629990280950746,0.04402304923960998,0.6048766575955294,1.3115,0.4861435008149292,0.40997188093441533,0.1021432876586914,2.909067153930664,1
pure_rrt_1773013598,pure_rrt,623,0.07098600107603992,0.6532820434984685,1.6448085447973089,0.2938658768642759,-0.227296706518467,1.3115,0.9675685815732483,1.5269729997719905,0.10232806205749512,4.815714359283447,1
pure_rrt_1773013598,pure_rrt,624,0.3490876813890008,-0.23123895982461987,1.646339377676994,0.6368840153105959,-0.21189334362515966,1.3115,0.4419484036943267,0.3609569924458974,0.10178565979003906,2.807347536087036,1
pure_rrt_1773013598,pure_rrt,625,0.7095958482326229,-0.21556477461483906,1.6551071693247876,0.2711670359400662,0.4463029980881349,1.3115,0.8650749440380588,1.4731932747864351,0.10200357437133789,3.9111998081207275,1
pure_rrt_1773013598,pure_rrt,626,0.3054381300776615,0.4839465672775871,1.6422662390968505,0.7671425036146926,0.30746118985558224,1.3115,0.5947472756669716,0.5281577690607803,0.05147218704223633,3.3137366771698,1
pure_rrt_1773013598,pure_rrt,627,0.8134771222455414,0.34004197250339846,1.6468472966915273,-0.4756595102227057,-0.5928709750345802,1.3115,1.6262403371746401,2.090418017402362,0.10210847854614258,4.513016223907471,1
pure_rrt_1773013598,pure_rrt,628,-0.4570738809927128,-0.6127977342422469,1.620652404310724,0.8056922690383939,0.4841059419385002,1.3115,1.70098537135812,3.7151372896065777,0.05095362663269043,6.712784051895142,1
pure_rrt_1773013598,pure_rrt,629,0.8317102343264824,0.5191261709961204,1.6376288154562024,0.015568367742194722,-0.0416657601081849,1.3115,1.0425618162268588,2.428563589278319,0.15128612518310547,6.012793064117432,1
pure_rrt_1773013598,pure_rrt,630,0.1506800142948983,-0.08485370312446087,1.426629481138364,-0.8351119008402077,-0.08781707453131926,1.3115,0.9924964881262925,2.1149857280323925,0.05111098289489746,4.007929801940918,1
pure_rrt_1773013598,pure_rrt,631,-0.9822002661694619,-0.06758838786836525,1.4277002773165144,0.499599279306548,-0.5582861321932405,1.3115,1.5652529104610746,1.5037700930129088,0.051203012466430664,3.711060047149658,1
pure_rrt_1773013598,pure_rrt,632,0.38898253012285383,-0.6645016771821672,1.429990509090865,0.7213945456207789,-0.35998393530240413,1.3115,0.4661210185258278,0.6525139958897612,0.051268815994262695,3.2073183059692383,1
pure_rrt_1773013598,pure_rrt,633,0.8184817763897851,-0.48591370323795047,1.431079340286848,-0.8554329689051047,0.6280058557070382,1.3115,2.014226049116457,3.581875498151033,0.10139298439025879,6.722130298614502,1
pure_rrt_1773013598,pure_rrt,634,-0.7284170776390291,0.537495043173678,1.6590607892731135,-0.28906435644184514,-0.7233308084854596,1.3115,1.3796779131650654,3.1694833833928437,0.2027132511138916,7.4179441928863525,1
pure_rrt_1773013598,pure_rrt,635,-0.30602371414462326,-0.8558916310319878,1.425549463269056,0.5946236935318749,-0.5467237052486478,1.3115,0.9590400613944805,0.8793673543631116,0.10179829597473145,2.9076738357543945,1
pure_rrt_1773013598,pure_rrt,636,0.5614837826522332,-0.7136826583380902,1.4360137169654137,0.4322273020580487,0.30964329166113547,1.3115,1.0389450916337954,1.5772756233011218,0.10164523124694824,3.5136876106262207,1
pure_rrt_1773013598,pure_rrt,637,0.3389517561407047,0.4608530619090163,1.4395589776944975,-0.6973854569120961,-0.07299938951725227,1.3115,1.1727712312382335,1.3087197202012124,0.052065372467041016,3.2117233276367188,1
pure_rrt_1773013598,pure_rrt,638,-0.8669199081856742,-0.03854556374742135,1.4371876939912132,-0.06611493855300599,-0.652302474151308,1.3115,1.0167514646548252,1.23332201110672,0.05125856399536133,3.4096760749816895,1
pure_rrt_1773013598,pure_rrt,639,-0.08067149206673055,-0.8011220109569445,1.4293001085691621,0.7289221862382782,0.559123347675183,1.3115,1.5873204544799975,3.0483397788854156,0.10105681419372559,5.811689615249634,1
pure_rrt_1773013598,pure_rrt,640,0.6282291829770794,0.41588695367748374,1.6512461105385883,0.16274681988542894,-0.33139675849137723,1.3115,0.943681194285633,3.4025460765506175,0.10143518447875977,7.115060806274414,1
pure_rrt_1773013598,pure_rrt,641,0.005242147904541694,-0.38299629151441394,1.4339163117595508,0.7017298091806639,0.2285368197644434,1.3115,0.9349083173686569,2.17299628787779,0.051490068435668945,4.409027576446533,1
pure_rrt_1773013598,pure_rrt,642,0.8749870186826401,0.24813262661825872,1.4376730767828327,-0.0745051538221132,-0.3372708611781259,1.3115,1.1225650424259677,2.301838914666541,0.05111527442932129,4.410824298858643,1
pure_rrt_1773013598,pure_rrt,643,-0.2276159932337889,-0.38504828586617723,1.4312800793426903,0.7195027972144252,0.5337593456901674,1.3115,1.3249863148099337,1.6499762653111907,0.051392555236816406,3.1130645275115967,1
pure_rrt_1773013598,pure_rrt,644,0.7415621798845289,0.7034222887307263,1.4352754250522914,-0.2357955201266979,-0.08837558076363028,1.3115,1.2639194182201303,1.4500333256278568,0.10154867172241211,3.6161060333251953,1
pure_rrt_1773013598,pure_rrt,645,-0.40086634678967115,-0.06289627857093077,1.4343711100962186,1.0673405702764713,0.08619951396360237,1.3115,1.480864077614365,2.3908296771884032,0.15236711502075195,4.114621877670288,1
pure_rrt_1773013598,pure_rrt,646,1.2349692876487088,0.057738333319631886,1.4364465210328927,-0.6293712152816018,0.4780175762846578,1.3115,1.9152054161504248,3.4426475705530355,0.10186004638671875,4.914346933364868,1
pure_rrt_1773013598,pure_rrt,647,-0.7062213518882701,0.5856032319263067,1.42616108799078,0.288184010714875,0.11545302747263908,1.3115,1.1059070508053321,0.9308193528964711,0.051455020904541016,3.3129656314849854,1
pure_rrt_1773013598,pure_rrt,648,0.14152145623460144,0.2023748420301358,1.4358662431346385,-0.39349140961462037,0.2379709170640545,1.3115,0.5504296590968203,0.6751242754337428,0.10158824920654297,2.506586790084839,1
pure_rrt_1773013598,pure_rrt,649,-0.5170753969666531,0.35080747101776216,1.433694659105004,0.22205691740243627,-0.02828656796502782,1.3115,0.8396192013351526,0.6564789210062585,0.05135345458984375,2.3080806732177734,1
pure_rrt_1773013598,pure_rrt,650,0.05189804972449019,0.024381500100159006,1.4394415106156755,-0.3350666079546122,-0.060540489048141355,1.3115,0.41632009400487735,0.5641089420666409,0.05126690864562988,4.309511661529541,1
pure_rrt_1773013598,pure_rrt,651,-0.5108880881952288,-0.01406185877007314,1.4422770817930695,0.37478335523942197,-0.6683477841533301,1.3115,1.1088762884075725,1.1841141479950488,0.051373958587646484,2.4052624702453613,1
pure_rrt_1773013598,pure_rrt,652,0.3097773343538566,-0.7967899713466803,1.427829240025192,-0.8727330384651101,-0.040708562688046235,1.3115,1.408375791622575,1.577257343485324,0.05131840705871582,2.5061750411987305,1
pure_rrt_1773013598,pure_rrt,653,-1.0111244639954,-0.013156889715587497,1.426196408568923,0.5282273981372294,-0.6568644598915563,1.3115,1.6724589255021043,1.884211637165477,0.05100703239440918,3.4088172912597656,1
pure_rrt_1773013598,pure_rrt,654,0.5341739687282715,-0.8002066172861135,1.4271227640197757,-0.38379509124182976,0.2750021731529463,1.3115,1.418488548300405,1.9689178082738177,0.05130410194396973,3.8121612071990967,1
pure_rrt_1773013598,pure_rrt,655,-0.4994920155889163,0.39420508765963425,1.4340754213094047,-0.159016372937552,-0.37147962450766187,1.3115,0.8468892935884551,0.8901631228692356,0.05091691017150879,2.3106210231781006,1
pure_rrt_1773013598,pure_rrt,656,-0.3072303766818594,-0.42941707732775675,1.4310469223114763,0.6906641590600464,0.48243232696994964,1.3115,1.3570388009249337,1.6705119657763001,0.0510859489440918,33.06327509880066,0
pure_rrt_1773013598,pure_rrt,657,0.7048790934699815,0.6593408621884347,1.4396444656834184,-0.12515561704495182,0.5816437442574088,1.3115,0.8434544841778279,0.873718626304287,0.10332036018371582,4.610928058624268,1
pure_rrt_1773013598,pure_rrt,658,-0.16525835903559727,0.7217173719827731,1.4279377729503042,0.10573942818563264,-0.21037054130394084,1.3115,0.9776427945541307,1.0196413533763038,0.050932884216308594,2.5112433433532715,1
pure_rrt_1773013598,pure_rrt,659,-0.04523326013097928,-0.21872428371596703,1.4281919904136375,-0.8643519995530874,-0.5136064560613489,1.3115,0.8783666805305694,0.9865072251634625,0.0510408878326416,3.108314275741577,1
pure_rrt_1773013598,pure_rrt,660,-0.9670659898815902,-0.5693980658863075,1.42531241181775,1.0417061551650382,0.302665923804576,1.3115,2.1928553071086534,3.263251229435486,0.05135369300842285,4.408989906311035,1
pure_rrt_1773013598,pure_rrt,661,1.198156613779848,0.3403870139522582,1.4319643513289124,-0.2822605224766237,-0.5982285968273232,1.3115,1.7570275530173212,3.1392809220235467,0.051232337951660156,4.71150279045105,1
pure_rrt_1773013598,pure_rrt,662,-0.38109528731660325,-0.7072079954463515,1.428798601937666,-0.7774953234364869,-0.24829065985205573,1.3115,0.6176544920595523,0.7127710553995741,0.05087852478027344,1.804656744003296,1
pure_rrt_1773013598,pure_rrt,663,-0.9292215855584675,-0.2659344458617466,1.4299717837575263,-0.015330852408945383,-0.11412074251113002,1.3115,0.9339589049890203,0.7810354365553149,0.05096626281738281,2.7104194164276123,1
pure_rrt_1773013598,pure_rrt,664,-0.16625631739276714,-0.09904852241475488,1.4297671061717532,-0.14003012663341596,-0.6710642022624129,1.3115,0.5847023682828426,0.7182311592931144,0.05141258239746094,2.21044921875,1
pure_rrt_1773013598,pure_rrt,665,-0.21882156414412557,-0.7812072483309656,1.425216211807348,0.756560535670151,0.4253781535387363,1.3115,1.5556831134491982,2.5407120539652768,0.05109906196594238,4.31114387512207,1
pure_rrt_1773013598,pure_rrt,666,0.8749197212294887,0.5660649451865373,1.4439805170458178,0.06306253585102972,0.4663353579041206,1.3115,0.8286188312046027,0.7035711590533842,0.10215401649475098,2.5084948539733887,1
pure_rrt_1773013598,pure_rrt,667,0.17265596371129258,0.6081895030262394,1.4404966708282347,0.3315647063048961,-0.33725576981630173,1.3115,0.9673463151828072,1.460014108528851,0.10215044021606445,4.0158233642578125,1
pure_rrt_1773013598,pure_rrt,668,0.16897241464472845,-0.39971864989639116,1.43791546296424,0.5909001620182794,-0.30932802966915707,1.3115,0.4496380294250546,0.2505160026920087,0.10191965103149414,2.712656021118164,1
pure_rrt_1773013598,pure_rrt,669,0.4190310087868629,-0.39423054351584613,1.4476659217378551,0.5405760426661483,-0.469278212295571,1.3115,0.19734869164174257,0.1874497335756211,0.10218477249145508,2.0057387351989746,1
pure_rrt_1773013598,pure_rrt,670,0.4100210626349654,-0.5792187079931385,1.4358326302943674,-0.14404817226730493,-0.6631816578415994,1.3115,0.5740218610544011,0.6309924285177912,0.10190629959106445,3.107741594314575,1
pure_rrt_1773013598,pure_rrt,671,-0.1755884078300848,-0.8088753161595021,1.4286673447183913,-0.3426313147251605,0.40494983016977526,1.3115,1.2308545833174638,1.7181427862425203,0.10184788703918457,3.3112363815307617,1
pure_rrt_1773013598,pure_rrt,672,-0.43436588520032093,0.5132708626789155,1.4265367148460746,-0.20438112630365834,-0.7164438351192162,1.3115,1.2563139229778852,1.5859484719445918,0.05129384994506836,3.0099081993103027,1
pure_rrt_1773013598,pure_rrt,673,-0.2682353642854044,-0.8253244675580981,1.425069035346015,0.1038576063748392,-0.18750588727180983,1.3115,0.7471035041830587,0.9249870026139628,0.051084041595458984,2.6116764545440674,1
pure_rrt_1773013598,pure_rrt,674,0.23522391957883493,-0.27784974026495307,1.431353888178203,-0.8533309865246298,-0.10533325091088563,1.3115,1.1086382084397093,1.8620045993472663,0.10140085220336914,3.7108864784240723,1
pure_rrt_1773013598,pure_rrt,675,-1.0169164164528146,-0.08576216640077698,1.433795693277041,0.46988877410364527,-0.31449905922220245,1.3115,1.509260241773215,1.3547487383160184,0.0515744686126709,3.1096701622009277,1
pure_rrt_1773013598,pure_rrt,676,0.2984601824688954,-0.3960342609264202,1.4475667885682146,0.16020876645050341,0.5980429931856396,1.3115,1.0128263484553166,1.5527703397989774,0.05100846290588379,3.4088029861450195,1
pure_rrt_1773013598,pure_rrt,677,0.217453638531908,0.7490048089946015,1.432201259707186,0.6534535757025641,0.3660317083393486,1.3115,0.5927336122856676,0.47924256349164573,0.05126523971557617,2.5102672576904297,1
pure_rrt_1773013598,pure_rrt,678,0.6546737529186928,0.5550838342723781,1.4464596784814996,-0.8382112158073415,-0.3399939687875041,1.3115,1.7458762608485365,1.9865003619081083,0.0511472225189209,3.1110923290252686,1
pure_rrt_1773013598,pure_rrt,679,-0.962564382846834,-0.37010170140487764,1.4244483498804255,-0.18307453434045307,-0.23223020879870215,1.3115,0.7996063419825198,0.6403982385571688,0.05125784873962402,2.3058114051818848,1
pure_rrt_1773013598,pure_rrt,680,-0.3343103263102527,-0.24633414902634762,1.4286746394783854,0.40828122592637817,0.5955431658036748,1.3115,1.1286848642626102,1.2980069954597833,0.051114559173583984,2.5103437900543213,1
pure_rrt_1773013598,pure_rrt,681,0.37645296195970146,0.7388670071475039,1.4273400427766105,0.9079471184655314,0.33311461987231217,1.3115,0.6786309407106692,0.8145098638820831,0.10229778289794922,4.210805654525757,1
pure_rrt_1773013598,pure_rrt,682,1.0667242858790957,0.43976785645964867,1.4482291010944819,-0.08415350936417543,-0.3267937885831933,1.3115,1.3895435589865133,2.01542584469151,0.051085710525512695,4.417963027954102,1
pure_rrt_1773013598,pure_rrt,683,-0.23837966855759074,-0.37124035122285515,1.4319415479062114,-0.3842315954735552,-0.07787810621818292,1.3115,0.3490563820378097,0.44186815935740587,0.1020052433013916,2.9091429710388184,1
pure_rrt_1773013598,pure_rrt,684,-0.5418548765740171,-0.052202483911347144,1.4316196683491866,-0.7583523011957277,0.5730031865577921,1.3115,0.6724447932573483,0.8957092071535165,0.1021416187286377,3.4145395755767822,1
pure_rrt_1773013598,pure_rrt,685,-0.7047580567276702,0.7299547438336316,1.4337660539892174,1.0918119009002851,0.005118725267561297,1.3115,1.9411336518694742,2.433041709846659,0.25216007232666016,7.0152740478515625,1
pure_rrt_1773013598,pure_rrt,686,1.0918340775136808,0.005519381525118647,1.3111417898261468,-0.14822075694596204,-0.4333261377587037,1.3115,1.315416858101168,2.5247841868521936,0.10152411460876465,6.01538872718811,1
pure_rrt_1773013598,pure_rrt,687,-0.03932886243836442,-0.33500585680176487,1.6605504191530793,0.36062383758380534,0.3305362297967972,1.3115,0.851319344546999,3.577653049361196,0.20114922523498535,6.111898899078369,1
pure_rrt_1773013598,pure_rrt,688,0.5263264323197453,0.4145944572121841,1.4446516494502581,0.7346473120081394,0.13080176764296303,1.3115,0.37638443288531875,3.531932909949904,0.1516408920288086,6.613282203674316,1
pure_rrt_1773013598,pure_rrt,689,0.9155657001256658,0.11312531063505729,1.4430257210254709,-0.35786833114070526,-0.26870590552895474,1.3115,1.335937245874925,1.9497876077419976,0.05092000961303711,3.8115909099578857,1
pure_rrt_1773013598,pure_rrt,690,-0.5373975938943407,-0.31479707759513065,1.4438490648897138,0.05851674748903035,0.4800539227821242,1.3115,1.0022067102371053,1.132414909151843,0.051256656646728516,2.5100131034851074,1
pure_rrt_1773013598,pure_rrt,691,-0.010025830063218888,0.6167315549818807,1.428762844875718,-0.5810453662390808,-0.7322256542793862,1.3115,1.469523541118273,1.8740201157429808,0.0511469841003418,3.3114523887634277,1
pure_rrt_1773013598,pure_rrt,692,-0.6373694555519465,-0.8455194160428974,1.425851090968631,-0.6068672455116899,0.5732014823320027,1.3115,1.4236486730611384,1.8932104222063104,0.051360130310058594,3.3096752166748047,1
pure_rrt_1773013598,pure_rrt,693,-0.6640526343463644,0.6837097321594907,1.4245672405560177,0.11919627802863031,0.19079833717803818,1.3115,0.9323222098213289,0.7841576461672637,0.0509493350982666,2.908769130706787,1
pure_rrt_1773013598,pure_rrt,694,-0.003347493410688629,0.26154333614567765,1.426229035621387,0.7264056029320753,-0.11142046806674344,1.3115,0.8275290523534904,2.0139925352071484,0.051361083984375,4.1129584312438965,1
pure_rrt_1773013598,pure_rrt,695,0.8729666801899375,-0.22230711273384313,1.4435955465870283,-0.7859903136815638,-0.5152598025271058,1.3115,1.689795496325044,1.8325689420222337,0.10149168968200684,3.109790802001953,1
pure_rrt_1773013598,pure_rrt,696,-0.8678068615388597,-0.6694294079004248,1.4379000194498954,-0.7739415651965167,0.4161746384072059,1.3115,1.0969611680154727,2.354580133209596,0.30254554748535156,5.717233419418335,1
pure_rrt_1773013598,pure_rrt,697,-0.7246816961978716,0.5969220281063183,1.4453484374713117,0.8192017148186501,-0.4105234229443796,1.3115,1.84836082188199,3.1040765954114216,0.15219974517822266,5.915849447250366,1
pure_rrt_1773013598,pure_rrt,698,0.6583023475407648,-0.360006214114354,1.654437304005353,1.0127338841371516,0.6238817099092168,1.3115,1.1005740118919525,4.414155907107621,0.2522563934326172,8.121569871902466,1
pure_rrt_1773013598,pure_rrt,699,1.097506986619834,0.7467636114529702,1.4274943146776153,0.25582784310199935,-0.3863895899160518,1.3115,1.4163031594412647,2.0457198310745,0.051279544830322266,3.610934257507324,1
pure_rrt_1773013598,pure_rrt,700,0.11545491617517323,-0.4394259377462901,1.429009509631665,-0.7281523440624563,0.11209964558409624,1.3115,1.0147227027357952,1.1664997592671087,0.05112934112548828,2.9108400344848633,1
pure_rrt_1773013598,pure_rrt,701,-0.868352010640227,0.18063469464620427,1.4299042028663538,0.6979235204835756,0.5044529426531971,1.3115,1.603775811139414,1.6842784191972022,0.0512392520904541,3.0123932361602783,1
pure_rrt_1773013598,pure_rrt,702,0.714408464211182,0.6782904642892713,1.4381097819541249,0.16053300394595738,0.5998210655803261,1.3115,0.57355514896497,0.5789043759924946,0.051390886306762695,2.1044421195983887,1
pure_rrt_1773013598,pure_rrt,703,0.14038183607068538,0.7492179206820386,1.4291798218677219,0.07221601101951647,0.2439870349611335,1.3115,0.5232144570499324,0.6719757422100989,0.051027536392211914,2.909492254257202,1
pure_rrt_1773013598,pure_rrt,704,0.23262577582818666,0.2641169362737238,1.431941417125916,0.4482021494703994,-0.5194505520070305,1.3115,0.8215578595099896,0.924373629370045,0.10119271278381348,3.7091543674468994,1
pure_rrt_1773013598,pure_rrt,705,0.44889350207975554,-0.5194947428483807,1.310996764558451,0.11581120711023685,-0.7263703175496284,1.3115,0.39209893123552714,0.3980407249536382,0.05118846893310547,3.0132367610931396,1
pure_rrt_1773013598,pure_rrt,706,0.11489010792866006,-0.7265742083268989,1.311361893867303,0.9627166436317918,-0.42879810482464153,1.3115,0.898599166220771,4.077071206239481,0.703418493270874,8.421689987182617,1
pure_rrt_1773013598,pure_rrt,707,0.9799826482829568,-0.43893038304943666,1.6121420798212012,-0.23545008049477467,0.42220983111243904,1.3115,1.5196133872765338,2.142158974563454,0.10178947448730469,5.715722322463989,1
pure_rrt_1773013598,pure_rrt,708,-0.25525411942131737,0.4321967969716577,1.6135142794646038,-0.02331259440488853,-0.7029207447514066,1.3115,1.197289158705984,2.9019779098086316,0.25197863578796387,5.514867067337036,1
pure_rrt_1773013598,pure_rrt,709,-0.0072988435452271405,-0.7353770574784214,1.6297879784890135,-0.6381278000284636,-0.34607209393880634,1.3115,0.8067284327609463,0.8105856330828185,0.051018714904785156,3.5093212127685547,1
pure_rrt_1773013598,pure_rrt,710,-0.6563082657463594,-0.3659092959828539,1.6185720642923629,1.0956314405683147,-0.6812918751800238,1.3115,1.8063920279086094,1.9392417996561717,0.051224470138549805,2.7106099128723145,1
pure_rrt_1773013598,pure_rrt,711,1.1457478115076887,-0.7280187314752908,1.6531458865322015,-0.09514787489317056,0.2933600733788092,1.3115,1.643094239329511,3.2090050930784244,0.1514124870300293,5.715259313583374,1
pure_rrt_1773013598,pure_rrt,712,-0.12439620514203265,0.29951997698735605,1.6230694047101242,0.2708569655279518,-0.2523155271211091,1.3115,0.7468754825743986,3.009133701530228,0.20129823684692383,6.412267684936523,1
pure_rrt_1773013598,pure_rrt,713,0.38420002591798075,-0.335105757280481,1.4258780813767589,0.24499472514803222,-0.25031319386482426,1.3115,0.1991236803408335,0.02116760947875361,0.05097484588623047,0.7029836177825928,1
pure_rrt_1773013598,pure_rrt,714,0.3632642640476945,-0.3376018659924218,1.4276937351717727,-0.49326278155357534,0.5186605050920506,1.3115,1.216685995676292,2.8587148169081638,0.051500797271728516,4.609760522842407,1
pure_rrt_1773013598,pure_rrt,715,-0.5532114751752578,0.6551423529842579,1.428026109759573,-0.4352697841673163,-0.6895102303905329,1.3115,1.3548354685016228,1.9200068229705003,0.050911903381347656,3.5156145095825195,1
pure_rrt_1773013598,pure_rrt,716,-0.48192682275237864,-0.8241047659212655,1.4267367221019214,0.8449388426308926,-0.35487420577556533,1.3115,1.4121010284920956,1.3847337853875732,0.1024465560913086,4.416540622711182,1
pure_rrt_1773013598,pure_rrt,717,0.8698945945810144,-0.5406775287878123,1.445662421294505,-0.007630675878305571,0.054042058835830686,1.3115,1.0685230664265244,1.4963520084694388,0.10176968574523926,3.7097697257995605,1
pure_rrt_1773013598,pure_rrt,718,-0.15257444976695533,0.11043576324551618,1.4297149398160611,-0.31309279724180683,-0.2579087619411845,1.3115,0.4188300384485192,0.5089414873479376,0.10180282592773438,1.906686544418335,1
pure_rrt_1773013598,pure_rrt,719,-0.47313357478176454,-0.2831392961730288,1.4334310595310562,0.8960504068781925,-0.1666784563026511,1.3115,1.3795271241029996,2.5234847444849002,0.20186185836791992,6.11393404006958,1
pure_rrt_1773013598,pure_rrt,720,0.9272774591693798,-0.1667442031635442,1.6253953992997692,0.1131239869535745,-0.4617695301552918,1.3115,0.9210950773884318,0.8483924814206352,0.050932884216308594,2.4099292755126953,1
pure_rrt_1773013598,pure_rrt,721,0.13835062710180657,-0.4754470694927644,1.6225741696458067,-0.21583876644882194,0.431811497025791,1.3115,1.0224164376837326,1.0546413288911318,0.05122804641723633,4.512111663818359,1
pure_rrt_1773013598,pure_rrt,722,-0.17863567030762073,0.4683739861991222,1.643699234754576,-0.736226951441398,0.5496379311712704,1.3115,0.6541163483053831,0.8620908906915459,0.05096077919006348,2.809657096862793,1
pure_rrt_1773013598,pure_rrt,723,-0.7649537013539764,0.5709427767817052,1.629986184719817,0.7341613475576942,0.4054248249490492,1.3115,1.541484859513613,1.6405038685896445,0.05109143257141113,3.510530948638916,1
pure_rrt_1773013598,pure_rrt,724,0.7591927690432867,0.4340267254119019,1.6321496588255184,0.6553654210184392,0.15649004375382158,1.3115,0.43660386114711897,0.26882554579295703,0.051175832748413086,2.6119067668914795,1
pure_rrt_1773013598,pure_rrt,725,0.6923461705325784,0.17470557841010784,1.6345605031345158,0.19548540352276933,-0.3548828861676149,1.3115,0.7947972397365834,0.9977115350187482,0.051070451736450195,3.7091240882873535,1
pure_rrt_1773013598,pure_rrt,726,0.2396917261335384,-0.3663770087734789,1.637072698926739,-0.6195679999771684,0.30886123520879283,1.3115,1.1402944993897628,2.679803205711147,0.2013530731201172,5.611035346984863,1
pure_rrt_1773013598,pure_rrt,727,-0.7250047382909105,0.3971842031814268,1.4260427797831672,0.16261517891163635,-0.667932306918664,1.3115,1.391208951201403,1.5062888717660932,0.05108380317687988,3.40759539604187,1
pure_rrt_1773013598,pure_rrt,728,0.0793102546273543,-0.760849185768878,1.425872741726757,-0.2700781376808913,-0.3253829881615924,1.3115,0.5698983961974129,0.4521356567363089,0.10115242004394531,4.259238243103027,1
pure_rrt_1773013598,pure_rrt,729,-0.2513519836360396,-0.5156481387584323,1.4473678719876952,0.5725613818824087,0.5854457167242183,1.3115,1.3819193142510344,2.429083156484858,0.05097675323486328,4.609628915786743,1
pure_rrt_1773013598,pure_rrt,730,0.6350185696774965,0.7372948547636247,1.4324314358530916,0.5974385200321732,0.422736470870381,1.3115,0.3390923903398078,0.28227789836314277,0.051038503646850586,2.608720064163208,1
pure_rrt_1773013598,pure_rrt,731,0.7358738595208185,0.49078843117683135,1.430010326839537,-0.2282650443663523,0.23614171167735676,1.3115,1.0042178425561923,0.8364795307677122,0.05095863342285156,2.9118003845214844,1
pure_rrt_1773013598,pure_rrt,732,-0.0663218519355464,0.2538837899550192,1.4323584004761862,-0.13779492183130937,0.4962658303333324,1.3115,0.2801146304353649,0.33250566938489423,0.10197210311889648,2.708467960357666,1
pure_rrt_1773013598,pure_rrt,733,-0.012615534973070885,0.5786801765839531,1.4279450093667663,0.6219200506898841,-0.2027497937876348,1.3115,1.0133250457153402,3.5868693522722346,0.15299487113952637,5.82019305229187,1
pure_rrt_1773013598,pure_rrt,734,0.741092383386805,-0.3443495160128368,1.4433669125391613,-0.7175005720594603,0.005138821808710725,1.3115,1.5056641028374655,2.053890394172954,0.10188150405883789,3.6091928482055664,1
pure_rrt_1773013598,pure_rrt,735,-0.8788584863725925,0.0622535709324805,1.4353305879684228,0.6742120639374543,0.05910380042638941,1.3115,1.5580025897960499,2.5120318022315753,0.10184907913208008,4.315281391143799,1
pure_rrt_1773013598,pure_rrt,736,0.8399687128804683,0.02295917204749104,1.4362460329440023,-0.34712359536506443,0.08353503015795838,1.3115,1.195164907289698,1.0165833854311261,0.10162925720214844,3.2137486934661865,1
pure_rrt_1773013598,pure_rrt,737,-0.17616660790453642,0.05293793611296991,1.43714271221354,0.6313484699584673,-0.602143065372664,1.3115,1.047376632647439,1.1587688431248917,0.051971435546875,3.109802722930908,1
pure_rrt_1773013598,pure_rrt,738,0.6829879239424111,-0.705439882110382,1.4250074815746563,-0.14108551343279763,0.5388387611707296,1.3115,1.4967332162701197,3.2559200803947173,0.051172733306884766,5.010999917984009,1
pure_rrt_1773013598,pure_rrt,739,-0.07728117982293878,0.6977865045989957,1.4363852211156543,0.5427953920267652,-0.10860201840077433,1.3115,1.0248676614254826,3.232988744827731,0.05099773406982422,5.511611700057983,1
pure_rrt_1773013598,pure_rrt,740,0.6918260027192503,-0.19741519565762333,1.4373614790251659,0.5718404642018282,0.4409633018038125,1.3115,0.6616379277042984,2.5274918837861526,0.10109877586364746,35.01760387420654,0
pure_rrt_1773013598,pure_rrt,741,0.5412854924770366,0.6145788684337612,1.4379550114802298,-0.48603312494023276,-0.26850015761552404,1.3115,1.3605892024666186,1.56628840039876,0.2021620273590088,5.315000057220459,1
pure_rrt_1773013598,pure_rrt,742,-0.6599140812749826,-0.30683128104237656,1.4403755029718983,0.8246567774683911,0.22040738982501695,1.3115,1.5806771162872932,3.7718009294870805,0.2020583152770996,6.420281887054443,1
pure_rrt_1773013598,pure_rrt,743,0.8861330499002441,0.2515453868551094,1.6519083901962848,1.0041337022090848,-0.06114047353963514,1.3115,0.4770476636062057,2.095149443209737,0.25383520126342773,6.914104461669922,1
pure_rrt_1773013598,pure_rrt,744,1.0333362087498545,-0.05566099830331441,1.6236811626745367,0.6852596027814168,0.2661259626718627,1.3115,0.5675925036546665,0.6424881835615257,0.10115599632263184,3.5100560188293457,1
pure_rrt_1773013598,pure_rrt,745,0.7346841155638867,0.2956922389102206,1.6465590268961356,0.7898927035370973,-0.7273116907341028,1.3115,1.0778912652760058,1.6915771714485681,0.20108819007873535,6.111554384231567,1
pure_rrt_1773013598,pure_rrt,746,0.8031751995281199,-0.7634757066190696,1.6316086922789315,-0.005555247610260716,-0.42014654153556086,1.3115,0.9350879245280156,0.9101250271228103,0.05182242393493652,2.109858512878418,1
pure_rrt_1773013598,pure_rrt,747,-0.02335182631657373,-0.44352420732380726,1.6220515418142583,0.21002488646629347,0.5857064682019449,1.3115,1.100101237903015,4.390434677496159,0.05109977722167969,7.715305328369141,1
pure_rrt_1773013598,pure_rrt,748,0.2300261066514977,0.6259073900355404,1.6382027467381612,0.5509757235932942,0.4422680073589721,1.3115,0.4934235140436419,0.5302128189907636,0.10138726234436035,3.711099147796631,1
pure_rrt_1773013598,pure_rrt,749,0.5505916361435107,0.44223827586993053,1.3118432948184735,0.22246542407415681,-0.1981352409457905,1.3115,0.7195451132050369,1.9231511296650552,0.40178966522216797,6.065128564834595,1
pure_rrt_1773013598,pure_rrt,750,0.36735402077484847,-0.20190174157272028,1.661732083598701,-0.5612845013878042,-0.3173514814466976,1.3115,0.9991799936264196,1.8530052619902435,0.10191917419433594,3.5151419639587402,1
pure_rrt_1773013598,pure_rrt,751,-0.5950294571959472,-0.34442090457243346,1.6365355014596035,0.4602973345220358,0.3516402397409456,1.3115,1.30532135167924,2.6904786131985547,0.353687047958374,5.71931004524231,1
pure_rrt_1773013598,pure_rrt,752,0.4177363667016504,0.5316316563404139,1.4440866806303465,0.26020053859090986,0.40130893770708453,1.3115,0.24368171045667786,0.2810974966936913,0.10209774971008301,3.4155428409576416,1
pure_rrt_1773013598,pure_rrt,753,0.40955539680431596,0.4904457279445397,1.4378341601031726,0.46290747957452694,-0.6717776120094923,1.3115,1.1702862285265083,2.523442981585505,0.051552772521972656,4.612013101577759,1
pure_rrt_1773013598,pure_rrt,754,0.3842453542254406,-0.7822259893715583,1.4260121112255335,-0.2649687797471162,-0.258035016256462,1.3115,0.8422399846020238,0.95666246162558,0.051023006439208984,2.2085278034210205,1
pure_rrt_1773013598,pure_rrt,755,-0.4173202992852445,-0.2799310866375457,1.4297268378288754,0.5792095182699357,-0.18717937222150305,1.3115,1.007795685139945,1.5259633837843207,0.051444292068481445,3.3112478256225586,1
pure_rrt_1773013598,pure_rrt,756,0.7091177773990429,-0.30909708122764745,1.4408752223925227,-0.3066270006572567,-0.1483783074306131,1.3115,1.036487301691911,1.617044523375235,0.05105781555175781,3.5090019702911377,1
pure_rrt_1773013598,pure_rrt,757,-0.4761586681628831,-0.140520432528927,1.4358486639922754,-0.7608472295172096,-0.22923248140439412,1.3115,0.3230789297034754,0.46907451424915647,0.0509486198425293,2.8095548152923584,1
pure_rrt_1773013598,pure_rrt,758,-0.932513269907802,-0.24896690178522862,1.436565781030815,0.4578716726584042,0.12575567909811725,1.3115,1.4454164627274577,2.2101509174849325,0.052106380462646484,4.009021997451782,1
pure_rrt_1773013598,pure_rrt,759,0.6274408727481301,0.11082156733343573,1.4352589825923372,0.6153626803560968,-0.6037136387619593,1.3115,0.7252742441680512,0.9356808360111077,0.05136442184448242,2.4101884365081787,1
pure_rrt_1773013598,pure_rrt,760,0.6431504159735151,-0.7484318588899023,1.4273281818896861,-0.016738485507689083,0.6040266500545625,1.3115,1.5093089638752648,2.531507991448925,0.050985097885131836,4.108687877655029,1
pure_rrt_1773013598,pure_rrt,761,-0.051942611932751626,0.7417400538260474,1.4275504252004727,-0.5174992002517989,0.5907095733929885,1.3115,0.5030117733575645,0.4574496589507528,0.10125994682312012,2.505866527557373,1
pure_rrt_1773013598,pure_rrt,762,-0.5084555411288143,0.7506946148041886,1.4309792741607876,0.5894880399421893,0.2250577841097099,1.3115,1.2231310158570685,1.424245470498431,0.05114340782165527,2.5099050998687744,1
pure_rrt_1773013598,pure_rrt,763,0.7496807956536168,0.23868436728000478,1.4314258584213677,-0.08493226570821055,-0.37988441442002957,1.3115,1.0457478240033435,2.448438066565234,0.05110311508178711,4.415507793426514,1
pure_rrt_1773013598,pure_rrt,764,-0.2291279485580645,-0.4346816340673858,1.430151409928706,-0.3407660954740023,-0.3480276724311783,1.3115,0.1845268056195187,0.39551550903215915,0.10212397575378418,3.108649730682373,1
pure_rrt_1773013598,pure_rrt,765,-0.30946057955240347,-0.5323620483674654,1.4456305284549962,0.32340893150868144,-0.6372302122527363,1.3115,0.6553717635746762,0.6672578679213993,0.10218358039855957,2.707918882369995,1
pure_rrt_1773013598,pure_rrt,766,0.3057163489154654,-0.7894643202442593,1.4295495397902882,-0.2837696536108647,-0.6164999611226787,1.3115,0.6255766224416561,0.6942448956647637,0.10204362869262695,2.5076487064361572,1
pure_rrt_1773013598,pure_rrt,767,-0.3796749116702365,-0.7236888701132014,1.4276504251108246,0.4123365534752399,-0.3755896137237382,1.3115,0.8728952826509069,1.0040527016043694,0.1018984317779541,2.4083645343780518,1
pure_rrt_1773013598,pure_rrt,768,0.5045927012958444,-0.5041736178732097,1.431199040294227,-0.3757299834402349,0.18586011978420036,1.3115,1.1249188631246934,1.9833480322178634,0.1021585464477539,3.914018392562866,1
pure_rrt_1773013598,pure_rrt,769,-0.5071756092972372,0.2716540893759665,1.4293997001442844,-0.2528175446685492,-0.3705137473281736,1.3115,0.7006981481587055,0.7352987886047881,0.05132102966308594,2.1082916259765625,1
pure_rrt_1773013598,pure_rrt,770,-0.40351434603607517,-0.42820837602715556,1.4324193983733895,1.00342625072617,-0.5974854247492369,1.3115,1.4222369925384246,1.478766384793561,0.05173659324645996,2.3052353858947754,1
pure_rrt_1773013598,pure_rrt,771,1.0051680371267921,-0.754358196987622,1.4301750564908633,0.5868128225595588,0.47023351531610824,1.3115,1.2995113375541159,2.201209269377749,0.05099821090698242,4.0084733963012695,1
pure_rrt_1773013598,pure_rrt,772,0.5627380907099835,0.6418391293314794,1.4375647153661326,0.5166586761354328,0.19147373060414052,1.3115,0.4699410785180544,0.6509950101841742,0.0517880916595459,2.9102115631103516,1
pure_rrt_1773013598,pure_rrt,773,0.690080619596934,0.1980065875445136,1.4370280509192732,0.28235944458604956,-0.39523848516721755,1.3115,0.7307075779110238,2.247617918094454,0.0511319637298584,4.510720729827881,1
pure_rrt_1773013598,pure_rrt,774,0.13481244891141664,-0.4631049403589138,1.4318829615599258,-0.0821120004326944,0.4108874075569223,1.3115,0.9085212701817279,1.1221022394854892,0.05117487907409668,2.509376287460327,1
pure_rrt_1773013598,pure_rrt,775,-0.16919670906440587,0.533979254711131,1.42916211420135,1.063427783697986,-0.6029988794005848,1.3115,1.6810493124011068,2.2788418758530637,0.0509638786315918,4.311755895614624,1
pure_rrt_1773013598,pure_rrt,776,1.079697499466406,-0.7540592460881739,1.4297222532893614,-0.6894162925921903,0.28528009645514196,1.3115,2.0552290333155407,2.482173713711455,0.05124855041503906,3.409966468811035,1
pure_rrt_1773013598,pure_rrt,777,-0.8025222066302722,0.3785397746018089,1.4269993290288894,-0.3602335252479161,-0.1461298396849181,1.3115,0.6958718106381734,2.1151081886496637,0.051003456115722656,4.209209203720093,1
pure_rrt_1773013598,pure_rrt,778,-0.21849416739635963,-0.24389079664994026,1.4373416264541674,0.2952978071586698,0.09966277503525889,1.3115,0.6307514286019839,0.7507329463738154,0.051071882247924805,2.309518814086914,1
pure_rrt_1773013598,pure_rrt,779,0.4587269921789018,0.07838296479072163,1.4332704893045913,0.5422524977354473,-0.6174280977801392,1.3115,0.7113069639332561,0.9262939368750139,0.05100393295288086,2.50954532623291,1
pure_rrt_1773013598,pure_rrt,780,0.5537099471489036,-0.7681835578626575,1.4285828358059627,0.5911492847400546,-0.7241136087884116,1.3115,0.1305842825574226,0.09247135226468838,0.050957679748535156,3.1065738201141357,1
pure_rrt_1773013598,pure_rrt,781,0.5889985755987555,-0.853545133979634,1.4255892235123881,-0.3362618578307204,-0.40285287563543604,1.3115,1.0354934728539598,1.181134474214869,0.10141897201538086,4.015427350997925,1
pure_rrt_1773013598,pure_rrt,782,-0.47065767508990086,-0.4542500896894857,1.4271294938203296,0.5792777470261792,0.09064938976175774,1.3115,1.188549541736251,1.9413144919137293,0.1062166690826416,3.710131883621216,1
pure_rrt_1773013598,pure_rrt,783,0.7463143828795339,0.06568723735819089,1.4336995297101933,1.0128545875703923,0.4090877797003162,1.3115,0.4515532507455825,0.5253569330053376,0.15341496467590332,3.7149431705474854,1
pure_rrt_1773013598,pure_rrt,784,1.0138042507262357,0.40858970173797426,1.3123884723553978,0.9756322271191329,0.004804949440220696,1.3115,0.40558601918402676,0.41001035669916647,0.10163116455078125,1.9151973724365234,1
pure_rrt_1773013598,pure_rrt,785,0.9764496770823938,0.004614131831805229,1.31179550585234,0.599391120449855,0.27089849846843095,1.3115,0.46160654931293077,0.46164701525389756,0.15190815925598145,3.3145744800567627,1
pure_rrt_1773013598,pure_rrt,786,0.6002285004187324,0.2715913624784364,1.3114630079329523,-0.1374541560314867,0.522133320028653,1.3115,0.7790680172417294,0.7787878605360493,0.15254473686218262,3.307870626449585,1
pure_rrt_1773013598,pure_rrt,787,-0.13658358268817739,0.5219286343954181,1.3114695329482156,-0.3401323344944924,-0.23675118403462048,1.3115,0.785510765160597,2.1531739445819684,0.2522449493408203,6.113058567047119,1
pure_rrt_1773013598,pure_rrt,788,-0.49118741644666786,-0.2519184796121143,1.4293365956195685,0.6876010870231237,-0.1187293887050418,1.3115,1.1921271463717338,1.816624736047454,0.05152153968811035,3.50754451751709,1
pure_rrt_1773013598,pure_rrt,789,0.8333047629689422,-0.2106225199664065,1.437327505444686,0.5252233656218699,-0.1554757674916145,1.3115,0.3373245808213108,0.209291491566688,0.051006317138671875,3.9087047576904297,1
pure_rrt_1773013598,pure_rrt,790,0.6474003916408293,-0.30144012783845553,1.447966656402817,0.9827081917514127,-0.6550552797597549,1.3115,0.5060614041725441,0.6086773713320296,0.05150747299194336,2.6105875968933105,1
pure_rrt_1773013598,pure_rrt,791,0.9792465691082303,-0.8013943631650078,1.4271950668777458,0.006848358831640811,-0.7128910862631377,1.3115,0.9832479127215727,0.9722178097750647,0.050968170166015625,3.1087918281555176,1
pure_rrt_1773013598,pure_rrt,792,0.007996093861572628,-0.8442336190848142,1.4246007350760532,-0.7616590146973758,-0.06823446782753106,1.3115,1.0987881711948186,1.3973580383509716,0.05169534683227539,2.8084053993225098,1
pure_rrt_1773013598,pure_rrt,793,-0.9029875552970537,-0.04663603405498942,1.4267289396811393,0.6421215230456496,-0.18011197266138612,1.3115,1.5551384500114245,2.3004877236966172,0.15128684043884277,4.6109583377838135,1
pure_rrt_1773013598,pure_rrt,794,0.7718434259225119,-0.2614262244092335,1.4291248097464644,-0.5568863356430278,-0.5225243679913348,1.3115,1.3592389840347896,1.3573950562206654,0.05119776725769043,2.9104065895080566,1
pure_rrt_1773013598,pure_rrt,795,-0.5155286746198671,-0.6767299692406769,1.4306172800788644,0.4434828210481352,0.4684429006729801,1.3115,1.4984368112212962,3.073077311313857,0.10100936889648438,6.312822103500366,1
pure_rrt_1773013598,pure_rrt,796,0.33673160455769635,0.3619947205468258,1.6605751973281941,-0.6541240467191944,-0.3456564487893649,1.3115,1.2666564619185214,2.560518093322757,0.10096430778503418,5.963513135910034,1
pure_rrt_1773013598,pure_rrt,797,-0.8092565837385276,-0.3972091827227479,1.432485526818647,0.1477412175446713,-0.0071490583553298626,1.3115,1.0404946852252481,0.9107352430649839,0.10293221473693848,2.9082705974578857,1
pure_rrt_1773013598,pure_rrt,798,-0.011380643258578238,0.0412352523807802,1.4337694141549373,0.7691971950498533,0.34148837359124806,1.3115,0.8452239396116767,1.4647359674944342,0.10226321220397949,3.509631395339966,1
pure_rrt_1773013598,pure_rrt,799,0.9338741057025607,0.4137330302517947,1.4400222745404352,1.015479363698967,-0.29405574725072386,1.3115,0.7239767584282085,2.9099530676942256,0.4032318592071533,5.719033718109131,1
pure_rrt_1773013598,pure_rrt,800,1.0780191434760913,-0.47147162976157864,1.445758951992099,0.9923014504417409,0.4610629011375361,1.3115,0.9460410352666421,2.643312804794555,0.25245189666748047,5.216030597686768,1
pure_rrt_1773013598,pure_rrt,801,1.108211481894291,0.5962441832908616,1.4411724440264382,0.2237816980840477,-0.05169598271418396,1.3115,1.1040187697467239,1.423159257441969,0.1013789176940918,3.1070683002471924,1
pure_rrt_1773013598,pure_rrt,802,0.052258232772238955,-0.008117220866132396,1.4389477693263706,0.46869663189973165,0.40828610704637824,1.3115,0.6025409576707218,0.6953426100371177,0.10166025161743164,2.0106096267700195,1
pure_rrt_1773013598,pure_rrt,803,0.40313459956996645,0.5667584834242013,1.4358432917137085,-0.0024845883230601995,0.09589124139119343,1.3115,0.6338013406430835,0.6644958543886742,0.05116558074951172,2.1050353050231934,1
pure_rrt_1773013598,pure_rrt,804,-0.15164479783692053,0.2052064939390143,1.4440084470282968,-0.5177200471247456,0.21048673736095558,1.3115,0.38935518186559315,0.4964005125558927,0.05120444297790527,3.7089786529541016,1
pure_rrt_1773013598,pure_rrt,805,-0.6197652327931656,0.3698240543761825,1.4472396184991196,-0.5454061405366584,-0.7402628062089974,1.3115,1.1208244093859479,1.5894703880391137,0.05088186264038086,3.3104100227355957,1
pure_rrt_1773013598,pure_rrt,806,-0.5870773079645242,-0.8624482451827371,1.4254256080252632,0.14759789952808022,-0.5212875113499028,1.3115,0.8179959357952735,0.8327761501241517,0.05115175247192383,2.2108516693115234,1
pure_rrt_1773013598,pure_rrt,807,0.20673275266192254,-0.656408544658366,1.4290077494788802,-0.5444871132549325,0.48103550506684367,1.3115,1.3681806621901267,2.4045773741828445,0.05116534233093262,4.009460687637329,1
pure_rrt_1773013598,pure_rrt,808,-0.6167619309793689,0.6092091240111727,1.4284448301313337,-0.6642052497579977,-0.437475567276014,1.3115,1.0542655285866696,1.2416574304073338,0.051062822341918945,2.610078811645508,1
pure_rrt_1773013598,pure_rrt,809,-0.7999105724872653,-0.5038423395014967,1.4286654505525695,-0.3867117133225697,-0.6636760132246889,1.3115,0.4582661271292527,0.42472318647745844,0.05103802680969238,3.5090432167053223,1
pure_rrt_1773013598,pure_rrt,810,-0.4697137126590354,-0.7668678296372244,1.4258662965091549,-0.4378441241585326,0.5758514909282876,1.3115,1.347957897809988,1.7447970209193568,0.051508426666259766,4.311450719833374,1
pure_rrt_1773013598,pure_rrt,811,-0.4936503189631769,0.6936974886619907,1.4248087464597599,-0.048933744816775926,-0.1536304858669817,1.3115,0.9636266910812321,0.9283905662445313,0.051001787185668945,2.3060173988342285,1
pure_rrt_1773013598,pure_rrt,812,-0.19187887701089834,-0.14975622374942518,1.4271467225062562,0.518653562632386,-0.5070925708127123,1.3115,0.8036913444503496,0.7642907211276769,0.05135798454284668,3.312410831451416,1
pure_rrt_1773013598,pure_rrt,813,0.39614416393328555,-0.6153523226606552,1.4327123270300341,0.8523844471459194,0.12456959775404919,1.3115,0.8776856342450664,1.4086227510649365,0.10190820693969727,3.4105446338653564,1
pure_rrt_1773013598,pure_rrt,814,1.0218433367695505,0.10829064891893816,1.4365032385577086,0.3273742966390014,-0.5819618335953592,1.3115,0.9870975367039024,1.0812700934406314,0.10204386711120605,2.407177686691284,1
pure_rrt_1773013598,pure_rrt,815,0.3756893090881756,-0.7113289095761666,1.4265492460396951,0.4986899684022992,-0.4596095955891263,1.3115,0.30286647922825255,0.3580169456411595,0.10225248336791992,2.916282892227173,1
pure_rrt_1773013598,pure_rrt,816,0.36340222610363665,-0.5603673919494332,1.435058358828871,-0.4680449281032409,-0.0452758421206374,1.3115,0.985844989326532,1.1564337840673666,0.1022191047668457,4.6166675090789795,1
pure_rrt_1773013598,pure_rrt,817,-0.6410083591514489,0.002144527202886354,1.4392964561964336,0.698246581101315,-0.64813092472374,1.3115,1.4942536239160271,1.6263826752098318,0.10188174247741699,2.8121073246002197,1
pure_rrt_1773013598,pure_rrt,818,0.6760638347010407,-0.797593850436463,1.4281661962950474,0.37254123701011155,0.2031798586690211,1.3115,1.0522760975636347,1.5230171959714713,0.10252141952514648,3.30802321434021,1
pure_rrt_1773013598,pure_rrt,819,0.24669015361571078,0.32856317589710515,1.440280231705556,0.5608653387874356,-0.007007832496427002,1.3115,0.4773869465434474,2.0971246033394144,0.05100893974304199,4.612782716751099,1
pure_rrt_1773013598,pure_rrt,820,0.7225574282680115,-0.06551111802288234,1.4371849201715412,0.7984724645555845,-0.07647993718811175,1.3115,0.14724166151925103,0.239438770826738,0.050866127014160156,1.4034132957458496,1
pure_rrt_1773013598,pure_rrt,821,0.9478224113377868,-0.14652231736670002,1.4330927386363497,0.021464932023983252,-0.49095042214168094,1.3115,0.9957678910913912,0.974054221197671,0.05124258995056152,2.5062615871429443,1
pure_rrt_1773013598,pure_rrt,822,0.09418861060552897,-0.6112023822229147,1.4270774744778065,0.05122593666981712,-0.638988574676352,1.3115,0.1263962675455005,0.1619499563959693,0.05110812187194824,1.4040374755859375,1
pure_rrt_1773013598,pure_rrt,823,0.08208762113917034,-0.7716760604227042,1.426206748559916,0.9143161245786253,-0.4634284518083033,1.3115,0.8948622845548692,0.9273042322407171,0.05152606964111328,2.51090669631958,1
pure_rrt_1773013598,pure_rrt,824,0.9909121588660265,-0.5890408232849003,1.427732600168424,-0.1011994109438692,0.0013795649036320023,1.3115,1.24692178304946,1.0641654627991188,0.05112600326538086,3.106898546218872,1
pure_rrt_1773013598,pure_rrt,825,0.06751466876321621,-0.06454769550368512,1.4415017154082719,0.4119662907700534,-0.6411791493821326,1.3115,0.6841426748231735,0.8344246346423125,0.051235198974609375,2.7105770111083984,1
pure_rrt_1773013598,pure_rrt,826,0.4157770361992241,-0.7890203019332732,1.4276452645450055,-0.013858034678332576,0.627128554262654,1.3115,1.4844371322185477,2.402083441363221,0.0511782169342041,3.9109370708465576,1
pure_rrt_1773013598,pure_rrt,827,-0.04654784915252408,0.7605557962010263,1.426251137050699,-0.4367393520567793,-0.26138478589081365,1.3115,1.0998998980449624,1.281273108532546,0.051409244537353516,3.6083786487579346,1
pure_rrt_1773013598,pure_rrt,828,-0.5927315430553551,-0.28498504752479475,1.4309794824720616,-0.1405039367361356,-0.10513627387830493,1.3115,0.5011294603504657,1.3299720446182344,0.05199241638183594,3.510335683822632,1
pure_rrt_1773013598,pure_rrt,829,0.008626540238078406,-0.19023901431757423,1.4363805030492323,0.5317735286641838,-0.7315083011011984,1.3115,0.7630533089872464,0.8590836487841177,0.05133223533630371,3.1132967472076416,1
pure_rrt_1773013598,pure_rrt,830,0.53789635411898,-0.855514909993704,1.423635401929585,0.08626692773225886,-0.7356992844316926,1.3115,0.48051979280059254,0.4381566570916192,0.1020660400390625,2.1065831184387207,1
pure_rrt_1773013598,pure_rrt,831,0.09977388422715833,-0.8525321328636493,1.423709065480684,0.21396678105324107,-0.6516793903834021,1.3115,0.2568515451061514,0.1265076335435797,0.10216784477233887,2.307469606399536,1
pure_rrt_1773013598,pure_rrt,832,0.1353373889763192,-0.772423620188649,1.427018854891462,0.6768446747270751,0.28990036755188486,1.3115,1.197959515712253,2.894716256259551,0.10271334648132324,4.915621280670166,1
pure_rrt_1773013598,pure_rrt,833,0.8428303910962675,0.33155165675810583,1.4374566527563357,-0.5948768049404534,0.17917036842369227,1.3115,1.4512364097361277,1.7663675148259403,0.051657676696777344,3.2133684158325195,1
pure_rrt_1773013598,pure_rrt,834,-0.7244206756534333,0.3093018823491742,1.4427029914610632,-0.5362958460074426,-0.4751040753370026,1.3115,0.8172501960545699,0.9589249517126527,0.1014556884765625,2.5057532787323,1
pure_rrt_1773013598,pure_rrt,835,-0.6663482568324137,-0.5697207085880572,1.4327455059319698,0.92710886460404,0.29947485127922724,1.3115,1.819150074034094,2.9335451703487596,0.15143871307373047,4.512949228286743,1
pure_rrt_1773013598,pure_rrt,836,1.0870086940195574,0.33786790963315244,1.4327281455093006,0.8892515452490997,0.052280480699406384,1.3115,0.3679189213922444,0.4305365545081905,0.05138540267944336,3.7094063758850098,1
pure_rrt_1773013598,pure_rrt,837,0.888773092843744,0.05227783591085768,1.3117698218975302,0.06631185827011554,0.2413296318304281,1.3115,0.8439094363263444,0.8444129875948059,0.05126690864562988,2.6099090576171875,1
pure_rrt_1773013598,pure_rrt,838,0.06582167733478173,0.24094526405607966,1.3113166888979415,-0.2509952660992084,-0.4111781371378468,1.3115,0.7250089238309768,0.7438167969372398,0.05098724365234375,3.108142137527466,1
pure_rrt_1773013598,pure_rrt,839,-0.25098719979361983,-0.4105764462964916,1.310955641174071,0.9263359345171644,-0.046300045381000965,1.3115,1.2323909100499904,1.2327598544892318,0.10149049758911133,3.6091983318328857,1
pure_rrt_1773013598,pure_rrt,840,0.9266427003239688,-0.04617711572437927,1.3123105813626763,0.5067814796633678,-0.21703449766440308,1.3115,0.4532949885230969,2.069079661409512,0.25135064125061035,4.709335565567017,1
pure_rrt_1773013598,pure_rrt,841,0.3174302722760367,-0.24177896915248084,1.4481287409454175,0.7051505549729924,-0.3693461418390514,1.3115,0.4304274782285426,0.8094582034609608,0.05137205123901367,3.0066685676574707,1
pure_rrt_1773013598,pure_rrt,842,0.7835714666770273,-0.5241233566540795,1.4368023480970349,0.9882337262704779,0.1313782628268565,1.3115,0.698047055779664,0.7711697512068101,0.05101132392883301,2.1070117950439453,1
pure_rrt_1773013598,pure_rrt,843,1.1527355148200944,0.11918820555007045,1.4328120733426326,-0.4945835083880026,0.21143667751998207,1.3115,1.654353760216584,3.0028393824009676,0.1024312973022461,4.7116310596466064,1
pure_rrt_1773013598,pure_rrt,844,-0.619802800172223,0.2968907536212347,1.429115943439275,-0.34849337663394175,0.16654533014677553,1.3115,0.323159779168945,0.15908615107562663,0.051062583923339844,2.2100658416748047,1
pure_rrt_1773013598,pure_rrt,845,-0.47320465072640094,0.23524946069204258,1.4269231005146028,0.6350073379048093,-0.4850694145788456,1.3115,1.3267688517408989,1.379931084675975,0.05113983154296875,2.8118233680725098,1
pure_rrt_1773013598,pure_rrt,846,0.5211918243591671,-0.6174710043263426,1.437107414611182,-0.14293582225959567,-0.1489562849218008,1.3115,0.8224042776563106,0.9711530759185715,0.10157966613769531,2.812931776046753,1
pure_rrt_1773013598,pure_rrt,847,-0.30780802412728026,-0.14194416083433872,1.4332943875608302,-0.8062533675208123,0.4650012515541143,1.3115,0.7947731543097081,0.9393599214501018,0.10246133804321289,3.517958879470825,1
pure_rrt_1773013598,pure_rrt,848,-0.8854805534950304,0.5804591606019563,1.4263843664206841,-0.7957429864496395,0.17324831565397425,1.3115,0.4325181161874697,0.3325565287876106,0.10183429718017578,2.712798595428467,1
pure_rrt_1773013598,pure_rrt,849,-0.9259072865532092,0.2538827569767338,1.4293287472666092,0.887250250467259,-0.2960506903709585,1.3115,1.8983810640248882,2.3009403219672575,0.10202288627624512,3.4141483306884766,1
pure_rrt_1773013598,pure_rrt,850,0.9389407876365667,-0.4788929300123958,1.446773539249638,0.762973846293665,0.4178532318156848,1.3115,0.9238057012273162,2.1432535698138535,0.10198831558227539,4.713871002197266,1
pure_rrt_1773013598,pure_rrt,851,0.8138041415414347,0.5976625815975953,1.4455856372664158,-0.7396987785166769,-0.6125827548070257,1.3115,1.9738399263971114,2.43868827003643,0.20154929161071777,4.311592102050781,1
pure_rrt_1773013598,pure_rrt,852,-0.8186790562912063,-0.6669446001925183,1.4266425853413787,0.6099005136808135,0.365357782858846,1.3115,1.7662801625886149,2.103105877381448,0.05115056037902832,3.207146644592285,1
pure_rrt_1773013598,pure_rrt,853,0.5895534819644461,0.5516019714546917,1.4449205610453681,-0.3943539662208879,-0.6875579638947726,1.3115,1.5878892461628191,1.942014734251158,0.10120940208435059,3.5123844146728516,1
pure_rrt_1773013598,pure_rrt,854,-0.3952616746674801,-0.6873109556053867,1.3112185680158226,-0.8285518876808068,-0.24777353950759806,1.3115,0.61719820807178,1.6700463564002102,0.10110998153686523,3.4096899032592773,1
pure_rrt_1773013598,pure_rrt,855,-1.0108601445253642,-0.28187793398032823,1.4427972779474139,-0.2530740253850783,0.156065915546997,1.3115,0.885027453188266,0.8583179671533417,0.050989627838134766,3.30859375,1
pure_rrt_1773013598,pure_rrt,856,-0.3835023056091118,0.2907438668043083,1.445367531373936,0.6419484119169989,0.11402299860314857,1.3115,1.049142485694264,2.4290980487826075,0.05103421211242676,4.809742450714111,1
pure_rrt_1773013598,pure_rrt,857,0.816277092220448,0.09319642962287111,1.4386970705098752,0.7861711023603526,0.1082289988498808,1.3115,0.1315729588833326,0.13785922013532279,0.05109453201293945,3.4086921215057373,1
pure_rrt_1773013598,pure_rrt,858,0.9539945149055514,0.08775216635113485,1.435716502803339,0.8403066952930975,0.06345076001193839,1.3115,0.17013294286230543,0.06918181281781623,0.05119061470031738,3.2104976177215576,1
pure_rrt_1773013598,pure_rrt,859,0.9975339882352676,0.034166055117196434,1.4323792909613644,0.6268391911299018,-0.13528831131014007,1.3115,0.4251367049380711,0.34015525495955595,0.05110931396484375,3.5093185901641846,1
pure_rrt_1773013598,pure_rrt,860,0.7661854124193261,-0.21439139682050137,1.4324567717039807,-0.419368833357705,0.07707447884378149,1.3115,1.2268340421498505,2.2409973933891227,0.05114626884460449,4.013691425323486,1
pure_rrt_1773013598,pure_rrt,861,-0.5582470178470103,0.13202586719439796,1.4280282501209554,-0.19534373879491818,-0.01797116141139099,1.3115,0.4096055805449657,1.8494668119046125,0.05121135711669922,4.215683460235596,1
pure_rrt_1773013598,pure_rrt,862,-0.028872917014160837,-0.09264688511584562,1.441846432961907,1.0715756933942486,0.1494252694180327,1.3115,1.134273452363391,1.2525637032671149,0.1572115421295166,3.2157983779907227,1
pure_rrt_1773013598,pure_rrt,863,1.1983476148174579,0.14583074492439024,1.4249227606183466,0.302639590136226,-0.6696998521372546,1.3115,1.2166543234823786,1.329345878063784,0.10214519500732422,2.4073221683502197,1
pure_rrt_1773013598,pure_rrt,864,0.3343318084647656,-0.7887466520887715,1.4246310761018752,0.46986765871746305,-0.23032952228764492,1.3115,0.5856605654634928,0.5540178926124036,0.1016380786895752,3.212972402572632,1
pure_rrt_1773013598,pure_rrt,865,0.5904140836669253,-0.31537935194358147,1.427906396300901,0.11871242239924107,0.20627458378083063,1.3115,0.7128644576630431,2.074983516266902,0.10154843330383301,4.112725019454956,1
pure_rrt_1773013598,pure_rrt,866,-0.007440977754413991,0.2904883794074423,1.4290343419798544,-0.3273787609384131,-0.5283721746245814,1.3115,0.886965114084518,1.0350142692735937,0.10116291046142578,2.6057028770446777,1
pure_rrt_1773013598,pure_rrt,867,-0.44403427413644947,-0.6067780503407133,1.4262888208625366,-0.5175163876067244,0.2258611860139541,1.3115,0.8437204467786433,0.9873883208143626,0.05105471611022949,2.710268259048462,1
pure_rrt_1773013598,pure_rrt,868,-0.6358841875750242,0.30398041849313334,1.4267173142397203,0.7866615521044387,-0.5097931391353075,1.3115,1.6429056010848748,1.7937955627578526,0.0512239933013916,2.8102176189422607,1
pure_rrt_1773013598,pure_rrt,869,0.713979717115374,-0.670124250409734,1.4394699016335881,0.33542029665248485,0.2183047686607953,1.3115,0.974160999256248,1.3162156165248606,0.05102276802062988,3.113546133041382,1
pure_rrt_1773013598,pure_rrt,870,0.20866868576702202,0.3355000650761657,1.4367719134418317,1.0315437312129305,-0.0066252016571894945,1.3115,0.8999256029541293,2.1441148041229297,0.10125923156738281,4.50935959815979,1
pure_rrt_1773013598,pure_rrt,871,1.2010427716242973,-0.08983316560915233,1.4464964364371768,-0.5683843530827866,0.043762337979898924,1.3115,1.7795910052815864,2.5175771377116747,0.051297903060913086,4.109236240386963,1
pure_rrt_1773013598,pure_rrt,872,-0.720334686427313,0.10219453490794618,1.4320473293143916,0.28288417407720745,0.0715624080181434,1.3115,1.010899632938213,2.291215734225747,0.10118865966796875,4.312818765640259,1
pure_rrt_1773013598,pure_rrt,873,0.4468289684158495,0.040131457192469494,1.434768084296269,-0.8100838570307366,-0.16133751193350654,1.3115,1.278911496898388,2.14945786420153,0.05113840103149414,4.013564586639404,1
pure_rrt_1773013598,pure_rrt,874,-0.9794838160231222,-0.15720209535727295,1.4349158468568919,0.873088497177801,0.47012495789672426,1.3115,1.9597946011351206,2.277870654884597,0.05154776573181152,3.3146555423736572,1
pure_rrt_1773013598,pure_rrt,875,0.9839207443855705,0.6095739569722892,1.440177399217915,0.8374597197532845,0.4744923801203481,1.3115,0.23718291930624474,0.05964602612204898,0.10254359245300293,3.409411907196045,1
pure_rrt_1773013598,pure_rrt,876,0.9670896108200742,0.5587974224439062,1.430673402034833,-0.3051182540264423,0.35982778917292546,1.3115,1.2931759609944335,1.4001510145935976,0.10193657875061035,2.507789373397827,1
pure_rrt_1773013598,pure_rrt,877,-0.3697800566406758,0.5269429664279274,1.4402522490057872,0.905579145997627,0.11249435316455625,1.3115,1.347177007825693,3.0848446174564605,0.10174798965454102,5.417316198348999,1
pure_rrt_1773013598,pure_rrt,878,1.066735036566473,0.09530565065468433,1.431873465881564,0.8065228783924627,-0.6572705497459671,1.3115,0.8053391061903039,1.0448774709135618,0.05118727684020996,2.5093157291412354,1
pure_rrt_1773013598,pure_rrt,879,0.8100848734833057,-0.8015719641693977,1.4278938683243994,1.0601300905555178,0.3795221485915038,1.3115,1.212869921451871,3.0148731134364954,0.10120153427124023,6.213014602661133,1
pure_rrt_1773013598,pure_rrt,880,0.9284205428802609,0.2710202840097232,1.6527079532070406,-0.7043248905105854,-0.21318890788667988,1.3115,1.7368762359786514,2.442495929789809,0.15113067626953125,3.7105891704559326,1
pure_rrt_1773013598,pure_rrt,881,-0.6148682993526716,-0.2081182963513527,1.4281393762702779,-0.4183970299113334,-0.09844669202062684,1.3115,0.25344341500438644,0.3003395245021122,0.05117392539978027,1.704207181930542,1
pure_rrt_1773013598,pure_rrt,882,-0.3313155206777809,-0.1091625175138689,1.4286983500503125,-0.5410326614154786,-0.5406433756794271,1.3115,0.49385469860779635,0.400139518828241,0.10113716125488281,3.5095558166503906,1
pure_rrt_1773013598,pure_rrt,883,-0.45739624433291703,-0.4816986474931635,1.4262716556358808,1.0451032241642717,-0.13879657153813363,1.3115,1.5453993074496977,1.9051031895190458,0.1512126922607422,3.7077298164367676,1
pure_rrt_1773013598,pure_rrt,884,1.1874033030055209,-0.23344088056743478,1.4367569049916655,-0.2263647344424471,-0.3316472445288514,1.3115,1.422699492472002,1.8445550649436577,0.05107688903808594,3.311357021331787,1
pure_rrt_1773013598,pure_rrt,885,-0.3869216810754188,-0.384597868536048,1.43563080114621,-0.3646902130647699,-0.25479066559687824,1.3115,0.1809768048618364,0.17761172707439496,0.05094003677368164,1.1032929420471191,1
pure_rrt_1773013598,pure_rrt,886,-0.5319108897678483,-0.28211310659558697,1.436450597510154,-0.45577524558329024,0.3685984817607634,1.3115,0.6669594135738595,0.7944925216015962,0.10131001472473145,3.4071810245513916,1
pure_rrt_1773013598,pure_rrt,887,-0.5546276754553738,0.4741390625871048,1.426351195139881,0.8407539831228337,-0.5301326224889098,1.3115,1.7230329037969492,2.005209042216773,0.10102534294128418,3.2093963623046875,1
pure_rrt_1773013598,pure_rrt,888,0.7886720947648831,-0.695293672510225,1.4366775478749094,-0.27360452864594087,0.0311230928008156,1.3115,1.2929742302389606,1.537527291194384,0.05106759071350098,2.711381435394287,1
pure_rrt_1773013598,pure_rrt,889,-0.42559912510256925,0.08582132993108611,1.4314741542046077,0.2779455855865929,-0.04843096322432694,1.3115,0.7262180360148698,0.5462565620310157,0.0516049861907959,3.6146347522735596,1
pure_rrt_1773013598,pure_rrt,890,0.1124386824152177,-0.008430665068875423,1.4357179440749386,-0.3306446917999506,-0.07271564632052674,1.3115,0.46463483828769075,0.6091242293865201,0.10238528251647949,2.306910753250122,1
pure_rrt_1773013598,pure_rrt,891,-0.4957923680842852,-0.041106619177179934,1.4350878568314764,-0.2655894063391301,0.38695178416867704,1.3115,0.5014991112927751,0.5877796763624042,0.10212516784667969,1.9056789875030518,1
pure_rrt_1773013598,pure_rrt,892,-0.3563717069037977,0.5139708956236634,1.4308625322342072,0.03561108262851009,0.2531583488349892,1.3115,0.4857171048596971,0.31817611424671377,0.10301780700683594,2.4080214500427246,1
pure_rrt_1773013598,pure_rrt,893,-0.08371546966283916,0.3500109675108348,1.4302376459969408,0.6671116841617806,0.4416668858063514,1.3115,0.7656636669294609,0.8251757676941788,0.10214924812316895,2.0057969093322754,1
pure_rrt_1773013598,pure_rrt,894,0.672591813828189,0.6232638872441162,1.4418028074408946,0.7920942114664942,0.6165058539459877,1.3115,0.17693308249827405,0.23278200481539907,0.10160088539123535,1.8054354190826416,1
pure_rrt_1773013598,pure_rrt,895,0.8529142941097103,0.761813251772006,1.4311686550830145,-0.4861799628726349,-0.07057465360334703,1.3115,1.5812538193179628,1.8127845985497975,0.10151886940002441,2.807199716567993,1
pure_rrt_1773013598,pure_rrt,896,-0.6582560432587516,-0.03434899064548379,1.4374296412902638,0.08466447108769093,0.4087285985663941,1.3115,0.8741320925661561,1.3950506170935397,0.05129528045654297,3.4110538959503174,1
pure_rrt_1773013598,pure_rrt,897,0.22941561204537408,0.5150243829027163,1.4405199053249096,-0.06671288451368396,-0.2920077127979616,1.3115,0.8692750001785424,1.5832703973472346,0.05101776123046875,3.8105475902557373,1
pure_rrt_1773013598,pure_rrt,898,-0.22896475877501632,-0.329103785386208,1.434937132395706,-0.6232639807735634,-0.47311999739184807,1.3115,0.4375491646011771,0.5181682841381953,0.051114559173583984,3.7124836444854736,1
pure_rrt_1773013598,pure_rrt,899,-0.6233515566899924,-0.4726429637782561,1.3113101190863146,0.25223554413935023,0.05297807719350267,1.3115,1.021239583009653,0.9606877164735569,0.05118703842163086,3.7091262340545654,1
pure_rrt_1773013598,pure_rrt,900,0.09825595419331368,0.11787396518038454,1.433769827670897,-0.41748342946912026,0.016357955925252132,1.3115,0.5396689010442108,0.6768784449460942,0.05096745491027832,2.505934476852417,1
pure_rrt_1773013598,pure_rrt,901,-0.5773727949598261,0.07684930393072473,1.4362828718157648,-0.5930949370344178,0.041385570737440425,1.3115,0.13067374342999305,0.17990646943834135,0.05095362663269043,3.2106711864471436,1
pure_rrt_1773013598,pure_rrt,902,-0.753663128482694,0.11266437185963189,1.4380138002235303,-0.43951717575865806,-0.49178089046024526,1.3115,0.6928545997544049,0.7612226438984416,0.05098748207092285,2.2090258598327637,1
pure_rrt_1773013598,pure_rrt,903,-0.5664780853110984,-0.5882769822704687,1.4319779017613987,0.9645593356553386,0.5896790458242923,1.3115,1.9355027546705206,2.5003402398929824,0.050885677337646484,3.809840679168701,1
pure_rrt_1773013598,pure_rrt,904,1.0444812136569999,0.7285472208628916,1.432679802423673,-0.13064538162166994,0.35308412984044624,1.3115,1.2395884769417664,1.1831392643916738,0.051009416580200195,2.7061209678649902,1
pure_rrt_1773013598,pure_rrt,905,-0.12124160020299002,0.5436912092036323,1.4483871514176658,0.2305476934596684,0.4181960499555518,1.3115,0.3977974790689556,0.35646705717392185,0.050928354263305664,31.859398365020752,0
pure_rrt_1773013598,pure_rrt,906,0.22230634038228947,0.6009033578453611,1.442848078573047,0.46041946576550896,-0.44002714203942084,1.3115,1.075865458045279,1.418548016236371,0.051084280014038086,3.310018301010132,1
pure_rrt_1773013598,pure_rrt,907,0.3255924922595386,-0.5510698539186217,1.4386060348083236,-0.37815613566886386,-0.3812981458842526,1.3115,0.7350105497506215,0.8630154781306515,0.051148414611816406,2.709761619567871,1
pure_rrt_1773013598,pure_rrt,908,-0.5338433659845835,-0.4726034801858442,1.4400396507138953,0.697922919780505,0.11894995681459164,1.3115,1.3724817278857304,1.8516755792735815,0.05127263069152832,3.507797956466675,1
pure_rrt_1773013598,pure_rrt,909,0.8746005635457857,0.09781615405928096,1.440020083872886,0.035397364472574466,-0.260424561782775,1.3115,0.9214748134270595,1.7907731414698183,0.05174970626831055,3.9142274856567383,1
pure_rrt_1773013598,pure_rrt,910,-0.13103515713284797,-0.2897175664109749,1.4351579198590643,0.9519059869791033,-0.6879587704243457,1.3115,1.1604520064735084,1.2593950027775298,0.05148506164550781,3.712456226348877,1
pure_rrt_1773013598,pure_rrt,911,0.9434350365199325,-0.828283513457965,1.426690267282892,-0.4009933324345899,0.5051890742822617,1.3115,1.8970781689695968,2.4684909662447496,0.10140776634216309,3.7122433185577393,1
pure_rrt_1773013598,pure_rrt,912,-0.4641483548841103,0.6416148587464249,1.4287337751689029,0.6344609233463696,-0.530727711697232,1.3115,1.6109230915003017,1.8377238686620236,0.10126399993896484,3.2130069732666016,1
pure_rrt_1773013598,pure_rrt,913,0.5301661314018151,-0.6634702107395267,1.4345144049659626,0.31007698866347244,0.6303922842661028,1.3115,1.3182002619339073,1.7802085365788893,0.05134272575378418,3.2094740867614746,1
pure_rrt_1773013598,pure_rrt,914,0.2680641583633402,0.7490911258477698,1.4250388022828921,0.767210149607161,-0.5084467088086522,1.3115,1.357733105507475,2.341923173175265,0.051078081130981445,4.01468300819397,1
pure_rrt_1773013598,pure_rrt,915,0.7890964094580212,-0.6749946169971159,1.4344986868074292,-0.1983042957815374,-0.041462039250564686,1.3115,1.1795983878973892,1.52729639748001,0.10221672058105469,3.014005422592163,1
pure_rrt_1773013598,pure_rrt,916,-0.35153080422240945,-0.007574276267685462,1.4306019226607942,0.13753064692900718,-0.054247264284247754,1.3115,0.5055143309484128,1.5728361219088147,0.10257434844970703,3.8184897899627686,1
pure_rrt_1773013598,pure_rrt,917,0.2966412139613809,-0.15427221588368992,1.4455517644751348,0.21939904451824943,-0.14094258539677462,1.3115,0.15528653305453152,0.1110889371910698,0.10190916061401367,2.0074851512908936,1
pure_rrt_1773013598,pure_rrt,918,0.3626748296704717,-0.24315120121367423,1.4388181163704545,-0.8235061656840077,-0.12602073286400695,1.3115,1.1987304964470025,1.8461218542300575,0.10257887840270996,4.511215448379517,1
pure_rrt_1773013598,pure_rrt,919,-0.9915185142643015,-0.11167465021956118,1.4355785733610795,0.5631538045320006,-0.589671218058742,1.3115,1.6312210855873672,1.606689050220402,0.10167050361633301,3.1128721237182617,1
pure_rrt_1773013598,pure_rrt,920,0.4781365140831865,-0.72527325545234,1.430434745822249,-0.5291308281963463,-0.22122140750885777,1.3115,1.1326081573085707,1.2787301000245705,0.10166311264038086,2.7120673656463623,1
pure_rrt_1773013598,pure_rrt,921,-0.6909022566084085,-0.2353992131923865,1.4328720059526852,0.6150254447363124,-0.5705818281979669,1.3115,1.3537081333767869,1.3016085961618,0.10183286666870117,2.8125386238098145,1
pure_rrt_1773013598,pure_rrt,922,0.5181755753634238,-0.698471654794794,1.432494104371984,0.46959318343974576,0.034383856351529074,1.3115,0.7443635014664158,0.9808756722280133,0.10143232345581055,5.011138439178467,1
pure_rrt_1773013598,pure_rrt,923,0.6334279941290424,-0.009789866005942116,1.4365374050918285,-0.7418605957301391,-0.7166803628525785,1.3115,1.5513694700492975,1.8009037254488716,0.051972150802612305,4.0079028606414795,1
pure_rrt_1773013598,pure_rrt,924,-0.7991387002681891,-0.8343499209418157,1.42520532508428,0.6635337107368695,-0.4208992255841788,1.3115,1.524231268659578,1.6059279305082885,0.051340579986572266,3.0103671550750732,1
pure_rrt_1773013598,pure_rrt,925,0.7502012094423421,-0.5360625431012909,1.4278472226455177,1.0326777873058903,0.1746505038069177,1.3115,0.7735908015898175,2.3770277700255718,0.15105652809143066,6.312761068344116,1
pure_rrt_1773013598,pure_rrt,926,1.0671333719654807,0.19244578202681675,1.6320340129364577,0.3389208774492598,0.1892589564340844,1.3115,0.7956416570768808,0.6924121354425071,0.05127096176147461,3.408562660217285,1
pure_rrt_1773013598,pure_rrt,927,0.37491312244156727,0.20899014107635436,1.6329191921721171,1.004274019468291,0.4727909317143101,1.3115,0.7543184294076801,0.7056607821495402,0.10134458541870117,3.1104533672332764,1
pure_rrt_1773013598,pure_rrt,928,1.0182529181858877,0.49695021615600943,1.6223212241092335,-0.3148370045466379,0.5806570802928562,1.3115,1.3714027178591262,1.4304973583737417,0.10107421875,2.5102834701538086,1
pure_rrt_1773013598,pure_rrt,929,-0.34290787666335315,0.6040640708532679,1.6318861830593474,0.5267798941845296,0.11257542926502173,1.3115,1.049078266798029,5.1596343447408035,0.2012484073638916,8.016462087631226,1
pure_rrt_1773013598,pure_rrt,930,0.664960269532442,0.09968978481332033,1.4264288483457983,-0.1991757659617821,-0.6345372603514327,1.3115,1.139749569806074,1.2359498741545,0.05114245414733887,2.3056674003601074,1
pure_rrt_1773013598,pure_rrt,931,-0.16092398197075236,-0.7601070996070861,1.4249359512238915,-0.19240755628390915,0.4037016398112324,1.3115,1.1697477131535916,2.1341238022128968,0.05098390579223633,4.3149638175964355,1
pure_rrt_1773013598,pure_rrt,932,-0.27144518568977033,0.5488748895393538,1.434133002889325,-0.1346872976610306,0.5329383923465515,1.3115,0.18437880919051056,0.18391888993921732,0.10214996337890625,1.3060755729675293,1
pure_rrt_1773013598,pure_rrt,933,-0.160893463249139,0.6937614261829775,1.432355685956079,-0.5503482593932534,0.07482243409032596,1.3115,0.7411926949182888,0.7776974784534166,0.10230731964111328,2.7093958854675293,1
pure_rrt_1773013598,pure_rrt,934,-0.7059341198463266,0.1659330495845973,1.4412265979334657,0.012388193026387273,-0.05391432247887129,1.3115,0.7623311631997011,0.5756433222882972,0.1024935245513916,3.5109758377075195,1
pure_rrt_1773013598,pure_rrt,935,-0.1584291306152409,-0.011770150727299741,1.4385972049869908,0.43891281988655684,0.28911738617485494,1.3115,0.6808115856886123,0.684847668734568,0.10217666625976562,2.5068306922912598,1
pure_rrt_1773013598,pure_rrt,936,0.34379706234395513,0.44187227189363043,1.440102027141644,0.9194410740378249,0.3801183821985944,1.3115,0.5930582201406696,0.9131702071278189,0.10160374641418457,2.8087103366851807,1
pure_rrt_1773013598,pure_rrt,937,1.0732780823738306,0.4531918665786786,1.4351931861272638,-0.859367878880655,-0.4510974411334201,1.3115,2.137325330381413,2.9281811194232454,0.10142064094543457,4.214465379714966,1
pure_rrt_1773013598,pure_rrt,938,-0.9916314313611129,-0.520161892874752,1.4288012641905277,-0.07543079406876418,0.4724223844274894,1.3115,1.3558785867116623,1.5131548320865549,0.05119013786315918,2.7111284732818604,1
pure_rrt_1773013598,pure_rrt,939,-0.1397783244011439,0.6163540374133496,1.4308880548304779,-0.25089365234721583,0.20651068670374573,1.3115,0.441102817789281,0.40080506006299954,0.05113720893859863,2.310396671295166,1
pure_rrt_1773013598,pure_rrt,940,-0.3798119315946372,0.30107384145653404,1.4312813963318503,-0.5070584695375142,-0.27294412893342174,1.3115,0.60002991146797,0.6802549275337687,0.05092191696166992,3.7090344429016113,1
pure_rrt_1773013598,pure_rrt,941,-0.6663176211926398,-0.30228628280077796,1.4322489801394926,-0.6353758527370846,0.2667881143205847,1.3115,0.5825662011299034,0.7344156209620502,0.05096554756164551,3.210618019104004,1
pure_rrt_1773013598,pure_rrt,942,-0.7488357467698497,0.3979878728280467,1.4370653716862498,0.10376841654405833,-0.33087959612637086,1.3115,1.1286931864625276,1.0540357383540344,0.0510706901550293,2.7079358100891113,1
pure_rrt_1773013598,pure_rrt,943,-0.048183506271912036,-0.3741402897712421,1.4316312378144873,-0.5471482413656623,-0.5828148555604726,1.3115,0.5540238222074401,0.680709816804163,0.05117011070251465,3.207101583480835,1
pure_rrt_1773013598,pure_rrt,944,-0.6348396802862541,-0.7166741662487408,1.431433607711615,-0.19127586524266726,0.2641421473238844,1.3115,1.08311290696997,2.82391370970154,0.05119490623474121,4.915900707244873,1
pure_rrt_1773013598,pure_rrt,945,-0.02351337542222076,0.29455862397472843,1.4348342597590762,0.7541843762868972,0.03551562573610623,1.3115,0.8289320886418808,3.872680349885418,0.1008601188659668,6.614069700241089,1
pure_rrt_1773013598,pure_rrt,946,0.8201435934790337,0.0531007518987054,1.6525831861121243,-0.08115376894869519,-0.29398407415141387,1.3115,1.0242765992845,1.4783410748329993,0.10109186172485352,4.3088953495025635,1
pure_rrt_1773013598,pure_rrt,947,-0.03890189490045548,-0.3016211381102087,1.63700621881459,0.7145437481994692,-0.599479492130392,1.3115,0.8731289908443332,0.8570238407686893,0.10111856460571289,3.1126692295074463,1
pure_rrt_1773013598,pure_rrt,948,0.7531940965837033,-0.6286626355883733,1.641253700598164,-0.6377185727009411,0.6043007439814342,1.3115,1.8877431636732045,2.932044794878937,0.10159778594970703,6.821307182312012,1
pure_rrt_1773013598,pure_rrt,949,-0.6376156710000273,0.6255908821626703,1.6121608166819903,0.3059875061727848,0.272202814380787,1.3115,1.0515070180978916,1.0497994495534546,0.10240554809570312,2.6075830459594727,1
pure_rrt_1773013598,pure_rrt,950,0.337192907716808,0.29467016991581924,1.6322081273666813,0.18200249813578262,-0.6011138778056835,1.3115,0.9640367349521952,2.364180056890712,0.15180492401123047,6.816022634506226,1
pure_rrt_1773013598,pure_rrt,951,0.2347764404698649,-0.6371108456906803,1.6492359267996841,-0.28561921001666246,0.5462458111669083,1.3115,1.336117572156622,1.5455195783023807,0.1515178680419922,3.111703634262085,1
pure_rrt_1773013598,pure_rrt,952,-0.25165253426292,0.5929176264214795,1.6462336949554457,-0.35833239720027954,0.5894002714644205,1.3115,0.3513397379755855,0.5182242735026853,0.05102372169494629,3.110548734664917,1
pure_rrt_1773013598,pure_rrt,953,-0.39496693029440333,0.6163459248913395,1.6382356550724322,-0.7732072375467419,-0.670500535700906,1.3115,1.380505607183377,3.7255704686460547,0.10167932510375977,5.310437917709351,1
pure_rrt_1773013598,pure_rrt,954,-0.7667477943949439,-0.6974576400486651,1.621738308799216,-0.4240341371964385,0.10059520089086971,1.3115,0.9222737099194765,2.578697276646967,0.201202392578125,6.813130617141724,1
pure_rrt_1773013598,pure_rrt,955,-0.5622016653425318,0.1628436738370813,1.4283746764291547,-0.16104826348030776,0.3885607593646395,1.3115,0.4749020367561184,0.4756822796677503,0.05091691017150879,1.6039557456970215,1
pure_rrt_1773013598,pure_rrt,956,-0.2523313908042806,0.5178865043553544,1.4302027423452257,-0.17767652529799915,-0.24484283952780406,1.3115,0.7755125672769407,0.8229460123484295,0.051238059997558594,2.9116339683532715,1
pure_rrt_1773013598,pure_rrt,957,-0.3298219130074116,-0.2617325662816406,1.4292433519228167,-0.4586443213130312,-0.6266382182633284,1.3115,0.404493318426721,0.5297947372234152,0.051430702209472656,2.3110604286193848,1
pure_rrt_1773013598,pure_rrt,958,-0.5493549926407599,-0.7386710086550761,1.4276501185237693,0.7936810640185619,-0.43901803108310805,1.3115,1.3809520652389977,1.472973194626021,0.05089116096496582,2.30527400970459,1
pure_rrt_1773013598,pure_rrt,959,0.8722324329522627,-0.5700241697894314,1.4304687938979352,0.7594219965044655,-0.21454438160517242,1.3115,0.3914660244524389,0.276274811349434,0.05132317543029785,3.4091007709503174,1
pure_rrt_1773013598,pure_rrt,960,0.8809357548303226,-0.29600712458123374,1.42854340640362,0.9753237690270764,-0.5799834658710686,1.3115,0.3213266540748375,0.46307513803027667,0.10125303268432617,3.510284185409546,1
pure_rrt_1773013598,pure_rrt,961,0.9689659335318532,-0.7414273455569785,1.4317673405914406,0.1805760066251012,-0.6981264504821026,1.3115,0.7986850928715628,0.8526460518319755,0.05089616775512695,2.405587673187256,1
pure_rrt_1773013598,pure_rrt,962,0.1218292331919037,-0.8217793496722658,1.4259477629496522,-0.5534643146653071,0.1589067952099027,1.3115,1.1961876863542813,1.4447032839462641,0.050978660583496094,3.3131213188171387,1
pure_rrt_1773013598,pure_rrt,963,-0.6788466374548621,0.22499384160509506,1.4269293713037223,0.5436409939119007,-0.6489490781742929,1.3115,1.507174898821239,1.728056193464643,0.10155296325683594,2.9144163131713867,1
pure_rrt_1773013598,pure_rrt,964,0.5069468802960518,-0.7967673563453237,1.4289873509588589,0.3415613460333635,0.5464744853862485,1.3115,1.3584749898165631,2.430125940911078,0.25242018699645996,4.317001819610596,1
pure_rrt_1773013598,pure_rrt,965,0.39985827497932735,0.7064743510644913,1.4353274211800051,-0.1700515817195658,0.013611483351730125,1.3115,0.9056431021400176,1.0938684656524984,0.10205435752868652,3.7099645137786865,1
pure_rrt_1773013598,pure_rrt,966,-0.3237566523102623,0.06537757629887883,1.4321193615253067,0.7416779313351987,0.09765582162182629,1.3115,1.0727263246157792,2.2933684690484624,0.10188627243041992,4.314860820770264,1
pure_rrt_1773013598,pure_rrt,967,0.9132115210744648,0.07220374441883531,1.4372703733882581,-0.6631571013015777,-0.25537058288947473,1.3115,1.614949274852141,2.2821936814130925,0.1014096736907959,3.913534164428711,1
pure_rrt_1773013598,pure_rrt,968,-0.8309936764705017,-0.28242126496625336,1.4356788761894774,0.43147277175779064,-0.6466714161329129,1.3115,1.3198182067310542,1.3918174213412315,0.05120587348937988,2.9063937664031982,1
pure_rrt_1773013598,pure_rrt,969,0.41550137484903105,-0.7963923436172531,1.4285732665097017,-0.5621972180620911,0.3937131537389761,1.3115,1.544652641582941,2.0741765156642527,0.10106253623962402,3.51104998588562,1
pure_rrt_1773013598,pure_rrt,970,-0.6514420599431493,0.5224245946381596,1.4306564733113976,-0.5396203542707609,0.46519971634222335,1.3115,0.1731388046842092,0.14067980820148182,0.05115699768066406,1.904449224472046,1
pure_rrt_1773013598,pure_rrt,971,-0.5722999291740842,0.6345082547340736,1.4373399078939948,0.12281088316375799,0.2620622582320812,1.3115,0.7985804556574786,0.6512550323985163,0.05114150047302246,2.509653091430664,1
pure_rrt_1773013598,pure_rrt,972,0.04791001474927992,0.4361230240126462,1.4468866799172542,0.8834122723603621,0.5407338528661317,1.3115,0.8528405484530185,1.0165695880715875,0.05095934867858887,3.3092899322509766,1
pure_rrt_1773013598,pure_rrt,973,0.9917887399716543,0.6598647657756941,1.432239976371548,0.37530453708959066,-0.18898859000542745,1.3115,1.0560222222653304,1.5781483604889577,0.05112433433532715,3.809778928756714,1
pure_rrt_1773013598,pure_rrt,974,0.19653222185523866,-0.19461212413203585,1.4404608955322589,0.46968225717447964,-0.154298840111755,1.3115,0.30474089853494324,0.09659858059179524,0.05106186866760254,2.906832218170166,1
pure_rrt_1773013598,pure_rrt,975,0.27800369816146353,-0.14364834900391102,1.447732897688149,-0.5827633394132185,0.4014454291989894,1.3115,1.0279136745968098,1.1758856370832713,0.05104804039001465,2.9109067916870117,1
pure_rrt_1773013598,pure_rrt,976,-0.67238362020601,0.525269847852917,1.4290453035081183,-0.018160018032109093,-0.22219837308370982,1.3115,1.00026704500767,2.0961141367388634,0.05100131034851074,4.108850479125977,1
pure_rrt_1773013598,pure_rrt,977,0.08689344412089156,-0.3779077363112383,1.4459754945547951,0.8002288287171355,-0.07795573337207873,1.3115,0.7854312405424434,0.8804988379405272,0.05093502998352051,2.7059311866760254,1
pure_rrt_1773013598,pure_rrt,978,0.9485721321305985,-0.1970080861909416,1.448835843550127,0.262769641626889,-0.29615981631648564,1.3115,0.7064115340873224,0.6611191882910449,0.051287174224853516,2.1090524196624756,1
pure_rrt_1773013598,pure_rrt,979,0.343226475235512,-0.4614812861644549,1.442420851084448,-0.8603567359681372,0.6012594774161212,1.3115,1.610953365593117,2.710709091445765,0.0513920783996582,4.413511276245117,1
pure_rrt_1773013598,pure_rrt,980,-0.8867546392336232,0.7472581804211915,1.4280803077469735,0.5706310333011784,-0.267862420784076,1.3115,1.7798971323240673,2.875729058399457,0.05119442939758301,4.514999866485596,1
pure_rrt_1773013598,pure_rrt,981,0.6604967675194654,-0.42984016616342835,1.444560585440876,1.0034708769800211,-0.1931083329825506,1.3115,0.43746807883468347,0.49930626437303266,0.10163617134094238,3.216395616531372,1
pure_rrt_1773013598,pure_rrt,982,1.1340917939492157,-0.28397595941233295,1.431184207475375,1.089838626119011,-0.7075925712977815,1.3115,0.4424179994612828,0.5764303402364069,0.10239529609680176,3.6157119274139404,1
pure_rrt_1773013598,pure_rrt,983,1.1048529615473832,-0.8321620973370651,1.4256904455111554,0.49070629412092326,-0.5775874667437917,1.3115,0.6745545415300119,0.7619081137922217,0.10466742515563965,3.008317708969116,1
pure_rrt_1773013598,pure_rrt,984,0.3858514813433945,-0.6823803962732268,1.4272645988854407,0.36129724522136497,-0.43704306728488124,1.3115,0.27238714702015404,0.35713430337065744,0.10198092460632324,2.9130005836486816,1
pure_rrt_1773013598,pure_rrt,985,0.4359730798382282,-0.5763506074395233,1.4309054617027939,-0.04612264440500946,-0.5228500242582803,1.3115,0.49953604876805663,0.4795735412966399,0.05135059356689453,1.4044182300567627,1
pure_rrt_1773013598,pure_rrt,986,-0.02902610617927076,-0.6886166151587558,1.4336350585272417,0.6279348629420425,0.49080342476886163,1.3115,1.35556125573621,2.3700670684653233,0.1017458438873291,4.413393020629883,1
pure_rrt_1773013598,pure_rrt,987,0.6569550556626198,0.6658570753589983,1.4387975932477444,-0.6743132927012585,-0.7202019316108105,1.3115,1.9260424874348667,2.456018473315222,0.05109596252441406,3.6138386726379395,1
pure_rrt_1773013598,pure_rrt,988,-0.7414170244097719,-0.7957602942591375,1.425984058286521,-0.5498961164188956,-0.4217411673301299,1.3115,0.4355194198978254,0.48217987442561494,0.05130171775817871,2.3112592697143555,1
pure_rrt_1773013598,pure_rrt,989,-0.49367262958645763,-0.5852045396953955,1.4373202235077258,1.058836761368229,-0.5568785964440948,1.3115,1.5578570206238767,0.0,0.1012411117553711,0.0,0
pure_rrt_1773013598,pure_rrt,990,-0.493665589730512,-0.5852052299575747,1.4373158526474716,0.9632512475491584,-0.1664319760234425,1.3115,1.5211204218394376,1.6049480891125765,0.05120372772216797,3.10673189163208,1
pure_rrt_1773013598,pure_rrt,991,1.03549262103859,-0.19783031331218467,1.4326087605840123,0.26456863454877877,-0.20316212038077197,1.3115,0.7803970483043582,0.6543953170168192,0.05121302604675293,3.4094743728637695,1
pure_rrt_1773013598,pure_rrt,992,0.3889812055551811,-0.2819188979383879,1.427210042331596,-0.8505983724805575,0.3388490704971011,1.3115,1.3911503207113038,2.6859048395377396,0.051427602767944336,4.412541627883911,1
pure_rrt_1773013598,pure_rrt,993,-0.9539060395857601,0.44452918038262024,1.427483981473812,0.2931141019886099,-0.19658161456898282,1.3115,1.406959334470672,1.2571000782986796,0.05106496810913086,3.312136173248291,1
pure_rrt_1773013598,pure_rrt,994,0.11176346702648665,-0.20639125236596648,1.4413860012799466,-0.32747594318464956,0.23176900000708145,1.3115,0.6338659476346195,0.7719420508263348,0.10096979141235352,3.506767511367798,1
pure_rrt_1773013598,pure_rrt,995,-0.4452099504811513,0.31151035693704904,1.4271326103305944,-0.1303010544543799,0.01251940525450601,1.3115,0.44937078516154094,0.28987346212098536,0.10132837295532227,3.8079822063446045,1
pure_rrt_1773013598,pure_rrt,996,-0.29009979705335887,0.06869407817370302,1.4354198528962439,0.776744535608092,0.363961458569232,1.3115,1.1138652458889815,1.4744030655435638,0.05148959159851074,3.109901189804077,1
pure_rrt_1773013598,pure_rrt,997,0.9197785131753953,0.48895512307710565,1.4480322356141002,0.7468991288066353,0.5353674293126532,1.3115,0.22512759731229717,0.2732123701261854,0.05092573165893555,1.809783697128296,1
pure_rrt_1773013598,pure_rrt,998,0.7775608261584736,0.7039216395202748,1.4360420056227046,-0.2041656190928982,0.4533259377985218,1.3115,1.0208309018597734,0.9262745195358237,0.051278114318847656,3.1114120483398438,1
pure_rrt_1773013598,pure_rrt,999,-0.145401691648531,0.6264400911956485,1.4436228325837945,0.6183922450964319,-0.6725222514998098,1.3115,1.5126601695156803,2.0521771775619695,0.051100730895996094,4.01335597038269,1
pure_rrt_1773013598,pure_rrt,1000,0.5442151608029102,-0.7917843496362094,1.425486144208059,-0.2102168632443001,-0.20085763875179863,1.3115,0.9650673021173491,1.0956801046506213,0.05101370811462402,2.1113786697387695,1
