case,pose_index,goal_x,goal_y,goal_z,cartesian_distance_m,path_length_m,plan_time_s,execution_time_s,success
all_equal,1,-0.13066148444452752,0.563281457007225,1.3197,0.5083402173775561,0.9294312887789418,0.1012716293334961,4.709495306015015,1
all_equal,2,-0.5637710546430907,-0.5286635290580576,1.0125,1.3159486992228855,1.4737938890806328,0.050985097885131836,2.8062965869903564,1
all_equal,3,0.31840995327503974,0.22989172189176654,1.1375,1.2313651586780316,2.8216779024148297,0.10140848159790039,4.710904121398926,1
all_equal,4,0.7769013140664358,-0.45124606192804856,1.1116,0.7953106873115314,5.450218487938426,1.3569538593292236,11.7219717502594,1
all_equal,5,-0.26999187445419626,-0.021984662937305166,1.3682,1.2852423664565666,3.8220710005685437,0.5017561912536621,10.92756462097168,1
all_equal,6,0.33969243733975607,-0.5513354354640945,1.3383,0.9278600545490949,0.9010631768038078,0.10357928276062012,1.9058728218078613,1
all_equal,7,0.030930708718165167,0.33583177095400074,1.4461,0.9862155118283179,1.1885551777619598,0.15236949920654297,3.1121208667755127,1
all_equal,8,0.3011656754845682,-0.6791771329227231,1.0435,1.2820838023894152,1.6002764978756605,0.15208125114440918,3.1081666946411133,1
all_equal,9,-0.744067742703176,0.5607687281860799,1.211,1.6634598056981191,2.1449070328771107,0.15195775032043457,3.4091644287109375,1
all_equal,10,-0.2692555094983793,-0.6087985153552286,1.0149,1.4050679643878705,1.660232929733939,0.15219974517822266,4.409392595291138,1
all_equal,11,-0.6311202185376483,-0.06262692550711468,1.1093,0.6764600606885686,0.7649216725176855,0.10098457336425781,4.208863258361816,1
all_equal,12,-0.36009807646876646,0.16730561870237126,1.2527,0.4053925432091973,0.3872067700438629,0.05115938186645508,3.1075661182403564,1
all_equal,13,0.21057977365838032,-0.48900997810792585,1.0133,1.0216394484037776,1.0236463978800225,0.05144214630126953,2.1049187183380127,1
all_equal,14,0.9890869021802229,0.4864927794875896,1.0994,1.3174638482438448,2.3221337186204414,0.10200309753417969,4.208917856216431,1
all_equal,15,-0.6976078609330956,-0.4737195470360945,1.3249,2.0335071613053115,2.8590813752375275,0.1015779972076416,4.008298635482788,1
all_equal,16,-0.10264161183544662,-0.370166430342667,1.2725,0.7392960298682566,0.5981849670211156,0.10110807418823242,2.3074758052825928,1
all_equal,17,-0.31618780179961137,0.002664418259433421,1.1102,0.5012820890351994,0.49068199578429844,0.10199785232543945,3.8081467151641846,1
all_equal,18,-0.7252406242266942,0.6129826508891109,1.2946,0.6821795778194902,0.8340583795993419,0.10121989250183105,3.50750470161438,1
all_equal,19,-0.86205516386102,0.3774440026969422,1.4047,0.3592901070497989,0.34358147441258474,0.10192680358886719,3.507108449935913,1
all_equal,20,0.6556578271315445,-0.6412626485173598,1.0032,2.029617114822355,2.153796476514259,0.05122089385986328,3.1072425842285156,1
all_equal,21,0.8376709900854264,0.1134116262610646,1.4029,0.8813784064456704,1.2818137118041357,0.10108828544616699,3.307034730911255,1
all_equal,22,-0.25663303835955753,-0.2961981155352495,1.3491,1.2886732523165991,1.2105510121656349,0.05158042907714844,3.00649356842041,1
all_equal,23,0.8854556557862792,-0.09417669282748165,1.1701,1.1093680797259602,1.153678783382122,0.05109357833862305,3.1064305305480957,1
all_equal,24,0.6348759663586907,0.02819486946048788,1.0777,0.42144201434986817,0.30455496549200645,0.10116100311279297,2.60611891746521,1
all_equal,25,0.1630564678351123,-0.15555864077535275,1.4786,0.6358879508403633,2.0723676500390877,0.10106062889099121,4.0081446170806885,1
all_equal,26,-0.8107073539688927,0.13142790507643431,1.1683,0.9510957191885743,0.9915734068006724,0.10158848762512207,3.607978105545044,1
all_equal,27,0.9257967513215164,-0.4004724771494458,1.0464,1.819874804088098,4.871407332491895,0.6028149127960205,13.829322338104248,1
all_equal,28,-0.4195220359956043,-0.6372296038952384,1.0484,1.5086854066566902,3.0773563233239027,0.25276970863342285,5.51249098777771,1
all_equal,29,0.9696607469429799,0.367357401521509,1.4237,1.75516360751142,0.0,0.05122852325439453,0.0,0
all_equal,30,0.7198780564140448,-0.4866527390905867,1.3019,1.177045560223048,1.1798776333609988,0.1015622615814209,3.006502628326416,1
all_equal,31,0.727346387535172,0.48822944609487984,1.4036,0.9805980705749999,3.5142952714663616,0.5020051002502441,8.418580293655396,1
all_equal,32,-0.4212325078418716,-0.1561538984275238,1.3649,1.435140681610368,2.334343818928269,0.0510101318359375,3.8081047534942627,1
all_equal,33,-0.85922087728718,-0.04123320625842464,1.2681,0.3894513501421536,0.47971889805953044,0.1516730785369873,3.60827374458313,1
all_equal,34,-0.6354268419446407,-0.27911675449141515,1.4866,0.39266968398706786,0.39502613301211853,0.1013486385345459,1.4048914909362793,1
all_equal,35,0.15524301229535165,0.22294804952197445,1.1893,0.9832346967922038,0.9946404379901465,0.10105085372924805,2.606153726577759,1
all_equal,36,1.0345705385752644,-0.3970511255359496,1.276,1.0801666429197232,2.3300875457941905,0.25157713890075684,7.7147345542907715,1
all_equal,37,-0.3084461401438592,-0.692317334334872,1.4147,1.4419988247305238,1.6636558825887962,0.050965070724487305,3.907224416732788,1
all_equal,38,-0.7709691150225211,-0.36013975813889587,1.3093,0.60488859458386,0.6382308566598456,0.10130596160888672,2.2074265480041504,1
all_equal,39,-0.5858183635151959,-0.07049190737862832,1.4309,0.43646233164436493,0.39562054127297797,0.10127973556518555,1.7052404880523682,1
all_equal,40,0.4591726549584514,0.303465351461658,1.2887,1.2533643363470974,2.299984996617999,0.10134482383728027,3.9094185829162598,1
all_equal,41,-0.1440538309504401,0.12578821123557826,1.3523,0.7367822701885242,1.7509717533732707,0.05136394500732422,3.6080167293548584,1
all_equal,42,-0.6940456757521627,0.40470562893961304,1.0229,0.6594815278858226,0.6434235063038255,0.10179996490478516,2.807692766189575,1
all_equal,43,-0.7921836694384579,0.06888690394064434,1.1139,0.3977166342002351,0.4050752656926434,0.15293622016906738,2.7123069763183594,1
all_equal,44,0.14196844154917487,-0.43179480487803323,1.1447,1.1482820655991794,1.0903736022786343,0.10283184051513672,2.7086286544799805,1
all_equal,45,0.4964385969190874,-0.21162563418306157,1.0399,0.555928867836937,0.4474137117887461,0.10252213478088379,2.0080437660217285,1
all_equal,46,-0.19700649221838762,-0.5870873818154306,1.1164,0.6987523296631001,0.8035836178182719,0.20589733123779297,4.214252471923828,1
all_equal,47,-0.36175969386856155,0.16381807925096203,1.0505,0.8456984539939555,0.9402276267038262,0.051046133041381836,2.4066882133483887,1
all_equal,48,0.1767674463016049,-0.41069495230277936,1.139,0.8532395086120119,0.8338511411010736,0.05114889144897461,2.4057114124298096,1
all_equal,49,0.911628589297721,0.12688140229347022,1.3178,0.986097876941192,1.981498672402484,0.10113716125488281,3.8117573261260986,1
all_equal,50,0.5658441555208145,0.48962949717484106,1.1824,0.63946773545683,4.9757208788413685,1.1027336120605469,6.615273714065552,1
all_equal,51,0.3995067226777984,-0.6273916880968029,1.1851,1.197109971720905,2.579512496121171,0.10127997398376465,4.4085609912872314,1
all_equal,52,0.3289423962453073,-0.7303632510787509,1.1048,0.20042140377052248,0.1410156236047763,0.05088448524475098,2.9061636924743652,1
all_equal,53,-0.8629679408167945,-0.5220497373523568,1.1335,1.2002433193549062,1.2639916405645342,0.10103654861450195,2.706360101699829,1
all_equal,54,0.41918721633415434,-0.4348539688011908,1.4683,1.3823609625724822,1.6904340568329412,0.10119104385375977,2.9060590267181396,1
all_equal,55,-0.2280577982483314,0.2826791906321652,1.324,1.1276007212594006,2.3335375904471958,0.10190367698669434,4.008577585220337,1
all_equal,56,0.43038875253928044,0.037856020982938055,1.3046,0.8221589478402437,2.8215530114747946,0.10125875473022461,4.609927415847778,1
all_equal,57,-0.34736890725482017,-0.4077582299971391,1.0856,1.0348908447768925,1.8118464169052289,0.20190882682800293,4.013754844665527,1
all_equal,58,0.8950362723610386,0.12418447212023931,1.3646,1.4413750625091946,2.232949582712414,0.15241527557373047,3.709942102432251,1
all_equal,59,0.27042349932944365,-0.06628068869288095,1.0817,0.8695800283247808,0.7591603661470426,0.10401296615600586,2.707815408706665,1
all_equal,60,-0.31650917764222386,-0.7095898621231824,1.1897,0.906347679112076,1.2270313775667538,0.10193920135498047,2.8069562911987305,1
all_equal,61,0.9909889141874761,0.5676978648015553,1.4948,1.932906762025533,3.4347543377462464,0.05255746841430664,4.910276174545288,1
all_equal,62,-0.8423649860397847,0.5325097049955348,1.32,1.9786549779835043,2.134637378992434,0.10142636299133301,4.30848503112793,1
all_equal,63,1.036894794590899,0.4290349918121529,1.2785,1.9627513638231064,2.198021744660685,0.05107855796813965,4.509715795516968,1
all_equal,64,0.8139528829464104,-0.30754916491527445,1.3423,0.850270032990588,4.60845100123751,0.10168194770812988,6.1126298904418945,1
all_equal,65,0.9824587623866678,0.21334494063141296,1.4214,0.6047348380621158,0.6498710164101037,0.10161638259887695,3.712545871734619,1
all_equal,66,0.3459443233177544,0.6173339900432578,1.388,0.7550844566012644,0.7580816128503104,0.05136513710021973,3.007869005203247,1
all_equal,67,0.8659534285612076,0.2748160807942769,1.1145,0.6802872748881452,0.6811218221542155,0.10155272483825684,2.607621431350708,1
all_equal,68,-0.16048853828244525,-0.33960480598058607,1.0161,1.1999232245870886,1.3637496270905751,0.15134930610656738,4.710179567337036,1
all_equal,69,0.8455373354257656,0.5117925192125917,1.1577,1.3219502859728998,3.5806977764423067,0.504889965057373,9.719566106796265,1
all_equal,70,0.7092210447121483,0.15005044088864938,1.1339,0.60557082643616,0.4142629647200448,0.15146613121032715,4.211691617965698,1
all_equal,71,0.8909905874824164,-0.27859465448598975,1.1055,0.6094907013794154,0.5164175535189072,0.20260286331176758,3.213846206665039,1
all_equal,72,0.2731512394544169,-0.6936153158032764,1.4715,0.804924257971324,1.1949785697856428,0.20212435722351074,2.9094719886779785,1
all_equal,73,-0.3050752382817403,0.06880490002182083,1.4382,1.0449888097402082,1.105076665167237,0.4047822952270508,3.7082319259643555,1
all_equal,74,0.7573943112274426,-0.24809805870092472,1.1573,1.1433638079324673,2.3124995892639646,0.1012871265411377,4.0082621574401855,1
all_equal,75,0.6531272222414466,-0.44646190821933746,1.3277,0.31666304803229994,0.4003638339734476,0.10099267959594727,3.709012985229492,1
all_equal,76,-0.7705668286438195,-0.012918736225364547,1.1978,1.4940841310973574,2.7282767062817257,0.5015687942504883,10.220530986785889,1
all_equal,77,0.5661130234383152,0.5978207571815227,1.4573,1.565378759835607,2.131768750735615,0.0515131950378418,3.311333656311035,1
all_equal,78,0.7030590380315707,-0.37087648676591,1.2294,1.105752435754429,4.457442549027378,0.05149960517883301,5.814594507217407,1
all_equal,79,-0.8227548265505632,0.579678921767469,1.1324,1.912221423187578,3.1514688297153484,0.10106205940246582,4.509909152984619,1
all_equal,80,-0.06245526417091707,-0.5048936042226579,1.1233,1.4120474693744534,2.4000787676335635,0.20214605331420898,6.613507270812988,1
all_equal,81,0.2155672494475307,0.23885479778988572,1.2807,0.8732766291888538,3.447766770441867,0.7023959159851074,6.313749074935913,1
all_equal,82,1.0195429862744507,0.27087036353998595,1.1314,0.7550982818710174,0.8056767206538495,0.10116243362426758,3.7079100608825684,1
all_equal,83,-0.04135267626812045,-0.4026176204254096,1.2923,1.2667736120768878,1.2698049310357915,0.10108160972595215,3.266836643218994,1
all_equal,84,-0.8444721055358239,-0.583516191943497,1.4489,0.8382260502457317,2.9743812136943206,2.1680922508239746,9.52145791053772,1
all_equal,85,0.8225228775098163,0.22382589878815262,1.1997,1.9701048210019598,3.027259296359609,0.15202069282531738,6.112709045410156,1
all_equal,86,0.10138266448156175,-0.09244978694750272,1.1097,0.9936197751476838,0.7950843733674555,0.10113382339477539,3.3075149059295654,1
all_equal,87,-0.08316361642440584,0.10317803472374554,1.4988,0.34516985795869226,0.4352872970222662,0.5520882606506348,6.115210294723511,1
all_equal,88,-0.130517797810334,0.11693152419136088,1.2548,0.24962290617049923,3.566111391282058,2.5054690837860107,14.52731442451477,1
all_equal,89,0.43253077786874905,-0.5191280971901155,1.0455,0.8372421319323616,0.877731909835651,0.10170388221740723,2.9081625938415527,1
all_equal,90,-0.8204545825065056,0.061855648669738694,1.0236,1.4463678156503812,1.8338290327370383,0.1010129451751709,3.407396078109741,1
all_equal,91,-0.10364720625867363,0.14087801213979334,1.0548,0.7909728462387251,0.7165852777016716,0.05137753486633301,2.5089399814605713,1
all_equal,92,0.9929832509950729,-0.21249497566173614,1.3137,1.2424879602099808,2.40241944685341,0.051126956939697266,4.209745407104492,1
all_equal,93,-0.4849419708476145,-0.6476975725975227,1.396,1.6225674082881298,1.654976008137175,0.10120677947998047,3.1062722206115723,1
all_equal,94,-0.6858140517817499,0.1954513066740744,1.2111,1.066986750113439,1.5631861321196727,0.10104012489318848,3.307685613632202,1
all_equal,95,0.801542866341459,-0.7110243602989752,1.0318,1.8711192592006891,2.00305855684823,0.10124778747558594,3.006779909133911,1
all_equal,96,-0.6387973116538773,0.2143168652103431,1.1908,1.7294855613034734,2.008285650623022,0.05101346969604492,3.208172559738159,1
all_equal,97,0.5839108088193017,0.360982798348782,1.4981,1.3376332237763031,1.8523091559461533,0.10127520561218262,4.215471982955933,1
all_equal,98,0.6147184377521813,0.36559093175322077,1.2646,0.3768146384950271,0.24248056631892245,0.15303444862365723,2.5128061771392822,1
all_equal,99,-0.1356601539587038,0.3237914080595038,1.4855,0.8623333568003272,0.7506137882152344,0.152695894241333,3.61745023727417,1
all_equal,100,0.8283740741528494,-0.1535622063867247,1.4304,0.983842676743009,4.988763577680339,0.10337042808532715,6.915879487991333,1
all_equal,101,-0.6686084919671815,0.4971076937777247,1.0057,1.8387982652268318,3.398960439014857,0.10121941566467285,4.910407543182373,1
all_equal,102,-0.23866169075732746,0.4874489159537795,1.3604,0.5170410537272456,0.5228999738997585,0.10219907760620117,2.5060908794403076,1
all_equal,103,0.9214670772629805,-0.6175721060958524,1.3409,1.718195297916402,2.652591891114477,0.10138583183288574,4.00909686088562,1
all_equal,104,1.0111033652302361,0.0449036582813952,1.2685,0.7930587021775722,0.8034456885228238,0.05133247375488281,3.110588312149048,1
all_equal,105,-0.2918562504944361,-0.2914149146617354,1.1334,1.4627976978767152,2.2518183351191534,0.05116724967956543,3.807488203048706,1
all_equal,106,0.6959096646646317,0.34193532819971717,1.3205,1.2684910951438675,2.441012340352573,0.0511624813079834,4.114333391189575,1
all_equal,107,-0.758918537647011,0.0120526843128127,1.0558,1.6641194770114707,2.287255598265806,0.10180139541625977,3.7091267108917236,1
all_equal,108,-0.17748644512178002,-0.5821499194284695,1.2174,0.8990764157827134,0.9130425131880034,0.10213541984558105,2.7070910930633545,1
all_equal,109,0.3523082014928294,-0.6040574430072863,1.2269,0.620422640246626,0.5308591054157752,0.10103631019592285,2.1062135696411133,1
all_equal,110,-0.7287837213861684,0.38623572146494956,1.4769,1.4594812993644062,1.696209712160121,0.05103421211242676,3.3073770999908447,1
all_equal,111,-0.7048516506831496,0.6126427808606151,1.4379,0.24026433355149274,0.25121908573981877,0.05093717575073242,3.006674289703369,1
all_equal,112,0.7379687423043702,0.558519545325422,1.1317,1.5727012038547188,1.696765001091469,0.05096626281738281,3.2064483165740967,1
all_equal,113,-0.12725350147772496,-0.6282700152560291,1.2503,1.5410636570664922,2.7547033844828386,0.05112481117248535,4.310317754745483,1
all_equal,114,-0.032191977672493044,0.5023309251201674,1.0893,1.243542886083321,1.4353286170518411,0.05093955993652344,2.807884454727173,1
all_equal,115,-0.8504970760709754,-0.09906027790007044,1.4563,1.0472670637730117,1.2025447255883188,0.05111360549926758,3.7100419998168945,1
all_equal,116,-0.6400629788877781,0.14901495510747143,1.4353,0.4463800706741093,0.5030441747351684,0.25214552879333496,3.709662914276123,1
all_equal,117,1.0340259910765421,-0.22792782373443055,1.1492,1.7400228924558814,2.7260114927202794,1.5157873630523682,4.012657165527344,1
all_equal,118,-0.4298330480544449,0.5804677691914001,1.3195,1.77338531887348,3.2348708433870677,0.15236639976501465,4.611954212188721,1
all_equal,119,-0.7874570545139581,0.48143063822114984,1.3045,0.3857553246448129,0.38865175323458145,0.10179328918457031,1.7041749954223633,1
all_equal,120,-0.7267352086944394,0.017995786767414867,1.0764,0.6756042251947922,0.6067588924405638,0.15112829208374023,3.3570666313171387,1
all_equal,121,0.37446810078409043,0.21295869866486405,1.3813,1.201690685703031,2.2494308889422117,0.10105395317077637,3.9079809188842773,1
all_equal,122,0.2851109662315847,0.49519110641461894,1.2697,0.40988941208541874,0.4726762592903055,0.15135645866394043,3.713930368423462,1
all_equal,123,1.0107155614397394,0.48022243906611906,1.3893,0.7352529785982416,0.7339325078510105,0.10115456581115723,3.0086116790771484,1
all_equal,124,-0.32323049533139503,-0.48452152653955194,1.2652,1.6500904120533444,1.6923812761330206,0.10109877586364746,3.3064475059509277,1
all_equal,125,0.2838064136884284,-0.6361926088101109,1.0003,0.679122136316998,3.9612778147171186,0.8027083873748779,10.921928644180298,1
all_equal,126,0.5107565171871349,-0.0064035926431784684,1.1621,0.7610109349811064,0.8376602099526268,0.10141873359680176,3.007204294204712,1
all_equal,127,0.48413718400178873,-0.5195643253401193,1.0097,0.7395460062244111,0.6293787814392346,0.05170416831970215,2.0047051906585693,1
all_equal,128,1.0095034281445934,0.25413860452560666,1.4645,0.9462779885557893,1.3289157848774988,0.2518000602722168,4.810602903366089,1
all_equal,129,0.9756678540076542,0.4469717841735611,1.4394,0.4249279815112603,0.21114061892677127,0.10096478462219238,3.409311294555664,1
all_equal,130,-0.12684960684770574,0.37070027649423853,1.4158,1.221932791598689,1.6670563942695973,0.15152263641357422,3.2125375270843506,1
all_equal,131,0.3045670778279319,-0.21965596298897638,1.1538,0.9755530664698778,2.054933480294259,1.556757926940918,4.011990547180176,1
all_equal,132,0.7885674927374753,-0.09901559844171082,1.029,0.6376082456223597,0.5395815271085326,0.20317912101745605,3.3136978149414062,1
all_equal,133,-0.7612637656378625,0.4451285449744432,1.439,1.7279071941822037,2.3990643115545134,0.10289239883422852,4.514267683029175,1
all_equal,134,1.1023342110804804,0.020163163498010173,1.4735,1.9747222778494953,0.0,1.0534546375274658,0.0,0
all_equal,135,0.8110011283226295,-0.4031437082048464,1.0428,1.9651573464341803,2.8657661337561793,0.1013484001159668,4.409996747970581,1
all_equal,136,1.0179291360267877,0.08988394773550923,1.243,0.5613096430476738,0.6026167279211865,0.10097122192382812,3.715060234069824,1
all_equal,137,0.3521301725875494,-0.2508844254228771,1.0346,0.7756380443051973,1.5426970556513877,3.027714252471924,7.313793420791626,1
all_equal,138,0.15824986319131829,0.3181654702447686,1.3803,0.63951502274141,0.8533075173630275,0.10100412368774414,3.0079309940338135,1
all_equal,139,0.22087935445103035,0.027728772889620834,1.3829,0.43622935943679375,0.32866131690187167,0.1026153564453125,3.7081382274627686,1
all_equal,140,-0.6073818172108301,-0.7034526027454723,1.0642,1.1226388034532775,0.0,0.050841569900512695,0.0,0
all_equal,141,0.5224861003726611,-0.4503872420867566,1.2376,0.7634683702302941,1.642144053588575,0.10098433494567871,3.608228921890259,1
all_equal,142,-0.17813545844532475,0.06754690173826594,1.2749,0.9806310823117802,0.8673473917923188,0.05114269256591797,2.9086337089538574,1
all_equal,143,0.9190425324866094,-0.2644969883099853,1.1325,1.046780121638293,1.2697271224078732,0.25143980979919434,6.11341118812561,1
all_equal,144,-0.08705220543924252,0.11174712611309823,1.4362,1.1164867964593146,4.225538281384018,0.45235419273376465,8.418097019195557,1
all_equal,145,-0.5815003607986469,0.5301313969718934,1.2116,0.6163726071261726,0.6501043790106716,0.1020815372467041,3.31661057472229,1
all_equal,146,0.03700706886423388,0.6035647584422456,1.1059,0.7072286014128555,0.6539909583476559,0.15278053283691406,2.1158974170684814,1
all_equal,147,0.38240049325575054,-0.4130399197987627,1.2696,1.1471624854186517,2.6841247191936635,0.10212278366088867,4.511021137237549,1
all_equal,148,-0.619213147185695,-0.5342856991141075,1.365,1.0834089081609997,1.4366063345158073,0.10170531272888184,2.9068591594696045,1
all_equal,149,-0.512513672720895,-0.2680531527130119,1.1006,0.5411935235327765,0.4327245447832967,0.05111551284790039,1.8080437183380127,1
all_equal,150,0.4500994377486758,-0.5062324969689606,1.1559,1.0634894680035167,1.4622868336156205,0.10141491889953613,3.108480453491211,1
all_equal,151,-0.5381707049909699,-0.3602168741700888,1.4976,1.080786167850103,1.5746180002439165,0.051238298416137695,4.3092169761657715,1
all_equal,152,-0.6338997034786091,-0.10988997272303469,1.3249,0.4077168731940369,0.3486964993163903,0.051117658615112305,3.010218381881714,1
all_equal,153,0.12477303083432634,0.20560249453674795,1.2191,0.941083876791502,2.2424610832887715,0.051523685455322266,4.115511894226074,1
all_equal,154,0.37149857197097913,-0.63066309010225,1.2588,0.8572291968846998,4.2695667298281474,0.1537337303161621,5.91252875328064,1
all_equal,155,-0.75194348356766,-0.362570111445742,1.0605,1.2584309561887295,1.4067602480676504,0.05083727836608887,2.7050817012786865,1
all_equal,156,-0.5072793396356601,-0.45535402973536,1.1123,0.33798913994441215,0.2772669364925405,0.10110044479370117,2.8072166442871094,1
all_equal,157,0.3523809571730465,-0.23611265923113267,1.169,0.9656545764551016,1.4370756127860387,0.05210113525390625,3.2067062854766846,1
all_equal,158,-0.800293891870835,-0.39615163847131546,1.2942,1.2419819477188112,1.7973544100337846,0.05100250244140625,3.709379196166992,1
all_equal,159,0.14114469027325027,-0.011876071245456199,1.1151,1.1652888857009303,1.0685356103421015,0.10104846954345703,3.2097034454345703,1
all_equal,160,0.18264742211385587,-0.4098455280058814,1.1101,0.45734212635428095,0.4655935939959857,0.10126638412475586,2.204738140106201,1
all_equal,161,-0.8332188860045463,-0.300463226488713,1.0355,0.9594739574584111,1.018234434134702,0.05095100402832031,3.1074411869049072,1
all_equal,162,-0.6356314547342441,0.48058448373661566,1.3156,0.860101600399206,0.9204774249573265,0.10142135620117188,3.7079238891601562,1
all_equal,163,0.6911373949197446,-0.058140418671475236,1.1145,1.4469169874572632,2.9747990233136465,0.20161771774291992,4.612874269485474,1
all_equal,164,0.2901190959173825,0.28123383752926945,1.4527,0.6444217151379729,0.7061721550519632,0.15215134620666504,3.716031789779663,1
all_equal,165,-0.3105561547069281,-0.24412492474827535,1.4298,0.7993218516656116,0.8157166675424337,0.20276999473571777,3.7159385681152344,1
all_equal,166,-0.16721628927046872,0.6124719518415541,1.0354,1.107346394024753,2.8557811288147614,1.0057709217071533,4.816093921661377,1
all_equal,167,-0.6712671392663598,-0.5329715427607278,1.119,1.3105701930912632,1.5944262031136114,0.10174560546875,3.3130557537078857,1
all_equal,168,-0.503224158330312,-0.35127923821465407,1.3345,0.3431915435586749,0.31968086048607963,0.05102896690368652,4.911636114120483,1
all_equal,169,-0.7139767160986251,-0.022321350730470035,1.1071,0.5030844044640461,0.4688135573081299,0.10179567337036133,5.1116180419921875,1
all_equal,170,-0.6509388959029203,-0.1963464069111509,1.0662,0.28500657550707076,0.20733472567020728,0.10150909423828125,5.110548257827759,1
all_equal,171,0.7464368446214729,-0.3886415156402526,1.4678,1.5088525511515571,2.1177259287402888,0.10140419006347656,4.010429382324219,1
all_equal,172,0.9690232104508749,0.02199221500113957,1.2855,0.5915427502087718,0.6137332046538406,0.15218734741210938,3.710087537765503,1
all_equal,173,0.6521349935864189,-0.4860018894819629,1.2363,0.6004273567210678,0.6062906891440476,0.1016397476196289,2.6090805530548096,1
all_equal,174,0.1330837705525898,-0.4099290276616797,1.3923,0.5481429130722465,0.5481082052947317,0.1516575813293457,2.3052914142608643,1
all_equal,175,-0.30093424347781306,0.05562131623466937,1.4037,0.6360997393788091,2.1912103533245264,0.2012016773223877,5.011491537094116,1
all_equal,176,0.1825922553172432,-0.6717944604059854,1.0952,1.1231136729402234,1.3921008182183225,0.10138559341430664,3.2072601318359375,1
all_equal,177,-0.7473908085229743,0.6172053593037848,1.0485,1.664532017370465,3.210123467828379,1.8092882633209229,10.923346996307373,1
all_equal,178,-0.36830222225822007,0.19338474033567887,1.2155,0.758619939143788,0.7211814720124676,0.10141277313232422,3.010263204574585,1
all_equal,179,0.06166400570641384,-0.17713058396165293,1.2118,0.7108627828624565,2.016611490302406,1.303264856338501,4.1089630126953125,1
all_equal,180,0.7732876662352792,0.5829469752557884,1.2335,1.0538936643476315,1.1229050895262105,0.10126948356628418,3.109327554702759,1
all_equal,181,0.986790785419297,-0.49398576708838293,1.3645,1.1848350426535443,4.000832209411472,0.3018021583557129,12.032606363296509,1
all_equal,182,0.2656057103225853,0.413672739265866,1.3367,1.2851904094346867,1.53830791475676,0.3524482250213623,4.2152605056762695,1
all_equal,183,-0.47337465166537035,-0.518136734502522,1.4921,1.2525976981202305,2.574375063310352,0.15168261528015137,6.6135149002075195,1
all_equal,184,0.44542089141986874,-0.02430810636723002,1.0492,1.3256825209853504,1.9486995734611767,0.051737308502197266,3.511622428894043,1
all_equal,185,-0.09517379708833662,0.379007629833947,1.2013,0.7922347211618113,0.7552180994850504,0.1015620231628418,3.4124178886413574,1
all_equal,186,0.04403133519715996,-0.32890680089846874,1.1697,0.8600917456126882,0.8267672762309624,0.10129976272583008,4.610422611236572,1
all_equal,187,-0.4127544382190081,0.4930154636792571,1.4308,0.9926592227614396,2.17217819039949,0.20169973373413086,4.209033727645874,1
all_equal,188,0.9236277239317321,0.1147030063858252,1.1243,1.5801140413256323,2.026215333917541,0.10155105590820312,3.4139740467071533,1
all_equal,189,0.37111736118755023,-0.2828396854611636,1.0951,0.8552804054084036,0.7017686739257941,0.05090069770812988,2.1088345050811768,1
all_equal,190,0.3559842022503137,-0.010024459624534132,1.2243,0.37877287776620366,0.32922674467370344,0.101043701171875,1.4091668128967285,1
all_equal,191,-0.5723803883696872,-0.3146938788489167,1.2109,1.10336843630576,2.705167183884583,0.30172109603881836,6.412577152252197,1
all_equal,192,-0.8065387143536853,0.04002842701318898,1.1393,0.6197888560302278,0.48757523856358953,0.10127377510070801,2.4054760932922363,1
all_equal,193,-0.19499397404507146,0.3854075366193458,1.1249,0.8736203588464723,5.5388371395168186,1.002558708190918,11.82343053817749,1
all_equal,194,-0.6203174712580108,-0.19712726277005532,1.4616,0.7619312793010831,0.8926700690452337,0.10114645957946777,5.010500907897949,1
all_equal,195,-0.41862373464890457,0.2493750289720732,1.2216,0.6614713836170861,3.6540764418318306,0.15150094032287598,6.421074151992798,1
all_equal,196,0.5024058169337922,0.002703385159597227,1.4307,0.9766061074357024,4.963345067818794,0.45287632942199707,8.726811170578003,1
all_equal,197,-0.5130733252995743,0.5052110712724055,1.2752,1.2745046424232944,3.398775623252451,0.15163969993591309,4.9106292724609375,1
all_equal,198,0.04269550282267098,0.5585673086266344,1.0253,0.7210853645415292,0.6449233000752694,0.10124492645263672,2.505591869354248,1
all_equal,199,0.1296713615490115,0.09713811948720619,1.4996,0.6335172574810172,0.6939227430992566,0.10117149353027344,2.105272054672241,1
all_equal,200,0.9744584358825197,0.03349299425157315,1.418,1.0373705610174668,2.786677788326231,0.15121030807495117,5.715475797653198,1
all_equal,201,0.5287469732091561,-0.5334113550358048,1.4845,0.8015212532958066,0.8417272838004217,0.05102276802062988,2.3078386783599854,1
all_equal,202,-0.032373009478670944,0.26887437974836936,1.4632,1.1263953813589387,2.2387945514681795,0.10107016563415527,4.709070920944214,1
all_equal,203,0.020563634122989782,-0.5874109250148023,1.4243,0.9574465924774198,1.0867715760640206,0.10099363327026367,5.513500690460205,1
all_equal,204,-0.6259185658551252,0.5222367467162697,1.0832,1.3852789560317897,1.5623651968848684,0.05093812942504883,2.808872938156128,1
all_equal,205,0.29890791364644986,-0.19477028488244097,1.2428,1.2446903039858956,3.027680510444391,0.10105276107788086,4.714943885803223,1
all_equal,206,0.7182555351212587,-0.7366356003916756,1.1069,0.6525760708862806,0.6767211278467107,0.051769256591796875,4.711450815200806,1
all_equal,207,0.19211808502296313,0.5208816169511331,1.2005,1.4270045008274908,2.127823655162488,0.1019887924194336,3.7087979316711426,1
all_equal,208,0.5887274737535213,-0.12165254921740487,1.0293,0.9041018472214798,2.6895415034928822,0.10119342803955078,4.709718942642212,1
all_equal,209,-0.5938213856072367,-0.5006442805404492,1.1895,1.2927047559919744,1.3292426917662783,0.10118651390075684,2.709080696105957,1
all_equal,210,0.9402245759169743,-0.24507078261374604,1.4927,1.565936502045772,1.696738810410974,0.1011505126953125,3.1066319942474365,1
all_equal,211,-0.8470467870419227,0.16870034915096044,1.1326,2.0048584391897344,2.9887772283469163,0.10257506370544434,4.214604616165161,1
all_equal,212,-0.5783504735933301,-0.1733064539990693,1.392,0.544830050130649,0.5252093799482095,0.2024698257446289,5.5205419063568115,1
all_equal,213,0.12235051047652279,0.07505901379774027,1.2275,0.8994368021754654,0.7826923951519756,0.15244793891906738,2.307469606399536,1
all_equal,214,-0.456967114484549,0.4909265936915409,1.2115,0.6123008577588726,0.6965856505884683,0.10215616226196289,3.6154701709747314,1
all_equal,215,-0.8005585583250759,-0.09438001741886093,1.4787,0.7395058963497494,0.8426744227557301,0.15187311172485352,2.7070441246032715,1
all_equal,216,0.664095736289511,-0.12018114105621003,1.4977,1.596287107973897,2.5996067853912144,0.10129785537719727,3.9110233783721924,1
all_equal,217,-0.07868761334510388,0.025945815217491397,1.2779,0.9765993553356153,2.286996300389409,0.1011819839477539,4.013446807861328,1
all_equal,218,0.8350591008487913,0.5569626449716115,1.3592,1.1321913229510026,1.7792001490298888,0.05152010917663574,3.6079049110412598,1
all_equal,219,0.40340709469972924,-0.1813992489112155,1.0774,1.0563330964649393,4.388941382672246,0.15368914604187012,6.11141562461853,1
all_equal,220,0.5460569575755418,0.1623614961845481,1.1484,0.3926953415905073,0.4236089375124949,0.05103874206542969,1.5037038326263428,1
all_equal,221,-0.4150097531624425,0.18018062970465287,1.4844,1.0722332430208503,4.195120026767668,0.4539778232574463,7.117482900619507,1
all_equal,222,0.7124336812096612,-0.4976796343373456,1.2896,1.5547177693330039,3.0072497413185535,0.10148215293884277,5.611084222793579,1
all_equal,223,-0.6759071595509779,-0.40888140956675006,1.2711,1.4736174803678628,1.7887092389485015,0.10112643241882324,3.0100557804107666,1
all_equal,224,0.7724957715717773,-0.19726983030424305,1.374,1.5587030273837492,2.1278169163651004,0.10102677345275879,3.408531427383423,1
all_equal,225,-0.2919811986226717,0.4885654146480186,1.0286,1.4705788896156686,3.071296904947479,0.10146450996398926,4.811703681945801,1
all_equal,226,-0.46096944230057385,-0.7065447518773718,1.2921,1.2794086792505086,1.6412868142518866,0.10160112380981445,3.1066033840179443,1
all_equal,227,-0.03773654072566912,0.48353093101976363,1.2514,1.3690262240348847,1.6065570741104436,0.05101370811462402,2.9095659255981445,1
all_equal,228,-0.35882275493917826,-0.22130263117817528,1.4264,0.84053665980981,0.9478212668626804,0.10148906707763672,2.5091848373413086,1
all_equal,229,0.36406313535698365,-0.18046838988923564,1.0787,0.9682354539167392,1.8110693214974833,0.10169720649719238,3.608994483947754,1
all_equal,230,-0.2893688645879192,0.5601748437660033,1.4804,1.1081502987409526,2.9309544547306134,0.10275149345397949,4.617170095443726,1
all_equal,231,0.8483035282296632,-0.07326953360516819,1.0401,1.522172144728887,3.209474169460462,0.1545259952545166,4.718066930770874,1
all_equal,232,-0.030226834141979353,-0.7121271703681586,1.0929,1.1334888242437915,1.2188895134139048,0.10235452651977539,2.3086178302764893,1
all_equal,233,0.3825538316954238,-0.38866232021478003,1.2975,0.5815937427099809,0.650839595161627,0.15228509902954102,2.106370449066162,1
all_equal,234,1.0780851221544403,-0.020701689516109623,1.3376,0.7610305265382356,0.8495861000304954,0.10223221778869629,3.1087472438812256,1
all_equal,235,-0.8365496790829209,0.5132465602141257,1.1176,2.147350040631882,3.6321909346911028,0.15205979347229004,4.912277936935425,1
all_equal,236,-0.3298225525979577,0.018440575456700192,1.0599,0.8146586531419693,0.7309398022538486,0.10099625587463379,2.509683132171631,1
all_equal,237,-0.46387303937048446,-0.7278917314232478,1.4451,0.8173786189970412,1.0292294788867025,0.10111689567565918,2.310621500015259,1
all_equal,238,0.8590501337289052,0.07784560238200366,1.1231,1.7229542776054738,2.1043322903724015,0.1010439395904541,4.008516311645508,1
all_equal,239,-0.5254141257683229,0.5134020137008949,1.2973,1.5337096543423483,3.445767769391956,0.05103254318237305,5.010881423950195,1
all_equal,240,0.15549489187058407,-0.6784687616510744,1.3097,1.498389426783548,1.7192708619303432,0.05093646049499512,2.9060139656066895,1
all_equal,241,-0.7088930401723994,0.08573099840681742,1.2096,1.1800052030855739,1.2983007378283322,0.05279374122619629,2.3084256649017334,1
all_equal,242,-0.30080901372047286,-0.2543056875771598,1.2918,0.631558431749694,0.5596388579753825,0.05126547813415527,2.2100822925567627,1
all_equal,243,0.2496139970684501,-0.08890674737843696,1.2614,0.7025437951488539,1.75899833996219,0.05113506317138672,3.709343910217285,1
all_equal,244,0.5789578966707161,-0.44767191981630017,1.4674,0.39217550865124035,0.5678786824503408,0.1014559268951416,3.309514284133911,1
all_equal,245,0.30644445864790515,-0.67234093227264,1.1021,0.6183436673363756,0.7326563953772981,0.15172290802001953,3.5103936195373535,1
all_equal,246,-0.2105286084007837,0.3162333679467594,1.3581,1.1674690558501786,1.455478828976565,0.05126142501831055,2.7065179347991943,1
all_equal,247,0.5702701147955418,-0.062194931532683295,1.1193,1.0461518416105011,2.5049357334653815,0.10158061981201172,4.309431552886963,1
all_equal,248,-0.3846311701200903,0.3824465844843504,1.1979,1.170624111964317,2.559384759180435,0.10147452354431152,5.0134947299957275,1
all_equal,249,-0.33360833801021395,0.06797693627812573,1.3358,0.4107387777180245,0.4580535910926826,0.1514432430267334,3.710244655609131,1
all_equal,250,0.9451155065661652,-0.555011201117347,1.15,1.4351192917024622,1.6105806138050378,0.2015829086303711,2.9073562622070312,1
all_equal,251,-0.5060665350418558,0.001571901697864142,1.1581,1.5537291626380574,1.9147241572413745,0.20134639739990234,4.660531759262085,1
all_equal,252,0.7256041950613934,0.16216834586052575,1.3759,1.3350175186355944,2.794938265791911,0.05098438262939453,4.4213080406188965,1
all_equal,253,-0.3781580064410935,-0.07053009995432491,1.0363,1.322301377436373,1.2311232399029735,0.15268301963806152,2.7089245319366455,1
all_equal,254,0.9981256112588675,-0.6888275611796729,1.2291,1.4161942963957743,0.0,20.048673152923584,0.0,0
all_equal,255,-0.515099665957625,0.037356746779313,1.4992,0.43868832793716,0.0,0.30138397216796875,0.0,0
all_equal,256,0.5092869696832367,-0.3344424638701152,1.498,0.9020402395550587,1.0931411154918511,0.10124731063842773,2.5104312896728516,1
all_equal,257,0.998536181422826,-0.09142966631264471,1.0366,0.7672016991661595,0.7085006308948693,0.10131287574768066,2.2074742317199707,1
all_equal,258,-0.24054286203186737,0.3959298614830308,1.1066,1.4029328661237284,2.7654730266102674,0.10121536254882812,4.61202073097229,1
all_equal,259,-0.41712248449577255,-0.5773410989420189,1.1326,1.0513754273735243,1.2221034516786722,0.10228323936462402,2.607767343521118,1
all_equal,260,-0.19936782181169288,0.2528295440805183,1.4666,0.9552546877682794,1.1046769791414883,0.15243840217590332,2.41229248046875,1
all_equal,261,0.19627174148791826,0.34345362848873606,1.4404,0.5438341548834861,0.42206361079465987,0.1527543067932129,3.0080862045288086,1
all_equal,262,0.8830078970041229,0.10319602056248656,1.4396,0.8880404749762679,3.082447862444666,0.10238528251647949,4.814964771270752,1
all_equal,263,0.851535968071643,-0.713775829491568,1.1848,0.9018839820935232,1.0517141463735566,0.10101652145385742,2.7108724117279053,1
all_equal,264,0.9882321784525603,0.3545281659530163,1.0789,1.1920481028693815,3.539404976391388,0.652219295501709,5.511294841766357,1
all_equal,265,0.6475671886614935,-0.19074692470090127,1.4169,0.7433853301825506,0.8148730650421996,0.10113024711608887,3.7119905948638916,1
all_equal,266,0.8586280403173234,0.6091306866798317,1.3518,0.8298387005750371,1.0365341942893649,0.1516427993774414,3.709740161895752,1
all_equal,267,-0.03787042148684694,0.27043808238313705,1.3058,1.0923862471572698,0.9351728922275306,0.10141968727111816,3.1102936267852783,1
all_equal,268,-0.17013888355598095,-0.3483336254672917,1.4936,0.705720457161453,2.2476348317172863,0.10117626190185547,4.509944677352905,1
all_equal,269,-0.7895712981407308,-0.7184412136762894,1.327,0.6194639848845975,0.6892846534692055,0.10110950469970703,2.905686140060425,1
all_equal,270,-0.11126458532951089,0.1908353664202781,1.0039,1.3331584178443785,1.3850316831528522,0.10101199150085449,3.1069352626800537,1
all_equal,271,0.685535818571624,-0.6201492828229554,1.4086,1.24069170282943,2.037698417472975,0.10115742683410645,3.908989429473877,1
all_equal,272,0.9994588681815753,-0.10079032354267892,1.1497,0.7781102559007174,0.7535608630481314,0.05149579048156738,2.204900026321411,1
all_equal,273,1.0914962170034874,-0.42468308229914875,1.3317,0.2971911639183276,0.4429629282782679,0.05095839500427246,3.5109164714813232,1
all_equal,274,0.33153432744989875,-0.038565985863317165,1.4695,0.9766616284262971,0.8387333822321253,0.10101842880249023,3.4080169200897217,1
all_equal,275,-0.43599633362291246,-0.48683382781379425,1.0671,1.130039253053636,1.706954451620053,0.15584444999694824,3.611349582672119,1
all_equal,276,-0.7583558150513484,0.5885470138134749,1.0577,1.147719779331502,1.3770849292172365,0.20548582077026367,2.9092960357666016,1
all_equal,277,1.0989073044852347,-0.5040679275724245,1.0535,2.2134961760781486,3.074970779780997,0.15258002281188965,4.4112327098846436,1
all_equal,278,0.5065128649826163,-0.5315470246890391,1.2766,0.6328429170962009,0.604979076853586,0.051054954528808594,3.608123779296875,1
all_equal,279,-0.4293934874215611,-0.005197142944449729,1.1362,1.2059754448270374,1.7648712903149772,0.1014566421508789,3.4101343154907227,1
all_equal,280,-0.6916730882776498,0.4626312252541428,1.3024,0.47885755656494944,0.6339182757192242,0.10100936889648438,3.0101516246795654,1
all_equal,281,0.8884986943003128,0.5700651585676811,1.3588,1.65876049234063,1.879655512685427,0.10126495361328125,2.7079756259918213,1
all_equal,282,0.4256896056265411,0.013878027216957523,1.1018,0.9292400364223996,1.393111242113882,0.10117363929748535,3.2096643447875977,1
all_equal,283,-0.13433135928159368,-0.3860983011133118,1.3171,0.6517792748725582,0.8254154061335958,0.10189199447631836,2.10913348197937,1
all_equal,284,-0.7123664000710418,-0.4404682805209592,1.132,0.5478789423853551,0.5796222318909362,0.1512165069580078,3.511453151702881,1
all_equal,285,0.8140921036446596,-0.06266867188279923,1.2443,1.6675155770566419,2.1608389288997496,0.05125570297241211,3.510702133178711,1
all_equal,286,0.7615176744636456,-0.2651101483423867,1.4527,0.2441428196765189,0.3299961364394823,0.05117654800415039,1.4037399291992188,1
all_equal,287,-0.3437499685242069,0.4642376012519872,1.4231,1.4754592671417142,3.021694494167676,0.1013038158416748,4.609613656997681,1
all_equal,288,0.8128529870647874,0.44866223211876866,1.0461,1.3414189806291112,1.5885794578413877,0.10122799873352051,3.8086674213409424,1
all_equal,289,0.5093884370285202,0.19151342039865282,1.2118,0.4759908217517639,0.42038441007991456,0.1014559268951416,2.109558343887329,1
all_equal,290,-0.5586446813091279,0.46731642313932775,1.1383,1.2260394593545672,1.668409458004677,0.1010432243347168,3.307119846343994,1
all_equal,291,0.7637687996193596,-0.5659328020914862,1.0018,1.7772896066758217,2.3801171410822297,0.10173487663269043,3.812328815460205,1
all_equal,292,-0.5543738860322531,0.3808866911395915,1.3856,1.6932295148070735,2.3960379180925933,0.1015157699584961,3.6082699298858643,1
all_equal,293,-0.8603432022572358,-0.3486096050176698,1.3186,0.8640248148685045,0.9402066712289916,0.050933837890625,2.9130804538726807,1
all_equal,294,0.3792544105470368,-0.3860298796178444,1.131,1.3915902076513327,1.2696701808988036,0.10149168968200684,3.6076600551605225,1
all_equal,295,0.6726535731895666,-0.5960086022517591,1.3706,0.44850971456292643,0.8086267280392047,0.10219526290893555,2.7131781578063965,1
all_equal,296,1.0356501516485273,-0.2732676438628453,1.2758,0.5865715426979896,0.5741435637351874,0.1553630828857422,2.9089159965515137,1
all_equal,297,-0.6698257191224737,0.544751941462884,1.2138,2.012833269513742,3.3357426479989947,0.20291614532470703,4.6191253662109375,1
all_equal,298,-0.2764902103114102,0.23002844979861703,1.0048,0.6856264086608171,1.0540841268519836,0.15341424942016602,3.0113296508789062,1
all_equal,299,-0.18745978111923978,0.11013792141251366,1.0376,0.15749948623928495,0.822055823671568,0.10114359855651855,3.210322141647339,1
all_equal,300,1.0564551369096007,0.5882381731625402,1.4416,1.3956461270382043,1.7610992273622401,0.051215410232543945,3.8115687370300293,1
all_equal,301,0.6298776543313227,-0.7092175767856067,1.452,1.4823401598269672,3.4713152759540313,0.10100769996643066,6.020240068435669,1
all_equal,302,0.09549080338204752,0.31553979206790805,1.2728,1.2855693901474492,1.5356545485869841,0.05118250846862793,3.308260679244995,1
all_equal,303,-0.33067194742973827,0.6270490632166953,1.4173,0.4258420848646357,0.5508769066118069,0.051580190658569336,2.309631109237671,1
all_equal,304,-0.5486975863981116,0.34906831998240306,1.2913,0.47632686576679173,0.4144513042374838,0.05093216896057129,2.8064417839050293,1
all_equal,305,-0.7097207675893997,0.19200604105065588,1.074,0.41246477130469483,0.31971593598735376,0.0510714054107666,1.4034996032714844,1
all_equal,306,1.0116115803803134,-0.535446456693043,1.0637,1.9571196065494065,2.3309795317851805,0.051929473876953125,3.5113894939422607,1
all_equal,307,-0.041100457852425554,0.1343346520904536,1.1541,1.3154321475658173,1.8305593797431428,0.1013791561126709,3.41166090965271,1
all_equal,308,1.0772436982563796,-0.18057507532313088,1.4495,1.2782406409321272,2.514894891003335,0.10103011131286621,4.211304426193237,1
all_equal,309,-0.4506264766222849,-0.7002217701166814,1.3981,1.7274547226455106,2.011417318006676,0.1012113094329834,4.014883518218994,1
all_equal,310,0.8401580511821607,-0.09280958820580043,1.4304,1.5497655290526264,1.901345287762718,0.15266728401184082,3.8164305686950684,1
all_equal,311,0.8486111188880205,0.32404407573585325,1.4495,0.47934840175250704,1.1743918736766117,0.15242791175842285,4.515147686004639,1
all_equal,312,0.6353495500490238,0.11742672192156478,1.105,0.45452612092100136,0.40366882272148435,0.202223539352417,3.7127017974853516,1
all_equal,313,0.9521204343706913,0.10427753215149416,1.1248,0.24323608019563805,0.3703749701730758,0.10110902786254883,3.7075355052948,1
all_equal,314,-0.6404951694765342,-0.5709947215136957,1.0514,1.7324904228238014,1.9043779135773793,0.15102863311767578,4.208174705505371,1
all_equal,315,-0.4755599916799326,-0.06754909277726562,1.3901,0.6289609931883714,1.0396665547120125,0.20277023315429688,3.7096099853515625,1
all_equal,316,-0.3398550724096364,0.3528462042754966,1.4421,0.5028121620873326,0.5314850181947937,0.05102086067199707,1.604600429534912,1
all_equal,317,-0.8499680899021446,-0.6434579761702761,1.2032,1.2133010198624443,1.354151497960317,0.10193634033203125,2.7090470790863037,1
all_equal,318,0.31624072637246003,-0.3422556168534173,1.3103,1.2896598242599027,1.513830365395214,0.05119609832763672,2.7143309116363525,1
all_equal,319,0.6726646599866193,-0.6885637339713573,1.0773,0.5063345108704917,0.49041152183036074,0.05091714859008789,3.211827039718628,1
all_equal,320,-0.39326677856047054,0.6126744031490593,1.4649,1.761495368581986,2.57427691654696,0.10135149955749512,3.708965301513672,1
all_equal,321,0.3521846654185121,0.22218686952759892,1.4323,0.9651508632475437,1.4796324166387036,0.10154843330383301,3.1101009845733643,1
all_equal,322,-0.22595368706040808,-0.03166420198940645,1.4881,0.7484694527649873,4.920819666970225,0.30156493186950684,7.015542030334473,1
all_equal,323,-0.8071914383755114,-0.6350331449090014,1.4054,0.9585228958142233,1.419786042246534,0.10140752792358398,3.010301351547241,1
all_equal,324,0.2518659612544083,0.20432486759460322,1.4407,1.5071304510913395,3.8275829829319994,1.254030704498291,9.337038278579712,1
all_equal,325,-0.5410495219625238,-0.599323787380534,1.0124,1.465489741135338,2.273033336170273,0.8667490482330322,5.122471809387207,1
all_equal,326,-0.8103962609555775,0.5433556263388298,1.3683,1.2648519126618427,2.792540621202165,0.3562195301055908,4.52080512046814,1
all_equal,327,0.5323579495517163,0.45371157602712164,1.1661,1.5003144987787138,1.6496358042323713,0.15233397483825684,3.5092339515686035,1
all_equal,328,-0.20020971838015844,0.3765697062877079,1.4654,0.793729464086704,0.8138034182839561,0.10178303718566895,2.7094638347625732,1
all_equal,329,0.21232808953670523,0.37996713592846654,1.4011,0.54184947408939,0.42319142408126276,0.10114288330078125,2.6095337867736816,1
all_equal,330,0.17033007397537636,0.2622040028918261,1.432,0.33000254666087,0.13279317154277812,0.10106539726257324,3.5102858543395996,1
all_equal,331,-0.38324139019188974,-0.5237856095244792,1.4054,1.0509447426407923,4.513634473569409,1.2034897804260254,9.719429731369019,1
all_equal,332,1.0611649370335183,-0.28010518210649915,1.1334,1.6539013093209862,1.9094511249915702,0.050971031188964844,3.0070695877075195,1
all_equal,333,0.4325588110427365,-0.05847908559338699,1.3937,0.7713546674351773,0.6865537360123679,0.10123634338378906,2.7092294692993164,1
all_equal,334,-0.42020270268136595,0.6259628006619636,1.054,1.2908300724561417,4.1569428102965915,1.3033316135406494,6.714368581771851,1
all_equal,335,-0.47750686225843436,0.19163360510059435,1.4361,0.5693554712729292,0.9297112262497289,0.051641225814819336,3.108898639678955,1
all_equal,336,-0.3622725149707745,-0.10735605744017929,1.4293,0.4371583011330304,0.35651158911799047,0.1012270450592041,4.215696096420288,1
all_equal,337,0.5990443250183624,-0.1583721584683444,1.1112,1.1815037029357618,2.110742086739604,0.1532735824584961,3.815913200378418,1
all_equal,338,1.0845214353248667,-0.6878899709992491,1.4083,0.6594915622927909,0.8289918807836726,0.15214085578918457,4.417506694793701,1
all_equal,339,-0.0036642391662317086,0.2535040254103976,1.2302,1.5824505298826645,2.1397028450523483,0.10201501846313477,4.415229320526123,1
all_equal,340,0.9121910944703144,-0.16355544647587217,1.1526,1.123935854056546,2.4463932073952814,0.10169410705566406,4.910439491271973,1
all_equal,341,0.9353041510122815,-0.4535501523062141,1.3977,0.28408527078767903,0.43492434763584586,0.051342010498046875,1.70756196975708,1
all_equal,342,0.5800300104270868,-0.5622260006351449,1.1138,0.5991343479396035,0.505810927416483,0.05132937431335449,2.910963296890259,1
all_equal,343,-0.5168680782191803,-0.4166154715545921,1.0118,1.1749017901153695,1.1146488997245614,0.10128116607666016,3.1070218086242676,1
all_equal,344,0.8203912550585057,-0.06661022524040017,1.0966,1.373791128539267,1.451197930526046,0.10132265090942383,3.509718179702759,1
all_equal,345,0.00959501541528296,-0.03564095570060566,1.1641,0.8940639019471418,0.7913617882775671,0.10123872756958008,2.809913158416748,1
all_equal,346,-0.5488956845364849,-0.2056539686404807,1.4322,0.6919611719427295,1.9569825173307458,0.10110950469970703,3.8079254627227783,1
all_equal,347,0.4286520691208411,-0.2961888517552692,1.4834,1.116419418167848,1.9355365774042874,0.051837921142578125,3.8088507652282715,1
all_equal,348,1.0491853113456757,-0.11949317013887961,1.1396,0.7280759609344469,0.7110618401617446,0.10147905349731445,2.30538010597229,1
all_equal,349,-0.5365398321164943,-0.028830594684031707,1.3207,1.672537751733601,2.5959074707727336,0.10099101066589355,4.009941577911377,1
all_equal,350,-0.018980928102300676,-0.4012665894645965,1.1998,0.7883924145278333,0.7092156839504746,0.05109071731567383,2.4055991172790527,1
all_equal,351,-0.5419229385403174,-0.5126911968198515,1.4906,0.47300271297420154,0.629447261090128,0.1010591983795166,2.109880208969116,1
all_equal,352,0.44266057374641776,-0.09085717671975568,1.2681,1.2399056541252798,1.9042704327517106,0.10107874870300293,3.4080264568328857,1
all_equal,353,0.2871723502343628,0.45000473942521746,1.4696,0.6240854689289292,4.581259987780616,0.4518585205078125,11.421448230743408,1
all_equal,354,-0.3383562699733266,-0.6645626597332814,1.0577,1.498011236813279,1.6527629051500168,0.10105633735656738,3.913161277770996,1
all_equal,355,-0.7950211023950139,-0.5752209781502231,1.4852,0.5586780843444406,0.8464018884237625,0.1016073226928711,2.4119760990142822,1
all_equal,356,-0.24637859993608047,-0.046059372862148784,1.0893,1.0866277371928919,0.8114131679177026,0.3024580478668213,4.418069362640381,1
all_equal,357,1.0825009037044344,0.5830730889031267,1.4813,1.5796742678476292,3.5936974525010212,2.5631799697875977,8.82433009147644,1
all_equal,358,0.3937357167503217,0.4495197366705105,1.1327,0.9696981694090278,1.085365399280549,0.10118293762207031,3.108623743057251,1
all_equal,359,0.09589392206921576,0.1732714898683474,1.0542,0.48672588066569855,0.4694599176337493,0.15195941925048828,4.010295867919922,1
all_equal,360,-0.2626828557662596,0.22523136800015264,1.2173,0.2917281618385415,0.42021762621902464,0.20121145248413086,4.30947470664978,1
all_equal,361,1.04936567538461,-0.6139804165053391,1.3643,1.6695747342890315,2.2649787845911056,0.10122179985046387,4.2088940143585205,1
all_equal,362,0.8476579481762156,-0.4995961892992917,1.1568,0.47666558720807006,0.3326987773207821,0.05108237266540527,3.109149932861328,1
all_equal,363,0.999225382997514,0.1957827908699734,1.3031,0.7829555157303029,4.557166919800747,0.10141253471374512,6.112677335739136,1
all_equal,364,0.8491696792368195,0.04101779188175203,1.2557,0.3419377986192772,0.43123542648853935,0.10113120079040527,3.707825183868408,1
all_equal,365,0.4936420205445542,0.18652939205793684,1.1926,0.38921942102258095,0.38858512028787584,0.0509488582611084,2.8060667514801025,1
all_equal,366,-0.09236074799345795,0.15179411045501023,1.2883,0.5951279263832343,0.5945442367737064,0.1011655330657959,2.10615611076355,1
all_equal,367,1.1078380044774612,-0.676756658605596,1.1274,1.466944464430463,1.4692823502706092,0.15257716178894043,4.427334785461426,1
all_equal,368,0.8528333385684477,0.3319976550960678,1.3544,1.0649751225888133,1.1599157468755947,0.2532005310058594,2.5097179412841797,1
all_equal,369,0.8682178424992715,-0.18771119805148062,1.0008,0.628871161827933,6.268816730583361,2.3741912841796875,12.727075099945068,1
all_equal,370,0.7281506569275744,0.30437977518307,1.4628,0.5568653989182873,0.7200505536737641,0.10126161575317383,4.4131975173950195,1
all_equal,371,0.7479474164588928,-0.577832757920784,1.2692,1.0387407589340567,2.2237440030016766,0.15112781524658203,5.011094093322754,1
all_equal,372,-0.22967088513766432,-0.23948185108669928,1.3597,1.1307863404383214,1.5370326789244046,0.10104250907897949,3.1099185943603516,1
all_equal,373,-0.10287784328217475,-0.12649496251664283,1.371,0.4017367037316673,0.1916523013441743,0.1013023853302002,2.9070470333099365,1
all_equal,374,-0.42255159876443377,-0.6424288007421585,1.3353,0.67749590996677,0.6355241306422166,0.1014699935913086,2.306462287902832,1
all_equal,375,0.354829865791056,-0.10615918381801348,1.1821,1.106782828320231,1.4844771432824657,0.051085472106933594,3.2105507850646973,1
all_equal,376,0.1558200981399842,-0.08460410013674957,1.035,0.5676664180435106,0.23555270441979084,0.30281686782836914,3.6094791889190674,1
all_equal,377,-0.11945228356643134,-0.19501749904765864,1.3321,0.3930162033360238,3.169410011570273,0.7023098468780518,10.319344282150269,1
all_equal,378,0.3318678939166073,0.3079496013588844,1.1651,0.8461304254808206,2.0037745212340803,0.10110998153686523,4.008631229400635,1
all_equal,379,1.0208479653826805,-0.7179484314026792,1.157,1.2077339438075525,4.41229924214211,0.652569055557251,9.418163537979126,1
all_equal,380,0.4102948834544231,0.4908939742572821,1.424,1.4491976272775882,1.916439729522721,0.10138106346130371,4.610574007034302,1
all_equal,381,-0.7535500324460904,0.5409151008307768,1.3599,1.2489141756865632,1.4511169425276749,0.10111665725708008,2.809107780456543,1
all_equal,382,0.08999782670729739,-0.39018899595202206,1.1502,1.4216617515744012,2.411485156183331,4.3284010887146,4.424410104751587,1
all_equal,383,0.7185973295043389,-0.0021924058482002406,1.1546,0.7557586710791799,0.7384697049348125,0.1526782512664795,4.817130088806152,1
all_equal,384,0.5464106363103696,-0.3684146229921246,1.2042,0.5413480235066314,0.6025147501448438,0.10195469856262207,3.713569402694702,1
all_equal,385,-0.5139619892222635,0.19285593134788648,1.2012,1.1994623367872677,6.043650209674408,0.652554988861084,11.822753667831421,1
all_equal,386,0.5323296907338615,-0.596151107667822,1.1478,1.4254679533549361,2.004473761852889,0.10103321075439453,3.507932424545288,1
all_equal,387,1.0355210667208832,-0.07860828140682341,1.0636,0.7867358200578437,0.8036729568623731,0.10192108154296875,5.010765790939331,1
all_equal,388,-0.7869563598817484,0.1269499900661868,1.2102,1.9152556190021952,2.8345267023308183,0.1011507511138916,4.3126301765441895,1
all_equal,389,0.7506323193838982,0.4718996806407124,1.4702,1.657251634510207,2.2617050443271545,0.10128164291381836,3.4113593101501465,1
all_equal,390,0.3379643199026656,-0.17824688248558762,1.3387,0.91748987525525,5.0110692931542475,0.10133242607116699,6.3125598430633545,1
all_equal,391,-0.17251882622201276,-0.4175398519690616,1.4514,0.6503238364898755,0.6057341684753551,0.10152292251586914,3.408689022064209,1
all_equal,392,0.7574215792941106,-0.1607836394865998,1.3078,0.9395117336441262,1.001872008143764,0.10108304023742676,2.9066314697265625,1
all_equal,393,0.3634891815089678,-0.1222712094150471,1.1505,0.5829103367791814,0.4581569874648848,0.10124564170837402,1.9057533740997314,1
all_equal,394,0.587483762479369,0.44248318454439606,1.274,0.6161500912587428,4.794034226669283,0.10156393051147461,6.412712335586548,1
all_equal,395,-0.8261483224561612,0.13906884160904753,1.0002,1.5952908214265324,2.0217283189480457,0.10115551948547363,3.4114363193511963,1
all_equal,396,-0.41328085549813676,-0.20589516162582278,1.1435,0.5990635180709013,0.5589964931263272,0.1015932559967041,2.1094205379486084,1
all_equal,397,1.0847909010659067,-0.5555317799870487,1.2149,1.615196396077372,1.9101501317167053,0.051100730895996094,3.4103899002075195,1
all_equal,398,-0.024308363217431572,0.24297933001433425,1.29,1.466900073981063,2.1638466694567065,0.10099530220031738,3.611220598220825,1
all_equal,399,-0.6185225183019238,-0.5999533417461554,1.3274,1.0320141626378623,1.1590632504815748,0.10157275199890137,3.315330982208252,1
all_equal,400,-0.3296135588784648,-0.6338777870091323,1.2325,0.432836934675855,0.6248357060665011,0.10316348075866699,2.5091824531555176,1
all_equal,401,-0.49271896240745156,-0.2986874736532744,1.2211,0.4897449957469589,0.8726197279294744,0.15392231941223145,3.1139445304870605,1
all_equal,402,-0.735401943677243,-0.029811847292036453,1.1069,0.39452528806030196,0.40541203397706893,0.20199251174926758,3.7138755321502686,1
all_equal,403,-0.40978265365352173,-0.0010236293334023872,1.2366,0.41801100813767944,0.3338647649785988,0.10200333595275879,2.0063507556915283,1
all_equal,404,0.18332233294474665,-0.2973654232194739,1.4506,0.7817527349100098,0.6853444461571392,0.10193395614624023,2.20908784866333,1
all_equal,405,1.097384213940354,0.16636704685304626,1.398,1.198959633771401,2.197241980456549,0.20131659507751465,4.8139941692352295,1
all_equal,406,0.0490375235463294,-0.6603644212665211,1.0848,1.5252994288966963,1.585421324416625,0.10135340690612793,3.5108540058135986,1
all_equal,407,-0.5255495682471185,0.20506671998759485,1.0424,1.1173455468746811,1.6189100677037225,0.10112524032592773,3.4106333255767822,1
all_equal,408,-0.6813872768002017,-0.12419033358125353,1.2577,0.39197265472777665,0.466138591332218,0.10129070281982422,2.7055864334106445,1
all_equal,409,0.4448550379336662,0.3499482461250879,1.3165,1.3052733058829085,2.3331521176166845,0.10119819641113281,3.9109535217285156,1
all_equal,410,-0.0815558548659513,-0.5335803976840064,1.1676,1.1399475974054833,2.7836065468404247,0.10130977630615234,4.512947082519531,1
all_equal,411,0.19719503221606915,0.41395374647320293,1.4092,1.0687826403601877,1.2529169876188693,0.10126185417175293,2.5094611644744873,1
all_equal,412,-0.6963553755460551,0.2947415577626141,1.3756,0.8375161280640102,0.9138200842820694,0.05109071731567383,2.7086074352264404,1
all_equal,413,0.6769796697627048,0.2308152146988497,1.3364,1.4958000490561838,2.149989430669267,0.050867319107055664,3.511842727661133,1
all_equal,414,-0.35151088643670947,-0.24817257613413274,1.1123,1.2931052664971732,2.54230524992932,0.05134272575378418,4.209817886352539,1
all_equal,415,0.2246360410919297,-0.3232095971558756,1.0996,0.6743020434544267,0.5769898593034521,0.10115551948547363,3.7123396396636963,1
all_equal,416,0.3173779687207434,-0.03445646634501198,1.0122,0.413074334657985,0.3649769978737618,0.10147619247436523,1.9042627811431885,1
all_equal,417,1.0934571853798056,0.4268578919417617,1.1224,0.9658500590661889,1.6015510361167695,0.10110235214233398,3.5076537132263184,1
all_equal,418,-0.6423617993909864,0.3801758994668972,1.2376,1.8180826463869402,2.0606212728024533,0.1011960506439209,3.2087807655334473,1
all_equal,419,0.8474883597929666,0.36434149976161156,1.4249,1.57951044484787,2.0009251652100613,0.10187816619873047,4.712867498397827,1
all_equal,420,-0.7126179809924182,-0.18930523437666813,1.0364,1.852278558965808,2.690530581625291,0.1019432544708252,4.019443035125732,1
all_equal,421,-0.1870303420021091,0.5974884159815231,1.2072,0.9930773930896263,1.0845332046142317,0.2030162811279297,2.911600351333618,1
all_equal,422,-0.6103360986256564,0.44140789864258345,1.3149,0.44780605648060157,0.49644688595649417,0.2568531036376953,3.224071502685547,1
all_equal,423,0.32859332262243734,0.30784866644071573,1.0972,1.096421633079673,0.9879040709724941,0.10201239585876465,2.707273483276367,1
all_equal,424,-0.0828498789552754,-0.5418821347690697,1.3482,0.9994647399659553,1.201952622184289,0.1013023853302002,3.110273838043213,1
all_equal,425,-0.8218408004261168,-0.5572815187012735,1.2472,0.6766883630454529,0.7339900768282308,0.10148143768310547,3.8129727840423584,1
all_equal,426,1.0412595234056818,-0.14874791517439856,1.122,2.0180739375636363,2.318581360673531,0.051074981689453125,3.309558391571045,1
all_equal,427,-0.0018878331295721917,-0.5978167238243639,1.328,1.1948388861561539,1.6744323297578947,0.10126829147338867,3.1122806072235107,1
all_equal,428,0.35502332660749825,0.15037630095506282,1.0028,1.0298191531053875,1.0968696974295051,0.05125737190246582,2.408818006515503,1
all_equal,429,0.6744694635876478,-0.11123421774095399,1.3755,0.559843120420824,2.1940123055404332,0.10124826431274414,4.4125659465789795,1
all_equal,430,-0.7584789281052013,0.21197840445165217,1.385,1.6087408831262744,2.9089835315131873,0.10124897956848145,4.308969497680664,1
all_equal,431,-0.5910617512619771,-0.5762170932335826,1.0533,0.9928011081616722,1.50858411145756,0.10162544250488281,3.7105133533477783,1
all_equal,432,0.4988637792377695,-0.6574110693692938,1.2126,1.0753743480519127,1.117409156020725,0.10115242004394531,3.1070613861083984,1
all_equal,433,0.7402890741609294,0.10231150812940903,1.0879,0.9154565281824323,0.9691746463562891,0.05120515823364258,3.908029794692993,1
all_equal,434,0.17159618147289346,-0.15756143053462957,1.479,0.7423656853276573,0.7139679859613952,0.10280942916870117,2.9067392349243164,1
all_equal,435,0.018473173963861278,-0.4755886687582688,1.259,0.5123997256193235,0.469978163807887,0.1011044979095459,3.310345411300659,1
all_equal,436,0.7671801090135448,0.26498615889136656,1.0251,1.1265098657056172,4.325773077271808,0.702183723449707,6.212926149368286,1
all_equal,437,-0.04818277560771267,-0.08163313565306529,1.1246,0.9481250400361961,1.8869796519782096,0.05142927169799805,3.9131247997283936,1
all_equal,438,0.6338944294280715,-0.5546112643283553,1.4242,0.9360226837301863,1.0265544398937403,0.15317249298095703,2.413475751876831,1
all_equal,439,-0.8489766246558035,-0.41158919725822996,1.2282,1.4414034394866087,1.5079359443075766,0.15265107154846191,4.623597621917725,1
all_equal,440,1.028880909044288,-0.07268854364517796,1.4007,2.0022249215342973,2.585586508925143,0.15256404876708984,4.311403512954712,1
all_equal,441,0.027575877097842483,0.4171466316842324,1.3338,1.2523661892295495,3.087874145650715,0.15214276313781738,4.615106582641602,1
all_equal,442,-0.5756035465765232,-0.2968952764530576,1.4939,0.9470709305934107,1.0614884065992831,0.051175832748413086,2.1053643226623535,1
all_equal,443,-0.12798941884108517,-0.2009895932447714,1.2977,0.6529973342478712,0.501507379960385,0.052032470703125,3.0093462467193604,1
all_equal,444,0.8951118534795446,0.5696298592563976,1.475,1.3788798988601196,2.236873092662882,0.0518190860748291,3.70829176902771,1
all_equal,445,0.49088298746352654,-0.14173330754789149,1.4457,0.9528241154052093,1.0093390754388196,0.10139298439025879,3.7105376720428467,1
all_equal,446,-0.7968389763566719,0.4960209771940721,1.3063,1.4441794968832384,2.1584098947128534,0.10113143920898438,3.910871982574463,1
all_equal,447,0.4338394738118614,0.486891775730781,1.3596,1.308312668141715,1.255486455004106,0.05128169059753418,3.1080470085144043,1
all_equal,448,-0.7408956556087125,-0.030707377847289496,1.2524,1.3367082491046258,1.4369565370919792,0.10196518898010254,2.7090580463409424,1
all_equal,449,0.1422238470507209,0.19163296863227752,1.4153,1.0258683681158385,2.23958825872977,0.1014716625213623,4.009269952774048,1
all_equal,450,0.5467529551402361,-0.6439561223378227,1.2739,0.9166141412439042,4.449136312630207,0.10106301307678223,5.916456699371338,1
all_equal,451,1.0227857714295696,0.2703364858966756,1.4486,1.1211362734385746,4.438209606004607,0.10132575035095215,5.811526536941528,1
all_equal,452,-0.17988819864372618,0.32137395184294404,1.3718,1.3519933948108225,1.1797398749931456,0.05152726173400879,3.1112401485443115,1
all_equal,453,-0.5279152973678448,-0.6078043772937921,1.2373,1.1273869754723,2.750951798093268,0.1009666919708252,4.509145498275757,1
all_equal,454,-0.347677979059842,-0.7142216235435258,1.1296,0.34446480662384676,0.2869103687040306,0.05137991905212402,1.9051570892333984,1
all_equal,455,-0.287428451039753,0.3139126051295956,1.1236,1.1201117912581298,1.362742000774584,0.10150742530822754,2.906129837036133,1
all_equal,456,-0.4653278463284098,-0.5762150614489756,1.3188,0.9533735695909074,1.122057908665368,0.05182623863220215,2.4097254276275635,1
all_equal,457,0.403218230518521,-0.01436486891565636,1.3829,1.153549926819874,1.7841328316800342,0.05170011520385742,3.4106476306915283,1
all_equal,458,0.7100515278593669,-0.3406625215728744,1.2606,0.4319956481053071,0.4967333662784293,0.10142779350280762,2.813493013381958,1
all_equal,459,0.28136170856676257,0.28485254853617714,1.3134,0.8795354971167411,2.7624956856229086,2.870081901550293,8.421191215515137,1
all_equal,460,-0.6191142307021915,-0.27822044676355917,1.1373,1.2858072081216538,5.026902135525194,0.5517005920410156,10.819679021835327,1
all_equal,461,-0.13536495875404864,-0.1493263628346746,1.0387,0.6240312920848239,1.4005099585921066,0.10156106948852539,3.5070574283599854,1
all_equal,462,0.9961763104100105,-0.41228821394213816,1.1429,1.0813477273448884,1.3149649485385506,0.10099387168884277,4.411712646484375,1
all_equal,463,0.884885152214772,0.1443440565882531,1.1359,0.5680362816739603,0.6389434497379527,0.10127663612365723,3.7118213176727295,1
all_equal,464,0.8342353327923302,0.42011070136044204,1.1599,0.32172878289180545,0.37853079169526294,0.20167231559753418,3.65968918800354,1
all_equal,465,0.6234931027751236,-0.11021873074533162,1.2701,0.5812674805901273,0.6538938542391396,0.15128684043884277,3.7088582515716553,1
all_equal,466,0.6659188389624542,0.15856636497379228,1.0692,0.44481366058943966,0.36465692319066273,0.1017601490020752,2.608889579772949,1
all_equal,467,1.0786154237375754,0.5449712033670414,1.1156,0.5253144626555769,4.411211936675882,0.702406644821167,6.511999845504761,1
all_equal,468,-0.6119135710130583,0.25449639631979604,1.347,1.8008662613294837,2.0928000291955327,0.10100317001342773,3.0104587078094482,1
all_equal,469,0.12960003743052506,0.4121259604873889,1.3532,0.8535416941203995,0.7767216869975828,0.0513460636138916,3.109886884689331,1
all_equal,470,0.29706912248928785,-0.04451260853703132,1.0321,0.7354838359048719,0.6496424682555534,0.10098910331726074,1.905205488204956,1
all_equal,471,0.49237066866327983,0.4569456863927498,1.2038,0.5591816797917528,1.390759344188412,0.2019486427307129,3.615593671798706,1
all_equal,472,-0.5557380195200363,-0.10882003014720865,1.2713,1.2993098614544192,2.0538250112571625,0.15238738059997559,3.721672773361206,1
all_equal,473,0.5668471193539755,0.6197468731540255,1.2079,1.4331030726411529,1.5338677466997448,0.10446763038635254,3.2145297527313232,1
all_equal,474,0.7127406599617341,-0.46265503801989294,1.1034,1.232982687064696,2.6298687513250103,0.10256052017211914,4.611995220184326,1
all_equal,475,0.34788316241567485,-0.48465401463841823,1.2101,0.41774469959555405,0.3685899302828662,0.10131168365478516,1.9058845043182373,1
all_equal,476,0.22547695100965703,-0.7358145109920379,1.4524,0.2742831374202827,0.4219576329511628,0.10129404067993164,2.9062530994415283,1
all_equal,477,0.6050443573733022,-0.4647917103329638,1.292,0.6082095133518541,0.5754480949838242,0.10106229782104492,2.6059985160827637,1
all_equal,478,-0.22502153641792721,-0.538427818843221,1.3478,0.8972948722868396,1.2842383054912718,0.10133862495422363,2.909580945968628,1
all_equal,479,1.1017346571772042,-0.2369427050835904,1.4284,1.4843433788928906,1.9058227363455236,0.10109281539916992,3.7085683345794678,1
all_equal,480,0.8834400368817776,0.07184291517264152,1.3828,0.5214926064185216,0.6055192571240761,0.051302433013916016,3.711866617202759,1
all_equal,481,0.5057151663566712,-0.7385781058077211,1.1902,0.9143322457482514,0.9750414115148359,0.05084943771362305,2.305067777633667,1
all_equal,482,0.701099110591181,-0.6152308608830164,1.0029,0.2981208107383619,0.32431481267847734,0.4576432704925537,3.7123451232910156,1
all_equal,483,0.40008919234416074,-0.6538911611804015,1.1759,0.2738025170100022,0.37575287552825704,0.10132575035095215,1.8046858310699463,1
all_equal,484,0.23822830713285081,0.08619205390352902,1.3767,0.825875001326769,1.0433092208838037,0.0511927604675293,3.510895252227783,1
all_equal,485,-0.3382153327058792,0.3906178895874054,1.4267,0.4805461861142339,0.6163941622206087,0.050888776779174805,4.4095094203948975,1
all_equal,486,-0.7569520582384333,-0.28375655011161244,1.4767,0.8392050625767123,0.9852217148059834,0.10103273391723633,3.909420967102051,1
all_equal,487,0.6900348599807096,-0.03227231644922868,1.2095,1.6401484520721243,2.469340008226371,0.10164427757263184,3.812971353530884,1
all_equal,488,-0.22252196234634447,-0.14665739087709528,1.3738,1.0120091400110771,0.8956781954149733,0.10193538665771484,2.7154080867767334,1
all_equal,489,0.31268253283433034,0.26780111896464687,1.2731,0.6657608434698671,3.9789166463387944,1.5622754096984863,7.823000192642212,1
all_equal,490,0.4005642254787496,-0.16420517477394503,1.3016,0.45710200071963414,4.785297563130456,0.10110306739807129,6.513189792633057,1
all_equal,491,-0.6384576695898463,-0.17979068155729994,1.1103,1.202021443393939,1.9252330728417981,0.05107378959655762,3.712613344192505,1
all_equal,492,0.2604508415722837,0.06459510182466044,1.1097,1.0280547500487842,0.9362534219354105,0.05113935470581055,2.7078311443328857,1
all_equal,493,-0.20999862571349048,-0.7070057224769429,1.2179,0.8963033039461173,1.0751396353679117,0.1012110710144043,2.710164785385132,1
all_equal,494,-0.33177365463388575,-0.0311597751878675,1.0145,0.8316006272143607,0.8854807489902717,0.1010739803314209,2.90647029876709,1
all_equal,495,-0.35907382392803644,-0.15265153929670316,1.1681,0.14466981719318356,0.2068154584504538,0.05116415023803711,1.9049632549285889,1
all_equal,496,-0.5041469898286783,0.3598319076593063,1.3396,0.5145026916675473,0.6318200177837898,0.1013329029083252,2.709264039993286,1
all_equal,497,-0.6084426946715995,-0.6322535200977107,1.2022,1.0908009760930297,1.2361722581179317,0.05118227005004883,2.5093069076538086,1
all_equal,498,-0.007161907416714075,0.2593443061683932,1.0825,1.1920777575352237,1.2335175547821764,0.10114550590515137,2.7079482078552246,1
all_equal,499,0.336466246264685,-0.5570234909504601,1.2337,0.9604122062073618,1.0546736327063737,0.051194190979003906,2.810103178024292,1
all_equal,500,1.0230101789874138,-0.6482516855262773,1.0638,0.8281176842474288,0.9258662131671583,0.10114097595214844,3.710512161254883,1
all_equal,501,-0.3542993348354344,-0.4036511300750722,1.3111,1.4197622337971592,1.6578435372364402,0.10120749473571777,3.7098588943481445,1
all_equal,502,-0.3339956428130534,0.30041321256228215,1.0135,0.856278555089321,1.8262359185977055,0.2015211582183838,4.110213756561279,1
all_equal,503,-0.7434442757073885,-0.07307717989276985,1.197,0.6416780399706228,1.439024674005483,0.10102558135986328,3.7071640491485596,1
all_equal,504,0.9235590325286225,-0.5516768600844242,1.2822,1.8266919306524794,2.216946942502078,0.051361799240112305,3.310206890106201,1
all_equal,505,-0.18456552735497378,0.4933710169743125,1.0136,1.683317592766728,3.6504655158774106,0.10117864608764648,5.618868589401245,1
all_equal,506,1.036447768611257,0.026671084076570928,1.3214,1.2809960530097537,1.6315498714955115,1.8588578701019287,5.420542240142822,1
all_equal,507,-0.04295164159501208,-0.3855431952181417,1.0678,1.1825862065097306,5.2612031741951935,4.272782802581787,10.821501016616821,1
all_equal,508,-0.36455741623550086,0.15583590242537837,1.2308,0.7211482560405716,1.6308480766326339,0.10130548477172852,3.7094550132751465,1
all_equal,509,0.046514188616282315,0.5925353229137321,1.0251,0.7168469587942098,0.7267111062437475,0.051001787185668945,2.0088744163513184,1
all_equal,510,-0.646862154352116,-0.5351868573181999,1.1896,1.3744695551324773,1.6573783322091606,0.05102109909057617,3.30963134765625,1
all_equal,511,0.8129210266411351,0.028120111100189304,1.1058,1.6762707911185097,2.122985878698365,0.10107803344726562,3.7086637020111084,1
all_equal,512,0.83179687221858,0.2501468526084567,1.1634,0.2503196030045073,0.33554611470077256,0.10112190246582031,3.7091593742370605,1
all_equal,513,0.2042927467731246,-0.6307093749439266,1.3806,1.1021125058191745,1.1308429603021553,0.051091670989990234,2.1046273708343506,1
all_equal,514,-0.5444348613963874,0.556389253978388,1.1896,1.4172454362005587,4.759586134857312,0.6021568775177002,11.323504447937012,1
all_equal,515,0.04326980190320351,-0.17723414586288522,1.376,1.0610875510773246,2.753708332091547,1.4064886569976807,6.819278240203857,1
all_equal,516,-0.7495747041421027,-0.0388213605895642,1.416,0.6704788790722963,0.7898310511070888,0.1542496681213379,2.507814407348633,1
all_equal,517,-0.77002206328744,0.33734624595366147,1.1261,0.5469095932520542,0.5130335308397442,0.1025846004486084,1.8076567649841309,1
all_equal,518,-0.5465520074971895,-0.2892845008665623,1.041,0.7696441098139776,0.7585824345347981,0.10364675521850586,2.006929636001587,1
all_equal,519,-0.46692531463328774,0.4631385273809042,1.0097,0.7952900151234494,0.8962760689107611,0.15201997756958008,3.5114564895629883,1
all_equal,520,-0.39970590904178915,-0.12299714109532234,1.2697,0.670877642469267,0.7167054243034569,0.1010587215423584,4.6100873947143555,1
all_equal,521,-0.8191541711309405,-0.6534088916080839,1.5,0.6327064195872519,0.797543678553565,0.05106854438781738,2.508765697479248,1
all_equal,522,0.19470696354227957,-0.05900561396088522,1.175,1.383123129437565,1.8129688813776745,0.10108613967895508,4.009639024734497,1
all_equal,523,0.7564084643096469,-0.2203029096846093,1.3251,0.4856803868119484,0.6063811968489868,0.1012125015258789,3.0106027126312256,1
all_equal,524,-0.46913487800892023,-0.023945086738425436,1.3906,1.3418702032154317,2.389196786503535,0.05116391181945801,3.910740852355957,1
all_equal,525,0.27179005117645416,0.12891624171411742,1.3259,0.8772447000290239,2.581120477077989,0.10134148597717285,4.208814382553101,1
all_equal,526,0.9407085155827597,-0.010618336403803608,1.3771,0.5792641419330206,0.6455348762470337,0.10132789611816406,3.708401679992676,1
all_equal,527,0.6992439965686201,-0.3077694557092183,1.4748,0.3954871227063941,0.39618924989103316,0.05195331573486328,2.709470510482788,1
all_equal,528,-0.3241753060171827,0.6083585035107152,1.0997,1.4241674317115454,3.277559983219636,0.60687255859375,12.02643609046936,1
all_equal,529,-0.5078663686302323,0.48534186155081416,1.0102,0.5445633980703567,0.2622086721930627,0.10127472877502441,1.8083899021148682,1
all_equal,530,-0.0002789847939322909,0.10241948644590804,1.0762,0.7234761129249785,0.7630528968114249,0.10217094421386719,2.0051560401916504,1
all_equal,531,0.7197422072451227,-0.04884589310569898,1.0631,0.7306275039654964,0.7115860470795855,0.551917314529419,3.909929037094116,1
all_equal,532,1.0775066523303387,0.1747220783561837,1.3347,0.3495906832589055,0.4555302255979017,0.15127205848693848,3.709378719329834,1
all_equal,533,0.8749808169598043,-0.15562916879707478,1.282,0.39131631128552463,0.39387667352167977,0.10452580451965332,1.6043915748596191,1
all_equal,534,0.23643576497127428,-0.01835291920344262,1.109,0.6748228887285933,4.268751348909472,0.5519101619720459,9.519726514816284,1
all_equal,535,-0.7156161492375155,0.262076177727658,1.3497,0.8929323931471553,1.0336105019573094,0.10175371170043945,2.714061975479126,1
all_equal,536,0.7503838844738024,5.061935013805918e-05,1.3834,1.6061772952000701,3.16474015235214,0.15270113945007324,4.517296314239502,1
all_equal,537,0.06085477568483855,0.38592909745418813,1.0839,0.9892786114198351,2.970857311426823,0.15231823921203613,4.820400953292847,1
all_equal,538,0.10652907045009441,0.39501447284873803,1.3036,0.15301562594227405,0.21973762295601829,0.15206646919250488,2.311983823776245,1
all_equal,539,0.5382117882956075,0.39189406426090445,1.374,0.5328117744121424,1.2031239638223339,0.050965309143066406,3.3067846298217773,1
all_equal,540,-0.5916115162937101,-0.264928500486103,1.0573,1.485350675564893,2.5056319660723565,0.1010594367980957,4.009527921676636,1
all_equal,541,0.417574513235478,0.11015585171536446,1.4097,1.1773157828188086,2.229704528182436,0.10143804550170898,4.00965142250061,1
all_equal,542,0.061091165783162205,0.6022901848328225,1.4824,0.6998753113906996,7.282600720635776,0.9024028778076172,12.223350524902344,1
all_equal,543,0.46718392803351017,-0.2963070827968456,1.054,1.2654327454133159,1.9875814046168312,0.15665650367736816,3.812084197998047,1
all_equal,544,-0.5263849915172485,0.4327829937365505,1.0128,1.3765467906776296,2.2231562205148543,0.15120959281921387,3.9128732681274414,1
all_equal,545,-0.31947479268335854,0.14031974442066442,1.156,0.5012044533267027,4.203863898466329,0.8025321960449219,9.017744779586792,1
all_equal,546,-0.2678742387870786,-0.4508266268661139,1.3387,0.6425279439372493,0.7078451457714805,0.052124738693237305,3.010571241378784,1
all_equal,547,0.421568650833003,0.5462308205482153,1.4791,1.3006395655160017,2.521373839288987,0.05114245414733887,4.014019966125488,1
all_equal,548,0.6897026343280379,0.1706892573760176,1.1983,0.6126861293290469,5.188652896980252,0.552316427230835,10.826284646987915,1
all_equal,549,0.45639144219736316,0.02704542696712453,1.3575,0.3967367717257384,0.4876139687643648,0.15208911895751953,3.7174503803253174,1
all_equal,550,0.039430093522217935,0.4449103994841487,1.038,0.6711087079539463,2.941718070113404,0.7054190635681152,9.318619966506958,1
all_equal,551,1.0630182511081268,-0.5908699047696422,1.3453,1.543576185206459,2.5961091501941604,0.10126900672912598,4.210399389266968,1
all_equal,552,0.593489967360056,0.5184371827216331,1.3136,1.325339128226681,5.2128364547937265,0.3013956546783447,9.719305515289307,1
all_equal,553,-0.2938234672245187,0.5083982020987395,1.051,1.131420948846754,0.9378084052961776,0.10109519958496094,2.5063021183013916,1
all_equal,554,-0.8373110067998992,0.5799014306197118,1.3862,0.5932322964077994,1.0096337320911664,0.05171346664428711,2.7095625400543213,1
all_equal,555,0.7708602257502346,-0.3561898733778862,1.4251,1.9670040719695707,4.565877460111591,0.10175609588623047,6.713643550872803,1
all_equal,556,0.5217056073272972,-8.029308989310202e-05,1.3002,0.6602193321584379,0.5169785050272608,0.15109705924987793,2.409083366394043,1
all_equal,557,-0.8484152000983621,-0.09891281545176889,1.0605,1.5155830338694822,2.430305544590169,0.16401457786560059,4.0103113651275635,1
all_equal,558,-0.2838746651215207,-0.330911140789403,1.4919,0.7054955677221526,0.7868357755903284,0.10130524635314941,3.3082311153411865,1
all_equal,559,0.9165378804705187,0.4280105634134833,1.3913,1.5385054814869654,2.4575699208479,0.30164480209350586,7.213765621185303,1
all_equal,560,0.8955435513127907,-0.4883563333275463,1.1736,1.0775541628272176,1.716211704738087,0.20126795768737793,4.009777307510376,1
all_equal,561,0.701854148383777,-0.6953630535178119,1.2142,0.4209555918972198,0.31091936192442915,0.1014862060546875,2.308722972869873,1
all_equal,562,0.8229896579860032,-0.02653362325410802,1.1853,0.8207563957102817,0.8037502886927579,0.15169286727905273,3.008183479309082,1
all_equal,563,0.31417540320723125,-0.5850820620401551,1.253,0.8812527418156091,0.829517181226766,0.1015164852142334,2.3054165840148926,1
all_equal,564,0.45335492114327147,0.3964400622612222,1.1706,1.1196636754319758,1.1809486771647426,0.10112404823303223,3.5149996280670166,1
all_equal,565,0.15257866917849183,-0.15159273821895947,1.4248,0.7032485751875535,1.9075029106929802,1.309800624847412,7.520918130874634,1
all_equal,566,0.6608294776571699,0.08404279421479088,1.4112,0.5116792705692106,0.5775900798382358,0.10177469253540039,2.1059982776641846,1
all_equal,567,0.3302515450205705,0.12441657794839256,1.0528,0.6433780370241522,0.5090191513662448,0.10184311866760254,4.713245153427124,1
all_equal,568,-0.402406865681134,-0.03901216965208354,1.4804,0.8872965843723303,0.8369435758794511,0.40204596519470215,4.610398054122925,1
all_equal,569,0.09355613000734608,0.15315613261547922,1.3178,0.5288647367038736,0.5669899650516218,0.10139274597167969,5.115659475326538,1
all_equal,570,0.6008031418619415,-0.04739043425359135,1.4144,0.4370524817975664,0.5818171348882336,0.10101771354675293,3.710430860519409,1
all_equal,571,-0.36879588677145925,-0.24581384993613936,1.3537,1.1274341947167157,1.0179340195862612,0.05089211463928223,2.509608507156372,1
all_equal,572,-0.5954722386493243,-0.36265714109474584,1.2177,0.44358847487505504,1.0742694013424539,0.05089902877807617,3.3099164962768555,1
all_equal,573,0.08240537717814755,-0.47356174269744805,1.3669,0.7905390864461104,0.7007020704236134,0.10175299644470215,2.5062668323516846,1
all_equal,574,-0.46274070953503815,-0.033229208515224706,1.4827,0.6528664911764538,1.122872226294428,0.3514578342437744,5.511162519454956,1
all_equal,575,-0.4388056203601179,-0.6925448479238717,1.135,0.7952205525000207,1.07999117031181,0.25156521797180176,4.91072678565979,1
all_equal,576,0.717724816927189,0.042994835989419444,1.4041,1.4602627903861225,1.7863803941311598,0.10107898712158203,4.3092591762542725,1
all_equal,577,0.973735871915842,-0.19750133334009856,1.2691,0.3544498875251181,0.4427315187816014,0.05100369453430176,3.7098381519317627,1
all_equal,578,-0.647372304129376,-0.26866340179047504,1.2417,1.6225373745153437,2.380129520767797,0.10150766372680664,3.9134905338287354,1
all_equal,579,0.10520932223411517,0.22190354452750682,1.2178,1.001881757671408,2.404513413727667,0.10178899765014648,4.211944103240967,1
all_equal,580,-0.32848211642031233,-0.20085247212883384,1.3655,0.6871502836185129,2.2000915366638174,0.15497541427612305,4.118597745895386,1
all_equal,581,0.9258850070670919,0.23808085349746078,1.1342,1.5063899566327275,2.5060038705406127,0.15259218215942383,4.112654447555542,1
all_equal,582,0.759752541526606,0.569253142780375,1.4259,0.4505781824190315,0.5159701294223109,0.10102415084838867,3.209538698196411,1
all_equal,583,0.3883475157035128,-0.6727399858985535,1.4154,1.3997947552741732,2.9236499614161193,0.10113644599914551,4.358908176422119,1
all_equal,584,0.3237225877456864,0.2003745411388418,1.0433,1.0799255478519656,1.221409514275648,0.10106587409973145,3.8291261196136475,1
all_equal,585,0.031260760749884264,-0.23592114810050058,1.4408,0.6132525891307856,0.7747107499816954,0.10123276710510254,2.105039119720459,1
all_equal,586,0.6158348907562847,-0.645435468931307,1.1219,0.9209951689760615,0.9188463306237041,0.051302433013916016,2.410097360610962,1
all_equal,587,0.9935003604287094,0.17561881659728396,1.2324,0.9994263677742394,3.30651056761884,0.10119247436523438,5.111313104629517,1
all_equal,588,0.30363568817532327,-0.7290797531458806,1.3052,1.1990769461194555,3.5103733952587235,0.05096125602722168,5.11016058921814,1
all_equal,589,0.34112061425943163,0.4574618674227583,1.1895,1.2996003486170262,2.981122159492255,0.10122895240783691,4.610111474990845,1
all_equal,590,0.9156624550405383,-0.6517061578551653,1.0143,1.279782379059177,3.4545909203716136,0.4518089294433594,5.3117711544036865,1
all_equal,591,-0.8497974975313481,-0.16312492658462396,1.4255,1.872660012952741,2.1428387889110576,0.10129880905151367,3.310298204421997,1
all_equal,592,0.27101017550787976,-0.6829025146475063,1.0909,1.4335331465548664,1.4198594110446352,0.10120415687561035,2.3047091960906982,1
all_equal,593,-0.19284230601179142,0.25888437189294156,1.1061,1.0944865165468145,1.2726562942683879,0.10106825828552246,3.813802480697632,1
all_equal,594,0.4995207824584045,-0.15227469966593643,1.3989,0.889345401318916,2.5298898715062763,0.10155010223388672,4.31264591217041,1
all_equal,595,-0.26588664542158247,0.34106560973117006,1.1702,1.0954243441607379,2.712631919157443,0.1011199951171875,4.410902261734009,1
all_equal,596,0.7570411446105278,0.4352906519466039,1.4402,1.1008321436164408,1.6539701040726127,0.10123586654663086,3.109611988067627,1
all_equal,597,-0.2410059660875028,0.05694107782031255,1.3506,1.2311983566334654,1.9533645761652194,0.05103921890258789,3.5099027156829834,1
all_equal,598,0.5254711797600604,0.20286849540819618,1.1381,0.9552918951188778,1.966213248756441,0.051403045654296875,3.8150320053100586,1
all_equal,599,-0.0196908511679047,-0.5470756460314574,1.0051,1.0157378835705875,2.8060551189326692,0.2026047706604004,4.821855783462524,1
all_equal,600,-0.5668607810033723,-0.7080347778894983,1.474,0.6139164494679672,0.7810067815445372,0.15213394165039062,2.7079918384552,1
all_equal,601,-0.19792254183587987,-0.6444678647233275,1.0428,0.7326873259654146,0.608674201383211,0.1529543399810791,3.0131030082702637,1
all_equal,602,0.4690531079547886,0.08934068874799661,1.36,1.0695693606430472,1.5783289326531733,0.10190439224243164,3.9085636138916016,1
all_equal,603,1.085287284920383,-0.11920177247653807,1.2443,0.5651869179829176,0.6313482682942582,0.05142974853515625,2.309495687484741,1
all_equal,604,0.08943878472492639,-0.7051645468993544,1.3791,1.2226960006484404,1.2798550307220338,0.05150794982910156,2.305166482925415,1
all_equal,605,-0.11150229486214391,-0.6894194787220714,1.3453,0.3087509686459578,0.42117210601162974,0.10202193260192871,3.308898448944092,1
all_equal,606,-0.5558305759299493,-0.7109142196450725,1.323,0.39514256015693716,0.4395584636743,0.10106253623962402,2.1125681400299072,1
all_equal,607,-0.29971686195019875,0.4937142934646447,1.2454,1.343361648389105,1.5687068472465628,0.10110592842102051,2.8101730346679688,1
all_equal,608,-0.2507179661580867,0.477666645752128,1.3965,0.14662405207068183,0.20323313891450168,0.10121607780456543,2.105250597000122,1
all_equal,609,1.0773140894831401,-0.34673092843704334,1.0465,1.7749572638040212,2.9309373277662534,0.10105037689208984,4.509355306625366,1
all_equal,610,-0.10891540481141992,-0.27530811875430916,1.1108,1.2478514991706116,1.641058981106767,0.10134720802307129,3.2093398571014404,1
all_equal,611,0.22445616397957813,0.0013024122513455305,1.3459,0.5266343383931587,1.6650617984419358,0.10111331939697266,3.809555768966675,1
all_equal,612,-4.524368077551966e-05,-0.32759411539104755,1.1531,0.5626950955565228,0.5015672822350425,0.10134434700012207,3.4115328788757324,1
all_equal,613,-0.7587424920815327,-0.27247647708110384,1.2908,0.833583506031513,1.5488843197363644,0.10117864608764648,3.4106922149658203,1
all_equal,614,0.232378893627587,-0.26584134837208256,1.2366,1.1284940739718239,1.7792065938341044,0.10125231742858887,3.5088860988616943,1
all_equal,615,0.007094710918766123,0.11744595763254173,1.2655,0.5515030493275603,0.4900737578041756,0.0509190559387207,2.308528184890747,1
all_equal,616,1.0968075067992018,0.4665524831926259,1.2128,1.0620746459402646,2.9223379603363733,0.2526102066040039,6.319169282913208,1
all_equal,617,0.3571490710123255,-0.46639716385197666,1.373,1.201299550290441,1.5783737541075813,0.3521275520324707,5.315754175186157,1
all_equal,618,0.06953224629889043,0.0031157783578292797,1.1654,0.766500875943219,0.6648147804443636,0.15296411514282227,2.3079237937927246,1
all_equal,619,0.9295390388776137,0.2492248055164148,1.3514,0.8069659206477924,5.095685021781084,0.15243101119995117,6.81812310218811,1
all_equal,620,-0.6140470545418966,0.34316045733369205,1.1355,1.7017327068418342,2.130775664740755,0.10194659233093262,3.9126369953155518,1
all_equal,621,-0.32642867972581047,0.4621224583189917,1.1257,0.3817213532804682,0.8930126094429993,0.15126442909240723,3.1089601516723633,1
all_equal,622,0.04402304923960998,0.6048766575955294,1.0603,0.3588045043128202,0.3843967901596874,0.10199427604675293,3.1070446968078613,1
all_equal,623,0.2938658768642759,-0.227296706518467,1.0963,0.9145200014544171,1.3790020263372786,0.10165095329284668,3.509416341781616,1
all_equal,624,0.6368840153105959,-0.21189334362515966,1.0598,0.48053734060178327,1.110901722296888,0.10140109062194824,3.5102379322052,1
all_equal,625,0.2711670359400662,0.4463029980881349,1.2679,0.8345354608372003,2.4380332912746683,0.10121607780456543,4.40914511680603,1
all_equal,626,0.7671425036146926,0.30746118985558224,1.3811,0.6215733060677356,1.2439412763208721,0.10125923156738281,3.1077687740325928,1
all_equal,627,-0.4756595102227057,-0.5928709750345802,1.0926,1.6957316102512932,3.2897202307641,0.10224294662475586,4.7121546268463135,1
all_equal,628,0.8056922690383939,0.4841059419385002,1.1082,1.755294998323949,2.7819490088721834,0.05118203163146973,4.410094499588013,1
all_equal,629,0.015568367742194722,-0.0416657601081849,1.2421,1.0411084862321351,1.6977708087237509,0.10116219520568848,4.312963008880615,1
all_equal,630,-0.8351119008402077,-0.08781707453131926,1.3623,0.7650981172754072,0.9052196217608478,0.05121421813964844,2.906924247741699,1
all_equal,631,0.499599279306548,-0.5582861321932405,1.4883,1.546863996442658,1.4902909209716162,0.10128235816955566,3.7140378952026367,1
all_equal,632,0.7213945456207789,-0.35998393530240413,1.2623,0.6038113414927847,0.8836251222085458,0.10094881057739258,3.0108184814453125,1
all_equal,633,-0.8554329689051047,0.6280058557070382,1.1415,1.9786503114203944,3.3591514268846905,0.8073830604553223,4.712712526321411,1
all_equal,634,-0.28906435644184514,-0.7233308084854596,1.0503,1.567410131826701,2.2201148305921494,0.15162086486816406,4.119004726409912,1
all_equal,635,0.5946236935318749,-0.5467237052486478,1.0971,0.9253576930791,0.9459268670120256,0.10560345649719238,2.1093063354492188,1
all_equal,636,0.4322273020580487,0.30964329166113547,1.1137,0.9536580382851589,7.754715994928226,1.8124597072601318,12.526251792907715,1
all_equal,637,-0.6973854569120961,-0.07299938951725227,1.0897,1.3396508145325159,2.7470938197406944,0.10102200508117676,4.5094499588012695,1
all_equal,638,-0.06611493855300599,-0.652302474151308,1.0071,0.9990020895692745,1.31182897953449,0.10103440284729004,3.309293746948242,1
all_equal,639,0.7289221862382782,0.559123347675183,1.2671,1.491687724613553,1.7831914295937688,0.10111308097839355,3.5109071731567383,1
all_equal,640,0.16274681988542894,-0.33139675849137723,1.1372,1.2258211512584014,1.1370415671479728,0.05087089538574219,2.7080705165863037,1
all_equal,641,0.7017298091806639,0.2285368197644434,1.4871,0.7232486988915441,0.7889357856329456,0.10114455223083496,3.7095017433166504,1
all_equal,642,-0.0745051538221132,-0.3372708611781259,1.2767,0.983435461936222,0.9884686469390968,0.051592111587524414,2.9099457263946533,1
all_equal,643,0.7195027972144252,0.5337593456901674,1.3487,1.18003227446992,5.397868742918799,0.6044695377349854,10.921093940734863,1
all_equal,644,-0.2357955201266979,-0.08837558076363028,1.0631,1.3193210715327202,1.9735348645030215,0.05103588104248047,3.5112931728363037,1
all_equal,645,1.0673405702764713,0.08619951396360237,1.4342,1.416952117332612,2.578476174779436,0.10093259811401367,4.210729598999023,1
all_equal,646,-0.6293712152816018,0.4780175762846578,1.2454,1.9174463030185798,3.6534240952738406,0.10164928436279297,4.910537242889404,1
all_equal,647,0.288184010714875,0.11545302747263908,1.4364,1.0705993121403208,3.3659479077343777,0.10121917724609375,4.915652751922607,1
all_equal,648,-0.39349140961462037,0.2379709170640545,1.287,0.8769860751622902,2.8716249024354115,0.15244436264038086,4.817333459854126,1
all_equal,649,0.22205691740243627,-0.02828656796502782,1.2347,0.8083511678363134,0.6553576627576334,0.15299129486083984,2.1072335243225098,1
all_equal,650,-0.3350666079546122,-0.060540489048141355,1.2202,0.44442180640209555,0.5195546334530556,0.15270137786865234,3.715935230255127,1
all_equal,651,0.37478335523942197,-0.6683477841533301,1.0922,0.942689871943488,1.1464133718299037,0.10205602645874023,4.110065460205078,1
all_equal,652,-0.8727330384651101,-0.040708562688046235,1.0257,1.3984560067679297,1.5926714390595111,0.20124340057373047,4.613339424133301,1
all_equal,653,0.5282273981372294,-0.6568644598915563,1.4705,1.6312656233089484,2.0511370118805403,0.10135769844055176,3.3071630001068115,1
all_equal,654,-0.38379509124182976,0.2750021731529463,1.2389,1.4785846506923268,2.1828046633220377,0.05360603332519531,3.8082122802734375,1
all_equal,655,-0.159016372937552,-0.37147962450766187,1.4111,0.7853817055297239,0.8138111594080625,0.10135149955749512,2.0099103450775146,1
all_equal,656,0.6906641590600464,0.48243232696994964,1.2004,1.3434459869752522,2.4003381208383647,0.05108928680419922,4.009880304336548,1
all_equal,657,-0.12515561704495182,0.5816437442574088,1.037,0.9445327589029009,0.8711302713089502,0.05102729797363281,2.7091245651245117,1
all_equal,658,0.10573942818563264,-0.21037054130394084,1.3147,0.8694507451968944,3.1700310934477827,0.15136337280273438,6.412165880203247,1
all_equal,659,-0.8643519995530874,-0.5136064560613489,1.0268,1.178227922445319,1.455896272334502,0.10113000869750977,3.009666919708252,1
all_equal,660,1.0417061551650382,0.302665923804576,1.0746,2.149909306774095,3.1686016498129295,0.1013033390045166,4.609939813613892,1
all_equal,661,-0.2822605224766237,-0.5982285968273232,1.2814,1.67146251741305,3.1135905218419717,0.10320734977722168,4.609698295593262,1
all_equal,662,-0.7774953234364869,-0.24829065985205573,1.1519,0.6313512658325321,0.6620876594289415,0.10118412971496582,1.7039859294891357,1
all_equal,663,-0.015330852408945383,-0.11412074251113002,1.497,0.8994112809432028,0.8127760756258924,0.05149197578430176,2.91229248046875,1
all_equal,664,-0.14003012663341596,-0.6710642022624129,1.0592,0.7919120624853229,0.8133886395847929,0.05115056037902832,2.5099129676818848,1
all_equal,665,0.756560535670151,0.4253781535387363,1.3822,1.498895958558867,3.293975375900827,0.05106782913208008,4.810618877410889,1
all_equal,666,0.06306253585102972,0.4663353579041206,1.3032,0.8374172091995173,0.7261175897021072,0.0513005256652832,2.5098488330841064,1
all_equal,667,0.3315647063048961,-0.33725576981630173,1.3954,0.860869375789277,4.121381953712079,0.10105490684509277,6.818779706954956,1
all_equal,668,0.5909001620182794,-0.30932802966915707,1.1128,0.4390367167886176,0.36603753349054513,0.10255098342895508,2.608534812927246,1
all_equal,669,0.5405760426661483,-0.469278212295571,1.2613,0.15643301683836888,0.3275729616823465,0.10213136672973633,1.8057713508605957,1
all_equal,670,-0.14404817226730493,-0.6631816578415994,1.2253,0.7274172493240366,0.6981046247168488,0.1022496223449707,2.7084858417510986,1
all_equal,671,-0.3426313147251605,0.40494983016977526,1.2214,1.1966371629049486,1.9537720818383775,0.15194320678710938,3.7111339569091797,1
all_equal,672,-0.20438112630365834,-0.7164438351192162,1.4301,1.2183142320060059,1.4805346453120025,0.10194683074951172,2.710367441177368,1
all_equal,673,0.1038576063748392,-0.18750588727180983,1.495,0.738513282270902,1.1404936846920177,0.10139799118041992,3.0065271854400635,1
all_equal,674,-0.8533309865246298,-0.10533325091088563,1.1527,1.1733642065014804,2.1723111036286,0.15175127983093262,3.8133530616760254,1
all_equal,675,0.46988877410364527,-0.31449905922220245,1.3105,1.426306911027848,2.127247065073637,0.10116958618164062,3.610833168029785,1
all_equal,676,0.16020876645050341,0.5980429931856396,1.3048,1.0802322903781107,2.83295167574816,0.05092120170593262,4.60988712310791,1
all_equal,677,0.6534535757025641,0.3660317083393486,1.37,0.6383729107751895,1.0853581051086565,0.10106134414672852,3.8145391941070557,1
all_equal,678,-0.8382112158073415,-0.3399939687875041,1.4738,1.786176008002773,3.018409510036948,0.10154199600219727,5.413196086883545,1
all_equal,679,-0.18307453434045307,-0.23223020879870215,1.1039,0.9368099456791221,0.8086466460359167,0.10182809829711914,2.4080944061279297,1
all_equal,680,0.40828122592637817,0.5955431658036748,1.1055,1.0796317585139654,1.170944526380289,0.05219459533691406,2.4095094203948975,1
all_equal,681,0.9079471184655314,0.33311461987231217,1.3302,0.6360920502225571,1.0358406222507242,0.1011664867401123,4.512893199920654,1
all_equal,682,-0.08415350936417543,-0.3267937885831933,1.0785,1.361229586669653,4.473158216319214,0.5016598701477051,6.212808847427368,1
all_equal,683,-0.3842315954735552,-0.07787810621818292,1.0869,0.48645946894093584,1.3495596473257578,0.10128498077392578,3.610642910003662,1
all_equal,684,-0.7583523011957277,0.5730031865577921,1.0375,0.7259829233216472,0.7910303994986988,0.15136122703552246,3.6113829612731934,1
all_equal,685,1.0918119009002851,0.005118725267561297,1.0013,1.9824319802974104,3.419284765768074,0.10122346878051758,5.109846353530884,1
all_equal,686,-0.14822075694596204,-0.4333261377587037,1.2253,1.3711583458968444,1.374594687719351,0.051651954650878906,3.1073079109191895,1
all_equal,687,0.36062383758380534,0.3305362297967972,1.2969,0.9917832873577098,4.215266721782075,0.15121746063232422,5.9170355796813965,1
all_equal,688,0.7346473120081394,0.13080176764296303,1.1456,0.43916515320409066,5.225827988603972,0.20149755477905273,6.917869567871094,1
all_equal,689,-0.35786833114070526,-0.26870590552895474,1.1157,1.2590057375150214,2.2088040758262255,0.10307478904724121,4.015575170516968,1
all_equal,690,0.05851674748903035,0.4800539227821242,1.3535,0.9145969928271689,0.9977103504315384,0.05164813995361328,2.1060171127319336,1
all_equal,691,-0.5810453662390808,-0.7322256542793862,1.3515,1.416575059258598,1.6677331967216684,0.1520392894744873,3.1128625869750977,1
all_equal,692,-0.6068672455116899,0.5732014823320027,1.227,1.4253687801654207,1.7773510201179026,0.10185027122497559,3.110161304473877,1
all_equal,693,0.11919627802863031,0.19079833717803818,1.3437,0.9032428676908182,0.7719774443825851,0.10108780860900879,2.909397602081299,1
all_equal,694,0.7264056029320753,-0.11142046806674344,1.462,0.818489132943867,2.310326457187192,0.10105180740356445,4.210764408111572,1
all_equal,695,-0.7859903136815638,-0.5152598025271058,1.3939,1.7231417391595603,2.1752248746200364,0.10135102272033691,3.2118544578552246,1
all_equal,696,-0.7739415651965167,0.4161746384072059,1.3125,1.0179067018669925,1.081856233497736,0.10114693641662598,3.7092623710632324,1
all_equal,697,0.8192017148186501,-0.4105234229443796,1.3306,1.795958253480823,3.2253764782104453,0.2515244483947754,6.313854455947876,1
all_equal,698,1.0127338841371516,0.6238817099092168,1.4668,1.1526959101076442,4.132481631086988,0.0510258674621582,5.611546754837036,1
all_equal,699,0.25582784310199935,-0.3863895899160518,1.2126,1.4570367565008402,2.320626252249374,0.10104918479919434,3.812774419784546,1
all_equal,700,-0.7281523440624563,0.11209964558409624,1.2723,1.0247184311895758,1.1431082965531605,0.10136914253234863,2.911569595336914,1
all_equal,701,0.6979235204835756,0.5044529426531971,1.3238,1.573368514944547,2.080088018656511,0.10118412971496582,3.3078973293304443,1
all_equal,702,0.16053300394595738,0.5998210655803261,1.4542,0.6490799694757233,0.5654523715284218,0.051024675369262695,2.2099297046661377,1
all_equal,703,0.07221601101951647,0.2439870349611335,1.4133,0.5031934539985649,0.43350638484326404,0.05091571807861328,3.4112703800201416,1
all_equal,704,0.4482021494703994,-0.5194505520070305,1.0357,0.9511978009394786,4.304820627177224,0.4520397186279297,5.912319898605347,1
all_equal,705,0.11581120711023685,-0.7263703175496284,1.083,0.3963641917570162,0.46932728549372177,0.050989389419555664,2.8127377033233643,1
all_equal,706,0.9627166436317918,-0.42879810482464153,1.1538,0.9468075720261937,1.0220978806187686,0.1522352695465088,4.420020341873169,1
all_equal,707,-0.23545008049477467,0.42220983111243904,1.3745,1.5512250011967763,2.7248503917990616,0.15285754203796387,4.4174346923828125,1
all_equal,708,-0.02331259440488853,-0.7029207447514066,1.2846,1.2716876120043572,1.5035918929915637,0.10198116302490234,2.907529354095459,1
all_equal,709,-0.6381278000284636,-0.34607209393880634,1.1443,0.7467140201900765,0.7732127414539252,0.10116958618164062,3.1099088191986084,1
all_equal,710,1.0956314405683147,-0.6812918751800238,1.0622,1.8530241890291814,1.9573415344170353,0.10747098922729492,3.7093896865844727,1
all_equal,711,-0.09514787489317056,0.2933600733788092,1.3443,1.564268834662228,2.1824361965686525,0.1016530990600586,3.9094574451446533,1
all_equal,712,0.2708569655279518,-0.2523155271211091,1.3499,0.7828538891167066,0.7295931143668745,0.10117316246032715,2.211019515991211,1
all_equal,713,0.24499472514803222,-0.25031319386482426,1.4713,0.14468789118450573,0.13920500973016003,0.051009416580200195,1.0028505325317383,1
all_equal,714,-0.49326278155357534,0.5186605050920506,1.2502,1.0290753669543982,1.1205833571334338,0.10116171836853027,3.4071602821350098,1
all_equal,715,-0.4352697841673163,-0.6895102303905329,1.2469,1.292810837944328,2.1143475832726524,0.051152706146240234,3.8108532428741455,1
all_equal,716,0.8449388426308926,-0.35487420577556533,1.0402,1.3677890376905366,1.3749640799955172,0.15133953094482422,4.410091876983643,1
all_equal,717,-0.007630675878305571,0.054042058835830686,1.0199,1.0153593969427044,0.940315118322277,0.10323190689086914,2.910536289215088,1
all_equal,718,-0.31309279724180683,-0.2579087619411845,1.216,0.48256098966779004,0.5152104643379868,0.10163736343383789,2.7060670852661133,1
all_equal,719,0.8960504068781925,-0.1666784563026511,1.1612,1.135050461763173,1.1869833984266693,0.25130796432495117,3.8079049587249756,1
all_equal,720,0.1131239869535745,-0.4617695301552918,1.1252,0.9043121572466793,1.4550404273436843,0.0510098934173584,3.3144474029541016,1
all_equal,721,-0.21583876644882194,0.431811497025791,1.0457,0.9886899435579904,1.116250859137388,0.10128974914550781,2.5095062255859375,1
all_equal,722,-0.736226951441398,0.5496379311712704,1.481,0.5738825143067541,0.7303965972874829,0.051058053970336914,3.1128835678100586,1
all_equal,723,0.7341613475576942,0.4054248249490492,1.418,1.583632112880256,1.896388237209453,0.1523289680480957,3.4100725650787354,1
all_equal,724,0.6553654210184392,0.15649004375382158,1.2876,0.4243914104729584,3.2913610801304145,2.30747127532959,9.121922016143799,1
all_equal,725,0.19548540352276933,-0.3548828861676149,1.4754,0.8211326022578881,2.271866091618003,0.20132660865783691,7.414450168609619,1
all_equal,726,-0.6195679999771684,0.30886123520879283,1.4998,1.1393335445393846,2.7558497696265567,0.10100913047790527,6.414190053939819,1
all_equal,727,0.16261517891163635,-0.667932306918664,1.3361,1.3612928854018502,3.3060121473010224,0.15138983726501465,6.212564945220947,1
all_equal,728,-0.2700781376808913,-0.3253829881615924,1.1348,0.8043688542841685,0.9419898017982811,0.10108780860900879,2.8091609477996826,1
all_equal,729,0.5725613818824087,0.5854457167242183,1.0201,1.4074860867098309,2.999760096762146,0.05118441581726074,4.609856605529785,1
all_equal,730,0.5974385200321732,0.422736470870381,1.3781,0.275446395752852,0.4187836975509302,0.10196709632873535,2.9109067916870117,1
all_equal,731,-0.2282650443663523,0.23614171167735676,1.2353,1.0002919898756075,0.8546168450285755,0.10107707977294922,2.712827205657959,1
all_equal,732,-0.13779492183130937,0.4962658303333324,1.3258,0.33664550469182475,0.3112373931421223,0.051013946533203125,2.6108558177948,1
all_equal,733,0.6219200506898841,-0.2027497937876348,1.458,1.0553827041912858,3.5175711677785246,0.551861047744751,7.514984369277954,1
all_equal,734,-0.7175005720594603,0.005138821808710725,1.0907,1.554662888282323,2.4862941677926447,0.05117678642272949,4.0162248611450195,1
all_equal,735,0.6742120639374543,0.05910380042638941,1.2927,1.4618466150321634,2.6691057961182327,0.15262079238891602,4.318431854248047,1
all_equal,736,-0.34712359536506443,0.08353503015795838,1.3174,1.1466287701511801,2.659004597868785,0.15238595008850098,4.316601037979126,1
all_equal,737,0.6313484699584673,-0.602143065372664,1.2459,1.3232553059139849,1.3905619837004985,0.10205698013305664,3.3074662685394287,1
all_equal,738,-0.14108551343279763,0.5388387611707296,1.0456,1.4698346344981652,1.765517979325371,0.10116457939147949,3.809351921081543,1
all_equal,739,0.5427953920267652,-0.10860201840077433,1.174,1.0037261519934486,2.898256381665294,0.1012113094329834,4.911950349807739,1
all_equal,740,0.5718404642018282,0.4409633018038125,1.1667,0.6036616172334291,4.441350438854253,0.9026613235473633,6.413218975067139,1
all_equal,741,-0.48603312494023276,-0.26850015761552404,1.3351,1.3770239255641747,2.282149379150983,0.10138368606567383,4.609819173812866,1
all_equal,742,0.8246567774683911,0.22040738982501695,1.4289,1.5262336526122018,3.283335092884608,0.854968786239624,8.524542570114136,1
all_equal,743,1.0041337022090848,-0.06114047353963514,1.1649,0.706277052818836,0.5779786912657033,0.2012932300567627,4.914722204208374,1
all_equal,744,0.6852596027814168,0.2661259626718627,1.3468,0.5385413202280026,3.8373354146626544,1.455660343170166,8.62208604812622,1
all_equal,745,0.7898927035370973,-0.7273116907341028,1.1441,1.0546389250963215,3.6336189733064206,0.10178494453430176,5.312074184417725,1
all_equal,746,-0.005555247610260716,-0.42014654153556086,1.4726,0.8889321594254296,1.0521709450893724,0.05097317695617676,2.1051852703094482,1
all_equal,747,0.21002488646629347,0.5857064682019449,1.4068,1.1089762492013053,1.3421397479881445,0.15131211280822754,4.009241342544556,1
all_equal,748,0.5509757235932942,0.4422680073589721,1.275,0.5248577909994366,0.965458765012487,0.10114073753356934,3.4090800285339355,1
all_equal,749,0.22246542407415681,-0.1981352409457905,1.2274,0.8243145008408942,3.221313584760997,0.502938985824585,8.720399618148804,1
all_equal,750,-0.5612845013878042,-0.3173514814466976,1.1573,0.973790417773386,1.6703619207891434,0.10148215293884277,3.510849952697754,1
all_equal,751,0.4602973345220358,0.3516402397409456,1.1616,1.3417841837446545,3.1994640263940655,0.5027763843536377,40.581061363220215,0
all_equal,752,0.26020053859090986,0.40130893770708453,1.4851,0.26322379964804626,0.4377491664921331,0.1016232967376709,4.30922269821167,1
all_equal,753,0.46290747957452694,-0.6717776120094923,1.2021,1.313987235939486,1.53354504251066,0.10155653953552246,2.8101773262023926,1
all_equal,754,-0.2649687797471162,-0.258035016256462,1.2573,0.823840613829603,0.9223205839883913,0.050902605056762695,2.108431339263916,1
all_equal,755,0.5792095182699357,-0.18717937222150305,1.4941,0.9750176075952869,1.8779354511180726,0.10113811492919922,3.607743978500366,1
all_equal,756,-0.3066270006572567,-0.1483783074306131,1.3288,1.064871466153861,2.051586452112442,0.10161733627319336,3.708324432373047,1
all_equal,757,-0.7608472295172096,-0.22923248140439412,1.2713,0.37442314742086796,0.4620074603924874,0.10157608985900879,2.807581901550293,1
all_equal,758,0.4578716726584042,0.12575567909811725,1.2066,1.4052125498089059,2.4085814670467984,0.051177978515625,4.0089123249053955,1
all_equal,759,0.6153626803560968,-0.6037136387619593,1.0938,0.7595427577775206,0.846333542633401,0.10167860984802246,2.305415153503418,1
all_equal,760,-0.016738485507689083,0.6040266500545625,1.1809,1.4406734180424225,2.4683640822733532,0.101043701171875,4.11035680770874,1
all_equal,761,-0.5174992002517989,0.5907095733929885,1.3782,0.480877453394248,0.5591774383569829,0.1012415885925293,2.005354642868042,1
all_equal,762,0.5894880399421893,0.2250577841097099,1.3127,1.2734103704730162,1.6948324230706027,0.10128545761108398,3.115316867828369,1
all_equal,763,-0.08493226570821055,-0.37988441442002957,1.38,0.9955237236583092,2.6838890118520724,0.20301532745361328,4.417802810668945,1
all_equal,764,-0.3407660954740023,-0.3480276724311783,1.1018,0.42053210686150705,0.359094921671225,0.2030496597290039,3.616910457611084,1
all_equal,765,0.32340893150868144,-0.6372302122527363,1.2746,0.8008636706268363,0.775241269532544,0.10167527198791504,2.10640025138855,1
all_equal,766,-0.2837696536108647,-0.6164999611226787,1.4638,0.539462355918259,0.6642560912860881,0.10228347778320312,2.909653663635254,1
all_equal,767,0.4123365534752399,-0.3755896137237382,1.2191,0.9429526116671746,1.241853899759749,0.050937652587890625,2.9088430404663086,1
all_equal,768,-0.3757299834402349,0.18586011978420036,1.3491,1.060007898213351,2.203910595150292,0.10109519958496094,3.909853458404541,1
all_equal,769,-0.2528175446685492,-0.3705137473281736,1.0607,0.7590754573034747,0.7308677407592233,0.05128121376037598,2.0046229362487793,1
all_equal,770,1.00342625072617,-0.5974854247492369,1.4866,1.3793159796592682,1.6641359201482113,0.10130143165588379,2.8064658641815186,1
all_equal,771,0.5868128225595588,0.47023351531610824,1.3044,1.334139649093636,2.7622454713251643,0.652259111404419,8.119787693023682,1
all_equal,772,0.5166586761354328,0.19147373060414052,1.1196,0.6258108867296017,0.342339268088949,0.15136098861694336,3.8084635734558105,1
all_equal,773,0.28235944458604956,-0.39523848516721755,1.0792,0.795055225883218,0.7077333628540173,0.05086708068847656,1.9043951034545898,1
all_equal,774,-0.0821120004326944,0.4108874075569223,1.2754,0.9759196130186873,1.1550797902031364,0.20154476165771484,5.316783666610718,1
all_equal,775,1.063427783697986,-0.6029988794005848,1.2761,1.5296282212942882,1.5454666650202102,0.20259475708007812,3.670410633087158,1
all_equal,776,-0.6894162925921903,0.28528009645514196,1.0466,1.978027017865366,3.211493620853878,0.45594191551208496,6.419471740722656,1
all_equal,777,-0.3602335252479161,-0.1461298396849181,1.4961,0.6435538695446141,0.8806749265015926,0.3022942543029785,5.216394662857056,1
all_equal,778,0.2952978071586698,0.09966277503525889,1.4565,0.7020628666962545,0.0,2.004305362701416,0.0,0
all_equal,779,0.5422524977354473,-0.6174280977801392,1.2307,1.052645491757181,1.118866518875428,0.20136404037475586,2.9107205867767334,1
all_equal,780,0.5911492847400546,-0.7241136087884116,1.0587,0.20827283068312183,0.22457671507060306,0.15135765075683594,2.71018648147583,1
all_equal,781,-0.3362618578307204,-0.40285287563543604,1.4161,1.0445402734427611,5.642217020265904,1.253021240234375,12.523972749710083,1
all_equal,782,0.5792777470261792,0.09064938976175774,1.2492,1.2322979499008997,2.054974357809485,0.10116171836853027,3.712263584136963,1
all_equal,783,1.0128545875703923,0.4090877797003162,1.3583,0.4598820848320395,0.5053403517873019,0.1014404296875,3.7174346446990967,1
all_equal,784,0.9756322271191329,0.004804949440220696,1.2544,0.41947075906273024,0.4234387857038997,0.10264468193054199,1.9131882190704346,1
all_equal,785,0.599391120449855,0.27089849846843095,1.1367,0.47707115851943943,5.097521277129956,5.036391019821167,6.91757345199585,1
all_equal,786,-0.1374541560314867,0.522133320028653,1.4174,0.8844477681936525,1.4231058997448156,0.101226806640625,3.1083171367645264,1
all_equal,787,-0.3401323344944924,-0.23675118403462048,1.4901,0.8723445014240062,1.3813065998876206,0.20153093338012695,3.709756851196289,1
all_equal,788,0.6876010870231237,-0.1187293887050418,1.1219,1.3173331960816257,2.064928379212966,0.10098958015441895,3.708808183670044,1
all_equal,789,0.5252233656218699,-0.1554757674916145,1.2756,0.24395772660404255,0.36275704185758867,0.1514279842376709,3.70979642868042,1
all_equal,790,0.9827081917514127,-0.6550552797597549,1.1918,0.6827772073615369,0.683929274027157,0.20822477340698242,2.6109259128570557,1
all_equal,791,0.006848358831640811,-0.7128910862631377,1.4609,1.0136566419742004,1.0130831234449869,0.15119314193725586,3.110625982284546,1
all_equal,792,-0.7616590146973758,-0.06823446782753106,1.2541,1.025046071418379,3.4850677778651002,0.20114493370056152,7.215566635131836,1
all_equal,793,0.6421215230456496,-0.18011197266138612,1.4397,1.5125753474231995,2.500297526759691,0.10120368003845215,4.510666131973267,1
all_equal,794,-0.5568863356430278,-0.5225243679913348,1.432,1.342980147413667,1.3680727271318283,0.10132288932800293,2.508523464202881,1
all_equal,795,0.4434828210481352,0.4684429006729801,1.1381,1.5681602602265163,3.354063186383471,0.152024507522583,7.4193127155303955,1
all_equal,796,-0.6541240467191944,-0.3456564487893649,1.395,1.4684920445504273,2.4101113765611646,0.15267658233642578,3.915531635284424,1
all_equal,797,0.1477412175446713,-0.0071490583553298626,1.2075,1.054108748029355,0.9361959119997578,0.10215473175048828,2.713268518447876,1
all_equal,798,0.7691971950498533,0.34148837359124806,1.4671,0.8172952807455005,1.9356808055929542,0.10173749923706055,3.7151784896850586,1
all_equal,799,1.015479363698967,-0.29405574725072386,1.2539,0.7497031898513252,0.7970685961974499,0.15188908576965332,3.710275173187256,1
all_equal,800,0.9923014504417409,0.4610629011375361,1.4103,0.7718199503092267,0.7945281893810657,0.10131454467773438,2.6093971729278564,1
all_equal,801,0.2237816980840477,-0.05169598271418396,1.1414,0.9624941500383163,2.0794076999121045,1.3034954071044922,4.01076340675354,1
all_equal,802,0.46869663189973165,0.40828610704637824,1.1493,0.5739329257727044,0.6583880061868713,0.05120515823364258,2.1062214374542236,1
all_equal,803,-0.0024845883230601995,0.09589124139119343,1.2935,0.6025480891470245,0.6993375539016636,0.10138797760009766,2.4064183235168457,1
all_equal,804,-0.5177200471247456,0.21048673736095558,1.4995,0.41287638354174644,0.5892288838631516,0.10110235214233398,3.811152696609497,1
all_equal,805,-0.5454061405366584,-0.7402628062089974,1.2448,1.0969826334523303,1.4474184905999423,0.15113568305969238,33.56831622123718,0
all_equal,806,0.14759789952808022,-0.5212875113499028,1.0743,0.8374833121785239,0.8156427240917368,0.10186910629272461,2.311897039413452,1
all_equal,807,-0.5444871132549325,0.48103550506684367,1.2693,1.3039008918703934,2.274862250150639,0.10199666023254395,3.9113502502441406,1
all_equal,808,-0.6642052497579977,-0.437475567276014,1.1726,1.036380906260801,1.147886916043913,0.051275014877319336,2.4110398292541504,1
all_equal,809,-0.3867117133225697,-0.6636760132246889,1.276,0.41324886234303365,0.4107983860103665,0.10103321075439453,3.408053398132324,1
all_equal,810,-0.4378441241585326,0.5758514909282876,1.2717,1.3230865881061962,1.6123590936402954,0.05105328559875488,4.109090089797974,1
all_equal,811,-0.048933744816775926,-0.1536304858669817,1.2277,0.9378621970760666,0.9040756796183654,0.051139116287231445,2.3094124794006348,1
all_equal,812,0.518653562632386,-0.5070925708127123,1.1609,0.7718791727630192,0.7457423581514595,0.05101633071899414,3.309295415878296,1
all_equal,813,0.8523844471459194,0.12456959775404919,1.0943,0.8504368279948096,1.36823675305274,0.10149383544921875,3.4072978496551514,1
all_equal,814,0.3273742966390014,-0.5819618335953592,1.3487,0.9310858977195754,1.0092037289894114,0.10107016563415527,2.2051312923431396,1
all_equal,815,0.4986899684022992,-0.4596095955891263,1.2859,0.29538677666560137,0.23518483572807192,0.05099296569824219,2.712205171585083,1
all_equal,816,-0.4680449281032409,-0.0452758421206374,1.1168,1.1774278280769526,1.8634172653209367,0.1010591983795166,3.8095662593841553,1
all_equal,817,0.698246581101315,-0.64813092472374,1.3878,1.4092671093120606,1.867616147400275,0.10101890563964844,3.2108118534088135,1
all_equal,818,0.37254123701011155,0.2031798586690211,1.0218,1.1416480783525982,1.9242257968596275,0.15538501739501953,3.8170342445373535,1
all_equal,819,0.5608653387874356,-0.007007832496427002,1.3724,0.44081914762014046,2.3496594817738035,0.10130643844604492,4.660509824752808,1
all_equal,820,0.7984724645555845,-0.07647993718811175,1.3526,0.17015303648178784,0.23090040176150428,0.05105137825012207,1.4041118621826172,1
all_equal,821,0.021464932023983252,-0.49095042214168094,1.4057,0.9730423698993259,0.9500118596613084,0.05113816261291504,2.4053609371185303,1
all_equal,822,0.05122593666981712,-0.638988574676352,1.193,0.3345078488755133,0.24826799367388372,0.1012725830078125,1.4036223888397217,1
all_equal,823,0.9143161245786253,-0.4634284518083033,1.3318,0.8712788102507908,0.9362269377535395,0.05146503448486328,2.5125420093536377,1
all_equal,824,-0.1011994109438692,0.0013795649036320023,1.4104,1.2353800616410826,1.0555492652038148,0.15229368209838867,3.114938497543335,1
all_equal,825,0.4119662907700534,-0.6411791493821326,1.4904,0.6759702558346239,0.8395280010972958,0.2024087905883789,2.3085832595825195,1
all_equal,826,-0.013858034678332576,0.627128554262654,1.2477,1.5209143617241598,2.7691639901057505,0.1033172607421875,4.320191860198975,1
all_equal,827,-0.4367393520567793,-0.26138478589081365,1.0185,1.11470406116398,1.203572844846621,0.10215449333190918,3.621748208999634,1
all_equal,828,-0.1405039367361356,-0.10513627387830493,1.2511,0.42414491425545875,1.4231210767597648,0.30982422828674316,3.7118875980377197,1
all_equal,829,0.5317735286641838,-0.7315083011011984,1.2951,0.815192760698385,0.8964570867320782,0.10174822807312012,3.1103861331939697,1
all_equal,830,0.08626692773225886,-0.7356992844316926,1.4349,0.4782620411904776,0.4642993887908978,0.10131001472473145,1.9046037197113037,1
all_equal,831,0.21396678105324107,-0.6516793903834021,1.4371,0.25444778359614734,0.31079437666394494,0.05108332633972168,3.1088273525238037,1
all_equal,832,0.6768446747270751,0.28990036755188486,1.2202,1.209490837672957,3.0034877781190104,0.10102176666259766,4.709545373916626,1
all_equal,833,-0.5948768049404534,0.17917036842369227,1.263,1.3931850765467328,2.0140054528857014,0.051193952560424805,3.5113577842712402,1
all_equal,834,-0.5362958460074426,-0.4751040753370026,1.2285,0.74266058689551,0.7921700052376935,0.05119919776916504,2.105085611343384,1
all_equal,835,0.92710886460404,0.29947485127922724,1.3612,1.767658876371296,3.1060788619820374,0.10166716575622559,4.519650936126709,1
all_equal,836,0.8892515452490997,0.052280480699406384,1.205,0.418971668326483,4.956833737483414,0.3515501022338867,9.017226934432983,1
all_equal,837,0.06631185827011554,0.2413296318304281,1.3274,0.8524892497381985,0.8514325673903057,0.10135936737060547,2.7090256214141846,1
all_equal,838,-0.2509952660992084,-0.4111781371378468,1.0772,0.7675507569792612,2.4352598880656413,0.5027279853820801,4.5116095542907715,1
all_equal,839,0.9263359345171644,-0.046300045381000965,1.2347,1.3257124701311338,1.8327173107499823,0.10190868377685547,3.4201488494873047,1
all_equal,840,0.5067814796633678,-0.21703449766440308,1.4846,0.565967543590258,0.5224981498018559,0.15202021598815918,3.3138153553009033,1
all_equal,841,0.7051505549729924,-0.3693461418390514,1.1693,0.44584506890448933,0.37055322131845214,0.2517106533050537,4.310950994491577,1
all_equal,842,0.9882337262704779,0.1313782628268565,1.3464,0.5988760285503727,0.6790250241352328,0.05126690864562988,1.7040269374847412,1
all_equal,843,-0.4945835083880026,0.21143667751998207,1.3249,1.6148202123284245,3.201196858803008,0.10114479064941406,4.609273433685303,1
all_equal,844,-0.34849337663394175,0.16654533014677553,1.4259,0.2838613196015919,0.17659211575454356,0.05135536193847656,2.209685802459717,1
all_equal,845,0.6350073379048093,-0.4850694145788456,1.4262,1.3229521575877787,2.2337750069071434,0.051021575927734375,3.910715341567993,1
all_equal,846,-0.14293582225959567,-0.1489562849218008,1.4297,0.9785377077098852,1.6718554627859386,0.1013941764831543,3.3069772720336914,1
all_equal,847,-0.8062533675208123,0.4650012515541143,1.19,0.8769368662361468,0.9268944977450981,0.10134482383728027,3.4075753688812256,1
all_equal,848,-0.7957429864496395,0.17324831565397425,1.1583,0.39384501676766265,0.3205885559344916,0.10164928436279297,2.8104441165924072,1
all_equal,849,0.887250250467259,-0.2960506903709585,1.3594,1.8400488706901328,2.798614829447354,0.10103225708007812,4.1110920906066895,1
all_equal,850,0.762973846293665,0.4178532318156848,1.3797,0.8084285188167424,0.8728090005613591,0.15183138847351074,3.711249351501465,1
all_equal,851,-0.7396987785166769,-0.6125827548070257,1.4362,1.8234516680547361,2.749789705618924,0.10107922554016113,4.009596109390259,1
all_equal,852,0.6099005136808135,0.365357782858846,1.0179,1.8687770848814256,3.010590196303218,0.10108137130737305,4.408763885498047,1
all_equal,853,-0.3943539662208879,-0.6875579638947726,1.0342,1.5279107400456837,2.9835032992381714,1.305100679397583,5.016996622085571,1
all_equal,854,-0.8285518876808068,-0.24777353950759806,1.3156,0.6652170225400054,0.829404380324117,0.10213541984558105,3.3127074241638184,1
all_equal,855,-0.2530740253850783,0.156065915546997,1.4605,0.808742234569202,1.8815615088909905,0.3562965393066406,5.716513395309448,1
all_equal,856,0.6419484119169989,0.11402299860314857,1.4987,1.0596312017810074,0.0,21.87771987915039,0.0,0
all_equal,857,0.7861711023603526,0.1082289988498808,1.3734,1.218651021137654,0.0,45.777952432632446,0.0,0
all_equal,858,0.8403066952930975,0.06345076001193839,1.217,1.3121727544516286,3.894824421037482,1.6860949993133545,7.117740869522095,1
all_equal,859,0.6268391911299018,-0.13528831131014007,1.0492,0.6440338311373405,0.34467200975419965,0.10110330581665039,3.4116389751434326,1
all_equal,860,-0.419368833357705,0.07707447884378149,1.3169,1.1720846017108992,4.089885966068121,0.7022285461425781,9.2188880443573,1
all_equal,861,-0.19534373879491818,-0.01797116141139099,1.4363,0.3375353488533988,0.2422229231390348,0.051789283752441406,5.512300968170166,1
all_equal,862,1.0715756933942486,0.1494252694180327,1.2218,1.4407864685642153,2.8500741766043536,0.10165572166442871,4.31243109703064,1
all_equal,863,0.302639590136226,-0.6696998521372546,1.347,1.190513680612122,1.2712237348759798,0.05100584030151367,2.2050793170928955,1
all_equal,864,0.46986765871746305,-0.23032952228764492,1.4517,0.5490419768410595,0.5488739160772979,0.05118918418884277,3.2074568271636963,1
all_equal,865,0.11871242239924107,0.20627458378083063,1.023,0.8816502326824218,2.2763495411956574,0.10101675987243652,4.212043523788452,1
all_equal,866,-0.3273787609384131,-0.5283721746245814,1.3981,0.9045450490372817,1.0873437138025017,0.10158753395080566,2.5120389461517334,1
all_equal,867,-0.5175163876067244,0.2258611860139541,1.1467,0.889872628795727,0.9344216069721525,0.1526193618774414,2.5085673332214355,1
all_equal,868,0.7866615521044387,-0.5097931391353075,1.1874,1.5789519988521408,2.302359916111931,0.15293264389038086,4.0522780418396,1
all_equal,869,0.33542029665248485,0.2183047686607953,1.0728,0.9754851419190271,1.9110092144744304,1.4698891639709473,4.123133420944214,1
all_equal,870,1.0315437312129305,-0.0066252016571894945,1.2656,0.8298939069981206,2.5659186940654792,0.15235114097595215,4.710023880004883,1
all_equal,871,-0.5683843530827866,0.043762337979898924,1.283,1.6987942338992608,2.8713405504976652,0.10127139091491699,4.209639310836792,1
all_equal,872,0.28288417407720745,0.0715624080181434,1.3963,0.9532474711068813,2.5823925467641864,0.10142660140991211,4.310396432876587,1
all_equal,873,-0.8100838570307366,-0.16133751193350654,1.085,1.322080108686131,2.322920433446692,0.10097432136535645,4.110341548919678,1
all_equal,874,0.873088497177801,0.47012495789672426,1.0395,1.889668692517919,2.326907471912214,0.05095982551574707,3.609283685684204,1
all_equal,875,0.8374597197532845,0.4744923801203481,1.4354,0.2954875191508748,0.39783064857223377,0.05097055435180664,3.507734775543213,1
all_equal,876,-0.3051182540264423,0.35982778917292546,1.3099,1.3084099767147928,1.7139508857874757,0.051503896713256836,3.1097044944763184,1
all_equal,877,0.905579145997627,0.11249435316455625,1.1204,1.3636471449723868,3.1200376471963764,0.7040846347808838,5.217737913131714,1
all_equal,878,0.8065228783924627,-0.6572705497459671,1.4564,0.8150748224796477,1.016874225742884,0.10420536994934082,2.5097789764404297,1
all_equal,879,1.0601300905555178,0.3795221485915038,1.0716,1.276027850637276,4.104003649179289,0.6021108627319336,5.7116429805755615,1
all_equal,880,-0.7043248905105854,-0.21318890788667988,1.2306,1.9483336780552851,2.6178469399260185,0.05118107795715332,3.911931037902832,1
all_equal,881,-0.4183970299113334,-0.09844669202062684,1.127,0.46322862477168836,0.3514662219509809,0.05122041702270508,1.705169439315796,1
all_equal,882,-0.5410326614154786,-0.5406433756794271,1.1277,0.4676693898908115,0.522797550757798,0.25229740142822266,4.019474744796753,1
all_equal,883,1.0451032241642717,-0.13879657153813363,1.0047,1.736689555029099,1.97210492946192,0.20282769203186035,3.1107242107391357,1
all_equal,884,-0.2263647344424471,-0.3316472445288514,1.4023,1.3698644379507658,2.0796419166039835,0.1522829532623291,3.509495258331299,1
all_equal,885,-0.3646902130647699,-0.25479066559687824,1.4506,0.12112450816438944,0.1756233464735873,0.10224080085754395,1.2074108123779297,1
all_equal,886,-0.45577524558329024,0.3685984817607634,1.3388,0.6744421063135035,0.7486501474228352,0.15216445922851562,3.308521032333374,1
all_equal,887,0.8407539831228337,-0.5301326224889098,1.079,1.742113171136442,1.9996632406653676,0.10155391693115234,3.1106655597686768,1
all_equal,888,-0.27360452864594087,0.0311230928008156,1.2209,1.2690680305521074,1.4997888614341115,0.05105400085449219,2.610382556915283,1
all_equal,889,0.2779455855865929,-0.04843096322432694,1.1728,0.6938314959217959,2.122896777280788,0.1021890640258789,4.109175443649292,1
all_equal,890,-0.3306446917999506,-0.07271564632052674,1.2938,0.6961804396352818,2.068492924598249,0.05101895332336426,4.0105438232421875,1
all_equal,891,-0.2655894063391301,0.38695178416867704,1.3195,0.4879601298394895,0.5383880471440275,0.05108165740966797,1.704211711883545,1
all_equal,892,0.03561108262851009,0.2531583488349892,1.2122,0.4922311094356714,0.3496038641595648,0.10147786140441895,2.5095832347869873,1
all_equal,893,0.6671116841617806,0.4416668858063514,1.125,0.759707115454577,1.2683918491806108,0.10233688354492188,3.2110416889190674,1
all_equal,894,0.7920942114664942,0.6165058539459877,1.4227,0.22978711249184183,0.40544854018424215,0.10100698471069336,2.4090282917022705,1
all_equal,895,-0.4861799628726349,-0.07057465360334703,1.0996,1.6494359780107541,2.108488798884888,0.10111713409423828,3.408841133117676,1
all_equal,896,0.08466447108769093,0.4087285985663941,1.1923,0.8020647112412539,1.8686054079618426,0.10146689414978027,6.513245105743408,1
all_equal,897,-0.06671288451368396,-0.2920077127979616,1.2416,0.7187993406804374,0.742216316996388,0.15145564079284668,2.506016969680786,1
all_equal,898,-0.6232639807735634,-0.47311999739184807,1.1186,0.5974794304179024,1.1829955410849793,0.20125651359558105,5.015932321548462,1
all_equal,899,0.25223554413935023,0.05297807719350267,1.286,1.114187952865238,1.7956761285626675,0.05087447166442871,3.5107033252716064,1
all_equal,900,-0.41748342946912026,0.016357955925252132,1.2874,0.7926278372195338,2.4087741809819416,0.10111093521118164,4.309022903442383,1
all_equal,901,-0.5930949370344178,0.041385570737440425,1.4963,0.11922388182666782,0.27832976215013666,0.15174388885498047,3.7137091159820557,1
all_equal,902,-0.43951717575865806,-0.49178089046024526,1.1476,0.6558851345010148,0.6719894337471136,0.15242815017700195,1.7060737609863281,1
all_equal,903,0.9645593356553386,0.5896790458242923,1.489,1.8054162775161717,2.8702162490987133,1.4102864265441895,4.0198328495025635,1
all_equal,904,-0.13064538162166994,0.35308412984044624,1.3291,1.277366018996582,1.6109020593857932,0.15263152122497559,3.209758758544922,1
all_equal,905,0.2305476934596684,0.4181960499555518,1.1372,0.5410804202177502,0.4368577741779696,0.10221743583679199,1.8057379722595215,1
all_equal,906,0.46041946576550896,-0.44002714203942084,1.283,0.9698423280467704,2.289092384981782,0.10359978675842285,4.210067987442017,1
all_equal,907,-0.37815613566886386,-0.3812981458842526,1.3429,0.9285920792901132,0.8210490821361863,0.10258984565734863,2.5111989974975586,1
all_equal,908,0.697922919780505,0.11894995681459164,1.3723,1.168002534221086,1.283673703787166,0.051525115966796875,2.7093894481658936,1
all_equal,909,0.035397364472574466,-0.260424561782775,1.0245,0.9891411654889092,2.0058203377439416,0.10131573677062988,4.009782791137695,1
all_equal,910,0.9519059869791033,-0.6879587704243457,1.3032,1.0856775862173174,1.3770850392227016,0.1010432243347168,3.4085423946380615,1
all_equal,911,-0.4009933324345899,0.5051890742822617,1.2484,1.902677997301822,2.677892567038322,0.051358938217163086,3.8091423511505127,1
all_equal,912,0.6344609233463696,-0.530727711697232,1.4521,1.5600980196415453,2.771975259216834,0.10109353065490723,4.210161447525024,1
all_equal,913,0.31007698866347244,0.6303922842661028,1.1431,1.3968915118042253,2.873138760610148,0.10110759735107422,4.412360191345215,1
all_equal,914,0.767210149607161,-0.5084467088086522,1.3994,1.3170447247476782,2.918378275630087,0.10111379623413086,4.459928512573242,1
all_equal,915,-0.1983042957815374,-0.041462039250564686,1.3035,1.200761237766119,1.9107670508834431,0.1013784408569336,3.508589506149292,1
all_equal,916,0.13753064692900718,-0.054247264284247754,1.1762,0.4960248110774038,0.34899807465141186,0.05153965950012207,5.2150559425354,1
all_equal,917,0.21939904451824943,-0.14094258539677462,1.3183,0.22019619974233803,0.1826745947972051,0.10210490226745605,1.7159161567687988,1
all_equal,918,-0.8235061656840077,-0.12602073286400695,1.3104,0.8924569964571457,1.0071075794074493,0.15454387664794922,2.9134294986724854,1
all_equal,919,0.5631538045320006,-0.589671218058742,1.3389,1.5845684172920795,1.5447213409974516,0.15259337425231934,2.913172483444214,1
all_equal,920,-0.5291308281963463,-0.22122140750885777,1.3605,1.1096362761617173,1.2316510649058898,0.1020052433013916,2.6127114295959473,1
all_equal,921,0.6150254447363124,-0.5705818281979669,1.3296,1.3241601290636318,1.7686248365422261,0.1018834114074707,3.7142364978790283,1
all_equal,922,0.46959318343974576,0.034383856351529074,1.4192,0.721842822562197,0.7021671151934514,0.0513303279876709,1.9085454940795898,1
all_equal,923,-0.7418605957301391,-0.7166803628525785,1.3141,1.5253401162913147,1.9521115425691307,0.10142731666564941,3.8102376461029053,1
all_equal,924,0.6635337107368695,-0.4208992255841788,1.4517,1.5227743227751958,1.6969451323565434,0.10138583183288574,2.8089547157287598,1
all_equal,925,1.0326777873058903,0.1746505038069177,1.3232,0.7916939119470936,5.958257099588145,0.5032768249511719,9.6177978515625,1
all_equal,926,0.3389208774492598,0.1892589564340844,1.1545,0.9063492946832693,0.7060488887298911,0.15113019943237305,3.409782648086548,1
all_equal,927,1.004274019468291,0.4727909317143101,1.2204,0.7068653278893076,0.7396818673561754,0.10126543045043945,3.211672306060791,1
all_equal,928,-0.3148370045466379,0.5806570802928562,1.2898,1.4112953111553161,1.6022201543474122,0.1515045166015625,2.807710886001587,1
all_equal,929,0.5267798941845296,0.11257542926502173,1.3662,1.051112876340329,3.3719599383345282,1.354917049407959,7.916749477386475,1
all_equal,930,-0.1991757659617821,-0.6345372603514327,1.0451,1.23888546378913,1.310156528954812,0.10197687149047852,2.5214390754699707,1
all_equal,931,-0.19240755628390915,0.4037016398112324,1.1476,1.1084004851036797,7.993001228908244,2.416477918624878,13.831658601760864,1
all_equal,932,-0.1346872976610306,0.5329383923465515,1.3737,0.14004903565618299,0.2376983482496873,0.10120296478271484,1.8084588050842285,1
all_equal,933,-0.5503482593932534,0.07482243409032596,1.0878,0.9178986052482125,2.669961107323786,0.5017745494842529,9.317696571350098,1
all_equal,934,0.012388193026387273,-0.05391432247887129,1.0661,0.6777592578009811,0.5916268602022421,0.1515817642211914,3.61106538772583,1
all_equal,935,0.43891281988655684,0.28911738617485494,1.2697,0.6027395160275798,1.8316171712221716,0.10174775123596191,3.910747528076172,1
all_equal,936,0.9194410740378249,0.3801183821985944,1.4857,0.3927392110498302,0.5684976350275532,0.10107851028442383,3.5106499195098877,1
all_equal,937,-0.859367878880655,-0.4510974411334201,1.2654,2.1341877203451323,3.25352121469599,0.10106182098388672,4.309661626815796,1
all_equal,938,-0.07543079406876418,0.4724223844274894,1.4567,1.3224318278665947,1.41208170452142,0.10151267051696777,2.906247615814209,1
all_equal,939,-0.25089365234721583,0.20651068670374573,1.4152,0.42273022268808047,0.38458845199896774,0.05106806755065918,2.4087255001068115,1
all_equal,940,-0.5070584695375142,-0.27294412893342174,1.1285,0.6855894493526776,0.6744031074167367,0.15632057189941406,3.812973737716675,1
all_equal,941,-0.6353758527370846,0.2667881143205847,1.4123,0.5794486133657584,0.71932122361662,0.10176897048950195,3.4091343879699707,1
all_equal,942,0.10376841654405833,-0.33087959612637086,1.2409,1.1151057074545303,1.040425035824965,0.051003217697143555,2.508000135421753,1
all_equal,943,-0.5471482413656623,-0.5828148555604726,1.4032,0.6048140212480402,0.7404538469357209,0.10127019882202148,3.3081412315368652,1
all_equal,944,-0.19127586524266726,0.2641421473238844,1.3733,1.0319889218997946,2.901316487122364,0.10171079635620117,4.611570596694946,1
all_equal,945,0.7541843762868972,0.03551562573610623,1.1694,0.897347392117579,3.0234296316881064,1.818282127380371,9.432070016860962,1
all_equal,946,-0.08115376894869519,-0.29398407415141387,1.0576,1.0653914925974315,0.8747052274674062,0.10147452354431152,2.707008123397827,1
all_equal,947,0.7145437481994692,-0.599479492130392,1.4814,0.7448421060459725,0.882045844272191,0.10130119323730469,2.9096219539642334,1
all_equal,948,-0.6377185727009411,0.6043007439814342,1.0704,1.9968380366722103,2.981551004251306,0.15163516998291016,5.014869928359985,1
all_equal,949,0.3059875061727848,0.272202814380787,1.4833,1.1066464637198352,1.5061267111736005,0.15127968788146973,3.0094804763793945,1
all_equal,950,0.18200249813578262,-0.6011138778056835,1.4301,0.9831039359757766,1.4889411134463333,0.1534898281097412,4.409512042999268,1
all_equal,951,-0.28561921001666246,0.5462458111669083,1.3621,1.3345602874388842,1.687429014573318,0.1010439395904541,4.709551095962524,1
all_equal,952,-0.35833239720027954,0.5894002714644205,1.49,0.22467436830130286,0.14222245456910187,0.1012275218963623,3.106090784072876,1
all_equal,953,-0.7732072375467419,-0.670500535700906,1.4836,1.3887166037734997,4.563850700367887,0.35152697563171387,7.7175562381744385,1
all_equal,954,-0.4240341371964385,0.10059520089086971,1.4023,0.982145819965637,0.9987213774580977,0.10115361213684082,2.808058500289917,1
all_equal,955,-0.16104826348030776,0.3885607593646395,1.1829,0.5717844909064876,0.510795044151306,0.10149860382080078,1.504051923751831,1
all_equal,956,-0.17767652529799915,-0.24484283952780406,1.3953,0.7224914329765348,0.7878949966093705,0.10121583938598633,2.8094656467437744,1
all_equal,957,-0.4586443213130312,-0.6266382182633284,1.007,0.6480816685131963,0.6150217332996566,0.10139942169189453,2.709561347961426,1
all_equal,958,0.7936810640185619,-0.43901803108310805,1.2683,1.3169782598458446,1.473717484648947,0.10133481025695801,2.6163330078125,1
all_equal,959,0.7594219965044655,-0.21454438160517242,1.2274,0.35027726240892504,0.2520216905373323,0.20453143119812012,3.513514757156372,1
all_equal,960,0.9753237690270764,-0.5799834658710686,1.3364,0.34086320906887546,0.47110468402339545,0.15311932563781738,3.9212167263031006,1
all_equal,961,0.1805760066251012,-0.6981264504821026,1.3362,0.8608363154369755,1.0118594548099964,0.16109275817871094,2.3087542057037354,1
all_equal,962,-0.5534643146653071,0.1589067952099027,1.2923,1.1680502183902048,1.3239362471658334,0.10216045379638672,3.109945058822632,1
all_equal,963,0.5436409939119007,-0.6489490781742929,1.4112,1.4689640212159298,2.0630258934252064,0.10451650619506836,3.41424822807312,1
all_equal,964,0.3415613460333635,0.5464744853862485,1.4701,1.3516919997428787,4.238784065990819,0.10141682624816895,5.51219630241394,1
all_equal,965,-0.1700515817195658,0.013611483351730125,1.0542,1.0124135811708939,1.6879919412831574,0.1015012264251709,3.4097859859466553,1
all_equal,966,0.7416779313351987,0.09765582162182629,1.1169,0.9863653526242602,2.3167308726281983,0.10165596008300781,4.308683156967163,1
all_equal,967,-0.6631571013015777,-0.25537058288947473,1.0125,1.542274601649765,2.2474986182218704,0.10139131546020508,3.909717321395874,1
all_equal,968,0.43147277175779064,-0.6466714161329129,1.4421,1.2636390828069353,1.624997239119771,0.10119915008544922,3.0106582641601562,1
all_equal,969,-0.5621972180620911,0.3937131537389761,1.2807,1.582303706653751,2.454405111580424,0.10158133506774902,3.807995557785034,1
all_equal,970,-0.5396203542707609,0.46519971634222335,1.4576,0.11910029933963397,0.2029653524562051,0.05092978477478027,2.2079925537109375,1
all_equal,971,0.12281088316375799,0.2620622582320812,1.1107,0.934234611850699,0.8135688173493577,0.10130000114440918,2.509577989578247,1
all_equal,972,0.8834122723603621,0.5407338528661317,1.0316,0.8800010141935374,1.1599983908664988,0.10121345520019531,2.9067959785461426,1
all_equal,973,0.37530453708959066,-0.18898859000542745,1.4119,0.9958112876327319,4.230058229100447,0.10283970832824707,6.0135416984558105,1
all_equal,974,0.46968225717447964,-0.154298840111755,1.4547,0.12463505921922324,0.12195278734763544,0.05095720291137695,2.8097362518310547,1
all_equal,975,-0.5827633394132185,0.4014454291989894,1.1511,1.4048330815400634,2.952489938965839,0.050943613052368164,4.6154046058654785,1
all_equal,976,-0.018160018032109093,-0.22219837308370982,1.2041,0.9367869540651881,1.000960346474407,0.1521894931793213,3.715799331665039,1
all_equal,977,0.8002288287171355,-0.07795573337207873,1.0699,0.8420921715176488,5.1539324503752315,1.107231855392456,11.430413722991943,1
all_equal,978,0.262769641626889,-0.29615981631648564,1.4731,0.709038884624042,0.8487055655365989,1.0546693801879883,5.060094594955444,1
all_equal,979,-0.8603567359681372,0.6012594774161212,1.1522,1.6988872910713773,3.167029986447442,0.15131497383117676,6.814207077026367,1
all_equal,980,0.5706310333011784,-0.267862420784076,1.2463,1.7763877324744899,3.6795934943825044,0.45201897621154785,8.619914054870605,1
all_equal,981,1.0034708769800211,-0.1931083329825506,1.0486,0.48716355823666263,0.46002518352526034,0.1011960506439209,3.508902072906494,1
all_equal,982,1.089838626119011,-0.7075925712977815,1.4436,0.5526782830797928,0.7592360020885569,0.1017768383026123,3.60986590385437,1
all_equal,983,0.49070629412092326,-0.5775874667437917,1.0678,0.8422637391127699,0.869969020910734,0.10159873962402344,2.907092332839966,1
all_equal,984,0.36129724522136497,-0.43704306728488124,1.2268,0.21430565607030175,0.4396037011779192,0.10146427154541016,3.107612133026123,1
all_equal,985,-0.04612264440500946,-0.5228500242582803,1.3352,0.4798233529488356,0.43543292241983633,0.10194158554077148,1.9051334857940674,1
all_equal,986,0.6279348629420425,0.49080342476886163,1.3716,1.2809361563650385,4.782770562643646,0.40158987045288086,9.623981714248657,1
all_equal,987,-0.6743132927012585,-0.7202019316108105,1.473,1.8679035379654205,3.1566284323838545,0.2023756504058838,4.918134689331055,1
all_equal,988,-0.5498961164188956,-0.4217411673301299,1.2096,0.7290024063533737,0.42918492590731055,0.10197234153747559,2.915334463119507,1
all_equal,989,1.058836761368229,-0.5568785964440948,1.3711,1.6760053570827849,1.9251605516504195,0.1011960506439209,2.9099066257476807,1
all_equal,990,0.9632512475491584,-0.1664319760234425,1.0773,0.776590041315374,0.5188417405642055,0.1011953353881836,1.6043753623962402,1
all_equal,991,0.26456863454877877,-0.20316212038077197,1.2074,0.8367659920172787,0.8831298668681345,0.10124993324279785,3.7106025218963623,1
all_equal,992,-0.8505983724805575,0.3388490704971011,1.0495,1.2502852904304043,3.979369164986746,1.3039133548736572,10.62185263633728,1
all_equal,993,0.2931141019886099,-0.19658161456898282,1.2447,1.3455950814279685,2.7220537285667072,0.10146212577819824,4.50982141494751,1
all_equal,994,-0.32747594318464956,0.23176900000708145,1.2041,0.869777158945466,2.3571568613688716,0.10133790969848633,4.311631202697754,1
all_equal,995,-0.1303010544543799,0.01251940525450601,1.4758,0.4531313966562896,0.40407410136271993,0.2013227939605713,3.6105306148529053,1
all_equal,996,0.776744535608092,0.363961458569232,1.0164,1.2845540518094738,1.8606802190613427,0.10116124153137207,3.507415533065796,1
all_equal,997,0.7468991288066353,0.5353674293126532,1.1853,0.18382673970092012,0.26015265569635304,0.10136175155639648,2.3097331523895264,1
all_equal,998,-0.2041656190928982,0.4533259377985218,1.2217,1.0462420242783317,0.935653762757594,0.10127735137939453,3.1127684116363525,1
all_equal,999,0.6183922450964319,-0.6725222514998098,1.4753,1.3838735760283234,3.979119680499088,0.15237736701965332,5.5200324058532715,1
all_equal,1000,-0.2102168632443001,-0.20085763875179863,1.4277,1.0788285645292024,1.4427468282804972,0.10216975212097168,2.91491961479187,1
