case,pose_index,goal_x,goal_y,goal_z,cartesian_distance_m,path_length_m,plan_time_s,execution_time_s,success
no_proximity,1,-0.13066148444452752,0.563281457007225,1.3197,0.8696865950112194,1.169458679454286,0.1014091968536377,5.811193466186523,1
no_proximity,2,-0.5637710546430907,-0.5286635290580576,1.0125,1.2141052171297266,1.7055082153002092,0.20130205154418945,3.8096516132354736,1
no_proximity,3,0.31840995327503974,0.22989172189176654,1.1375,1.2447686754093654,1.6368738942803942,0.1526317596435547,3.4215521812438965,1
no_proximity,4,0.7769013140664358,-0.45124606192804856,1.1116,0.9009382176147638,0.9016421921325255,0.152693510055542,3.2141549587249756,1
no_proximity,5,-0.26999187445419626,-0.021984662937305166,1.3682,1.206098975724373,1.7145290851528439,0.15367627143859863,3.809370994567871,1
no_proximity,6,0.33969243733975607,-0.5513354354640945,1.3383,0.8925821642660415,0.8429009759921456,0.3034024238586426,1.9059462547302246,1
no_proximity,7,0.030930708718165167,0.33583177095400074,1.4461,0.9856522911838972,3.0551896230827413,1.2090578079223633,6.413677930831909,1
no_proximity,8,0.3011656754845682,-0.6791771329227231,1.0435,1.281107882708359,3.049151894496657,0.4026153087615967,4.8102333545684814,1
no_proximity,9,-0.744067742703176,0.5607687281860799,1.211,1.7400979443868192,2.758732415362328,0.10116982460021973,4.408990859985352,1
no_proximity,10,-0.2692555094983793,-0.6087985153552286,1.0149,1.404838208181679,2.775163573575942,0.10146093368530273,5.009849309921265,1
no_proximity,11,-0.6311202185376483,-0.06262692550711468,1.1093,0.7779007635221148,0.8331182200956757,2.2059240341186523,4.412947177886963,1
no_proximity,12,-0.36009807646876646,0.16730561870237126,1.2527,0.4632969905747399,0.40671804404909856,0.155320405960083,3.0086541175842285,1
no_proximity,13,0.21057977365838032,-0.48900997810792585,1.0133,1.0619400773903425,1.0033949201064003,0.2032322883605957,2.308403491973877,1
no_proximity,14,0.9890869021802229,0.4864927794875896,1.0994,1.3643160962437793,2.0037894674978904,0.2023327350616455,5.114582300186157,1
no_proximity,15,-0.6976078609330956,-0.4737195470360945,1.3249,2.0309841941574427,2.8148504844946594,0.15221405029296875,4.11012077331543,1
no_proximity,16,-0.10264161183544662,-0.370166430342667,1.2725,0.7236092575511536,0.6032369303168942,0.050966501235961914,2.307166576385498,1
no_proximity,17,-0.31618780179961137,0.002664418259433421,1.1102,0.6485820899998653,0.4851393055718203,0.10138487815856934,3.910362958908081,1
no_proximity,18,-0.7252406242266942,0.6129826508891109,1.2946,0.7337816426420966,0.8051861499960139,0.10129714012145996,3.708327293395996,1
no_proximity,19,-0.86205516386102,0.3774440026969422,1.4047,0.29426023230206805,4.966009123160111,0.15109872817993164,7.615708827972412,1
no_proximity,20,0.6556578271315445,-0.6412626485173598,1.0032,1.982639979713741,3.258460642678014,0.10097455978393555,4.709916830062866,1
no_proximity,21,0.8376709900854264,0.1134116262610646,1.4029,0.8519397331080547,2.6365750090368167,1.053124189376831,10.927271127700806,1
no_proximity,22,-0.25663303835955753,-0.2961981155352495,1.3491,1.349903291165806,1.316036280578046,0.10359358787536621,2.911616802215576,1
no_proximity,23,0.8854556557862792,-0.09417669282748165,1.1701,1.152366676135481,1.2185718149475877,0.10192179679870605,3.1096014976501465,1
no_proximity,24,0.6348759663586907,0.02819486946048788,1.0777,0.46198417057470137,0.3186241964843959,0.05132746696472168,2.507533550262451,1
no_proximity,25,0.1630564678351123,-0.15555864077535275,1.4786,0.6551615559218988,1.7486882917035902,0.10143756866455078,3.8096368312835693,1
no_proximity,26,-0.8107073539688927,0.13142790507643431,1.1683,0.9442037580640984,1.0122414020697719,0.10138463973999023,3.6088943481445312,1
no_proximity,27,0.9257967513215164,-0.4004724771494458,1.0464,1.952737831699889,2.120048803169125,0.10142922401428223,3.109264612197876,1
no_proximity,28,-0.4195220359956043,-0.6372296038952384,1.0484,1.3533515514225878,1.4015523043559146,0.10098481178283691,3.707778215408325,1
no_proximity,29,0.9696607469429799,0.367357401521509,1.4237,1.8052637647919898,3.302800711437974,0.10098838806152344,5.018331050872803,1
no_proximity,30,0.7198780564140448,-0.4866527390905867,1.3019,1.03859529952966,2.741724668015784,0.15273594856262207,4.819392681121826,1
no_proximity,31,0.727346387535172,0.48822944609487984,1.4036,1.1271481297754917,1.8659975169063432,0.1023108959197998,3.9640862941741943,1
no_proximity,32,-0.4212325078418716,-0.1561538984275238,1.3649,1.4615427864576296,1.687026860178643,0.10181832313537598,3.607851266860962,1
no_proximity,33,-0.85922087728718,-0.04123320625842464,1.2681,0.35945845233844537,0.4556114606878781,0.15177559852600098,3.712230682373047,1
no_proximity,34,-0.6354268419446407,-0.27911675449141515,1.4866,0.39365498139085003,0.3949798792991743,0.05112433433532715,1.4067320823669434,1
no_proximity,35,0.15524301229535165,0.22294804952197445,1.1893,0.9822926447733286,0.9884163881341389,0.1011204719543457,2.607997179031372,1
no_proximity,36,1.0345705385752644,-0.3970511255359496,1.276,1.0792461996213312,2.122352575482173,0.1017446517944336,4.810878276824951,1
no_proximity,37,-0.3084461401438592,-0.692317334334872,1.4147,1.3815254478149288,1.6838368666187826,0.1512298583984375,5.510572671890259,1
no_proximity,38,-0.7709691150225211,-0.36013975813889587,1.3093,0.5792445431488176,0.938363698507193,0.15156292915344238,4.80964469909668,1
no_proximity,39,-0.5858183635151959,-0.07049190737862832,1.4309,0.27880560102562013,0.32908568487396544,0.0510859489440918,1.7065634727478027,1
no_proximity,40,0.4591726549584514,0.303465351461658,1.2887,1.0791280243609387,1.4806302235474587,0.10111403465270996,3.8075780868530273,1
no_proximity,41,-0.1440538309504401,0.12578821123557826,1.3523,0.5407138099621125,1.2320503918096835,0.10103893280029297,3.708122491836548,1
no_proximity,42,-0.6940456757521627,0.40470562893961304,1.0229,0.6334518723734148,0.618054441679809,0.05118751525878906,2.9079806804656982,1
no_proximity,43,-0.7921836694384579,0.06888690394064434,1.1139,0.4441039742112481,0.4261303864140393,0.15364885330200195,2.911726236343384,1
no_proximity,44,0.14196844154917487,-0.43179480487803323,1.1447,1.17384221012327,1.1229402671991655,0.1026606559753418,3.11189341545105,1
no_proximity,45,0.4964385969190874,-0.21162563418306157,1.0399,0.5815287284715938,0.4672392032756957,0.10261130332946777,1.7073922157287598,1
no_proximity,46,-0.19700649221838762,-0.5870873818154306,1.1164,0.6986389808086853,0.794955007651752,0.20180034637451172,3.9138338565826416,1
no_proximity,47,-0.36175969386856155,0.16381807925096203,1.0505,0.883130569876676,1.1288974155513483,0.1019139289855957,3.010488748550415,1
no_proximity,48,0.1767674463016049,-0.41069495230277936,1.139,0.8862273763458722,0.9008422781037877,0.10177779197692871,2.3056716918945312,1
no_proximity,49,0.911628589297721,0.12688140229347022,1.3178,1.0351212011199804,1.6485291451626223,0.05138683319091797,3.6089065074920654,1
no_proximity,50,0.5658441555208145,0.48962949717484106,1.1824,0.6817332768677855,0.7343213693293672,0.10132741928100586,3.710146427154541,1
no_proximity,51,0.3995067226777984,-0.6273916880968029,1.1851,1.1294211586675167,1.3233707997645168,0.10157203674316406,3.4087462425231934,1
no_proximity,52,0.3289423962453073,-0.7303632510787509,1.1048,0.1482046138925273,1.9185800178022634,0.3019564151763916,5.912112474441528,1
no_proximity,53,-0.8629679408167945,-0.5220497373523568,1.1335,1.2088209473807188,1.2627786900767655,0.10128450393676758,3.1075844764709473,1
no_proximity,54,0.41918721633415434,-0.4348539688011908,1.4683,1.3872939965859736,1.5454926940270772,0.10126209259033203,3.110706090927124,1
no_proximity,55,-0.2280577982483314,0.2826791906321652,1.324,1.1800720552919566,2.136321607180234,0.0509183406829834,3.907902479171753,1
no_proximity,56,0.43038875253928044,0.037856020982938055,1.3046,0.862552695087574,0.6650002199176207,0.05214858055114746,3.709150791168213,1
no_proximity,57,-0.34736890725482017,-0.4077582299971391,1.0856,0.894995007755877,0.9705128057646054,0.20334076881408691,2.7150561809539795,1
no_proximity,58,0.8950362723610386,0.12418447212023931,1.3646,1.4655778280920635,2.032634361863153,0.2567267417907715,3.6155788898468018,1
no_proximity,59,0.27042349932944365,-0.06628068869288095,1.0817,0.9158076700655102,0.797608458214742,0.1022348403930664,2.8086187839508057,1
no_proximity,60,-0.31650917764222386,-0.7095898621231824,1.1897,0.9070370293696389,1.2087691680482862,0.10196733474731445,2.8121817111968994,1
no_proximity,61,0.9909889141874761,0.5676978648015553,1.4948,1.932000740954114,2.9461010105897425,0.15232586860656738,4.612425327301025,1
no_proximity,62,-0.8423649860397847,0.5325097049955348,1.32,1.9785255787866418,1.9901070782562607,0.15121030807495117,4.510662317276001,1
no_proximity,63,1.036894794590899,0.4290349918121529,1.2785,1.8819757066377814,1.9641371581014877,0.10123157501220703,5.210129976272583,1
no_proximity,64,0.8139528829464104,-0.30754916491527445,1.3423,0.7722349489183663,2.86470617661374,0.15117716789245605,8.919954061508179,1
no_proximity,65,0.9824587623866678,0.21334494063141296,1.4214,0.5188333555015735,3.7605977830151596,1.152982234954834,6.4132184982299805,1
no_proximity,66,0.3459443233177544,0.6173339900432578,1.388,0.9408546499625153,1.051411274404211,0.10132718086242676,2.4143552780151367,1
no_proximity,67,0.8659534285612076,0.2748160807942769,1.1145,0.8166835037435473,0.889049975721786,0.15203547477722168,4.219058275222778,1
no_proximity,68,-0.16048853828244525,-0.33960480598058607,1.0161,1.3247039776158898,2.1515754181762636,0.3543431758880615,4.514904737472534,1
no_proximity,69,0.8455373354257656,0.5117925192125917,1.1577,1.4060634039768265,1.753442028397558,0.15214800834655762,3.5120484828948975,1
no_proximity,70,0.7092210447121483,0.15005044088864938,1.1339,0.5351775953164936,3.1202990430466486,0.10338401794433594,5.911946535110474,1
no_proximity,71,0.8909905874824164,-0.27859465448598975,1.1055,0.4487389985406588,0.537954312238186,0.1011054515838623,3.4075710773468018,1
no_proximity,72,0.2731512394544169,-0.6936153158032764,1.4715,0.8066224836486798,1.064808890275983,0.10110926628112793,3.1105520725250244,1
no_proximity,73,-0.3050752382817403,0.06880490002182083,1.4382,1.0550203668377454,1.274818296215507,0.15130019187927246,2.809393882751465,1
no_proximity,74,0.7573943112274426,-0.24809805870092472,1.1573,1.3286233503145666,1.9067069352643815,0.1011354923248291,3.508147954940796,1
no_proximity,75,0.6531272222414466,-0.44646190821933746,1.3277,0.19537214432109312,0.2916151854871302,0.10118937492370605,3.710954189300537,1
no_proximity,76,-0.7705668286438195,-0.012918736225364547,1.1978,1.493576155773804,1.865588100271454,0.15148115158081055,5.816705703735352,1
no_proximity,77,0.5661130234383152,0.5978207571815227,1.4573,1.3909651387917816,1.5521231655491323,0.1011500358581543,3.210536241531372,1
no_proximity,78,0.7030590380315707,-0.37087648676591,1.2294,1.0007264511675436,2.6708360373008615,0.10102057456970215,5.411393642425537,1
no_proximity,79,-0.8227548265505632,0.579678921767469,1.1324,1.726415887489148,2.1688144244988723,0.10130834579467773,4.5104663372039795,1
no_proximity,80,-0.06245526417091707,-0.5048936042226579,1.1233,1.2091352047563197,1.3271943079031145,0.25313687324523926,3.3107333183288574,1
no_proximity,81,0.2155672494475307,0.23885479778988572,1.2807,0.6827980630597158,0.7005553680431192,0.3035004138946533,2.7104218006134033,1
no_proximity,82,1.0195429862744507,0.27087036353998595,1.1314,0.7793073838077306,0.9293596496048823,0.15264034271240234,3.4171905517578125,1
no_proximity,83,-0.04135267626812045,-0.4026176204254096,1.2923,1.1448254115201015,2.813245141805714,1.8591032028198242,8.618307828903198,1
no_proximity,84,-0.8444721055358239,-0.583516191943497,1.4489,0.8122314942299149,0.81393111752343,0.10130429267883301,3.1077685356140137,1
no_proximity,85,0.8225228775098163,0.22382589878815262,1.1997,1.9383233194335618,2.2209393383176517,0.15139317512512207,3.608151435852051,1
no_proximity,86,0.10138266448156175,-0.09244978694750272,1.1097,0.9283207117018056,0.7805668586229957,0.10407829284667969,3.3111255168914795,1
no_proximity,87,-0.08316361642440584,0.10317803472374554,1.4988,0.30996756304824286,0.0,0.7525360584259033,0.0,0
no_proximity,88,-0.130517797810334,0.11693152419136088,1.2548,0.3996994089673845,1.6587515662438268,0.10113978385925293,4.208349943161011,1
no_proximity,89,0.43253077786874905,-0.5191280971901155,1.0455,1.0192391864221546,0.9633287157471147,0.05141639709472656,3.2085816860198975,1
no_proximity,90,-0.8204545825065056,0.061855648669738694,1.0236,1.4357015578120944,1.4683884520498192,0.05117321014404297,3.1064236164093018,1
no_proximity,91,-0.10364720625867363,0.14087801213979334,1.0548,0.8709322424695936,0.7316756571446962,0.10126113891601562,2.506044387817383,1
no_proximity,92,0.9929832509950729,-0.21249497566173614,1.3137,1.2299630696769963,2.1183514873747984,0.15190839767456055,4.1182520389556885,1
no_proximity,93,-0.4849419708476145,-0.6476975725975227,1.396,1.5878705983483918,1.5770643947677643,0.15276002883911133,3.1083998680114746,1
no_proximity,94,-0.6858140517817499,0.1954513066740744,1.2111,1.0057661731852288,3.1087614523775393,0.30341506004333496,7.525951862335205,1
no_proximity,95,0.801542866341459,-0.7110243602989752,1.0318,1.8662058039317428,7.994795100552349,1.1037437915802002,13.926799058914185,1
no_proximity,96,-0.6387973116538773,0.2143168652103431,1.1908,1.7295117862713143,2.0085642314075836,0.10112214088439941,3.208195209503174,1
no_proximity,97,0.5839108088193017,0.360982798348782,1.4981,1.3382496592534054,1.3709274101148694,0.10093355178833008,3.413935422897339,1
no_proximity,98,0.6147184377521813,0.36559093175322077,1.2646,0.4710876902150315,0.29858728157599795,0.10193705558776855,2.608713388442993,1
no_proximity,99,-0.1356601539587038,0.3237914080595038,1.4855,0.7706321562682815,0.8749466105006471,0.15269827842712402,4.015219449996948,1
no_proximity,100,0.8283740741528494,-0.1535622063867247,1.4304,1.275770220503947,3.122811449713167,0.7036757469177246,6.015799522399902,1
no_proximity,101,-0.6686084919671815,0.4971076937777247,1.0057,1.8385415267212364,3.3520997290415133,0.4032127857208252,7.81504487991333,1
no_proximity,102,-0.23866169075732746,0.4874489159537795,1.3604,0.4336369913589058,0.5414929016143608,0.1015615463256836,2.6083812713623047,1
no_proximity,103,0.9214670772629805,-0.6175721060958524,1.3409,1.638560399762136,1.7640347867708508,0.15170931816101074,3.7095096111297607,1
no_proximity,104,1.0111033652302361,0.0449036582813952,1.2685,0.8223897260563272,0.8585850428203495,0.20151400566101074,3.7092132568359375,1
no_proximity,105,-0.2918562504944361,-0.2914149146617354,1.1334,1.3525639950043538,2.2363187883680133,1.0024702548980713,6.813189268112183,1
no_proximity,106,0.6959096646646317,0.34193532819971717,1.3205,1.2406372329098976,2.3710541083858265,0.7524514198303223,5.219226121902466,1
no_proximity,107,-0.758918537647011,0.0120526843128127,1.0558,1.7205879789170204,1.8824879236675593,0.20429658889770508,3.112438917160034,1
no_proximity,108,-0.17748644512178002,-0.5821499194284695,1.2174,0.9324874666886286,0.9854980977585674,0.20238637924194336,3.1596856117248535,1
no_proximity,109,0.3523082014928294,-0.6040574430072863,1.2269,0.6279859111853631,0.5339981668623539,0.1021883487701416,2.11342453956604,1
no_proximity,110,-0.7287837213861684,0.38623572146494956,1.4769,1.4861452356282514,1.816259767883143,0.1520543098449707,3.113475799560547,1
no_proximity,111,-0.7048516506831496,0.6126427808606151,1.4379,0.23421695134014542,0.2529026432463586,0.10195469856262207,3.012279510498047,1
no_proximity,112,0.7379687423043702,0.558519545325422,1.1317,1.5698809050976459,1.6454917418739061,0.10143589973449707,3.407405376434326,1
no_proximity,113,-0.12725350147772496,-0.6282700152560291,1.2503,1.5731944538468994,2.6632634474448387,0.05104327201843262,4.3099658489227295,1
no_proximity,114,-0.032191977672493044,0.5023309251201674,1.0893,1.2800421802011428,1.6621705497853874,0.10113716125488281,3.3080029487609863,1
no_proximity,115,-0.8504970760709754,-0.09906027790007044,1.4563,1.081209566745769,1.2840612846099,0.05101466178894043,3.907844305038452,1
no_proximity,116,-0.6400629788877781,0.14901495510747143,1.4353,0.4730231546368282,1.1552767314704535,0.10132622718811035,4.709460020065308,1
no_proximity,117,1.0340259910765421,-0.22792782373443055,1.1492,1.9278682266297367,2.2489481430273806,0.10120868682861328,3.3086273670196533,1
no_proximity,118,-0.4298330480544449,0.5804677691914001,1.3195,1.755930198815463,2.5176049840427184,0.05106544494628906,4.211252689361572,1
no_proximity,119,-0.7874570545139581,0.48143063822114984,1.3045,0.4426803519732187,0.39295831670344705,0.10154104232788086,1.7055721282958984,1
no_proximity,120,-0.7267352086944394,0.017995786767414867,1.0764,0.7217031478506413,0.6645804446294544,0.1524190902709961,3.211107015609741,1
no_proximity,121,0.37446810078409043,0.21295869866486405,1.3813,1.22390843943296,1.1537931070920087,0.20294189453125,3.117567539215088,1
no_proximity,122,0.2851109662315847,0.49519110641461894,1.2697,0.29254205131521316,0.38242912574561505,0.15359067916870117,2.2140142917633057,1
no_proximity,123,1.0107155614397394,0.48022243906611906,1.3893,0.7008151063247481,0.8190171113646183,0.10303497314453125,3.3137407302856445,1
no_proximity,124,-0.32323049533139503,-0.48452152653955194,1.2652,1.8539405217300995,2.488597809610638,1.2053742408752441,4.610882520675659,1
no_proximity,125,0.2838064136884284,-0.6361926088101109,1.0003,0.822449457693714,0.8230726369942173,0.10133123397827148,3.6095874309539795,1
no_proximity,126,0.5107565171871349,-0.0064035926431784684,1.1621,0.7322159487088461,0.8340749525495146,0.05159497261047363,3.2082645893096924,1
no_proximity,127,0.48413718400178873,-0.5195643253401193,1.0097,0.5628815306545873,0.625815933565544,0.10116147994995117,2.308382749557495,1
no_proximity,128,1.0095034281445934,0.25413860452560666,1.4645,1.0496747116202234,3.024351489524246,0.7035410404205322,11.924501895904541,1
no_proximity,129,0.9756678540076542,0.4469717841735611,1.4394,0.39414789043726456,0.2042205985908665,0.2534294128417969,3.409829616546631,1
no_proximity,130,-0.12684960684770574,0.37070027649423853,1.4158,1.1812755085643978,1.121358249414536,0.10171318054199219,3.107400417327881,1
no_proximity,131,0.3045670778279319,-0.21965596298897638,1.1538,0.9178126256481844,0.8163977507200959,0.3033111095428467,2.108851432800293,1
no_proximity,132,0.7885674927374753,-0.09901559844171082,1.029,0.6414532077400944,0.5393022093724733,0.1027669906616211,3.309877395629883,1
no_proximity,133,-0.7612637656378625,0.4451285449744432,1.439,1.7131081710429443,3.313226067889379,1.0542445182800293,7.517817735671997,1
no_proximity,134,1.1023342110804804,0.020163163498010173,1.4735,1.81975677313171,0.0,0.8024096488952637,0.0,0
no_proximity,135,0.8110011283226295,-0.4031437082048464,1.0428,1.7555955296069292,1.961977545109448,0.20142769813537598,3.2074074745178223,1
no_proximity,136,1.0179291360267877,0.08988394773550923,1.243,0.40723472661148746,0.8048056607805183,0.1515970230102539,4.409411430358887,1
no_proximity,137,0.3521301725875494,-0.2508844254228771,1.0346,0.7456151296377497,0.7401870069978701,0.10122346878051758,2.105262517929077,1
no_proximity,138,0.15824986319131829,0.3181654702447686,1.3803,0.5217487497076717,1.349887822509805,0.5526204109191895,4.011242151260376,1
no_proximity,139,0.22087935445103035,0.027728772889620834,1.3829,0.2567908300235426,1.1823518178412482,0.15109014511108398,4.81156849861145,1
no_proximity,140,-0.6073818172108301,-0.7034526027454723,1.0642,1.1333925381794567,1.1852734118921062,0.10141682624816895,3.109142541885376,1
no_proximity,141,0.5224861003726611,-0.4503872420867566,1.2376,1.1882630255073192,1.3170311428846726,0.1531820297241211,2.309242010116577,1
no_proximity,142,-0.17813545844532475,0.06754690173826594,1.2749,0.9965841381622029,0.8695224777031242,0.15293622016906738,2.9091897010803223,1
no_proximity,143,0.9190425324866094,-0.2644969883099853,1.1325,1.0287257180401754,1.0687510358045589,0.15253353118896484,3.714653968811035,1
no_proximity,144,-0.08705220543924252,0.11174712611309823,1.4362,1.1159938121875788,1.037307273475615,0.2518649101257324,3.7194697856903076,1
no_proximity,145,-0.5815003607986469,0.5301313969718934,1.2116,0.8813606248640643,2.7694296645412266,1.0031344890594482,9.01721715927124,1
no_proximity,146,0.03700706886423388,0.6035647584422456,1.1059,0.818691897639028,0.6432766084398002,0.10130143165588379,1.9046711921691895,1
no_proximity,147,0.38240049325575054,-0.4130399197987627,1.2696,1.158445443516698,1.8703100939380235,0.050890445709228516,3.809035062789917,1
no_proximity,148,-0.619213147185695,-0.5342856991141075,1.365,1.0716276602066361,1.2440312622157543,0.10130453109741211,2.8084988594055176,1
no_proximity,149,-0.512513672720895,-0.2680531527130119,1.1006,0.6624720409880084,0.3550449983477583,0.10177135467529297,1.8041815757751465,1
no_proximity,150,0.4500994377486758,-0.5062324969689606,1.1559,1.0759533434001232,1.303841945455957,0.05095863342285156,3.007810592651367,1
no_proximity,151,-0.5381707049909699,-0.3602168741700888,1.4976,1.0530005123069153,1.2544739291295735,0.10103321075439453,3.01142954826355,1
no_proximity,152,-0.6338997034786091,-0.10988997272303469,1.3249,0.519660148105552,0.302919327040152,0.10143733024597168,4.317775249481201,1
no_proximity,153,0.12477303083432634,0.20560249453674795,1.2191,0.959639297988689,2.560124741089523,0.15248990058898926,5.222408771514893,1
no_proximity,154,0.37149857197097913,-0.63066309010225,1.2588,0.9364899727727882,1.253874561518456,0.15243077278137207,5.316311597824097,1
no_proximity,155,-0.75194348356766,-0.362570111445742,1.0605,1.3261536987849543,1.357946493156788,0.10190892219543457,2.6066250801086426,1
no_proximity,156,-0.5072793396356601,-0.45535402973536,1.1123,0.4074342636215729,0.2681723881609215,0.10148286819458008,2.7116081714630127,1
no_proximity,157,0.3523809571730465,-0.23611265923113267,1.169,0.9824359861955919,1.3122546612187098,0.051444053649902344,3.1087870597839355,1
no_proximity,158,-0.800293891870835,-0.39615163847131546,1.2942,1.239639920487847,1.5205134733771872,0.10125017166137695,3.610018253326416,1
no_proximity,159,0.14114469027325027,-0.011876071245456199,1.1151,1.1475885628879214,0.9977881700493051,0.052777767181396484,3.208289861679077,1
no_proximity,160,0.18264742211385587,-0.4098455280058814,1.1101,0.5161330134700073,0.44756845092521097,0.05121493339538574,2.207854747772217,1
no_proximity,161,-0.8332188860045463,-0.300463226488713,1.0355,1.0740758432941864,1.0407112970244703,0.10101461410522461,3.1091315746307373,1
no_proximity,162,-0.6356314547342441,0.48058448373661566,1.3156,0.8794939937639911,0.978193675708593,0.15108680725097656,3.71008038520813,1
no_proximity,163,0.6911373949197446,-0.058140418671475236,1.1145,1.4462868508745488,1.670583430375117,1.4035837650299072,4.7099902629852295,1
no_proximity,164,0.2901190959173825,0.28123383752926945,1.4527,0.624773480295508,6.715483876485287,3.657024621963501,20.143367052078247,1
no_proximity,165,-0.3105561547069281,-0.24412492474827535,1.4298,0.7478984870670661,1.6258394952760338,0.15197205543518066,4.112264394760132,1
no_proximity,166,-0.16721628927046872,0.6124719518415541,1.0354,0.9976297925089076,1.077200723838633,0.20124173164367676,3.4080870151519775,1
no_proximity,167,-0.6712671392663598,-0.5329715427607278,1.119,1.093023972851169,1.7876253645466453,1.5067026615142822,5.210951328277588,1
no_proximity,168,-0.503224158330312,-0.35127923821465407,1.3345,0.37447348027952376,0.5184267278801943,0.10119938850402832,33.869850873947144,0
no_proximity,169,-0.7139767160986251,-0.022321350730470035,1.1071,0.6749307286910882,1.167416589160198,0.15163922309875488,3.914273262023926,1
no_proximity,170,-0.6509388959029203,-0.1963464069111509,1.0662,0.3179732174628621,0.7257339835110294,0.10156750679016113,3.91113018989563,1
no_proximity,171,0.7464368446214729,-0.3886415156402526,1.4678,1.4059343568478941,1.5844031937109926,0.10120224952697754,3.110255479812622,1
no_proximity,172,0.9690232104508749,0.02199221500113957,1.2855,0.6184918984192436,0.5920659392798348,0.10093164443969727,3.708415985107422,1
no_proximity,173,0.6521349935864189,-0.4860018894819629,1.2363,0.6801629235446724,1.105263766869941,0.05114340782165527,3.8088479042053223,1
no_proximity,174,0.1330837705525898,-0.4099290276616797,1.3923,0.4652936704139435,0.46264653403591016,0.051215171813964844,2.906207799911499,1
no_proximity,175,-0.30093424347781306,0.05562131623466937,1.4037,0.8174883745972021,0.6840706963123617,0.051204681396484375,3.0089144706726074,1
no_proximity,176,0.1825922553172432,-0.6717944604059854,1.0952,0.8641848442055742,0.9417557109680882,0.10112643241882324,5.110903263092041,1
no_proximity,177,-0.7473908085229743,0.6172053593037848,1.0485,1.6677117776005905,3.656722688248933,1.4050018787384033,13.425460815429688,1
no_proximity,178,-0.36830222225822007,0.19338474033567887,1.2155,0.6953813848930553,0.655173902515245,0.1010282039642334,3.012338638305664,1
no_proximity,179,0.06166400570641384,-0.17713058396165293,1.2118,0.6977789029830763,1.8710666330665735,0.10220050811767578,4.219807386398315,1
no_proximity,180,0.7732876662352792,0.5829469752557884,1.2335,1.0561221239089396,1.0820943106230467,0.1029808521270752,3.214869260787964,1
no_proximity,181,0.986790785419297,-0.49398576708838293,1.3645,1.1601447578232489,1.2217784068335025,0.15211033821105957,4.2153425216674805,1
no_proximity,182,0.2656057103225853,0.413672739265866,1.3367,1.23868771639274,1.7825110139166942,0.15172958374023438,4.569310903549194,1
no_proximity,183,-0.47337465166537035,-0.518136734502522,1.4921,1.2423437929060097,1.3397698874160724,0.2022697925567627,6.713902473449707,1
no_proximity,184,0.44542089141986874,-0.02430810636723002,1.0492,1.262681067747983,1.1931215223742255,0.10152220726013184,2.5064890384674072,1
no_proximity,185,-0.09517379708833662,0.379007629833947,1.2013,0.7522828987796131,0.7445574126660416,0.10110735893249512,3.2096915245056152,1
no_proximity,186,0.04403133519715996,-0.32890680089846874,1.1697,0.8291103785304109,0.8193338378900648,0.05110001564025879,4.411748170852661,1
no_proximity,187,-0.4127544382190081,0.4930154636792571,1.4308,0.9755223069842812,1.8580043935099138,0.10100126266479492,4.2111945152282715,1
no_proximity,188,0.9236277239317321,0.1147030063858252,1.1243,1.5353799531134198,1.7534307527716047,0.05128741264343262,3.2095870971679688,1
no_proximity,189,0.37111736118755023,-0.2828396854611636,1.0951,0.8219854405825738,0.695950655329547,0.05136513710021973,2.108480453491211,1
no_proximity,190,0.3559842022503137,-0.010024459624534132,1.2243,0.36242315212837584,0.32528521786111886,0.15149331092834473,1.5074255466461182,1
no_proximity,191,-0.5723803883696872,-0.3146938788489167,1.2109,1.088646847733373,1.611289520828034,0.10107278823852539,3.6117794513702393,1
no_proximity,192,-0.8065387143536853,0.04002842701318898,1.1393,0.5844838451908388,0.46477819002704895,0.10106730461120605,2.6099977493286133,1
no_proximity,193,-0.19499397404507146,0.3854075366193458,1.1249,0.833303726797656,2.055318076995237,0.6520569324493408,7.11439061164856,1
no_proximity,194,-0.6203174712580108,-0.19712726277005532,1.4616,0.7881391399328375,0.959835770459271,0.20205044746398926,5.118213415145874,1
no_proximity,195,-0.41862373464890457,0.2493750289720732,1.2216,0.6938450701686589,1.8154644323123796,0.15290522575378418,4.015833616256714,1
no_proximity,196,0.5024058169337922,0.002703385159597227,1.4307,0.824090965086415,3.976228006432867,0.5529701709747314,6.716732740402222,1
no_proximity,197,-0.5130733252995743,0.5052110712724055,1.2752,1.376064075710541,3.029247125622122,0.2021186351776123,5.114869117736816,1
no_proximity,198,0.04269550282267098,0.5585673086266344,1.0253,0.7105564734960681,0.6372042458521893,0.10190486907958984,2.4059393405914307,1
no_proximity,199,0.1296713615490115,0.09713811948720619,1.4996,0.6513946619276246,0.728379236005823,0.10129928588867188,2.1048901081085205,1
no_proximity,200,0.9744584358825197,0.03349299425157315,1.418,1.0376629137223936,3.887279530589481,0.2012014389038086,7.5138328075408936,1
no_proximity,201,0.5287469732091561,-0.5334113550358048,1.4845,0.8198844262015685,1.0611174562959487,0.10147213935852051,4.210855722427368,1
no_proximity,202,-0.032373009478670944,0.26887437974836936,1.4632,1.1721041554953742,2.330923480896463,0.10106182098388672,5.110408544540405,1
no_proximity,203,0.020563634122989782,-0.5874109250148023,1.4243,1.0167442350106772,2.056660071706124,0.051103830337524414,5.311024188995361,1
no_proximity,204,-0.6259185658551252,0.5222367467162697,1.0832,1.523039197579751,2.4025788555399474,0.10137414932250977,4.110103130340576,1
no_proximity,205,0.29890791364644986,-0.19477028488244097,1.2428,1.2497217885392895,1.1703216750316203,0.05099058151245117,3.3127262592315674,1
no_proximity,206,0.7182555351212587,-0.7366356003916756,1.1069,0.8308799816727577,0.9276742628678571,0.10210347175598145,2.415239095687866,1
no_proximity,207,0.19211808502296313,0.5208816169511331,1.2005,1.426249314870579,2.0117789535941992,0.15242838859558105,3.510235548019409,1
no_proximity,208,0.5887274737535213,-0.12165254921740487,1.0293,0.9190172859367993,0.9065136345928364,0.1522974967956543,2.106273889541626,1
no_proximity,209,-0.5938213856072367,-0.5006442805404492,1.1895,1.170574206933115,1.3183806892676833,0.1540536880493164,3.1090199947357178,1
no_proximity,210,0.9402245759169743,-0.24507078261374604,1.4927,1.6754653839059395,1.9956815305317126,0.15233850479125977,3.007349729537964,1
no_proximity,211,-0.8470467870419227,0.16870034915096044,1.1326,2.063168437506638,2.8173425765614786,0.2019209861755371,4.111453533172607,1
no_proximity,212,-0.5783504735933301,-0.1733064539990693,1.392,0.5641005704415213,0.5297128519642684,0.05116128921508789,5.412935972213745,1
no_proximity,213,0.12235051047652279,0.07505901379774027,1.2275,0.9546021982661551,0.8288188067868222,0.10141372680664062,2.3053340911865234,1
no_proximity,214,-0.456967114484549,0.4909265936915409,1.2115,0.5774718560841036,0.6449793708120601,0.10117316246032715,3.2098381519317627,1
no_proximity,215,-0.8005585583250759,-0.09438001741886093,1.4787,0.8344286150056922,1.0327972370386402,0.10122895240783691,4.911564350128174,1
no_proximity,216,0.664095736289511,-0.12018114105621003,1.4977,1.6766262948625212,2.2532369340535148,0.10108709335327148,3.7103464603424072,1
no_proximity,217,-0.07868761334510388,0.025945815217491397,1.2779,1.0376044594297187,1.893380328315114,0.10133147239685059,3.8116393089294434,1
no_proximity,218,0.8350591008487913,0.5569626449716115,1.3592,1.1628707582517366,1.3910949048408698,0.10150671005249023,3.009920597076416,1
no_proximity,219,0.40340709469972924,-0.1813992489112155,1.0774,1.1112847132481127,1.3623042292225516,0.10129618644714355,3.4121789932250977,1
no_proximity,220,0.5460569575755418,0.1623614961845481,1.1484,0.43039616920381524,0.5332891624660658,0.10138821601867676,2.6104466915130615,1
no_proximity,221,-0.4150097531624425,0.18018062970465287,1.4844,0.9323398988660921,1.1365712624813213,0.10129952430725098,2.7117834091186523,1
no_proximity,222,0.7124336812096612,-0.4976796343373456,1.2896,1.5711690256138364,1.9173185978519,0.10115647315979004,4.010119199752808,1
no_proximity,223,-0.6759071595509779,-0.40888140956675006,1.2711,1.3237920079016525,2.431050367853543,0.20145392417907715,5.720531225204468,1
no_proximity,224,0.7724957715717773,-0.19726983030424305,1.374,1.4667900024694485,2.6213694133711756,0.604079008102417,6.9183831214904785,1
no_proximity,225,-0.2919811986226717,0.4885654146480186,1.0286,1.5209955487989384,2.396576528490589,3.3170032501220703,7.716334581375122,1
no_proximity,226,-0.46096944230057385,-0.7065447518773718,1.2921,1.3020361146951127,1.609946811686643,0.10114049911499023,3.1094207763671875,1
no_proximity,227,-0.03773654072566912,0.48353093101976363,1.2514,1.344113505943397,2.3449421609382775,0.05092954635620117,4.611104249954224,1
no_proximity,228,-0.35882275493917826,-0.22130263117817528,1.4264,0.835557449700685,2.0199556043748315,0.15155482292175293,5.511326789855957,1
no_proximity,229,0.36406313535698365,-0.18046838988923564,1.0787,0.9868306541689708,0.7706310674035398,0.10124874114990234,2.2085440158843994,1
no_proximity,230,-0.2893688645879192,0.5601748437660033,1.4804,0.9911263452912981,2.3647919431635134,0.5020730495452881,6.112961769104004,1
no_proximity,231,0.8483035282296632,-0.07326953360516819,1.0401,1.5418694841015703,2.9558489536115684,0.10128355026245117,4.6102118492126465,1
no_proximity,232,-0.030226834141979353,-0.7121271703681586,1.0929,1.1261511625594758,1.222899417688744,0.10109496116638184,2.3106212615966797,1
no_proximity,233,0.3825538316954238,-0.38866232021478003,1.2975,0.592609313995542,0.6618722863390848,0.10196828842163086,2.107903242111206,1
no_proximity,234,1.0780851221544403,-0.020701689516109623,1.3376,0.7727508202073178,0.8705505881280682,0.15370941162109375,3.1187570095062256,1
no_proximity,235,-0.8365496790829209,0.5132465602141257,1.1176,2.1710039313994054,3.544273625272149,0.2066352367401123,5.115139722824097,1
no_proximity,236,-0.3298225525979577,0.018440575456700192,1.0599,0.8208873547410468,0.7267124464929223,0.15220189094543457,2.5068087577819824,1
no_proximity,237,-0.46387303937048446,-0.7278917314232478,1.4451,0.8262346738108309,1.1234101861183938,0.152238130569458,2.513430595397949,1
no_proximity,238,0.8590501337289052,0.07784560238200366,1.1231,1.738988371183743,1.9812571000805828,0.1519923210144043,3.8099453449249268,1
no_proximity,239,-0.5254141257683229,0.5134020137008949,1.2973,1.5702423144188826,1.6395813803617578,0.050902605056762695,3.709965705871582,1
no_proximity,240,0.15549489187058407,-0.6784687616510744,1.3097,1.372453845058334,2.0790554340901757,0.10117006301879883,3.8090145587921143,1
no_proximity,241,-0.7088930401723994,0.08573099840681742,1.2096,1.270336698155894,1.6243769933993668,0.05112314224243164,3.1102142333984375,1
no_proximity,242,-0.30080901372047286,-0.2543056875771598,1.2918,0.66571979329541,0.5763012639147491,0.10138773918151855,2.3056530952453613,1
no_proximity,243,0.2496139970684501,-0.08890674737843696,1.2614,0.7391898173987503,1.5261163587543556,0.05098247528076172,3.608243465423584,1
no_proximity,244,0.5789578966707161,-0.44767191981630017,1.4674,0.3604001071115643,0.5752419726368596,0.051387786865234375,3.3088440895080566,1
no_proximity,245,0.30644445864790515,-0.67234093227264,1.1021,0.6215639973413165,0.6665691021804473,0.10142636299133301,3.708958387374878,1
no_proximity,246,-0.2105286084007837,0.3162333679467594,1.3581,1.1742431665127884,1.550262282188047,0.05112862586975098,2.9064252376556396,1
no_proximity,247,0.5702701147955418,-0.062194931532683295,1.1193,1.0817810477564083,0.9592476380355542,0.10108160972595215,2.9106640815734863,1
no_proximity,248,-0.3846311701200903,0.3824465844843504,1.1979,0.9389151224400538,1.0651418290760948,0.10115528106689453,3.1126410961151123,1
no_proximity,249,-0.33360833801021395,0.06797693627812573,1.3358,0.4514710823886271,2.5477436397287305,0.10119509696960449,5.018453121185303,1
no_proximity,250,0.9451155065661652,-0.555011201117347,1.15,1.290153196183989,2.193767495044513,0.40352797508239746,5.625628709793091,1
no_proximity,251,-0.5060665350418558,0.001571901697864142,1.1581,1.5532395930978609,1.8992077373974798,0.3525853157043457,3.8153603076934814,1
no_proximity,252,0.7256041950613934,0.16216834586052575,1.3759,1.3648567934335594,2.498063101469167,0.2523322105407715,4.514017343521118,1
no_proximity,253,-0.3781580064410935,-0.07053009995432491,1.0363,1.392504087249906,1.2977915893146146,0.10252237319946289,3.1095199584960938,1
no_proximity,254,0.9981256112588675,-0.6888275611796729,1.2291,1.4136040655969462,4.290177274750868,0.8062388896942139,14.129301071166992,1
no_proximity,255,-0.515099665957625,0.037356746779313,1.4992,1.7003486031054245,0.0,1.2545108795166016,0.0,0
no_proximity,256,0.5092869696832367,-0.3344424638701152,1.498,0.6611113283620074,0.6612552259315225,0.10116386413574219,2.6102964878082275,1
no_proximity,257,0.998536181422826,-0.09142966631264471,1.0366,0.7145727087971504,2.673378102157886,2.707022190093994,11.822378635406494,1
no_proximity,258,-0.24054286203186737,0.3959298614830308,1.1066,1.4162744952486948,6.487439900561437,1.558694839477539,16.34016513824463,1
no_proximity,259,-0.41712248449577255,-0.5773410989420189,1.1326,1.054139293993442,2.368406115118303,0.10165786743164062,4.613105773925781,1
no_proximity,260,-0.19936782181169288,0.2528295440805183,1.4666,0.8921415104876214,2.145068783818546,0.10130906105041504,5.312058925628662,1
no_proximity,261,0.19627174148791826,0.34345362848873606,1.4404,0.5045147705373363,0.4003981354742082,0.05247163772583008,2.810838460922241,1
no_proximity,262,0.8830078970041229,0.10319602056248656,1.4396,0.7775581358925344,3.0000375766442096,0.853161096572876,8.115696907043457,1
no_proximity,263,0.851535968071643,-0.713775829491568,1.1848,0.9024900435725768,1.1382615362298678,0.10115551948547363,2.807573080062866,1
no_proximity,264,0.9882321784525603,0.3545281659530163,1.0789,1.2025241127864679,4.4947330009117845,0.9082002639770508,10.219932794570923,1
no_proximity,265,0.6475671886614935,-0.19074692470090127,1.4169,0.5139234008574817,4.263122318317062,1.2053885459899902,9.725578308105469,1
no_proximity,266,0.8586280403173234,0.6091306866798317,1.3518,0.9771109175605391,3.014635101014787,0.10254859924316406,5.2149128913879395,1
no_proximity,267,-0.03787042148684694,0.27043808238313705,1.3058,1.088509693198634,1.1149100869211932,0.10186457633972168,3.5087380409240723,1
no_proximity,268,-0.17013888355598095,-0.3483336254672917,1.4936,0.7787209901152952,0.9677142152541355,0.1016225814819336,2.5116677284240723,1
no_proximity,269,-0.7895712981407308,-0.7184412136762894,1.327,0.6134608875805341,0.6841626271405825,0.10158276557922363,3.1075193881988525,1
no_proximity,270,-0.11126458532951089,0.1908353664202781,1.0039,1.3417785587851865,1.5067598493501262,0.1012122631072998,3.1082892417907715,1
no_proximity,271,0.685535818571624,-0.6201492828229554,1.4086,1.2572017291275452,1.836606823390861,0.10259532928466797,3.9119205474853516,1
no_proximity,272,0.9994588681815753,-0.10079032354267892,1.1497,0.8366233008759326,0.832735635520077,0.10141324996948242,2.1092777252197266,1
no_proximity,273,1.0914962170034874,-0.42468308229914875,1.3317,0.277653104518753,0.5090876215808237,0.05156254768371582,3.209207534790039,1
no_proximity,274,0.33153432744989875,-0.038565985863317165,1.4695,0.9760607722030298,1.4361619041351885,0.10119199752807617,3.2088685035705566,1
no_proximity,275,-0.43599633362291246,-0.48683382781379425,1.0671,0.9412610416512666,0.98394595137507,0.05116629600524902,3.11072039604187,1
no_proximity,276,-0.7583558150513484,0.5885470138134749,1.0577,1.178184382878686,1.5330310144129935,0.050866127014160156,3.208724021911621,1
no_proximity,277,1.0989073044852347,-0.5040679275724245,1.0535,2.212100757263391,4.4341218706011265,0.6030032634735107,8.316429376602173,1
no_proximity,278,0.5065128649826163,-0.5315470246890391,1.2766,0.7119959536318093,0.9002079027106598,0.10114073753356934,3.0094175338745117,1
no_proximity,279,-0.4293934874215611,-0.005197142944449729,1.1362,1.1704238830440432,1.1299475159885435,0.10094189643859863,3.713635206222534,1
no_proximity,280,-0.6916730882776498,0.4626312252541428,1.3024,0.5537932234930553,0.5831090767581841,0.10300898551940918,3.716930627822876,1
no_proximity,281,0.8884986943003128,0.5700651585676811,1.3588,1.5854292577066953,1.5890940681649914,0.10210490226745605,3.315420627593994,1
no_proximity,282,0.4256896056265411,0.013878027216957523,1.1018,0.7671319904658892,3.1395276756713906,2.2127389907836914,5.8158040046691895,1
no_proximity,283,-0.13433135928159368,-0.3860983011133118,1.3171,0.7567318080360277,1.4233234916911164,0.10184478759765625,3.915172815322876,1
no_proximity,284,-0.7123664000710418,-0.4404682805209592,1.132,0.748388881786715,0.6067619654794559,0.10169863700866699,3.808523416519165,1
no_proximity,285,0.8140921036446596,-0.06266867188279923,1.2443,1.6146967533853793,1.7857187290979097,0.15147876739501953,4.910623550415039,1
no_proximity,286,0.7615176744636456,-0.2651101483423867,1.4527,0.2465196557862838,0.5827964316398667,0.10113525390625,4.108789443969727,1
no_proximity,287,-0.3437499685242069,0.4642376012519872,1.4231,1.374311206673813,2.584773339872774,0.25200819969177246,7.214545011520386,1
no_proximity,288,0.8128529870647874,0.44866223211876866,1.0461,1.360691899779842,1.4239663744898101,0.10119104385375977,3.9087672233581543,1
no_proximity,289,0.5093884370285202,0.19151342039865282,1.2118,0.5151074277633583,0.4549289947658303,0.05109071731567383,2.105003833770752,1
no_proximity,290,-0.5586446813091279,0.46731642313932775,1.1383,1.2132444618721203,1.1496303197494988,0.10118770599365234,2.5094237327575684,1
no_proximity,291,0.7637687996193596,-0.5659328020914862,1.0018,1.7584283664291196,0.0,0.05105781555175781,0.0,0
no_proximity,292,-0.5543738860322531,0.3808866911395915,1.3856,0.15617737242371638,0.5118596555533474,0.05139732360839844,2.9072859287261963,1
no_proximity,293,-0.8603432022572358,-0.3486096050176698,1.3186,0.8712043911690053,5.310302580948246,1.2537157535552979,10.021883487701416,1
no_proximity,294,0.3792544105470368,-0.3860298796178444,1.131,1.3919873985995492,1.2692800465777687,0.10290861129760742,3.621762752532959,1
no_proximity,295,0.6726535731895666,-0.5960086022517591,1.3706,0.44981478411788756,0.5200192299744969,0.15264678001403809,1.7586488723754883,1
no_proximity,296,1.0356501516485273,-0.2732676438628453,1.2758,0.6884978575193538,0.7729487796236995,0.15263676643371582,2.4089736938476562,1
no_proximity,297,-0.6698257191224737,0.544751941462884,1.2138,2.0476667253403193,3.128933270984581,0.15244340896606445,4.81697416305542,1
no_proximity,298,-0.2764902103114102,0.23002844979861703,1.0048,0.6919324451450619,0.8560960861532326,0.15650057792663574,2.713224411010742,1
no_proximity,299,-0.18745978111923978,0.11013792141251366,1.0376,0.15676454164468293,0.4536023522139615,0.15228819847106934,2.812112808227539,1
no_proximity,300,1.0564551369096007,0.5882381731625402,1.4416,1.3587225914833747,1.5975873306110662,0.15158390998840332,3.3106157779693604,1
no_proximity,301,0.6298776543313227,-0.7092175767856067,1.452,1.5434807919346536,2.8361613263947105,0.10104799270629883,4.409699201583862,1
no_proximity,302,0.09549080338204752,0.31553979206790805,1.2728,1.285367201658881,1.569766799957522,0.10122847557067871,3.3101701736450195,1
no_proximity,303,-0.33067194742973827,0.6270490632166953,1.4173,0.3984644381949152,0.5497130547257704,0.10176444053649902,2.506044626235962,1
no_proximity,304,-0.5486975863981116,0.34906831998240306,1.2913,0.5245735352000697,0.5355934800485289,0.050904273986816406,2.9093728065490723,1
no_proximity,305,-0.7097207675893997,0.19200604105065588,1.074,0.5239055043870345,0.4052159221217784,0.10132050514221191,1.9093081951141357,1
no_proximity,306,1.0116115803803134,-0.535446456693043,1.0637,1.7879168850878464,0.0,0.5520663261413574,0.0,0
no_proximity,307,-0.041100457852425554,0.1343346520904536,1.1541,0.576238366459193,2.6947677804791788,0.9028012752532959,6.913739919662476,1
no_proximity,308,1.0772436982563796,-0.18057507532313088,1.4495,1.0461201900937498,1.2602360665586734,0.10120272636413574,3.106961250305176,1
no_proximity,309,-0.4506264766222849,-0.7002217701166814,1.3981,1.744053010253398,1.9050074130368426,0.10108661651611328,4.210775375366211,1
no_proximity,310,0.8401580511821607,-0.09280958820580043,1.4304,1.554851128432342,1.7802705376688177,0.10135030746459961,3.914740800857544,1
no_proximity,311,0.8486111188880205,0.32404407573585325,1.4495,0.5296132899531237,0.9100306603717656,0.15205168724060059,5.714699745178223,1
no_proximity,312,0.6353495500490238,0.11742672192156478,1.105,0.4541951469195095,0.4164922752678917,0.35332465171813965,3.7112905979156494,1
no_proximity,313,0.9521204343706913,0.10427753215149416,1.1248,0.22321066673373985,0.29391016312483387,0.10199880599975586,3.5147950649261475,1
no_proximity,314,-0.6404951694765342,-0.5709947215136957,1.0514,1.8188620632619659,2.0663318672499087,0.15176725387573242,4.614778995513916,1
no_proximity,315,-0.4755599916799326,-0.06754909277726562,1.3901,0.6545085082583036,0.754838614901928,0.10199427604675293,3.0103254318237305,1
no_proximity,316,-0.3398550724096364,0.3528462042754966,1.4421,0.5010313848613409,0.5884634635288382,0.050942182540893555,1.8039791584014893,1
no_proximity,317,-0.8499680899021446,-0.6434579761702761,1.2032,1.2677652885277835,1.507913130596995,0.10105395317077637,2.9100615978240967,1
no_proximity,318,0.31624072637246003,-0.3422556168534173,1.3103,1.2956269699614547,1.453955336059974,0.10109543800354004,2.5093445777893066,1
no_proximity,319,0.6726646599866193,-0.6885637339713573,1.0773,0.49308553391075943,0.4702504777181103,0.10109472274780273,3.1066195964813232,1
no_proximity,320,-0.39326677856047054,0.6126744031490593,1.4649,1.761469139981747,2.644275805302885,0.10097908973693848,3.9092092514038086,1
no_proximity,321,0.3521846654185121,0.22218686952759892,1.4323,0.9774810852094616,1.3889904449184445,0.10331845283508301,3.009625196456909,1
no_proximity,322,-0.22595368706040808,-0.03166420198940645,1.4881,0.8061152416846417,1.4157899024221279,0.3515770435333252,5.912529230117798,1
no_proximity,323,-0.8071914383755114,-0.6350331449090014,1.4054,0.8419267203351416,0.9155671416841032,0.15114665031433105,2.5089097023010254,1
no_proximity,324,0.2518659612544083,0.20432486759460322,1.4407,1.351206688035599,2.448912920548468,0.353745698928833,6.913586139678955,1
no_proximity,325,-0.5410495219625238,-0.599323787380534,1.0124,1.3578985845321512,8.176025862474049,1.4069061279296875,16.137669563293457,1
no_proximity,326,-0.8103962609555775,0.5433556263388298,1.3683,1.2695083811799823,5.0484031502766396,0.8533294200897217,14.82863998413086,1
no_proximity,327,0.5323579495517163,0.45371157602712164,1.1661,1.4626127947056244,1.6350825435726601,0.05116081237792969,3.7103376388549805,1
no_proximity,328,-0.20020971838015844,0.3765697062877079,1.4654,0.868392631590348,0.7384442008169154,0.05119490623474121,2.709317684173584,1
no_proximity,329,0.21232808953670523,0.37996713592846654,1.4011,0.31759005653839517,0.4073009377571205,0.05086040496826172,2.605867624282837,1
no_proximity,330,0.17033007397537636,0.2622040028918261,1.432,0.2930447363520644,0.8170363625791879,0.10117530822753906,3.0091288089752197,1
no_proximity,331,-0.38324139019188974,-0.5237856095244792,1.4054,1.0432557229736772,1.36838110669674,0.10137319564819336,3.510002374649048,1
no_proximity,332,1.0611649370335183,-0.28010518210649915,1.1334,1.6669506400823642,1.7695784990908419,0.05144143104553223,3.01090145111084,1
no_proximity,333,0.4325588110427365,-0.05847908559338699,1.3937,0.7871205144925512,0.6463858193885025,0.10119962692260742,2.512826919555664,1
no_proximity,334,-0.42020270268136595,0.6259628006619636,1.054,1.3730589113586396,7.669933017478805,1.7125980854034424,15.13314151763916,1
no_proximity,335,-0.47750686225843436,0.19163360510059435,1.4361,0.36681681517743614,5.02707934600821,1.0036540031433105,9.117578268051147,1
no_proximity,336,-0.3622725149707745,-0.10735605744017929,1.4293,0.49823971767548375,1.0540227912689717,0.1510324478149414,5.613163471221924,1
no_proximity,337,0.5990443250183624,-0.1583721584683444,1.1112,1.2355017321110882,1.1025686651177617,0.05077791213989258,3.1090314388275146,1
no_proximity,338,1.0845214353248667,-0.6878899709992491,1.4083,0.8263180157882986,1.179193648423135,0.10132122039794922,2.911449909210205,1
no_proximity,339,-0.0036642391662317086,0.2535040254103976,1.2302,1.5820461772573318,2.1319259974139286,0.05095076560974121,3.6080727577209473,1
no_proximity,340,0.9121910944703144,-0.16355544647587217,1.1526,1.1639657494913047,1.824855180717393,0.05100107192993164,4.00899076461792,1
no_proximity,341,0.9353041510122815,-0.4535501523062141,1.3977,0.22007275135842277,0.4542790301255895,0.10162138938903809,1.905212640762329,1
no_proximity,342,0.5800300104270868,-0.5622260006351449,1.1138,0.5887826861043983,0.5015034700662085,0.05088019371032715,2.9078621864318848,1
no_proximity,343,-0.5168680782191803,-0.4166154715545921,1.0118,1.1599010885783212,1.1313142966675416,0.10102653503417969,3.109579086303711,1
no_proximity,344,0.8203912550585057,-0.06661022524040017,1.0966,1.411119359568272,1.5046802150702936,0.10109090805053711,3.7085745334625244,1
no_proximity,345,0.00959501541528296,-0.03564095570060566,1.1641,0.9154472449075406,0.7934243275789417,0.05094027519226074,2.7118008136749268,1
no_proximity,346,-0.5488956845364849,-0.2056539686404807,1.4322,0.7021983177207755,1.4855999687271653,0.10191082954406738,3.610288619995117,1
no_proximity,347,0.4286520691208411,-0.2961888517552692,1.4834,1.187009930154384,0.9854512623507867,0.15244364738464355,3.015994071960449,1
no_proximity,348,1.0491853113456757,-0.11949317013887961,1.1396,0.9976320119932908,1.4734341203306263,0.21083760261535645,4.015937805175781,1
no_proximity,349,-0.5365398321164943,-0.028830594684031707,1.3207,1.6983374882152285,2.411673979702717,0.15263843536376953,3.9152138233184814,1
no_proximity,350,-0.018980928102300676,-0.4012665894645965,1.1998,0.8159496282421931,0.7353718895413297,0.1520688533782959,2.5091421604156494,1
no_proximity,351,-0.5419229385403174,-0.5126911968198515,1.4906,0.4430897298627657,0.6595002956265024,0.1527693271636963,2.30842924118042,1
no_proximity,352,0.44266057374641776,-0.09085717671975568,1.2681,1.3069111258956838,1.161118934520093,0.15312480926513672,3.1095473766326904,1
no_proximity,353,0.2871723502343628,0.45000473942521746,1.4696,0.5068682914017183,1.127346378655288,0.05119585990905762,3.310371160507202,1
no_proximity,354,-0.3383562699733266,-0.6645626597332814,1.0577,1.5788526709560167,2.920076990263456,0.10118508338928223,4.713269472122192,1
no_proximity,355,-0.7950211023950139,-0.5752209781502231,1.4852,0.553184728032232,0.7237907702814516,0.10134458541870117,2.0087389945983887,1
no_proximity,356,-0.24637859993608047,-0.046059372862148784,1.0893,1.0831841437009313,1.3558315653545694,0.051134586334228516,2.906085729598999,1
no_proximity,357,1.0825009037044344,0.5830730889031267,1.4813,1.434493905406425,1.4702285691393417,0.10115337371826172,3.712209701538086,1
no_proximity,358,0.3937357167503217,0.4495197366705105,1.1327,0.7835328035184475,1.711208864778261,0.6525623798370361,6.513322591781616,1
no_proximity,359,0.09589392206921576,0.1732714898683474,1.0542,0.570805433494645,1.7792144059088946,0.904991626739502,7.573909044265747,1
no_proximity,360,-0.2626828557662596,0.22523136800015264,1.2173,0.46392226421359717,0.5439784965941746,0.30440688133239746,3.728978395462036,1
no_proximity,361,1.04936567538461,-0.6139804165053391,1.3643,1.564961084740334,1.5911291583762905,0.15304970741271973,4.11801552772522,1
no_proximity,362,0.8476579481762156,-0.4995961892992917,1.1568,0.3109438409451737,0.3533833432475871,0.25333309173583984,3.816502809524536,1
no_proximity,363,0.999225382997514,0.1957827908699734,1.3031,0.8440903445671619,2.82322808984782,0.10437369346618652,5.318106412887573,1
no_proximity,364,0.8491696792368195,0.04101779188175203,1.2557,0.40129110203579255,4.440005015075934,0.4536864757537842,7.715220212936401,1
no_proximity,365,0.4936420205445542,0.18652939205793684,1.1926,0.608839038107477,0.4006991100858434,0.10119056701660156,2.911935329437256,1
no_proximity,366,-0.09236074799345795,0.15179411045501023,1.2883,0.7073802783763421,0.6106274668349381,0.10162997245788574,2.3095812797546387,1
no_proximity,367,1.1078380044774612,-0.676756658605596,1.1274,1.5116256719993708,0.0,20.049991130828857,0.0,0
no_proximity,368,0.8528333385684477,0.3319976550960678,1.3544,0.9434794824279213,0.94874800549029,0.20431756973266602,3.126894235610962,1
no_proximity,369,0.8682178424992715,-0.18771119805148062,1.0008,0.876536253677397,0.6671120977173604,0.20377874374389648,1.7060742378234863,1
no_proximity,370,0.7281506569275744,0.30437977518307,1.4628,0.5627087888018294,0.7166902405648753,0.15273451805114746,4.4744157791137695,1
no_proximity,371,0.7479474164588928,-0.577832757920784,1.2692,1.0269734567645883,2.0017186531765003,0.5681097507476807,4.3142454624176025,1
no_proximity,372,-0.22967088513766432,-0.23948185108669928,1.3597,1.1002757739585218,1.2963058511571564,0.10171890258789062,2.919613838195801,1
no_proximity,373,-0.10287784328217475,-0.12649496251664283,1.371,0.35335315629814074,0.16616211357488042,0.15261554718017578,2.808333396911621,1
no_proximity,374,-0.42255159876443377,-0.6424288007421585,1.3353,0.6785862111670342,0.6205928164230009,0.1011345386505127,2.50897479057312,1
no_proximity,375,0.354829865791056,-0.10615918381801348,1.1821,1.0793738424852175,1.3094902175557335,0.10108804702758789,3.0065770149230957,1
no_proximity,376,0.1558200981399842,-0.08460410013674957,1.035,0.5554727239722602,0.23045625502600414,0.10120773315429688,3.609541177749634,1
no_proximity,377,-0.11945228356643134,-0.19501749904765864,1.3321,0.3830596130719185,1.4373826689714775,0.1015470027923584,3.808375358581543,1
no_proximity,378,0.3318678939166073,0.3079496013588844,1.1651,0.8464149886719978,2.043441073004931,0.10134601593017578,4.309088230133057,1
no_proximity,379,1.0208479653826805,-0.7179484314026792,1.157,1.2917254176501827,1.4206974481519667,0.10256195068359375,3.9085428714752197,1
no_proximity,380,0.4102948834544231,0.4908939742572821,1.424,1.4402292695241365,1.8195696094908642,0.15135407447814941,5.413020610809326,1
no_proximity,381,-0.7535500324460904,0.5409151008307768,1.3599,1.2630114310473832,1.4481269507195416,0.05096101760864258,2.908611536026001,1
no_proximity,382,0.08999782670729739,-0.39018899595202206,1.1502,1.4059338247910764,3.2015528501425075,3.8182733058929443,7.231240272521973,1
no_proximity,383,0.7185973295043389,-0.0021924058482002406,1.1546,0.8735224746552099,1.2206081879101887,0.1025092601776123,3.2152397632598877,1
no_proximity,384,0.5464106363103696,-0.3684146229921246,1.2042,0.42808429239476187,0.8198798138710324,0.10223197937011719,3.108415126800537,1
no_proximity,385,-0.5139619892222635,0.19285593134788648,1.2012,1.153613771789091,1.328012280421668,0.10168099403381348,4.114617347717285,1
no_proximity,386,0.5323296907338615,-0.596151107667822,1.1478,1.4562391161605113,1.8059260192133555,0.1019737720489502,3.411972999572754,1
no_proximity,387,1.0355210667208832,-0.07860828140682341,1.0636,0.8274786847792588,0.7795681210026477,0.15359783172607422,4.712957859039307,1
no_proximity,388,-0.7869563598817484,0.1269499900661868,1.2102,1.8729329663078786,2.2862421192559053,0.10267782211303711,3.6088624000549316,1
no_proximity,389,0.7506323193838982,0.4718996806407124,1.4702,1.6838688445324093,1.8368857956579825,0.10156488418579102,3.109661102294922,1
no_proximity,390,0.3379643199026656,-0.17824688248558762,1.3387,1.0177876022212369,1.2502315743213088,0.10165643692016602,3.3088412284851074,1
no_proximity,391,-0.17251882622201276,-0.4175398519690616,1.4514,0.4054445156738972,0.47685498277689414,0.05140352249145508,3.708313465118408,1
no_proximity,392,0.7574215792941106,-0.1607836394865998,1.3078,0.9750934435574816,1.422630881514764,0.10152482986450195,3.710984945297241,1
no_proximity,393,0.3634891815089678,-0.1222712094150471,1.1505,0.6214407048418701,0.46290853418781197,0.051025390625,1.9095864295959473,1
no_proximity,394,0.587483762479369,0.44248318454439606,1.274,0.6560387669997355,2.263668163295089,0.05122971534729004,4.909867525100708,1
no_proximity,395,-0.8261483224561612,0.13906884160904753,1.0002,1.5201350301090433,1.5541140092494101,0.05110955238342285,3.1093251705169678,1
no_proximity,396,-0.41328085549813676,-0.20589516162582278,1.1435,0.5983941803872774,0.5434084344064909,0.10132336616516113,1.905616044998169,1
no_proximity,397,1.0847909010659067,-0.5555317799870487,1.2149,1.6381885720715883,1.7913431966244384,0.20203280448913574,3.1104612350463867,1
no_proximity,398,-0.024308363217431572,0.24297933001433425,1.29,1.4639761731053356,1.9916501634258377,0.20293307304382324,3.510606527328491,1
no_proximity,399,-0.6185225183019238,-0.5999533417461554,1.3274,1.060578753240287,1.3065542249106112,0.1022179126739502,3.1137540340423584,1
no_proximity,400,-0.3296135588784648,-0.6338777870091323,1.2325,0.4403339371076703,0.40847499451693287,0.1021108627319336,2.4068424701690674,1
no_proximity,401,-0.49271896240745156,-0.2986874736532744,1.2211,0.5094593672710646,0.6783943982961492,0.1020500659942627,2.9077882766723633,1
no_proximity,402,-0.735401943677243,-0.029811847292036453,1.1069,0.39370591749266104,0.41263844415492185,0.1525862216949463,3.8128092288970947,1
no_proximity,403,-0.40978265365352173,-0.0010236293334023872,1.2366,0.43254863596412285,0.3218527329441562,0.10212588310241699,2.006121873855591,1
no_proximity,404,0.18332233294474665,-0.2973654232194739,1.4506,0.8197870165456554,0.7137970803076851,0.15351438522338867,2.3056795597076416,1
no_proximity,405,1.097384213940354,0.16636704685304626,1.398,1.2214194115105392,2.5970478431080997,0.10119271278381348,7.013393402099609,1
no_proximity,406,0.0490375235463294,-0.6603644212665211,1.0848,1.5450690500399171,1.638827759587393,0.1011199951171875,3.5121257305145264,1
no_proximity,407,-0.5255495682471185,0.20506671998759485,1.0424,1.1217210094040904,1.559001245811584,0.10113191604614258,3.410181999206543,1
no_proximity,408,-0.6813872768002017,-0.12419033358125353,1.2577,0.40462357094008256,0.495081572134889,0.05104494094848633,2.8064780235290527,1
no_proximity,409,0.4448550379336662,0.3499482461250879,1.3165,1.3543092386785303,1.3544247365951607,0.0512385368347168,2.9093973636627197,1
no_proximity,410,-0.0815558548659513,-0.5335803976840064,1.1676,1.1640926784766517,1.4638294007343435,0.05096316337585449,3.2103965282440186,1
no_proximity,411,0.19719503221606915,0.41395374647320293,1.4092,1.1226402819478185,1.456495728210423,0.10092782974243164,3.1066558361053467,1
no_proximity,412,-0.6963553755460551,0.2947415577626141,1.3756,0.8470129834638853,0.9258455121607658,0.10125589370727539,2.7060532569885254,1
no_proximity,413,0.6769796697627048,0.2308152146988497,1.3364,1.5103992056620485,2.0195460821678552,0.10096144676208496,3.4084978103637695,1
no_proximity,414,-0.35151088643670947,-0.24817257613413274,1.1123,1.3396477678817846,2.314275651479475,0.10128235816955566,4.213041305541992,1
no_proximity,415,0.2246360410919297,-0.3232095971558756,1.0996,0.7038720135716313,0.590587602973627,0.10103487968444824,3.814493179321289,1
no_proximity,416,0.3173779687207434,-0.03445646634501198,1.0122,0.43136629876586935,0.3822460022525135,0.1022026538848877,2.0085837841033936,1
no_proximity,417,1.0934571853798056,0.4268578919417617,1.1224,0.965521963309311,1.3526611626532958,0.15312504768371582,3.310610294342041,1
no_proximity,418,-0.6423617993909864,0.3801758994668972,1.2376,1.8347491888803262,1.9582136666488885,0.10248327255249023,3.1098568439483643,1
no_proximity,419,0.8474883597929666,0.36434149976161156,1.4249,1.5762902359612372,1.827515563678201,0.1526963710784912,4.418805122375488,1
no_proximity,420,-0.7126179809924182,-0.18930523437666813,1.0364,1.9421225818151693,2.3030096759485836,0.1017000675201416,3.715078592300415,1
no_proximity,421,-0.1870303420021091,0.5974884159815231,1.2072,1.0064423723511664,1.099249640641908,0.10192394256591797,2.913151979446411,1
no_proximity,422,-0.6103360986256564,0.44140789864258345,1.3149,0.4495002851260384,0.4306593798567324,0.1544361114501953,3.1101486682891846,1
no_proximity,423,0.32859332262243734,0.30784866644071573,1.0972,0.9574228340016189,0.9612197699329462,0.05121207237243652,3.1077935695648193,1
no_proximity,424,-0.0828498789552754,-0.5418821347690697,1.3482,1.0649318065574709,1.7840504866719669,0.05104255676269531,3.9592337608337402,1
no_proximity,425,-0.8218408004261168,-0.5572815187012735,1.2472,0.6667807902409484,0.7274341414666685,0.10132288932800293,3.711343288421631,1
no_proximity,426,1.0412595234056818,-0.14874791517439856,1.122,2.0390399732655586,2.205148664832653,0.05090212821960449,3.107475757598877,1
no_proximity,427,-0.0018878331295721917,-0.5978167238243639,1.328,1.205241958481713,1.3765055256174967,0.05119943618774414,2.4085872173309326,1
no_proximity,428,0.35502332660749825,0.15037630095506282,1.0028,1.0897248618446649,1.2464770193818613,0.10115623474121094,3.0064103603363037,1
no_proximity,429,0.6744694635876478,-0.11123421774095399,1.3755,0.5595442445129812,1.9319940372966367,0.15134644508361816,4.310632705688477,1
no_proximity,430,-0.7584789281052013,0.21197840445165217,1.385,1.6500964426019815,2.686036877076975,0.05101728439331055,4.311970233917236,1
no_proximity,431,-0.5910617512619771,-0.5762170932335826,1.0533,1.049105833644058,1.487368747598342,0.1011052131652832,3.7095947265625,1
no_proximity,432,0.4988637792377695,-0.6574110693692938,1.2126,1.0885777921277138,1.121123740150996,0.10126209259033203,3.1127893924713135,1
no_proximity,433,0.7402890741609294,0.10231150812940903,1.0879,0.9305203195418512,1.008839334867955,0.20258283615112305,4.0169830322265625,1
no_proximity,434,0.17159618147289346,-0.15756143053462957,1.479,0.7698642664103008,0.7386487518118956,0.2027742862701416,3.121379852294922,1
no_proximity,435,0.018473173963861278,-0.4755886687582688,1.259,0.5219393462984213,0.7943596487797767,0.2021498680114746,2.70784854888916,1
no_proximity,436,0.7671801090135448,0.26498615889136656,1.0251,1.2655698028231621,1.7158577321923094,0.15236425399780273,4.115567207336426,1
no_proximity,437,-0.04818277560771267,-0.08163313565306529,1.1246,0.9523387221659718,1.109966769147709,0.10181760787963867,2.9102518558502197,1
no_proximity,438,0.6338944294280715,-0.5546112643283553,1.4242,0.9685918398111313,1.0330480580781003,0.05092048645019531,2.5091915130615234,1
no_proximity,439,-0.8489766246558035,-0.41158919725822996,1.2282,1.4403189352692243,1.5052589481863845,0.15188169479370117,5.912610292434692,1
no_proximity,440,1.028880909044288,-0.07268854364517796,1.4007,1.9161221327028444,2.339038678761321,0.15135836601257324,5.210646629333496,1
no_proximity,441,0.027575877097842483,0.4171466316842324,1.3338,1.3322859916552452,2.720285333210616,0.4516317844390869,4.609688758850098,1
no_proximity,442,-0.5756035465765232,-0.2968952764530576,1.4939,0.9826174079158753,1.8075925440350946,0.10137057304382324,6.0128819942474365,1
no_proximity,443,-0.12798941884108517,-0.2009895932447714,1.2977,0.735825395568096,0.531257186606612,0.051241159439086914,3.009565591812134,1
no_proximity,444,0.8951118534795446,0.5696298592563976,1.475,1.4270892385313614,1.8181960850679244,0.05101418495178223,3.1067166328430176,1
no_proximity,445,0.49088298746352654,-0.14173330754789149,1.4457,1.0320800874241813,3.8286254537998525,0.20124459266662598,6.619495868682861,1
no_proximity,446,-0.7968389763566719,0.4960209771940721,1.3063,1.6303703070125444,3.1866700574029294,0.10210633277893066,4.715376377105713,1
no_proximity,447,0.4338394738118614,0.486891775730781,1.3596,1.3103247318722147,1.266635942984757,0.10233902931213379,3.1141316890716553,1
no_proximity,448,-0.7408956556087125,-0.030707377847289496,1.2524,1.3497454889511613,1.4550426074083553,0.10245156288146973,3.108978509902954,1
no_proximity,449,0.1422238470507209,0.19163296863227752,1.4153,1.0541543342824304,1.8872526626953676,0.10199856758117676,3.8150787353515625,1
no_proximity,450,0.5467529551402361,-0.6439561223378227,1.2739,0.9124698348637187,3.100465944562368,0.10149431228637695,5.211211442947388,1
no_proximity,451,1.0227857714295696,0.2703364858966756,1.4486,1.1752068380801877,3.1965941425682125,0.05087542533874512,5.112279891967773,1
no_proximity,452,-0.17988819864372618,0.32137395184294404,1.3718,1.412476870057355,1.2164734157979635,0.051025390625,3.1087934970855713,1
no_proximity,453,-0.5279152973678448,-0.6078043772937921,1.2373,1.1767936339119829,2.5154088584369783,0.05111837387084961,4.609255075454712,1
no_proximity,454,-0.347677979059842,-0.7142216235435258,1.1296,0.34387878283618106,0.28781895600185137,0.10111594200134277,1.9044179916381836,1
no_proximity,455,-0.287428451039753,0.3139126051295956,1.1236,1.1260593114893378,1.519771397729117,0.10123229026794434,3.3070051670074463,1
no_proximity,456,-0.4653278463284098,-0.5762150614489756,1.3188,0.9820571957143169,1.2617985364862987,0.05102419853210449,2.809783458709717,1
no_proximity,457,0.403218230518521,-0.01436486891565636,1.3829,1.1867093879834083,1.5501380358911767,0.05112028121948242,3.0096092224121094,1
no_proximity,458,0.7100515278593669,-0.3406625215728744,1.2606,0.3916073213790747,0.48072116309830837,0.10115218162536621,2.609485626220703,1
no_proximity,459,0.28136170856676257,0.28485254853617714,1.3134,0.9209895233746062,1.8243912006979464,0.0512080192565918,4.011664152145386,1
no_proximity,460,-0.6191142307021915,-0.27822044676355917,1.1373,1.0770722897044578,1.164921423172912,0.15173912048339844,4.015182733535767,1
no_proximity,461,-0.13536495875404864,-0.1493263628346746,1.0387,0.6586472962792445,0.848378271153981,0.1521618366241455,2.809725284576416,1
no_proximity,462,0.9961763104100105,-0.41228821394213816,1.1429,1.115443371990148,2.198761042610711,0.35318517684936523,6.717536211013794,1
no_proximity,463,0.884885152214772,0.1443440565882531,1.1359,0.5676543148989998,1.006988454787325,0.2037038803100586,6.217125654220581,1
no_proximity,464,0.8342353327923302,0.42011070136044204,1.1599,0.35078445999580027,1.1951683801970667,0.7529392242431641,8.230690717697144,1
no_proximity,465,0.6234931027751236,-0.11021873074533162,1.2701,0.5814094930748006,1.245652548792898,0.3517284393310547,5.611186981201172,1
no_proximity,466,0.6659188389624542,0.15856636497379228,1.0692,0.49105727876207456,0.41961808527728395,0.10125184059143066,2.705889940261841,1
no_proximity,467,1.0786154237375754,0.5449712033670414,1.1156,0.5000511045196183,0.7812470669597538,0.20163917541503906,4.51174783706665,1
no_proximity,468,-0.6119135710130583,0.25449639631979604,1.347,1.7300675214510508,3.749687984543558,1.4030392169952393,6.613196611404419,1
no_proximity,469,0.12960003743052506,0.4121259604873889,1.3532,0.8734495737140215,0.7876987221043518,0.10127568244934082,3.1100587844848633,1
no_proximity,470,0.29706912248928785,-0.04451260853703132,1.0321,0.7613096066221903,0.6747389835592417,0.051065683364868164,1.703927755355835,1
no_proximity,471,0.49237066866327983,0.4569456863927498,1.2038,0.5587910775888217,0.7129864536338322,0.10114264488220215,3.1106793880462646,1
no_proximity,472,-0.5557380195200363,-0.10882003014720865,1.2713,1.2244229830441147,1.3670713880733885,0.05132436752319336,4.416785717010498,1
no_proximity,473,0.5668471193539755,0.6197468731540255,1.2079,1.4807495360742489,1.5502701949520845,0.15376782417297363,3.2121522426605225,1
no_proximity,474,0.7127406599617341,-0.46265503801989294,1.1034,1.2330299910847644,1.7263262012199587,0.15375709533691406,3.409714698791504,1
no_proximity,475,0.34788316241567485,-0.48465401463841823,1.2101,0.30548026458641264,0.39089140924439086,0.10240864753723145,1.9061024188995361,1
no_proximity,476,0.22547695100965703,-0.7358145109920379,1.4524,0.1807242071030737,0.39271809578483435,0.10462784767150879,2.3129525184631348,1
no_proximity,477,0.6050443573733022,-0.4647917103329638,1.292,0.6441604691598124,0.6416480220923328,0.10192608833312988,2.314185857772827,1
no_proximity,478,-0.22502153641792721,-0.538427818843221,1.3478,0.898569429731807,1.2521288766286354,0.10196781158447266,2.8075268268585205,1
no_proximity,479,1.1017346571772042,-0.2369427050835904,1.4284,1.4986837588834676,1.6945945229612525,0.10191631317138672,3.413951873779297,1
no_proximity,480,0.8834400368817776,0.07184291517264152,1.3828,0.6254200866340198,0.7960705350310073,0.10167574882507324,5.411523103713989,1
no_proximity,481,0.5057151663566712,-0.7385781058077211,1.1902,1.0097444699769078,1.263348014102102,0.051049232482910156,4.909670829772949,1
no_proximity,482,0.701099110591181,-0.6152308608830164,1.0029,0.4351729523663249,0.3138785774954492,0.05101776123046875,1.8040907382965088,1
no_proximity,483,0.40008919234416074,-0.6538911611804015,1.1759,0.29431620228851585,0.34137570879604284,0.05092787742614746,1.9093220233917236,1
no_proximity,484,0.23822830713285081,0.08619205390352902,1.3767,0.8714794439551974,0.9455568508836857,0.10115694999694824,2.505725860595703,1
no_proximity,485,-0.3382153327058792,0.3906178895874054,1.4267,0.8197249144580467,2.927582440500785,0.05114483833312988,4.810009717941284,1
no_proximity,486,-0.7569520582384333,-0.28375655011161244,1.4767,0.8626185631366654,1.081303668763487,0.1011502742767334,7.614644527435303,1
no_proximity,487,0.6900348599807096,-0.03227231644922868,1.2095,1.7009684942345422,2.2162710391063283,0.10109210014343262,3.6085097789764404,1
no_proximity,488,-0.22252196234634447,-0.14665739087709528,1.3738,1.0497677052004193,0.9236247783957867,0.05121564865112305,3.1100943088531494,1
no_proximity,489,0.31268253283433034,0.26780111896464687,1.2731,0.679212079592775,2.705791667447075,0.5016942024230957,9.82343077659607,1
no_proximity,490,0.4005642254787496,-0.16420517477394503,1.3016,0.5232189922545003,5.395042559892245,6.027472496032715,12.131351947784424,1
no_proximity,491,-0.6384576695898463,-0.17979068155729994,1.1103,1.2016485545600046,1.1725379862084992,0.10165667533874512,2.8085570335388184,1
no_proximity,492,0.2604508415722837,0.06459510182466044,1.1097,0.9417209896798809,1.042046396631077,0.15140581130981445,5.010226249694824,1
no_proximity,493,-0.20999862571349048,-0.7070057224769429,1.2179,0.9453566773880994,1.2222348921601673,0.0512540340423584,2.8094422817230225,1
no_proximity,494,-0.33177365463388575,-0.0311597751878675,1.0145,0.8525741477283796,0.9124780019870915,0.10115170478820801,2.506956100463867,1
no_proximity,495,-0.35907382392803644,-0.15265153929670316,1.1681,0.1400155228755299,0.21848351624545675,0.1014256477355957,1.5037202835083008,1
no_proximity,496,-0.5041469898286783,0.3598319076593063,1.3396,0.6437905738319675,2.1608429756773213,0.10114765167236328,4.310997486114502,1
no_proximity,497,-0.6084426946715995,-0.6322535200977107,1.2022,1.1171841869534724,1.3564404860685129,0.10133099555969238,2.8092708587646484,1
no_proximity,498,-0.007161907416714075,0.2593443061683932,1.0825,1.217376772116968,1.3076962204514024,0.10133981704711914,2.906919479370117,1
no_proximity,499,0.336466246264685,-0.5570234909504601,1.2337,0.9782308792639387,1.20517839980826,0.05113577842712402,2.8083488941192627,1
no_proximity,500,1.0230101789874138,-0.6482516855262773,1.0638,0.8231949761464216,0.8541685497207581,0.10109114646911621,3.71382737159729,1
no_proximity,501,-0.3542993348354344,-0.4036511300750722,1.3111,1.4206198638606542,1.6381385900645238,0.1544501781463623,3.7147936820983887,1
no_proximity,502,-0.3339956428130534,0.30041321256228215,1.0135,0.8894712035728505,1.1142293917350645,0.3564448356628418,3.335468292236328,1
no_proximity,503,-0.7434442757073885,-0.07307717989276985,1.197,0.6244518151952368,0.7846663401268722,0.15450453758239746,2.514925479888916,1
no_proximity,504,0.9235590325286225,-0.5516768600844242,1.2822,1.8808180071402838,2.0111450591248867,0.10217761993408203,3.113065242767334,1
no_proximity,505,-0.18456552735497378,0.4933710169743125,1.0136,1.6831147766299737,3.2672460493963693,2.056483030319214,10.121401071548462,1
no_proximity,506,1.036447768611257,0.026671084076570928,1.3214,1.181967245374576,5.929180593604671,1.1537144184112549,9.920198202133179,1
no_proximity,507,-0.04295164159501208,-0.3855431952181417,1.0678,1.3559438373328045,1.3351669205851597,0.10114884376525879,2.9093189239501953,1
no_proximity,508,-0.36455741623550086,0.15583590242537837,1.2308,0.7343423891968098,1.4096361558860833,0.1013033390045166,3.509958267211914,1
no_proximity,509,0.046514188616282315,0.5925353229137321,1.0251,0.7182695993222055,0.7555902291517651,0.051006317138671875,2.104713201522827,1
no_proximity,510,-0.646862154352116,-0.5351868573181999,1.1896,1.3923921902190042,1.7957775836580216,0.050971031188964844,3.612170934677124,1
no_proximity,511,0.8129210266411351,0.028120111100189304,1.1058,1.6923092314311,1.9791976321754439,0.10138487815856934,3.8127753734588623,1
no_proximity,512,0.83179687221858,0.2501468526084567,1.1634,0.2792806350331358,0.32654803314446235,0.20141100883483887,3.708423376083374,1
no_proximity,513,0.2042927467731246,-0.6307093749439266,1.3806,1.1029083224513738,1.3333732312055402,0.10145163536071777,3.2113196849823,1
no_proximity,514,-0.5444348613963874,0.556389253978388,1.1896,1.4167043488749755,1.6923446038024874,0.15210843086242676,4.81937575340271,1
no_proximity,515,0.04326980190320351,-0.17723414586288522,1.376,1.0552409111143952,1.0140799904281477,0.15270638465881348,3.1109583377838135,1
no_proximity,516,-0.7495747041421027,-0.0388213605895642,1.416,0.6455570638075661,0.8234850920933322,0.15668535232543945,2.816962242126465,1
no_proximity,517,-0.77002206328744,0.33734624595366147,1.1261,0.5608887828405847,0.5600017460578288,0.10165047645568848,1.9067721366882324,1
no_proximity,518,-0.5465520074971895,-0.2892845008665623,1.041,0.8055065163018489,0.8335493053198605,0.10199213027954102,2.4063186645507812,1
no_proximity,519,-0.46692531463328774,0.4631385273809042,1.0097,0.8104208936257797,1.1144780530211547,0.15194034576416016,3.2135517597198486,1
no_proximity,520,-0.39970590904178915,-0.12299714109532234,1.2697,0.6863464121849808,0.8645997537557956,0.10179734230041504,4.111924409866333,1
no_proximity,521,-0.8191541711309405,-0.6534088916080839,1.5,0.6158556291707603,0.8398217944438277,0.05115914344787598,2.505693197250366,1
no_proximity,522,0.19470696354227957,-0.05900561396088522,1.175,1.4116935588625406,1.5675250098775928,0.0509493350982666,3.7106869220733643,1
no_proximity,523,0.7564084643096469,-0.2203029096846093,1.3251,0.4592435863244207,0.6333284311533928,0.10110282897949219,2.9085168838500977,1
no_proximity,524,-0.46913487800892023,-0.023945086738425436,1.3906,1.3915437311354013,2.091815066716142,0.10105466842651367,3.7117605209350586,1
no_proximity,525,0.27179005117645416,0.12891624171411742,1.3259,0.9363327371309802,0.7948526630020633,0.051154136657714844,3.0104057788848877,1
no_proximity,526,0.9407085155827597,-0.010618336403803608,1.3771,0.856474677907435,2.1081886177873,0.10107016563415527,4.410322666168213,1
no_proximity,527,0.6992439965686201,-0.3077694557092183,1.4748,0.47980300224411593,0.4731190709687596,0.051088571548461914,2.8061132431030273,1
no_proximity,528,-0.3241753060171827,0.6083585035107152,1.0997,1.644228200908663,3.1005554953936194,0.10098838806152344,4.812734127044678,1
no_proximity,529,-0.5078663686302323,0.48534186155081416,1.0102,0.34174058113339933,0.24253666443626928,0.051213979721069336,1.4051105976104736,1
no_proximity,530,-0.0002789847939322909,0.10241948644590804,1.0762,0.7010964843081465,0.6099922413949915,0.15253686904907227,3.0091121196746826,1
no_proximity,531,0.7197422072451227,-0.04884589310569898,1.0631,0.8173377805960198,1.2966447989435705,0.15321731567382812,4.316579341888428,1
no_proximity,532,1.0775066523303387,0.1747220783561837,1.3347,0.44951676824667536,3.116596158197069,3.11673641204834,6.422891855239868,1
no_proximity,533,0.8749808169598043,-0.15562916879707478,1.282,0.5339178393659364,3.7120180929326083,0.20183324813842773,6.414288282394409,1
no_proximity,534,0.23643576497127428,-0.01835291920344262,1.109,0.86289503690026,0.7153742216247436,0.05118918418884277,2.305704116821289,1
no_proximity,535,-0.7156161492375155,0.262076177727658,1.3497,1.1184530064989917,2.282638147071317,0.05170631408691406,4.310452461242676,1
no_proximity,536,0.7503838844738024,5.061935013805918e-05,1.3834,1.6361904096081248,2.8335859351783683,0.10117435455322266,4.510530710220337,1
no_proximity,537,0.06085477568483855,0.38592909745418813,1.0839,1.0780397019287942,2.5942793447048267,0.05123567581176758,4.9117162227630615,1
no_proximity,538,0.10652907045009441,0.39501447284873803,1.3036,0.1648227821667025,0.246111419969631,0.10103034973144531,2.209562063217163,1
no_proximity,539,0.5382117882956075,0.39189406426090445,1.374,0.5256626495141107,0.45549219941427277,0.05105257034301758,1.8042912483215332,1
no_proximity,540,-0.5916115162937101,-0.264928500486103,1.0573,1.4451225902990394,1.5484879197805193,0.05087733268737793,3.1090667247772217,1
no_proximity,541,0.417574513235478,0.11015585171536446,1.4097,1.2008811135264308,1.1646465488759905,0.10105705261230469,3.1092333793640137,1
no_proximity,542,0.061091165783162205,0.6022901848328225,1.4824,0.4138483715811085,0.6799300118400694,0.10153532028198242,3.609006404876709,1
no_proximity,543,0.46718392803351017,-0.2963070827968456,1.054,1.2230553655027037,1.7576051081830018,0.051065921783447266,3.7143383026123047,1
no_proximity,544,-0.5263849915172485,0.4327829937365505,1.0128,1.1851922301002453,1.2799075946249068,0.10160326957702637,3.117652654647827,1
no_proximity,545,-0.31947479268335854,0.14031974442066442,1.156,0.44003452017543654,0.3603432693766834,0.15221238136291504,4.016355276107788,1
no_proximity,546,-0.2678742387870786,-0.4508266268661139,1.3387,0.6808626191535091,0.7922181755782838,0.10191512107849121,3.2093143463134766,1
no_proximity,547,0.421568650833003,0.5462308205482153,1.4791,1.3510617746240323,1.7406393299194376,0.10190773010253906,3.109015703201294,1
no_proximity,548,0.6897026343280379,0.1706892573760176,1.1983,0.7660510187280233,3.308777632187735,0.10334539413452148,5.7169904708862305,1
no_proximity,549,0.45639144219736316,0.02704542696712453,1.3575,0.4064858306248402,0.3424458975955583,0.10267114639282227,3.3091094493865967,1
no_proximity,550,0.039430093522217935,0.4449103994841487,1.038,0.9017740974807622,2.5788120526295204,0.5551784038543701,10.221318483352661,1
no_proximity,551,1.0630182511081268,-0.5908699047696422,1.3453,1.560230537399684,3.2256731631213826,0.2513265609741211,6.913486957550049,1
no_proximity,552,0.593489967360056,0.5184371827216331,1.3136,1.2829971645562348,1.432181191370549,0.10163617134094238,4.211785316467285,1
no_proximity,553,-0.2938234672245187,0.5083982020987395,1.051,1.0899537367909602,0.9290888253534205,0.10101771354675293,32.66357064247131,0
no_proximity,554,-0.8373110067998992,0.5799014306197118,1.3862,0.5905983038549102,0.8970098882116716,0.05099987983703613,2.710228681564331,1
no_proximity,555,0.7708602257502346,-0.3561898733778862,1.4251,1.9269271102489651,2.738574366869608,0.10095667839050293,5.110125780105591,1
no_proximity,556,0.5217056073272972,-8.029308989310202e-05,1.3002,0.6536422621814294,0.46503281192801255,0.10148739814758301,1.7051725387573242,1
no_proximity,557,-0.8484152000983621,-0.09891281545176889,1.0605,1.5424745930302883,2.377882120831198,0.10109901428222656,4.012800693511963,1
no_proximity,558,-0.2838746651215207,-0.330911140789403,1.4919,0.6789484300553374,0.7693600742300992,0.051125288009643555,3.3114750385284424,1
no_proximity,559,0.9165378804705187,0.4280105634134833,1.3913,1.5026637380559424,2.51707333201253,0.10125851631164551,6.023502588272095,1
no_proximity,560,0.8955435513127907,-0.4883563333275463,1.1736,1.0967471534309923,1.5810049248404938,0.3596818447113037,4.326586484909058,1
no_proximity,561,0.701854148383777,-0.6953630535178119,1.2142,0.43429057989624614,0.3327076554524096,0.15275788307189941,2.0072073936462402,1
no_proximity,562,0.8229896579860032,-0.02653362325410802,1.1853,0.8081888194858409,0.8122426355783335,0.2033853530883789,3.2112488746643066,1
no_proximity,563,0.31417540320723125,-0.5850820620401551,1.253,0.8450995824819442,0.811637402472864,0.10191559791564941,2.4070820808410645,1
no_proximity,564,0.45335492114327147,0.3964400622612222,1.1706,1.1015483750285402,1.1786890916062784,0.10187292098999023,3.3116767406463623,1
no_proximity,565,0.15257866917849183,-0.15159273821895947,1.4248,0.6826266002051669,5.1316084289191854,0.8032703399658203,8.916576862335205,1
no_proximity,566,0.6608294776571699,0.08404279421479088,1.4112,0.5069126939959402,0.6106564843868545,0.10113334655761719,2.3110482692718506,1
no_proximity,567,0.3302515450205705,0.12441657794839256,1.0528,0.6772896910836234,2.367597910585214,0.10129594802856445,4.608893156051636,1
no_proximity,568,-0.402406865681134,-0.03901216965208354,1.4804,0.7537387212346152,2.367419008304959,0.3013620376586914,5.511378049850464,1
no_proximity,569,0.09355613000734608,0.15315613261547922,1.3178,0.5504606341868921,0.9664410515675802,0.15124154090881348,4.7107298374176025,1
no_proximity,570,0.6008031418619415,-0.04739043425359135,1.4144,0.7145243513216696,2.0413455448551248,0.10160708427429199,4.317592144012451,1
no_proximity,571,-0.36879588677145925,-0.24581384993613936,1.3537,1.1769307269358966,1.0523910796896547,0.10497307777404785,3.1142024993896484,1
no_proximity,572,-0.5954722386493243,-0.36265714109474584,1.2177,0.4430526236339337,0.9063186939561979,0.152207612991333,3.3133292198181152,1
no_proximity,573,0.08240537717814755,-0.47356174269744805,1.3669,0.8127549952083477,0.7015778340165474,0.10239028930664062,2.506371259689331,1
no_proximity,574,-0.46274070953503815,-0.033229208515224706,1.4827,0.6636646538383867,1.213107673647227,0.5626604557037354,5.1191675662994385,1
no_proximity,575,-0.4388056203601179,-0.6925448479238717,1.135,0.8025993984038949,0.719509921143642,0.10131168365478516,2.505277156829834,1
no_proximity,576,0.717724816927189,0.042994835989419444,1.4041,1.2694581448535136,1.3274444059321773,0.10109424591064453,3.009244918823242,1
no_proximity,577,0.973735871915842,-0.19750133334009856,1.2691,0.491998216545486,0.3480561699765877,0.1012115478515625,3.2097935676574707,1
no_proximity,578,-0.647372304129376,-0.26866340179047504,1.2417,1.5449697213215765,1.6662754763511023,0.10173916816711426,3.5095746517181396,1
no_proximity,579,0.10520932223411517,0.22190354452750682,1.2178,0.8184661897550299,0.850340594193375,0.10131049156188965,3.213566541671753,1
no_proximity,580,-0.32848211642031233,-0.20085247212883384,1.3655,0.6367300773595602,0.5910688110820915,0.050948381423950195,2.208308458328247,1
no_proximity,581,0.9258850070670919,0.23808085349746078,1.1342,1.2978846080490356,2.1770696161222243,0.5018892288208008,10.61994457244873,1
no_proximity,582,0.759752541526606,0.569253142780375,1.4259,0.37475416684453194,0.47061468199999473,0.15156078338623047,3.21401047706604,1
no_proximity,583,0.3883475157035128,-0.6727399858985535,1.4154,1.367622176501708,1.7781322248630513,0.4538116455078125,6.624921560287476,1
no_proximity,584,0.3237225877456864,0.2003745411388418,1.0433,1.1467124218124405,1.11247598615185,0.1019744873046875,2.512634754180908,1
no_proximity,585,0.031260760749884264,-0.23592114810050058,1.4408,0.6037531000622917,0.6980140608124153,0.15198588371276855,2.006110906600952,1
no_proximity,586,0.6158348907562847,-0.645435468931307,1.1219,0.9326996286454484,0.8179699149545125,0.15247511863708496,3.1153178215026855,1
no_proximity,587,0.9935003604287094,0.17561881659728396,1.2324,0.9688919065825486,1.065525536580536,0.15184497833251953,2.507128953933716,1
no_proximity,588,0.30363568817532327,-0.7290797531458806,1.3052,1.2060191546227004,1.5244640422459306,0.5547182559967041,5.513564586639404,1
no_proximity,589,0.34112061425943163,0.4574618674227583,1.1895,1.3187762334026694,1.5039080950510257,0.050978660583496094,4.814375400543213,1
no_proximity,590,0.9156624550405383,-0.6517061578551653,1.0143,1.3798043769094064,1.521565371606933,0.10130190849304199,3.1100404262542725,1
no_proximity,591,-0.8497974975313481,-0.16312492658462396,1.4255,1.9074628011064336,3.5209170264375884,1.7064738273620605,13.825790882110596,1
no_proximity,592,0.27101017550787976,-0.6829025146475063,1.0909,1.434987708734896,1.446297215658877,0.10117554664611816,2.2089998722076416,1
no_proximity,593,-0.19284230601179142,0.25888437189294156,1.1061,1.1068803924463766,1.460696788193861,0.10142040252685547,3.3117687702178955,1
no_proximity,594,0.4995207824584045,-0.15227469966593643,1.3989,0.9244809975563242,2.349497008664631,0.10125517845153809,5.217819452285767,1
no_proximity,595,-0.26588664542158247,0.34106560973117006,1.1702,1.1494130237772437,2.4965454822703967,0.20273494720458984,4.517003059387207,1
no_proximity,596,0.7570411446105278,0.4352906519466039,1.4402,1.1114383845946272,1.4682033249286117,0.10208296775817871,2.813516616821289,1
no_proximity,597,-0.2410059660875028,0.05694107782031255,1.3506,1.2702702570768658,1.6724054194246478,0.10195636749267578,3.2141900062561035,1
no_proximity,598,0.5254711797600604,0.20286849540819618,1.1381,0.9992639814137725,0.9295852209692431,0.1539900302886963,3.11253023147583,1
no_proximity,599,-0.0196908511679047,-0.5470756460314574,1.0051,1.024963425430274,1.2226207472819333,0.1016852855682373,3.112058162689209,1
no_proximity,600,-0.5668607810033723,-0.7080347778894983,1.474,0.6158177087485218,0.7543452370717023,0.10096406936645508,3.2094593048095703,1
no_proximity,601,-0.19792254183587987,-0.6444678647233275,1.0428,0.6955291525964885,0.5783358518861934,0.10124492645263672,2.6091437339782715,1
no_proximity,602,0.4690531079547886,0.08934068874799661,1.36,1.0843365562113587,1.4408670423063195,0.10133624076843262,4.108510971069336,1
no_proximity,603,1.085287284920383,-0.11920177247653807,1.2443,0.5470490938376872,0.651057187869891,0.051157236099243164,2.5082201957702637,1
no_proximity,604,0.08943878472492639,-0.7051645468993544,1.3791,1.2365451299047117,1.3398849079656012,0.10502362251281738,2.3091046810150146,1
no_proximity,605,-0.11150229486214391,-0.6894194787220714,1.3453,0.29964267920415383,0.2927872048321793,0.05098676681518555,3.6083908081054688,1
no_proximity,606,-0.5558305759299493,-0.7109142196450725,1.323,0.40455830364459844,0.41890719785488,0.1017615795135498,2.3052356243133545,1
no_proximity,607,-0.29971686195019875,0.4937142934646447,1.2454,1.3838668411505408,1.8767944799672205,0.10108351707458496,3.4076015949249268,1
no_proximity,608,-0.2507179661580867,0.477666645752128,1.3965,0.17874220639787097,0.1745550879923577,0.051125526428222656,1.8043873310089111,1
no_proximity,609,1.0773140894831401,-0.34673092843704334,1.0465,1.774989409002103,2.450610742919634,0.051323652267456055,4.018491268157959,1
no_proximity,610,-0.10891540481141992,-0.27530811875430916,1.1108,1.2198122535970637,1.2976557674131106,0.1573793888092041,2.918654680252075,1
no_proximity,611,0.22445616397957813,0.0013024122513455305,1.3459,0.5603276053328963,0.9081920400947723,0.20324420928955078,3.2169787883758545,1
no_proximity,612,-4.524368077551966e-05,-0.32759411539104755,1.1531,0.5792488311863003,1.1298842822437107,0.10204887390136719,3.5105361938476562,1
no_proximity,613,-0.7587424920815327,-0.27247647708110384,1.2908,0.644080594139986,0.8261203610504103,0.10184454917907715,4.816469192504883,1
no_proximity,614,0.232378893627587,-0.26584134837208256,1.2366,1.1826924403472574,1.3133897387849434,0.10161185264587402,2.8068971633911133,1
no_proximity,615,0.007094710918766123,0.11744595763254173,1.2655,0.6157251686525061,0.5428220203944054,0.10130167007446289,2.2088568210601807,1
no_proximity,616,1.0968075067992018,0.4665524831926259,1.2128,1.0122752258178724,3.2785054473830555,0.5020325183868408,7.917525053024292,1
no_proximity,617,0.3571490710123255,-0.46639716385197666,1.373,1.2625056039240912,1.5108568862326313,0.10126662254333496,5.410855531692505,1
no_proximity,618,0.06953224629889043,0.0031157783578292797,1.1654,0.7700208633908598,0.5984634742971765,0.10138273239135742,2.3087716102600098,1
no_proximity,619,0.9295390388776137,0.2492248055164148,1.3514,0.8553210806595426,0.8946629761647846,0.10145902633666992,2.7067601680755615,1
no_proximity,620,-0.6140470545418966,0.34316045733369205,1.1355,1.6639726278649616,1.9303361139418889,0.10155272483825684,3.909034013748169,1
no_proximity,621,-0.32642867972581047,0.4621224583189917,1.1257,0.4968247736958193,0.7089001924835308,0.10133004188537598,3.211951494216919,1
no_proximity,622,0.04402304923960998,0.6048766575955294,1.0603,0.536468517803965,0.4042815924461966,0.20706725120544434,3.0143399238586426,1
no_proximity,623,0.2938658768642759,-0.227296706518467,1.0963,0.9955390846609209,1.066370744695126,0.15245389938354492,4.019562005996704,1
no_proximity,624,0.6368840153105959,-0.21189334362515966,1.0598,0.4638103895838051,0.34298364878247795,0.20227289199829102,4.515657663345337,1
no_proximity,625,0.2711670359400662,0.4463029980881349,1.2679,0.8101986034069704,1.6666416391299395,0.10161900520324707,3.9094181060791016,1
no_proximity,626,0.7671425036146926,0.30746118985558224,1.3811,0.5958918406985249,0.9979319407179212,0.1015005111694336,3.10982084274292,1
no_proximity,627,-0.4756595102227057,-0.5928709750345802,1.0926,1.6683905586501449,1.6001330351348573,0.1531822681427002,3.7077858448028564,1
no_proximity,628,0.8056922690383939,0.4841059419385002,1.1082,1.7122333971596024,1.8874816601393773,0.10151028633117676,3.1070616245269775,1
no_proximity,629,0.015568367742194722,-0.0416657601081849,1.2421,1.0362473440687865,0.9965880931555647,0.10116934776306152,2.927203893661499,1
no_proximity,630,-0.8351119008402077,-0.08781707453131926,1.3623,0.9029267695652277,3.77707260850282,0.9528152942657471,7.415496826171875,1
no_proximity,631,0.499599279306548,-0.5582861321932405,1.4883,1.5726437714336527,1.50868730774878,0.10120749473571777,3.7093136310577393,1
no_proximity,632,0.7213945456207789,-0.35998393530240413,1.2623,0.6038216982547949,0.7457927210736939,0.05131864547729492,3.112001895904541,1
no_proximity,633,-0.8554329689051047,0.6280058557070382,1.1415,2.013293357283899,4.840782505412242,0.8533792495727539,9.439667224884033,1
no_proximity,634,-0.28906435644184514,-0.7233308084854596,1.0503,1.6136960147377823,3.146323415208057,0.15263724327087402,4.7144482135772705,1
no_proximity,635,0.5946236935318749,-0.5467237052486478,1.0971,0.9393106232250943,0.9305213017202024,0.10211467742919922,2.3056018352508545,1
no_proximity,636,0.4322273020580487,0.30964329166113547,1.1137,0.9836410504202229,1.04638776905903,0.051077842712402344,3.2084929943084717,1
no_proximity,637,-0.6973854569120961,-0.07299938951725227,1.0897,1.341160955289634,2.6039541446034713,0.05105161666870117,4.411015272140503,1
no_proximity,638,-0.06611493855300599,-0.652302474151308,1.0071,0.9839059384427298,1.121328311788882,0.051007747650146484,3.5092411041259766,1
no_proximity,639,0.7289221862382782,0.559123347675183,1.2671,1.5058890503431743,1.8821285694212033,0.10114598274230957,3.7098257541656494,1
no_proximity,640,0.16274681988542894,-0.33139675849137723,1.1372,1.1983689989245745,1.134783760530041,0.05092263221740723,2.608590841293335,1
no_proximity,641,0.7017298091806639,0.2285368197644434,1.4871,0.7431311276527864,0.8186018073553303,0.2512035369873047,3.716684103012085,1
no_proximity,642,-0.0745051538221132,-0.3372708611781259,1.2767,0.9842414511143388,0.987846708508647,0.25319576263427734,2.90596604347229,1
no_proximity,643,0.7195027972144252,0.5337593456901674,1.3487,1.1810764874979596,1.3605999811195526,0.1511077880859375,3.70959210395813,1
no_proximity,644,-0.2357955201266979,-0.08837558076363028,1.0631,1.327918241472095,1.1518350465672433,0.15528011322021484,3.1097288131713867,1
no_proximity,645,1.0673405702764713,0.08619951396360237,1.4342,1.2410563836221615,1.2907613603173222,0.10228562355041504,3.809974431991577,1
no_proximity,646,-0.6293712152816018,0.4780175762846578,1.2454,1.7507953442293227,1.796653846453912,0.1021108627319336,4.81804347038269,1
no_proximity,647,0.288184010714875,0.11545302747263908,1.4364,1.0037077860830184,5.465543527397509,1.206648588180542,11.52294135093689,1
no_proximity,648,-0.39349140961462037,0.2379709170640545,1.287,0.8848315221127011,2.8396687842125052,0.10103487968444824,4.910346984863281,1
no_proximity,649,0.22205691740243627,-0.02828656796502782,1.2347,0.8254454651810176,0.6716921177019577,0.05100560188293457,2.308023691177368,1
no_proximity,650,-0.3350666079546122,-0.060540489048141355,1.2202,0.4438404623579291,0.519946158698589,0.10135531425476074,3.7109127044677734,1
no_proximity,651,0.37478335523942197,-0.6683477841533301,1.0922,0.9442349263143959,1.3212342155285226,0.10137462615966797,3.409546136856079,1
no_proximity,652,-0.8727330384651101,-0.040708562688046235,1.0257,1.397076239367829,4.06908396492589,0.8021571636199951,8.718820333480835,1
no_proximity,653,0.5282273981372294,-0.6568644598915563,1.4705,1.602683700556627,1.9431195489621484,0.15199756622314453,3.4102423191070557,1
no_proximity,654,-0.38379509124182976,0.2750021731529463,1.2389,1.4399654361063765,3.836098468715422,0.1528148651123047,6.621986627578735,1
no_proximity,655,-0.159016372937552,-0.37147962450766187,1.4111,0.7271202097941846,8.506029758752845,3.9624414443969727,14.731575727462769,1
no_proximity,656,0.6906641590600464,0.48243232696994964,1.2004,1.4009418847202666,1.6807708195793571,0.10116791725158691,3.1073660850524902,1
no_proximity,657,-0.12515561704495182,0.5816437442574088,1.037,0.874542630868097,0.8553537462781053,0.05186176300048828,4.611149311065674,1
no_proximity,658,0.10573942818563264,-0.21037054130394084,1.3147,0.9182739277180799,1.015782791982728,0.05091381072998047,2.6090948581695557,1
no_proximity,659,-0.8643519995530874,-0.5136064560613489,1.0268,0.9603404848519996,0.0,0.050943613052368164,0.0,0
no_proximity,660,1.0417061551650382,0.302665923804576,1.0746,1.258349095273726,2.0031377247971447,0.10137343406677246,4.111686944961548,1
no_proximity,661,-0.2822605224766237,-0.5982285968273232,1.2814,1.7045030890724313,2.9376844981093195,0.10138177871704102,4.8093202114105225,1
no_proximity,662,-0.7774953234364869,-0.24829065985205573,1.1519,0.6709914352228706,0.7235668496221423,0.05152535438537598,1.9103004932403564,1
no_proximity,663,-0.015330852408945383,-0.11412074251113002,1.497,0.9268412911234984,0.8054145756525719,0.10120010375976562,2.910320997238159,1
no_proximity,664,-0.14003012663341596,-0.6710642022624129,1.0592,0.8126738527080895,0.8702408740155544,0.10132288932800293,2.308544397354126,1
no_proximity,665,0.756560535670151,0.4253781535387363,1.3822,1.5036929732339785,3.0659537365348504,0.10146832466125488,4.716442584991455,1
no_proximity,666,0.06306253585102972,0.4663353579041206,1.3032,0.8754506333721194,0.7254278046425897,0.10297012329101562,2.3192007541656494,1
no_proximity,667,0.3315647063048961,-0.33725576981630173,1.3954,0.9121341777612908,1.719000589977822,0.1525876522064209,4.022908449172974,1
no_proximity,668,0.5909001620182794,-0.30932802966915707,1.1128,0.6178454502783912,0.45933757698862115,0.10204553604125977,2.7080647945404053,1
no_proximity,669,0.5405760426661483,-0.469278212295571,1.2613,0.12653466351757994,0.2694923283118082,0.10243844985961914,2.005890369415283,1
no_proximity,670,-0.14404817226730493,-0.6631816578415994,1.2253,0.5924637468000408,0.6349190916066356,0.10181045532226562,3.112891435623169,1
no_proximity,671,-0.3426313147251605,0.40494983016977526,1.2214,1.2105001222354743,1.6705573698833043,0.10188508033752441,3.314089775085449,1
no_proximity,672,-0.20438112630365834,-0.7164438351192162,1.4301,1.23602719260018,1.553665668412979,0.10094714164733887,2.907864570617676,1
no_proximity,673,0.1038576063748392,-0.18750588727180983,1.495,0.7514589718861654,1.021523861365296,0.05128931999206543,2.7105987071990967,1
no_proximity,674,-0.8533309865246298,-0.10533325091088563,1.1527,1.2324003757420159,1.926485096720004,0.10146641731262207,3.709887981414795,1
no_proximity,675,0.46988877410364527,-0.31449905922220245,1.3105,1.462129170461567,1.3262896531360935,0.05126476287841797,3.1087546348571777,1
no_proximity,676,0.16020876645050341,0.5980429931856396,1.3048,1.014659024517473,1.5544510927557231,0.05105400085449219,3.4103896617889404,1
no_proximity,677,0.6534535757025641,0.3660317083393486,1.37,0.5834757995124259,0.4836900334281706,0.05099916458129883,2.506563186645508,1
no_proximity,678,-0.8382112158073415,-0.3399939687875041,1.4738,1.7499834656771682,2.037447548399436,1.103977918624878,6.113207817077637,1
no_proximity,679,-0.18307453434045307,-0.23223020879870215,1.1039,0.7627530674527082,0.8117290271625168,0.10098886489868164,2.405627965927124,1
no_proximity,680,0.40828122592637817,0.5955431658036748,1.1055,0.9422771047664058,0.8878996427801974,0.05241751670837402,2.71144700050354,1
no_proximity,681,0.9079471184655314,0.33311461987231217,1.3302,0.5183364036525675,0.5926360187324554,0.1023252010345459,3.1096949577331543,1
no_proximity,682,-0.08415350936417543,-0.3267937885831933,1.0785,1.168300804218221,1.7185026989657182,0.15121746063232422,4.3174121379852295,1
no_proximity,683,-0.3842315954735552,-0.07787810621818292,1.0869,0.48373771713972724,2.868943193158012,0.7044622898101807,5.419634103775024,1
no_proximity,684,-0.7583523011957277,0.5730031865577921,1.0375,0.6956160738740778,0.8729319364728267,0.1520087718963623,3.3086254596710205,1
no_proximity,685,1.0918119009002851,0.005118725267561297,1.0013,1.9249469129451326,0.0,0.10262823104858398,0.0,0
no_proximity,686,-0.14822075694596204,-0.4333261377587037,1.2253,1.2243996008693236,1.705097695453906,0.10216879844665527,3.8151237964630127,1
no_proximity,687,0.36062383758380534,0.3305362297967972,1.2969,1.0637974887556296,1.19212858683945,0.15173053741455078,2.8136863708496094,1
no_proximity,688,0.7346473120081394,0.13080176764296303,1.1456,0.6376430390895803,2.5597344774568094,0.10178065299987793,5.0117034912109375,1
no_proximity,689,-0.35786833114070526,-0.26870590552895474,1.1157,1.2878800537400577,1.3306796994786465,0.10115694999694824,2.709277391433716,1
no_proximity,690,0.05851674748903035,0.4800539227821242,1.3535,0.9641678563032583,1.7099777694000207,0.15103912353515625,4.0097105503082275,1
no_proximity,691,-0.5810453662390808,-0.7322256542793862,1.3515,1.4942745254448284,1.9385714547274864,0.05132317543029785,3.307208299636841,1
no_proximity,692,-0.6068672455116899,0.5732014823320027,1.227,1.441542365008128,1.905413874984036,0.10213160514831543,3.3104617595672607,1
no_proximity,693,0.11919627802863031,0.19079833717803818,1.3437,0.91263130672277,0.7606542241837231,0.10139060020446777,2.908907651901245,1
no_proximity,694,0.7264056029320753,-0.11142046806674344,1.462,0.8399298780169392,2.1519945618047784,0.05135607719421387,4.210057735443115,1
no_proximity,695,-0.7859903136815638,-0.5152598025271058,1.3939,1.7268410748157696,1.856277024870206,0.05083012580871582,3.1089494228363037,1
no_proximity,696,-0.7739415651965167,0.4161746384072059,1.3125,1.1382275760174143,1.491865177015397,0.10132741928100586,4.609808683395386,1
no_proximity,697,0.8192017148186501,-0.4105234229443796,1.3306,1.898218833854474,2.7510920214743155,0.10121417045593262,5.010603904724121,1
no_proximity,698,1.0127338841371516,0.6238817099092168,1.4668,1.1946853426911814,2.654858597500685,0.6043379306793213,8.620417356491089,1
no_proximity,699,0.25582784310199935,-0.3863895899160518,1.2126,1.2292624637230576,1.442047718027956,0.3024580478668213,4.817201375961304,1
no_proximity,700,-0.7281523440624563,0.11209964558409624,1.2723,1.0045375071170697,2.611497831554635,1.204664707183838,7.917459487915039,1
no_proximity,701,0.6979235204835756,0.5044529426531971,1.3238,1.5939650342805693,1.7058098947411824,0.05119824409484863,3.1099631786346436,1
no_proximity,702,0.16053300394595738,0.5998210655803261,1.4542,0.5950576153530751,0.6404794716573714,0.051395416259765625,1.9097485542297363,1
no_proximity,703,0.07221601101951647,0.2439870349611335,1.4133,0.5631981218513309,0.7119469866389074,0.05109071731567383,2.9104552268981934,1
no_proximity,704,0.4482021494703994,-0.5194505520070305,1.0357,0.9570506900342141,2.855071586979028,0.7021293640136719,5.110656499862671,1
no_proximity,705,0.11581120711023685,-0.7263703175496284,1.083,0.3217363778735841,0.3738442687401701,0.10127687454223633,3.4119112491607666,1
no_proximity,706,0.9627166436317918,-0.42879810482464153,1.1538,0.9472860823052538,0.9891592665820331,0.10133814811706543,4.615761756896973,1
no_proximity,707,-0.23545008049477467,0.42220983111243904,1.3745,1.5794806439944398,3.846075240668494,0.6018710136413574,10.020431756973267,1
no_proximity,708,-0.02331259440488853,-0.7029207447514066,1.2846,1.166082772708486,2.3699014985209845,1.70583176612854,5.510836362838745,1
no_proximity,709,-0.6381278000284636,-0.34607209393880634,1.1443,0.7387025952809321,3.472730065823348,0.4018549919128418,9.223432779312134,1
no_proximity,710,1.0956314405683147,-0.6812918751800238,1.0622,1.882901393771827,4.011027860935821,0.9538769721984863,11.527158498764038,1
no_proximity,711,-0.09514787489317056,0.2933600733788092,1.3443,1.4345990565465743,2.8441999773502658,0.90555739402771,8.41598105430603,1
no_proximity,712,0.2708569655279518,-0.2523155271211091,1.3499,0.8601679400838544,0.833064788962076,0.05098247528076172,2.405707597732544,1
no_proximity,713,0.24499472514803222,-0.25031319386482426,1.4713,0.15931748936159043,0.1463032703572865,0.10106468200683594,1.1045210361480713,1
no_proximity,714,-0.49326278155357534,0.5186605050920506,1.2502,1.0315010622975613,1.1706160110927004,0.1011195182800293,3.6085965633392334,1
no_proximity,715,-0.4352697841673163,-0.6895102303905329,1.2469,1.3405803621613157,1.8784763645209477,0.10138392448425293,3.4124138355255127,1
no_proximity,716,0.8449388426308926,-0.35487420577556533,1.0402,1.4334668495444094,1.4005019366431883,0.1014862060546875,4.410671234130859,1
no_proximity,717,-0.007630675878305571,0.054042058835830686,1.0199,1.0120234293082706,0.9134295399779144,0.05090045928955078,3.110247850418091,1
no_proximity,718,-0.31309279724180683,-0.2579087619411845,1.216,0.48928969706483294,0.5104323363725182,0.10147833824157715,2.6066370010375977,1
no_proximity,719,0.8960504068781925,-0.1666784563026511,1.1612,1.1344024407294218,1.1560029732363621,0.10129117965698242,3.7082958221435547,1
no_proximity,720,0.1131239869535745,-0.4617695301552918,1.1252,0.8381861929254012,0.8607819220971985,0.15136170387268066,3.709489345550537,1
no_proximity,721,-0.21583876644882194,0.431811497025791,1.0457,1.0833057810154827,2.1347180469599683,0.6020574569702148,4.5182952880859375,1
no_proximity,722,-0.736226951441398,0.5496379311712704,1.481,0.6117760618236182,0.774660538385455,0.2534370422363281,2.822528839111328,1
no_proximity,723,0.7341613475576942,0.4054248249490492,1.418,1.5756434442803637,1.7869467669246115,0.15376591682434082,3.6175074577331543,1
no_proximity,724,0.6553654210184392,0.15649004375382158,1.2876,0.4780861878496325,5.136749793566205,1.104809284210205,9.325747728347778,1
no_proximity,725,0.19548540352276933,-0.3548828861676149,1.4754,0.7670625289488827,0.9135437433110452,0.15144586563110352,3.4081950187683105,1
no_proximity,726,-0.6195679999771684,0.30886123520879283,1.4998,1.12785058089119,2.887131879349705,0.10149168968200684,6.412400245666504,1
no_proximity,727,0.16261517891163635,-0.667932306918664,1.3361,1.345118765867433,3.194172385179835,20.283533811569214,6.41618013381958,1
no_proximity,728,-0.2700781376808913,-0.3253829881615924,1.1348,0.7979077483679264,0.8306539068554135,0.10172295570373535,2.6120877265930176,1
no_proximity,729,0.5725613818824087,0.5854457167242183,1.0201,1.371496357339702,2.632970628655957,0.10192322731018066,4.610796689987183,1
no_proximity,730,0.5974385200321732,0.422736470870381,1.3781,0.2561679297833049,0.41240147139122924,0.1013035774230957,2.8063061237335205,1
no_proximity,731,-0.2282650443663523,0.23614171167735676,1.2353,0.9919479911847814,0.8473686990185955,0.10095405578613281,2.810316324234009,1
no_proximity,732,-0.13779492183130937,0.4962658303333324,1.3258,0.33766332363539203,0.28925486554783164,0.10091614723205566,2.7057626247406006,1
no_proximity,733,0.6219200506898841,-0.2027497937876348,1.458,1.0554776343441188,3.1875186316108857,1.053149700164795,9.22053575515747,1
no_proximity,734,-0.7175005720594603,0.005138821808710725,1.0907,1.6054097789046937,2.280535502571476,0.10138392448425293,3.910078525543213,1
no_proximity,735,0.6742120639374543,0.05910380042638941,1.2927,1.49540201663346,2.42225217911977,0.10219097137451172,4.309792757034302,1
no_proximity,736,-0.34712359536506443,0.08353503015795838,1.3174,1.1883777483180284,1.011702798315769,0.05120086669921875,3.213698625564575,1
no_proximity,737,0.6313484699584673,-0.602143065372664,1.2459,1.0580940212863805,1.1467129994003948,0.10236024856567383,3.114687442779541,1
no_proximity,738,-0.14108551343279763,0.5388387611707296,1.0456,1.5106601797937749,3.056437136057024,1.4681203365325928,5.022042512893677,1
no_proximity,739,0.5427953920267652,-0.10860201840077433,1.174,0.980930969153073,2.749617576279903,2.316469192504883,5.52518367767334,1
no_proximity,740,0.5718404642018282,0.4409633018038125,1.1667,0.6545582098212777,5.0107013290440054,0.5518016815185547,13.725491046905518,1
no_proximity,741,-0.48603312494023276,-0.26850015761552404,1.3351,1.2843968446784948,2.1977291275721687,1.2570927143096924,6.712756156921387,1
no_proximity,742,0.8246567774683911,0.22040738982501695,1.4289,1.5780906236990124,2.8713925576367614,1.003100872039795,7.320535182952881,1
no_proximity,743,1.0041337022090848,-0.06114047353963514,1.1649,0.6520916818151358,0.9629081354442215,0.2534291744232178,3.9110310077667236,1
no_proximity,744,0.6852596027814168,0.2661259626718627,1.3468,0.5114328231561502,0.5108685583607807,0.15236973762512207,2.4079840183258057,1
no_proximity,745,0.7898927035370973,-0.7273116907341028,1.1441,1.147130330673093,2.004718017882376,0.5041732788085938,6.013789176940918,1
no_proximity,746,-0.005555247610260716,-0.42014654153556086,1.4726,0.9416069447720876,1.1392820054532433,0.10106086730957031,2.5067131519317627,1
no_proximity,747,0.21002488646629347,0.5857064682019449,1.4068,1.1190314620601207,2.4542299442091755,0.1011803150177002,5.611445665359497,1
no_proximity,748,0.5509757235932942,0.4422680073589721,1.275,0.5834962714412586,0.6201788284264057,0.15117645263671875,3.7097008228302,1
no_proximity,749,0.22246542407415681,-0.1981352409457905,1.2274,0.7217007526785745,0.7850476429181836,0.05123782157897949,2.5091991424560547,1
no_proximity,750,-0.5612845013878042,-0.3173514814466976,1.1573,0.7950712457174223,2.188576748484424,0.9028642177581787,8.516906023025513,1
no_proximity,751,0.4602973345220358,0.3516402397409456,1.1616,1.3086710756440898,1.376595349417887,0.05110359191894531,2.5064868927001953,1
no_proximity,752,0.26020053859090986,0.40130893770708453,1.4851,0.262342756152698,0.6643397435078428,0.10161232948303223,3.2588651180267334,1
no_proximity,753,0.46290747957452694,-0.6717776120094923,1.2021,1.233624375363722,2.793592285992556,0.10151052474975586,4.709827661514282,1
no_proximity,754,-0.2649687797471162,-0.258035016256462,1.2573,0.8348327430665401,0.9488462285155757,0.0512385368347168,2.2066776752471924,1
no_proximity,755,0.5792095182699357,-0.18717937222150305,1.4941,0.9941225641776678,1.6753249550144635,0.10196805000305176,3.4103901386260986,1
no_proximity,756,-0.3066270006572567,-0.1483783074306131,1.3288,1.1045267457191053,1.786412524890326,0.15288352966308594,3.6099491119384766,1
no_proximity,757,-0.7608472295172096,-0.22923248140439412,1.2713,0.3459046246355985,0.457371037037163,0.10192179679870605,2.8164374828338623,1
no_proximity,758,0.4578716726584042,0.12575567909811725,1.2066,1.4413698892298419,2.161290691068276,0.10305666923522949,4.01669716835022,1
no_proximity,759,0.6153626803560968,-0.6037136387619593,1.0938,0.7521291353678438,0.8853621864672383,0.10194706916809082,2.412123680114746,1
no_proximity,760,-0.016738485507689083,0.6040266500545625,1.1809,1.449334729224939,2.489583580045365,0.15192031860351562,4.211112022399902,1
no_proximity,761,-0.5174992002517989,0.5907095733929885,1.3782,0.5135955796660598,0.5004486552971712,0.0509648323059082,2.5101771354675293,1
no_proximity,762,0.5894880399421893,0.2250577841097099,1.3127,1.209972772414347,1.374791297975909,0.10153889656066895,2.4075491428375244,1
no_proximity,763,-0.08493226570821055,-0.37988441442002957,1.38,1.0538800445613967,2.3535385187847604,0.10123991966247559,4.409046649932861,1
no_proximity,764,-0.3407660954740023,-0.3480276724311783,1.1018,0.4239460754114291,0.5468302199806068,0.05130147933959961,3.109398603439331,1
no_proximity,765,0.32340893150868144,-0.6372302122527363,1.2746,0.6693117926197273,0.7262250011182956,0.1012566089630127,2.7059926986694336,1
no_proximity,766,-0.2837696536108647,-0.6164999611226787,1.4638,0.6173168124008369,0.7419877929287065,0.05097699165344238,2.5082125663757324,1
no_proximity,767,0.4123365534752399,-0.3755896137237382,1.2191,0.9658598756163629,1.0211226753545026,0.10105657577514648,2.309863328933716,1
no_proximity,768,-0.3757299834402349,0.18586011978420036,1.3491,1.099635326856015,1.8528165613309664,0.10390973091125488,3.7120707035064697,1
no_proximity,769,-0.2528175446685492,-0.3705137473281736,1.0607,0.8093894437634184,0.8207982866777213,0.05091738700866699,2.1157803535461426,1
no_proximity,770,1.00342625072617,-0.5974854247492369,1.4866,1.3947807506239986,1.504005819983474,0.10138082504272461,2.5055553913116455,1
no_proximity,771,0.5868128225595588,0.47023351531610824,1.3044,1.364629585275531,2.2655363608002714,0.10161519050598145,4.1143248081207275,1
no_proximity,772,0.5166586761354328,0.19147373060414052,1.1196,0.54781591242465,0.6765268305401491,0.15247750282287598,2.9083144664764404,1
no_proximity,773,0.28235944458604956,-0.39523848516721755,1.0792,0.7047917214726537,2.0730832937022576,0.20493698120117188,4.6128363609313965,1
no_proximity,774,-0.0821120004326944,0.4108874075569223,1.2754,0.904897707517265,1.1663816595629253,0.10197710990905762,2.6138815879821777,1
no_proximity,775,1.063427783697986,-0.6029988794005848,1.2761,1.672639354287118,2.258206735767473,0.15175461769104004,4.3165123462677,1
no_proximity,776,-0.6894162925921903,0.28528009645514196,1.0466,2.0752343247559066,2.3982568988862947,0.10159063339233398,3.612014055252075,1
no_proximity,777,-0.3602335252479161,-0.1461298396849181,1.4961,0.7143633752391477,2.238339122010069,0.10113859176635742,4.411099433898926,1
no_proximity,778,0.2952978071586698,0.09966277503525889,1.4565,0.635915797025412,0.0,0.715562105178833,0.0,0
no_proximity,779,0.5422524977354473,-0.6174280977801392,1.2307,0.911797037832076,0.9473989654790674,0.05118227005004883,3.1092910766601562,1
no_proximity,780,0.5911492847400546,-0.7241136087884116,1.0587,0.28542806346297406,0.18477955635087528,0.050993919372558594,3.4091475009918213,1
no_proximity,781,-0.3362618578307204,-0.40285287563543604,1.4161,1.0211765782452915,1.2218764390236443,0.05128312110900879,4.00934362411499,1
no_proximity,782,0.5792777470261792,0.09064938976175774,1.2492,1.2376390041196763,1.970608851256755,0.0511324405670166,3.709172010421753,1
no_proximity,783,1.0128545875703923,0.4090877797003162,1.3583,0.44467662690217696,0.5272222889681257,0.1016535758972168,3.7104716300964355,1
no_proximity,784,0.9756322271191329,0.004804949440220696,1.2544,0.41887842688700255,0.42331658784860465,0.10113954544067383,1.9038987159729004,1
no_proximity,785,0.599391120449855,0.27089849846843095,1.1367,0.47491437704524525,3.3488780000311857,0.20128798484802246,7.667757034301758,1
no_proximity,786,-0.1374541560314867,0.522133320028653,1.4174,0.7432400102272582,0.8949928423286723,0.10202527046203613,3.4153852462768555,1
no_proximity,787,-0.3401323344944924,-0.23675118403462048,1.4901,0.9145878837225337,1.665042232570709,0.5528366565704346,5.418371677398682,1
no_proximity,788,0.6876010870231237,-0.1187293887050418,1.1219,1.3713536630007044,1.760565952316375,0.1539614200592041,3.4128527641296387,1
no_proximity,789,0.5252233656218699,-0.1554757674916145,1.2756,0.26683629254917784,0.23513817615122878,0.20227360725402832,4.01162576675415,1
no_proximity,790,0.9827081917514127,-0.6550552797597549,1.1918,0.5443541532299511,0.6074011098915562,0.05100131034851074,2.5107808113098145,1
no_proximity,791,0.006848358831640811,-0.7128910862631377,1.4609,0.9865145333846352,1.0141614712782976,0.1009984016418457,3.1070244312286377,1
no_proximity,792,-0.7616590146973758,-0.06823446782753106,1.2541,1.1614881258156753,1.4400097637994504,0.10129666328430176,2.9067459106445312,1
no_proximity,793,0.6421215230456496,-0.18011197266138612,1.4397,1.5575867982761307,2.29315439832614,0.10220575332641602,4.5111212730407715,1
no_proximity,794,-0.5568863356430278,-0.5225243679913348,1.432,1.379600959889608,1.3751805711986052,0.050935983657836914,2.9094176292419434,1
no_proximity,795,0.4434828210481352,0.4684429006729801,1.1381,1.5673556745675716,3.8387186566491676,0.6018068790435791,8.916482210159302,1
no_proximity,796,-0.6541240467191944,-0.3456564487893649,1.395,1.4076933953149635,4.039265818224805,1.003786325454712,11.022336959838867,1
no_proximity,797,0.1477412175446713,-0.0071490583553298626,1.2075,0.8310217212431525,0.8765550119710006,0.10152173042297363,2.5117621421813965,1
no_proximity,798,0.7691971950498533,0.34148837359124806,1.4671,0.6633125396577016,1.2756886988197744,0.20248937606811523,3.710355281829834,1
no_proximity,799,1.015479363698967,-0.29405574725072386,1.2539,0.7717606675713569,3.308581025434365,0.20345091819763184,6.219140291213989,1
no_proximity,800,0.9923014504417409,0.4610629011375361,1.4103,0.6896858943478831,3.9901713898828115,0.956343412399292,8.01817536354065,1
no_proximity,801,0.2237816980840477,-0.05169598271418396,1.1414,1.1348730901894302,0.942553354087124,0.10103917121887207,3.409013032913208,1
no_proximity,802,0.46869663189973165,0.40828610704637824,1.1493,0.5852804973400924,0.5456346384131011,0.051651716232299805,2.5055246353149414,1
no_proximity,803,-0.0024845883230601995,0.09589124139119343,1.2935,0.6531293084404848,0.6054182562861231,0.10126852989196777,2.3092198371887207,1
no_proximity,804,-0.5177200471247456,0.21048673736095558,1.4995,0.5652861106370086,2.868867886007896,0.9547445774078369,8.216169118881226,1
no_proximity,805,-0.5454061405366584,-0.7402628062089974,1.2448,1.1249768033480692,3.3743610622693745,0.3015768527984619,11.425951719284058,1
no_proximity,806,0.14759789952808022,-0.5212875113499028,1.0743,0.8233002061791458,0.7816978663238519,0.10109877586364746,2.5059170722961426,1
no_proximity,807,-0.5444871132549325,0.48103550506684367,1.2693,1.309814062824087,2.1977429712564365,0.05142855644226074,3.9097108840942383,1
no_proximity,808,-0.6642052497579977,-0.437475567276014,1.1726,1.0609011278947669,1.2497498492544858,0.10134601593017578,2.7097599506378174,1
no_proximity,809,-0.3867117133225697,-0.6636760132246889,1.276,0.41830088715760133,0.41700317774593876,0.10144448280334473,3.4146411418914795,1
no_proximity,810,-0.4378441241585326,0.5758514909282876,1.2717,1.3414858228052287,1.727630276667489,0.15416860580444336,4.318336248397827,1
no_proximity,811,-0.048933744816775926,-0.1536304858669817,1.2277,0.9607748306653072,0.9300610746235983,0.10307002067565918,2.2068703174591064,1
no_proximity,812,0.518653562632386,-0.5070925708127123,1.1609,0.815452983104157,0.7700508585978544,0.1018521785736084,3.314283609390259,1
no_proximity,813,0.8523844471459194,0.12456959775404919,1.0943,0.8497865569413596,1.312707398016128,0.1521005630493164,3.4141602516174316,1
no_proximity,814,0.3273742966390014,-0.5819618335953592,1.3487,0.9518229679135576,1.0919182366935514,0.10163521766662598,2.4065768718719482,1
no_proximity,815,0.4986899684022992,-0.4596095955891263,1.2859,0.33795163342763246,0.36759731953197466,0.10163593292236328,2.9106361865997314,1
no_proximity,816,-0.4680449281032409,-0.0452758421206374,1.1168,1.0226045419925975,1.1142796803906159,0.10172295570373535,4.6086106300354,1
no_proximity,817,0.698246581101315,-0.64813092472374,1.3878,1.438635114179496,1.5991262702974414,0.10132265090942383,2.807938814163208,1
no_proximity,818,0.37254123701011155,0.2031798586690211,1.0218,1.1675277686343526,1.5289383322299375,0.1012580394744873,3.3110296726226807,1
no_proximity,819,0.5608653387874356,-0.007007832496427002,1.3724,0.43969527203398073,2.0865389491908197,0.050827980041503906,4.608792066574097,1
no_proximity,820,0.7984724645555845,-0.07647993718811175,1.3526,0.1654031782797091,0.2358322578119458,0.05141806602478027,1.4040391445159912,1
no_proximity,821,0.021464932023983252,-0.49095042214168094,1.4057,0.9971654057174683,0.9802155517447366,0.10109519958496094,2.509544610977173,1
no_proximity,822,0.05122593666981712,-0.638988574676352,1.193,0.33730152965692,0.26460601539723183,0.10117316246032715,1.704099178314209,1
no_proximity,823,0.9143161245786253,-0.4634284518083033,1.3318,0.901952989118569,0.9595128834191545,0.05115056037902832,2.3064253330230713,1
no_proximity,824,-0.1011994109438692,0.0013795649036320023,1.4104,1.2464002015631703,1.050460606537081,0.10108542442321777,3.107789993286133,1
no_proximity,825,0.4119662907700534,-0.6411791493821326,1.4904,0.6563440676283705,0.8597311953056022,0.05179929733276367,2.7071237564086914,1
no_proximity,826,-0.013858034678332576,0.627128554262654,1.2477,1.5581734388882884,2.461481136116401,0.051186561584472656,4.011542081832886,1
no_proximity,827,-0.4367393520567793,-0.26138478589081365,1.0185,1.1347446133042496,1.2619442731123196,0.2525358200073242,3.710029125213623,1
no_proximity,828,-0.1405039367361356,-0.10513627387830493,1.2511,0.43487524690723517,1.1669709055968251,0.2524991035461426,3.509296178817749,1
no_proximity,829,0.5317735286641838,-0.7315083011011984,1.2951,0.7727204074772694,0.8726565132585031,0.10303282737731934,3.1128523349761963,1
no_proximity,830,0.08626692773225886,-0.7356992844316926,1.4349,0.4669876868367636,0.4779477873097383,0.15302062034606934,1.9069676399230957,1
no_proximity,831,0.21396678105324107,-0.6516793903834021,1.4371,0.29243341159359665,0.10750240085355653,0.10136961936950684,2.1095738410949707,1
no_proximity,832,0.6768446747270751,0.28990036755188486,1.2202,1.2647184073824635,2.5937617439074923,0.10109424591064453,4.811593294143677,1
no_proximity,833,-0.5948768049404534,0.17917036842369227,1.263,1.4323660251554886,1.5790623553288372,0.05127596855163574,2.806142807006836,1
no_proximity,834,-0.5362958460074426,-0.4751040753370026,1.2285,0.8336282976976418,0.9929480775262753,0.05093240737915039,2.7058024406433105,1
no_proximity,835,0.92710886460404,0.29947485127922724,1.3612,1.7957549095537046,3.150065950717037,0.5522558689117432,8.818342685699463,1
no_proximity,836,0.8892515452490997,0.052280480699406384,1.205,0.5348982236529394,4.82836620736658,1.9071242809295654,12.830739498138428,1
no_proximity,837,0.06631185827011554,0.2413296318304281,1.3274,0.8534377386488912,0.8530008287175241,0.30530428886413574,2.7086312770843506,1
no_proximity,838,-0.2509952660992084,-0.4111781371378468,1.0772,0.7682779089057035,6.091136606896153,3.5186963081359863,17.440028190612793,1
no_proximity,839,0.9263359345171644,-0.046300045381000965,1.2347,1.358244273080171,1.1884967039887615,0.10115408897399902,3.5071611404418945,1
no_proximity,840,0.5067814796633678,-0.21703449766440308,1.4846,0.30783538516591724,0.4131838772161427,0.20154690742492676,3.7132785320281982,1
no_proximity,841,0.7051505549729924,-0.3693461418390514,1.1693,0.40138012949998775,0.2903200965860517,0.2013404369354248,3.7109498977661133,1
no_proximity,842,0.9882337262704779,0.1313782628268565,1.3464,0.653856405003933,5.28180093169789,1.4547398090362549,9.920766830444336,1
no_proximity,843,-0.4945835083880026,0.21143667751998207,1.3249,1.6778127781550813,2.948113565252435,0.10131359100341797,4.710301399230957,1
no_proximity,844,-0.34849337663394175,0.16654533014677553,1.4259,0.3072078867323739,0.1728897937845024,0.05118727684020996,2.208996534347534,1
no_proximity,845,0.6350073379048093,-0.4850694145788456,1.4262,1.354940495510084,1.405865463080735,0.10140752792358398,2.9106109142303467,1
no_proximity,846,-0.14293582225959567,-0.1489562849218008,1.4297,0.8211448596277617,0.987513577194356,0.05112600326538086,2.9108481407165527,1
no_proximity,847,-0.8062533675208123,0.4650012515541143,1.19,0.8552319532120304,0.9421036418744123,0.10140419006347656,3.512136220932007,1
no_proximity,848,-0.7957429864496395,0.17324831565397425,1.1583,0.4329221847018198,0.3511047552674404,0.050977230072021484,2.7129344940185547,1
no_proximity,849,0.887250250467259,-0.2960506903709585,1.3594,1.8595393495325236,2.410850872676125,0.1568136215209961,3.715071678161621,1
no_proximity,850,0.762973846293665,0.4178532318156848,1.3797,0.9179109117975671,2.4397958070518793,0.15322136878967285,4.917656660079956,1
no_proximity,851,-0.7396987785166769,-0.6125827548070257,1.4362,1.9866960723351323,2.4890075256010435,0.10183238983154297,4.315776348114014,1
no_proximity,852,0.6099005136808135,0.365357782858846,1.0179,1.8637983051731817,2.128224667974517,0.10184311866760254,3.2077407836914062,1
no_proximity,853,-0.3943539662208879,-0.6875579638947726,1.0342,1.519010124299473,3.3257693433994855,2.666006088256836,12.926645517349243,1
no_proximity,854,-0.8285518876808068,-0.24777353950759806,1.3156,0.5703260770068878,1.9289341518053966,0.5048725605010986,7.814945459365845,1
no_proximity,855,-0.2530740253850783,0.156065915546997,1.4605,0.8651920952203719,1.052457388316297,0.10107851028442383,4.011592864990234,1
no_proximity,856,0.6419484119169989,0.11402299860314857,1.4987,1.0802375121584096,0.0,0.7521531581878662,0.0,0
no_proximity,857,0.7861711023603526,0.1082289988498808,1.3734,1.2410958607870008,3.614551706694877,2.0043110847473145,7.21624231338501,1
no_proximity,858,0.8403066952930975,0.06345076001193839,1.217,0.28044365278462385,0.19769373341715404,0.10142087936401367,3.2084479331970215,1
no_proximity,859,0.6268391911299018,-0.13528831131014007,1.0492,0.46701335164577584,0.3754503950139035,0.05117011070251465,3.513072967529297,1
no_proximity,860,-0.419368833357705,0.07707447884378149,1.3169,1.1607292471118307,2.216811389831244,0.05125594139099121,4.014432430267334,1
no_proximity,861,-0.19534373879491818,-0.01797116141139099,1.4363,0.3954590143867319,1.9101597514736326,0.15269804000854492,4.116011142730713,1
no_proximity,862,1.0715756933942486,0.1494252694180327,1.2218,1.1635115559570475,1.2331612160669192,0.10197901725769043,3.2093751430511475,1
no_proximity,863,0.302639590136226,-0.6696998521372546,1.347,1.1930403057657761,1.3186258129423183,0.10221743583679199,2.4067490100860596,1
no_proximity,864,0.46986765871746305,-0.23032952228764492,1.4517,0.5785731760456991,0.5688190299137137,0.1520061492919922,3.213801383972168,1
no_proximity,865,0.11871242239924107,0.20627458378083063,1.023,0.9142448520004866,2.1547644420497174,0.2028512954711914,4.3098485469818115,1
no_proximity,866,-0.3273787609384131,-0.5283721746245814,1.3981,0.915532467615592,1.1653617598159316,0.10108232498168945,2.708893060684204,1
no_proximity,867,-0.5175163876067244,0.2258611860139541,1.1467,0.9247408410185965,1.0394835542924898,0.10175108909606934,2.70823073387146,1
no_proximity,868,0.7866615521044387,-0.5097931391353075,1.1874,1.6166978473461802,1.7430034804288812,0.05101656913757324,2.909123182296753,1
no_proximity,869,0.33542029665248485,0.2183047686607953,1.0728,0.9697950638433431,1.2226789539929452,0.05125236511230469,3.1096689701080322,1
no_proximity,870,1.0315437312129305,-0.0066252016571894945,1.2656,0.8304225125124183,2.0348670283236485,0.1009528636932373,4.40971302986145,1
no_proximity,871,-0.5683843530827866,0.043762337979898924,1.283,1.7652476508097403,2.4891740673031144,0.10132288932800293,4.109177827835083,1
no_proximity,872,0.28288417407720745,0.0715624080181434,1.3963,0.9962756620472519,2.3162233558922978,0.10117316246032715,4.411108493804932,1
no_proximity,873,-0.8100838570307366,-0.16133751193350654,1.085,1.3667229740615447,2.0615552721126607,0.10104584693908691,4.008910417556763,1
no_proximity,874,0.873088497177801,0.47012495789672426,1.0395,1.9096227059251052,2.1604890056442247,0.10180139541625977,3.414980173110962,1
no_proximity,875,0.8374597197532845,0.4744923801203481,1.4354,0.3041980867816197,0.41739314189964927,0.15577054023742676,3.415038585662842,1
no_proximity,876,-0.3051182540264423,0.35982778917292546,1.3099,1.3253458208237328,1.4563744860880796,0.15240955352783203,2.5127837657928467,1
no_proximity,877,0.905579145997627,0.11249435316455625,1.1204,1.3789392231247275,2.5935320916561952,0.10218214988708496,5.115602731704712,1
no_proximity,878,0.8065228783924627,-0.6572705497459671,1.4564,0.8043360713683902,1.0780181633193342,0.1518697738647461,4.809656858444214,1
no_proximity,879,1.0601300905555178,0.3795221485915038,1.0716,1.3007198358410503,3.1713320648708185,1.0028660297393799,8.016981840133667,1
no_proximity,880,-0.7043248905105854,-0.21318890788667988,1.2306,1.9620343405789678,3.058185983358215,0.10101437568664551,4.410102605819702,1
no_proximity,881,-0.4183970299113334,-0.09844669202062684,1.127,0.5725937795881413,0.29658473145449676,0.051010847091674805,1.704493761062622,1
no_proximity,882,-0.5410326614154786,-0.5406433756794271,1.1277,0.5401463869704441,0.6545694959364963,0.05205488204956055,3.3099210262298584,1
no_proximity,883,1.0451032241642717,-0.13879657153813363,1.0047,1.6837425323427568,1.7887725391072424,0.10126042366027832,3.1116201877593994,1
no_proximity,884,-0.2263647344424471,-0.3316472445288514,1.4023,1.417841778270528,2.153211855167759,0.10143017768859863,3.6104843616485596,1
no_proximity,885,-0.3646902130647699,-0.25479066559687824,1.4506,0.3154155020047421,7.214032512519381,0.6555876731872559,11.326793432235718,1
no_proximity,886,-0.45577524558329024,0.3685984817607634,1.3388,0.6860894587120269,0.7895786614103226,0.10237860679626465,3.538288116455078,1
no_proximity,887,0.8407539831228337,-0.5301326224889098,1.079,1.766049075627375,2.0178561564608324,0.10115170478820801,3.206775188446045,1
no_proximity,888,-0.27360452864594087,0.0311230928008156,1.2209,1.269301260010516,1.5061252043439615,0.05137181282043457,2.709812879562378,1
no_proximity,889,0.2779455855865929,-0.04843096322432694,1.1728,0.7125237946081304,0.5635329942075162,0.05227208137512207,3.6103546619415283,1
no_proximity,890,-0.3306446917999506,-0.07271564632052674,1.2938,0.48289445493944033,0.6549030366811581,0.050914764404296875,2.3087708950042725,1
no_proximity,891,-0.2655894063391301,0.38695178416867704,1.3195,0.49539937813667073,0.592272030972376,0.05114102363586426,1.9047129154205322,1
no_proximity,892,0.03561108262851009,0.2531583488349892,1.2122,0.5243357598385728,0.3629999364070878,0.10106325149536133,2.409393072128296,1
no_proximity,893,0.6671116841617806,0.4416668858063514,1.125,0.7654956344259334,0.7958555857682315,0.10131716728210449,2.1080963611602783,1
no_proximity,894,0.7920942114664942,0.6165058539459877,1.4227,0.22613628045338868,0.43886431201701315,0.10113120079040527,1.804124116897583,1
no_proximity,895,-0.4861799628726349,-0.07057465360334703,1.0996,1.6591483557610567,1.8354230394261366,0.10097098350524902,2.810305595397949,1
no_proximity,896,0.08466447108769093,0.4087285985663941,1.1923,0.8198413058281967,1.3056123340024657,0.0509638786315918,3.4094769954681396,1
no_proximity,897,-0.06671288451368396,-0.2920077127979616,1.2416,0.8334875003936688,1.5250229537080864,0.1012263298034668,3.9101648330688477,1
no_proximity,898,-0.6232639807735634,-0.47311999739184807,1.1186,0.4914553617178588,0.5429441581203873,0.1024625301361084,3.1099674701690674,1
no_proximity,899,0.25223554413935023,0.05297807719350267,1.286,1.114653770590707,1.3068047012747996,0.15204715728759766,4.821035146713257,1
no_proximity,900,-0.41748342946912026,0.016357955925252132,1.2874,0.8504290122574761,0.6765291089624059,0.10173296928405762,2.506641387939453,1
no_proximity,901,-0.5930949370344178,0.041385570737440425,1.4963,0.361445733684429,0.0,0.7529458999633789,0.0,0
no_proximity,902,-0.43951717575865806,-0.49178089046024526,1.1476,0.553750033613464,0.6950497590372104,0.10190725326538086,2.4076125621795654,1
no_proximity,903,0.9645593356553386,0.5896790458242923,1.489,1.8752196983438207,2.6397808541181873,1.0550334453582764,6.717144727706909,1
no_proximity,904,-0.13064538162166994,0.35308412984044624,1.3291,1.27212662563075,1.1702647887577107,0.05094456672668457,3.109339475631714,1
no_proximity,905,0.2305476934596684,0.4181960499555518,1.1372,0.6064740610412367,0.41506655295766287,0.05093050003051758,2.1047840118408203,1
no_proximity,906,0.46041946576550896,-0.44002714203942084,1.283,0.9452934226485589,1.0562285651022743,0.1015787124633789,2.6082332134246826,1
no_proximity,907,-0.37815613566886386,-0.3812981458842526,1.3429,0.9126301089528013,0.8591831483705097,0.10112404823303223,2.705721378326416,1
no_proximity,908,0.697922919780505,0.11894995681459164,1.3723,1.2047494728295787,4.588298575557898,0.7047691345214844,9.925065517425537,1
no_proximity,909,0.035397364472574466,-0.260424561782775,1.0245,1.011671878843371,1.77019376551313,0.1516399383544922,3.9183146953582764,1
no_proximity,910,0.9519059869791033,-0.6879587704243457,1.3032,1.099980965535576,1.2567008508441888,0.15251612663269043,3.716050386428833,1
no_proximity,911,-0.4009933324345899,0.5051890742822617,1.2484,1.9075489461869601,2.550169055681773,0.20214605331420898,4.019773244857788,1
no_proximity,912,0.6344609233463696,-0.530727711697232,1.4521,1.5934435839314576,1.850969404048043,0.15273141860961914,3.308882713317871,1
no_proximity,913,0.31007698866347244,0.6303922842661028,1.1431,1.4074186123817842,1.8693077165684195,0.10127854347229004,3.3084282875061035,1
no_proximity,914,0.767210149607161,-0.5084467088086522,1.3994,1.330140129521395,2.4224869440420287,0.051366567611694336,4.109384059906006,1
no_proximity,915,-0.1983042957815374,-0.041462039250564686,1.3035,1.208419709471676,1.5450877383360753,0.05124950408935547,3.0109739303588867,1
no_proximity,916,0.13753064692900718,-0.054247264284247754,1.1762,0.5467700136439075,1.3871344257096905,0.10146355628967285,3.7089827060699463,1
no_proximity,917,0.21939904451824943,-0.14094258539677462,1.3183,0.036681586753867665,0.22335478226801622,0.05125117301940918,1.7108197212219238,1
no_proximity,918,-0.8235061656840077,-0.12602073286400695,1.3104,1.200716417551283,1.8463598773688352,0.10144782066345215,4.509390354156494,1
no_proximity,919,0.5631538045320006,-0.589671218058742,1.3389,1.628304100093796,1.6057657237779825,0.05105853080749512,3.1081132888793945,1
no_proximity,920,-0.5291308281963463,-0.22122140750885777,1.3605,1.1312487050085553,1.289005311187971,0.05189323425292969,2.711059808731079,1
no_proximity,921,0.6150254447363124,-0.5705818281979669,1.3296,1.367280437673932,1.311179005796057,0.10096216201782227,2.810264825820923,1
no_proximity,922,0.46959318343974576,0.034383856351529074,1.4192,0.7385382382256936,1.0251667995733056,0.10108113288879395,5.011764049530029,1
no_proximity,923,-0.7418605957301391,-0.7166803628525785,1.3141,1.5722728631590022,1.8365563753646175,0.153275728225708,4.019491195678711,1
no_proximity,924,0.6635337107368695,-0.4208992255841788,1.4517,1.5207789313622275,1.6281053671705663,0.15217947959899902,3.0080528259277344,1
no_proximity,925,1.0326777873058903,0.1746505038069177,1.3232,0.819615990647204,3.3056290035176117,1.3545141220092773,8.91746735572815,1
no_proximity,926,0.3389208774492598,0.1892589564340844,1.1545,0.9087816859300427,0.7078592614585515,0.10107612609863281,3.4124910831451416,1
no_proximity,927,1.004274019468291,0.4727909317143101,1.2204,0.7057594679584325,0.688666736811291,0.1011507511138916,3.1093952655792236,1
no_proximity,928,-0.3148370045466379,0.5806570802928562,1.2898,1.3686611740952264,1.4441393023954965,0.051012277603149414,2.511390209197998,1
no_proximity,929,0.5267798941845296,0.11257542926502173,1.3662,1.0326387406226243,4.816297698553556,0.8024463653564453,9.41829514503479,1
no_proximity,930,-0.1991757659617821,-0.6345372603514327,1.0451,1.2224935576498135,1.2969816107830014,0.051148176193237305,32.36101460456848,0
no_proximity,931,-0.19240755628390915,0.4037016398112324,1.1476,1.1083038708153945,3.5072548496205598,0.5019412040710449,11.32157278060913,1
no_proximity,932,-0.1346872976610306,0.5329383923465515,1.3737,0.13940226019711596,0.2326739894861255,0.10121726989746094,1.8042638301849365,1
no_proximity,933,-0.5503482593932534,0.07482243409032596,1.0878,0.8886364560010426,2.2167354164191475,0.8526809215545654,7.214227676391602,1
no_proximity,934,0.012388193026387273,-0.05391432247887129,1.0661,0.4853777868484847,0.5504915757310916,0.10147762298583984,3.407498598098755,1
no_proximity,935,0.43891281988655684,0.28911738617485494,1.2697,0.5580332442462027,2.6148054595075028,0.05198383331298828,6.012666463851929,1
no_proximity,936,0.9194410740378249,0.3801183821985944,1.4857,0.33017257611503453,0.582432889297102,0.05112767219543457,3.514099597930908,1
no_proximity,937,-0.859367878880655,-0.4510974411334201,1.2654,2.2133207847756546,2.9099870175137452,0.1526634693145752,4.116775035858154,1
no_proximity,938,-0.07543079406876418,0.4724223844274894,1.4567,1.3428910855286749,1.5396271856591939,0.1063532829284668,2.9227793216705322,1
no_proximity,939,-0.25089365234721583,0.20651068670374573,1.4152,0.480359967474409,0.4173148879134046,0.15288901329040527,2.413353204727173,1
no_proximity,940,-0.5070584695375142,-0.27294412893342174,1.1285,0.7274096786557485,1.1323227309731807,0.10228919982910156,3.2149667739868164,1
no_proximity,941,-0.6353758527370846,0.2667881143205847,1.4123,0.6979047334014554,1.3249305224832633,0.15206313133239746,3.3143093585968018,1
no_proximity,942,0.10376841654405833,-0.33087959612637086,1.2409,1.1680608643702226,1.0885957156929138,0.10176539421081543,2.512047052383423,1
no_proximity,943,-0.5471482413656623,-0.5828148555604726,1.4032,0.5608743661673663,0.7379258878944708,0.10171270370483398,3.2064363956451416,1
no_proximity,944,-0.19127586524266726,0.2641421473238844,1.3733,1.1076874471935965,2.8787445097301143,0.10115694999694824,4.912476062774658,1
no_proximity,945,0.7541843762868972,0.03551562573610623,1.1694,0.8732162309101811,4.2399518320788205,0.5548348426818848,9.217256546020508,1
no_proximity,946,-0.08115376894869519,-0.29398407415141387,1.0576,1.0638849280253757,0.9013293766976829,0.10124826431274414,2.510223627090454,1
no_proximity,947,0.7145437481994692,-0.599479492130392,1.4814,0.7749860443866377,0.8680956122694192,0.05133938789367676,3.1105103492736816,1
no_proximity,948,-0.6377185727009411,0.6043007439814342,1.0704,1.9549165401625301,2.10248873660822,0.15161848068237305,6.412593603134155,1
no_proximity,949,0.3059875061727848,0.272202814380787,1.4833,1.0509180657897232,1.1952592456297417,0.10235476493835449,2.4086670875549316,1
no_proximity,950,0.18200249813578262,-0.6011138778056835,1.4301,0.959046019612011,1.4869013766214636,0.15152525901794434,4.01062536239624,1
no_proximity,951,-0.28561921001666246,0.5462458111669083,1.3621,1.3171079884513017,1.6675262300194127,0.20382094383239746,4.415210008621216,1
no_proximity,952,-0.35833239720027954,0.5894002714644205,1.49,0.22387275839312767,0.5119229662400289,0.15357136726379395,3.117949962615967,1
no_proximity,953,-0.7732072375467419,-0.670500535700906,1.4836,1.3693080582017465,3.142494001170139,0.5037434101104736,6.129071474075317,1
no_proximity,954,-0.4240341371964385,0.10059520089086971,1.4023,0.9262301834184016,3.5731011761399847,0.9542527198791504,7.415800333023071,1
no_proximity,955,-0.16104826348030776,0.3885607593646395,1.1829,0.583613277384998,0.5322368434053493,0.10118770599365234,1.6038849353790283,1
no_proximity,956,-0.17767652529799915,-0.24484283952780406,1.3953,0.7423392969059734,0.8341277548050366,0.10124897956848145,2.9098825454711914,1
no_proximity,957,-0.4586443213130312,-0.6266382182633284,1.007,0.6374063345176675,0.6433544160456629,0.10127806663513184,2.7063441276550293,1
no_proximity,958,0.7936810640185619,-0.43901803108310805,1.2683,1.3132116892105679,1.4022963403040278,0.05130505561828613,2.506617546081543,1
no_proximity,959,0.7594219965044655,-0.21454438160517242,1.2274,0.3977135417932824,0.28257273571110036,0.05093193054199219,3.411339044570923,1
no_proximity,960,0.9753237690270764,-0.5799834658710686,1.3364,0.31283117579193814,0.5004970087722019,0.10136294364929199,3.5098934173583984,1
no_proximity,961,0.1805760066251012,-0.6981264504821026,1.3362,0.7989511428643367,0.8536238454145025,0.05090975761413574,2.4051425457000732,1
no_proximity,962,-0.5534643146653071,0.1589067952099027,1.2923,1.204583864481452,1.4430150735069345,0.10159993171691895,3.310758113861084,1
no_proximity,963,0.5436409939119007,-0.6489490781742929,1.4112,1.4977276048180481,1.7400672087691822,0.050847530364990234,2.9105541706085205,1
no_proximity,964,0.3415613460333635,0.5464744853862485,1.4701,1.374546207420123,3.5284333041440736,0.15116500854492188,5.410838842391968,1
no_proximity,965,-0.1700515817195658,0.013611483351730125,1.0542,1.0857281364090328,1.2146704427957484,0.10131144523620605,3.7091188430786133,1
no_proximity,966,0.7416779313351987,0.09765582162182629,1.1169,1.0080126113510943,1.9144118185181658,0.15293359756469727,4.419439077377319,1
no_proximity,967,-0.6631571013015777,-0.25537058288947473,1.0125,1.5772099465500515,1.6951526271849189,0.2543463706970215,3.2079999446868896,1
no_proximity,968,0.43147277175779064,-0.6466714161329129,1.4421,1.2324895126925326,1.3902087578495061,0.404857873916626,3.210115671157837,1
no_proximity,969,-0.5621972180620911,0.3937131537389761,1.2807,1.6028036210365386,2.3227216890016633,0.15202093124389648,3.8149170875549316,1
no_proximity,970,-0.5396203542707609,0.46519971634222335,1.4576,0.1332460473487322,0.24249843375401087,0.10162591934204102,2.0056405067443848,1
no_proximity,971,0.12281088316375799,0.2620622582320812,1.1107,0.9577481735889064,0.8148710695981242,0.10174417495727539,2.509998321533203,1
no_proximity,972,0.8834122723603621,0.5407338528661317,1.0316,0.8715723045038553,0.9929053092365502,0.051090240478515625,3.207474708557129,1
no_proximity,973,0.37530453708959066,-0.18898859000542745,1.4119,1.0073098678510488,1.6189631560339877,0.10175824165344238,3.811115026473999,1
no_proximity,974,0.46968225717447964,-0.154298840111755,1.4547,0.318508820409038,1.1091993744237068,0.050926923751831055,3.4087555408477783,1
no_proximity,975,-0.5827633394132185,0.4014454291989894,1.1511,1.474325470030741,2.6186855301620287,0.1011655330657959,4.711806535720825,1
no_proximity,976,-0.018160018032109093,-0.22219837308370982,1.2041,0.9629512304716955,0.9204640834996175,0.051251888275146484,2.505849838256836,1
no_proximity,977,0.8002288287171355,-0.07795573337207873,1.0699,1.009942460935391,1.4841276303877446,0.10134458541870117,4.310502529144287,1
no_proximity,978,0.262769641626889,-0.29615981631648564,1.4731,0.7126142460151902,0.7245275575562842,0.1512308120727539,2.308911085128784,1
no_proximity,979,-0.8603567359681372,0.6012594774161212,1.1522,1.6904774791260917,3.1900417267956773,0.10100650787353516,4.859689950942993,1
no_proximity,980,0.5706310333011784,-0.267862420784076,1.2463,1.738080092922306,2.5921876929715832,0.10109329223632812,4.409075975418091,1
no_proximity,981,1.0034708769800211,-0.1931083329825506,1.0486,0.5618351030567597,0.5476220134991088,0.10134696960449219,3.1108641624450684,1
no_proximity,982,1.089838626119011,-0.7075925712977815,1.4436,0.5294998502679988,0.7618022978420602,0.05097031593322754,3.7139134407043457,1
no_proximity,983,0.49070629412092326,-0.5775874667437917,1.0678,0.8387038373837961,0.8256095556972761,0.20253920555114746,3.2199275493621826,1
no_proximity,984,0.36129724522136497,-0.43704306728488124,1.2268,0.22804734902000726,0.31981325172822633,0.15506887435913086,2.913696765899658,1
no_proximity,985,-0.04612264440500946,-0.5228500242582803,1.3352,0.4741700959567169,0.4917772660807953,0.10255622863769531,1.4081697463989258,1
no_proximity,986,0.6279348629420425,0.49080342476886163,1.3716,1.3571824527724907,2.402728257269811,0.20336675643920898,4.415985822677612,1
no_proximity,987,-0.6743132927012585,-0.7202019316108105,1.473,1.935520106470309,2.5172009314987673,0.1021580696105957,3.61564302444458,1
no_proximity,988,-0.5498961164188956,-0.4217411673301299,1.2096,0.5875203456533638,0.5978296016806032,0.10189127922058105,2.30609130859375,1
no_proximity,989,1.058836761368229,-0.5568785964440948,1.3711,1.5621613324092907,0.0,0.05132460594177246,0.0,0
no_proximity,990,0.9632512475491584,-0.1664319760234425,1.0773,1.5377355346718935,0.0,0.051125526428222656,0.0,0
no_proximity,991,0.26456863454877877,-0.20316212038077197,1.2074,0.8538949439635876,0.8808392453123784,0.10109639167785645,2.9069790840148926,1
no_proximity,992,-0.8505983724805575,0.3388490704971011,1.0495,1.4019458203146553,2.1007698367016885,0.10133004188537598,4.113889217376709,1
no_proximity,993,0.2931141019886099,-0.19658161456898282,1.2447,1.346216825876038,1.2276560278814426,0.05225038528442383,3.2094810009002686,1
no_proximity,994,-0.32747594318464956,0.23176900000708145,1.2041,0.6513967743164693,0.778298271716165,0.15152406692504883,3.410079002380371,1
no_proximity,995,-0.1303010544543799,0.01251940525450601,1.4758,0.4654058829853226,0.44841866982490575,0.10154247283935547,3.2102115154266357,1
no_proximity,996,0.776744535608092,0.363961458569232,1.0164,1.286555304033164,1.4055804192376598,0.20123672485351562,2.710405111312866,1
no_proximity,997,0.7468991288066353,0.5353674293126532,1.1853,0.11810817831884171,0.282657049875551,0.051160573959350586,2.305992603302002,1
no_proximity,998,-0.2041656190928982,0.4533259377985218,1.2217,1.0026064763362974,0.9289502217715542,0.10131049156188965,3.1113595962524414,1
no_proximity,999,0.6183922450964319,-0.6725222514998098,1.4753,1.4954402682565848,2.0694759937270875,0.10106396675109863,4.008785247802734,1
no_proximity,1000,-0.2102168632443001,-0.20085763875179863,1.4277,0.9801924631726945,1.1213672627596023,0.05181002616882324,2.110323667526245,1
