case,pose_index,goal_x,goal_y,goal_z,cartesian_distance_m,path_length_m,plan_time_s,execution_time_s,success
joint_only,1,-0.13066148444452752,0.563281457007225,1.3197,0.9511705475672217,1.97487378970636,0.15119504928588867,5.511795997619629,1
joint_only,2,-0.5637710546430907,-0.5286635290580576,1.0125,1.2148821912705707,1.5913640928994972,0.15114855766296387,5.514603137969971,1
joint_only,3,0.31840995327503974,0.22989172189176654,1.1375,1.3458392858141002,2.1872953276202374,0.05088329315185547,3.6094589233398438,1
joint_only,4,0.7769013140664358,-0.45124606192804856,1.1116,0.9038760002038497,0.9624895512920668,0.10114288330078125,3.108412504196167,1
joint_only,5,-0.26999187445419626,-0.021984662937305166,1.3682,1.2963098750222877,2.6813509791638426,1.0051329135894775,7.518188238143921,1
joint_only,6,0.33969243733975607,-0.5513354354640945,1.3383,0.7442112810130523,0.7640830269285387,0.10223889350891113,1.9065239429473877,1
joint_only,7,0.030930708718165167,0.33583177095400074,1.4461,0.9168690578208033,0.9226384389066398,0.10215306282043457,4.217850923538208,1
joint_only,8,0.3011656754845682,-0.6791771329227231,1.0435,1.1239287933994684,1.4342690277584071,0.9040946960449219,3.41463565826416,1
joint_only,9,-0.744067742703176,0.5607687281860799,1.211,1.6307687525751011,1.650054281311682,0.35584211349487305,3.413228750228882,1
joint_only,10,-0.2692555094983793,-0.6087985153552286,1.0149,1.159763810201275,1.6977806922582153,0.1009671688079834,4.711339235305786,1
joint_only,11,-0.6311202185376483,-0.06262692550711468,1.1093,0.6255641526430974,0.8938146406988067,0.15238666534423828,3.909285068511963,1
joint_only,12,-0.36009807646876646,0.16730561870237126,1.2527,0.2901286179145679,0.3384337683452498,0.1015777587890625,3.0094807147979736,1
joint_only,13,0.21057977365838032,-0.48900997810792585,1.0133,0.8456458734071516,0.8598522030971371,0.10109281539916992,2.209181070327759,1
joint_only,14,0.9890869021802229,0.4864927794875896,1.0994,1.0914243022098549,2.8266580316456156,4.107990503311157,8.918455123901367,1
joint_only,15,-0.6976078609330956,-0.4737195470360945,1.3249,2.0124773059504024,2.6137158998511922,0.05127549171447754,4.111808776855469,1
joint_only,16,-0.10264161183544662,-0.370166430342667,1.2725,0.7083120624146675,0.5961697480357155,0.10152792930603027,2.508023977279663,1
joint_only,17,-0.31618780179961137,0.002664418259433421,1.1102,0.6463148337962444,0.47754824458337036,0.15234827995300293,3.816093921661377,1
joint_only,18,-0.7252406242266942,0.6129826508891109,1.2946,0.738028605003843,0.7676591836964162,0.10203933715820312,3.710387945175171,1
joint_only,19,-0.86205516386102,0.3774440026969422,1.4047,0.2937805457630033,3.2388094951265622,0.8543553352355957,9.319114446640015,1
joint_only,20,0.6556578271315445,-0.6412626485173598,1.0032,2.0270467437166264,2.1517864737849224,0.1011817455291748,3.105992317199707,1
joint_only,21,0.8376709900854264,0.1134116262610646,1.4029,0.8813569161206308,1.280882657327392,0.10095953941345215,3.3103044033050537,1
joint_only,22,-0.25663303835955753,-0.2961981155352495,1.3491,1.288088752071872,1.2091808900152388,0.10121846199035645,3.108145236968994,1
joint_only,23,0.8854556557862792,-0.09417669282748165,1.1701,1.1087020219446744,1.1537084325957394,0.10110735893249512,3.1069929599761963,1
joint_only,24,0.6348759663586907,0.02819486946048788,1.0777,0.42111191263983705,0.3057045034877433,0.05103754997253418,2.610666513442993,1
joint_only,25,0.1630564678351123,-0.15555864077535275,1.4786,0.6354865210674039,2.0713433026808676,0.10108542442321777,4.012109994888306,1
joint_only,26,-0.8107073539688927,0.13142790507643431,1.1683,0.9505609495791199,0.9911024808812345,0.05093216896057129,3.5077712535858154,1
joint_only,27,0.9257967513215164,-0.4004724771494458,1.0464,1.923819461945805,2.07464110016987,0.10119271278381348,2.908796548843384,1
joint_only,28,-0.4195220359956043,-0.6372296038952384,1.0484,1.3376432648823715,1.3486592905750883,0.10112333297729492,3.8102328777313232,1
joint_only,29,0.9696607469429799,0.367357401521509,1.4237,1.7555988348601024,4.73506652816845,1.3036932945251465,11.329834222793579,1
joint_only,30,0.7198780564140448,-0.4866527390905867,1.3019,1.025739503863986,1.1380428970146999,1.0579864978790283,4.2160491943359375,1
joint_only,31,0.727346387535172,0.48822944609487984,1.4036,1.0080896223059745,1.3212856835162627,0.1525106430053711,5.31813383102417,1
joint_only,32,-0.4212325078418716,-0.1561538984275238,1.3649,1.3733664341793606,3.446699455658182,1.1653389930725098,7.416564226150513,1
joint_only,33,-0.85922087728718,-0.04123320625842464,1.2681,0.3907122267342988,0.4806458947710077,0.10125136375427246,3.7090744972229004,1
joint_only,34,-0.6354268419446407,-0.27911675449141515,1.4866,0.3927860633484157,0.39439227371885227,0.05144548416137695,1.408432960510254,1
joint_only,35,0.15524301229535165,0.22294804952197445,1.1893,0.9823357954440358,1.0041817387508079,0.10146856307983398,2.6094179153442383,1
joint_only,36,1.0345705385752644,-0.3970511255359496,1.276,1.0789438501682556,1.6508942188720148,0.1011812686920166,3.81068754196167,1
joint_only,37,-0.3084461401438592,-0.692317334334872,1.4147,1.3819371713316673,2.6804283477654023,0.10125875473022461,6.312814712524414,1
joint_only,38,-0.7709691150225211,-0.36013975813889587,1.3093,0.5782386390948565,1.5583479046546507,0.20143699645996094,6.7146897315979,1
joint_only,39,-0.5858183635151959,-0.07049190737862832,1.4309,0.26878636493369396,0.32516101592361063,0.1011056900024414,1.7051801681518555,1
joint_only,40,0.4591726549584514,0.303465351461658,1.2887,1.0512250319051812,1.5908648319917122,0.05085635185241699,3.809356451034546,1
joint_only,41,-0.1440538309504401,0.12578821123557826,1.3523,0.5226361313688657,1.0757263797958179,0.3022949695587158,4.011258602142334,1
joint_only,42,-0.6940456757521627,0.40470562893961304,1.0229,0.8287264709147225,3.8419392928313223,0.6023812294006348,9.220706462860107,1
joint_only,43,-0.7921836694384579,0.06888690394064434,1.1139,0.5250836829823944,3.6632848526138253,4.527061939239502,10.926788806915283,1
joint_only,44,0.14196844154917487,-0.43179480487803323,1.1447,0.9417629322988857,1.0041473204733558,0.051239013671875,2.705989122390747,1
joint_only,45,0.4964385969190874,-0.21162563418306157,1.0399,0.3708991908931039,0.4471603429065118,0.10123729705810547,1.7045314311981201,1
joint_only,46,-0.19700649221838762,-0.5870873818154306,1.1164,0.9216280606343359,1.663129146484988,0.10257625579833984,6.513922214508057,1
joint_only,47,-0.36175969386856155,0.16381807925096203,1.0505,0.7227494871160098,0.637735600108511,0.05128598213195801,2.507687568664551,1
joint_only,48,0.1767674463016049,-0.41069495230277936,1.139,0.6419422077184007,0.6965106558272111,0.10113930702209473,2.2059614658355713,1
joint_only,49,0.911628589297721,0.12688140229347022,1.3178,0.7896320236196394,1.1814916021440258,0.10132193565368652,3.709031820297241,1
joint_only,50,0.5658441555208145,0.48962949717484106,1.1824,0.501689799688336,2.3452057828976898,1.253401517868042,10.018610954284668,1
joint_only,51,0.3995067226777984,-0.6273916880968029,1.1851,1.3842474177260917,3.8199519700027538,2.958744764328003,12.124163389205933,1
joint_only,52,0.3289423962453073,-0.7303632510787509,1.1048,0.30662181568061797,2.179409275437614,0.25194811820983887,4.717862129211426,1
joint_only,53,-0.8629679408167945,-0.5220497373523568,1.1335,1.3215790521443616,2.440888408169208,0.6534771919250488,5.226541042327881,1
joint_only,54,0.41918721633415434,-0.4348539688011908,1.4683,1.1505585323614425,1.2842738774036202,0.2023460865020752,2.9091410636901855,1
joint_only,55,-0.2280577982483314,0.2826791906321652,1.324,0.8956978064118385,1.6541951942801645,0.1522078514099121,4.020854711532593,1
joint_only,56,0.43038875253928044,0.037856020982938055,1.3046,0.5934503060577278,2.016708105544162,0.3525528907775879,4.61436653137207,1
joint_only,57,-0.34736890725482017,-0.4077582299971391,1.0856,0.8636588517438337,0.8415526435773887,0.4016447067260742,2.205029249191284,1
joint_only,58,0.8950362723610386,0.12418447212023931,1.3646,1.3826874884279332,1.3362852950112305,0.10112905502319336,3.1081695556640625,1
joint_only,59,0.27042349932944365,-0.06628068869288095,1.0817,0.7025827087324,0.7524879510562485,0.10210657119750977,2.711719036102295,1
joint_only,60,-0.31650917764222386,-0.7095898621231824,1.1897,0.8294681683592863,0.8304427322248731,0.10212111473083496,2.806403398513794,1
joint_only,61,0.9909889141874761,0.5676978648015553,1.4948,1.7126547205037856,2.5428639093844185,0.1014091968536377,4.61200737953186,1
joint_only,62,-0.8423649860397847,0.5325097049955348,1.32,1.7997264129630104,1.7760862726398332,0.10093498229980469,3.1102330684661865,1
joint_only,63,1.036894794590899,0.4290349918121529,1.2785,1.8193633302317145,1.791748163033644,0.10102152824401855,2.9096059799194336,1
joint_only,64,0.8139528829464104,-0.30754916491527445,1.3423,0.7038543913356257,5.152161425880081,0.8528175354003906,11.422122240066528,1
joint_only,65,0.9824587623866678,0.21334494063141296,1.4214,0.6154770212027094,1.2809692892331714,0.7032253742218018,6.366732835769653,1
joint_only,66,0.3459443233177544,0.6173339900432578,1.388,0.8284619574488944,0.8949976698241507,0.15617585182189941,2.607407331466675,1
joint_only,67,0.8659534285612076,0.2748160807942769,1.1145,0.8502198214851893,0.8268220267949218,0.10267305374145508,4.016415119171143,1
joint_only,68,-0.16048853828244525,-0.33960480598058607,1.0161,1.3437580160867835,1.2028419992704373,0.10188579559326172,3.1088125705718994,1
joint_only,69,0.8455373354257656,0.5117925192125917,1.1577,1.2754289867328006,1.3577063745308888,0.15277624130249023,3.7129106521606445,1
joint_only,70,0.7092210447121483,0.15005044088864938,1.1339,0.3874821372343582,0.5352532931713379,2.4083452224731445,3.709169864654541,1
joint_only,71,0.8909905874824164,-0.27859465448598975,1.1055,0.6096927979663331,0.517046589343799,0.10187983512878418,3.2133853435516357,1
joint_only,72,0.2731512394544169,-0.6936153158032764,1.4715,0.8045448133580472,1.1067604882428201,0.10118365287780762,2.8077361583709717,1
joint_only,73,-0.3050752382817403,0.06880490002182083,1.4382,1.033449921918969,2.884528138093317,2.4054980278015137,7.117912530899048,1
joint_only,74,0.7573943112274426,-0.24809805870092472,1.1573,1.0583313146574405,1.6938592249636015,0.10097384452819824,3.9089770317077637,1
joint_only,75,0.6531272222414466,-0.44646190821933746,1.3277,0.28727813362897914,0.27304094755031755,0.10185599327087402,3.2085306644439697,1
joint_only,76,-0.7705668286438195,-0.012918736225364547,1.1978,1.440665969804843,1.576110613231566,0.10187721252441406,3.509002208709717,1
joint_only,77,0.5661130234383152,0.5978207571815227,1.4573,1.3772449694999804,1.5702675847887595,0.10113835334777832,3.310872793197632,1
joint_only,78,0.7030590380315707,-0.37087648676591,1.2294,1.0002856353017222,2.7669301679098934,0.10146617889404297,5.613476991653442,1
joint_only,79,-0.8227548265505632,0.579678921767469,1.1324,1.7216406336258534,2.183269718023555,0.30187559127807617,4.4143054485321045,1
joint_only,80,-0.06245526417091707,-0.5048936042226579,1.1233,1.19696131348434,1.3591488703545551,0.25275111198425293,3.8171491622924805,1
joint_only,81,0.2155672494475307,0.23885479778988572,1.2807,0.683556074145571,0.6988496909278448,0.1527390480041504,2.5156826972961426,1
joint_only,82,1.0195429862744507,0.27087036353998595,1.1314,0.7798982922439904,0.9315528125999359,0.20302176475524902,3.413760185241699,1
joint_only,83,-0.04135267626812045,-0.4026176204254096,1.2923,1.1455012677646954,2.8056211662096406,2.5599405765533447,8.216158866882324,1
joint_only,84,-0.8444721055358239,-0.583516191943497,1.4489,0.711013667981661,0.7963747389413374,0.10147356986999512,3.1095311641693115,1
joint_only,85,0.8225228775098163,0.22382589878815262,1.1997,2.0662424633778156,2.718032509853348,0.20154762268066406,4.208744049072266,1
joint_only,86,0.10138266448156175,-0.09244978694750272,1.1097,1.018892421955517,0.7765428913688781,0.10121560096740723,3.310990571975708,1
joint_only,87,-0.08316361642440584,0.10317803472374554,1.4988,0.3867028826474269,0.0,0.6020157337188721,0.0,0
joint_only,88,-0.130517797810334,0.11693152419136088,1.2548,0.4775710204928387,0.5176484246689737,0.10143685340881348,3.710123062133789,1
joint_only,89,0.43253077786874905,-0.5191280971901155,1.0455,0.8743921260873446,0.8444935791752916,0.10176324844360352,3.9093306064605713,1
joint_only,90,-0.8204545825065056,0.061855648669738694,1.0236,1.301339065814874,3.417053445585326,1.4534285068511963,9.621813774108887,1
joint_only,91,-0.10364720625867363,0.14087801213979334,1.0548,0.8020035348332145,0.7219304338138066,0.10229229927062988,2.51628041267395,1
joint_only,92,0.9929832509950729,-0.21249497566173614,1.3137,1.2539256848926588,1.9253897507326534,0.15215802192687988,3.8135321140289307,1
joint_only,93,-0.4849419708476145,-0.6476975725975227,1.396,1.6110533267793106,1.7374051470762684,0.10199618339538574,3.113243579864502,1
joint_only,94,-0.6858140517817499,0.1954513066740744,1.2111,1.0495305299482751,1.312640163337273,0.10225677490234375,3.3081462383270264,1
joint_only,95,0.801542866341459,-0.7110243602989752,1.0318,1.9051777320562562,2.033024194769439,0.10141730308532715,3.209428548812866,1
joint_only,96,-0.6387973116538773,0.2143168652103431,1.1908,1.7305570187550083,2.009041184059529,0.10219049453735352,3.1090729236602783,1
joint_only,97,0.5839108088193017,0.360982798348782,1.4981,1.337202679952674,1.3702188171623058,0.10114812850952148,3.3582210540771484,1
joint_only,98,0.6147184377521813,0.36559093175322077,1.2646,0.47110328505695953,0.2992164333371465,0.10117793083190918,2.6083574295043945,1
joint_only,99,-0.1356601539587038,0.3237914080595038,1.4855,0.7700505185611499,0.872944847602599,0.10103154182434082,3.9091575145721436,1
joint_only,100,0.8283740741528494,-0.1535622063867247,1.4304,1.2742598076445273,3.4892669349137253,0.2512812614440918,5.216916084289551,1
joint_only,101,-0.6686084919671815,0.4971076937777247,1.0057,1.8728223412483285,2.7114195194014314,0.7021546363830566,10.719873189926147,1
joint_only,102,-0.23866169075732746,0.4874489159537795,1.3604,0.3242196729680645,0.5938105074035368,0.05104684829711914,2.3056180477142334,1
joint_only,103,0.9214670772629805,-0.6175721060958524,1.3409,1.4723362389820076,10.002353587860249,0.6022279262542725,21.549240589141846,1
joint_only,104,1.0111033652302361,0.0449036582813952,1.2685,0.8158585964943695,0.8367270622978183,0.15220856666564941,3.010849714279175,1
joint_only,105,-0.2918562504944361,-0.2914149146617354,1.1334,1.4880902032760819,2.140603728285742,0.10113310813903809,3.812164545059204,1
joint_only,106,0.6959096646646317,0.34193532819971717,1.3205,1.2847216231976109,2.0314707610295955,0.10104537010192871,3.908754348754883,1
joint_only,107,-0.758918537647011,0.0120526843128127,1.0558,1.7208385907941002,1.8698488151032908,0.10175466537475586,3.0070879459381104,1
joint_only,108,-0.17748644512178002,-0.5821499194284695,1.2174,0.928194991341263,0.9580140650676562,0.10125970840454102,3.109724998474121,1
joint_only,109,0.3523082014928294,-0.6040574430072863,1.2269,0.6285216462064859,0.5336215550170694,0.05136609077453613,2.1047914028167725,1
joint_only,110,-0.7287837213861684,0.38623572146494956,1.4769,1.4698206680801895,1.731989805376049,0.10192751884460449,3.209392786026001,1
joint_only,111,-0.7048516506831496,0.6126427808606151,1.4379,0.24058368028502525,0.25140913069097115,0.1013176441192627,3.010495185852051,1
joint_only,112,0.7379687423043702,0.558519545325422,1.1317,1.5729967624000685,1.696339711807037,0.10123276710510254,3.2070865631103516,1
joint_only,113,-0.12725350147772496,-0.6282700152560291,1.2503,1.5411769045166708,2.690254351162531,0.10102677345275879,4.2086732387542725,1
joint_only,114,-0.032191977672493044,0.5023309251201674,1.0893,1.2188591226928742,1.3906679376005888,0.05119490623474121,2.7093827724456787,1
joint_only,115,-0.8504970760709754,-0.09906027790007044,1.4563,1.0471705854173146,1.2019449366837778,0.05114459991455078,3.8119587898254395,1
joint_only,116,-0.6400629788877781,0.14901495510747143,1.4353,0.4458213928131009,1.0232803694870236,0.3515775203704834,7.213649749755859,1
joint_only,117,1.0340259910765421,-0.22792782373443055,1.1492,1.739547453134667,3.671029875866687,0.4515798091888428,8.426636457443237,1
joint_only,118,-0.4298330480544449,0.5804677691914001,1.3195,1.7709393605682793,2.2419798215800375,0.3529348373413086,5.117347240447998,1
joint_only,119,-0.7874570545139581,0.48143063822114984,1.3045,0.3718439050586182,0.3717075289258527,0.20205211639404297,1.6055681705474854,1
joint_only,120,-0.7267352086944394,0.017995786767414867,1.0764,0.5198545763149109,2.725333249858105,0.2530241012573242,5.612360239028931,1
joint_only,121,0.37446810078409043,0.21295869866486405,1.3813,1.189109456299737,1.133854929946477,0.10105371475219727,2.709243059158325,1
joint_only,122,0.2851109662315847,0.49519110641461894,1.2697,0.2923962100593198,0.38270222508431323,0.05124402046203613,2.209961414337158,1
joint_only,123,1.0107155614397394,0.48022243906611906,1.3893,0.7001930719177123,0.8180012136243071,0.0511474609375,3.3098387718200684,1
joint_only,124,-0.32323049533139503,-0.48452152653955194,1.2652,1.8535555525673122,3.874591819128421,0.4518747329711914,8.216668367385864,1
joint_only,125,0.2838064136884284,-0.6361926088101109,1.0003,0.8314753517927707,0.6081699645510512,0.10100793838500977,3.5111043453216553,1
joint_only,126,0.5107565171871349,-0.0064035926431784684,1.1621,0.5858224145363486,0.8073170723608047,0.051041603088378906,3.7101266384124756,1
joint_only,127,0.48413718400178873,-0.5195643253401193,1.0097,0.7050504320540746,0.44478267525971993,0.10137033462524414,2.005439281463623,1
joint_only,128,1.0095034281445934,0.25413860452560666,1.4645,0.951397551440773,4.127509024324183,0.5520288944244385,10.119457006454468,1
joint_only,129,0.9756678540076542,0.4469717841735611,1.4394,0.3168948964263783,0.249291079737086,0.0512692928314209,3.407846450805664,1
joint_only,130,-0.12684960684770574,0.37070027649423853,1.4158,1.2685475381679236,1.0798383926635886,0.05084800720214844,3.10791277885437,1
joint_only,131,0.3045670778279319,-0.21965596298897638,1.1538,0.8116203227486627,2.7519233857390937,0.15167641639709473,5.310538053512573,1
joint_only,132,0.7885674927374753,-0.09901559844171082,1.029,0.5923207822373465,0.5982630380106396,0.051096200942993164,2.9121148586273193,1
joint_only,133,-0.7612637656378625,0.4451285449744432,1.439,1.754616106262048,2.788584310489343,1.0554800033569336,7.827156066894531,1
joint_only,134,1.1023342110804804,0.020163163498010173,1.4735,1.8346067322187767,0.0,1.45633864402771,0.0,0
joint_only,135,0.8110011283226295,-0.4031437082048464,1.0428,1.840912101381335,2.089210187870977,1.9631237983703613,6.118900775909424,1
joint_only,136,1.0179291360267877,0.08988394773550923,1.243,0.4196476198251134,0.47107310222296817,0.10152959823608398,3.009521722793579,1
joint_only,137,0.3521301725875494,-0.2508844254228771,1.0346,0.7457867172610263,0.7590070173871168,0.051248788833618164,2.3059444427490234,1
joint_only,138,0.15824986319131829,0.3181654702447686,1.3803,0.5241853062500066,1.134096427317293,0.15127062797546387,5.511525869369507,1
joint_only,139,0.22087935445103035,0.027728772889620834,1.3829,0.29771499912219046,0.2983696395428748,0.10133886337280273,3.3071303367614746,1
joint_only,140,-0.6073818172108301,-0.7034526027454723,1.0642,1.1507836729330927,1.256668345239694,0.1523439884185791,3.70890474319458,1
joint_only,141,0.5224861003726611,-0.4503872420867566,1.2376,1.1639604733129263,1.2192937635012244,0.10129809379577637,2.809166193008423,1
joint_only,142,-0.17813545844532475,0.06754690173826594,1.2749,0.9500933313115507,0.8367735705999819,0.1516122817993164,3.0071067810058594,1
joint_only,143,0.9190425324866094,-0.2644969883099853,1.1325,1.0475403478724843,1.0868526734075814,0.10153031349182129,3.708317279815674,1
joint_only,144,-0.08705220543924252,0.11174712611309823,1.4362,1.116529988980921,1.3171346213375017,0.4531123638153076,7.21490740776062,1
joint_only,145,-0.5815003607986469,0.5301313969718934,1.2116,0.6844676615826539,1.0019342936466238,0.20224928855895996,5.616799354553223,1
joint_only,146,0.03700706886423388,0.6035647584422456,1.1059,0.6320803055004273,3.380491497742403,1.808589220046997,12.227530241012573,1
joint_only,147,0.38240049325575054,-0.4130399197987627,1.2696,1.3005115268555434,1.7553465545800508,0.10100007057189941,4.810360670089722,1
joint_only,148,-0.619213147185695,-0.5342856991141075,1.365,1.1942984217590555,1.4696994628934414,0.1012263298034668,2.8091559410095215,1
joint_only,149,-0.512513672720895,-0.2680531527130119,1.1006,0.7610745718714056,0.4150056322290127,0.10121583938598633,1.8041622638702393,1
joint_only,150,0.4500994377486758,-0.5062324969689606,1.1559,1.1560157377134237,1.8882746566240174,0.1511833667755127,6.513939380645752,1
joint_only,151,-0.5381707049909699,-0.3602168741700888,1.4976,1.1897898747789204,1.5852751987084859,0.40146899223327637,3.008967876434326,1
joint_only,152,-0.6338997034786091,-0.10988997272303469,1.3249,0.6062105259591971,3.2361886822632027,0.10163021087646484,7.013463258743286,1
joint_only,153,0.12477303083432634,0.20560249453674795,1.2191,0.8283896091460502,0.8288945414832732,0.10473465919494629,3.7111048698425293,1
joint_only,154,0.37149857197097913,-0.63066309010225,1.2588,0.8724518284582871,0.9324360912179227,0.051032066345214844,2.3089847564697266,1
joint_only,155,-0.75194348356766,-0.362570111445742,1.0605,1.1730324161836838,1.2434685754133559,2.4557714462280273,4.111696720123291,1
joint_only,156,-0.5072793396356601,-0.45535402973536,1.1123,0.4484479966671191,0.2854317635779367,0.10118746757507324,2.8107032775878906,1
joint_only,157,0.3523809571730465,-0.23611265923113267,1.169,1.0162849350743532,1.5223186796768349,0.0514373779296875,3.313734769821167,1
joint_only,158,-0.800293891870835,-0.39615163847131546,1.2942,1.2601162443263572,1.6191982477218871,0.10249114036560059,3.715864658355713,1
joint_only,159,0.14114469027325027,-0.011876071245456199,1.1151,1.1506058342378407,0.9986910955185108,0.10279202461242676,3.2093234062194824,1
joint_only,160,0.18264742211385587,-0.4098455280058814,1.1101,0.5177795648699781,0.447438890313015,0.15238308906555176,2.106316089630127,1
joint_only,161,-0.8332188860045463,-0.300463226488713,1.0355,1.0704547067405306,1.0382162383457392,0.10210013389587402,3.1080148220062256,1
joint_only,162,-0.6356314547342441,0.48058448373661566,1.3156,0.8806291012574046,1.1603124936058855,0.10164475440979004,3.708310127258301,1
joint_only,163,0.6911373949197446,-0.058140418671475236,1.1145,1.4458615591277435,2.725834168893849,0.15151500701904297,5.311479330062866,1
joint_only,164,0.2901190959173825,0.28123383752926945,1.4527,0.5578183717856744,0.6313072835242598,0.10120820999145508,3.810556411743164,1
joint_only,165,-0.3105561547069281,-0.24412492474827535,1.4298,0.8702051335983267,2.09529513904007,0.10101079940795898,6.813256025314331,1
joint_only,166,-0.16721628927046872,0.6124719518415541,1.0354,1.120838500974255,2.8173032080185725,0.10112953186035156,4.810076713562012,1
joint_only,167,-0.6712671392663598,-0.5329715427607278,1.119,1.3833180564023086,1.7100375768926794,0.10139322280883789,3.208623170852661,1
joint_only,168,-0.503224158330312,-0.35127923821465407,1.3345,0.28608677675487904,0.4188799615713833,0.05119514465332031,2.9062483310699463,1
joint_only,169,-0.7139767160986251,-0.022321350730470035,1.1071,0.659398702112862,0.45617128489137077,0.1011197566986084,2.108924388885498,1
joint_only,170,-0.6509388959029203,-0.1963464069111509,1.0662,0.41999142846076937,0.20622389210684938,0.05166482925415039,2.109823226928711,1
joint_only,171,0.7464368446214729,-0.3886415156402526,1.4678,1.4653255489044352,1.7519960071869027,0.10144782066345215,3.909320592880249,1
joint_only,172,0.9690232104508749,0.02199221500113957,1.2855,0.654725645305092,0.5183228095238922,0.10158443450927734,3.7083969116210938,1
joint_only,173,0.6521349935864189,-0.4860018894819629,1.2363,0.7167660025589699,0.6236924293209841,0.10159993171691895,2.705580234527588,1
joint_only,174,0.1330837705525898,-0.4099290276616797,1.3923,0.620648483738761,1.084768909211354,0.10095977783203125,3.7073869705200195,1
joint_only,175,-0.30093424347781306,0.05562131623466937,1.4037,0.710359152029564,2.3291091544550273,0.9526522159576416,9.722141027450562,1
joint_only,176,0.1825922553172432,-0.6717944604059854,1.0952,1.0554603593280127,1.4388821343702942,0.15258121490478516,3.138279914855957,1
joint_only,177,-0.7473908085229743,0.6172053593037848,1.0485,1.666584787798906,2.868293364006648,5.627530813217163,9.819902420043945,1
joint_only,178,-0.36830222225822007,0.19338474033567887,1.2155,0.7734187855744673,1.0844935648572358,0.05103802680969238,2.708890438079834,1
joint_only,179,0.06166400570641384,-0.17713058396165293,1.2118,0.6429480274478969,1.015653133920826,0.5017354488372803,5.2120888233184814,1
joint_only,180,0.7732876662352792,0.5829469752557884,1.2335,0.9434235619204705,1.1266968281693268,0.10152244567871094,3.2083208560943604,1
joint_only,181,0.986790785419297,-0.49398576708838293,1.3645,1.2692849971923137,1.4380519126538056,0.551959753036499,4.709347486495972,1
joint_only,182,0.2656057103225853,0.413672739265866,1.3367,1.2617731476241227,2.680919003826257,0.2516815662384033,6.216902494430542,1
joint_only,183,-0.47337465166537035,-0.518136734502522,1.4921,1.2754780883784136,2.4910385967331985,0.25150537490844727,5.511301040649414,1
joint_only,184,0.44542089141986874,-0.02430810636723002,1.0492,1.2632672315682931,1.193469640569759,0.10107254981994629,2.513180732727051,1
joint_only,185,-0.09517379708833662,0.379007629833947,1.2013,0.7524651832479397,0.7433843029697937,0.10152554512023926,3.209047317504883,1
joint_only,186,0.04403133519715996,-0.32890680089846874,1.1697,0.8281620614127003,0.8183977299225595,0.4028441905975342,4.418352365493774,1
joint_only,187,-0.4127544382190081,0.4930154636792571,1.4308,0.9755407516757467,1.8600916977321418,0.25612831115722656,4.218261003494263,1
joint_only,188,0.9236277239317321,0.1147030063858252,1.1243,1.536110495086086,1.7546153469841657,0.10257554054260254,3.2114932537078857,1
joint_only,189,0.37111736118755023,-0.2828396854611636,1.0951,0.8205311571555253,0.696011482540149,0.10126709938049316,2.1091690063476562,1
joint_only,190,0.3559842022503137,-0.010024459624534132,1.2243,0.3623317527913882,0.3265276384237185,0.05144238471984863,1.5080304145812988,1
joint_only,191,-0.5723803883696872,-0.3146938788489167,1.2109,1.088270139157519,1.6119749111652968,0.10118436813354492,3.6081621646881104,1
joint_only,192,-0.8065387143536853,0.04002842701318898,1.1393,0.5836557245809745,0.45601289040559756,0.05118274688720703,2.5116636753082275,1
joint_only,193,-0.19499397404507146,0.3854075366193458,1.1249,0.819880791600374,0.9903602943089027,0.4015932083129883,4.3115458488464355,1
joint_only,194,-0.6203174712580108,-0.19712726277005532,1.4616,0.559356204168485,2.1465241162355078,0.251511812210083,6.813458204269409,1
joint_only,195,-0.41862373464890457,0.2493750289720732,1.2216,0.5708505633735745,0.4846189468344598,0.10112738609313965,3.4099669456481934,1
joint_only,196,0.5024058169337922,0.002703385159597227,1.4307,0.8200694801365751,2.026515255490449,0.15116119384765625,4.509477376937866,1
joint_only,197,-0.5130733252995743,0.5052110712724055,1.2752,1.0739432341931305,2.044202588455832,0.5521714687347412,7.117075443267822,1
joint_only,198,0.04269550282267098,0.5585673086266344,1.0253,0.9141093719757858,0.6398068690401054,0.6533288955688477,3.514554738998413,1
joint_only,199,0.1296713615490115,0.09713811948720619,1.4996,0.6551137844231877,4.058310860672823,2.314091444015503,10.621914863586426,1
joint_only,200,0.9744584358825197,0.03349299425157315,1.418,0.6871161522688293,1.6606735022356471,0.15118932723999023,5.51059103012085,1
joint_only,201,0.5287469732091561,-0.5334113550358048,1.4845,0.8209551189532877,1.0762176947105382,0.10121345520019531,5.811507940292358,1
joint_only,202,-0.032373009478670944,0.26887437974836936,1.4632,1.1720169187927862,1.933631879557217,0.10106563568115234,4.310991048812866,1
joint_only,203,0.020563634122989782,-0.5874109250148023,1.4243,1.0152293284280038,2.6546789602732095,0.5522928237915039,7.414626359939575,1
joint_only,204,-0.6259185658551252,0.5222367467162697,1.0832,1.3904239079306933,4.3176168815540725,1.854306697845459,8.316287994384766,1
joint_only,205,0.29890791364644986,-0.19477028488244097,1.2428,1.0532192225729895,2.8407076235615976,0.6524817943572998,10.425191640853882,1
joint_only,206,0.7182555351212587,-0.7366356003916756,1.1069,0.8008448189725174,0.8647921969050051,0.15203309059143066,2.408754587173462,1
joint_only,207,0.19211808502296313,0.5208816169511331,1.2005,1.5553559507284564,6.884363569276675,3.067798376083374,12.73217511177063,1
joint_only,208,0.5887274737535213,-0.12165254921740487,1.0293,0.7098291732364663,2.846049987894122,1.2032184600830078,6.713088750839233,1
joint_only,209,-0.5938213856072367,-0.5006442805404492,1.1895,1.117144751636576,1.2830944000142552,0.05104637145996094,3.410290479660034,1
joint_only,210,0.9402245759169743,-0.24507078261374604,1.4927,1.4440574690556383,2.0686893112504166,0.25136661529541016,4.209388256072998,1
joint_only,211,-0.8470467870419227,0.16870034915096044,1.1326,2.0671562306520865,5.418062470269923,1.9568934440612793,10.62155795097351,1
joint_only,212,-0.5783504735933301,-0.1733064539990693,1.392,0.5645065539218687,1.5805179623538068,0.30185484886169434,5.714832782745361,1
joint_only,213,0.12235051047652279,0.07505901379774027,1.2275,0.6893257693310422,0.7421216150958825,0.10119986534118652,2.309126853942871,1
joint_only,214,-0.456967114484549,0.4909265936915409,1.2115,0.8393388043055042,0.7004815425730492,0.7037389278411865,3.809904098510742,1
joint_only,215,-0.8005585583250759,-0.09438001741886093,1.4787,0.6543774737538297,0.6542541406282396,0.1010274887084961,2.7088003158569336,1
joint_only,216,0.664095736289511,-0.12018114105621003,1.4977,1.3564355533286685,3.0361868805453445,0.7526516914367676,6.413400650024414,1
joint_only,217,-0.07868761334510388,0.025945815217491397,1.2779,1.0379623086072352,1.8929592135828182,0.05094003677368164,3.815840721130371,1
joint_only,218,0.8350591008487913,0.5569626449716115,1.3592,1.162997197293615,1.392019734647545,0.1016998291015625,3.016244649887085,1
joint_only,219,0.40340709469972924,-0.1813992489112155,1.0774,1.111465722211806,1.3621073611759693,0.15243053436279297,3.4150876998901367,1
joint_only,220,0.5460569575755418,0.1623614961845481,1.1484,0.4300100928381837,0.5337568112885239,0.10214352607727051,2.613962173461914,1
joint_only,221,-0.4150097531624425,0.18018062970465287,1.4844,0.9326416035314199,1.1363528554809557,0.15228700637817383,2.7121238708496094,1
joint_only,222,0.7124336812096612,-0.4976796343373456,1.2896,1.5707645423173175,2.5092666450543004,0.15234136581420898,5.6122705936431885,1
joint_only,223,-0.6759071595509779,-0.40888140956675006,1.2711,1.325275570581078,1.6388290340917748,0.15116238594055176,4.60946798324585,1
joint_only,224,0.7724957715717773,-0.19726983030424305,1.374,1.4676908379256348,1.6619278018889638,0.25148868560791016,6.6132872104644775,1
joint_only,225,-0.2919811986226717,0.4885654146480186,1.0286,1.5351141553946246,3.8897617088429683,1.1540889739990234,7.515912294387817,1
joint_only,226,-0.46096944230057385,-0.7065447518773718,1.2921,1.417701778631415,1.8978485062143415,0.05101323127746582,3.2097976207733154,1
joint_only,227,-0.03773654072566912,0.48353093101976363,1.2514,1.4158552265013378,2.377835896528398,0.2514216899871826,5.211695909500122,1
joint_only,228,-0.35882275493917826,-0.22130263117817528,1.4264,0.9892936301000809,2.359265389572295,1.1531925201416016,8.016576528549194,1
joint_only,229,0.36406313535698365,-0.18046838988923564,1.0787,0.7664963561168125,2.073281231394286,3.9133901596069336,8.93648076057434,1
joint_only,230,-0.2893688645879192,0.5601748437660033,1.4804,1.1557743699217746,1.2973941275512242,0.20226240158081055,3.512383460998535,1
joint_only,231,0.8483035282296632,-0.07326953360516819,1.0401,1.5208207946718182,1.5219983289929913,0.10103392601013184,3.1092307567596436,1
joint_only,232,-0.030226834141979353,-0.7121271703681586,1.0929,1.2814465357523517,1.3045506706600898,0.0509798526763916,2.304847478866577,1
joint_only,233,0.3825538316954238,-0.38866232021478003,1.2975,0.5855746330190809,0.6812818498673195,0.1010284423828125,2.209303855895996,1
joint_only,234,1.0780851221544403,-0.020701689516109623,1.3376,0.7670925572420897,0.7716138526361779,0.1512305736541748,3.207009792327881,1
joint_only,235,-0.8365496790829209,0.5132465602141257,1.1176,2.132540221645872,4.681392367903608,0.20141124725341797,8.115417242050171,1
joint_only,236,-0.3298225525979577,0.018440575456700192,1.0599,0.8483572327649374,0.9018988626702638,0.30136823654174805,3.6085011959075928,1
joint_only,237,-0.46387303937048446,-0.7278917314232478,1.4451,0.7957634527156713,0.9891784876226936,0.10109806060791016,2.707624673843384,1
joint_only,238,0.8590501337289052,0.07784560238200366,1.1231,1.6721741571471307,1.6936761439523214,0.10130620002746582,3.9113895893096924,1
joint_only,239,-0.5254141257683229,0.5134020137008949,1.2973,1.527498507806052,1.930081130084269,0.10107851028442383,3.3102962970733643,1
joint_only,240,0.15549489187058407,-0.6784687616510744,1.3097,1.4468727412161189,2.8221069213189462,0.10109496116638184,4.409368276596069,1
joint_only,241,-0.7088930401723994,0.08573099840681742,1.2096,1.2872519910582463,1.6814476823523745,0.10151410102844238,3.3092448711395264,1
joint_only,242,-0.30080901372047286,-0.2543056875771598,1.2918,0.628624156912527,0.5643141017495455,0.10130095481872559,2.111192226409912,1
joint_only,243,0.2496139970684501,-0.08890674737843696,1.2614,0.7202859023051884,0.788287872366697,0.753211498260498,3.7177491188049316,1
joint_only,244,0.5789578966707161,-0.44767191981630017,1.4674,0.5288000291529594,1.5033586642853067,0.45739054679870605,6.6173415184021,1
joint_only,245,0.30644445864790515,-0.67234093227264,1.1021,0.7463433169285218,0.7029029090563638,0.10193181037902832,3.513481855392456,1
joint_only,246,-0.2105286084007837,0.3162333679467594,1.3581,1.1923486162239367,3.20221806212606,0.7534275054931641,8.117849826812744,1
joint_only,247,0.5702701147955418,-0.062194931532683295,1.1193,1.040397346414489,0.945499174197783,0.10138535499572754,3.006617784500122,1
joint_only,248,-0.3846311701200903,0.3824465844843504,1.1979,0.9388195375641796,1.0646115715579068,0.10097026824951172,3.0059738159179688,1
joint_only,249,-0.33360833801021395,0.06797693627812573,1.3358,0.4335747901258496,0.4692183559364355,0.15140724182128906,3.7084057331085205,1
joint_only,250,0.9451155065661652,-0.555011201117347,1.15,1.4340088281176702,1.5299992118075885,0.20137715339660645,3.006457805633545,1
joint_only,251,-0.5060665350418558,0.001571901697864142,1.1581,1.5534978045627126,2.512902325058329,0.20149850845336914,7.415215730667114,1
joint_only,252,0.7256041950613934,0.16216834586052575,1.3759,1.3635130726468219,2.5589904283172107,0.1510756015777588,4.508615255355835,1
joint_only,253,-0.3781580064410935,-0.07053009995432491,1.0363,1.376286028546613,1.275302988628589,0.10111737251281738,3.1094045639038086,1
joint_only,254,0.9981256112588675,-0.6888275611796729,1.2291,1.415522974695621,6.323865317085183,0.15137672424316406,11.227662086486816,1
joint_only,255,-0.515099665957625,0.037356746779313,1.4992,1.6994112580337484,3.946947269783764,2.018256664276123,8.318890810012817,1
joint_only,256,0.5092869696832367,-0.3344424638701152,1.498,0.9841043645694916,1.618547187914266,0.10177397727966309,3.9094977378845215,1
joint_only,257,0.998536181422826,-0.09142966631264471,1.0366,0.8249115063653518,2.8884561223126504,1.5037107467651367,8.71877670288086,1
joint_only,258,-0.24054286203186737,0.3959298614830308,1.1066,1.5447714309654363,1.878919408999049,2.258347511291504,7.314192295074463,1
joint_only,259,-0.41712248449577255,-0.5773410989420189,1.1326,0.8821002750520006,0.9154878295662827,0.10165810585021973,3.1086997985839844,1
joint_only,260,-0.19936782181169288,0.2528295440805183,1.4666,0.7726975030578798,2.1382404341427814,0.20170164108276367,4.711907863616943,1
joint_only,261,0.19627174148791826,0.34345362848873606,1.4404,0.5015493229120263,0.3927481980969095,0.1011512279510498,2.807985305786133,1
joint_only,262,0.8830078970041229,0.10319602056248656,1.4396,0.8113801496318394,4.026080312758898,0.7024438381195068,6.919858455657959,1
joint_only,263,0.851535968071643,-0.713775829491568,1.1848,0.9075240700080889,0.7718022964829976,0.2022686004638672,4.51947021484375,1
joint_only,264,0.9882321784525603,0.3545281659530163,1.0789,0.9576518665258984,2.446693236724394,1.6612615585327148,8.418375492095947,1
joint_only,265,0.6475671886614935,-0.19074692470090127,1.4169,0.8664237824418523,3.119493757095697,0.803612232208252,10.620835304260254,1
joint_only,266,0.8586280403173234,0.6091306866798317,1.3518,0.8312399902015766,3.235068745166621,1.1540889739990234,7.616112947463989,1
joint_only,267,-0.03787042148684694,0.27043808238313705,1.3058,1.0988166264947417,1.317675336137409,0.20161914825439453,4.810716867446899,1
joint_only,268,-0.17013888355598095,-0.3483336254672917,1.4936,0.6687107849149833,3.1574456866694587,0.5519301891326904,6.815220355987549,1
joint_only,269,-0.7895712981407308,-0.7184412136762894,1.327,0.603619432817548,0.6608913450847894,0.05168867111206055,2.907528877258301,1
joint_only,270,-0.11126458532951089,0.1908353664202781,1.0039,1.338186412893687,1.6330348137603217,0.101318359375,3.3067095279693604,1
joint_only,271,0.685535818571624,-0.6201492828229554,1.4086,1.2565448872576475,1.86735902074747,0.10164666175842285,3.910731554031372,1
joint_only,272,0.9994588681815753,-0.10079032354267892,1.1497,0.8366871479992666,0.8320263493516794,0.10160660743713379,2.107891798019409,1
joint_only,273,1.0914962170034874,-0.42468308229914875,1.3317,0.27694787565329876,0.5082630340495001,0.1515791416168213,3.2086360454559326,1
joint_only,274,0.33153432744989875,-0.038565985863317165,1.4695,0.9769757333480159,1.4383539900044624,0.15203642845153809,3.2100818157196045,1
joint_only,275,-0.43599633362291246,-0.48683382781379425,1.0671,0.9416896082261168,0.9859836524620127,0.20306611061096191,3.1093966960906982,1
joint_only,276,-0.7583558150513484,0.5885470138134749,1.0577,1.1787868392712104,1.4933959901620066,0.20313739776611328,3.110065460205078,1
joint_only,277,1.0989073044852347,-0.5040679275724245,1.0535,2.2122361347545407,3.0009016375855078,0.10133028030395508,4.3131303787231445,1
joint_only,278,0.5065128649826163,-0.5315470246890391,1.2766,0.6352872899404582,0.8769672721316447,0.10126757621765137,3.0085275173187256,1
joint_only,279,-0.4293934874215611,-0.005197142944449729,1.1362,1.0685883933406264,1.1616268896060182,0.0509488582611084,3.707568407058716,1
joint_only,280,-0.6916730882776498,0.4626312252541428,1.3024,0.47249010631394706,0.6764981630159312,0.1013038158416748,2.8081493377685547,1
joint_only,281,0.8884986943003128,0.5700651585676811,1.3588,1.6286607914930813,1.752666288155059,0.05114030838012695,3.1097373962402344,1
joint_only,282,0.4256896056265411,0.013878027216957523,1.1018,0.9679350023821842,1.2113427968851607,0.05137991905212402,3.0061521530151367,1
joint_only,283,-0.13433135928159368,-0.3860983011133118,1.3171,0.6522202106279588,0.8512209632151653,0.05093979835510254,2.1051950454711914,1
joint_only,284,-0.7123664000710418,-0.4404682805209592,1.132,0.5251930958456438,0.5488993771605978,0.051090240478515625,3.4118685722351074,1
joint_only,285,0.8140921036446596,-0.06266867188279923,1.2443,1.6666834104583366,2.1303323108805214,0.051259517669677734,3.4121944904327393,1
joint_only,286,0.7615176744636456,-0.2651101483423867,1.4527,0.2527613532656588,0.3232874427025301,0.05104494094848633,1.4039359092712402,1
joint_only,287,-0.3437499685242069,0.4642376012519872,1.4231,1.4749799761551816,3.7042299511914933,0.9031572341918945,7.5145838260650635,1
joint_only,288,0.8128529870647874,0.44866223211876866,1.0461,1.306941791879325,1.6289793761937954,0.9529769420623779,7.015509128570557,1
joint_only,289,0.5093884370285202,0.19151342039865282,1.2118,0.40712047544046215,1.7863511855805447,1.6556215286254883,9.429722547531128,1
joint_only,290,-0.5586446813091279,0.46731642313932775,1.1383,1.1207179496836133,1.298444768005494,0.40229153633117676,3.3131003379821777,1
joint_only,291,0.7637687996193596,-0.5659328020914862,1.0018,1.5984445985976579,2.09955246816709,1.2069368362426758,6.417583703994751,1
joint_only,292,-0.5543738860322531,0.3808866911395915,1.3856,1.6290435420149423,4.2229009879335875,0.551830530166626,13.225416898727417,1
joint_only,293,-0.8603432022572358,-0.3486096050176698,1.3186,0.9263545977888873,2.9141355712323684,0.4017610549926758,7.213350057601929,1
joint_only,294,0.3792544105470368,-0.3860298796178444,1.131,1.1674584513279294,1.2756894461408188,0.15108251571655273,3.108973264694214,1
joint_only,295,0.6726535731895666,-0.5960086022517591,1.3706,0.5138545246870664,0.4783383388981434,0.10131502151489258,1.904172420501709,1
joint_only,296,1.0356501516485273,-0.2732676438628453,1.2758,0.509354079044098,0.45064410955764783,0.2015089988708496,4.412113666534424,1
joint_only,297,-0.6698257191224737,0.544751941462884,1.2138,1.8022456477716797,2.284434312735827,0.10100340843200684,5.822285413742065,1
joint_only,298,-0.2764902103114102,0.23002844979861703,1.0048,0.5456623191549168,1.0961400281022986,0.757056474685669,4.820056676864624,1
joint_only,299,-0.18745978111923978,0.11013792141251366,1.0376,0.22539026001232154,0.25026634927557206,0.5537686347961426,2.9082603454589844,1
joint_only,300,1.0564551369096007,0.5882381731625402,1.4416,1.311560509484071,1.9147989209989615,0.8038663864135742,6.01412296295166,1
joint_only,301,0.6298776543313227,-0.7092175767856067,1.452,1.567536433314818,2.487127261349897,0.30150890350341797,7.114260196685791,1
joint_only,302,0.09549080338204752,0.31553979206790805,1.2728,1.4220349816765847,2.2590561089471213,20.53651237487793,6.869810581207275,1
joint_only,303,-0.33067194742973827,0.6270490632166953,1.4173,0.618417786137285,0.5730402593577112,0.15308403968811035,2.3087830543518066,1
joint_only,304,-0.5486975863981116,0.34906831998240306,1.2913,0.39637200621653274,0.3469530528545072,0.15294861793518066,4.418762683868408,1
joint_only,305,-0.7097207675893997,0.19200604105065588,1.074,0.4238511668526068,0.2946656451342767,0.15248465538024902,1.4046828746795654,1
joint_only,306,1.0116115803803134,-0.535446456693043,1.0637,1.7213021598162859,4.843207313446086,4.620354175567627,11.124361753463745,1
joint_only,307,-0.041100457852425554,0.1343346520904536,1.1541,1.351342521830482,1.774806289098624,0.050986289978027344,3.5093419551849365,1
joint_only,308,1.0772436982563796,-0.18057507532313088,1.4495,1.2200780282767671,5.004360616191046,1.4034395217895508,11.723387956619263,1
joint_only,309,-0.4506264766222849,-0.7002217701166814,1.3981,1.5208093117697798,1.5087908331504336,0.10125851631164551,3.107032299041748,1
joint_only,310,0.8401580511821607,-0.09280958820580043,1.4304,1.408271134174639,1.357421591969746,0.10116744041442871,3.111100673675537,1
joint_only,311,0.8486111188880205,0.32404407573585325,1.4495,0.40986387350422776,4.753917196651457,0.4516024589538574,13.225916624069214,1
joint_only,312,0.6353495500490238,0.11742672192156478,1.105,0.4546614414091134,2.2003735471912873,0.8025355339050293,10.321208715438843,1
joint_only,313,0.9521204343706913,0.10427753215149416,1.1248,0.5748655310463683,0.6374320942199969,0.4544661045074463,3.7159156799316406,1
joint_only,314,-0.6404951694765342,-0.5709947215136957,1.0514,1.7312720050750823,2.0714069719313986,0.5536582469940186,5.014662504196167,1
joint_only,315,-0.4755599916799326,-0.06754909277726562,1.3901,0.629048389413029,0.0,1.4085423946380615,0.0,0
joint_only,316,-0.3398550724096364,0.3528462042754966,1.4421,1.0474548610424004,2.08961338874311,0.5553784370422363,3.7117528915405273,1
joint_only,317,-0.8499680899021446,-0.6434579761702761,1.2032,1.2732129048392025,1.4958259543342804,0.10129499435424805,2.8098549842834473,1
joint_only,318,0.31624072637246003,-0.3422556168534173,1.3103,1.292001392357532,1.5140002180665824,0.050956010818481445,2.7105302810668945,1
joint_only,319,0.6726646599866193,-0.6885637339713573,1.0773,0.5097990899970685,0.47740993279006017,0.1013944149017334,3.109462261199951,1
joint_only,320,-0.39326677856047054,0.6126744031490593,1.4649,1.750531819926157,2.713843633165659,0.1010901927947998,3.9078941345214844,1
joint_only,321,0.3521846654185121,0.22218686952759892,1.4323,0.9673812412637701,1.4684853945660352,0.10114598274230957,3.107137680053711,1
joint_only,322,-0.22595368706040808,-0.03166420198940645,1.4881,0.7404823654574074,2.3811394476839234,0.7023177146911621,5.912338018417358,1
joint_only,323,-0.8071914383755114,-0.6350331449090014,1.4054,0.9082789506401158,0.7672384906817753,0.15109753608703613,3.1086676120758057,1
joint_only,324,0.2518659612544083,0.20432486759460322,1.4407,1.227438616276839,2.5786657028445816,0.10185837745666504,4.810919523239136,1
joint_only,325,-0.5410495219625238,-0.599323787380534,1.0124,1.1754968425366892,5.544155335313119,0.5520002841949463,12.824554204940796,1
joint_only,326,-0.8103962609555775,0.5433556263388298,1.3683,1.3926089445002579,3.206577021608946,0.3515002727508545,8.117732286453247,1
joint_only,327,0.5323579495517163,0.45371157602712164,1.1661,1.344522072240605,1.2678327668920062,0.15243744850158691,3.6155927181243896,1
joint_only,328,-0.20020971838015844,0.3765697062877079,1.4654,0.6727892243336913,0.8106150905633729,0.4176638126373291,2.810060977935791,1
joint_only,329,0.21232808953670523,0.37996713592846654,1.4011,0.40403988329480023,0.41936310583956066,0.25239062309265137,2.6083266735076904,1
joint_only,330,0.17033007397537636,0.2622040028918261,1.432,0.14469867694012817,0.11421206890862083,0.15291213989257812,3.3153433799743652,1
joint_only,331,-0.38324139019188974,-0.5237856095244792,1.4054,0.9736580642903601,0.897070652986942,0.10175943374633789,2.5063066482543945,1
joint_only,332,1.0611649370335183,-0.28010518210649915,1.1334,1.4397171790793948,1.4731641279037797,0.10106801986694336,3.0114500522613525,1
joint_only,333,0.4325588110427365,-0.05847908559338699,1.3937,0.5511069203566129,0.6699475738460903,0.10136938095092773,2.5074474811553955,1
joint_only,334,-0.42020270268136595,0.6259628006619636,1.054,1.1128031401009055,2.747950786466765,1.053701639175415,12.325071573257446,1
joint_only,335,-0.47750686225843436,0.19163360510059435,1.4361,0.604633740904423,0.8039331028656319,0.15110564231872559,3.7070488929748535,1
joint_only,336,-0.3622725149707745,-0.10735605744017929,1.4293,0.4658743278091923,0.5271837722709352,0.15100383758544922,3.7096614837646484,1
joint_only,337,0.5990443250183624,-0.1583721584683444,1.1112,1.0145403469115628,3.2375249165372777,0.852942705154419,9.320251941680908,1
joint_only,338,1.0845214353248667,-0.6878899709992491,1.4083,0.8626971113231205,0.8141030830082806,0.10117626190185547,2.907771110534668,1
joint_only,339,-0.0036642391662317086,0.2535040254103976,1.2302,1.3747283847277825,1.622141488445056,0.15153050422668457,3.607602834701538,1
joint_only,340,0.9121910944703144,-0.16355544647587217,1.1526,0.9074233916724113,1.5658222978540335,0.10113406181335449,4.210516691207886,1
joint_only,341,0.9353041510122815,-0.4535501523062141,1.3977,0.3971258237732916,0.38947784425422444,0.10112690925598145,1.6074879169464111,1
joint_only,342,0.5800300104270868,-0.5622260006351449,1.1138,0.5326885227955546,0.4766551572260604,0.15144729614257812,3.710538148880005,1
joint_only,343,-0.5168680782191803,-0.4166154715545921,1.0118,1.202205116527887,1.6751421515906137,0.25153207778930664,5.617351055145264,1
joint_only,344,0.8203912550585057,-0.06661022524040017,1.0966,1.2246335049040094,1.282396631717052,2.181607484817505,3.3177711963653564,1
joint_only,345,0.00959501541528296,-0.03564095570060566,1.1641,0.6867431711884278,0.7966716598407835,0.1521923542022705,2.8121960163116455,1
joint_only,346,-0.5488956845364849,-0.2056539686404807,1.4322,0.5201485056407347,1.2554175525503706,0.10461616516113281,3.8095602989196777,1
joint_only,347,0.4286520691208411,-0.2961888517552692,1.4834,0.9093135987843449,1.3247130136864584,0.10138440132141113,3.907776355743408,1
joint_only,348,1.0491853113456757,-0.11949317013887961,1.1396,0.8405298131069279,0.6966865727823396,0.10135340690612793,2.506225824356079,1
joint_only,349,-0.5365398321164943,-0.028830594684031707,1.3207,1.4706488344951563,1.877380058378791,0.1511237621307373,3.908888339996338,1
joint_only,350,-0.018980928102300676,-0.4012665894645965,1.1998,0.585738210216001,0.6348396551136066,0.05103302001953125,2.4055964946746826,1
joint_only,351,-0.5419229385403174,-0.5126911968198515,1.4906,0.6985964935261929,0.6344520634142553,0.10107564926147461,2.1095967292785645,1
joint_only,352,0.44266057374641776,-0.09085717671975568,1.2681,1.0133434261563852,3.5688289963631954,0.7524335384368896,9.417474746704102,1
joint_only,353,0.2871723502343628,0.45000473942521746,1.4696,0.6381587261961658,1.0230051714847253,0.25137948989868164,4.911788702011108,1
joint_only,354,-0.3383562699733266,-0.6645626597332814,1.0577,1.604277789750785,1.90950872669459,0.2516007423400879,4.3099541664123535,1
joint_only,355,-0.7950211023950139,-0.5752209781502231,1.4852,0.6242837028868612,0.799820771710215,0.4516468048095703,2.004455804824829,1
joint_only,356,-0.24637859993608047,-0.046059372862148784,1.0893,1.17386233572397,2.9696105496609255,0.8024463653564453,10.529417037963867,1
joint_only,357,1.0825009037044344,0.5830730889031267,1.4813,1.4062851986604616,1.614912862402468,0.15233397483825684,3.3134891986846924,1
joint_only,358,0.3937357167503217,0.4495197366705105,1.1327,0.7872948846306219,0.8394573877395618,0.20212292671203613,3.3099284172058105,1
joint_only,359,0.09589392206921576,0.1732714898683474,1.0542,0.3390956304650892,0.733441704710391,0.10119962692260742,4.00827693939209,1
joint_only,360,-0.2626828557662596,0.22523136800015264,1.2173,0.495939056477757,0.4269799654564984,0.10133814811706543,3.1066322326660156,1
joint_only,361,1.04936567538461,-0.6139804165053391,1.3643,1.4506137272385615,1.6371691610376822,0.10114860534667969,3.5089614391326904,1
joint_only,362,0.8476579481762156,-0.4995961892992917,1.1568,0.3735094565705361,2.874289251402579,0.30152297019958496,7.214396953582764,1
joint_only,363,0.999225382997514,0.1957827908699734,1.3031,0.5998738313459526,3.9026848822721645,0.7522177696228027,7.21508526802063,1
joint_only,364,0.8491696792368195,0.04101779188175203,1.2557,0.22692139482133594,4.398134866854295,0.4522123336791992,8.115728378295898,1
joint_only,365,0.4936420205445542,0.18652939205793684,1.1926,0.6718195055666968,0.4229360200483287,0.10111403465270996,2.908973217010498,1
joint_only,366,-0.09236074799345795,0.15179411045501023,1.2883,0.8012971034503261,0.5978385894763415,0.10117197036743164,2.3049123287200928,1
joint_only,367,1.1078380044774612,-0.676756658605596,1.1274,1.4637163143108805,0.0,1.1554145812988281,0.0,0
joint_only,368,0.8528333385684477,0.3319976550960678,1.3544,0.825201696641533,0.972842196873853,0.10117554664611816,3.508568048477173,1
joint_only,369,0.8682178424992715,-0.18771119805148062,1.0008,0.9486430303711827,0.7918214711562774,0.15346431732177734,2.1235110759735107,1
joint_only,370,0.7281506569275744,0.30437977518307,1.4628,0.6385754781398653,0.8336093430941662,1.012488842010498,4.42525577545166,1
joint_only,371,0.7479474164588928,-0.577832757920784,1.2692,1.0883126821953493,2.5396290405550657,0.6536424160003662,4.813236236572266,1
joint_only,372,-0.22967088513766432,-0.23948185108669928,1.3597,1.2228905535883332,1.6561581739842124,0.10199451446533203,3.1112587451934814,1
joint_only,373,-0.10287784328217475,-0.12649496251664283,1.371,0.466543437693708,0.2705000687455051,0.2515602111816406,2.8074862957000732,1
joint_only,374,-0.42255159876443377,-0.6424288007421585,1.3353,0.672190143744666,0.6359893809266018,0.1017904281616211,2.3053104877471924,1
joint_only,375,0.354829865791056,-0.10615918381801348,1.1821,1.1226917749652503,1.5158987857410133,0.10123038291931152,3.211190700531006,1
joint_only,376,0.1558200981399842,-0.08460410013674957,1.035,0.5550861059486281,1.3891719256523125,0.1011049747467041,3.7098615169525146,1
joint_only,377,-0.11945228356643134,-0.19501749904765864,1.3321,0.23329222306954167,0.367007662819946,0.05178475379943848,2.3054051399230957,1
joint_only,378,0.3318678939166073,0.3079496013588844,1.1651,0.843611785762685,2.143949036574903,0.15102410316467285,4.212207317352295,1
joint_only,379,1.0208479653826805,-0.7179484314026792,1.157,1.2918428312534123,0.0,20.0203218460083,0.0,0
joint_only,380,0.4102948834544231,0.4908939742572821,1.424,0.1612372130975642,0.30673467168134166,0.40518689155578613,2.2097132205963135,1
joint_only,381,-0.7535500324460904,0.5409151008307768,1.3599,1.2651292207813272,1.4505530389774932,0.20309138298034668,2.9130916595458984,1
joint_only,382,0.08999782670729739,-0.39018899595202206,1.1502,1.405698393222784,3.336143930761867,2.0606696605682373,6.32531213760376,1
joint_only,383,0.7185973295043389,-0.0021924058482002406,1.1546,0.8268422090710411,0.903044567300281,0.10150766372680664,2.2087907791137695,1
joint_only,384,0.5464106363103696,-0.3684146229921246,1.2042,0.42957424166618124,0.8207482773097751,0.05134773254394531,3.1071367263793945,1
joint_only,385,-0.5139619892222635,0.19285593134788648,1.2012,1.1541455708793225,1.322468490197593,0.05092501640319824,4.011552572250366,1
joint_only,386,0.5323296907338615,-0.596151107667822,1.1478,1.4406647576610951,1.889172841820993,0.05108833312988281,3.4095394611358643,1
joint_only,387,1.0355210667208832,-0.07860828140682341,1.0636,0.8102490212816212,0.76458896766771,0.20119118690490723,4.610037803649902,1
joint_only,388,-0.7869563598817484,0.1269499900661868,1.2102,1.872603643437002,2.2853127986917983,0.10105490684509277,3.6091673374176025,1
joint_only,389,0.7506323193838982,0.4718996806407124,1.4702,1.6842171150413823,1.8379728940282851,0.051009178161621094,3.107792854309082,1
joint_only,390,0.3379643199026656,-0.17824688248558762,1.3387,1.0181257919288467,1.2490319473023206,0.05158662796020508,3.3113298416137695,1
joint_only,391,-0.17251882622201276,-0.4175398519690616,1.4514,0.39561895953928244,0.47014031221246777,0.05122566223144531,3.711622953414917,1
joint_only,392,0.7574215792941106,-0.1607836394865998,1.3078,0.974821802198827,5.763216489088094,0.7021703720092773,11.322137117385864,1
joint_only,393,0.3634891815089678,-0.1222712094150471,1.1505,0.7521991387896149,0.4244741373214468,0.10253119468688965,1.9045829772949219,1
joint_only,394,0.587483762479369,0.44248318454439606,1.274,0.5966680497123696,0.705340117341492,0.10100650787353516,2.3081765174865723,1
joint_only,395,-0.8261483224561612,0.13906884160904753,1.0002,1.6921060062347457,2.997670706512279,0.7524914741516113,7.028387784957886,1
joint_only,396,-0.41328085549813676,-0.20589516162582278,1.1435,0.4084171424855358,1.0879400205443088,7.652798175811768,4.914128303527832,1
joint_only,397,1.0847909010659067,-0.5555317799870487,1.2149,1.3230620596171692,1.724542859365366,0.20136165618896484,6.914213180541992,1
joint_only,398,-0.024308363217431572,0.24297933001433425,1.29,1.368353351239031,2.5742820608625263,0.9532952308654785,8.616560459136963,1
joint_only,399,-0.6185225183019238,-0.5999533417461554,1.3274,1.0466917889161922,0.9627617026127175,0.10092949867248535,3.3072686195373535,1
joint_only,400,-0.3296135588784648,-0.6338777870091323,1.2325,0.32721631084678604,0.34008738452860393,0.10136198997497559,4.409119129180908,1
joint_only,401,-0.49271896240745156,-0.2986874736532744,1.2211,0.3778961520075478,0.3026951094339793,0.65232253074646,3.9112188816070557,1
joint_only,402,-0.735401943677243,-0.029811847292036453,1.1069,0.50139617632892,0.3402475474427421,0.10136747360229492,3.6076388359069824,1
joint_only,403,-0.40978265365352173,-0.0010236293334023872,1.2366,0.20237650610095417,0.3323038491382702,0.10100865364074707,2.004939079284668,1
joint_only,404,0.18332233294474665,-0.2973654232194739,1.4506,0.5588290227460875,0.647338536830463,0.10101056098937988,2.2087762355804443,1
joint_only,405,1.097384213940354,0.16636704685304626,1.398,0.9717359480676087,3.6570576906253605,0.6522607803344727,9.32264494895935,1
joint_only,406,0.0490375235463294,-0.6603644212665211,1.0848,1.6230939157539244,3.2304718147524465,0.2531704902648926,6.218532562255859,1
joint_only,407,-0.5255495682471185,0.20506671998759485,1.0424,1.247533091621272,1.5140494971805285,0.15213656425476074,2.914273738861084,1
joint_only,408,-0.6813872768002017,-0.12419033358125353,1.2577,0.6023272965927787,6.329582985224782,1.9070827960968018,13.231978178024292,1
joint_only,409,0.4448550379336662,0.3499482461250879,1.3165,1.1218975791862673,3.2047177657357278,0.6018600463867188,8.716232776641846,1
joint_only,410,-0.0815558548659513,-0.5335803976840064,1.1676,1.3004368993174509,1.2984674201861253,0.1012115478515625,3.0081334114074707,1
joint_only,411,0.19719503221606915,0.41395374647320293,1.4092,1.0618248174296767,1.5009675212960172,0.30143070220947266,5.109690189361572,1
joint_only,412,-0.6963553755460551,0.2947415577626141,1.3756,1.0534514805230237,1.8039812790867784,0.20145153999328613,6.61358642578125,1
joint_only,413,0.6769796697627048,0.2308152146988497,1.3364,1.6165504378530058,2.2986495521582118,0.4020214080810547,3.5105488300323486,1
joint_only,414,-0.35151088643670947,-0.24817257613413274,1.1123,1.304109958192726,1.280282133848516,0.10093355178833008,3.5141258239746094,1
joint_only,415,0.2246360410919297,-0.3232095971558756,1.0996,0.6292297094022857,0.5778342380491603,0.10094285011291504,3.512913703918457,1
joint_only,416,0.3173779687207434,-0.03445646634501198,1.0122,0.5215486214170915,0.8317923396443855,0.10204958915710449,3.6156325340270996,1
joint_only,417,1.0934571853798056,0.4268578919417617,1.1224,1.0070471797633582,2.4529173365962524,1.5060782432556152,4.814319849014282,1
joint_only,418,-0.6423617993909864,0.3801758994668972,1.2376,1.8013384584660788,2.035707239398796,0.2028064727783203,4.21555495262146,1
joint_only,419,0.8474883597929666,0.36434149976161156,1.4249,1.5561952047295349,1.9106762596507758,0.15213441848754883,3.2102229595184326,1
joint_only,420,-0.7126179809924182,-0.18930523437666813,1.0364,1.8366211660203215,3.037301916255642,0.10094571113586426,6.415278196334839,1
joint_only,421,-0.1870303420021091,0.5974884159815231,1.2072,1.0318496102389592,1.412731588540325,0.5021281242370605,9.017898559570312,1
joint_only,422,-0.6103360986256564,0.44140789864258345,1.3149,0.31600267921904307,0.5174031126722537,0.10130620002746582,4.008624315261841,1
joint_only,423,0.32859332262243734,0.30784866644071573,1.0972,0.9431551049453964,1.0045407928513466,0.10157942771911621,2.906043291091919,1
joint_only,424,-0.0828498789552754,-0.5418821347690697,1.3482,0.9091045635338327,0.9171350589630763,0.10096955299377441,3.009021520614624,1
joint_only,425,-0.8218408004261168,-0.5572815187012735,1.2472,0.8379636413041247,0.7516208132620179,0.10119271278381348,3.5107297897338867,1
joint_only,426,1.0412595234056818,-0.14874791517439856,1.122,1.8481693862396624,1.7887857032006242,0.10112953186035156,3.108137607574463,1
joint_only,427,-0.0018878331295721917,-0.5978167238243639,1.328,1.0643114389918695,1.061666543025785,0.10146450996398926,2.5094828605651855,1
joint_only,428,0.35502332660749825,0.15037630095506282,1.0028,0.8793130368767809,1.1294104299982959,1.2560136318206787,5.212177515029907,1
joint_only,429,0.6744694635876478,-0.11123421774095399,1.3755,0.5086493342126027,2.32671252354016,0.6519775390625,8.11821174621582,1
joint_only,430,-0.7584789281052013,0.21197840445165217,1.385,1.399355802173721,2.097143507716177,0.9054641723632812,4.718299865722656,1
joint_only,431,-0.5910617512619771,-0.5762170932335826,1.0533,0.8600673086207805,0.8405468980925727,0.6534078121185303,3.210017681121826,1
joint_only,432,0.4988637792377695,-0.6574110693692938,1.2126,1.040269858518502,1.0680341646149387,0.1519620418548584,3.106933355331421,1
joint_only,433,0.7402890741609294,0.10231150812940903,1.0879,0.7235939939053893,0.8139134486478515,0.10137581825256348,3.1094307899475098,1
joint_only,434,0.17159618147289346,-0.15756143053462957,1.479,0.5786475778527038,0.6843521161964959,0.15124225616455078,2.909764289855957,1
joint_only,435,0.018473173963861278,-0.4755886687582688,1.259,0.4957412566376062,0.7454126179689884,0.10106587409973145,3.211393117904663,1
joint_only,436,0.7671801090135448,0.26498615889136656,1.0251,1.0219224176940966,1.025951488238636,0.15156292915344238,3.709038257598877,1
joint_only,437,-0.04818277560771267,-0.08163313565306529,1.1246,0.7713009416083138,0.7061130394341012,0.10144686698913574,2.9072906970977783,1
joint_only,438,0.6338944294280715,-0.5546112643283553,1.4242,0.7488414575242066,0.9649073704194897,0.20151376724243164,3.4081954956054688,1
joint_only,439,-0.8489766246558035,-0.41158919725822996,1.2282,1.493039564764325,1.430120902523911,0.10155773162841797,2.606130361557007,1
joint_only,440,1.028880909044288,-0.07268854364517796,1.4007,1.8094414511236971,1.9325938128050169,0.15153765678405762,3.408478021621704,1
joint_only,441,0.027575877097842483,0.4171466316842324,1.3338,1.0497887796018484,1.393598786383328,0.10102319717407227,6.315742492675781,1
joint_only,442,-0.5756035465765232,-0.2968952764530576,1.4939,0.9484623323477279,2.2704772747080835,0.15246939659118652,4.520537853240967,1
joint_only,443,-0.12798941884108517,-0.2009895932447714,1.2977,0.7696490424993885,1.07590064953159,0.10229349136352539,3.008084535598755,1
joint_only,444,0.8951118534795446,0.5696298592563976,1.475,1.2883768106546745,20.49598164534265,2.4121391773223877,34.46624803543091,1
joint_only,445,0.49088298746352654,-0.14173330754789149,1.4457,1.0527118218853506,1.1532927221921916,0.40186572074890137,3.707808256149292,1
joint_only,446,-0.7968389763566719,0.4960209771940721,1.3063,1.444173162411506,4.339178542859379,1.1033246517181396,10.921163558959961,1
joint_only,447,0.4338394738118614,0.486891775730781,1.3596,1.3039516428523632,1.2382036486123655,0.10145854949951172,3.1121814250946045,1
joint_only,448,-0.7408956556087125,-0.030707377847289496,1.2524,1.317336590454172,1.4178026183289343,0.10386824607849121,3.116396188735962,1
joint_only,449,0.1422238470507209,0.19163296863227752,1.4153,1.0468927382453055,2.0356062290632466,0.10248422622680664,4.021029949188232,1
joint_only,450,0.5467529551402361,-0.6439561223378227,1.2739,0.9119184140024378,1.7036268352786434,0.2537055015563965,5.915018796920776,1
joint_only,451,1.0227857714295696,0.2703364858966756,1.4486,1.045925236860459,1.53600354211883,0.4526557922363281,5.924126863479614,1
joint_only,452,-0.17988819864372618,0.32137395184294404,1.3718,1.3579306028165383,1.1833285690101853,0.10187602043151855,3.106423854827881,1
joint_only,453,-0.5279152973678448,-0.6078043772937921,1.2373,1.129905427083826,2.7595221766861444,0.10131525993347168,4.613746166229248,1
joint_only,454,-0.347677979059842,-0.7142216235435258,1.1296,0.34621444902148457,0.3176365943302931,0.10126471519470215,1.8047783374786377,1
joint_only,455,-0.287428451039753,0.3139126051295956,1.1236,1.125850537834557,1.4502209796480174,0.10130548477172852,3.2069175243377686,1
joint_only,456,-0.4653278463284098,-0.5762150614489756,1.3188,0.9507663151023654,1.1120222854288577,0.10095977783203125,2.4057528972625732,1
joint_only,457,0.403218230518521,-0.01436486891565636,1.3829,1.1483959025808814,1.7878688375714995,0.10101127624511719,3.4082863330841064,1
joint_only,458,0.7100515278593669,-0.3406625215728744,1.2606,0.42589618891497916,0.46504167020123827,0.10130786895751953,2.9065375328063965,1
joint_only,459,0.28136170856676257,0.28485254853617714,1.3134,0.8541296346853334,1.7628515931019662,2.357677698135376,12.525060415267944,1
joint_only,460,-0.6191142307021915,-0.27822044676355917,1.1373,1.1905660935213267,2.3587212506715773,0.10180974006652832,6.214202165603638,1
joint_only,461,-0.13536495875404864,-0.1493263628346746,1.0387,0.6919010823074991,1.0631986910939208,0.05156397819519043,3.4109392166137695,1
joint_only,462,0.9961763104100105,-0.41228821394213816,1.1429,1.1213548090422725,1.1539114336583172,0.1011207103729248,3.808844566345215,1
joint_only,463,0.884885152214772,0.1443440565882531,1.1359,0.567097778599269,0.7231418079627242,0.15279698371887207,3.71561861038208,1
joint_only,464,0.8342353327923302,0.42011070136044204,1.1599,0.4163312593460059,0.3065242692456328,0.10565304756164551,3.0086801052093506,1
joint_only,465,0.6234931027751236,-0.11021873074533162,1.2701,0.6541652068374886,1.5354720600251293,2.070807456970215,7.0178539752960205,1
joint_only,466,0.6659188389624542,0.15856636497379228,1.0692,0.4516149061696157,0.34363117140291494,0.10108017921447754,2.6081392765045166,1
joint_only,467,1.0786154237375754,0.5449712033670414,1.1156,0.5606349541718886,2.9336814940157034,0.6021654605865479,9.318470478057861,1
joint_only,468,-0.6119135710130583,0.25449639631979604,1.347,1.7361001743260676,1.838438601064744,0.1016380786895752,2.7065303325653076,1
joint_only,469,0.12960003743052506,0.4121259604873889,1.3532,0.8365127765245651,0.7547901058646573,0.05094146728515625,3.1096320152282715,1
joint_only,470,0.29706912248928785,-0.04451260853703132,1.0321,0.8112879037603195,1.3541280928971793,0.20128273963928223,4.008953809738159,1
joint_only,471,0.49237066866327983,0.4569456863927498,1.2038,0.5284940203415094,0.5785302539171098,0.051392316818237305,1.9043152332305908,1
joint_only,472,-0.5557380195200363,-0.10882003014720865,1.2713,1.257498490470518,2.632618867713087,0.051160335540771484,4.710413217544556,1
joint_only,473,0.5668471193539755,0.6197468731540255,1.2079,1.428564188721409,2.0803319154358153,0.601935625076294,6.413599967956543,1
joint_only,474,0.7127406599617341,-0.46265503801989294,1.1034,1.0448470426628576,2.0290839860059187,3.2646360397338867,7.72421932220459,1
joint_only,475,0.34788316241567485,-0.48465401463841823,1.2101,0.4754340778990259,0.36691722589981185,0.15178608894348145,1.9054081439971924,1
joint_only,476,0.22547695100965703,-0.7358145109920379,1.4524,0.17579511123329522,1.5584185296368613,0.151397705078125,3.91119122505188,1
joint_only,477,0.6050443573733022,-0.4647917103329638,1.292,0.7193371055783859,0.6075967044254912,0.10127067565917969,2.507833480834961,1
joint_only,478,-0.22502153641792721,-0.538427818843221,1.3478,1.029221487110032,1.3102208478112982,0.10190796852111816,2.8068559169769287,1
joint_only,479,1.1017346571772042,-0.2369427050835904,1.4284,1.50549855247525,4.676537375105361,3.556966543197632,9.718434572219849,1
joint_only,480,0.8834400368817776,0.07184291517264152,1.3828,0.3458035124948832,0.36012928604465605,0.05114102363586426,3.2107717990875244,1
joint_only,481,0.5057151663566712,-0.7385781058077211,1.1902,0.9310548973693282,0.8527850623836805,0.15342950820922852,2.5083446502685547,1
joint_only,482,0.701099110591181,-0.6152308608830164,1.0029,0.36239591802009596,0.2864620772500404,0.10113048553466797,1.703873872756958,1
joint_only,483,0.40008919234416074,-0.6538911611804015,1.1759,0.34854452312405587,0.360230283273333,0.10157084465026855,1.9078829288482666,1
joint_only,484,0.23822830713285081,0.08619205390352902,1.3767,0.6157495284333088,0.7026932588455966,0.051054954528808594,2.308764934539795,1
joint_only,485,-0.3382153327058792,0.3906178895874054,1.4267,0.5426776844054356,2.262852569797199,0.10122346878051758,4.711142539978027,1
joint_only,486,-0.7569520582384333,-0.28375655011161244,1.4767,0.7906329791342908,4.276099904800462,0.6022324562072754,11.224928379058838,1
joint_only,487,0.6900348599807096,-0.03227231644922868,1.2095,1.4920157626640511,4.591059404272519,3.5154213905334473,13.627092123031616,1
joint_only,488,-0.22252196234634447,-0.14665739087709528,1.3738,1.1333720126385283,1.1157507674546616,0.4546389579772949,3.413177013397217,1
joint_only,489,0.31268253283433034,0.26780111896464687,1.2731,0.7718248558757659,0.8668547639928694,0.10137748718261719,4.110805511474609,1
joint_only,490,0.4005642254787496,-0.16420517477394503,1.3016,0.5505666877414738,5.93869275093795,0.8525798320770264,11.623396396636963,1
joint_only,491,-0.6384576695898463,-0.17979068155729994,1.1103,1.181011318078442,1.1787421473576096,0.051157474517822266,2.7093183994293213,1
joint_only,492,0.2604508415722837,0.06459510182466044,1.1097,0.941536973275539,2.2335267812932993,0.6024110317230225,8.016722679138184,1
joint_only,493,-0.20999862571349048,-0.7070057224769429,1.2179,0.8283744231436083,0.936807564931905,0.10236406326293945,3.213937759399414,1
joint_only,494,-0.33177365463388575,-0.0311597751878675,1.0145,0.7645793675654821,0.6259742762661461,0.202315092086792,2.7153279781341553,1
joint_only,495,-0.35907382392803644,-0.15265153929670316,1.1681,0.30539874107619663,0.1897718734700316,0.1524035930633545,1.8062694072723389,1
joint_only,496,-0.5041469898286783,0.3598319076593063,1.3396,0.5614522229019238,2.9224956877793624,0.9566514492034912,9.020722389221191,1
joint_only,497,-0.6084426946715995,-0.6322535200977107,1.2022,0.9671120657551744,5.314988109085754,1.102870225906372,13.725317001342773,1
joint_only,498,-0.007161907416714075,0.2593443061683932,1.0825,1.2806060895000189,1.6798854669769958,0.15131831169128418,3.210029125213623,1
joint_only,499,0.336466246264685,-0.5570234909504601,1.2337,1.0142286090837935,1.3248442492484465,0.10105633735656738,2.708106279373169,1
joint_only,500,1.0230101789874138,-0.6482516855262773,1.0638,0.7256294228822695,0.8249491017893601,0.10143017768859863,4.409069299697876,1
joint_only,501,-0.3542993348354344,-0.4036511300750722,1.3111,1.5479147597523146,2.1870781419244936,0.555133581161499,10.12677788734436,1
joint_only,502,-0.3339956428130534,0.30041321256228215,1.0135,0.7887677069666842,0.9164256687195785,1.1058459281921387,3.709432363510132,1
joint_only,503,-0.7434442757073885,-0.07307717989276985,1.197,0.4068151168285011,0.4922336579272419,0.3028419017791748,3.2101032733917236,1
joint_only,504,0.9235590325286225,-0.5516768600844242,1.2822,1.6314700128246742,1.6658575784046568,0.15311884880065918,3.0088303089141846,1
joint_only,505,-0.18456552735497378,0.4933710169743125,1.0136,1.4997656167935978,2.207675945146126,6.005378007888794,8.117850542068481,1
joint_only,506,1.036447768611257,0.026671084076570928,1.3214,1.4769079202181312,1.7854665724217105,0.15146923065185547,3.1100995540618896,1
joint_only,507,-0.04295164159501208,-0.3855431952181417,1.0678,1.4621944076294562,1.360205171168224,0.251237154006958,6.412307977676392,1
joint_only,508,-0.36455741623550086,0.15583590242537837,1.2308,0.7918981003602574,2.0193760816965756,0.15134954452514648,3.808391809463501,1
joint_only,509,0.046514188616282315,0.5925353229137321,1.0251,0.9193868267006335,3.5210880993586344,0.5018801689147949,14.226447343826294,1
joint_only,510,-0.646862154352116,-0.5351868573181999,1.1896,1.1579103612181187,3.3246981716924946,0.5016262531280518,11.020207166671753,1
joint_only,511,0.8129210266411351,0.028120111100189304,1.1058,1.7624273639467116,2.2928851018808323,0.251727819442749,3.711181163787842,1
joint_only,512,0.83179687221858,0.2501468526084567,1.1634,0.36735042366184223,0.28881227563354245,0.10135579109191895,3.51410174369812,1
joint_only,513,0.2042927467731246,-0.6307093749439266,1.3806,1.256641802185399,1.5175768645314434,0.35329413414001465,4.620729207992554,1
joint_only,514,-0.5444348613963874,0.556389253978388,1.1896,1.6089447172512967,3.886436843663204,1.1539411544799805,9.021233081817627,1
joint_only,515,0.04326980190320351,-0.17723414586288522,1.376,0.7840611011850276,0.8815393643472932,0.10090851783752441,2.8091773986816406,1
joint_only,516,-0.7495747041421027,-0.0388213605895642,1.416,0.9210869465674654,0.9773894128809217,0.05099940299987793,3.3106110095977783,1
joint_only,517,-0.77002206328744,0.33734624595366147,1.1261,0.4756099287812225,0.6759899269171854,0.25184035301208496,5.2108237743377686,1
joint_only,518,-0.5465520074971895,-0.2892845008665623,1.041,0.5758856175427028,1.3255489543557275,0.6522941589355469,5.814737558364868,1
joint_only,519,-0.46692531463328774,0.4631385273809042,1.0097,0.7599194965559913,0.8855846213050144,0.2512843608856201,3.8110432624816895,1
joint_only,520,-0.39970590904178915,-0.12299714109532234,1.2697,0.5296497502278948,1.6782835758127401,0.35251593589782715,5.010167837142944,1
joint_only,521,-0.8191541711309405,-0.6534088916080839,1.5,0.6145690602099277,0.8258524942052624,0.10177302360534668,2.305043935775757,1
joint_only,522,0.19470696354227957,-0.05900561396088522,1.175,1.4041016665771056,1.357975866829806,0.1013021469116211,3.1064653396606445,1
joint_only,523,0.7564084643096469,-0.2203029096846093,1.3251,0.7294180674633555,1.201784350721166,0.05140423774719238,3.5077390670776367,1
joint_only,524,-0.46913487800892023,-0.023945086738425436,1.3906,1.3716276337335231,1.8545670979325075,0.05163693428039551,3.4096262454986572,1
joint_only,525,0.27179005117645416,0.12891624171411742,1.3259,0.9548139751832515,0.8312558765459144,0.05131268501281738,2.906608819961548,1
joint_only,526,0.9407085155827597,-0.010618336403803608,1.3771,0.8563971916197559,1.9716845412067927,0.10110688209533691,4.515962839126587,1
joint_only,527,0.6992439965686201,-0.3077694557092183,1.4748,0.47571641331764614,0.43586055413017266,0.20146489143371582,2.6077587604522705,1
joint_only,528,-0.3241753060171827,0.6083585035107152,1.0997,1.615296923214768,3.159707809431014,0.15297317504882812,4.617535829544067,1
joint_only,529,-0.5078663686302323,0.48534186155081416,1.0102,0.3241324030773981,0.24384061156142423,0.10207819938659668,1.4053587913513184,1
joint_only,530,-0.0002789847939322909,0.10241948644590804,1.0762,0.6999880592055191,1.7499422525252162,0.15228748321533203,5.720043897628784,1
joint_only,531,0.7197422072451227,-0.04884589310569898,1.0631,0.8088713012125311,1.3225476143582913,0.15193986892700195,4.5096330642700195,1
joint_only,532,1.0775066523303387,0.1747220783561837,1.3347,0.44319934834258357,2.5247877628879807,0.5521986484527588,6.013514041900635,1
joint_only,533,0.8749808169598043,-0.15562916879707478,1.282,0.5007033372006026,1.9163724727839937,0.5022859573364258,4.208558559417725,1
joint_only,534,0.23643576497127428,-0.01835291920344262,1.109,0.6759044845921693,0.5426634158269279,0.15122056007385254,3.7104597091674805,1
joint_only,535,-0.7156161492375155,0.262076177727658,1.3497,1.1889341069218664,2.550715016163209,1.1565117835998535,5.712056398391724,1
joint_only,536,0.7503838844738024,5.061935013805918e-05,1.3834,1.6965192755795298,3.2434660718312163,1.7040913105010986,7.815834283828735,1
joint_only,537,0.06085477568483855,0.38592909745418813,1.0839,1.0315302012875702,3.5780434602072413,1.1048660278320312,10.123921632766724,1
joint_only,538,0.10652907045009441,0.39501447284873803,1.3036,0.11036910100559146,0.2600024511303435,0.30252790451049805,2.3065109252929688,1
joint_only,539,0.5382117882956075,0.39189406426090445,1.374,0.44347471230726504,0.8965294446322787,0.20210790634155273,4.114649534225464,1
joint_only,540,-0.5916115162937101,-0.264928500486103,1.0573,1.3849277480090976,2.3340619593115437,1.1028494834899902,5.31126594543457,1
joint_only,541,0.417574513235478,0.11015585171536446,1.4097,0.9605325583760169,5.202525928354505,0.8573484420776367,10.822194814682007,1
joint_only,542,0.061091165783162205,0.6022901848328225,1.4824,0.414191918050443,1.8075123453628654,0.10143709182739258,6.111640691757202,1
joint_only,543,0.46718392803351017,-0.2963070827968456,1.054,1.0751713117568225,1.363747723500067,0.30884838104248047,5.512952566146851,1
joint_only,544,-0.5263849915172485,0.4327829937365505,1.0128,1.2000875438688803,1.3391176495330743,0.10102486610412598,2.6086082458496094,1
joint_only,545,-0.31947479268335854,0.14031974442066442,1.156,0.42746890349173056,0.32566948954467034,0.05125927925109863,2.907832145690918,1
joint_only,546,-0.2678742387870786,-0.4508266268661139,1.3387,0.721490022910171,0.8825878065245584,0.05102133750915527,3.507063865661621,1
joint_only,547,0.421568650833003,0.5462308205482153,1.4791,1.3433984960239702,1.7936324986750647,0.05091357231140137,3.106443405151367,1
joint_only,548,0.6897026343280379,0.1706892573760176,1.1983,0.7623354283040435,2.680400186096666,0.9026896953582764,5.8220837116241455,1
joint_only,549,0.45639144219736316,0.02704542696712453,1.3575,0.5069929359449954,3.923449352283695,7.10791540145874,12.32680368423462,1
joint_only,550,0.039430093522217935,0.4449103994841487,1.038,0.8879763902734356,11.31816731717854,0.7524909973144531,18.43535542488098,1
joint_only,551,1.0630182511081268,-0.5908699047696422,1.3453,1.3644434925061748,2.6529120450694403,0.3519930839538574,7.615456819534302,1
joint_only,552,0.593489967360056,0.5184371827216331,1.3136,1.3688394525762855,2.6149978134619047,0.9529600143432617,8.323652744293213,1
joint_only,553,-0.2938234672245187,0.5083982020987395,1.051,1.0242274318624998,0.9328054940360376,0.6098089218139648,2.6099863052368164,1
joint_only,554,-0.8373110067998992,0.5799014306197118,1.3862,0.513217102628924,0.8215801151431199,0.1531355381011963,2.709472417831421,1
joint_only,555,0.7708602257502346,-0.3561898733778862,1.4251,1.7946007914370574,3.2956140291274725,0.8541502952575684,9.119661569595337,1
joint_only,556,0.5217056073272972,-8.029308989310202e-05,1.3002,0.6965460225059047,0.5409126070848637,0.051225900650024414,2.004723310470581,1
joint_only,557,-0.8484152000983621,-0.09891281545176889,1.0605,1.583059291190582,2.071626046280756,0.10100650787353516,3.909039258956909,1
joint_only,558,-0.2838746651215207,-0.330911140789403,1.4919,0.7794438962498188,1.307071762638054,0.1015772819519043,3.1090891361236572,1
joint_only,559,0.9165378804705187,0.4280105634134833,1.3913,1.516403669530232,2.5628016181718682,1.003267526626587,7.314715623855591,1
joint_only,560,0.8955435513127907,-0.4883563333275463,1.1736,1.1942919056425685,2.7717122922097186,0.1518106460571289,5.212231159210205,1
joint_only,561,0.701854148383777,-0.6953630535178119,1.2142,0.4724852171166544,0.4669744447208467,0.10157370567321777,1.9070727825164795,1
joint_only,562,0.8229896579860032,-0.02653362325410802,1.1853,0.9339681940220953,1.845126173600803,0.10113763809204102,7.415395498275757,1
joint_only,563,0.31417540320723125,-0.5850820620401551,1.253,0.9568657607454528,0.9224211486100291,0.10132336616516113,2.4067680835723877,1
joint_only,564,0.45335492114327147,0.3964400622612222,1.1706,1.1648531331909984,1.3926625710676548,0.10128235816955566,3.4091079235076904,1
joint_only,565,0.15257866917849183,-0.15159273821895947,1.4248,0.8313692923059341,2.101268186925301,0.4523916244506836,5.512613296508789,1
joint_only,566,0.6608294776571699,0.08404279421479088,1.4112,0.6242574046347008,0.6741305395374222,0.3516829013824463,3.126420259475708,1
joint_only,567,0.3302515450205705,0.12441657794839256,1.0528,0.4899947716872231,2.3489015819823935,0.30165958404541016,4.410522937774658,1
joint_only,568,-0.402406865681134,-0.03901216965208354,1.4804,0.6909511315334237,2.39423962785652,2.006047010421753,9.026637554168701,1
joint_only,569,0.09355613000734608,0.15315613261547922,1.3178,0.5211574020157934,1.7961245236520724,0.15196895599365234,4.316903829574585,1
joint_only,570,0.6008031418619415,-0.04739043425359135,1.4144,0.6354754401070907,0.5721556693492652,0.10208415985107422,3.6114490032196045,1
joint_only,571,-0.36879588677145925,-0.24581384993613936,1.3537,0.9461203245605414,1.4476076855920599,0.05161929130554199,3.8078978061676025,1
joint_only,572,-0.5954722386493243,-0.36265714109474584,1.2177,0.43050572134195764,0.2784356298822082,0.10117959976196289,2.6055755615234375,1
joint_only,573,0.08240537717814755,-0.47356174269744805,1.3669,0.59514215354406,0.6826675791455055,0.10117173194885254,2.5058538913726807,1
joint_only,574,-0.46274070953503815,-0.033229208515224706,1.4827,0.7424199625868216,0.6992418530108625,0.10120368003845215,2.104696035385132,1
joint_only,575,-0.4388056203601179,-0.6925448479238717,1.135,0.802897288495735,0.7028672975385301,0.05086398124694824,2.4075121879577637,1
joint_only,576,0.717724816927189,0.042994835989419444,1.4041,1.2542904897350486,1.3409238193966495,0.10123133659362793,3.1057026386260986,1
joint_only,577,0.973735871915842,-0.19750133334009856,1.2691,0.5103195251030435,0.34495449127876565,0.10116696357727051,3.207979202270508,1
joint_only,578,-0.647372304129376,-0.26866340179047504,1.2417,1.5181400658628528,1.7262530120895312,0.10097980499267578,3.6086411476135254,1
joint_only,579,0.10520932223411517,0.22190354452750682,1.2178,0.8017526122231309,0.8517349071062702,0.05139780044555664,3.607370138168335,1
joint_only,580,-0.32848211642031233,-0.20085247212883384,1.3655,0.6548574388300907,0.5839663122654104,0.10119938850402832,2.308324098587036,1
joint_only,581,0.9258850070670919,0.23808085349746078,1.1342,1.2725332962098959,4.266669051759775,0.7522764205932617,15.42975378036499,1
joint_only,582,0.759752541526606,0.569253142780375,1.4259,0.37429401138565166,1.1078625939603077,0.1513669490814209,3.911999464035034,1
joint_only,583,0.3883475157035128,-0.6727399858985535,1.4154,1.487384535931894,1.8140056809069514,0.5019130706787109,6.919545412063599,1
joint_only,584,0.3237225877456864,0.2003745411388418,1.0433,1.2488499090044933,1.3546846342526448,0.15317296981811523,2.6075687408447266,1
joint_only,585,0.031260760749884264,-0.23592114810050058,1.4408,0.733174050182411,1.204058088315733,0.3537883758544922,3.8171122074127197,1
joint_only,586,0.6158348907562847,-0.645435468931307,1.1219,0.907821175020727,0.856973115986823,0.25257372856140137,3.114818572998047,1
joint_only,587,0.9935003604287094,0.17561881659728396,1.2324,1.0068606809931455,1.2137121510329771,0.1516106128692627,2.4062552452087402,1
joint_only,588,0.30363568817532327,-0.7290797531458806,1.3052,1.3436091652021496,2.908536143315791,0.10114455223083496,5.212234973907471,1
joint_only,589,0.34112061425943163,0.4574618674227583,1.1895,1.4174988127574615,1.7673364509901404,0.15111374855041504,3.80859112739563,1
joint_only,590,0.9156624550405383,-0.6517061578551653,1.0143,1.4203612324655543,1.6574883586280589,0.10113739967346191,3.0089669227600098,1
joint_only,591,-0.8497974975313481,-0.16312492658462396,1.4255,1.9833518838540374,2.699359107347257,0.9024419784545898,7.4150049686431885,1
joint_only,592,0.27101017550787976,-0.6829025146475063,1.0909,1.2275127222814097,1.231202185422887,0.2012937068939209,2.408036231994629,1
joint_only,593,-0.19284230601179142,0.25888437189294156,1.1061,0.9535774320978038,3.2935257556334894,0.6036593914031982,11.426250219345093,1
joint_only,594,0.4995207824584045,-0.15227469966593643,1.3989,1.0422651762654944,2.485375461177045,0.7022206783294678,7.1180877685546875,1
joint_only,595,-0.26588664542158247,0.34106560973117006,1.1702,1.1683288462134984,2.3547645919941815,0.15574193000793457,4.317705392837524,1
joint_only,596,0.7570411446105278,0.4352906519466039,1.4402,1.1118344897042942,1.5618280361223118,0.15213871002197266,3.0094597339630127,1
joint_only,597,-0.2410059660875028,0.05694107782031255,1.3506,1.2552235461416805,1.738779015654696,0.2022109031677246,3.3099138736724854,1
joint_only,598,0.5254711797600604,0.20286849540819618,1.1381,0.9987568323327641,0.987127676746061,0.05144143104553223,2.8058292865753174,1
joint_only,599,-0.0196908511679047,-0.5470756460314574,1.0051,1.0516124979063288,1.3148586256352468,0.1513671875,3.3085885047912598,1
joint_only,600,-0.5668607810033723,-0.7080347778894983,1.474,0.6150130056722641,0.7690728056145533,0.10128450393676758,3.108572006225586,1
joint_only,601,-0.19792254183587987,-0.6444678647233275,1.0428,0.7117605032287151,0.5902466293456538,0.10123300552368164,2.6113245487213135,1
joint_only,602,0.4690531079547886,0.08934068874799661,1.36,1.0811012658467314,1.5103319452571151,0.10099148750305176,4.0093653202056885,1
joint_only,603,1.085287284920383,-0.11920177247653807,1.2443,0.5657051650263537,0.6325492642070041,0.050924062728881836,2.3068604469299316,1
joint_only,604,0.08943878472492639,-0.7051645468993544,1.3791,1.2219555497458827,1.2794947517880488,0.05158257484436035,2.3056247234344482,1
joint_only,605,-0.11150229486214391,-0.6894194787220714,1.3453,0.3074261534027914,0.42149331270577844,0.10107612609863281,3.3099939823150635,1
joint_only,606,-0.5558305759299493,-0.7109142196450725,1.323,0.39410665526905364,0.4383087671036757,0.10119271278381348,2.1052496433258057,1
joint_only,607,-0.29971686195019875,0.4937142934646447,1.2454,1.3436160062341735,1.5694590226527305,0.05109119415283203,2.80653715133667,1
joint_only,608,-0.2507179661580867,0.477666645752128,1.3965,0.1468169721403372,0.20162999099308113,0.10158252716064453,2.1050539016723633,1
joint_only,609,1.0773140894831401,-0.34673092843704334,1.0465,1.7746708463557468,2.4492893936980016,0.10213637351989746,4.008926153182983,1
joint_only,610,-0.10891540481141992,-0.27530811875430916,1.1108,1.2204832759162316,1.2993028126650028,0.10120844841003418,2.906132698059082,1
joint_only,611,0.22445616397957813,0.0013024122513455305,1.3459,0.5610019821013628,0.909253495933178,0.1015012264251709,3.209627389907837,1
joint_only,612,-4.524368077551966e-05,-0.32759411539104755,1.1531,0.579000037036463,0.5209962489671381,0.051267147064208984,3.412285327911377,1
joint_only,613,-0.7587424920815327,-0.27247647708110384,1.2908,0.8459416958794411,1.4206258393631932,0.05089282989501953,3.3084769248962402,1
joint_only,614,0.232378893627587,-0.26584134837208256,1.2366,1.1498685065214973,1.4030108746997503,0.05088353157043457,2.9095752239227295,1
joint_only,615,0.007094710918766123,0.11744595763254173,1.2655,0.6153025479207203,0.5391277435391576,0.0511929988861084,2.106184244155884,1
joint_only,616,1.0968075067992018,0.4665524831926259,1.2128,1.006293480846842,1.7214036249839069,0.7538366317749023,5.113965749740601,1
joint_only,617,0.3571490710123255,-0.46639716385197666,1.373,1.2011875475905656,1.696757944480053,0.6534163951873779,5.516547203063965,1
joint_only,618,0.06953224629889043,0.0031157783578292797,1.1654,0.7000993244574765,0.8749462167222645,0.1016843318939209,3.213223934173584,1
joint_only,619,0.9295390388776137,0.2492248055164148,1.3514,0.8063117390192993,3.649793592478585,1.2541139125823975,6.412790060043335,1
joint_only,620,-0.6140470545418966,0.34316045733369205,1.1355,1.5607660376938695,2.238467724249032,0.20148611068725586,5.612201690673828,1
joint_only,621,-0.32642867972581047,0.4621224583189917,1.1257,0.4363771103065627,1.3147446203030615,0.15175533294677734,6.514230966567993,1
joint_only,622,0.04402304923960998,0.6048766575955294,1.0603,0.5348652258153102,0.39913111822337644,0.35303831100463867,2.607987403869629,1
joint_only,623,0.2938658768642759,-0.227296706518467,1.0963,0.8393615062243962,1.2507055965401648,0.10129356384277344,3.6118505001068115,1
joint_only,624,0.6368840153105959,-0.21189334362515966,1.0598,0.6295213462973582,0.3695986638196902,0.10167765617370605,2.8097286224365234,1
joint_only,625,0.2711670359400662,0.4463029980881349,1.2679,0.7065177446876181,0.7349689616378673,0.15119695663452148,2.509791612625122,1
joint_only,626,0.7671425036146926,0.30746118985558224,1.3811,0.5993744397420766,0.80399068235002,1.1535770893096924,4.609599351882935,1
joint_only,627,-0.4756595102227057,-0.5928709750345802,1.0926,1.799651553742941,2.106197286197762,0.15119528770446777,5.411609411239624,1
joint_only,628,0.8056922690383939,0.4841059419385002,1.1082,1.687374815873201,0.0,0.15125322341918945,0.0,0
joint_only,629,0.015568367742194722,-0.0416657601081849,1.2421,0.7842617962007623,0.9381082914233403,0.20180630683898926,3.0074868202209473,1
joint_only,630,-0.8351119008402077,-0.08781707453131926,1.3623,1.066805932161419,2.252333276998621,6.164827585220337,6.820134401321411,1
joint_only,631,0.499599279306548,-0.5582861321932405,1.4883,1.261802210324449,1.5466480371271258,0.15200328826904297,3.3097541332244873,1
joint_only,632,0.7213945456207789,-0.35998393530240413,1.2623,0.45248349639192503,0.36950482642924243,0.10126280784606934,3.310757637023926,1
joint_only,633,-0.8554329689051047,0.6280058557070382,1.1415,1.790201953953003,2.0759932760391573,0.45214009284973145,5.109634637832642,1
joint_only,634,-0.28906435644184514,-0.7233308084854596,1.0503,1.7247802315616965,4.66285461967971,0.5020484924316406,11.121880531311035,1
joint_only,635,0.5946236935318749,-0.5467237052486478,1.0971,0.8643204853638946,0.9193277684146257,0.20122766494750977,3.109382152557373,1
joint_only,636,0.4322273020580487,0.30964329166113547,1.1137,0.7717221725021614,0.823895834340647,0.10135602951049805,3.258881092071533,1
joint_only,637,-0.6973854569120961,-0.07299938951725227,1.0897,1.2320342133075066,1.561759622895896,1.153193473815918,6.916929721832275,1
joint_only,638,-0.06611493855300599,-0.652302474151308,1.0071,1.0408466219013868,1.5314747422535002,0.05089569091796875,5.0095837116241455,1
joint_only,639,0.7289221862382782,0.559123347675183,1.2671,1.5408789948086474,1.9796494870286434,0.10135650634765625,3.608750581741333,1
joint_only,640,0.16274681988542894,-0.33139675849137723,1.1372,1.2929544717913726,1.206188644606842,0.1013786792755127,2.706021547317505,1
joint_only,641,0.7017298091806639,0.2285368197644434,1.4871,0.7123280522978552,1.6319504784973322,0.1514415740966797,6.918795108795166,1
joint_only,642,-0.0745051538221132,-0.3372708611781259,1.2767,0.9831553591233536,0.9910081636005247,0.30188989639282227,2.9203672409057617,1
joint_only,643,0.7195027972144252,0.5337593456901674,1.3487,1.180466557349413,1.3051582595846989,0.5033807754516602,3.712805986404419,1
joint_only,644,-0.2357955201266979,-0.08837558076363028,1.0631,1.3354670113832816,1.1535336391458337,0.1524946689605713,3.2214813232421875,1
joint_only,645,1.0673405702764713,0.08619951396360237,1.4342,1.2354801251235168,1.286074963013327,0.10222268104553223,3.8191895484924316,1
joint_only,646,-0.6293712152816018,0.4780175762846578,1.2454,1.7520380958657542,1.9900654264374806,0.10167455673217773,5.111500024795532,1
joint_only,647,0.288184010714875,0.11545302747263908,1.4364,1.0041322045282801,1.861137101807397,0.9093811511993408,8.016469717025757,1
joint_only,648,-0.39349140961462037,0.2379709170640545,1.287,0.8639278389651863,4.134163180441339,1.0532617568969727,11.322591066360474,1
joint_only,649,0.22205691740243627,-0.02828656796502782,1.2347,0.7104927302284886,1.2613010024537015,0.15162205696105957,5.411165475845337,1
joint_only,650,-0.3350666079546122,-0.060540489048141355,1.2202,0.5569604257327486,0.5563855661158517,0.10122990608215332,3.1122963428497314,1
joint_only,651,0.37478335523942197,-0.6683477841533301,1.0922,0.942738408897815,0.998446363029845,0.25182342529296875,3.006420850753784,1
joint_only,652,-0.8727330384651101,-0.040708562688046235,1.0257,1.396848024648887,4.293802464169122,1.6575510501861572,12.224231719970703,1
joint_only,653,0.5282273981372294,-0.6568644598915563,1.4705,1.3137676069087578,1.83905605652027,0.4020717144012451,6.012683629989624,1
joint_only,654,-0.38379509124182976,0.2750021731529463,1.2389,1.4468621862881808,1.5254681425681063,0.10131049156188965,3.8145785331726074,1
joint_only,655,-0.159016372937552,-0.37147962450766187,1.4111,0.8219959128104792,1.392761272399849,0.41026759147644043,5.830683708190918,1
joint_only,656,0.6906641590600464,0.48243232696994964,1.2004,1.2608136581986842,1.3478216315082243,0.35247206687927246,3.716120719909668,1
joint_only,657,-0.12515561704495182,0.5816437442574088,1.037,0.8379641247328713,2.573637699988319,2.459205389022827,9.619222402572632,1
joint_only,658,0.10573942818563264,-0.21037054130394084,1.3147,0.8935082439921589,0.9515037910685982,0.05091047286987305,2.3052127361297607,1
joint_only,659,-0.8643519995530874,-0.5136064560613489,1.0268,0.9786017700093599,0.0,0.050916433334350586,0.0,0
joint_only,660,1.0417061551650382,0.302665923804576,1.0746,1.2359422448152069,3.0132988658535993,0.45202016830444336,9.119444847106934,1
joint_only,661,-0.2822605224766237,-0.5982285968273232,1.2814,1.4918512592535134,1.9244874467856685,0.45174694061279297,3.807612657546997,1
joint_only,662,-0.7774953234364869,-0.24829065985205573,1.1519,0.7831040991916427,0.5597343135454681,0.05088329315185547,1.907599687576294,1
joint_only,663,-0.015330852408945383,-0.11412074251113002,1.497,0.6269651754500387,0.8575572073288652,0.3019900321960449,5.313275098800659,1
joint_only,664,-0.14003012663341596,-0.6710642022624129,1.0592,0.7197388914730858,0.7755501202772013,0.15143465995788574,2.3045103549957275,1
joint_only,665,0.756560535670151,0.4253781535387363,1.3822,1.4527145073715846,5.0562467413866665,0.5520389080047607,13.227436065673828,1
joint_only,666,0.06306253585102972,0.4663353579041206,1.3032,0.7946037329061791,0.7079559279826847,0.05118393898010254,2.5055387020111084,1
joint_only,667,0.3315647063048961,-0.33725576981630173,1.3954,1.003109313329818,1.257094309610914,0.10120272636413574,3.310184955596924,1
joint_only,668,0.5909001620182794,-0.30932802966915707,1.1128,0.6029163547019659,0.44879066987907495,0.10143375396728516,2.8085970878601074,1
joint_only,669,0.5405760426661483,-0.469278212295571,1.2613,0.12688541416476187,0.2688100674894604,0.10154414176940918,2.010206460952759,1
joint_only,670,-0.14404817226730493,-0.6631816578415994,1.2253,0.5923110934476229,0.6334456719697187,0.05151653289794922,3.1095337867736816,1
joint_only,671,-0.3426313147251605,0.40494983016977526,1.2214,1.2110820571241867,1.6244404667621228,0.05096793174743652,3.2081656455993652,1
joint_only,672,-0.20438112630365834,-0.7164438351192162,1.4301,1.2090851256826218,1.4495922650101185,0.05094504356384277,2.710042953491211,1
joint_only,673,0.1038576063748392,-0.18750588727180983,1.495,0.7298739140739448,1.1512982374847427,0.10107111930847168,2.908486843109131,1
joint_only,674,-0.8533309865246298,-0.10533325091088563,1.1527,1.1869164982710443,2.1638942404485126,0.10123848915100098,3.80855655670166,1
joint_only,675,0.46988877410364527,-0.31449905922220245,1.3105,1.4129600896304653,1.2716623880456024,0.1012265682220459,2.9061686992645264,1
joint_only,676,0.16020876645050341,0.5980429931856396,1.3048,0.9930957170263921,1.4715676114300653,0.10107207298278809,3.4101274013519287,1
joint_only,677,0.6534535757025641,0.3660317083393486,1.37,0.5835227825110691,0.48381679500530794,0.10109329223632812,2.5081593990325928,1
joint_only,678,-0.8382112158073415,-0.3399939687875041,1.4738,1.7504327861502214,2.231706563142743,0.10129880905151367,5.311041355133057,1
joint_only,679,-0.18307453434045307,-0.23223020879870215,1.1039,0.957446784582891,0.817996764862953,0.05087924003601074,2.305121898651123,1
joint_only,680,0.40828122592637817,0.5955431658036748,1.1055,1.0900481318236288,1.180544056593683,0.05112433433532715,2.4113986492156982,1
joint_only,681,0.9079471184655314,0.33311461987231217,1.3302,0.6355714989742615,3.4462394890325356,1.611083984375,9.537959814071655,1
joint_only,682,-0.08415350936417543,-0.3267937885831933,1.0785,1.190719434907445,1.4080131075697897,0.30300164222717285,4.510087490081787,1
joint_only,683,-0.3842315954735552,-0.07787810621818292,1.0869,0.4677411395945713,2.958602443382398,25.109264850616455,13.44464635848999,1
joint_only,684,-0.7583523011957277,0.5730031865577921,1.0375,0.7038758347953553,0.8680810402616108,0.10214948654174805,3.413663387298584,1
joint_only,685,1.0918119009002851,0.005118725267561297,1.0013,1.9252104418929687,0.0,0.10208940505981445,0.0,0
joint_only,686,-0.14822075694596204,-0.4333261377587037,1.2253,1.2246693432252098,1.7105435457754559,0.10177898406982422,3.809080123901367,1
joint_only,687,0.36062383758380534,0.3305362297967972,1.2969,1.0638913172052218,1.19180891442126,0.051340341567993164,2.7085487842559814,1
joint_only,688,0.7346473120081394,0.13080176764296303,1.1456,0.6379723450789434,2.4312230236424415,0.10104751586914062,5.010960578918457,1
joint_only,689,-0.35786833114070526,-0.26870590552895474,1.1157,1.29164067758846,1.3234610945674028,0.05135297775268555,2.9096038341522217,1
joint_only,690,0.05851674748903035,0.4800539227821242,1.3535,0.9638410938012241,1.7105140560532845,0.10104894638061523,4.008992433547974,1
joint_only,691,-0.5810453662390808,-0.7322256542793862,1.3515,1.4954198702316468,1.90949858328421,0.1014559268951416,3.20843768119812,1
joint_only,692,-0.6068672455116899,0.5732014823320027,1.227,1.4253754021778045,1.7777978842829814,0.10149073600769043,3.1091747283935547,1
joint_only,693,0.11919627802863031,0.19079833717803818,1.3437,0.9037067456516237,0.7726671165684206,0.0512542724609375,2.9068264961242676,1
joint_only,694,0.7264056029320753,-0.11142046806674344,1.462,0.8180721775418419,2.1925818580454446,0.10138487815856934,4.111648321151733,1
joint_only,695,-0.7859903136815638,-0.5152598025271058,1.3939,1.7274524764939034,1.8565644537870822,0.10187387466430664,3.108916997909546,1
joint_only,696,-0.7739415651965167,0.4161746384072059,1.3125,1.1381022444399655,2.7835709732744114,0.15247440338134766,7.923245429992676,1
joint_only,697,0.8192017148186501,-0.4105234229443796,1.3306,1.8605298776898738,3.648221409506496,0.4036276340484619,7.315243482589722,1
joint_only,698,1.0127338841371516,0.6238817099092168,1.4668,1.0659437653645454,1.3860653776498912,0.2012801170349121,5.319551229476929,1
joint_only,699,0.25582784310199935,-0.3863895899160518,1.2126,1.3302429160736815,3.523967763191265,2.3196046352386475,8.031591415405273,1
joint_only,700,-0.7281523440624563,0.11209964558409624,1.2723,1.0205865698768195,1.3020713447581802,0.10210680961608887,3.6152725219726562,1
joint_only,701,0.6979235204835756,0.5044529426531971,1.3238,1.4072087958202772,1.5027551662757803,0.1010587215423584,3.209761619567871,1
joint_only,702,0.16053300394595738,0.5998210655803261,1.4542,0.4798149429650965,0.5511859850348185,0.10131525993347168,2.4084997177124023,1
joint_only,703,0.07221601101951647,0.2439870349611335,1.4133,0.3483980682037526,0.44148159053283964,0.10140371322631836,3.710833787918091,1
joint_only,704,0.4482021494703994,-0.5194505520070305,1.0357,0.9311001398716561,2.1289927950287546,1.1552414894104004,11.22228217124939,1
joint_only,705,0.11581120711023685,-0.7263703175496284,1.083,0.46702073140320205,0.364486419381271,0.10125064849853516,2.5060956478118896,1
joint_only,706,0.9627166436317918,-0.42879810482464153,1.1538,0.8943716599357868,0.8084674987459662,0.15126943588256836,3.1096367835998535,1
joint_only,707,-0.23545008049477467,0.42220983111243904,1.3745,1.3305159595463718,4.890384301439114,2.4595954418182373,8.918570518493652,1
joint_only,708,-0.02331259440488853,-0.7029207447514066,1.2846,1.3589026275811478,1.8547916979761725,0.050985097885131836,3.5103001594543457,1
joint_only,709,-0.6381278000284636,-0.34607209393880634,1.1443,0.7610324842650641,0.6767767764092291,0.10096907615661621,3.221431016921997,1
joint_only,710,1.0956314405683147,-0.6812918751800238,1.0622,1.7645548400005737,1.9681750220394603,0.1524794101715088,5.1232991218566895,1
joint_only,711,-0.09514787489317056,0.2933600733788092,1.3443,1.563635341216769,5.922146487592802,1.6139092445373535,10.127617120742798,1
joint_only,712,0.2708569655279518,-0.2523155271211091,1.3499,0.8484088654622935,2.1237329932118763,1.4560871124267578,5.611466884613037,1
joint_only,713,0.24499472514803222,-0.25031319386482426,1.4713,0.21351669702866055,0.13957804564540685,0.05100536346435547,1.3032033443450928,1
joint_only,714,-0.49326278155357534,0.5186605050920506,1.2502,1.3339530292848663,2.585337556002253,0.10096383094787598,4.410526990890503,1
joint_only,715,-0.4352697841673163,-0.6895102303905329,1.2469,1.3404013485433082,1.878165165796453,0.1012265682220459,3.4094841480255127,1
joint_only,716,0.8449388426308926,-0.35487420577556533,1.0402,1.4344430441310143,1.4011852438102947,0.10195779800415039,4.4095540046691895,1
joint_only,717,-0.007630675878305571,0.054042058835830686,1.0199,1.0117556996629598,0.9243319426663307,0.10127687454223633,2.9093329906463623,1
joint_only,718,-0.31309279724180683,-0.2579087619411845,1.216,0.47338560198121266,0.5013992253312232,0.10135626792907715,2.508669137954712,1
joint_only,719,0.8960504068781925,-0.1666784563026511,1.1612,1.1341985319543593,1.8927533200282516,0.30191707611083984,6.516966104507446,1
joint_only,720,0.1131239869535745,-0.4617695301552918,1.1252,0.8374314666238898,2.892864458704387,0.30143284797668457,8.916507244110107,1
joint_only,721,-0.21583876644882194,0.431811497025791,1.0457,1.054617411896858,3.686098415972146,0.6023416519165039,9.524259567260742,1
joint_only,722,-0.736226951441398,0.5496379311712704,1.481,0.5025238402133606,2.0260557365603296,0.35406947135925293,5.423733472824097,1
joint_only,723,0.7341613475576942,0.4054248249490492,1.418,1.4786000845466676,4.027458710480235,2.0670650005340576,8.020453691482544,1
joint_only,724,0.6553654210184392,0.15649004375382158,1.2876,0.3256877742981153,3.4548519360667185,0.652740478515625,11.924863576889038,1
joint_only,725,0.19548540352276933,-0.3548828861676149,1.4754,0.566899628218877,4.7721432726360185,1.805600643157959,9.919796466827393,1
joint_only,726,-0.6195679999771684,0.30886123520879283,1.4998,1.0126631962115715,1.847885174597513,0.10122227668762207,4.40922474861145,1
joint_only,727,0.16261517891163635,-0.667932306918664,1.3361,1.5051905934922474,2.291799682870982,0.15142488479614258,5.011687755584717,1
joint_only,728,-0.2700781376808913,-0.3253829881615924,1.1348,0.7309396109001628,0.8546057839168817,0.10100722312927246,2.50765061378479,1
joint_only,729,0.5725613818824087,0.5854457167242183,1.0201,1.3596430400489528,1.4942130874454829,0.15279030799865723,2.8225605487823486,1
joint_only,730,0.5974385200321732,0.422736470870381,1.3781,0.33570076656835435,0.6517885278995973,0.20341777801513672,2.9173271656036377,1
joint_only,731,-0.2282650443663523,0.23614171167735676,1.2353,1.005511420380766,0.8602613163791281,0.2617454528808594,2.812788248062134,1
joint_only,732,-0.13779492183130937,0.4962658303333324,1.3258,0.25222752784511515,0.34053003129522436,0.10278892517089844,2.7140190601348877,1
joint_only,733,0.6219200506898841,-0.2027497937876348,1.458,0.9991194347233676,3.930272791504127,0.10132670402526855,5.9127912521362305,1
joint_only,734,-0.7175005720594603,0.005138821808710725,1.0907,1.6158824918768064,2.0982666771925436,0.10158920288085938,3.6112875938415527,1
joint_only,735,0.6742120639374543,0.05910380042638941,1.2927,1.496319660301277,2.4959854675321815,0.10149478912353516,4.3106653690338135,1
joint_only,736,-0.34712359536506443,0.08353503015795838,1.3174,1.171472574738759,0.995185235867676,0.10172533988952637,3.108266592025757,1
joint_only,737,0.6313484699584673,-0.602143065372664,1.2459,1.0574311654902437,1.1454888665994534,0.1014096736907959,3.1091854572296143,1
joint_only,738,-0.14108551343279763,0.5388387611707296,1.0456,1.5101161891278558,3.0613676902418976,2.465059995651245,5.012902736663818,1
joint_only,739,0.5427953920267652,-0.10860201840077433,1.174,0.979956055906311,3.044832033855818,1.2039122581481934,11.123308658599854,1
joint_only,740,0.5718404642018282,0.4409633018038125,1.1667,0.6508620625747018,0.6734929507985377,0.05093717575073242,1.8043835163116455,1
joint_only,741,-0.48603312494023276,-0.26850015761552404,1.3351,1.4455741788525482,1.957278509245117,0.2512848377227783,4.411359071731567,1
joint_only,742,0.8246567774683911,0.22040738982501695,1.4289,1.2271221697725536,1.639218958715295,0.8025355339050293,7.320329189300537,1
joint_only,743,1.0041337022090848,-0.06114047353963514,1.1649,0.679306387043592,0.9069898919058496,0.25310826301574707,4.717946767807007,1
joint_only,744,0.6852596027814168,0.2661259626718627,1.3468,0.5378903838525549,0.5384591057268943,0.45247626304626465,3.069596767425537,1
joint_only,745,0.7898927035370973,-0.7273116907341028,1.1441,1.1246673448583289,1.2533129805094871,0.5042281150817871,4.513413190841675,1
joint_only,746,-0.005555247610260716,-0.42014654153556086,1.4726,0.9122258097893817,1.033911958699905,0.10113215446472168,2.3051249980926514,1
joint_only,747,0.21002488646629347,0.5857064682019449,1.4068,1.1114326290460013,2.8727551142391845,0.25157856941223145,6.316812038421631,1
joint_only,748,0.5509757235932942,0.4422680073589721,1.275,0.5782991364777283,0.6165162748635182,0.10130095481872559,3.7102394104003906,1
joint_only,749,0.22246542407415681,-0.1981352409457905,1.2274,0.7217509663610925,0.788492223627157,0.051413536071777344,2.6099894046783447,1
joint_only,750,-0.5612845013878042,-0.3173514814466976,1.1573,0.7968344026402425,2.569815785972362,0.5016453266143799,7.516461133956909,1
joint_only,751,0.4602973345220358,0.3516402397409456,1.1616,1.2458887196883954,1.403576222704949,0.10142302513122559,3.2119061946868896,1
joint_only,752,0.26020053859090986,0.40130893770708453,1.4851,0.26264465835718526,0.6635537130052731,0.10100126266479492,3.2083568572998047,1
joint_only,753,0.46290747957452694,-0.6717776120094923,1.2021,1.2344732683907569,1.6806334306756285,0.10142087936401367,3.3085579872131348,1
joint_only,754,-0.2649687797471162,-0.258035016256462,1.2573,0.8383980278985468,7.27758709249949,1.8557734489440918,13.732603311538696,1
joint_only,755,0.5792095182699357,-0.18717937222150305,1.4941,1.0294254275296781,5.920657142984921,2.8677995204925537,12.326626777648926,1
joint_only,756,-0.3066270006572567,-0.1483783074306131,1.3288,1.1068098585064636,1.7677026107094307,0.051093339920043945,3.6106154918670654,1
joint_only,757,-0.7608472295172096,-0.22923248140439412,1.2713,0.34997449024061095,0.4581896196248742,0.10136985778808594,2.8091206550598145,1
joint_only,758,0.4578716726584042,0.12575567909811725,1.2066,1.4358383325240336,1.3972064224639584,0.10166335105895996,3.109125852584839,1
joint_only,759,0.6153626803560968,-0.6037136387619593,1.0938,0.9210966305980222,1.131270859618391,0.10108661651611328,3.5101377964019775,1
joint_only,760,-0.016738485507689083,0.6040266500545625,1.1809,1.4103785779700457,1.7650713610158062,0.652350902557373,3.9103972911834717,1
joint_only,761,-0.5174992002517989,0.5907095733929885,1.3782,0.47745496623314315,0.560771854167055,0.1016225814819336,2.108449697494507,1
joint_only,762,0.5894880399421893,0.2250577841097099,1.3127,1.2729348897214694,1.6970931332291685,0.10201478004455566,3.1074063777923584,1
joint_only,763,-0.08493226570821055,-0.37988441442002957,1.38,0.9979507670275827,2.67814579874279,0.05087733268737793,4.410603761672974,1
joint_only,764,-0.3407660954740023,-0.3480276724311783,1.1018,0.4202484865581324,0.4999800501961507,0.10256385803222656,3.20870041847229,1
joint_only,765,0.32340893150868144,-0.6372302122527363,1.2746,0.7372313843785445,0.7481108577809655,0.0511012077331543,2.7070679664611816,1
joint_only,766,-0.2837696536108647,-0.6164999611226787,1.4638,0.5715864182314037,0.6935268666607208,0.05179882049560547,2.7112526893615723,1
joint_only,767,0.4123365534752399,-0.3755896137237382,1.2191,0.9558816911295908,1.100217164820384,0.10175204277038574,2.508227586746216,1
joint_only,768,-0.3757299834402349,0.18586011978420036,1.3491,1.0958734547439977,1.9771333230118833,0.1523289680480957,3.712782859802246,1
joint_only,769,-0.2528175446685492,-0.3705137473281736,1.0607,0.7850322272497363,0.7709709678188265,0.15318584442138672,2.007497549057007,1
joint_only,770,1.00342625072617,-0.5974854247492369,1.4866,1.3913700597092895,1.5152762434885874,0.2535972595214844,2.313232660293579,1
joint_only,771,0.5868128225595588,0.47023351531610824,1.3044,1.364248406050658,2.266410096487515,0.15481829643249512,4.06947135925293,1
joint_only,772,0.5166586761354328,0.19147373060414052,1.1196,0.5480338105887942,0.6566817126048161,0.15291738510131836,2.907503604888916,1
joint_only,773,0.28235944458604956,-0.39523848516721755,1.0792,0.7083697087450904,2.2955448508509018,0.706773042678833,6.818585634231567,1
joint_only,774,-0.0821120004326944,0.4108874075569223,1.2754,1.0321653111728728,2.5442601676468173,0.1009974479675293,4.609317064285278,1
joint_only,775,1.063427783697986,-0.6029988794005848,1.2761,1.7078684436923286,3.877491422088111,1.1033341884613037,9.219940662384033,1
joint_only,776,-0.6894162925921903,0.28528009645514196,1.0466,1.9058564911879887,2.4664011642947385,0.5020065307617188,5.310983896255493,1
joint_only,777,-0.3602335252479161,-0.1461298396849181,1.4961,0.7795604903775873,1.9936151914474198,0.5017237663269043,6.81430721282959,1
joint_only,778,0.2952978071586698,0.09966277503525889,1.4565,0.6656738693328589,0.0,0.65456223487854,0.0,0
joint_only,779,0.5422524977354473,-0.6174280977801392,1.2307,0.9154695982849079,0.9472724937637202,0.15159344673156738,3.1076622009277344,1
joint_only,780,0.5911492847400546,-0.7241136087884116,1.0587,0.28627703308187213,0.1672257369387012,0.15234637260437012,3.2177698612213135,1
joint_only,781,-0.3362618578307204,-0.40285287563543604,1.4161,1.0260590106446583,1.2317460632404338,0.403867244720459,3.9172534942626953,1
joint_only,782,0.5792777470261792,0.09064938976175774,1.2492,1.1733420870816085,2.1859116006633004,0.15246295928955078,3.816851854324341,1
joint_only,783,1.0128545875703923,0.4090877797003162,1.3583,0.4646911495072341,0.510574683588961,0.10196924209594727,3.7109553813934326,1
joint_only,784,0.9756322271191329,0.004804949440220696,1.2544,0.41911727643285707,0.422147845531191,0.05149412155151367,2.007962226867676,1
joint_only,785,0.599391120449855,0.27089849846843095,1.1367,0.47472292577361047,2.832122020922832,0.7022871971130371,9.019287586212158,1
joint_only,786,-0.1374541560314867,0.522133320028653,1.4174,0.8562604505391689,1.4787883838648577,0.1012120246887207,3.2071850299835205,1
joint_only,787,-0.3401323344944924,-0.23675118403462048,1.4901,0.8431714641908074,4.160288331911396,25.171812057495117,7.019785165786743,1
joint_only,788,0.6876010870231237,-0.1187293887050418,1.1219,1.2694293570610933,2.0278291228246497,0.10136079788208008,3.810530185699463,1
joint_only,789,0.5252233656218699,-0.1554757674916145,1.2756,0.3210848840400044,0.42614339111190785,0.10119152069091797,3.7130517959594727,1
joint_only,790,0.9827081917514127,-0.6550552797597549,1.1918,0.6824857481483715,0.683427446227456,0.15114951133728027,2.6080493927001953,1
joint_only,791,0.006848358831640811,-0.7128910862631377,1.4609,1.0125640233609312,1.0127552507288577,0.1512596607208252,3.111041307449341,1
joint_only,792,-0.7616590146973758,-0.06823446782753106,1.2541,1.0245467337126994,3.0152267994933886,0.6043758392333984,9.818989753723145,1
joint_only,793,0.6421215230456496,-0.18011197266138612,1.4397,1.2085616438024673,1.8686751530152934,0.15125560760498047,5.612133502960205,1
joint_only,794,-0.5568863356430278,-0.5225243679913348,1.432,1.1819675130822231,1.3344965038909704,0.10193157196044922,3.1091606616973877,1
joint_only,795,0.4434828210481352,0.4684429006729801,1.1381,1.4030556610544167,1.3946722155030635,0.10177373886108398,3.0123190879821777,1
joint_only,796,-0.6541240467191944,-0.3456564487893649,1.395,1.3480550177861836,1.3277434678363866,0.20272517204284668,3.1104207038879395,1
joint_only,797,0.1477412175446713,-0.0071490583553298626,1.2075,0.8546425135713017,0.9143566148213503,0.2537107467651367,2.910989761352539,1
joint_only,798,0.7691971950498533,0.34148837359124806,1.4671,0.6492686714638822,1.3026578048567614,0.20268535614013672,3.7104005813598633,1
joint_only,799,1.015479363698967,-0.29405574725072386,1.2539,0.7720916754977257,4.987954621538987,0.7535934448242188,10.920883893966675,1
joint_only,800,0.9923014504417409,0.4610629011375361,1.4103,0.7694794810065325,0.9581997968055371,0.15114140510559082,5.31474232673645,1
joint_only,801,0.2237816980840477,-0.05169598271418396,1.1414,1.0338119266311576,0.9530697105469655,0.20155954360961914,3.910090923309326,1
joint_only,802,0.46869663189973165,0.40828610704637824,1.1493,0.6736082733894386,0.43185560255429173,0.10146212577819824,2.4066994190216064,1
joint_only,803,-0.0024845883230601995,0.09589124139119343,1.2935,0.46188433415109653,1.6327342372910392,0.20126056671142578,6.513886451721191,1
joint_only,804,-0.5177200471247456,0.21048673736095558,1.4995,0.5673574133705673,3.8469823737410658,0.9531221389770508,11.527855396270752,1
joint_only,805,-0.5454061405366584,-0.7402628062089974,1.2448,1.2073595671389519,1.7877467778652465,0.1014091968536377,4.8138427734375,1
joint_only,806,0.14759789952808022,-0.5212875113499028,1.0743,0.8438674200480478,0.831848237131264,0.15353178977966309,2.2100820541381836,1
joint_only,807,-0.5444871132549325,0.48103550506684367,1.2693,1.297789798804155,2.298990364077538,0.2590513229370117,4.019337892532349,1
joint_only,808,-0.6642052497579977,-0.437475567276014,1.1726,1.0216670476401335,1.1102819043498726,0.15291333198547363,2.3075976371765137,1
joint_only,809,-0.3867117133225697,-0.6636760132246889,1.276,0.4031065352102592,0.39747887037868423,0.10259628295898438,3.416039228439331,1
joint_only,810,-0.4378441241585326,0.5758514909282876,1.2717,1.3094194175943172,1.543620525191268,0.1517801284790039,4.110508680343628,1
joint_only,811,-0.048933744816775926,-0.1536304858669817,1.2277,0.9125078325826412,0.8767397057221674,0.05111527442932129,2.1044390201568604,1
joint_only,812,0.518653562632386,-0.5070925708127123,1.1609,0.7845128370076768,0.7519767207689559,0.10109543800354004,3.307133674621582,1
joint_only,813,0.8523844471459194,0.12456959775404919,1.0943,0.85014895858158,1.313859275163975,0.10108304023742676,3.411017894744873,1
joint_only,814,0.3273742966390014,-0.5819618335953592,1.3487,0.952536594974097,1.0554826188561692,0.10118818283081055,2.308664083480835,1
joint_only,815,0.4986899684022992,-0.4596095955891263,1.2859,0.3149477753397374,0.17998587262380986,0.05083894729614258,2.406040906906128,1
joint_only,816,-0.4680449281032409,-0.0452758421206374,1.1168,1.1903563120407326,1.0567705077904643,0.10097599029541016,3.107466220855713,1
joint_only,817,0.698246581101315,-0.64813092472374,1.3878,1.206762983170941,1.3468151906582346,0.10173535346984863,3.3102800846099854,1
joint_only,818,0.37254123701011155,0.2031798586690211,1.0218,1.142853710406792,1.9249829903713307,0.10116887092590332,3.8081986904144287,1
joint_only,819,0.5608653387874356,-0.007007832496427002,1.3724,0.4405716356207188,2.218717132995326,0.05106639862060547,4.6144537925720215,1
joint_only,820,0.7984724645555845,-0.07647993718811175,1.3526,0.16328348748294813,0.23495516150184378,0.05132007598876953,1.404038906097412,1
joint_only,821,0.021464932023983252,-0.49095042214168094,1.4057,0.9904744509652958,0.9602339125154835,0.05142521858215332,2.508784055709839,1
joint_only,822,0.05122593666981712,-0.638988574676352,1.193,0.33480597265694395,0.2489172095377076,0.10160422325134277,1.403853416442871,1
joint_only,823,0.9143161245786253,-0.4634284518083033,1.3318,0.8723304416436505,0.9326527491696713,0.10129785537719727,2.3057234287261963,1
joint_only,824,-0.1011994109438692,0.0013795649036320023,1.4104,1.2109534003110254,1.0518405323255844,0.05163717269897461,3.1101295948028564,1
joint_only,825,0.4119662907700534,-0.6411791493821326,1.4904,0.6969220042715071,0.8734578631485379,0.20348501205444336,2.7093443870544434,1
joint_only,826,-0.013858034678332576,0.627128554262654,1.2477,1.5417017541563554,2.568154342965994,0.1526503562927246,4.016979694366455,1
joint_only,827,-0.4367393520567793,-0.26138478589081365,1.0185,1.0912551573409681,1.1445698149567602,0.10208392143249512,3.5145761966705322,1
joint_only,828,-0.1405039367361356,-0.10513627387830493,1.2511,0.40208841038909043,1.446125871951621,0.15201354026794434,3.610250234603882,1
joint_only,829,0.5317735286641838,-0.7315083011011984,1.2951,0.7918917957824098,0.889698859172711,0.10129475593566895,3.109020233154297,1
joint_only,830,0.08626692773225886,-0.7356992844316926,1.4349,0.47756699306093314,0.4578249171913776,0.050856590270996094,2.104651927947998,1
joint_only,831,0.21396678105324107,-0.6516793903834021,1.4371,0.2538065689116531,0.26279469823737783,0.051000356674194336,2.9086976051330566,1
joint_only,832,0.6768446747270751,0.28990036755188486,1.2202,1.234274392316606,5.812598007634417,0.7027311325073242,13.526328325271606,1
joint_only,833,-0.5948768049404534,0.17917036842369227,1.263,1.2391571785483437,1.651934883441033,0.1024324893951416,3.6097233295440674,1
joint_only,834,-0.5362958460074426,-0.4751040753370026,1.2285,0.7610371135511799,2.5118072828912235,0.15142345428466797,5.6124656200408936,1
joint_only,835,0.92710886460404,0.29947485127922724,1.3612,1.6606399220266472,2.739102031824606,0.7556548118591309,5.421332359313965,1
joint_only,836,0.8892515452490997,0.052280480699406384,1.205,0.6253628226086212,1.2749052836533237,0.35680508613586426,7.221520662307739,1
joint_only,837,0.06631185827011554,0.2413296318304281,1.3274,0.8543010623898109,0.8541030930121413,0.15227246284484863,2.7092931270599365,1
joint_only,838,-0.2509952660992084,-0.4111781371378468,1.0772,0.7683251032909799,2.453556525663007,0.6569855213165283,7.115169048309326,1
joint_only,839,0.9263359345171644,-0.046300045381000965,1.2347,1.0960355267008435,1.5449955706808716,1.0537102222442627,7.217157602310181,1
joint_only,840,0.5067814796633678,-0.21703449766440308,1.4846,0.40347006675465663,0.4498254846320155,0.1511995792388916,3.7111308574676514,1
joint_only,841,0.7051505549729924,-0.3693461418390514,1.1693,0.40297514940597934,1.019493712690232,0.10106801986694336,4.710184574127197,1
joint_only,842,0.9882337262704779,0.1313782628268565,1.3464,0.6015337874760877,0.6702817416080664,0.4016125202178955,3.6598563194274902,1
joint_only,843,-0.4945835083880026,0.21143667751998207,1.3249,1.4109591033643796,2.3034674995569424,0.10131645202636719,4.610095262527466,1
joint_only,844,-0.34849337663394175,0.16654533014677553,1.4259,0.04688594057163455,0.18045359945304684,0.051689863204956055,2.207221269607544,1
joint_only,845,0.6350073379048093,-0.4850694145788456,1.4262,1.075785317181777,1.6489843649453693,0.1010732650756836,3.858646869659424,1
joint_only,846,-0.14293582225959567,-0.1489562849218008,1.4297,0.7426779805057895,1.1934232227006356,0.10111641883850098,3.4089064598083496,1
joint_only,847,-0.8062533675208123,0.4650012515541143,1.19,1.0495143438191044,1.082855685202886,0.10204100608825684,3.809847831726074,1
joint_only,848,-0.7957429864496395,0.17324831565397425,1.1583,0.29298175853388914,0.29831965241413366,0.10134434700012207,2.509897470474243,1
joint_only,849,0.887250250467259,-0.2960506903709585,1.3594,1.7596443077622441,2.3490987034427318,0.15250301361083984,3.8219869136810303,1
joint_only,850,0.762973846293665,0.4178532318156848,1.3797,0.92081587744014,2.410251266695002,0.15325546264648438,4.920206308364868,1
joint_only,851,-0.7396987785166769,-0.6125827548070257,1.4362,1.9859445623904677,2.254214805621231,1.004192590713501,3.816711902618408,1
joint_only,852,0.6099005136808135,0.365357782858846,1.0179,1.6367904824447475,1.7067973231294145,0.30756545066833496,3.2082862854003906,1
joint_only,853,-0.3943539662208879,-0.6875579638947726,1.0342,1.36809608317893,1.9492572867135458,3.2581279277801514,7.6151039600372314,1
joint_only,854,-0.8285518876808068,-0.24777353950759806,1.3156,0.5788951461946724,0.6148274402013195,0.20420074462890625,3.708505153656006,1
joint_only,855,-0.2530740253850783,0.156065915546997,1.4605,0.7175476629384288,0.9884943276162383,0.2515532970428467,3.7109217643737793,1
joint_only,856,0.6419484119169989,0.11402299860314857,1.4987,0.8498818717264386,0.0,0.6555955410003662,0.0,0
joint_only,857,0.7861711023603526,0.1082289988498808,1.3734,1.0321919169416958,5.341464912592916,0.7025196552276611,13.230052471160889,1
joint_only,858,0.8403066952930975,0.06345076001193839,1.217,0.4987850958480309,0.2812293565728594,0.8062663078308105,3.1093380451202393,1
joint_only,859,0.6268391911299018,-0.13528831131014007,1.0492,0.687661569215202,2.4230045282399097,0.25226879119873047,6.415072441101074,1
joint_only,860,-0.419368833357705,0.07707447884378149,1.3169,1.2832914252081178,3.2704573121755733,2.2629969120025635,8.417325258255005,1
joint_only,861,-0.19534373879491818,-0.01797116141139099,1.4363,0.15202703041503765,0.265721305770982,0.051138877868652344,1.703953504562378,1
joint_only,862,1.0715756933942486,0.1494252694180327,1.2218,1.2433178208754987,2.048420136686126,0.15111494064331055,4.309696435928345,1
joint_only,863,0.302639590136226,-0.6696998521372546,1.347,1.0428212687894165,1.0191956336396697,0.05115509033203125,2.30869460105896,1
joint_only,864,0.46986765871746305,-0.23032952228764492,1.4517,0.38763091291915036,6.282740451353599,0.6520631313323975,12.225953817367554,1
joint_only,865,0.11871242239924107,0.20627458378083063,1.023,0.7058500538775296,6.306483996397946,1.053067922592163,18.542986631393433,1
joint_only,866,-0.3273787609384131,-0.5283721746245814,1.3981,0.7841401809490439,5.593471295631495,1.4542381763458252,10.52092170715332,1
joint_only,867,-0.5175163876067244,0.2258611860139541,1.1467,0.9922831788163868,1.1644968897184909,0.10109782218933105,2.9093425273895264,1
joint_only,868,0.7866615521044387,-0.5097931391353075,1.1874,1.6003622640778674,1.7393959934524532,0.05091047286987305,2.8105032444000244,1
joint_only,869,0.33542029665248485,0.2183047686607953,1.0728,0.9700924611980021,1.223092087234977,0.10164642333984375,3.107311248779297,1
joint_only,870,1.0315437312129305,-0.0066252016571894945,1.2656,0.8307476812652763,2.033821710945781,0.10135602951049805,4.512131214141846,1
joint_only,871,-0.5683843530827866,0.043762337979898924,1.283,1.76367413175123,2.4876330180416075,0.10128569602966309,4.109501361846924,1
joint_only,872,0.28288417407720745,0.0715624080181434,1.3963,0.99757040737193,2.233013234746984,0.15154719352722168,4.3091020584106445,1
joint_only,873,-0.8100838570307366,-0.16133751193350654,1.085,1.381965666831751,2.0058110127413413,0.10135269165039062,4.009297609329224,1
joint_only,874,0.873088497177801,0.47012495789672426,1.0395,1.9083154115938479,2.157737517861324,0.051163434982299805,3.4096171855926514,1
joint_only,875,0.8374597197532845,0.4744923801203481,1.4354,0.30385513909096346,0.4143980714453812,0.15160512924194336,3.409821033477783,1
joint_only,876,-0.3051182540264423,0.35982778917292546,1.3099,1.307874258115169,1.6141507881466228,0.05099034309387207,2.9063973426818848,1
joint_only,877,0.905579145997627,0.11249435316455625,1.1204,1.3942496078185835,2.6458285262746757,0.10193419456481934,4.814726829528809,1
joint_only,878,0.8065228783924627,-0.6572705497459671,1.4564,0.8049531593552343,0.9346883897575179,0.2529177665710449,4.52021861076355,1
joint_only,879,1.0601300905555178,0.3795221485915038,1.0716,1.1342759277598105,1.2538525691972395,1.357102394104004,5.413601398468018,1
joint_only,880,-0.7043248905105854,-0.21318890788667988,1.2306,1.8676043601184809,4.2554437149545965,2.304867744445801,9.01763367652893,1
joint_only,881,-0.4183970299113334,-0.09844669202062684,1.127,0.4383743417849708,0.3186485458603483,0.05114245414733887,1.603726863861084,1
joint_only,882,-0.5410326614154786,-0.5406433756794271,1.1277,0.46711182221891695,0.7203082621783601,0.10143589973449707,3.407808780670166,1
joint_only,883,1.0451032241642717,-0.13879657153813363,1.0047,1.6891545372024945,0.0,0.05172848701477051,0.0,0
joint_only,884,-0.2263647344424471,-0.3316472445288514,1.4023,0.48364000065305157,0.5875152435262618,0.10109162330627441,2.606006383895874,1
joint_only,885,-0.3646902130647699,-0.25479066559687824,1.4506,0.33251132697473623,0.14685999380441092,0.051107168197631836,1.5038325786590576,1
joint_only,886,-0.45577524558329024,0.3685984817607634,1.3388,0.8340627789143031,2.162033759656903,0.10109663009643555,4.209255695343018,1
joint_only,887,0.8407539831228337,-0.5301326224889098,1.079,1.7645238943733976,2.015841191450654,0.05095815658569336,3.2067272663116455,1
joint_only,888,-0.27360452864594087,0.0311230928008156,1.2209,1.2688174064675553,1.505388657645224,0.05171847343444824,2.711399555206299,1
joint_only,889,0.2779455855865929,-0.04843096322432694,1.1728,0.7121219735273832,0.563067737345373,0.10189437866210938,3.616238832473755,1
joint_only,890,-0.3306446917999506,-0.07271564632052674,1.2938,0.4829326901963436,0.6539202282409683,0.1532270908355713,2.307739734649658,1
joint_only,891,-0.2655894063391301,0.38695178416867704,1.3195,0.4949479689288115,0.5910723116609327,0.10299277305603027,1.9071485996246338,1
joint_only,892,0.03561108262851009,0.2531583488349892,1.2122,0.5258538697767629,0.36459566069528965,0.15288972854614258,2.4075276851654053,1
joint_only,893,0.6671116841617806,0.4416668858063514,1.125,0.765524234534938,0.7942014167163688,0.10346078872680664,2.00600004196167,1
joint_only,894,0.7920942114664942,0.6165058539459877,1.4227,0.22642244124112734,0.45018097848897104,0.15306615829467773,1.8058292865753174,1
joint_only,895,-0.4861799628726349,-0.07057465360334703,1.0996,1.6687621506350905,1.8933825078274862,0.10175466537475586,3.0106778144836426,1
joint_only,896,0.08466447108769093,0.4087285985663941,1.1923,0.8204042795240581,1.2164023741433172,0.05120730400085449,3.2081146240234375,1
joint_only,897,-0.06671288451368396,-0.2920077127979616,1.2416,0.8483307151018226,5.586089077626398,0.5025403499603271,10.922805070877075,1
joint_only,898,-0.6232639807735634,-0.47311999739184807,1.1186,0.8620375203999068,0.6284170007972646,0.10163760185241699,3.209181547164917,1
joint_only,899,0.25223554413935023,0.05297807719350267,1.286,0.9264261087793659,2.10759334397929,1.052821397781372,7.514366149902344,1
joint_only,900,-0.41748342946912026,0.016357955925252132,1.2874,0.5436977469709291,0.6781536037917494,0.05112266540527344,2.508601188659668,1
joint_only,901,-0.5930949370344178,0.041385570737440425,1.4963,0.09660554188586122,0.2683194403932267,0.2014448642730713,3.7087879180908203,1
joint_only,902,-0.43951717575865806,-0.49178089046024526,1.1476,0.6551503500557576,0.7159463712344534,0.10193967819213867,2.204956293106079,1
joint_only,903,0.9645593356553386,0.5896790458242923,1.489,1.8043785304151356,2.702459368169777,0.5016481876373291,6.9204323291778564,1
joint_only,904,-0.13064538162166994,0.35308412984044624,1.3291,1.3174902591933784,1.0763660706225604,0.25304484367370605,3.1088361740112305,1
joint_only,905,0.2305476934596684,0.4181960499555518,1.1372,0.5627752783869066,0.39567702376183217,0.20269060134887695,2.107062816619873,1
joint_only,906,0.46041946576550896,-0.44002714203942084,1.283,1.0999466455776687,1.4192072950423824,0.2021632194519043,2.9122233390808105,1
joint_only,907,-0.37815613566886386,-0.3812981458842526,1.3429,1.0649965976885618,0.8394998022026444,0.0512995719909668,2.9097635746002197,1
joint_only,908,0.697922919780505,0.11894995681459164,1.3723,1.095497939117944,1.9518686248191568,0.35167932510375977,5.210571527481079,1
joint_only,909,0.035397364472574466,-0.260424561782775,1.0245,1.1519610146502457,1.8880835946582835,1.1035716533660889,5.114454507827759,1
joint_only,910,0.9519059869791033,-0.6879587704243457,1.3032,1.0266388493879448,1.0614360512448162,0.1513211727142334,3.709463119506836,1
joint_only,911,-0.4009933324345899,0.5051890742822617,1.2484,1.8041443009911564,3.0361322266097672,0.7530782222747803,8.016382217407227,1
joint_only,912,0.6344609233463696,-0.530727711697232,1.4521,1.5884755397933816,1.8879203425240227,0.10137367248535156,3.517185926437378,1
joint_only,913,0.31007698866347244,0.6303922842661028,1.1431,1.4074043402692233,1.8248761162567702,0.2035057544708252,3.215470552444458,1
joint_only,914,0.767210149607161,-0.5084467088086522,1.3994,1.3174137946043347,2.791714122016742,0.15354275703430176,4.313830614089966,1
joint_only,915,-0.1983042957815374,-0.041462039250564686,1.3035,1.2198914584294618,1.8278170825524727,0.05139946937561035,3.413654327392578,1
joint_only,916,0.13753064692900718,-0.054247264284247754,1.1762,0.5268621038098177,1.4792437580172,0.15150785446166992,3.608381509780884,1
joint_only,917,0.21939904451824943,-0.14094258539677462,1.3183,0.03660096790816073,0.22419860067075112,0.10140371322631836,1.7040598392486572,1
joint_only,918,-0.8235061656840077,-0.12602073286400695,1.3104,1.2010911421503243,1.800715959334793,0.1011040210723877,4.511353254318237,1
joint_only,919,0.5631538045320006,-0.589671218058742,1.3389,1.642694249300139,1.649189952619567,0.051018714904785156,3.1069352626800537,1
joint_only,920,-0.5291308281963463,-0.22122140750885777,1.3605,1.1557648450852926,1.3253807555897537,0.05114483833312988,2.8063955307006836,1
joint_only,921,0.6150254447363124,-0.5705818281979669,1.3296,1.36876729917184,1.3122694940650228,0.10135245323181152,2.907102584838867,1
joint_only,922,0.46959318343974576,0.034383856351529074,1.4192,0.7386050988210213,1.0233135004698095,0.10127496719360352,5.0136425495147705,1
joint_only,923,-0.7418605957301391,-0.7166803628525785,1.3141,1.5730507212051037,1.8961761888331365,0.15760183334350586,3.9087719917297363,1
joint_only,924,0.6635337107368695,-0.4208992255841788,1.4517,1.5276765946021271,1.6740601338886822,0.10125136375427246,2.807851791381836,1
joint_only,925,1.0326777873058903,0.1746505038069177,1.3232,0.790849796230636,0.9656195456130542,0.1030421257019043,3.409862518310547,1
joint_only,926,0.3389208774492598,0.1892589564340844,1.1545,0.7142652955386705,5.024682175862676,0.7524406909942627,12.329829692840576,1
joint_only,927,1.004274019468291,0.4727909317143101,1.2204,0.9546056809636586,2.3039330055553617,0.3525817394256592,7.718725681304932,1
joint_only,928,-0.3148370045466379,0.5806570802928562,1.2898,1.3435686040193753,1.4912579673537707,0.15139436721801758,4.008297920227051,1
joint_only,929,0.5267798941845296,0.11257542926502173,1.3662,1.181155900744575,2.2224913887496127,1.0527832508087158,6.513535499572754,1
joint_only,930,-0.1991757659617821,-0.6345372603514327,1.0451,1.2517236554759807,1.3196469240154076,0.10113334655761719,2.4083752632141113,1
joint_only,931,-0.19240755628390915,0.4037016398112324,1.1476,1.1080199817148204,3.5758325959429644,0.6026954650878906,10.722473382949829,1
joint_only,932,-0.1346872976610306,0.5329383923465515,1.3737,0.140559523885931,0.23795008397566772,0.10129213333129883,1.8039724826812744,1
joint_only,933,-0.5503482593932534,0.07482243409032596,1.0878,0.9178933892962391,0.796872029130759,0.10107994079589844,3.309896230697632,1
joint_only,934,0.012388193026387273,-0.05391432247887129,1.0661,0.542227751622491,1.5926423578195628,0.8027677536010742,5.213335752487183,1
joint_only,935,0.43891281988655684,0.28911738617485494,1.2697,0.35268522013615067,0.6185792169423959,0.20237278938293457,1.9118056297302246,1
joint_only,936,0.9194410740378249,0.3801183821985944,1.4857,0.34899179530256297,0.55223365988962,1.2636168003082275,3.7143428325653076,1
joint_only,937,-0.859367878880655,-0.4510974411334201,1.2654,2.0604928764992363,3.3442011008984154,0.6040887832641602,5.619351863861084,1
joint_only,938,-0.07543079406876418,0.4724223844274894,1.4567,1.2412449473451628,2.803146264045354,0.3022434711456299,5.813192367553711,1
joint_only,939,-0.25089365234721583,0.20651068670374573,1.4152,0.4682670516858085,0.32337087371048917,0.15114045143127441,3.107041597366333,1
joint_only,940,-0.5070584695375142,-0.27294412893342174,1.1285,0.7992236758791302,3.602878050839327,0.2516810894012451,7.114346265792847,1
joint_only,941,-0.6353758527370846,0.2667881143205847,1.4123,0.5899519232623551,0.643372272963161,0.10121798515319824,3.7099249362945557,1
joint_only,942,0.10376841654405833,-0.33087959612637086,1.2409,0.965304412882057,0.9693024208965335,0.10114622116088867,3.910062551498413,1
joint_only,943,-0.5471482413656623,-0.5828148555604726,1.4032,0.7165710734166146,0.7164578732309174,0.05130600929260254,3.3101353645324707,1
joint_only,944,-0.19127586524266726,0.2641421473238844,1.3733,0.918919915721394,0.9438769972422641,0.05188107490539551,2.6103591918945312,1
joint_only,945,0.7541843762868972,0.03551562573610623,1.1694,0.9934148489763126,2.6379134711696683,0.10135746002197266,4.609779357910156,1
joint_only,946,-0.08115376894869519,-0.29398407415141387,1.0576,0.8720273855503603,0.8744265967335942,0.051076412200927734,2.5087568759918213,1
joint_only,947,0.7145437481994692,-0.599479492130392,1.4814,0.9982757448173386,0.9408134233222262,0.10108065605163574,2.911240339279175,1
joint_only,948,-0.6377185727009411,0.6043007439814342,1.0704,1.815442306383023,3.747815216104186,3.393890142440796,8.027519226074219,1
joint_only,949,0.3059875061727848,0.272202814380787,1.4833,1.0536717272262288,1.291739698424866,0.15196633338928223,2.5104877948760986,1
joint_only,950,0.18200249813578262,-0.6011138778056835,1.4301,0.9494904216396627,1.1799520514055224,0.1515510082244873,5.614260673522949,1
joint_only,951,-0.28561921001666246,0.5462458111669083,1.3621,1.2403878894392006,1.6334104858324825,0.20199179649353027,4.609126329421997,1
joint_only,952,-0.35833239720027954,0.5894002714644205,1.49,0.17708014395034655,0.6322611656921584,0.10113787651062012,3.110046148300171,1
joint_only,953,-0.7732072375467419,-0.670500535700906,1.4836,1.447899289558607,2.115154085198346,0.15123414993286133,6.816785097122192,1
joint_only,954,-0.4240341371964385,0.10059520089086971,1.4023,1.0086812033127488,1.0275021831342013,0.1012730598449707,2.9094398021698,1
joint_only,955,-0.16104826348030776,0.3885607593646395,1.1829,0.5712195236527976,0.5097739225153352,0.05094718933105469,1.5095109939575195,1
joint_only,956,-0.17767652529799915,-0.24484283952780406,1.3953,0.7222258555470832,0.7945801582185599,0.10159969329833984,2.911193370819092,1
joint_only,957,-0.4586443213130312,-0.6266382182633284,1.007,0.639300351610319,0.6050597551203671,0.10210180282592773,2.5088884830474854,1
joint_only,958,0.7936810640185619,-0.43901803108310805,1.2683,1.3174480010197023,1.4772150283621632,0.10107779502868652,2.60906982421875,1
joint_only,959,0.7594219965044655,-0.21454438160517242,1.2274,0.35030800698038106,0.25034210331814283,0.05124831199645996,3.5110654830932617,1
joint_only,960,0.9753237690270764,-0.5799834658710686,1.3364,0.3397987816070147,0.529280314609498,0.051049232482910156,3.510327100753784,1
joint_only,961,0.1805760066251012,-0.6981264504821026,1.3362,0.7992448259199909,0.8696212581085837,0.10143876075744629,2.3052420616149902,1
joint_only,962,-0.5534643146653071,0.1589067952099027,1.2923,1.184469183609506,1.3651861892197759,0.10111856460571289,3.2106258869171143,1
joint_only,963,0.5436409939119007,-0.6489490781742929,1.4112,1.4687527763489685,1.976842438016125,0.10177755355834961,3.30676531791687,1
joint_only,964,0.3415613460333635,0.5464744853862485,1.4701,1.3684703276698087,5.313746225345613,0.45204639434814453,9.620062112808228,1
joint_only,965,-0.1700515817195658,0.013611483351730125,1.0542,0.992611813580369,0.8901366548058702,0.352215051651001,2.507718324661255,1
joint_only,966,0.7416779313351987,0.09765582162182629,1.1169,1.0967996292478424,0.9069690249466801,0.25290703773498535,4.1213226318359375,1
joint_only,967,-0.6631571013015777,-0.25537058288947473,1.0125,1.3667311026870508,1.6195512368429101,0.15265488624572754,3.916226625442505,1
joint_only,968,0.43147277175779064,-0.6466714161329129,1.4421,1.0966853672524937,1.3649634426213293,0.1519489288330078,2.810441017150879,1
joint_only,969,-0.5621972180620911,0.3937131537389761,1.2807,1.428634978980078,3.851120171451197,0.5019292831420898,10.619657516479492,1
joint_only,970,-0.5396203542707609,0.46519971634222335,1.4576,0.16004000704236904,0.7848846511522815,0.10120320320129395,3.7103612422943115,1
joint_only,971,0.12281088316375799,0.2620622582320812,1.1107,0.9586298414469717,0.8161393748993067,0.15154576301574707,2.5094680786132812,1
joint_only,972,0.8834122723603621,0.5407338528661317,1.0316,0.8705810617463594,0.9901074200238498,0.10107731819152832,3.2097561359405518,1
joint_only,973,0.37530453708959066,-0.18898859000542745,1.4119,1.006822573797815,1.6169872899120903,0.10109329223632812,3.80810809135437,1
joint_only,974,0.46968225717447964,-0.154298840111755,1.4547,0.3185962493543438,1.109033364629499,0.050977468490600586,3.510561466217041,1
joint_only,975,-0.5827633394132185,0.4014454291989894,1.1511,1.4733163677816596,4.384278163981083,0.501793622970581,9.818917751312256,1
joint_only,976,-0.018160018032109093,-0.22219837308370982,1.2041,0.7918191703033975,1.518031086636771,0.10116815567016602,3.909963607788086,1
joint_only,977,0.8002288287171355,-0.07795573337207873,1.0699,1.0995405608015594,0.8877820957745874,0.10126876831054688,2.7120063304901123,1
joint_only,978,0.262769641626889,-0.29615981631648564,1.4731,0.4764853410941138,2.531978466455696,1.7618470191955566,8.320132970809937,1
joint_only,979,-0.8603567359681372,0.6012594774161212,1.1522,1.4136177685458868,1.5299398976386136,0.10250997543334961,3.2154500484466553,1
joint_only,980,0.5706310333011784,-0.267862420784076,1.2463,1.7405081723172753,2.552489188111557,0.15182232856750488,4.009826421737671,1
joint_only,981,1.0034708769800211,-0.1931083329825506,1.0486,0.5610725827189531,0.5451687287206407,0.10119485855102539,3.1074087619781494,1
joint_only,982,1.089838626119011,-0.7075925712977815,1.4436,0.5293493337664724,0.760529543582327,0.0513455867767334,3.7083775997161865,1
joint_only,983,0.49070629412092326,-0.5775874667437917,1.0678,0.8383062864817017,0.8416896685316471,0.1012566089630127,3.0098719596862793,1
joint_only,984,0.36129724522136497,-0.43704306728488124,1.2268,0.21557914283215762,0.43862396699776884,0.10103940963745117,3.1089231967926025,1
joint_only,985,-0.04612264440500946,-0.5228500242582803,1.3352,0.48050762493647475,0.45158312133247636,0.05110907554626465,1.7042560577392578,1
joint_only,986,0.6279348629420425,0.49080342476886163,1.3716,1.3070836956567178,3.204020661559574,0.9524829387664795,8.316943407058716,1
joint_only,987,-0.6743132927012585,-0.7202019316108105,1.473,1.6751689908495058,1.9210674687491882,0.20144009590148926,6.01276707649231,1
joint_only,988,-0.5498961164188956,-0.4217411673301299,1.2096,0.6717828742238269,1.1629422967914702,0.10120034217834473,5.712311744689941,1
joint_only,989,1.058836761368229,-0.5568785964440948,1.3711,1.5753254393902787,1.872889690959874,0.35154080390930176,3.7121846675872803,1
joint_only,990,0.9632512475491584,-0.1664319760234425,1.0773,0.8455453260720418,0.6691652380758162,0.40287327766418457,1.9083802700042725,1
joint_only,991,0.26456863454877877,-0.20316212038077197,1.2074,0.9441865987721397,1.2571086206578819,0.554126501083374,3.0095720291137695,1
joint_only,992,-0.8505983724805575,0.3388490704971011,1.0495,1.3371928819355394,2.0575056795766646,1.8078417778015137,6.815401792526245,1
joint_only,993,0.2931141019886099,-0.19658161456898282,1.2447,1.1566315895479076,1.677517001561224,0.1512584686279297,4.612178325653076,1
joint_only,994,-0.32747594318464956,0.23176900000708145,1.2041,0.6771627216134554,1.4090813178278676,0.10143852233886719,4.112381458282471,1
joint_only,995,-0.1303010544543799,0.01251940525450601,1.4758,0.23753572627110506,1.1768393487917956,0.4016695022583008,5.611804485321045,1
joint_only,996,0.776744535608092,0.363961458569232,1.0164,1.2859559420647888,1.4046074805956623,0.10106420516967773,2.706631898880005,1
joint_only,997,0.7468991288066353,0.5353674293126532,1.1853,0.11794034591785692,0.28260468510961423,0.05120086669921875,2.309978723526001,1
joint_only,998,-0.2041656190928982,0.4533259377985218,1.2217,1.0015993708604976,0.9272669692657166,0.05093812942504883,3.110809803009033,1
joint_only,999,0.6183922450964319,-0.6725222514998098,1.4753,1.4951408330465106,2.069483419187108,0.10127758979797363,4.008676528930664,1
joint_only,1000,-0.2102168632443001,-0.20085763875179863,1.4277,0.9786976507833862,1.1203809208815978,0.10112714767456055,2.1053311824798584,1
