case,pose_index,goal_x,goal_y,goal_z,cartesian_distance_m,path_length_m,plan_time_s,execution_time_s,success
no_joint,1,-0.13066148444452752,0.563281457007225,1.3197,0.8316861808749472,0.9288487569770374,0.15237927436828613,4.11562442779541,1
no_joint,2,-0.5637710546430907,-0.5286635290580576,1.0125,1.3119302683947593,1.4655692370955162,0.10137224197387695,2.707517147064209,1
no_joint,3,0.31840995327503974,0.22989172189176654,1.1375,1.2301196673128583,2.8022779819709145,0.10118627548217773,4.70962381362915,1
no_joint,4,0.7769013140664358,-0.45124606192804856,1.1116,0.7937283787779877,4.192204972490351,0.15116357803344727,6.11466908454895,1
no_joint,5,-0.26999187445419626,-0.021984662937305166,1.3682,1.2148268502967416,1.9005560885697408,0.10143184661865234,3.8097121715545654,1
no_joint,6,0.33969243733975607,-0.5513354354640945,1.3383,0.9244147268902773,1.687302659229337,0.10104799270629883,3.4124112129211426,1
no_joint,7,0.030930708718165167,0.33583177095400074,1.4461,1.0447899389440254,2.188019551993864,0.36800217628479004,5.958569288253784,1
no_joint,8,0.3011656754845682,-0.6791771329227231,1.0435,1.2774280499920159,2.4941650998490403,1.7322945594787598,7.3235390186309814,1
no_joint,9,-0.744067742703176,0.5607687281860799,1.211,1.6292532487889102,2.8640181832818814,0.503164529800415,7.82696270942688,1
no_joint,10,-0.2692555094983793,-0.6087985153552286,1.0149,1.3851511606456215,4.004477233260639,0.7563650608062744,11.123568773269653,1
no_joint,11,-0.6311202185376483,-0.06262692550711468,1.1093,0.8185398681813323,4.487570014740389,1.2107295989990234,12.1544189453125,1
no_joint,12,-0.36009807646876646,0.16730561870237126,1.2527,0.4083106139667941,0.38954288010807847,0.15217375755310059,3.108417510986328,1
no_joint,13,0.21057977365838032,-0.48900997810792585,1.0133,1.0254240759361881,1.0297657031670404,0.15311598777770996,2.1063294410705566,1
no_joint,14,0.9890869021802229,0.4864927794875896,1.0994,1.3184377594714187,2.34052301048247,0.10328316688537598,4.211365461349487,1
no_joint,15,-0.6976078609330956,-0.4737195470360945,1.3249,2.032921439210231,2.8733238168472974,0.10109496116638184,4.1110944747924805,1
no_joint,16,-0.10264161183544662,-0.370166430342667,1.2725,0.7428211110819317,1.2341465693504488,0.05126619338989258,4.509068489074707,1
no_joint,17,-0.31618780179961137,0.002664418259433421,1.1102,0.6012957098674435,0.49001652490080716,0.1012566089630127,4.208486557006836,1
no_joint,18,-0.7252406242266942,0.6129826508891109,1.2946,0.8291587806034865,3.197785330638486,0.1010732650756836,7.617886781692505,1
no_joint,19,-0.86205516386102,0.3774440026969422,1.4047,0.35799687451004886,0.3424623070300512,0.10152053833007812,3.507448196411133,1
no_joint,20,0.6556578271315445,-0.6412626485173598,1.0032,2.0289136963807772,2.2119359712318953,0.10146951675415039,3.017428398132324,1
no_joint,21,0.8376709900854264,0.1134116262610646,1.4029,0.8869152660550489,1.2118491862315337,0.10113739967346191,3.106675148010254,1
no_joint,22,-0.25663303835955753,-0.2961981155352495,1.3491,1.2899317854226928,2.3713930870785185,0.10110664367675781,3.9100699424743652,1
no_joint,23,0.8854556557862792,-0.09417669282748165,1.1701,1.330226307850647,2.077220373000402,0.20280957221984863,3.712289571762085,1
no_joint,24,0.6348759663586907,0.02819486946048788,1.0777,0.42034702805728763,0.30448405962542296,0.10312414169311523,2.6079461574554443,1
no_joint,25,0.1630564678351123,-0.15555864077535275,1.4786,0.6359191044930992,0.615882374701358,0.20278358459472656,4.313435792922974,1
no_joint,26,-0.8107073539688927,0.13142790507643431,1.1683,1.247579114460895,2.4766301768595245,0.10221147537231445,4.11337423324585,1
no_joint,27,0.9257967513215164,-0.4004724771494458,1.0464,1.9214768999489287,2.4245150091465217,0.10175061225891113,3.608226776123047,1
no_joint,28,-0.4195220359956043,-0.6372296038952384,1.0484,1.408104345349106,1.491443399360227,0.40251612663269043,3.3072192668914795,1
no_joint,29,0.9696607469429799,0.367357401521509,1.4237,1.8030633838450218,3.523923780834965,0.051126956939697266,4.810195684432983,1
no_joint,30,0.7198780564140448,-0.4866527390905867,1.3019,0.9854538807923435,4.719143820469501,0.10163545608520508,6.012152671813965,1
no_joint,31,0.727346387535172,0.48822944609487984,1.4036,1.0722710967701872,4.417805573808085,0.05130934715270996,5.810960531234741,1
no_joint,32,-0.4212325078418716,-0.1561538984275238,1.3649,1.4634914401787282,2.276290199512226,0.051351308822631836,3.7076289653778076,1
no_joint,33,-0.85922087728718,-0.04123320625842464,1.2681,0.3864532019771231,0.4772762564567912,0.10113096237182617,3.7074029445648193,1
no_joint,34,-0.6354268419446407,-0.27911675449141515,1.4866,0.39253177603897094,0.49275565111850983,0.10135245323181152,3.7079546451568604,1
no_joint,35,0.15524301229535165,0.22294804952197445,1.1893,1.135395059541992,1.06518858317989,0.15111756324768066,2.6083662509918213,1
no_joint,36,1.0345705385752644,-0.3970511255359496,1.276,1.1857163575791525,2.2926626231490497,0.1537771224975586,5.2176079750061035,1
no_joint,37,-0.3084461401438592,-0.692317334334872,1.4147,1.4330873073801271,1.6831841500783602,0.15238666534423828,3.809636354446411,1
no_joint,38,-0.7709691150225211,-0.36013975813889587,1.3093,0.6061516245723041,0.6395374317067432,0.1021726131439209,2.207113027572632,1
no_joint,39,-0.5858183635151959,-0.07049190737862832,1.4309,0.4362179597696645,0.3964037431664575,0.10234904289245605,1.705690860748291,1
no_joint,40,0.4591726549584514,0.303465351461658,1.2887,1.252918361007712,2.2996803935651964,0.10179281234741211,3.90921688079834,1
no_joint,41,-0.1440538309504401,0.12578821123557826,1.3523,0.7367852814028492,1.7510263868051794,0.10152173042297363,3.6072964668273926,1
no_joint,42,-0.6940456757521627,0.40470562893961304,1.0229,0.6601019057397195,0.6434141957012179,0.10147571563720703,2.8065993785858154,1
no_joint,43,-0.7921836694384579,0.06888690394064434,1.1139,0.39805054035652027,0.4042100571659667,0.05098748207092285,2.7075698375701904,1
no_joint,44,0.14196844154917487,-0.43179480487803323,1.1447,1.14684684477947,1.0904730546779946,0.051653385162353516,2.7059268951416016,1
no_joint,45,0.4964385969190874,-0.21162563418306157,1.0399,0.5547776209432528,1.1456267745409905,0.051482439041137695,4.108531951904297,1
no_joint,46,-0.19700649221838762,-0.5870873818154306,1.1164,0.8247361653150921,1.1873741361678913,0.10147714614868164,3.006412982940674,1
no_joint,47,-0.36175969386856155,0.16381807925096203,1.0505,0.8319786224032272,0.910241489327566,0.05157923698425293,2.305957078933716,1
no_joint,48,0.1767674463016049,-0.41069495230277936,1.139,0.8539050161652715,1.7446187842562995,0.10116028785705566,3.707831382751465,1
no_joint,49,0.911628589297721,0.12688140229347022,1.3178,0.9130822831446347,1.0224555200354621,0.05100512504577637,2.906825542449951,1
no_joint,50,0.5658441555208145,0.48962949717484106,1.1824,0.6379012106698813,4.977860922490291,0.1009821891784668,6.6129162311553955,1
no_joint,51,0.3995067226777984,-0.6273916880968029,1.1851,1.1975958643409037,2.579522108841792,0.10276174545288086,4.410650014877319,1
no_joint,52,0.3289423962453073,-0.7303632510787509,1.1048,0.20140852228612843,0.15265452998789952,0.15174055099487305,3.0104901790618896,1
no_joint,53,-0.8629679408167945,-0.5220497373523568,1.1335,1.211001287765334,1.2798826452240606,0.1528613567352295,2.7308695316314697,1
no_joint,54,0.41918721633415434,-0.4348539688011908,1.4683,1.3839842443308998,1.6916377893206267,0.1535954475402832,2.9127562046051025,1
no_joint,55,-0.2280577982483314,0.2826791906321652,1.324,1.1265317178063494,2.3377288541497685,0.15212368965148926,4.009900093078613,1
no_joint,56,0.43038875253928044,0.037856020982938055,1.3046,0.8235500667572057,2.826602650237814,0.10179686546325684,4.512582063674927,1
no_joint,57,-0.34736890725482017,-0.4077582299971391,1.0856,1.0340836699853109,1.8111376347867643,0.10153722763061523,4.0094664096832275,1
no_joint,58,0.8950362723610386,0.12418447212023931,1.3646,1.4421840088834024,2.2313097336225343,0.10130190849304199,3.8107142448425293,1
no_joint,59,0.27042349932944365,-0.06628068869288095,1.0817,0.8698542370815969,0.7584776494956709,0.10107064247131348,2.7057290077209473,1
no_joint,60,-0.31650917764222386,-0.7095898621231824,1.1897,0.9071024221858144,1.5219243189758396,0.10142278671264648,7.414503812789917,1
no_joint,61,0.9909889141874761,0.5676978648015553,1.4948,1.8530981334244474,1.9402241709731176,0.050957441329956055,3.307870626449585,1
no_joint,62,-0.8423649860397847,0.5325097049955348,1.32,1.8419098271302705,4.461830629683063,0.10135293006896973,5.611050128936768,1
no_joint,63,1.036894794590899,0.4290349918121529,1.2785,1.9648410916499808,2.193561026145349,0.05088186264038086,4.508891820907593,1
no_joint,64,0.8139528829464104,-0.30754916491527445,1.3423,0.8434869168279101,4.7287320286614,0.1011052131652832,6.212203741073608,1
no_joint,65,0.9824587623866678,0.21334494063141296,1.4214,0.598259241944529,5.182365607319275,0.05181884765625,6.514843463897705,1
no_joint,66,0.3459443233177544,0.6173339900432578,1.388,0.8728319177889615,1.355366493825933,0.10291147232055664,3.4267632961273193,1
no_joint,67,0.8659534285612076,0.2748160807942769,1.1145,0.8345509212214739,1.1671886849206554,0.30877232551574707,3.9303364753723145,1
no_joint,68,-0.16048853828244525,-0.33960480598058607,1.0161,1.297777341653573,2.392959216275738,0.1521167755126953,4.414133787155151,1
no_joint,69,0.8455373354257656,0.5117925192125917,1.1577,1.3772431947562083,2.2210264239226256,0.10161185264587402,3.908554792404175,1
no_joint,70,0.7092210447121483,0.15005044088864938,1.1339,0.4839335562772591,4.614269165127995,0.1515505313873291,6.615101337432861,1
no_joint,71,0.8909905874824164,-0.27859465448598975,1.1055,0.45697400141283506,0.5036904817316877,0.1015481948852539,3.306717872619629,1
no_joint,72,0.2731512394544169,-0.6936153158032764,1.4715,0.8127931673535786,1.2560640818015347,0.15137696266174316,2.806323289871216,1
no_joint,73,-0.3050752382817403,0.06880490002182083,1.4382,0.9927085800470884,1.1167034483502647,0.05128669738769531,3.0062637329101562,1
no_joint,74,0.7573943112274426,-0.24809805870092472,1.1573,1.2921133193256213,2.3509118248928385,0.05085444450378418,3.9089503288269043,1
no_joint,75,0.6531272222414466,-0.44646190821933746,1.3277,0.23828251262339054,0.31472407183599904,0.050987958908081055,4.108374834060669,1
no_joint,76,-0.7705668286438195,-0.012918736225364547,1.1978,1.614102333198152,2.220278647411269,0.10104727745056152,3.6079840660095215,1
no_joint,77,0.5661130234383152,0.5978207571815227,1.4573,1.5434789880282216,2.1530053935091673,0.05135631561279297,3.4072999954223633,1
no_joint,78,0.7030590380315707,-0.37087648676591,1.2294,1.1017769973201623,4.518369544935945,0.10125088691711426,5.91217041015625,1
no_joint,79,-0.8227548265505632,0.579678921767469,1.1324,1.9076035535774258,3.177684016281216,0.10102009773254395,4.612621068954468,1
no_joint,80,-0.06245526417091707,-0.5048936042226579,1.1233,1.4153063732051536,1.7256713830116968,0.25357699394226074,5.4276344776153564,1
no_joint,81,0.2155672494475307,0.23885479778988572,1.2807,0.8096332661260802,0.936909779388709,0.15205669403076172,3.714102029800415,1
no_joint,82,1.0195429862744507,0.27087036353998595,1.1314,0.9586004115587922,1.5875541842066534,0.15671181678771973,3.40848708152771,1
no_joint,83,-0.04135267626812045,-0.4026176204254096,1.2923,1.3309999496388842,2.694483417990213,0.1523745059967041,4.515442132949829,1
no_joint,84,-0.8444721055358239,-0.583516191943497,1.4489,0.7095742202682862,0.8455796695376806,0.10156917572021484,2.9093637466430664,1
no_joint,85,0.8225228775098163,0.22382589878815262,1.1997,2.014645316828734,3.465622583125772,0.1543443202972412,4.611753225326538,1
no_joint,86,0.10138266448156175,-0.09244978694750272,1.1097,0.9092953172090891,4.726513533698199,0.10114336013793945,6.718953847885132,1
no_joint,87,-0.08316361642440584,0.10317803472374554,1.4988,0.4472305792974799,1.107423430101164,0.3014521598815918,5.6118364334106445,1
no_joint,88,-0.130517797810334,0.11693152419136088,1.2548,0.2490347626907129,0.29343648709851744,0.20128560066223145,4.5091872215271,1
no_joint,89,0.43253077786874905,-0.5191280971901155,1.0455,0.8377512315675398,0.8783506709620661,0.10118508338928223,2.906719207763672,1
no_joint,90,-0.8204545825065056,0.061855648669738694,1.0236,1.4467789555891097,3.4697784782384002,0.5519161224365234,12.637677907943726,1
no_joint,91,-0.10364720625867363,0.14087801213979334,1.0548,0.9074782401639294,3.272292874950498,2.5354788303375244,10.539165019989014,1
no_joint,92,0.9929832509950729,-0.21249497566173614,1.3137,1.088653024650307,1.2189761727925856,0.15335321426391602,3.5158371925354004,1
no_joint,93,-0.4849419708476145,-0.6476975725975227,1.396,1.6237547979417186,1.9856139015390515,0.10447525978088379,3.4101052284240723,1
no_joint,94,-0.6858140517817499,0.1954513066740744,1.2111,0.9704899503948291,1.0725565371234027,0.15190720558166504,3.707872152328491,1
no_joint,95,0.801542866341459,-0.7110243602989752,1.0318,1.8707667845247615,2.004062133840647,0.10152244567871094,3.007507801055908,1
no_joint,96,-0.6387973116538773,0.2143168652103431,1.1908,1.7302187664486086,1.9608489942788807,0.10161399841308594,5.21366286277771,1
no_joint,97,0.5839108088193017,0.360982798348782,1.4981,1.3134812284054798,2.0589938816836217,0.10105419158935547,3.507338762283325,1
no_joint,98,0.6147184377521813,0.36559093175322077,1.2646,0.3598027510735506,0.23550240519128157,0.1011037826538086,2.5061798095703125,1
no_joint,99,-0.1356601539587038,0.3237914080595038,1.4855,0.8620278450049854,0.749410182400748,0.1011054515838623,3.6308627128601074,1
no_joint,100,0.8283740741528494,-0.1535622063867247,1.4304,0.9821538971634995,4.550217665431216,0.5252890586853027,10.25917649269104,1
no_joint,101,-0.6686084919671815,0.4971076937777247,1.0057,1.8393782384776358,3.4001979856570888,0.5186464786529541,5.150615692138672,1
no_joint,102,-0.23866169075732746,0.4874489159537795,1.3604,0.5173769928851788,0.9147328131071633,0.15202951431274414,3.40934157371521,1
no_joint,103,0.9214670772629805,-0.6175721060958524,1.3409,1.5684723917123744,2.3090026628766025,0.20141148567199707,6.513074159622192,1
no_joint,104,1.0111033652302361,0.0449036582813952,1.2685,0.6725008497377817,5.072744904375562,0.3013594150543213,9.22200322151184,1
no_joint,105,-0.2918562504944361,-0.2914149146617354,1.1334,1.465664522593739,2.2507714489454558,0.10125207901000977,3.8078665733337402,1
no_joint,106,0.6959096646646317,0.34193532819971717,1.3205,1.2653908103618845,2.4294028363489972,0.10137438774108887,4.113301992416382,1
no_joint,107,-0.758918537647011,0.0120526843128127,1.0558,1.66580931862454,2.2853698633976394,0.20329666137695312,3.715533971786499,1
no_joint,108,-0.17748644512178002,-0.5821499194284695,1.2174,0.896752156745453,1.5062462170058664,0.20326900482177734,3.8161442279815674,1
no_joint,109,0.3523082014928294,-0.6040574430072863,1.2269,0.49983282970523446,0.5242831945873023,0.10314726829528809,2.313364267349243,1
no_joint,110,-0.7287837213861684,0.38623572146494956,1.4769,1.57211276273495,2.4177874034134255,0.15331625938415527,3.7313053607940674,1
no_joint,111,-0.7048516506831496,0.6126427808606151,1.4379,0.24010144558742524,0.2515542955946022,0.3161909580230713,3.2347304821014404,1
no_joint,112,0.7379687423043702,0.558519545325422,1.1317,1.5715200484109886,1.698073937719241,0.10101151466369629,3.2071800231933594,1
no_joint,113,-0.12725350147772496,-0.6282700152560291,1.2503,1.5437801628089047,3.8863094884424365,0.1016993522644043,5.510761260986328,1
no_joint,114,-0.032191977672493044,0.5023309251201674,1.0893,1.2617733015529533,2.212512536901496,0.10112118721008301,4.108426570892334,1
no_joint,115,-0.8504970760709754,-0.09906027790007044,1.4563,1.0603199466242221,1.2221875704067788,0.05116081237792969,3.8107728958129883,1
no_joint,116,-0.6400629788877781,0.14901495510747143,1.4353,0.44323979342413644,0.8609159913274569,0.10101008415222168,4.7116100788116455,1
no_joint,117,1.0340259910765421,-0.22792782373443055,1.1492,1.9235581987898505,2.8216510511561923,0.10187673568725586,4.1109089851379395,1
no_joint,118,-0.4298330480544449,0.5804677691914001,1.3195,1.7628054012041712,3.264913240603373,0.15634465217590332,4.614534139633179,1
no_joint,119,-0.7874570545139581,0.48143063822114984,1.3045,0.3796191647202531,0.38829081480727756,0.10199594497680664,1.8053784370422363,1
no_joint,120,-0.7267352086944394,0.017995786767414867,1.0764,0.6625819121042494,0.5879214874731788,0.30211687088012695,3.4093000888824463,1
no_joint,121,0.37446810078409043,0.21295869866486405,1.3813,1.2112790267041729,2.199907988136414,0.10115623474121094,3.811864137649536,1
no_joint,122,0.2851109662315847,0.49519110641461894,1.2697,0.4204239597066837,0.37412247784115743,0.1011359691619873,4.011406898498535,1
no_joint,123,1.0107155614397394,0.48022243906611906,1.3893,0.623656415304491,0.7349000662071753,0.10105061531066895,4.313037157058716,1
no_joint,124,-0.32323049533139503,-0.48452152653955194,1.2652,1.7735160333883444,2.969863015492151,0.05086112022399902,4.208446025848389,1
no_joint,125,0.2838064136884284,-0.6361926088101109,1.0003,0.8134103504077338,6.786229511602927,1.0032596588134766,12.327494382858276,1
no_joint,126,0.5107565171871349,-0.0064035926431784684,1.1621,0.7601518724062977,6.845296777963965,1.0549168586730957,13.029644966125488,1
no_joint,127,0.48413718400178873,-0.5195643253401193,1.0097,0.5730426718404903,0.5905698006672883,0.10293292999267578,2.0048749446868896,1
no_joint,128,1.0095034281445934,0.25413860452560666,1.4645,1.0192983422031316,4.473621525202891,0.10110116004943848,6.019875526428223,1
no_joint,129,0.9756678540076542,0.4469717841735611,1.4394,0.2822136012755762,0.23800981725584763,0.10191488265991211,3.4106087684631348,1
no_joint,130,-0.12684960684770574,0.37070027649423853,1.4158,1.2500263640892084,1.677193094750326,0.10127520561218262,3.1124942302703857,1
no_joint,131,0.3045670778279319,-0.21965596298897638,1.1538,0.9517316312875032,2.47688294541925,0.2608771324157715,5.145032167434692,1
no_joint,132,0.7885674927374753,-0.09901559844171082,1.029,0.4973371224229377,0.5017585607448907,0.5618059635162354,3.542863368988037,1
no_joint,133,-0.7612637656378625,0.4451285449744432,1.439,1.7391307085346368,3.1896595682420945,0.15268850326538086,5.048498868942261,1
no_joint,134,1.1023342110804804,0.020163163498010173,1.4735,2.0186125807527726,0.0,23.834771394729614,0.0,0
no_joint,135,0.8110011283226295,-0.4031437082048464,1.0428,1.9717893404202493,2.9116712386755634,0.36609411239624023,4.644259452819824,1
no_joint,136,1.0179291360267877,0.08988394773550923,1.243,0.5725932461968686,0.6301742623019014,0.20354461669921875,3.7120068073272705,1
no_joint,137,0.3521301725875494,-0.2508844254228771,1.0346,0.7750047841832911,0.7392975018111261,0.1512451171875,3.708029270172119,1
no_joint,138,0.15824986319131829,0.3181654702447686,1.3803,0.6967835269735628,4.483581548318665,0.20121431350708008,6.418363332748413,1
no_joint,139,0.22087935445103035,0.027728772889620834,1.3829,0.35374138514188436,0.9930634497015872,0.3040452003479004,5.217325687408447,1
no_joint,140,-0.6073818172108301,-0.7034526027454723,1.0642,1.1509177348434836,3.436461294936242,0.4521751403808594,7.417539596557617,1
no_joint,141,0.5224861003726611,-0.4503872420867566,1.2376,1.189488788894063,1.2607833701093576,0.10163426399230957,2.71683669090271,1
no_joint,142,-0.17813545844532475,0.06754690173826594,1.2749,0.9874706712170319,1.8052368207275358,0.20805716514587402,3.86538028717041,1
no_joint,143,0.9190425324866094,-0.2644969883099853,1.1325,1.2954973260579552,2.19571066879528,0.5171554088592529,4.219608783721924,1
no_joint,144,-0.08705220543924252,0.11174712611309823,1.4362,1.1759708919937222,2.3054803165875,0.20536351203918457,3.9113376140594482,1
no_joint,145,-0.5815003607986469,0.5301313969718934,1.2116,0.6399181401272953,0.6821981332053295,0.2037978172302246,3.310253381729126,1
no_joint,146,0.03700706886423388,0.6035647584422456,1.1059,0.7074507199036497,0.856485578840282,0.1516423225402832,2.8070294857025146,1
no_joint,147,0.38240049325575054,-0.4130399197987627,1.2696,1.1114957089726982,3.925352806052547,0.15154290199279785,5.613219261169434,1
no_joint,148,-0.619213147185695,-0.5342856991141075,1.365,1.0812615665560603,1.4411693919611874,0.10145020484924316,2.907059669494629,1
no_joint,149,-0.512513672720895,-0.2680531527130119,1.1006,0.5483678209741318,0.43816990694298535,0.05089592933654785,1.7088286876678467,1
no_joint,150,0.4500994377486758,-0.5062324969689606,1.1559,1.0687801666481351,1.4097255266820843,0.10128498077392578,3.008496046066284,1
no_joint,151,-0.5381707049909699,-0.3602168741700888,1.4976,1.0875639460045703,1.528040573600838,0.1011362075805664,4.309443712234497,1
no_joint,152,-0.6338997034786091,-0.10988997272303469,1.3249,0.4119179565087374,0.353716380705346,0.10314822196960449,3.007885456085205,1
no_joint,153,0.12477303083432634,0.20560249453674795,1.2191,0.9520460256396667,0.8649297677051874,0.05131363868713379,3.713256359100342,1
no_joint,154,0.37149857197097913,-0.63066309010225,1.2588,0.9578657135544719,1.0651021486596166,0.10179519653320312,2.3068511486053467,1
no_joint,155,-0.75194348356766,-0.362570111445742,1.0605,1.1408006694761097,1.1768135147273793,0.15221118927001953,3.42531681060791,1
no_joint,156,-0.5072793396356601,-0.45535402973536,1.1123,0.3328427059032061,0.2671127861013848,0.30783820152282715,2.8212552070617676,1
no_joint,157,0.3523809571730465,-0.23611265923113267,1.169,0.975696181721892,1.4335917883173532,0.2034304141998291,3.209179639816284,1
no_joint,158,-0.800293891870835,-0.39615163847131546,1.2942,1.231762333670035,1.8032636443685837,0.1020653247833252,3.814358949661255,1
no_joint,159,0.14114469027325027,-0.011876071245456199,1.1151,1.1788117741565538,1.8837171910156651,0.10239458084106445,3.6093616485595703,1
no_joint,160,0.18264742211385587,-0.4098455280058814,1.1101,0.3970401678040801,0.4526671994041216,0.05108475685119629,5.510874032974243,1
no_joint,161,-0.8332188860045463,-0.300463226488713,1.0355,1.1047894994396397,1.4235674101364924,0.051297903060913086,3.1082334518432617,1
no_joint,162,-0.6356314547342441,0.48058448373661566,1.3156,0.8593935140960586,0.9909640732391688,0.10118627548217773,3.8085379600524902,1
no_joint,163,0.6911373949197446,-0.058140418671475236,1.1145,1.5576770417400165,3.1221646410242023,0.10128259658813477,4.9108734130859375,1
no_joint,164,0.2901190959173825,0.28123383752926945,1.4527,0.6558335796306781,5.083432585149478,0.10240936279296875,6.716283559799194,1
no_joint,165,-0.3105561547069281,-0.24412492474827535,1.4298,0.92212251230053,2.412593867222003,0.1009674072265625,4.115776777267456,1
no_joint,166,-0.16721628927046872,0.6124719518415541,1.0354,1.047953997776002,1.1746963674112847,0.30823278427124023,2.7958314418792725,1
no_joint,167,-0.6712671392663598,-0.5329715427607278,1.119,1.3109924671699,1.5932791026719242,0.4077153205871582,3.651320695877075,1
no_joint,168,-0.503224158330312,-0.35127923821465407,1.3345,0.34185683679213075,0.318880829829465,0.20701909065246582,4.918184757232666,1
no_joint,169,-0.7139767160986251,-0.022321350730470035,1.1071,0.5020919925326396,0.4681256660383851,0.10169005393981934,5.0148515701293945,1
no_joint,170,-0.6509388959029203,-0.1963464069111509,1.0662,0.2846831459977516,0.20616142206850802,0.10133695602416992,5.011292457580566,1
no_joint,171,0.7464368446214729,-0.3886415156402526,1.4678,1.5097783619736018,2.119690174389936,0.10101723670959473,4.01012110710144,1
no_joint,172,0.9690232104508749,0.02199221500113957,1.2855,0.5911333689842864,0.5659424736464864,0.10167694091796875,3.809242010116577,1
no_joint,173,0.6521349935864189,-0.4860018894819629,1.2363,0.6708158037831964,0.6829045605849966,0.05100822448730469,4.711942911148071,1
no_joint,174,0.1330837705525898,-0.4099290276616797,1.3923,0.5996666359786474,1.180963072963162,0.10150527954101562,3.714808940887451,1
no_joint,175,-0.30093424347781306,0.05562131623466937,1.4037,0.6030005201831805,0.6903294418928735,0.15238070487976074,1.7088220119476318,1
no_joint,176,0.1825922553172432,-0.6717944604059854,1.0952,1.053425510380163,1.1407829323252074,0.3028891086578369,3.717278480529785,1
no_joint,177,-0.7473908085229743,0.6172053593037848,1.0485,1.5891508817856461,3.138711457640382,0.15392518043518066,5.511951923370361,1
no_joint,178,-0.36830222225822007,0.19338474033567887,1.2155,0.5923128781429252,0.6207561581128834,0.15211009979248047,3.711320638656616,1
no_joint,179,0.06166400570641384,-0.17713058396165293,1.2118,0.6739169244813271,0.5947987241331614,0.10106301307678223,2.6054062843322754,1
no_joint,180,0.7732876662352792,0.5829469752557884,1.2335,1.11085355264084,1.8192725790390505,0.10091257095336914,4.910683631896973,1
no_joint,181,0.986790785419297,-0.49398576708838293,1.3645,1.154290518140245,4.239533419170972,0.10131978988647461,5.712892055511475,1
no_joint,182,0.2656057103225853,0.413672739265866,1.3367,1.2778273561387032,4.652395305601441,0.15131759643554688,6.0130932331085205,1
no_joint,183,-0.47337465166537035,-0.518136734502522,1.4921,1.301645025521747,2.802601692639626,0.10099959373474121,4.911726474761963,1
no_joint,184,0.44542089141986874,-0.02430810636723002,1.0492,1.3149814554275938,1.9137950633827279,0.10159850120544434,3.41188907623291,1
no_joint,185,-0.09517379708833662,0.379007629833947,1.2013,0.7337610897400094,4.5515514438188305,0.2012042999267578,7.419312477111816,1
no_joint,186,0.04403133519715996,-0.32890680089846874,1.1697,0.7502418252360372,3.865361710667709,0.2546508312225342,10.021888494491577,1
no_joint,187,-0.4127544382190081,0.4930154636792571,1.4308,1.050351161072056,2.5808198658388717,0.10213255882263184,4.412563800811768,1
no_joint,188,0.9236277239317321,0.1147030063858252,1.1243,1.5584396594046466,3.490984474502641,0.10117864608764648,4.909829616546631,1
no_joint,189,0.37111736118755023,-0.2828396854611636,1.0951,0.7651656903400087,0.7284345214465828,0.10097122192382812,2.1045312881469727,1
no_joint,190,0.3559842022503137,-0.010024459624534132,1.2243,0.3327423836384402,0.32441957960186496,0.05106997489929199,1.4052138328552246,1
no_joint,191,-0.5723803883696872,-0.3146938788489167,1.2109,1.0806243466044816,1.9666630068779696,0.0513455867767334,3.7087507247924805,1
no_joint,192,-0.8065387143536853,0.04002842701318898,1.1393,0.44077288016231847,0.46524612118254843,0.10144758224487305,2.408615827560425,1
no_joint,193,-0.19499397404507146,0.3854075366193458,1.1249,0.7778726486482269,0.7445977321551221,0.050858497619628906,2.108360767364502,1
no_joint,194,-0.6203174712580108,-0.19712726277005532,1.4616,0.7723010063829134,0.9182828215435739,0.05092787742614746,4.982049942016602,1
no_joint,195,-0.41862373464890457,0.2493750289720732,1.2216,0.6738669703754916,0.699625769824998,0.10120534896850586,3.708319902420044,1
no_joint,196,0.5024058169337922,0.002703385159597227,1.4307,0.9760942479281145,2.7864660240297923,0.10126399993896484,4.6095359325408936,1
no_joint,197,-0.5130733252995743,0.5052110712724055,1.2752,1.303828575095815,3.3314983609361954,0.10216307640075684,4.917196750640869,1
no_joint,198,0.04269550282267098,0.5585673086266344,1.0253,0.7217623234077557,4.640945904626921,1.5645861625671387,11.040154933929443,1
no_joint,199,0.1296713615490115,0.09713811948720619,1.4996,0.5910057874631743,3.7671664737373853,3.31067156791687,10.220438241958618,1
no_joint,200,0.9744584358825197,0.03349299425157315,1.418,0.6867549369770273,1.1754707238549271,0.1512601375579834,5.31064248085022,1
no_joint,201,0.5287469732091561,-0.5334113550358048,1.4845,0.7829935239785286,0.8363639268146826,0.10133004188537598,2.3557209968566895,1
no_joint,202,-0.032373009478670944,0.26887437974836936,1.4632,1.131411081264047,4.367002690570729,0.10092449188232422,7.915587902069092,1
no_joint,203,0.020563634122989782,-0.5874109250148023,1.4243,0.9526406938650738,2.7289724866860023,0.10142207145690918,6.512805700302124,1
no_joint,204,-0.6259185658551252,0.5222367467162697,1.0832,1.382156259683466,1.5502015216708238,0.05110764503479004,2.807722568511963,1
no_joint,205,0.29890791364644986,-0.19477028488244097,1.2428,1.2432077681964435,2.999136064131116,0.10161542892456055,4.815930604934692,1
no_joint,206,0.7182555351212587,-0.7366356003916756,1.1069,0.6468906586827853,0.6723795418891105,20.644822120666504,4.710258722305298,1
no_joint,207,0.19211808502296313,0.5208816169511331,1.2005,1.4283940708414324,2.100791336120749,0.10133481025695801,3.6100478172302246,1
no_joint,208,0.5887274737535213,-0.12165254921740487,1.0293,0.9005916996209862,2.659187477420338,0.10109877586364746,4.711061954498291,1
no_joint,209,-0.5938213856072367,-0.5006442805404492,1.1895,1.2966051603542301,1.738269365481206,0.05119013786315918,3.2118284702301025,1
no_joint,210,0.9402245759169743,-0.24507078261374604,1.4927,1.661731297153203,2.0891816018299076,0.1011054515838623,3.2108864784240723,1
no_joint,211,-0.8470467870419227,0.16870034915096044,1.1326,2.011786739668226,2.975436596830846,0.10255193710327148,4.2124598026275635,1
no_joint,212,-0.5783504735933301,-0.1733064539990693,1.392,0.5412396584169237,0.5250326082106747,0.10201120376586914,5.519986629486084,1
no_joint,213,0.12235051047652279,0.07505901379774027,1.2275,0.8924969876679028,2.273568421907735,0.15308570861816406,4.61841082572937,1
no_joint,214,-0.456967114484549,0.4909265936915409,1.2115,0.8096442915064848,3.1245190044919764,0.1548144817352295,4.915140151977539,1
no_joint,215,-0.8005585583250759,-0.09438001741886093,1.4787,0.7356748553231881,0.8346822068046778,0.10179638862609863,2.7072300910949707,1
no_joint,216,0.664095736289511,-0.12018114105621003,1.4977,1.5852395377239314,2.6358340550669013,0.15230464935302734,5.312009334564209,1
no_joint,217,-0.07868761334510388,0.025945815217491397,1.2779,0.946246724347737,0.8058883944575898,0.10142827033996582,2.8087117671966553,1
no_joint,218,0.8350591008487913,0.5569626449716115,1.3592,0.9764823125173463,1.0499538622976126,0.05097556114196777,3.8105626106262207,1
no_joint,219,0.40340709469972924,-0.1813992489112155,1.0774,0.9007900559361796,1.156171080787024,0.10115885734558105,3.6133573055267334,1
no_joint,220,0.5460569575755418,0.1623614961845481,1.1484,0.3991419987546679,0.43416736847791965,0.05104327201843262,1.6040208339691162,1
no_joint,221,-0.4150097531624425,0.18018062970465287,1.4844,1.0856037399853424,3.0197275281797795,0.4520761966705322,6.513524532318115,1
no_joint,222,0.7124336812096612,-0.4976796343373456,1.2896,1.544371784799205,2.85027293134774,0.2011091709136963,6.212642192840576,1
no_joint,223,-0.6759071595509779,-0.40888140956675006,1.2711,1.4787415629702176,1.7625820519983213,0.10156631469726562,2.9107444286346436,1
no_joint,224,0.7724957715717773,-0.19726983030424305,1.374,1.5734763001975338,2.1275510263085207,0.10116314888000488,3.4074742794036865,1
no_joint,225,-0.2919811986226717,0.4885654146480186,1.0286,1.4547359069530081,3.4462294083465626,0.6526947021484375,8.620211601257324,1
no_joint,226,-0.46096944230057385,-0.7065447518773718,1.2921,1.2567895699169245,2.3986531434334823,3.1162967681884766,7.617573022842407,1
no_joint,227,-0.03773654072566912,0.48353093101976363,1.2514,1.381640216921274,3.2018120052545482,0.15125703811645508,6.513529539108276,1
no_joint,228,-0.35882275493917826,-0.22130263117817528,1.4264,0.8656209668312735,1.911646566776409,0.10114574432373047,4.011886119842529,1
no_joint,229,0.36406313535698365,-0.18046838988923564,1.0787,0.9844488310241848,1.8253491154281047,0.10213279724121094,3.60851788520813,1
no_joint,230,-0.2893688645879192,0.5601748437660033,1.4804,1.0974392370002,3.5984283119873957,0.1514747142791748,6.81493067741394,1
no_joint,231,0.8483035282296632,-0.07326953360516819,1.0401,1.35779440818481,4.387913672185588,0.15141749382019043,7.518046855926514,1
no_joint,232,-0.030226834141979353,-0.7121271703681586,1.0929,1.1221537828801982,1.2558384448730748,0.9560244083404541,2.5068182945251465,1
no_joint,233,0.3825538316954238,-0.38866232021478003,1.2975,0.5918754742886991,0.6787623888253481,0.10104990005493164,2.104764699935913,1
no_joint,234,1.0780851221544403,-0.020701689516109623,1.3376,0.7608460053363407,0.8472051168744568,0.10118436813354492,3.1112797260284424,1
no_joint,235,-0.8365496790829209,0.5132465602141257,1.1176,2.1453682599640103,3.632860441050308,0.05093264579772949,5.011921644210815,1
no_joint,236,-0.3298225525979577,0.018440575456700192,1.0599,0.8153044888266147,0.7300740420560969,0.15260720252990723,2.517686367034912,1
no_joint,237,-0.46387303937048446,-0.7278917314232478,1.4451,0.8175727582227609,1.02798309569224,0.2025153636932373,2.307013988494873,1
no_joint,238,0.8590501337289052,0.07784560238200366,1.1231,1.7261585391959615,2.1037435248458514,0.15248322486877441,4.0161168575286865,1
no_joint,239,-0.5254141257683229,0.5134020137008949,1.2973,1.532497612265292,3.454393388035809,0.10331249237060547,5.014492034912109,1
no_joint,240,0.15549489187058407,-0.6784687616510744,1.3097,1.4997786250584668,2.472683795791048,0.10213470458984375,3.9087507724761963,1
no_joint,241,-0.7088930401723994,0.08573099840681742,1.2096,1.2678875026198564,1.8028248380870207,0.10285472869873047,3.3094213008880615,1
no_joint,242,-0.30080901372047286,-0.2543056875771598,1.2918,0.6334438766260501,0.5593592784954076,0.05122661590576172,2.2074685096740723,1
no_joint,243,0.2496139970684501,-0.08890674737843696,1.2614,0.7055712263129792,1.7583179720090236,0.10107111930847168,3.7123279571533203,1
no_joint,244,0.5789578966707161,-0.44767191981630017,1.4674,0.39382224225439016,0.5661489589003497,0.10156369209289551,3.3090596199035645,1
no_joint,245,0.30644445864790515,-0.67234093227264,1.1021,0.616972612186749,0.5834425048634844,0.25129079818725586,3.909491777420044,1
no_joint,246,-0.2105286084007837,0.3162333679467594,1.3581,1.201247803761551,1.75164184805163,0.10113167762756348,3.306936740875244,1
no_joint,247,0.5702701147955418,-0.062194931532683295,1.1193,1.0476694599499932,2.7224382671733514,0.10136866569519043,5.011474370956421,1
no_joint,248,-0.3846311701200903,0.3824465844843504,1.1979,1.1301170806449996,2.8161505945008214,0.10153961181640625,4.615282773971558,1
no_joint,249,-0.33360833801021395,0.06797693627812573,1.3358,0.412883415462454,0.3822849821758262,0.10169672966003418,4.408666610717773,1
no_joint,250,0.9451155065661652,-0.555011201117347,1.15,1.5806460173580599,2.1179544627490854,0.05107712745666504,3.5166800022125244,1
no_joint,251,-0.5060665350418558,0.001571901697864142,1.1581,1.6217576047459952,2.0870233431036667,0.2040550708770752,4.3197102546691895,1
no_joint,252,0.7256041950613934,0.16216834586052575,1.3759,1.3345780832898857,2.7929606807230645,0.15244603157043457,4.423681020736694,1
no_joint,253,-0.3781580064410935,-0.07053009995432491,1.0363,1.3216643584230674,2.589515180568771,0.20992827415466309,4.319039344787598,1
no_joint,254,0.9981256112588675,-0.6888275611796729,1.2291,1.572785021696658,1.8598615556319582,0.15266108512878418,4.213916540145874,1
no_joint,255,-0.515099665957625,0.037356746779313,1.4992,1.7492599579462624,2.0215298832368673,0.6026065349578857,3.9123823642730713,1
no_joint,256,0.5092869696832367,-0.3344424638701152,1.498,0.9837810889103115,2.0087599516172063,0.15176630020141602,3.9083945751190186,1
no_joint,257,0.998536181422826,-0.09142966631264471,1.0366,0.7672911315337358,0.7077228772510654,0.10102152824401855,2.2078540325164795,1
no_joint,258,-0.24054286203186737,0.3959298614830308,1.1066,1.4016218276797914,2.7688290106334197,0.10142302513122559,4.611005544662476,1
no_joint,259,-0.41712248449577255,-0.5773410989420189,1.1326,1.0526947191831935,1.2261326185101542,0.05086112022399902,2.609941005706787,1
no_joint,260,-0.19936782181169288,0.2528295440805183,1.4666,0.9559630699039021,1.1076655824510298,0.1012873649597168,2.3065826892852783,1
no_joint,261,0.19627174148791826,0.34345362848873606,1.4404,0.5444762629486727,1.4444340881512931,0.10088133811950684,3.4127843379974365,1
no_joint,262,0.8830078970041229,0.10319602056248656,1.4396,0.6186814372722262,5.431155554530072,0.10335087776184082,6.822850704193115,1
no_joint,263,0.851535968071643,-0.713775829491568,1.1848,0.9024037477857314,1.0479299234794115,0.10214996337890625,2.707225799560547,1
no_joint,264,0.9882321784525603,0.3545281659530163,1.0789,1.1918953290559142,3.5558308734657467,0.10189414024353027,5.514201641082764,1
no_joint,265,0.6475671886614935,-0.19074692470090127,1.4169,0.7433447767604503,4.600665450339106,0.2019197940826416,6.41550087928772,1
no_joint,266,0.8586280403173234,0.6091306866798317,1.3518,0.8911439159601198,4.70470430969868,0.10166311264038086,6.015682935714722,1
no_joint,267,-0.03787042148684694,0.27043808238313705,1.3058,1.0805367501650607,1.4780598544571784,0.10128307342529297,4.108477354049683,1
no_joint,268,-0.17013888355598095,-0.3483336254672917,1.4936,0.6800858811563936,0.7816587604663826,0.05118584632873535,1.9047915935516357,1
no_joint,269,-0.7895712981407308,-0.7184412136762894,1.327,0.644207226852224,0.715607187877092,0.05097198486328125,3.108588933944702,1
no_joint,270,-0.11126458532951089,0.1908353664202781,1.0039,1.328854659046755,1.3614973521277058,0.10131072998046875,3.1087167263031006,1
no_joint,271,0.685535818571624,-0.6201492828229554,1.4086,1.2323931094341962,1.9854761855081424,0.10151410102844238,3.909646511077881,1
no_joint,272,0.9994588681815753,-0.10079032354267892,1.1497,0.7902570500356856,0.7680336191657097,0.05115866661071777,2.2108983993530273,1
no_joint,273,1.0914962170034874,-0.42468308229914875,1.3317,0.29099751177542066,0.4210726496800129,0.05096721649169922,3.508220672607422,1
no_joint,274,0.33153432744989875,-0.038565985863317165,1.4695,0.965233609221979,0.8457842167783199,0.10121989250183105,3.5110321044921875,1
no_joint,275,-0.43599633362291246,-0.48683382781379425,1.0671,1.11474807545971,1.6768948591756958,0.10137701034545898,3.608309268951416,1
no_joint,276,-0.7583558150513484,0.5885470138134749,1.0577,1.1545149640751673,1.639062203729342,0.1013326644897461,3.8644392490386963,1
no_joint,277,1.0989073044852347,-0.5040679275724245,1.0535,2.154528822875995,0.0,0.5029444694519043,0.0,0
no_joint,278,0.5065128649826163,-0.5315470246890391,1.2766,1.7034270285612256,5.138915670501239,0.8087468147277832,10.851766109466553,1
no_joint,279,-0.4293934874215611,-0.005197142944449729,1.1362,1.200828229600158,1.7899431950110047,0.10193586349487305,3.513925790786743,1
no_joint,280,-0.6916730882776498,0.4626312252541428,1.3024,0.4738119832453328,0.6125688040880304,0.10213017463684082,3.1082139015197754,1
no_joint,281,0.8884986943003128,0.5700651585676811,1.3588,1.6559855854553955,1.9051638391645844,0.10212349891662598,2.811086416244507,1
no_joint,282,0.4256896056265411,0.013878027216957523,1.1018,0.9212056992720257,4.661244814681551,0.15158700942993164,6.314265251159668,1
no_joint,283,-0.13433135928159368,-0.3860983011133118,1.3171,0.7556925384108512,1.74970531839389,0.10121989250183105,3.9109041690826416,1
no_joint,284,-0.7123664000710418,-0.4404682805209592,1.132,0.5519037963751472,0.5813544228359456,0.1516263484954834,3.511160373687744,1
no_joint,285,0.8140921036446596,-0.06266867188279923,1.2443,1.664006888349734,2.1638610408084458,0.10119175910949707,3.509568214416504,1
no_joint,286,0.7615176744636456,-0.2651101483423867,1.4527,0.24637765613077178,0.33190160563247845,0.05130434036254883,1.4039523601531982,1
no_joint,287,-0.3437499685242069,0.4642376012519872,1.4231,1.4811082751948939,2.99678357234438,0.10095882415771484,4.509448766708374,1
no_joint,288,0.8128529870647874,0.44866223211876866,1.0461,1.3371974090829928,1.588962514241751,0.0509645938873291,3.809757709503174,1
no_joint,289,0.5093884370285202,0.19151342039865282,1.2118,0.4777045528118232,0.441035046233811,0.051732778549194336,2.3046600818634033,1
no_joint,290,-0.5586446813091279,0.46731642313932775,1.1383,1.2026000735692601,1.6922033035631543,0.10143780708312988,3.3128325939178467,1
no_joint,291,0.7637687996193596,-0.5659328020914862,1.0018,1.774516199924964,2.358821765298919,0.10136556625366211,3.8101162910461426,1
no_joint,292,-0.5543738860322531,0.3808866911395915,1.3856,1.6926457168013167,2.376054396625912,0.1009671688079834,3.6148383617401123,1
no_joint,293,-0.8603432022572358,-0.3486096050176698,1.3186,0.860801161786751,0.9342587800328839,0.2022247314453125,3.143183946609497,1
no_joint,294,0.3792544105470368,-0.3860298796178444,1.131,1.3893414914736855,1.7878867584886051,0.20322203636169434,4.819452524185181,1
no_joint,295,0.6726535731895666,-0.5960086022517591,1.3706,0.30560766150700774,0.4588045451935804,0.10225152969360352,1.9057481288909912,1
no_joint,296,1.0356501516485273,-0.2732676438628453,1.2758,0.5654491587686977,0.5990461029037457,0.10187721252441406,3.7153782844543457,1
no_joint,297,-0.6698257191224737,0.544751941462884,1.2138,1.8916208953559053,3.4385729851360725,0.15259337425231934,4.612223863601685,1
no_joint,298,-0.2764902103114102,0.23002844979861703,1.0048,0.6773578221706404,1.1003157045079568,0.10137438774108887,3.1074066162109375,1
no_joint,299,-0.18745978111923978,0.11013792141251366,1.0376,0.15741471476987742,3.9993718810888415,0.15149855613708496,7.7171947956085205,1
no_joint,300,1.0564551369096007,0.5882381731625402,1.4416,1.3033330680527766,0.0,20.02153730392456,0.0,0
no_joint,301,0.6298776543313227,-0.7092175767856067,1.452,1.1436512142792787,1.2968329203152669,1.9120419025421143,3.318070888519287,1
no_joint,302,0.09549080338204752,0.31553979206790805,1.2728,1.2844068120087,2.122400790941256,0.20381927490234375,4.012826204299927,1
no_joint,303,-0.33067194742973827,0.6270490632166953,1.4173,0.4248160066309263,0.568572406560749,0.10220646858215332,2.5130133628845215,1
no_joint,304,-0.5486975863981116,0.34906831998240306,1.2913,0.5016921371925304,0.4409032469732962,0.10272026062011719,2.9074642658233643,1
no_joint,305,-0.7097207675893997,0.19200604105065588,1.074,0.4118790792558477,0.31982425445992213,0.10222887992858887,1.4043962955474854,1
no_joint,306,1.0116115803803134,-0.535446456693043,1.0637,1.9585195336943386,2.3339785754437283,0.10371088981628418,3.5143656730651855,1
no_joint,307,-0.041100457852425554,0.1343346520904536,1.1541,1.315424696129706,1.829926977469725,0.15181875228881836,3.413731575012207,1
no_joint,308,1.0772436982563796,-0.18057507532313088,1.4495,1.2520728690639111,2.5338826505445655,0.20495009422302246,4.112245321273804,1
no_joint,309,-0.4506264766222849,-0.7002217701166814,1.3981,1.7277998679442403,2.010862763859856,0.1521909236907959,4.010054588317871,1
no_joint,310,0.8401580511821607,-0.09280958820580043,1.4304,1.5493299847289392,1.8994438774834255,0.10132622718811035,3.70841121673584,1
no_joint,311,0.8486111188880205,0.32404407573585325,1.4495,0.4788023766390971,5.404511866432312,0.05116391181945801,6.612419605255127,1
no_joint,312,0.6353495500490238,0.11742672192156478,1.105,0.62227101875603,5.31981405518607,0.10130620002746582,6.914249897003174,1
no_joint,313,0.9521204343706913,0.10427753215149416,1.1248,0.2565683746131075,0.37902328013046327,0.10105347633361816,3.707724094390869,1
no_joint,314,-0.6404951694765342,-0.5709947215136957,1.0514,1.7313627900645754,2.0481232235251814,0.1512439250946045,4.510484218597412,1
no_joint,315,-0.4755599916799326,-0.06754909277726562,1.3901,0.6288126064187181,1.0476150372636164,0.20133090019226074,3.709496021270752,1
no_joint,316,-0.3398550724096364,0.3528462042754966,1.4421,0.5030568787042171,0.5338653264736598,0.10103702545166016,1.6037912368774414,1
no_joint,317,-0.8499680899021446,-0.6434579761702761,1.2032,1.2170098588215454,1.3679057818777733,0.10225653648376465,2.7161684036254883,1
no_joint,318,0.31624072637246003,-0.3422556168534173,1.3103,1.29092929954208,1.511660177825377,0.1027073860168457,2.7151031494140625,1
no_joint,319,0.6726646599866193,-0.6885637339713573,1.0773,0.5103648971199423,0.5164559982495279,0.2530841827392578,3.410068988800049,1
no_joint,320,-0.39326677856047054,0.6126744031490593,1.4649,1.755097190203259,2.3982098626230774,0.10185956954956055,3.509904146194458,1
no_joint,321,0.3521846654185121,0.22218686952759892,1.4323,0.9696952120118068,1.4618577970780948,0.10210967063903809,3.1080825328826904,1
no_joint,322,-0.22595368706040808,-0.03166420198940645,1.4881,0.7762538052475187,4.631174288887245,21.00659942626953,6.724515199661255,1
no_joint,323,-0.8071914383755114,-0.6350331449090014,1.4054,0.961575290089341,1.4349806081228764,0.2521829605102539,5.313490390777588,1
no_joint,324,0.2518659612544083,0.20432486759460322,1.4407,1.4924733455904637,3.2210942823105055,0.15131545066833496,6.512899398803711,1
no_joint,325,-0.5410495219625238,-0.599323787380534,1.0124,1.3302638228739794,3.425054532708179,0.15138554573059082,5.0155088901519775,1
no_joint,326,-0.8103962609555775,0.5433556263388298,1.3683,1.2374825814225325,1.644948591956274,0.10165953636169434,3.0101492404937744,1
no_joint,327,0.5323579495517163,0.45371157602712164,1.1661,1.4624165380143477,1.6770983732087439,0.10104846954345703,3.610663652420044,1
no_joint,328,-0.20020971838015844,0.3765697062877079,1.4654,0.8439911861012567,1.4016031857094597,0.10139346122741699,3.108189821243286,1
no_joint,329,0.21232808953670523,0.37996713592846654,1.4011,0.5478138672494138,1.316660363956035,0.10155034065246582,3.208739995956421,1
no_joint,330,0.17033007397537636,0.2622040028918261,1.432,0.2484939961658028,0.14887064971753675,0.10162782669067383,3.5096378326416016,1
no_joint,331,-0.38324139019188974,-0.5237856095244792,1.4054,1.0696733446690798,2.9095465872291317,0.05106687545776367,4.516750812530518,1
no_joint,332,1.0611649370335183,-0.28010518210649915,1.1334,1.6313100921339587,1.9376912274032747,0.15250539779663086,3.1173794269561768,1
no_joint,333,0.4325588110427365,-0.05847908559338699,1.3937,0.7734310147495348,0.6837449501370794,0.10819792747497559,2.708353042602539,1
no_joint,334,-0.42020270268136595,0.6259628006619636,1.054,1.2950686870136743,3.577035213853987,0.20246624946594238,5.316982746124268,1
no_joint,335,-0.47750686225843436,0.19163360510059435,1.4361,0.5755236115648026,0.6614268893487816,0.1518244743347168,4.810776233673096,1
no_joint,336,-0.3622725149707745,-0.10735605744017929,1.4293,0.4322233976557258,0.35366584908444304,0.05111193656921387,4.211310386657715,1
no_joint,337,0.5990443250183624,-0.1583721584683444,1.1112,1.1768450480482848,2.1043640262882946,0.1013801097869873,3.808349132537842,1
no_joint,338,1.0845214353248667,-0.6878899709992491,1.4083,0.6577576625992988,0.8148160675529693,0.10115313529968262,4.4112513065338135,1
no_joint,339,-0.0036642391662317086,0.2535040254103976,1.2302,1.5730086852457286,2.2116121655860623,0.10130047798156738,4.510722398757935,1
no_joint,340,0.9121910944703144,-0.16355544647587217,1.1526,1.1207406271915623,2.4365225781253628,0.10104107856750488,4.910261869430542,1
no_joint,341,0.9353041510122815,-0.4535501523062141,1.3977,0.28261745956158185,0.4076945179017269,0.1014854907989502,1.6057171821594238,1
no_joint,342,0.5800300104270868,-0.5622260006351449,1.1138,0.5883410633664421,0.5031147744625746,0.05087900161743164,3.008558750152588,1
no_joint,343,-0.5168680782191803,-0.4166154715545921,1.0118,1.1744998181814665,1.3264492705450248,0.10132265090942383,3.6089162826538086,1
no_joint,344,0.8203912550585057,-0.06661022524040017,1.0966,1.443293445170567,1.9003611511142666,0.10169053077697754,3.413667678833008,1
no_joint,345,0.00959501541528296,-0.03564095570060566,1.1641,0.894614361028686,2.0323653884650037,0.10146903991699219,4.013317584991455,1
no_joint,346,-0.5488956845364849,-0.2056539686404807,1.4322,0.5234797222197137,0.6807302599464614,0.10112190246582031,3.216679811477661,1
no_joint,347,0.4286520691208411,-0.2961888517552692,1.4834,1.113674356035679,1.931722585860599,0.15250897407531738,3.8192944526672363,1
no_joint,348,1.0491853113456757,-0.11949317013887961,1.1396,0.7291688657758554,0.7125891446285496,0.15335726737976074,2.3076512813568115,1
no_joint,349,-0.5365398321164943,-0.028830594684031707,1.3207,1.6736170858421286,2.593820195249806,0.15194249153137207,4.0184667110443115,1
no_joint,350,-0.018980928102300676,-0.4012665894645965,1.1998,0.7878818999344619,0.7069358237467589,0.1031036376953125,2.413661241531372,1
no_joint,351,-0.5419229385403174,-0.5126911968198515,1.4906,0.4722400130356834,0.6574412291412752,0.10195708274841309,2.30572772026062,1
no_joint,352,0.44266057374641776,-0.09085717671975568,1.2681,1.272217537908398,1.8651636796944653,0.051122188568115234,3.4108405113220215,1
no_joint,353,0.2871723502343628,0.45000473942521746,1.4696,0.6246036722071469,4.806262243458164,0.15176868438720703,6.312219858169556,1
no_joint,354,-0.3383562699733266,-0.6645626597332814,1.0577,1.5378197148246133,3.0773245661833877,0.05126833915710449,4.609966039657593,1
no_joint,355,-0.7950211023950139,-0.5752209781502231,1.4852,0.5409380239919791,0.7054174767090107,0.05133771896362305,1.704209566116333,1
no_joint,356,-0.24637859993608047,-0.046059372862148784,1.0893,1.0464235503618242,0.9654630168985654,0.10123395919799805,4.309666872024536,1
no_joint,357,1.0825009037044344,0.5830730889031267,1.4813,1.5667710056408497,2.1975934464966485,0.10096001625061035,3.4108595848083496,1
no_joint,358,0.3937357167503217,0.4495197366705105,1.1327,0.9516366601635295,0.8208706128039216,0.10117030143737793,4.01070499420166,1
no_joint,359,0.09589392206921576,0.1732714898683474,1.0542,0.5295242602640411,4.615947542146342,0.4024538993835449,6.816880702972412,1
no_joint,360,-0.2626828557662596,0.22523136800015264,1.2173,0.4372265635915785,2.5800697718965773,0.10104560852050781,4.713660955429077,1
no_joint,361,1.04936567538461,-0.6139804165053391,1.3643,1.6685116877372066,2.352161756760903,0.050930023193359375,4.316126585006714,1
no_joint,362,0.8476579481762156,-0.4995961892992917,1.1568,0.4664747657913035,0.32225079073101676,0.2537117004394531,3.210193157196045,1
no_joint,363,0.999225382997514,0.1957827908699734,1.3031,0.7841781134135423,4.538569028800413,0.1528775691986084,6.216606855392456,1
no_joint,364,0.8491696792368195,0.04101779188175203,1.2557,0.3440911286772862,0.4327850925392111,0.10169053077697754,3.7141246795654297,1
no_joint,365,0.4936420205445542,0.18652939205793684,1.1926,0.3906755508110455,0.39194775530488346,0.10194206237792969,2.907475233078003,1
no_joint,366,-0.09236074799345795,0.15179411045501023,1.2883,0.5937999252187489,1.8359898148415,0.25157952308654785,5.913118839263916,1
no_joint,367,1.1078380044774612,-0.676756658605596,1.1274,1.608294956347453,1.971504417711652,20.24634861946106,4.231155872344971,1
no_joint,368,0.8528333385684477,0.3319976550960678,1.3544,1.1297747410126449,4.037941582439096,0.15320038795471191,5.616990804672241,1
no_joint,369,0.8682178424992715,-0.18771119805148062,1.0008,0.7247980789728199,4.6849545024456365,0.10418844223022461,6.516202449798584,1
no_joint,370,0.7281506569275744,0.30437977518307,1.4628,0.6502678107476619,4.7757902579095335,0.1518995761871338,6.51657772064209,1
no_joint,371,0.7479474164588928,-0.577832757920784,1.2692,0.9682561610240806,4.56919092704896,0.05087423324584961,6.013197898864746,1
no_joint,372,-0.22967088513766432,-0.23948185108669928,1.3597,1.1168317159015038,1.5702810679965507,0.10123968124389648,3.1111202239990234,1
no_joint,373,-0.10287784328217475,-0.12649496251664283,1.371,0.2982200127672561,0.19386297385485765,0.05085253715515137,2.907984733581543,1
no_joint,374,-0.42255159876443377,-0.6424288007421585,1.3353,0.5832974084128438,0.6827754878860692,0.05089616775512695,2.5089120864868164,1
no_joint,375,0.354829865791056,-0.10615918381801348,1.1821,1.0984013619136166,1.4938708463345642,0.05123305320739746,3.1092207431793213,1
no_joint,376,0.1558200981399842,-0.08460410013674957,1.035,0.3948827697564669,0.260952743895053,0.20145535469055176,3.608142852783203,1
no_joint,377,-0.11945228356643134,-0.19501749904765864,1.3321,0.3975398453880823,0.399793652719444,0.10180377960205078,4.910259246826172,1
no_joint,378,0.3318678939166073,0.3079496013588844,1.1651,0.7129374212785381,5.201111386202598,0.10113525390625,9.920023441314697,1
no_joint,379,1.0208479653826805,-0.7179484314026792,1.157,1.2122165078888039,4.381223133857778,1.8721280097961426,8.72806429862976,1
no_joint,380,0.4102948834544231,0.4908939742572821,1.424,1.4754165266583972,2.5943862553930725,1.05613374710083,8.01820158958435,1
no_joint,381,-0.7535500324460904,0.5409151008307768,1.3599,1.3062374237062166,1.5485792562762106,0.051016807556152344,2.808689832687378,1
no_joint,382,0.08999782670729739,-0.39018899595202206,1.1502,1.4170344715089005,1.4077072153492352,0.10102581977844238,2.906357765197754,1
no_joint,383,0.7185973295043389,-0.0021924058482002406,1.1546,0.8316223010691554,1.650555012944885,0.10166740417480469,3.610663414001465,1
no_joint,384,0.5464106363103696,-0.3684146229921246,1.2042,0.4396546652241162,0.465872118961205,0.15101289749145508,4.109248638153076,1
no_joint,385,-0.5139619892222635,0.19285593134788648,1.2012,1.3091408931113129,2.2279336055833845,0.10128569602966309,3.9083571434020996,1
no_joint,386,0.5323296907338615,-0.596151107667822,1.1478,1.4155480036376362,1.9652103665625744,0.1013031005859375,3.508852481842041,1
no_joint,387,1.0355210667208832,-0.07860828140682341,1.0636,0.7924069351880766,0.8118220343274632,0.10138225555419922,5.010359287261963,1
no_joint,388,-0.7869563598817484,0.1269499900661868,1.2102,1.9017752939713561,2.869754875037405,0.10117077827453613,4.30938982963562,1
no_joint,389,0.7506323193838982,0.4718996806407124,1.4702,1.6722583044488752,2.2304819676381418,0.05115509033203125,3.4080185890197754,1
no_joint,390,0.3379643199026656,-0.17824688248558762,1.3387,0.9285524128206669,5.078059054159605,0.10161304473876953,6.416454076766968,1
no_joint,391,-0.17251882622201276,-0.4175398519690616,1.4514,0.6338908285661994,1.5901430533224292,0.1526660919189453,3.4097938537597656,1
no_joint,392,0.7574215792941106,-0.1607836394865998,1.3078,1.1273211764365854,1.8176051817782612,0.1523594856262207,3.6156020164489746,1
no_joint,393,0.3634891815089678,-0.1222712094150471,1.1505,0.5826250677425716,0.45864301539587937,0.10183358192443848,1.9057586193084717,1
no_joint,394,0.587483762479369,0.44248318454439606,1.274,0.6156815181504285,4.801473286139338,0.1520533561706543,6.413729667663574,1
no_joint,395,-0.8261483224561612,0.13906884160904753,1.0002,1.595184088891368,2.022604477508139,0.10169625282287598,3.4074642658233643,1
no_joint,396,-0.41328085549813676,-0.20589516162582278,1.1435,0.5995907835933904,0.5603040013694057,0.10129594802856445,2.1061270236968994,1
no_joint,397,1.0847909010659067,-0.5555317799870487,1.2149,1.6142428415221894,1.957580008961141,0.05102658271789551,3.4099490642547607,1
no_joint,398,-0.024308363217431572,0.24297933001433425,1.29,1.4512221859824321,2.258539603752997,0.0509335994720459,3.7082040309906006,1
no_joint,399,-0.6185225183019238,-0.5999533417461554,1.3274,1.0306904879637597,1.1584326778683052,0.051355600357055664,3.312368631362915,1
no_joint,400,-0.3296135588784648,-0.6338777870091323,1.2325,0.43405538718173814,0.6253150558197919,0.05086922645568848,2.5102102756500244,1
no_joint,401,-0.49271896240745156,-0.2986874736532744,1.2211,0.4887305725807196,0.8719609337977291,0.10098719596862793,3.1090385913848877,1
no_joint,402,-0.735401943677243,-0.029811847292036453,1.1069,0.39510531803279,0.4083920432561597,0.10103988647460938,3.7088186740875244,1
no_joint,403,-0.40978265365352173,-0.0010236293334023872,1.2366,0.42027048391373384,0.3357479904169073,0.051133155822753906,2.008662223815918,1
no_joint,404,0.18332233294474665,-0.2973654232194739,1.4506,0.7811325156221576,1.9827711488176747,0.0510103702545166,3.8097445964813232,1
no_joint,405,1.097384213940354,0.16636704685304626,1.398,0.9814457071419808,1.0796851929792095,0.051381826400756836,2.9120757579803467,1
no_joint,406,0.0490375235463294,-0.6603644212665211,1.0848,1.500784687476214,1.6069283078292578,0.10189461708068848,3.5150742530822754,1
no_joint,407,-0.5255495682471185,0.20506671998759485,1.0424,1.1216720410716468,1.5330229032287053,0.15240168571472168,3.3184666633605957,1
no_joint,408,-0.6813872768002017,-0.12419033358125353,1.2577,0.3906373216411159,0.46539156998990466,0.15207338333129883,2.707977056503296,1
no_joint,409,0.4448550379336662,0.3499482461250879,1.3165,1.3059463313490673,2.3331377739650856,0.15213942527770996,3.913132429122925,1
no_joint,410,-0.0815558548659513,-0.5335803976840064,1.1676,1.1388549315945997,2.7866809085942155,0.15211176872253418,4.516546010971069,1
no_joint,411,0.19719503221606915,0.41395374647320293,1.4092,1.0696755563700655,2.6879910036544894,0.10185503959655762,4.910323143005371,1
no_joint,412,-0.6963553755460551,0.2947415577626141,1.3756,1.0427481650318335,1.6308877225736471,0.10156536102294922,5.112443447113037,1
no_joint,413,0.6769796697627048,0.2308152146988497,1.3364,1.4957320645616983,2.1464294134557123,0.051212310791015625,3.5096399784088135,1
no_joint,414,-0.35151088643670947,-0.24817257613413274,1.1123,1.2925149205017255,2.5416646067848943,0.10160279273986816,4.21225643157959,1
no_joint,415,0.2246360410919297,-0.3232095971558756,1.0996,0.677100464281282,1.3077306250492158,0.10112404823303223,5.112276077270508,1
no_joint,416,0.3173779687207434,-0.03445646634501198,1.0122,0.4053269029398038,0.35364658882716465,0.05120062828063965,1.4037888050079346,1
no_joint,417,1.0934571853798056,0.4268578919417617,1.1224,0.864733356669183,4.369110899497346,0.1012427806854248,6.513423204421997,1
no_joint,418,-0.6423617993909864,0.3801758994668972,1.2376,1.8182524127578497,2.09406596313553,0.0513453483581543,4.211876153945923,1
no_joint,419,0.8474883597929666,0.36434149976161156,1.4249,1.5704598789911686,2.0473487626945475,0.10109376907348633,3.210658311843872,1
no_joint,420,-0.7126179809924182,-0.18930523437666813,1.0364,1.8523476303723236,2.6875349141950133,0.10097551345825195,4.009158611297607,1
no_joint,421,-0.1870303420021091,0.5974884159815231,1.2072,0.9920770259316194,1.7394091845521449,0.10307097434997559,3.708545207977295,1
no_joint,422,-0.6103360986256564,0.44140789864258345,1.3149,0.5406228120031791,0.8826014727733854,0.10128974914550781,3.3120803833007812,1
no_joint,423,0.32859332262243734,0.30784866644071573,1.0972,1.0952101688384241,1.5018315767781216,0.10172843933105469,3.2121329307556152,1
no_joint,424,-0.0828498789552754,-0.5418821347690697,1.3482,1.0103379165684365,4.5225339223301395,0.20433831214904785,7.218208074569702,1
no_joint,425,-0.8218408004261168,-0.5572815187012735,1.2472,0.8368996357494822,1.1033006036542363,0.15199875831604004,2.7127344608306885,1
no_joint,426,1.0412595234056818,-0.14874791517439856,1.122,2.018027465393402,2.3165370025194942,0.10181212425231934,3.3115715980529785,1
no_joint,427,-0.0018878331295721917,-0.5978167238243639,1.328,1.1950048014593793,1.6752269718371933,0.10131096839904785,3.109003782272339,1
no_joint,428,0.35502332660749825,0.15037630095506282,1.0028,1.031055818460256,1.7146752537548537,0.1010127067565918,3.7072103023529053,1
no_joint,429,0.6744694635876478,-0.11123421774095399,1.3755,0.43678943607794884,0.6148840182236953,0.05087471008300781,1.7043156623840332,1
no_joint,430,-0.7584789281052013,0.21197840445165217,1.385,1.6081601388717532,2.9110890434288614,0.10107779502868652,4.3101441860198975,1
no_joint,431,-0.5910617512619771,-0.5762170932335826,1.0533,0.993985263391145,1.0481436438720015,0.10148501396179199,4.410914897918701,1
no_joint,432,0.4988637792377695,-0.6574110693692938,1.2126,1.1427519476369652,1.2271052786074181,0.10137271881103516,2.8102383613586426,1
no_joint,433,0.7402890741609294,0.10231150812940903,1.0879,0.9151594860156899,0.9682682816944883,0.10116767883300781,3.9095139503479004,1
no_joint,434,0.17159618147289346,-0.15756143053462957,1.479,0.7424468896438398,0.7129973019980681,0.05106544494628906,2.907430410385132,1
no_joint,435,0.018473173963861278,-0.4755886687582688,1.259,0.5144360590632857,1.8318011137236203,0.15166687965393066,6.815210580825806,1
no_joint,436,0.7671801090135448,0.26498615889136656,1.0251,1.0791900263381822,4.337676439852853,1.003159761428833,7.521605968475342,1
no_joint,437,-0.04818277560771267,-0.08163313565306529,1.1246,0.9557867312156382,1.8708955550766744,0.15291595458984375,3.917588949203491,1
no_joint,438,0.6338944294280715,-0.5546112643283553,1.4242,0.9282903621144569,1.6129270785429455,0.10181736946105957,4.112118482589722,1
no_joint,439,-0.8489766246558035,-0.41158919725822996,1.2282,1.6066608395443887,1.8578780192007531,0.10105443000793457,2.9103152751922607,1
no_joint,440,1.028880909044288,-0.07268854364517796,1.4007,2.018316797814123,2.554798436143851,0.10116076469421387,4.314940929412842,1
no_joint,441,0.027575877097842483,0.4171466316842324,1.3338,1.2655247251869142,5.149704260590432,0.10374307632446289,6.513030052185059,1
no_joint,442,-0.5756035465765232,-0.2968952764530576,1.4939,1.0417765650608903,2.662984793890819,0.1010434627532959,6.112886190414429,1
no_joint,443,-0.12798941884108517,-0.2009895932447714,1.2977,0.678152731568869,0.5408525130807533,0.10128140449523926,3.0125062465667725,1
no_joint,444,0.8951118534795446,0.5696298592563976,1.475,1.3655530202707067,2.210796152720453,0.15192341804504395,3.6164166927337646,1
no_joint,445,0.49088298746352654,-0.14173330754789149,1.4457,0.9654695167650549,5.309915657530101,0.15213680267333984,7.016944408416748,1
no_joint,446,-0.7968389763566719,0.4960209771940721,1.3063,1.5752087968238841,3.363885162770628,0.155287504196167,4.811310291290283,1
no_joint,447,0.4338394738118614,0.486891775730781,1.3596,1.3112055124574837,1.61643983988345,0.10120773315429688,4.710204362869263,1
no_joint,448,-0.7408956556087125,-0.030707377847289496,1.2524,1.409337298429125,2.1385138658767016,0.10131025314331055,4.613972425460815,1
no_joint,449,0.1422238470507209,0.19163296863227752,1.4153,0.9979571302295502,2.2852740550953485,0.051041603088378906,4.026282548904419,1
no_joint,450,0.5467529551402361,-0.6439561223378227,1.2739,0.9189603196120928,4.674074785405218,0.051264047622680664,6.112401008605957,1
no_joint,451,1.0227857714295696,0.2703364858966756,1.4486,1.0967917177307138,4.6535851634799945,0.10129070281982422,5.912510633468628,1
no_joint,452,-0.17988819864372618,0.32137395184294404,1.3718,1.3495023767487513,2.010232853740608,0.05089879035949707,3.8092572689056396,1
no_joint,453,-0.5279152973678448,-0.6078043772937921,1.2373,1.0587831609613847,1.1790361060007688,0.10104560852050781,3.2069878578186035,1
no_joint,454,-0.347677979059842,-0.7142216235435258,1.1296,0.34366428039269187,0.33616929027704257,20.184273719787598,1.9070467948913574,1
no_joint,455,-0.287428451039753,0.3139126051295956,1.1236,1.1253105329719613,1.4766067797969085,0.15237665176391602,3.2120535373687744,1
no_joint,456,-0.4653278463284098,-0.5762150614489756,1.3188,0.9551423861729103,1.1266874316712807,0.05109667778015137,2.408641815185547,1
no_joint,457,0.403218230518521,-0.01436486891565636,1.3829,1.154368229139435,1.7803352765857938,0.05097150802612305,3.4109442234039307,1
no_joint,458,0.7100515278593669,-0.3406625215728744,1.2606,0.4345475304239534,0.4983120695729861,0.10132789611816406,2.8116605281829834,1
no_joint,459,0.28136170856676257,0.28485254853617714,1.3134,0.8774979974973641,4.731968083352891,0.10166144371032715,6.312354326248169,1
no_joint,460,-0.6191142307021915,-0.27822044676355917,1.1373,1.2085086376719008,2.4524607266240523,0.10111498832702637,4.210700511932373,1
no_joint,461,-0.13536495875404864,-0.1493263628346746,1.0387,0.6258573515926495,2.4149312337177298,0.6020462512969971,11.223743915557861,1
no_joint,462,0.9961763104100105,-0.41228821394213816,1.1429,1.0705215890244288,0.0,0.5034153461456299,0.0,0
no_joint,463,0.884885152214772,0.1443440565882531,1.1359,0.9748789493141952,1.0364380589569613,2.6265594959259033,3.1140801906585693,1
no_joint,464,0.8342353327923302,0.42011070136044204,1.1599,0.4270422533503486,0.48676203414546065,0.20403480529785156,3.7096848487854004,1
no_joint,465,0.6234931027751236,-0.11021873074533162,1.2701,0.5809739699371119,3.405644931307049,3.3225066661834717,13.029268503189087,1
no_joint,466,0.6659188389624542,0.15856636497379228,1.0692,0.4533412603948766,0.3766711587845486,0.05094647407531738,2.609849452972412,1
no_joint,467,1.0786154237375754,0.5449712033670414,1.1156,0.5138031483760598,4.365538503823738,0.20191335678100586,6.513474464416504,1
no_joint,468,-0.6119135710130583,0.25449639631979604,1.347,1.795371815105392,2.0971988132304316,0.10169577598571777,3.0108542442321777,1
no_joint,469,0.12960003743052506,0.4121259604873889,1.3532,0.8625316240508332,0.7839186038914778,0.051564931869506836,3.1108412742614746,1
no_joint,470,0.29706912248928785,-0.04451260853703132,1.0321,0.7377347008461883,0.6518775202200741,0.05094146728515625,1.9083831310272217,1
no_joint,471,0.49237066866327983,0.4569456863927498,1.2038,0.5599890673686234,1.3926864776978534,0.10131597518920898,3.6105964183807373,1
no_joint,472,-0.5557380195200363,-0.10882003014720865,1.2713,1.298716774836564,2.0546793012393194,0.10149598121643066,3.715615749359131,1
no_joint,473,0.5668471193539755,0.6197468731540255,1.2079,1.434886613419576,1.9714417212070434,0.1526188850402832,3.8161685466766357,1
no_joint,474,0.7127406599617341,-0.46265503801989294,1.1034,1.1704743867548857,3.7165075209157656,0.15279364585876465,5.5176684856414795,1
no_joint,475,0.34788316241567485,-0.48465401463841823,1.2101,0.41601222738345944,0.3723369546864893,0.10179495811462402,2.1068828105926514,1
no_joint,476,0.22547695100965703,-0.7358145109920379,1.4524,0.28509399530860324,0.4399754479832451,0.10194921493530273,3.0121254920959473,1
no_joint,477,0.6050443573733022,-0.4647917103329638,1.292,0.6078986566511948,0.5609722040011558,0.10137319564819336,4.709962368011475,1
no_joint,478,-0.22502153641792721,-0.538427818843221,1.3478,0.9078894011702601,0.8418528567671348,0.05130624771118164,3.8099846839904785,1
no_joint,479,1.1017346571772042,-0.2369427050835904,1.4284,1.3223511255125338,0.0,0.6021828651428223,0.0,0
no_joint,480,0.8834400368817776,0.07184291517264152,1.3828,1.2652481742068045,1.3755222641574816,0.1014413833618164,3.3088226318359375,1
no_joint,481,0.5057151663566712,-0.7385781058077211,1.1902,0.9919724154594745,1.3071888344322284,20.118401765823364,4.819149017333984,1
no_joint,482,0.701099110591181,-0.6152308608830164,1.0029,0.4371672340308965,0.33208066112361034,0.2578270435333252,1.4096543788909912,1
no_joint,483,0.40008919234416074,-0.6538911611804015,1.1759,0.305867914751562,0.3276269443103471,0.15292906761169434,2.1082732677459717,1
no_joint,484,0.23822830713285081,0.08619205390352902,1.3767,0.8526495036908269,0.8859469155295753,0.10242104530334473,2.306950330734253,1
no_joint,485,-0.3382153327058792,0.3906178895874054,1.4267,0.7625049795109385,3.139359334047985,0.10231494903564453,4.817157030105591,1
no_joint,486,-0.7569520582384333,-0.28375655011161244,1.4767,0.8380551357614088,1.0396491638813106,0.10224032402038574,5.317031383514404,1
no_joint,487,0.6900348599807096,-0.03227231644922868,1.2095,1.6416962551417211,2.4708113623807213,0.15169429779052734,3.810286045074463,1
no_joint,488,-0.22252196234634447,-0.14665739087709528,1.3738,1.0099682422914817,2.207511232201822,0.20235204696655273,3.9128811359405518,1
no_joint,489,0.31268253283433034,0.26780111896464687,1.2731,0.8168660093039549,2.1023307256936357,0.10143852233886719,4.008941411972046,1
no_joint,490,0.4005642254787496,-0.16420517477394503,1.3016,0.45731455013267225,4.804445588864267,0.15133190155029297,6.513054609298706,1
no_joint,491,-0.6384576695898463,-0.17979068155729994,1.1103,1.2010916481784537,1.9231623463396383,0.05095195770263672,3.7090303897857666,1
no_joint,492,0.2604508415722837,0.06459510182466044,1.1097,1.0271671984771662,2.0594699383946784,0.05117678642272949,4.110100269317627,1
no_joint,493,-0.20999862571349048,-0.7070057224769429,1.2179,0.935887503358859,1.0948418241491114,0.05094480514526367,3.010552406311035,1
no_joint,494,-0.33177365463388575,-0.0311597751878675,1.0145,0.8515199089572348,1.122801579239633,0.10145974159240723,3.410196542739868,1
no_joint,495,-0.35907382392803644,-0.15265153929670316,1.1681,0.14518721967428397,0.2069144116623532,0.05100202560424805,1.9074351787567139,1
no_joint,496,-0.5041469898286783,0.3598319076593063,1.3396,0.512944586214263,0.6306223996669353,0.1015317440032959,2.7060134410858154,1
no_joint,497,-0.6084426946715995,-0.6322535200977107,1.2022,1.0911488388591866,1.238423177876652,0.10127973556518555,2.5081722736358643,1
no_joint,498,-0.007161907416714075,0.2593443061683932,1.0825,1.192109028134706,2.9153282399512714,0.10102295875549316,4.813055515289307,1
no_joint,499,0.336466246264685,-0.5570234909504601,1.2337,0.86889862708976,3.9927914327091045,0.15131402015686035,5.9218878746032715,1
no_joint,500,1.0230101789874138,-0.6482516855262773,1.0638,0.7004372270195639,0.7118939040325583,0.152540922164917,3.7189576625823975,1
no_joint,501,-0.3542993348354344,-0.4036511300750722,1.3111,1.4199036037144646,1.6568769124899903,0.15198874473571777,3.7156550884246826,1
no_joint,502,-0.3339956428130534,0.30041321256228215,1.0135,0.8557347584210934,0.8927502286783551,0.10158085823059082,4.516772270202637,1
no_joint,503,-0.7434442757073885,-0.07307717989276985,1.197,0.557029333643871,0.6448554761036452,0.15211105346679688,5.011009693145752,1
no_joint,504,0.9235590325286225,-0.5516768600844242,1.2822,1.8266892560224097,2.217311721891347,0.10129928588867188,3.3092470169067383,1
no_joint,505,-0.18456552735497378,0.4933710169743125,1.0136,1.6833322363871652,2.6259502306798,0.15212035179138184,4.811433553695679,1
no_joint,506,1.036447768611257,0.026671084076570928,1.3214,1.3705504249763807,3.3713658017164567,0.10107970237731934,5.111897945404053,1
no_joint,507,-0.04295164159501208,-0.3855431952181417,1.0678,1.3000928698599175,1.9994764318886666,0.151383638381958,3.708911418914795,1
no_joint,508,-0.36455741623550086,0.15583590242537837,1.2308,0.6211015128440602,2.4849312352610875,0.1010594367980957,5.912120580673218,1
no_joint,509,0.046514188616282315,0.5925353229137321,1.0251,0.6343683257386056,0.7119054954060734,0.20114493370056152,3.909799098968506,1
no_joint,510,-0.646862154352116,-0.5351868573181999,1.1896,1.3804433383346544,1.6707222937898645,0.10113644599914551,3.411510944366455,1
no_joint,511,0.8129210266411351,0.028120111100189304,1.1058,1.6646005112648594,2.1404101643588147,0.10138297080993652,3.708453893661499,1
no_joint,512,0.83179687221858,0.2501468526084567,1.1634,0.25684128136831785,0.3480602994510642,0.10112595558166504,3.7092156410217285,1
no_joint,513,0.2042927467731246,-0.6307093749439266,1.3806,1.1031657511546926,2.0091274214549344,0.10109710693359375,3.8086068630218506,1
no_joint,514,-0.5444348613963874,0.556389253978388,1.1896,1.464160869584344,1.690881653034572,0.05115985870361328,3.6111505031585693,1
no_joint,515,0.04326980190320351,-0.17723414586288522,1.376,1.0391064617340906,0.9970266434148061,0.10152339935302734,2.9120934009552,1
no_joint,516,-0.7495747041421027,-0.0388213605895642,1.416,0.6875296688448874,0.8252751995475862,0.10209441184997559,2.7180886268615723,1
no_joint,517,-0.77002206328744,0.33734624595366147,1.1261,0.548830952704956,0.5224781433701661,0.15309762954711914,1.705843210220337,1
no_joint,518,-0.5465520074971895,-0.2892845008665623,1.041,0.7801030280472778,0.7746670088680936,0.15250039100646973,2.1083335876464844,1
no_joint,519,-0.46692531463328774,0.4631385273809042,1.0097,0.7980932245238922,1.534218346116784,0.20276713371276855,3.816127300262451,1
no_joint,520,-0.39970590904178915,-0.12299714109532234,1.2697,0.6411323971650817,1.2791200895006638,0.20191717147827148,3.814894914627075,1
no_joint,521,-0.8191541711309405,-0.6534088916080839,1.5,0.6153985987454991,0.8119022892039809,0.10162472724914551,2.1069366931915283,1
no_joint,522,0.19470696354227957,-0.05900561396088522,1.175,1.3916760530347818,1.7970986010754304,0.15188312530517578,4.013664484024048,1
no_joint,523,0.7564084643096469,-0.2203029096846093,1.3251,0.49970704885251394,0.6392659435558947,0.05178380012512207,3.10888671875,1
no_joint,524,-0.46913487800892023,-0.023945086738425436,1.3906,1.3614631570182343,2.349437338529458,0.10116386413574219,3.8097565174102783,1
no_joint,525,0.27179005117645416,0.12891624171411742,1.3259,0.8943617321680497,2.5397587573047593,0.05124402046203613,4.311902284622192,1
no_joint,526,0.9407085155827597,-0.010618336403803608,1.3771,0.559340251233659,0.6756616793868264,0.1015021800994873,4.410130977630615,1
no_joint,527,0.6992439965686201,-0.3077694557092183,1.4748,0.44754253289991375,0.43538590188653303,0.1012723445892334,2.7059638500213623,1
no_joint,528,-0.3241753060171827,0.6083585035107152,1.0997,1.576764669412674,3.3685602806577126,0.10111451148986816,4.811568021774292,1
no_joint,529,-0.5078663686302323,0.48534186155081416,1.0102,0.3318757160560347,0.25214129586980155,0.10138607025146484,1.5538523197174072,1
no_joint,530,-0.0002789847939322909,0.10241948644590804,1.0762,0.7012661453986317,2.857785722593716,0.10130071640014648,5.11044979095459,1
no_joint,531,0.7197422072451227,-0.04884589310569898,1.0631,0.6675238002748511,0.7294821501053127,0.2013852596282959,4.010063409805298,1
no_joint,532,1.0775066523303387,0.1747220783561837,1.3347,0.4069534146490276,5.044790112903208,0.10119891166687012,6.919121265411377,1
no_joint,533,0.8749808169598043,-0.15562916879707478,1.282,0.49407486453914606,5.191570186306687,0.15323901176452637,6.827200889587402,1
no_joint,534,0.23643576497127428,-0.01835291920344262,1.109,0.8183580350360663,0.7010864655925417,0.10193729400634766,2.3077034950256348,1
no_joint,535,-0.7156161492375155,0.262076177727658,1.3497,1.0854638036315059,2.723297725444468,0.2531752586364746,4.412778615951538,1
no_joint,536,0.7503838844738024,5.061935013805918e-05,1.3834,1.607179943144849,3.162429457412341,0.05246877670288086,4.459522724151611,1
no_joint,537,0.06085477568483855,0.38592909745418813,1.0839,0.9903515912375204,2.968774245615635,0.10108232498168945,4.809310436248779,1
no_joint,538,0.10652907045009441,0.39501447284873803,1.3036,0.15267886962046104,0.2200961270183386,0.05147242546081543,2.410780191421509,1
no_joint,539,0.5382117882956075,0.39189406426090445,1.374,0.5143464818576806,1.2731796103880986,0.05125093460083008,3.410735845565796,1
no_joint,540,-0.5916115162937101,-0.264928500486103,1.0573,1.4846651122758399,2.5038125267332716,0.10126304626464844,4.009343862533569,1
no_joint,541,0.417574513235478,0.11015585171536446,1.4097,1.177266950036987,2.228995736636663,0.10157084465026855,4.009523153305054,1
no_joint,542,0.061091165783162205,0.6022901848328225,1.4824,0.7006722709277984,2.4612162621750184,2.062117338180542,8.11634373664856,1
no_joint,543,0.46718392803351017,-0.2963070827968456,1.054,1.2520979383427184,4.218561032706441,0.5019958019256592,11.023173332214355,1
no_joint,544,-0.5263849915172485,0.4327829937365505,1.0128,1.3123575478926093,2.526517154256651,0.15456914901733398,4.814183712005615,1
no_joint,545,-0.31947479268335854,0.14031974442066442,1.156,0.4331652648967493,0.38975788477590534,0.15320062637329102,4.016896963119507,1
no_joint,546,-0.2678742387870786,-0.4508266268661139,1.3387,0.641960954691874,0.7057916393982185,0.10191512107849121,3.0160725116729736,1
no_joint,547,0.421568650833003,0.5462308205482153,1.4791,1.3005119702346348,2.520216882149983,0.10193514823913574,4.0102808475494385,1
no_joint,548,0.6897026343280379,0.1706892573760176,1.1983,0.6124771005593745,5.298538254614148,0.15148591995239258,6.714538097381592,1
no_joint,549,0.45639144219736316,0.02704542696712453,1.3575,0.3526641066316796,0.3118885914581369,0.10115718841552734,4.008035898208618,1
no_joint,550,0.039430093522217935,0.4449103994841487,1.038,0.8037914370879955,4.6698352795177644,0.10091972351074219,7.219157934188843,1
no_joint,551,1.0630182511081268,-0.5908699047696422,1.3453,1.4468661375427136,4.030478310719714,0.10119175910949707,5.813141822814941,1
no_joint,552,0.593489967360056,0.5184371827216331,1.3136,1.328196506643618,4.267274000411884,0.10130143165588379,5.612881660461426,1
no_joint,553,-0.2938234672245187,0.5083982020987395,1.051,1.0627520530006724,0.9660382535916835,0.10176587104797363,2.7057602405548096,1
no_joint,554,-0.8373110067998992,0.5799014306197118,1.3862,0.6397560955066973,0.9657303326427966,0.1009209156036377,2.7059710025787354,1
no_joint,555,0.7708602257502346,-0.3561898733778862,1.4251,1.9719606034068375,3.4270026480205584,0.10138463973999023,4.516927242279053,1
no_joint,556,0.5217056073272972,-8.029308989310202e-05,1.3002,0.5982792691295348,0.48975721528644783,0.20287632942199707,1.707538366317749,1
no_joint,557,-0.8484152000983621,-0.09891281545176889,1.0605,1.5170647796138932,2.4558105550251144,0.2028663158416748,4.11194634437561,1
no_joint,558,-0.2838746651215207,-0.330911140789403,1.4919,0.7542645455515296,0.7118035955903035,0.10257816314697266,4.111164569854736,1
no_joint,559,0.9165378804705187,0.4280105634134833,1.3913,1.5788797060971453,3.678914643268212,0.15188908576965332,7.014654636383057,1
no_joint,560,0.8955435513127907,-0.4883563333275463,1.1736,1.0388855734907119,4.332905807793275,0.05095386505126953,6.012482166290283,1
no_joint,561,0.701854148383777,-0.6953630535178119,1.2142,0.29178554861837014,0.33854848116058534,0.050855398178100586,2.204967737197876,1
no_joint,562,0.8229896579860032,-0.02653362325410802,1.1853,0.7912914231506825,0.8250171956338617,0.05104327201843262,3.109919548034668,1
no_joint,563,0.31417540320723125,-0.5850820620401551,1.253,0.8093158575517518,1.444519477324765,0.05102229118347168,3.5081958770751953,1
no_joint,564,0.45335492114327147,0.3964400622612222,1.1706,1.0855764007829927,2.5870504439770863,0.10122203826904297,4.910353660583496,1
no_joint,565,0.15257866917849183,-0.15159273821895947,1.4248,0.7109393727511095,4.82739825582236,0.201399564743042,7.115654468536377,1
no_joint,566,0.6608294776571699,0.08404279421479088,1.4112,0.5063328280222704,0.5789194680141833,0.05116415023803711,2.1056575775146484,1
no_joint,567,0.3302515450205705,0.12441657794839256,1.0528,0.6481217857063463,0.514641656350779,0.15153813362121582,4.713159799575806,1
no_joint,568,-0.402406865681134,-0.03901216965208354,1.4804,0.8679908154684496,0.8287771351706029,0.4516110420227051,4.715948581695557,1
no_joint,569,0.09355613000734608,0.15315613261547922,1.3178,0.5285722038077328,0.5673511585035157,0.2550394535064697,5.226518869400024,1
no_joint,570,0.6008031418619415,-0.04739043425359135,1.4144,0.4362557211647515,0.5831026006247827,0.10252022743225098,3.7099826335906982,1
no_joint,571,-0.36879588677145925,-0.24581384993613936,1.3537,1.129121933852335,2.180178590109353,0.10167574882507324,4.215825080871582,1
no_joint,572,-0.5954722386493243,-0.36265714109474584,1.2177,0.29875507701551957,0.30198316442672585,0.10193967819213867,2.6139702796936035,1
no_joint,573,0.08240537717814755,-0.47356174269744805,1.3669,0.7909487310790068,0.7032095268437258,0.10187792778015137,2.5061428546905518,1
no_joint,574,-0.46274070953503815,-0.033229208515224706,1.4827,0.6547444187700936,1.3956403625825977,0.4016435146331787,5.712215900421143,1
no_joint,575,-0.4388056203601179,-0.6925448479238717,1.135,0.7954246010768163,1.3409009292580438,0.20145606994628906,5.611617803573608,1
no_joint,576,0.717724816927189,0.042994835989419444,1.4041,1.42049404239643,1.5918622426276168,0.10165953636169434,4.710590839385986,1
no_joint,577,0.973735871915842,-0.19750133334009856,1.2691,0.35425033093424807,0.3759383064998084,0.05103778839111328,4.211353063583374,1
no_joint,578,-0.647372304129376,-0.26866340179047504,1.2417,1.724156506932452,2.314443322800155,0.051249027252197266,4.308558702468872,1
no_joint,579,0.10520932223411517,0.22190354452750682,1.2178,1.0151071588445841,0.9611793356957794,0.051642417907714844,4.210652112960815,1
no_joint,580,-0.32848211642031233,-0.20085247212883384,1.3655,0.5876317335927292,0.6938625683327283,0.10105514526367188,2.3114125728607178,1
no_joint,581,0.9258850070670919,0.23808085349746078,1.1342,1.4936952893577067,2.5586446103644858,0.10115742683410645,4.109904527664185,1
no_joint,582,0.759752541526606,0.569253142780375,1.4259,0.44365871082744157,0.5205630564664797,0.050835371017456055,3.209563970565796,1
no_joint,583,0.3883475157035128,-0.6727399858985535,1.4154,1.4120348980304103,2.871613691971268,0.05113077163696289,4.426359176635742,1
no_joint,584,0.3237225877456864,0.2003745411388418,1.0433,1.0809275339126736,1.221819097758177,0.20358037948608398,3.826166868209839,1
no_joint,585,0.031260760749884264,-0.23592114810050058,1.4408,0.6123805503708433,0.7733433862662641,0.10289144515991211,2.1069552898406982,1
no_joint,586,0.6158348907562847,-0.645435468931307,1.1219,0.921755381907441,1.182834019349174,0.15216612815856934,3.009340524673462,1
no_joint,587,0.9935003604287094,0.17561881659728396,1.2324,0.9787891842603803,4.125639898209002,0.15217924118041992,5.814516067504883,1
no_joint,588,0.30363568817532327,-0.7290797531458806,1.3052,1.198901239122727,4.34769104582477,0.10139107704162598,5.811798095703125,1
no_joint,589,0.34112061425943163,0.4574618674227583,1.1895,1.321145047732852,3.868858563815566,0.10161161422729492,5.4138712882995605,1
no_joint,590,0.9156624550405383,-0.6517061578551653,1.0143,1.280759534237051,3.455388053703514,0.7023234367370605,5.313360691070557,1
no_joint,591,-0.8497974975313481,-0.16312492658462396,1.4255,1.8726800298262218,2.1431991566629494,0.10149264335632324,3.3075408935546875,1
no_joint,592,0.27101017550787976,-0.6829025146475063,1.0909,1.433648213650992,9.24057205612612,0.7027182579040527,19.139605045318604,1
no_joint,593,-0.19284230601179142,0.25888437189294156,1.1061,1.0499886499543145,12.501295582917718,6.013355731964111,32.1675820350647,1
no_joint,594,0.4995207824584045,-0.15227469966593643,1.3989,0.8731685005499159,3.7097045034092284,0.4537014961242676,9.719120502471924,1
no_joint,595,-0.26588664542158247,0.34106560973117006,1.1702,1.1003818917914705,4.253893135225051,0.10113334655761719,6.814636945724487,1
no_joint,596,0.7570411446105278,0.4352906519466039,1.4402,0.936508454690914,1.0984340575338405,0.10103058815002441,4.108666896820068,1
no_joint,597,-0.2410059660875028,0.05694107782031255,1.3506,1.2310390316539412,1.9513197503544464,0.10163450241088867,3.5103259086608887,1
no_joint,598,0.5254711797600604,0.20286849540819618,1.1381,0.9541366498996414,1.9644994270342484,0.10098099708557129,3.808713436126709,1
no_joint,599,-0.0196908511679047,-0.5470756460314574,1.0051,1.0166403267576938,3.869875234819389,0.15154170989990234,5.9129133224487305,1
no_joint,600,-0.5668607810033723,-0.7080347778894983,1.474,0.670186665653642,0.910172564116516,0.10166597366333008,3.5123445987701416,1
no_joint,601,-0.19792254183587987,-0.6444678647233275,1.0428,0.7329645723590428,0.7949985773962902,0.1519172191619873,3.7095649242401123,1
no_joint,602,0.4690531079547886,0.08934068874799661,1.36,1.0414071659656967,1.449803546538973,0.4519472122192383,3.821951389312744,1
no_joint,603,1.085287284920383,-0.11920177247653807,1.2443,0.5265994995789046,0.5740535478451,0.15282964706420898,2.408216953277588,1
no_joint,604,0.08943878472492639,-0.7051645468993544,1.3791,1.216216602983502,1.2658911386426106,0.10238146781921387,2.3092567920684814,1
no_joint,605,-0.11150229486214391,-0.6894194787220714,1.3453,0.30835973102042874,0.20474064117621582,0.15218114852905273,4.01496434211731,1
no_joint,606,-0.5558305759299493,-0.7109142196450725,1.323,0.5075000717327879,0.6066200550833554,0.15241122245788574,2.5070912837982178,1
no_joint,607,-0.29971686195019875,0.4937142934646447,1.2454,1.3486874918410947,1.596382027171554,0.2024366855621338,2.9111063480377197,1
no_joint,608,-0.2507179661580867,0.477666645752128,1.3965,0.15430752436354758,0.15400921595527678,0.1013636589050293,5.110385179519653,1
no_joint,609,1.0773140894831401,-0.34673092843704334,1.0465,1.7471437983375442,2.839347838609174,0.10122179985046387,5.411060333251953,1
no_joint,610,-0.10891540481141992,-0.27530811875430916,1.1108,1.245900851896886,1.680437458933499,0.05095791816711426,3.308104991912842,1
no_joint,611,0.22445616397957813,0.0013024122513455305,1.3459,0.5084285964936259,1.7094610954812939,0.1011056900024414,3.8079702854156494,1
no_joint,612,-4.524368077551966e-05,-0.32759411539104755,1.1531,0.5697167693592005,0.513752169532455,0.10123467445373535,3.411860942840576,1
no_joint,613,-0.7587424920815327,-0.27247647708110384,1.2908,0.8445268855450319,1.5234582099896972,0.10099148750305176,3.307802677154541,1
no_joint,614,0.232378893627587,-0.26584134837208256,1.2366,1.1089228950942258,1.8282695799376143,0.10100555419921875,3.5075881481170654,1
no_joint,615,0.007094710918766123,0.11744595763254173,1.2655,0.5407325374290302,0.48474800070685353,0.1015627384185791,2.3054375648498535,1
no_joint,616,1.0968075067992018,0.4665524831926259,1.2128,1.0745960231019125,1.2302819987288356,0.10115718841552734,4.910213232040405,1
no_joint,617,0.3571490710123255,-0.46639716385197666,1.373,1.2012666558799037,1.4611651899911942,0.15131497383117676,5.063719749450684,1
no_joint,618,0.06953224629889043,0.0031157783578292797,1.1654,0.7599467072425278,0.6604837830251297,0.15324759483337402,2.422412872314453,1
no_joint,619,0.9295390388776137,0.2492248055164148,1.3514,0.8106987449162866,5.2151914936962696,0.2043764591217041,6.924366235733032,1
no_joint,620,-0.6140470545418966,0.34316045733369205,1.1355,1.694200934517274,2.176609152171621,0.15250563621520996,3.919203281402588,1
no_joint,621,-0.32642867972581047,0.4621224583189917,1.1257,0.37700270386159984,0.9499219236174083,0.25191211700439453,3.1120357513427734,1
no_joint,622,0.04402304923960998,0.6048766575955294,1.0603,0.35893392038036537,0.9054269973614033,0.15107417106628418,5.010743141174316,1
no_joint,623,0.2938658768642759,-0.227296706518467,1.0963,0.8693622675728542,4.043177995910945,0.15125632286071777,5.911587238311768,1
no_joint,624,0.6368840153105959,-0.21189334362515966,1.0598,0.31764807803278794,0.3440138028903476,0.15178227424621582,4.509155750274658,1
no_joint,625,0.2711670359400662,0.4463029980881349,1.2679,0.8383857612172559,4.2724027130567395,0.10110354423522949,6.113997220993042,1
no_joint,626,0.7671425036146926,0.30746118985558224,1.3811,0.43243054447339385,0.5564685177911417,0.05103135108947754,3.407871961593628,1
no_joint,627,-0.4756595102227057,-0.5928709750345802,1.0926,1.7021411651765337,4.295023424388636,0.35196900367736816,5.761151075363159,1
no_joint,628,0.8056922690383939,0.4841059419385002,1.1082,1.7101417707625965,0.0,0.30147457122802734,0.0,0
no_joint,629,0.015568367742194722,-0.0416657601081849,1.2421,0.7842823956524136,0.8678648840653161,0.15112805366516113,3.0124897956848145,1
no_joint,630,-0.8351119008402077,-0.08781707453131926,1.3623,0.9506893782707814,2.243934362743049,0.15190768241882324,4.012668609619141,1
no_joint,631,0.499599279306548,-0.5582861321932405,1.4883,1.539069552945912,2.0670552703989866,0.1524965763092041,4.618182182312012,1
no_joint,632,0.7213945456207789,-0.35998393530240413,1.2623,0.491897074241427,0.40854312086302474,0.10265541076660156,3.910332202911377,1
no_joint,633,-0.8554329689051047,0.6280058557070382,1.1415,1.9842897100053696,3.3183972940422737,0.15172100067138672,4.722087144851685,1
no_joint,634,-0.28906435644184514,-0.7233308084854596,1.0503,1.5638599188643358,5.009937380959124,2.006373882293701,11.022339344024658,1
no_joint,635,0.5946236935318749,-0.5467237052486478,1.0971,0.9133001159557361,3.309006404756999,0.5520856380462646,9.218201160430908,1
no_joint,636,0.4322273020580487,0.30964329166113547,1.1137,0.9578748369309208,3.984272615393805,0.051070451736450195,5.911770582199097,1
no_joint,637,-0.6973854569120961,-0.07299938951725227,1.0897,1.2755194278972588,2.111825144664051,0.1014699935913086,3.8121016025543213,1
no_joint,638,-0.06611493855300599,-0.652302474151308,1.0071,0.9366702958836294,1.048874944858566,0.10117888450622559,3.6085166931152344,1
no_joint,639,0.7289221862382782,0.559123347675183,1.2671,1.5198045586337807,3.2540793494480487,0.1011967658996582,4.915385484695435,1
no_joint,640,0.16274681988542894,-0.33139675849137723,1.1372,1.1695256873430309,2.1256035567179374,0.2021927833557129,3.920947313308716,1
no_joint,641,0.7017298091806639,0.2285368197644434,1.4871,0.8817139700923572,2.600852418666878,0.1524181365966797,4.319199085235596,1
no_joint,642,-0.0745051538221132,-0.3372708611781259,1.2767,1.1278883730062483,4.9149291718014565,0.20231246948242188,6.71809196472168,1
no_joint,643,0.7195027972144252,0.5337593456901674,1.3487,1.1776543123225711,4.424710051359442,0.2521059513092041,6.014206171035767,1
no_joint,644,-0.2357955201266979,-0.08837558076363028,1.0631,1.343371667017881,1.9067045933775637,0.051503896713256836,3.5077602863311768,1
no_joint,645,1.0673405702764713,0.08619951396360237,1.4342,1.4171418711949018,2.6236824093140054,0.05098605155944824,4.212681770324707,1
no_joint,646,-0.6293712152816018,0.4780175762846578,1.2454,1.8770600521179948,3.746110776337777,0.10116887092590332,4.909860372543335,1
no_joint,647,0.288184010714875,0.11545302747263908,1.4364,1.088762659554626,3.383454500749536,0.10134291648864746,4.910588502883911,1
no_joint,648,-0.39349140961462037,0.2379709170640545,1.287,0.8774564366084645,2.8686458097236223,0.10140514373779297,4.809612989425659,1
no_joint,649,0.22205691740243627,-0.02828656796502782,1.2347,0.8061965785461709,2.60340257272011,0.10114121437072754,4.509767532348633,1
no_joint,650,-0.3350666079546122,-0.060540489048141355,1.2202,0.6584610775379911,2.099302332644892,0.10136866569519043,4.110734462738037,1
no_joint,651,0.37478335523942197,-0.6683477841533301,1.0922,1.0501459893612373,3.276283310979362,0.15118074417114258,6.02714467048645,1
no_joint,652,-0.8727330384651101,-0.040708562688046235,1.0257,1.398442700547601,3.326680523781489,0.258434534072876,6.63518762588501,1
no_joint,653,0.5282273981372294,-0.6568644598915563,1.4705,1.631816633292899,2.0535358153030034,0.1024160385131836,3.4096548557281494,1
no_joint,654,-0.38379509124182976,0.2750021731529463,1.2389,1.477782833380246,2.187904164077357,0.10183262825012207,3.8143417835235596,1
no_joint,655,-0.159016372937552,-0.37147962450766187,1.4111,0.7858124081676293,0.8132414572440495,0.10169100761413574,2.0086474418640137,1
no_joint,656,0.6906641590600464,0.48243232696994964,1.2004,1.3461319847492077,2.405149574095484,0.10136175155639648,4.009045362472534,1
no_joint,657,-0.12515561704495182,0.5816437442574088,1.037,0.9430145457349212,1.0392921942375974,0.05133509635925293,3.9086406230926514,1
no_joint,658,0.10573942818563264,-0.21037054130394084,1.3147,0.9138750604081454,2.999667420907126,0.1009986400604248,5.011678695678711,1
no_joint,659,-0.8643519995530874,-0.5136064560613489,1.0268,1.1770367652895153,6.322983911950478,0.5029551982879639,14.329714059829712,1
no_joint,660,1.0417061551650382,0.302665923804576,1.0746,2.2028279893754203,4.821180851831389,0.45183658599853516,9.618796586990356,1
no_joint,661,-0.2822605224766237,-0.5982285968273232,1.2814,1.6689307226597347,3.1253910276427344,0.1017465591430664,4.614412546157837,1
no_joint,662,-0.7774953234364869,-0.24829065985205573,1.1519,0.6338044138602272,0.665842131900737,0.10164070129394531,1.7060377597808838,1
no_joint,663,-0.015330852408945383,-0.11412074251113002,1.497,0.9019677954621957,0.8127187358273366,0.2071986198425293,2.9095730781555176,1
no_joint,664,-0.14003012663341596,-0.6710642022624129,1.0592,0.7922060959489522,0.8474848055098294,20.128519773483276,2.7056968212127686,1
no_joint,665,0.756560535670151,0.4253781535387363,1.3822,1.5049018736604038,3.4166052526052333,0.05138039588928223,4.913540840148926,1
no_joint,666,0.06306253585102972,0.4663353579041206,1.3032,0.8353335671020079,1.2809458341737063,0.10109543800354004,4.510327577590942,1
no_joint,667,0.3315647063048961,-0.33725576981630173,1.3954,0.9565085904406053,2.5136807661862437,0.05105161666870117,4.415926694869995,1
no_joint,668,0.5909001620182794,-0.30932802966915707,1.1128,0.44393060146270735,0.3621021820570002,0.2552375793457031,2.614110231399536,1
no_joint,669,0.5405760426661483,-0.469278212295571,1.2613,0.1573825608003803,0.2311185657241332,0.15476179122924805,5.324310064315796,1
no_joint,670,-0.14404817226730493,-0.6631816578415994,1.2253,0.7744183054869295,0.7580259461613437,0.15191960334777832,4.510736703872681,1
no_joint,671,-0.3426313147251605,0.40494983016977526,1.2214,1.1954260631333722,1.9656389126451839,0.10107827186584473,3.7097113132476807,1
no_joint,672,-0.20438112630365834,-0.7164438351192162,1.4301,1.2201906511139322,1.4882933910215446,0.051171064376831055,2.7091898918151855,1
no_joint,673,0.1038576063748392,-0.18750588727180983,1.495,0.7396312505597412,1.1401918756123741,0.1523599624633789,3.0079524517059326,1
no_joint,674,-0.8533309865246298,-0.10533325091088563,1.1527,1.1726521128003642,2.1769098619248948,0.10121536254882812,3.811586618423462,1
no_joint,675,0.46988877410364527,-0.31449905922220245,1.3105,1.4280688412692875,2.128109584953671,0.1012108325958252,3.611790418624878,1
no_joint,676,0.16020876645050341,0.5980429931856396,1.3048,1.0783623958076283,2.8464137879666374,0.10095500946044922,4.610006332397461,1
no_joint,677,0.6534535757025641,0.3660317083393486,1.37,0.6397101936156185,1.0804945154041143,0.10134148597717285,3.809040069580078,1
no_joint,678,-0.8382112158073415,-0.3399939687875041,1.4738,1.78367878130252,2.98090406719334,0.652820348739624,4.9103875160217285,1
no_joint,679,-0.18307453434045307,-0.23223020879870215,1.1039,1.0095914337375491,0.8784244756279844,0.10170102119445801,2.907536745071411,1
no_joint,680,0.40828122592637817,0.5955431658036748,1.1055,1.0816910344635398,1.1735755694887902,0.20260238647460938,2.5091235637664795,1
no_joint,681,0.9079471184655314,0.33311461987231217,1.3302,0.6355716159611586,1.0367769573957253,0.15282225608825684,4.5108559131622314,1
no_joint,682,-0.08415350936417543,-0.3267937885831933,1.0785,1.361385783170027,2.5210297042737504,0.15229535102844238,4.717759132385254,1
no_joint,683,-0.3842315954735552,-0.07787810621818292,1.0869,0.3643415882092707,0.4091201680972732,0.10217547416687012,2.9120371341705322,1
no_joint,684,-0.7583523011957277,0.5730031865577921,1.0375,0.7261523859306257,0.7916030697657053,0.20244956016540527,3.6109516620635986,1
no_joint,685,1.0918119009002851,0.005118725267561297,1.0013,1.9826027396121075,3.423432913575649,0.10155892372131348,5.110635757446289,1
no_joint,686,-0.14822075694596204,-0.4333261377587037,1.2253,1.3710143209020076,2.0427931133272055,0.10141110420227051,3.9095377922058105,1
no_joint,687,0.36062383758380534,0.3305362297967972,1.2969,0.9929256199383727,2.5577410321392424,0.10091233253479004,4.311809539794922,1
no_joint,688,0.7346473120081394,0.13080176764296303,1.1456,0.4401816017862455,5.239676482759856,0.15134692192077637,6.919926881790161,1
no_joint,689,-0.35786833114070526,-0.26870590552895474,1.1157,1.2578424215089385,2.206357417472169,0.10118889808654785,4.008918762207031,1
no_joint,690,0.05851674748903035,0.4800539227821242,1.3535,0.9163654306957321,2.0708677164018803,0.15157628059387207,3.9148762226104736,1
no_joint,691,-0.5810453662390808,-0.7322256542793862,1.3515,1.473060082089861,3.242938721143038,0.20164918899536133,7.558107852935791,1
no_joint,692,-0.6068672455116899,0.5732014823320027,1.227,1.4475161642153984,2.2745484026301437,0.8912506103515625,4.040416717529297,1
no_joint,693,0.11919627802863031,0.19079833717803818,1.3437,0.9040781436050777,1.4469466008786642,0.20254158973693848,3.2126569747924805,1
no_joint,694,0.7264056029320753,-0.11142046806674344,1.462,0.5838753679860382,5.134817448351146,0.6537384986877441,6.828595161437988,1
no_joint,695,-0.7859903136815638,-0.5152598025271058,1.3939,1.723022073296514,2.1736699830509925,0.2522423267364502,3.3114845752716064,1
no_joint,696,-0.7739415651965167,0.4161746384072059,1.3125,1.0180538990929926,1.1380844067335245,0.10152554512023926,4.81452751159668,1
no_joint,697,0.8192017148186501,-0.4105234229443796,1.3306,1.898930369440131,2.9911762591324345,0.10163688659667969,4.323012351989746,1
no_joint,698,1.0127338841371516,0.6238817099092168,1.4668,1.1160117312590205,4.487484435047544,0.10161852836608887,5.813351631164551,1
no_joint,699,0.25582784310199935,-0.3863895899160518,1.2126,1.4493509969858693,4.332537243887067,0.10117006301879883,5.711654901504517,1
no_joint,700,-0.7281523440624563,0.11209964558409624,1.2723,1.2062604625455844,2.105491781291066,0.10107922554016113,3.8144636154174805,1
no_joint,701,0.6979235204835756,0.5044529426531971,1.3238,1.572329268032598,2.0773744285415616,0.15263009071350098,3.3116416931152344,1
no_joint,702,0.16053300394595738,0.5998210655803261,1.4542,0.6481770183360975,0.5635638623914834,0.15300345420837402,2.3087375164031982,1
no_joint,703,0.07221601101951647,0.2439870349611335,1.4133,0.5029444621975001,0.43323857790975534,0.15312910079956055,3.413281202316284,1
no_joint,704,0.4482021494703994,-0.5194505520070305,1.0357,0.9508133235882279,4.302173748016545,0.2529025077819824,5.922247886657715,1
no_joint,705,0.11581120711023685,-0.7263703175496284,1.083,0.3946990840083959,1.1431658106639322,0.5025310516357422,6.718081712722778,1
no_joint,706,0.9627166436317918,-0.42879810482464153,1.1538,0.9017098885994279,0.9031996508295266,0.2052898406982422,2.405622959136963,1
no_joint,707,-0.23545008049477467,0.42220983111243904,1.3745,1.4856496884520718,2.662025762811435,0.1023104190826416,4.208324432373047,1
no_joint,708,-0.02331259440488853,-0.7029207447514066,1.2846,1.2568282116550962,1.9740417340230443,0.10123586654663086,3.6100680828094482,1
no_joint,709,-0.6381278000284636,-0.34607209393880634,1.1443,0.830566312249545,1.0079819399686611,0.10124611854553223,3.7092432975769043,1
no_joint,710,1.0956314405683147,-0.6812918751800238,1.0622,1.8657799710540155,1.904583021934499,0.20165133476257324,3.734128952026367,1
no_joint,711,-0.09514787489317056,0.2933600733788092,1.3443,1.5637585992158967,2.068465547069643,0.15134716033935547,3.9088640213012695,1
no_joint,712,0.2708569655279518,-0.2523155271211091,1.3499,0.7836546940264351,2.2634762332671294,0.10115599632263184,4.911508560180664,1
no_joint,713,0.24499472514803222,-0.25031319386482426,1.4713,0.1738652450032616,0.12517108182342507,0.0512998104095459,1.2534303665161133,1
no_joint,714,-0.49326278155357534,0.5186605050920506,1.2502,1.2609858551109239,2.9906709100905795,0.10118269920349121,4.615124702453613,1
no_joint,715,-0.4352697841673163,-0.6895102303905329,1.2469,1.3191494294199082,1.6211886026602562,0.10196566581726074,4.212496519088745,1
no_joint,716,0.8449388426308926,-0.35487420577556533,1.0402,1.4453605040077837,1.5358080229935256,0.10310530662536621,2.5091123580932617,1
no_joint,717,-0.007630675878305571,0.054042058835830686,1.0199,1.0295308577971907,0.9568805752194418,0.15333151817321777,3.1093573570251465,1
no_joint,718,-0.31309279724180683,-0.2579087619411845,1.216,0.4824679239840384,1.6833835354732822,0.20260953903198242,4.3162078857421875,1
no_joint,719,0.8960504068781925,-0.1666784563026511,1.1612,1.3431505395203176,1.9400587556347857,0.10175848007202148,5.215108394622803,1
no_joint,720,0.1131239869535745,-0.4617695301552918,1.1252,0.9211999029740456,0.8821672956580261,0.10119462013244629,4.812896013259888,1
no_joint,721,-0.21583876644882194,0.431811497025791,1.0457,1.0471699629431945,2.1913753032427605,0.10119867324829102,4.410404205322266,1
no_joint,722,-0.736226951441398,0.5496379311712704,1.481,0.574384245232616,0.7308331483873762,0.10133194923400879,3.1102118492126465,1
no_joint,723,0.7341613475576942,0.4054248249490492,1.418,1.5824991146316805,1.8945524715341575,0.05104541778564453,3.407386064529419,1
no_joint,724,0.6553654210184392,0.15649004375382158,1.2876,0.42389027159643733,5.411316132228007,0.10099172592163086,6.914278268814087,1
no_joint,725,0.19548540352276933,-0.3548828861676149,1.4754,0.7771125854772233,0.8024227790317173,0.05109977722167969,2.7095947265625,1
no_joint,726,-0.6195679999771684,0.30886123520879283,1.4998,1.2095372535823856,2.5454315071579043,1.7232153415679932,9.629487037658691,1
no_joint,727,0.16261517891163635,-0.667932306918664,1.3361,1.361921172643668,4.290110400224516,2.6150176525115967,11.223971366882324,1
no_joint,728,-0.2700781376808913,-0.3253829881615924,1.1348,0.6313454943301917,0.6215340119006973,0.10114860534667969,5.112967014312744,1
no_joint,729,0.5725613818824087,0.5854457167242183,1.0201,1.3241889245330867,1.9153202854043154,0.10121965408325195,5.412771463394165,1
no_joint,730,0.5974385200321732,0.422736470870381,1.3781,0.3121207908992049,0.4075882361526287,0.10207152366638184,4.514281749725342,1
no_joint,731,-0.2282650443663523,0.23614171167735676,1.2353,1.0046433638505066,1.6299777689342183,0.10178780555725098,3.7124857902526855,1
no_joint,732,-0.13779492183130937,0.4962658303333324,1.3258,0.27516891042479225,0.34913939325136,0.05140519142150879,1.9102795124053955,1
no_joint,733,0.6219200506898841,-0.2027497937876348,1.458,1.1596714003703332,3.076076474376861,0.10142397880554199,4.614134788513184,1
no_joint,734,-0.7175005720594603,0.005138821808710725,1.0907,1.5541089283013936,2.4712693756855377,0.353954553604126,4.02188777923584,1
no_joint,735,0.6742120639374543,0.05910380042638941,1.2927,1.485853938669043,2.6209377531356215,0.20310211181640625,4.320458650588989,1
no_joint,736,-0.34712359536506443,0.08353503015795838,1.3174,1.1459521363952883,2.6614206553352666,0.15390586853027344,4.41796088218689,1
no_joint,737,0.6313484699584673,-0.602143065372664,1.2459,1.3247984299629434,1.931213375419732,0.15215468406677246,4.008949518203735,1
no_joint,738,-0.14108551343279763,0.5388387611707296,1.0456,1.509741070102729,3.759888487732324,0.10104060173034668,5.512759208679199,1
no_joint,739,0.5427953920267652,-0.10860201840077433,1.174,0.9323334083547554,4.196425146394675,0.051750898361206055,6.214421033859253,1
no_joint,740,0.5718404642018282,0.4409633018038125,1.1667,0.6035454404857126,4.439141889733964,0.10100817680358887,6.313185214996338,1
no_joint,741,-0.48603312494023276,-0.26850015761552404,1.3351,1.3767028036797722,2.28043861957157,0.10124063491821289,4.509531497955322,1
no_joint,742,0.8246567774683911,0.22040738982501695,1.4289,1.5256830301946835,2.8567340682598976,0.10143399238586426,5.310700178146362,1
no_joint,743,1.0041337022090848,-0.06114047353963514,1.1649,0.4786918738428542,5.2146243354798365,0.10236430168151855,6.7130351066589355,1
no_joint,744,0.6852596027814168,0.2661259626718627,1.3468,0.5599687862168264,5.044040522441179,0.10090947151184082,6.721237421035767,1
no_joint,745,0.7898927035370973,-0.7273116907341028,1.1441,1.0553224848393457,3.799437150166798,1.1063494682312012,5.4273841381073,1
no_joint,746,-0.005555247610260716,-0.42014654153556086,1.4726,0.9017773048405321,1.087867594302205,0.2032465934753418,2.2102487087249756,1
no_joint,747,0.21002488646629347,0.5857064682019449,1.4068,1.109200019214509,1.5477252878015892,0.20326590538024902,3.314049243927002,1
no_joint,748,0.5509757235932942,0.4422680073589721,1.275,0.5446298978343531,0.8923426404241579,0.15216827392578125,3.409046173095703,1
no_joint,749,0.22246542407415681,-0.1981352409457905,1.2274,0.8239787839421201,4.634729044276245,0.15207481384277344,6.315069913864136,1
no_joint,750,-0.5612845013878042,-0.3173514814466976,1.1573,0.9024684669929837,1.6108293387930959,0.10101795196533203,3.5112783908843994,1
no_joint,751,0.4602973345220358,0.3516402397409456,1.1616,1.3087948371471172,2.3897260470724015,0.10120344161987305,4.710957288742065,1
no_joint,752,0.26020053859090986,0.40130893770708453,1.4851,0.35856171396625075,0.37079767094673627,0.053290367126464844,3.207580089569092,1
no_joint,753,0.46290747957452694,-0.6717776120094923,1.2021,1.1794645209579577,4.268155524652661,0.10187101364135742,5.612465858459473,1
no_joint,754,-0.2649687797471162,-0.258035016256462,1.2573,0.9095571644325791,1.2039838984543236,0.10109543800354004,4.409907579421997,1
no_joint,755,0.5792095182699357,-0.18717937222150305,1.4941,0.9747647581703047,1.8787655733144941,0.0511319637298584,3.6090941429138184,1
no_joint,756,-0.3066270006572567,-0.1483783074306131,1.3288,1.0648814518079603,2.053101314314611,0.10150647163391113,3.814124822616577,1
no_joint,757,-0.7608472295172096,-0.22923248140439412,1.2713,0.37443740753230914,0.46637404641348773,0.15225529670715332,3.721081495285034,1
no_joint,758,0.4578716726584042,0.12575567909811725,1.2066,1.2712964503555904,2.494659314214488,0.15465688705444336,4.9207868576049805,1
no_joint,759,0.6153626803560968,-0.6037136387619593,1.0938,0.7618114895134698,0.867826014415659,0.10253286361694336,2.407817840576172,1
no_joint,760,-0.016738485507689083,0.6040266500545625,1.1809,1.4484280818513007,2.3953332250902344,0.15230154991149902,4.124018669128418,1
no_joint,761,-0.5174992002517989,0.5907095733929885,1.3782,0.4852469245051399,0.5644933828155706,0.1545581817626953,2.0051751136779785,1
no_joint,762,0.5894880399421893,0.2250577841097099,1.3127,1.277582967531977,1.6810132706653906,0.05133366584777832,3.109269857406616,1
no_joint,763,-0.08493226570821055,-0.37988441442002957,1.38,0.9855186404635982,4.662583564387817,0.10105323791503906,8.115811347961426,1
no_joint,764,-0.3407660954740023,-0.3480276724311783,1.1018,0.5327863167513441,0.39950934559048884,0.15158843994140625,3.709383487701416,1
no_joint,765,0.32340893150868144,-0.6372302122527363,1.2746,0.6389211847162307,0.7370762087508729,0.10207629203796387,2.707542657852173,1
no_joint,766,-0.2837696536108647,-0.6164999611226787,1.4638,0.6635372463313735,0.8817148532848449,0.1011807918548584,2.3054633140563965,1
no_joint,767,0.4123365534752399,-0.3755896137237382,1.2191,0.9405663450510914,1.2373591588113417,0.05105257034301758,2.806530237197876,1
no_joint,768,-0.3757299834402349,0.18586011978420036,1.3491,1.0612904822208116,2.196984292247844,0.10180974006652832,3.9196808338165283,1
no_joint,769,-0.2528175446685492,-0.3705137473281736,1.0607,0.7575014524316254,0.7272713900399309,0.2032313346862793,2.0093741416931152,1
no_joint,770,1.00342625072617,-0.5974854247492369,1.4866,1.3789821478791566,1.705585995333713,0.2534525394439697,2.9085044860839844,1
no_joint,771,0.5868128225595588,0.47023351531610824,1.3044,1.3067652231893783,4.560139963388581,0.2026069164276123,5.818363428115845,1
no_joint,772,0.5166586761354328,0.19147373060414052,1.1196,0.46786102719580774,0.37723618103608003,0.15160727500915527,3.7106988430023193,1
no_joint,773,0.28235944458604956,-0.39523848516721755,1.0792,0.689752250323071,4.2227942043315405,0.10120296478271484,6.3127601146698,1
no_joint,774,-0.0821120004326944,0.4108874075569223,1.2754,0.9681777321480767,4.267427755326777,0.10141158103942871,6.8164496421813965,1
no_joint,775,1.063427783697986,-0.6029988794005848,1.2761,1.4863394671467398,1.706692019148849,0.30172204971313477,6.213743686676025,1
no_joint,776,-0.6894162925921903,0.28528009645514196,1.0466,1.9790119421717065,2.904956442769545,0.5018808841705322,5.814136028289795,1
no_joint,777,-0.3602335252479161,-0.1461298396849181,1.4961,0.7039241508105658,0.7091915764235323,0.15146636962890625,3.811006546020508,1
no_joint,778,0.2952978071586698,0.09966277503525889,1.4565,0.8617452814586262,1.3858570483067754,0.3018226623535156,4.612318515777588,1
no_joint,779,0.5422524977354473,-0.6174280977801392,1.2307,0.9935656898946331,3.1703058699974576,0.7576289176940918,7.836658954620361,1
no_joint,780,0.5911492847400546,-0.7241136087884116,1.0587,0.2874226205877786,3.7888848627746423,3.916640043258667,11.724824905395508,1
no_joint,781,-0.3362618578307204,-0.40285287563543604,1.4161,1.0172394850764084,1.1196181324435814,0.6023609638214111,4.210299491882324,1
no_joint,782,0.5792777470261792,0.09064938976175774,1.2492,1.2147898122651704,3.5491000313536945,0.45241594314575195,11.121546268463135,1
no_joint,783,1.0128545875703923,0.4090877797003162,1.3583,0.4627862332038777,5.246450746232272,0.050984859466552734,6.817925930023193,1
no_joint,784,0.9756322271191329,0.004804949440220696,1.2544,0.5147134786602793,5.12694174918765,0.10127139091491699,6.613361835479736,1
no_joint,785,0.599391120449855,0.27089849846843095,1.1367,0.6134570590530326,4.966177599562826,0.15142130851745605,6.81783652305603,1
no_joint,786,-0.1374541560314867,0.522133320028653,1.4174,0.873969849867213,0.8234532769960008,0.15303921699523926,3.4199469089508057,1
no_joint,787,-0.3401323344944924,-0.23675118403462048,1.4901,0.8726640668782691,4.203716963777602,0.7048237323760986,7.023250579833984,1
no_joint,788,0.6876010870231237,-0.1187293887050418,1.1219,1.0453778454810623,1.0664507171325683,0.15263986587524414,3.817044258117676,1
no_joint,789,0.5252233656218699,-0.1554757674916145,1.2756,0.2526315183603515,0.3607924321013656,0.1017916202545166,3.7102043628692627,1
no_joint,790,0.9827081917514127,-0.6550552797597549,1.1918,0.6819048777667922,0.682801554634109,0.05082416534423828,2.7083945274353027,1
no_joint,791,0.006848358831640811,-0.7128910862631377,1.4609,1.0132769408414946,1.0418635765879831,0.10150384902954102,3.711367130279541,1
no_joint,792,-0.7616590146973758,-0.06823446782753106,1.2541,1.1629963514743569,1.551215258896318,0.05139636993408203,3.0104258060455322,1
no_joint,793,0.6421215230456496,-0.18011197266138612,1.4397,1.5065315652357463,2.490660355039431,0.05163264274597168,4.511351823806763,1
no_joint,794,-0.5568863356430278,-0.5225243679913348,1.432,1.347393306309406,1.9108896670782405,0.10118389129638672,4.6139795780181885,1
no_joint,795,0.4434828210481352,0.4684429006729801,1.1381,1.5954991457334724,2.6745136584517044,0.0510406494140625,4.20965576171875,1
no_joint,796,-0.6541240467191944,-0.3456564487893649,1.395,1.4707850267659401,2.4017675384843264,0.10194826126098633,3.9090423583984375,1
no_joint,797,0.1477412175446713,-0.0071490583553298626,1.2075,1.0509869555977531,1.9397453451265128,0.10120248794555664,4.409840822219849,1
no_joint,798,0.7691971950498533,0.34148837359124806,1.4671,0.6542595906969152,5.219201341800072,0.15260076522827148,6.719923734664917,1
no_joint,799,1.015479363698967,-0.29405574725072386,1.2539,0.7498363018802983,4.934301556999513,0.15370583534240723,6.323720932006836,1
no_joint,800,0.9923014504417409,0.4610629011375361,1.4103,0.8342613319250463,4.718496509640167,0.15212106704711914,6.115722417831421,1
no_joint,801,0.2237816980840477,-0.05169598271418396,1.1414,1.1177789684395552,4.869885676651337,0.1512007713317871,6.4132044315338135,1
no_joint,802,0.46869663189973165,0.40828610704637824,1.1493,0.5263381808853435,4.574950350494453,0.10183334350585938,6.512852907180786,1
no_joint,803,-0.0024845883230601995,0.09589124139119343,1.2935,0.647469725304356,1.4983799983440806,0.1532120704650879,3.9097986221313477,1
no_joint,804,-0.5177200471247456,0.21048673736095558,1.4995,0.4142909653934787,0.5874037677318197,0.101043701171875,3.8098928928375244,1
no_joint,805,-0.5454061405366584,-0.7402628062089974,1.2448,1.0930722971524607,3.0147254079510883,0.10135793685913086,5.611712694168091,1
no_joint,806,0.14759789952808022,-0.5212875113499028,1.0743,0.8546066621240509,0.7508280485865605,0.05102252960205078,3.313504695892334,1
no_joint,807,-0.5444871132549325,0.48103550506684367,1.2693,1.2190132461875316,1.4404923376394052,0.10107707977294922,3.407836437225342,1
no_joint,808,-0.6642052497579977,-0.437475567276014,1.1726,1.0347901739546144,1.1417341954355436,0.10122156143188477,2.411794662475586,1
no_joint,809,-0.3867117133225697,-0.6636760132246889,1.276,0.4125762207355528,0.4084406396655951,0.10212254524230957,3.412008762359619,1
no_joint,810,-0.4378441241585326,0.5758514909282876,1.2717,1.3209953922818125,1.662578253156668,0.2033388614654541,4.219162702560425,1
no_joint,811,-0.048933744816775926,-0.1536304858669817,1.2277,0.9592167725400967,2.9717741973176817,0.20399832725524902,4.924237966537476,1
no_joint,812,0.518653562632386,-0.5070925708127123,1.1609,0.5859229964922854,0.6528645239858427,0.15223240852355957,2.7121715545654297,1
no_joint,813,0.8523844471459194,0.12456959775404919,1.0943,0.7962731701611622,0.8341895902715576,0.10178780555725098,3.910126209259033,1
no_joint,814,0.3273742966390014,-0.5819618335953592,1.3487,0.9320552621519157,1.7306250500102192,0.05143165588378906,4.008563041687012,1
no_joint,815,0.4986899684022992,-0.4596095955891263,1.2859,0.38492027162262804,0.7828798610269291,0.10222554206848145,3.610241174697876,1
no_joint,816,-0.4680449281032409,-0.0452758421206374,1.1168,1.1759029280730267,1.8630416985860025,0.10107779502868652,3.8107566833496094,1
no_joint,817,0.698246581101315,-0.64813092472374,1.3878,1.4096015175309604,1.868066620858956,0.10120272636413574,3.2109251022338867,1
no_joint,818,0.37254123701011155,0.2031798586690211,1.0218,1.14147621782019,4.269228849646479,0.10113692283630371,6.011823892593384,1
no_joint,819,0.5608653387874356,-0.007007832496427002,1.3724,0.33333169498742515,5.1345953713334005,0.10135173797607422,6.914474248886108,1
no_joint,820,0.7984724645555845,-0.07647993718811175,1.3526,0.19543650741121654,0.269343591215259,0.10130190849304199,1.7039449214935303,1
no_joint,821,0.021464932023983252,-0.49095042214168094,1.4057,0.9737490846814297,1.7272689979379499,0.10110068321228027,3.71016788482666,1
no_joint,822,0.05122593666981712,-0.638988574676352,1.193,0.3727045110583632,0.2839937624075819,0.05096149444580078,1.9052174091339111,1
no_joint,823,0.9143161245786253,-0.4634284518083033,1.3318,0.9664411473039733,1.1481674593270952,0.10184645652770996,2.507418632507324,1
no_joint,824,-0.1011994109438692,0.0013795649036320023,1.4104,1.2352372876980628,1.9887199333490508,0.2032461166381836,3.6186702251434326,1
no_joint,825,0.4119662907700534,-0.6411791493821326,1.4904,0.9206062710275469,1.602969278563011,0.15343761444091797,3.4218921661376953,1
no_joint,826,-0.013858034678332576,0.627128554262654,1.2477,1.519843955562065,1.7639957120659127,0.15269923210144043,4.71746563911438,1
no_joint,827,-0.4367393520567793,-0.26138478589081365,1.0185,1.0101291085858646,2.701639165014921,0.20235657691955566,6.415424346923828,1
no_joint,828,-0.1405039367361356,-0.10513627387830493,1.2511,0.41491455416309436,0.6026221271266208,0.3028888702392578,4.710288763046265,1
no_joint,829,0.5317735286641838,-0.7315083011011984,1.2951,0.9202697121081227,1.1566094886077347,0.3018679618835449,5.211241245269775,1
no_joint,830,0.08626692773225886,-0.7356992844316926,1.4349,0.39267413562613274,0.4819789385973123,0.10174226760864258,1.906553030014038,1
no_joint,831,0.21396678105324107,-0.6516793903834021,1.4371,0.3009847993944206,0.40375769802376393,0.10102462768554688,3.112455129623413,1
no_joint,832,0.6768446747270751,0.28990036755188486,1.2202,1.1811479982558915,4.435211298497998,0.10126090049743652,5.914857387542725,1
no_joint,833,-0.5948768049404534,0.17917036842369227,1.263,1.392730556296918,2.0118118513199192,0.10098767280578613,3.5119361877441406,1
no_joint,834,-0.5362958460074426,-0.4751040753370026,1.2285,0.7425132439055919,0.7926029608811774,0.05149435997009277,2.1050899028778076,1
no_joint,835,0.92710886460404,0.29947485127922724,1.3612,1.7671628280702611,3.1055053631933998,0.10110139846801758,4.466771602630615,1
no_joint,836,0.8892515452490997,0.052280480699406384,1.205,0.41877245712353434,0.4801527684816663,0.1548137664794922,3.7173190116882324,1
no_joint,837,0.06631185827011554,0.2413296318304281,1.3274,0.8536736894692191,2.018918912793396,0.20293259620666504,5.122987508773804,1
no_joint,838,-0.2509952660992084,-0.4111781371378468,1.0772,0.8283359932993564,0.8516380619706849,0.15345048904418945,2.118537425994873,1
no_joint,839,0.9263359345171644,-0.046300045381000965,1.2347,1.3113605399347497,1.9335638118101284,0.15278911590576172,3.5146830081939697,1
no_joint,840,0.5067814796633678,-0.21703449766440308,1.4846,0.5393849049501529,0.5026640179122857,0.15208125114440918,3.2078857421875,1
no_joint,841,0.7051505549729924,-0.3693461418390514,1.1693,0.4460191206611877,0.5235346764433105,0.1010901927947998,3.711223602294922,1
no_joint,842,0.9882337262704779,0.1313782628268565,1.3464,0.6017770071427704,0.6096091908710118,0.15128016471862793,1.604992389678955,1
no_joint,843,-0.4945835083880026,0.21143667751998207,1.3249,1.4860850868713351,3.2549611435419417,0.10119891166687012,4.610792398452759,1
no_joint,844,-0.34849337663394175,0.16654533014677553,1.4259,0.26785556105689085,0.18088008756858479,0.10190796852111816,2.2106823921203613,1
no_joint,845,0.6350073379048093,-0.4850694145788456,1.4262,1.3003156414984567,2.265212341403196,0.10142278671264648,3.9089794158935547,1
no_joint,846,-0.14293582225959567,-0.1489562849218008,1.4297,0.9675876488311252,1.7180109012124216,0.05092906951904297,3.4116687774658203,1
no_joint,847,-0.8062533675208123,0.4650012515541143,1.19,0.8879603742475285,0.948448162073018,0.0517427921295166,3.458718776702881,1
no_joint,848,-0.7957429864496395,0.17324831565397425,1.1583,0.40625998893170223,0.32580285201822085,0.051172494888305664,2.7102854251861572,1
no_joint,849,0.887250250467259,-0.2960506903709585,1.3594,1.8519842192056453,2.758823017174423,0.10135793685913086,4.113432884216309,1
no_joint,850,0.762973846293665,0.4178532318156848,1.3797,0.8264082666458095,4.897287599242102,0.1528337001800537,6.3214123249053955,1
no_joint,851,-0.7396987785166769,-0.6125827548070257,1.4362,1.9398694348120193,3.367432354349019,0.20692706108093262,4.512503385543823,1
no_joint,852,0.6099005136808135,0.365357782858846,1.0179,1.8789340399787966,3.0656171864140567,0.15215325355529785,4.510657072067261,1
no_joint,853,-0.3943539662208879,-0.6875579638947726,1.0342,1.5216491915084505,3.629335092068761,0.20128560066223145,6.31311297416687,1
no_joint,854,-0.8285518876808068,-0.24777353950759806,1.3156,0.679708864744589,1.4137898693155384,0.1013648509979248,5.615387916564941,1
no_joint,855,-0.2530740253850783,0.156065915546997,1.4605,0.8197536999367708,0.849499674996979,0.7526137828826904,3.6592960357666016,1
no_joint,856,0.6419484119169989,0.11402299860314857,1.4987,0.8971233387764281,0.0,1.053039312362671,0.0,0
no_joint,857,0.7861711023603526,0.1082289988498808,1.3734,1.0441479157664841,2.9296182162343465,0.15125751495361328,4.41015887260437,1
no_joint,858,0.8403066952930975,0.06345076001193839,1.217,0.27865736675176644,0.16583546425153173,0.050910234451293945,3.210775375366211,1
no_joint,859,0.6268391911299018,-0.13528831131014007,1.0492,0.46036622149559253,0.36807429642272876,0.10116314888000488,3.5105390548706055,1
no_joint,860,-0.419368833357705,0.07707447884378149,1.3169,1.152495657686211,2.3015464635239917,0.10176873207092285,4.008556127548218,1
no_joint,861,-0.19534373879491818,-0.01797116141139099,1.4363,0.3531875666647944,0.24569511972250896,0.10165238380432129,5.514927625656128,1
no_joint,862,1.0715756933942486,0.1494252694180327,1.2218,1.453426820530168,2.85923887698395,0.10112547874450684,4.315733909606934,1
no_joint,863,0.302639590136226,-0.6696998521372546,1.347,1.1815735080911838,1.2921425082647657,0.15967607498168945,2.315070152282715,1
no_joint,864,0.46986765871746305,-0.23032952228764492,1.4517,0.5672962260445585,0.5741479611159378,0.2040090560913086,3.2145071029663086,1
no_joint,865,0.11871242239924107,0.20627458378083063,1.023,0.8690515361091741,2.3298386658402874,0.40445756912231445,4.312483072280884,1
no_joint,866,-0.3273787609384131,-0.5283721746245814,1.3981,0.9074167254967352,1.1089488851521212,0.10321927070617676,2.5069148540496826,1
no_joint,867,-0.5175163876067244,0.2258611860139541,1.1467,0.897019111922506,0.9554746533110111,0.10195684432983398,2.608919382095337,1
no_joint,868,0.7866615521044387,-0.5097931391353075,1.1874,1.5908233326950747,2.251968081634561,0.10494613647460938,3.7161591053009033,1
no_joint,869,0.33542029665248485,0.2183047686607953,1.0728,0.987965561146714,4.11830470202968,0.10358667373657227,6.115686416625977,1
no_joint,870,1.0315437312129305,-0.0066252016571894945,1.2656,0.6626256169553224,4.924138137621238,0.05092358589172363,6.813763856887817,1
no_joint,871,-0.5683843530827866,0.043762337979898924,1.283,1.7157607786198212,2.829429648668428,0.050927162170410156,4.210518836975098,1
no_joint,872,0.28288417407720745,0.0715624080181434,1.3963,0.9682384936935319,2.592649462692193,0.10177731513977051,4.310818433761597,1
no_joint,873,-0.8100838570307366,-0.16133751193350654,1.085,1.3061480147929352,2.3772705256408035,0.10134768486022949,4.110224962234497,1
no_joint,874,0.873088497177801,0.47012495789672426,1.0395,1.8801170581699325,2.366308344981174,0.051687002182006836,3.708314895629883,1
no_joint,875,0.8374597197532845,0.4744923801203481,1.4354,0.29019763939290144,0.39123356260399156,0.10121989250183105,3.5152227878570557,1
no_joint,876,-0.3051182540264423,0.35982778917292546,1.3099,1.2937373238807863,1.7034200161167043,0.15288114547729492,3.118527412414551,1
no_joint,877,0.905579145997627,0.11249435316455625,1.1204,1.375643784080502,3.1574358139702516,0.30425453186035156,5.21321177482605,1
no_joint,878,0.8065228783924627,-0.6572705497459671,1.4564,0.8131862765484852,1.0356135251637808,0.10262703895568848,2.6218674182891846,1
no_joint,879,1.0601300905555178,0.3795221485915038,1.0716,1.290814515920066,4.09828207399175,0.15225791931152344,5.712857007980347,1
no_joint,880,-0.7043248905105854,-0.21318890788667988,1.2306,1.9387801804888165,2.6432832383879568,0.05128073692321777,3.909085750579834,1
no_joint,881,-0.4183970299113334,-0.09844669202062684,1.127,0.4739449845115363,0.3527705240318416,0.051294565200805664,1.7043280601501465,1
no_joint,882,-0.5410326614154786,-0.5406433756794271,1.1277,0.4677830240836578,0.5132535441087752,0.15133380889892578,3.9097845554351807,1
no_joint,883,1.0451032241642717,-0.13879657153813363,1.0047,1.7289739559403998,2.002228441351117,0.10123515129089355,3.2113585472106934,1
no_joint,884,-0.2263647344424471,-0.3316472445288514,1.4023,1.3612801366702179,2.087777877119704,0.05103039741516113,3.509044647216797,1
no_joint,885,-0.3646902130647699,-0.25479066559687824,1.4506,0.12447674128578995,0.17989754659877943,0.05121731758117676,1.2036488056182861,1
no_joint,886,-0.45577524558329024,0.3685984817607634,1.3388,0.6793308179442025,0.7362017750666936,0.050971269607543945,3.312253475189209,1
no_joint,887,0.8407539831228337,-0.5301326224889098,1.079,1.726173172354452,2.4485828172857236,0.10182929039001465,3.812692880630493,1
no_joint,888,-0.27360452864594087,0.0311230928008156,1.2209,1.312005842908767,1.8499120834630602,0.15409016609191895,3.4118812084198,1
no_joint,889,0.2779455855865929,-0.04843096322432694,1.1728,0.6810762172229512,2.094248646151386,0.15242242813110352,4.114573240280151,1
no_joint,890,-0.3306446917999506,-0.07271564632052674,1.2938,0.7090785260357292,2.058642520637944,0.10219812393188477,4.009757995605469,1
no_joint,891,-0.2655894063391301,0.38695178416867704,1.3195,0.4848809083339592,0.5547188398155205,0.05140852928161621,1.7042646408081055,1
no_joint,892,0.03561108262851009,0.2531583488349892,1.2122,0.5037473139093892,0.37531121776293846,0.10137486457824707,2.407529592514038,1
no_joint,893,0.6671116841617806,0.4416668858063514,1.125,0.7524953894323054,1.3294543789053046,0.051410675048828125,3.3099725246429443,1
no_joint,894,0.7920942114664942,0.6165058539459877,1.4227,0.2337292094471581,0.4010270079884403,0.10148763656616211,2.4090564250946045,1
no_joint,895,-0.4861799628726349,-0.07057465360334703,1.0996,1.6403423674476691,2.130135012879819,0.10140800476074219,3.409499168395996,1
no_joint,896,0.08466447108769093,0.4087285985663941,1.1923,0.8091616828679458,0.8236066474412721,0.15195083618164062,3.7115859985351562,1
no_joint,897,-0.06671288451368396,-0.2920077127979616,1.2416,0.7191062659916586,0.7443167968115828,0.1015310287475586,2.5091710090637207,1
no_joint,898,-0.6232639807735634,-0.47311999739184807,1.1186,0.5974180858342336,0.741631669980727,0.15118026733398438,3.7143101692199707,1
no_joint,899,0.25223554413935023,0.05297807719350267,1.286,1.1163245527308103,1.7903591018301157,0.10277271270751953,3.519312620162964,1
no_joint,900,-0.41748342946912026,0.016357955925252132,1.2874,0.7882094741730323,2.407840417369989,0.2053055763244629,4.315498113632202,1
no_joint,901,-0.5930949370344178,0.041385570737440425,1.4963,0.1180963285444744,0.27900145316973696,0.45296216011047363,3.7147159576416016,1
no_joint,902,-0.43951717575865806,-0.49178089046024526,1.1476,0.6560746559246311,0.6722344478598542,0.25229501724243164,1.7059118747711182,1
no_joint,903,0.9645593356553386,0.5896790458242923,1.489,1.8053963407308191,6.070351058102201,2.766693592071533,14.728935241699219,1
no_joint,904,-0.13064538162166994,0.35308412984044624,1.3291,1.2434491257475662,5.294857920959516,0.30133819580078125,9.719247102737427,1
no_joint,905,0.2305476934596684,0.4181960499555518,1.1372,0.542609903559601,0.4374391071577958,0.10116124153137207,1.80430269241333,1
no_joint,906,0.46041946576550896,-0.44002714203942084,1.283,0.9701542533715163,2.2885963664055984,0.10110616683959961,4.212932109832764,1
no_joint,907,-0.37815613566886386,-0.3812981458842526,1.3429,0.9281090196417487,1.4417784804302898,0.1013333797454834,3.1109530925750732,1
no_joint,908,0.697922919780505,0.11894995681459164,1.3723,1.3048660759251645,2.294074188795751,0.10156106948852539,3.924607753753662,1
no_joint,909,0.035397364472574466,-0.260424561782775,1.0245,0.9892006240167865,2.0059440415376444,2.1794378757476807,4.018088340759277,1
no_joint,910,0.9519059869791033,-0.6879587704243457,1.3032,1.085251590519354,1.376156336927926,0.15294218063354492,3.410541296005249,1
no_joint,911,-0.4009933324345899,0.5051890742822617,1.2484,1.9028601274995438,2.6759136441909708,0.10232138633728027,3.864427328109741,1
no_joint,912,0.6344609233463696,-0.530727711697232,1.4521,1.559259238420953,2.7701687236365062,0.10142946243286133,4.211399555206299,1
no_joint,913,0.31007698866347244,0.6303922842661028,1.1431,1.3975634768415546,4.06263459853438,0.10116076469421387,5.512277841567993,1
no_joint,914,0.767210149607161,-0.5084467088086522,1.3994,1.2717790897717491,4.090289165212655,0.10149359703063965,5.612261533737183,1
no_joint,915,-0.1983042957815374,-0.041462039250564686,1.3035,1.2017812329938795,1.9114630942677102,0.05123734474182129,3.5114688873291016,1
no_joint,916,0.13753064692900718,-0.054247264284247754,1.1762,0.49717495758206015,0.3508116655121346,0.050902366638183594,5.211607456207275,1
no_joint,917,0.21939904451824943,-0.14094258539677462,1.3183,0.21914639743244851,0.1818474093972159,0.05099201202392578,1.7040154933929443,1
no_joint,918,-0.8235061656840077,-0.12602073286400695,1.3104,0.8935370444559895,1.009212643999164,0.05162239074707031,2.9063942432403564,1
no_joint,919,0.5631538045320006,-0.589671218058742,1.3389,1.585549100238766,2.0070685080606347,0.10103225708007812,5.216554164886475,1
no_joint,920,-0.5291308281963463,-0.22122140750885777,1.3605,1.2467930204273516,1.6947436656076957,0.15260648727416992,4.019763708114624,1
no_joint,921,0.6150254447363124,-0.5705818281979669,1.3296,1.3241221517848132,1.7670444459185415,0.20291376113891602,3.711250066757202,1
no_joint,922,0.46959318343974576,0.034383856351529074,1.4192,0.721645004278796,0.7030152698445006,0.1021261215209961,1.9057180881500244,1
no_joint,923,-0.7418605957301391,-0.7166803628525785,1.3141,1.5252700054539834,1.9535196311042853,0.10280513763427734,3.8156747817993164,1
no_joint,924,0.6635337107368695,-0.4208992255841788,1.4517,1.5237056900624693,1.697092203150865,0.20793867111206055,2.810284376144409,1
no_joint,925,1.0326777873058903,0.1746505038069177,1.3232,0.7918579755734616,5.068860819850254,0.20255303382873535,6.313473463058472,1
no_joint,926,0.3389208774492598,0.1892589564340844,1.1545,0.8443979341519074,0.7259078213391367,0.10123181343078613,3.412381887435913,1
no_joint,927,1.004274019468291,0.4727909317143101,1.2204,0.6429411057850959,0.747994931873552,0.1010587215423584,3.1108791828155518,1
no_joint,928,-0.3148370045466379,0.5806570802928562,1.2898,1.4149308869198338,1.6137153378758617,0.05097079277038574,2.7088522911071777,1
no_joint,929,0.5267798941845296,0.11257542926502173,1.3662,1.0581198993616507,3.5641422173144637,0.05153942108154297,5.111762762069702,1
no_joint,930,-0.1991757659617821,-0.6345372603514327,1.0451,1.2018700316038102,1.577490210975921,0.1514878273010254,4.6103479862213135,1
no_joint,931,-0.19240755628390915,0.4037016398112324,1.1476,1.1017024833119702,1.3511773905392317,0.10112166404724121,2.9093761444091797,1
no_joint,932,-0.1346872976610306,0.5329383923465515,1.3737,0.17214194711149783,0.2875249308969923,0.051193952560424805,1.404186487197876,1
no_joint,933,-0.5503482593932534,0.07482243409032596,1.0878,0.7753904182595671,0.7494508358603017,0.10116982460021973,2.5059707164764404,1
no_joint,934,0.012388193026387273,-0.05391432247887129,1.0661,0.6770382004572253,2.0038542423067596,0.15176725387573242,4.21055793762207,1
no_joint,935,0.43891281988655684,0.28911738617485494,1.2697,0.5167667614160031,3.8184903237828216,0.7524082660675049,9.521714210510254,1
no_joint,936,0.9194410740378249,0.3801183821985944,1.4857,0.455065753944521,3.1807855765108655,1.6222364902496338,7.076295375823975,1
no_joint,937,-0.859367878880655,-0.4510974411334201,1.2654,2.134862325761005,3.250613065815708,0.15267539024353027,4.316593170166016,1
no_joint,938,-0.07543079406876418,0.4724223844274894,1.4567,1.3222945183907915,1.4115100948291583,0.15187764167785645,2.913378953933716,1
no_joint,939,-0.25089365234721583,0.20651068670374573,1.4152,0.42236386538952364,0.3843949179905803,0.10192632675170898,2.406615734100342,1
no_joint,940,-0.5070584695375142,-0.27294412893342174,1.1285,0.6861705502668352,0.6746413043439579,0.45747971534729004,3.8121562004089355,1
no_joint,941,-0.6353758527370846,0.2667881143205847,1.4123,0.5803205454805221,0.7199736526828193,0.10113763809204102,3.4072210788726807,1
no_joint,942,0.10376841654405833,-0.33087959612637086,1.2409,1.1148311010517962,2.3533685580262538,0.10126590728759766,4.013487339019775,1
no_joint,943,-0.5471482413656623,-0.5828148555604726,1.4032,0.7594755062376793,1.2550600768506457,0.05097079277038574,4.811795711517334,1
no_joint,944,-0.19127586524266726,0.2641421473238844,1.3733,1.031898818875897,1.0935169887845402,0.05136847496032715,4.8120458126068115,1
no_joint,945,0.7541843762868972,0.03551562573610623,1.1694,1.1473479461903913,2.833940675668852,0.151292085647583,4.510103464126587,1
no_joint,946,-0.08115376894869519,-0.29398407415141387,1.0576,1.0073646474486984,1.8410150051619478,0.10110735893249512,3.809856653213501,1
no_joint,947,0.7145437481994692,-0.599479492130392,1.4814,0.9684714365775008,1.389795562426513,0.05124974250793457,4.315124750137329,1
no_joint,948,-0.6377185727009411,0.6043007439814342,1.0704,2.0222049076879487,3.0453349456390764,0.10162186622619629,4.317547082901001,1
no_joint,949,0.3059875061727848,0.272202814380787,1.4833,1.085733024047853,1.4816656037565108,0.3540334701538086,2.8127102851867676,1
no_joint,950,0.18200249813578262,-0.6011138778056835,1.4301,0.9406015754617549,4.55599811500843,0.5042209625244141,6.016366481781006,1
no_joint,951,-0.28561921001666246,0.5462458111669083,1.3621,1.4160507049559858,2.947772322825623,0.1518394947052002,36.772021532058716,0
no_joint,952,-0.35833239720027954,0.5894002714644205,1.49,0.179028206696872,0.15958536202257848,0.051268577575683594,33.07939100265503,0
no_joint,953,-0.7732072375467419,-0.670500535700906,1.4836,1.4547277176724978,2.4810035071562866,0.35312652587890625,5.914009094238281,1
no_joint,954,-0.4240341371964385,0.10059520089086971,1.4023,1.0084872036474366,1.0264709733464394,0.10143637657165527,2.9120593070983887,1
no_joint,955,-0.16104826348030776,0.3885607593646395,1.1829,0.5717517164725722,0.5109705735025456,0.051245927810668945,1.504502773284912,1
no_joint,956,-0.17767652529799915,-0.24484283952780406,1.3953,0.7222375467692287,0.7883503353226164,0.0517580509185791,2.810049057006836,1
no_joint,957,-0.4586443213130312,-0.6266382182633284,1.007,0.647359002958081,2.6690848158192253,0.5518639087677002,8.817919969558716,1
no_joint,958,0.7936810640185619,-0.43901803108310805,1.2683,1.3314411415992573,1.521341057993667,1.7595653533935547,2.6057846546173096,1
no_joint,959,0.7594219965044655,-0.21454438160517242,1.2274,0.46451381731016916,0.5265870053158758,0.7523455619812012,3.7120585441589355,1
no_joint,960,0.9753237690270764,-0.5799834658710686,1.3364,0.437684521263342,2.9771701275784856,1.1531503200531006,9.017918586730957,1
no_joint,961,0.1805760066251012,-0.6981264504821026,1.3362,0.8602587019443816,0.829159679725139,0.10171294212341309,2.6108293533325195,1
no_joint,962,-0.5534643146653071,0.1589067952099027,1.2923,1.2460250734008813,1.8172105558542366,0.10129833221435547,3.821187973022461,1
no_joint,963,0.5436409939119007,-0.6489490781742929,1.4112,1.477435114026917,2.0861054143762408,0.15373849868774414,3.5123534202575684,1
no_joint,964,0.3415613460333635,0.5464744853862485,1.4701,1.3468396976028332,4.146220668567487,0.1541595458984375,5.5249693393707275,1
no_joint,965,-0.1700515817195658,0.013611483351730125,1.0542,1.033681197467862,1.6311831829006682,0.15263581275939941,3.4108846187591553,1
no_joint,966,0.7416779313351987,0.09765582162182629,1.1169,0.9916871192254326,2.318935985709253,0.10194039344787598,4.311599016189575,1
no_joint,967,-0.6631571013015777,-0.25537058288947473,1.0125,1.5369732355084154,2.243236502385118,0.10170745849609375,3.912631034851074,1
no_joint,968,0.43147277175779064,-0.6466714161329129,1.4421,1.2670426572318136,1.5845705706722577,0.10107064247131348,2.9093544483184814,1
no_joint,969,-0.5621972180620911,0.3937131537389761,1.2807,1.5965288619309468,2.3863485701232996,0.1014409065246582,3.7106306552886963,1
no_joint,970,-0.5396203542707609,0.46519971634222335,1.4576,0.1219696295345322,0.2055309003009785,0.05102181434631348,2.204787254333496,1
no_joint,971,0.12281088316375799,0.2620622582320812,1.1107,0.9380695468886979,0.8132264479993468,0.10139036178588867,2.509366750717163,1
no_joint,972,0.8834122723603621,0.5407338528661317,1.0316,0.8822493932033668,1.1624697658305132,0.051473379135131836,2.909306764602661,1
no_joint,973,0.37530453708959066,-0.18898859000542745,1.4119,0.9930725777354128,4.311784847034325,0.1516718864440918,6.1135945320129395,1
no_joint,974,0.46968225717447964,-0.154298840111755,1.4547,0.1187105992491584,0.11947606274530062,0.05106091499328613,2.810886859893799,1
no_joint,975,-0.5827633394132185,0.4014454291989894,1.1511,1.397340877764551,2.9794345799868105,0.10168623924255371,4.615842580795288,1
no_joint,976,-0.018160018032109093,-0.22219837308370982,1.2041,0.9419955434855408,1.407145187481501,0.30217432975769043,5.924855709075928,1
no_joint,977,0.8002288287171355,-0.07795573337207873,1.0699,0.8412561491631045,1.913360625307978,0.2531599998474121,4.313098669052124,1
no_joint,978,0.262769641626889,-0.29615981631648564,1.4731,0.6926247675213102,0.6874110884365532,0.10268902778625488,2.3073830604553223,1
no_joint,979,-0.8603567359681372,0.6012594774161212,1.1522,1.6229782633297167,3.355196824893701,0.2534792423248291,5.414703369140625,1
no_joint,980,0.5706310333011784,-0.267862420784076,1.2463,1.746071564402656,3.2414741333196417,0.10138463973999023,4.710839033126831,1
no_joint,981,1.0034708769800211,-0.1931083329825506,1.0486,0.481100717564422,0.4609267018311051,0.10145950317382812,3.509704113006592,1
no_joint,982,1.089838626119011,-0.7075925712977815,1.4436,0.5457088514864993,0.7431357293580405,0.05109882354736328,3.710344076156616,1
no_joint,983,0.49070629412092326,-0.5775874667437917,1.0678,0.8440372969181013,0.8798808179151478,0.10107064247131348,3.7109291553497314,1
no_joint,984,0.36129724522136497,-0.43704306728488124,1.2268,0.2483289300929834,0.24935755736430734,0.10102248191833496,2.906806707382202,1
no_joint,985,-0.04612264440500946,-0.5228500242582803,1.3352,0.4305770824617848,0.4797097727298158,0.10148286819458008,4.109654903411865,1
no_joint,986,0.6279348629420425,0.49080342476886163,1.3716,1.2683012278988746,4.204452202686205,0.15138792991638184,6.52314019203186,1
no_joint,987,-0.6743132927012585,-0.7202019316108105,1.473,1.8882461744813859,3.4897524133901214,0.2035841941833496,4.614062786102295,1
no_joint,988,-0.5498961164188956,-0.4217411673301299,1.2096,0.5957330504030715,0.4802943404441039,0.15222907066345215,3.1190640926361084,1
no_joint,989,1.058836761368229,-0.5568785964440948,1.3711,1.707231847536711,1.9536963890928631,0.15252947807312012,2.909956693649292,1
no_joint,990,0.9632512475491584,-0.1664319760234425,1.0773,0.6577750296636685,0.5553529174419458,0.05145072937011719,1.6037147045135498,1
no_joint,991,0.26456863454877877,-0.20316212038077197,1.2074,0.7658573128054292,0.8053213699598415,0.10106897354125977,3.709195137023926,1
no_joint,992,-0.8505983724805575,0.3388490704971011,1.0495,1.2499128209944814,2.763410710896075,0.15251636505126953,4.609832048416138,1
no_joint,993,0.2931141019886099,-0.19658161456898282,1.2447,1.3410802948229368,2.6373857423439606,0.10116696357727051,4.510720491409302,1
no_joint,994,-0.32747594318464956,0.23176900000708145,1.2041,0.8871608692172601,2.27024010623437,0.051520347595214844,5.213958024978638,1
no_joint,995,-0.1303010544543799,0.01251940525450601,1.4758,0.41778685814711414,0.5039785347801361,0.15136456489562988,3.70806884765625,1
no_joint,996,0.776744535608092,0.363961458569232,1.0164,1.0765426641047964,1.985733901849251,0.10119366645812988,3.811170816421509,1
no_joint,997,0.7468991288066353,0.5353674293126532,1.1853,0.1810130767423368,0.25542310142216007,0.10164570808410645,2.305494546890259,1
no_joint,998,-0.2041656190928982,0.4533259377985218,1.2217,1.0383161617077,0.9357913751292956,0.10103821754455566,3.1074132919311523,1
no_joint,999,0.6183922450964319,-0.6725222514998098,1.4753,1.3826139793640644,4.166208058764073,0.15189909934997559,5.624850273132324,1
no_joint,1000,-0.2102168632443001,-0.20085763875179863,1.4277,1.0780962724445742,1.4787844383400417,0.10297966003417969,3.010160446166992,1
