case,pose_index,goal_x,goal_y,goal_z,cartesian_distance_m,path_length_m,plan_time_s,execution_time_s,success
proximity_only,1,-0.13066148444452752,0.563281457007225,1.3197,0.8453333487487781,0.8922502354970603,0.10256767272949219,3.7103967666625977,1
proximity_only,2,-0.5637710546430907,-0.5286635290580576,1.0125,1.213906920814072,1.333907331980247,0.1516711711883545,3.810359001159668,1
proximity_only,3,0.31840995327503974,0.22989172189176654,1.1375,1.2230341489485246,2.8433285655378935,0.10227513313293457,4.717847108840942,1
proximity_only,4,0.7769013140664358,-0.45124606192804856,1.1116,0.8008455388975719,4.426177178711807,0.25293421745300293,6.322720050811768,1
proximity_only,5,-0.26999187445419626,-0.021984662937305166,1.3682,1.2065385197621885,1.9396508759898168,0.15202045440673828,3.815058469772339,1
proximity_only,6,0.33969243733975607,-0.5513354354640945,1.3383,0.9008536112499625,1.7131380990526506,0.10169816017150879,3.507713794708252,1
proximity_only,7,0.030930708718165167,0.33583177095400074,1.4461,1.0205704284274963,2.3984759122502837,0.7020788192749023,7.916187524795532,1
proximity_only,8,0.3011656754845682,-0.6791771329227231,1.0435,1.3395078930111814,3.917526172119597,22.427857160568237,14.244769811630249,1
proximity_only,9,-0.744067742703176,0.5607687281860799,1.211,1.6656027296824791,2.4560723528010877,0.10148239135742188,3.9105894565582275,1
proximity_only,10,-0.2692555094983793,-0.6087985153552286,1.0149,1.3930616034786987,1.599408181581316,0.15123271942138672,4.308850049972534,1
proximity_only,11,-0.6311202185376483,-0.06262692550711468,1.1093,0.6700730649916402,0.7571581455759511,0.2515428066253662,4.210577964782715,1
proximity_only,12,-0.36009807646876646,0.16730561870237126,1.2527,0.4155809556569044,0.4720121616246173,0.05122065544128418,3.711674213409424,1
proximity_only,13,0.21057977365838032,-0.48900997810792585,1.0133,0.9015204168089269,0.9683804800249839,0.1516728401184082,3.7112433910369873,1
proximity_only,14,0.9890869021802229,0.4864927794875896,1.0994,1.300198460430366,2.3958009920768726,0.05093693733215332,4.208578109741211,1
proximity_only,15,-0.6976078609330956,-0.4737195470360945,1.3249,2.014545980416395,2.9127310802462154,0.1013803482055664,4.11149525642395,1
proximity_only,16,-0.10264161183544662,-0.370166430342667,1.2725,0.6974647582850154,0.5836222654358273,0.10125255584716797,2.3050591945648193,1
proximity_only,17,-0.31618780179961137,0.002664418259433421,1.1102,0.5000945857017394,0.48993333499464664,0.10117721557617188,3.809509754180908,1
proximity_only,18,-0.7252406242266942,0.6129826508891109,1.2946,0.6818230007795072,0.7789745082268232,0.05107378959655762,3.7100002765655518,1
proximity_only,19,-0.86205516386102,0.3774440026969422,1.4047,0.2941344630001264,0.2950152622091971,0.05105137825012207,3.807976245880127,1
proximity_only,20,0.6556578271315445,-0.6412626485173598,1.0032,1.8711894647694258,2.4768308141848165,0.15123701095581055,3.815934419631958,1
proximity_only,21,0.8376709900854264,0.1134116262610646,1.4029,0.8507270538804644,0.992088987263673,0.21245574951171875,2.711582899093628,1
proximity_only,22,-0.25663303835955753,-0.2961981155352495,1.3491,1.2768306460916385,2.4157749167009226,0.20378875732421875,3.9123222827911377,1
proximity_only,23,0.8854556557862792,-0.09417669282748165,1.1701,1.307088562675624,2.118589235262832,0.10204553604125977,3.7144722938537598,1
proximity_only,24,0.6348759663586907,0.02819486946048788,1.0777,0.41405509688340864,0.30223917585561577,0.10163378715515137,2.606659173965454,1
proximity_only,25,0.1630564678351123,-0.15555864077535275,1.4786,0.6271253125728498,0.664846079999178,0.20402264595031738,3.712669849395752,1
proximity_only,26,-0.8107073539688927,0.13142790507643431,1.1683,1.0624131324385735,2.6541395794842617,0.1010444164276123,4.210363864898682,1
proximity_only,27,0.9257967513215164,-0.4004724771494458,1.0464,1.9272191344432712,2.5219949252629665,0.05131649971008301,3.8110644817352295,1
proximity_only,28,-0.4195220359956043,-0.6372296038952384,1.0484,1.4037339990931488,2.522425783523045,0.2014310359954834,8.618143558502197,1
proximity_only,29,0.9696607469429799,0.367357401521509,1.4237,1.7556385276113122,0.0,0.0512692928314209,0.0,0
proximity_only,30,0.7198780564140448,-0.4866527390905867,1.3019,1.177382575556294,1.1802014140335149,0.15132451057434082,2.9064323902130127,1
proximity_only,31,0.727346387535172,0.48822944609487984,1.4036,0.9806937762407887,4.962065107906022,0.10114455223083496,6.013058185577393,1
proximity_only,32,-0.4212325078418716,-0.1561538984275238,1.3649,1.4302236823565886,2.328220877127863,0.10118722915649414,3.711555242538452,1
proximity_only,33,-0.85922087728718,-0.04123320625842464,1.2681,0.4372885757712719,0.5975089058351649,0.10156679153442383,4.61229944229126,1
proximity_only,34,-0.6354268419446407,-0.27911675449141515,1.4866,0.39344621089089726,0.3940009570711032,0.1011660099029541,1.403245449066162,1
proximity_only,35,0.15524301229535165,0.22294804952197445,1.1893,0.9819435495450417,2.493156713057178,0.1009988784790039,4.210402488708496,1
proximity_only,36,1.0345705385752644,-0.3970511255359496,1.276,1.0141614030952901,1.0766027003154082,0.10150337219238281,3.70957088470459,1
proximity_only,37,-0.3084461401438592,-0.692317334334872,1.4147,1.3822302054464826,5.133944333490112,0.10132598876953125,6.91504430770874,1
proximity_only,38,-0.7709691150225211,-0.36013975813889587,1.3093,0.6941322725061249,1.0663453000139493,0.10152244567871094,2.808185338973999,1
proximity_only,39,-0.5858183635151959,-0.07049190737862832,1.4309,0.416005344977312,0.3935413562450715,0.051033735275268555,1.703667163848877,1
proximity_only,40,0.4591726549584514,0.303465351461658,1.2887,1.2181423268098468,2.319226938115003,0.10124850273132324,3.859696865081787,1
proximity_only,41,-0.1440538309504401,0.12578821123557826,1.3523,0.7178321178988607,1.7993281824865481,0.10126972198486328,3.709076404571533,1
proximity_only,42,-0.6940456757521627,0.40470562893961304,1.0229,0.6783082679871347,0.653697008957227,0.10105609893798828,2.809115171432495,1
proximity_only,43,-0.7921836694384579,0.06888690394064434,1.1139,0.38777011396252375,0.3966795303177132,0.10148739814758301,2.7154898643493652,1
proximity_only,44,0.14196844154917487,-0.43179480487803323,1.1447,1.1268499986533032,1.0868230010223232,0.15380525588989258,2.808976411819458,1
proximity_only,45,0.4964385969190874,-0.21162563418306157,1.0399,0.5289272252132817,1.217497137225611,0.2027285099029541,4.116141080856323,1
proximity_only,46,-0.19700649221838762,-0.5870873818154306,1.1164,0.8248228198690618,1.238913675446748,0.10267949104309082,3.008662223815918,1
proximity_only,47,-0.36175969386856155,0.16381807925096203,1.0505,0.8186439167773207,0.8859546639060188,0.1522066593170166,2.2060704231262207,1
proximity_only,48,0.1767674463016049,-0.41069495230277936,1.139,0.8526953950115364,1.853402345392568,0.10176873207092285,3.9116220474243164,1
proximity_only,49,0.911628589297721,0.12688140229347022,1.3178,0.9040014068581382,1.705790556442064,0.1512470245361328,6.013357639312744,1
proximity_only,50,0.5658441555208145,0.48962949717484106,1.1824,0.5194651899577226,0.5230534608846432,0.20140576362609863,3.107109546661377,1
proximity_only,51,0.3995067226777984,-0.6273916880968029,1.1851,1.1290942830178166,1.2197800753519874,0.20170903205871582,3.0089104175567627,1
proximity_only,52,0.3289423962453073,-0.7303632510787509,1.1048,0.14837251162926943,0.4574046855769587,0.20129871368408203,3.810654640197754,1
proximity_only,53,-0.8629679408167945,-0.5220497373523568,1.1335,1.1935583469905646,1.2402745137134201,0.10114240646362305,2.909818410873413,1
proximity_only,54,0.41918721633415434,-0.4348539688011908,1.4683,1.3611595830956722,1.7150255338658071,0.10129427909851074,2.909536361694336,1
proximity_only,55,-0.2280577982483314,0.2826791906321652,1.324,1.1280325343321067,2.3347238704897535,0.10120892524719238,4.008455514907837,1
proximity_only,56,0.43038875253928044,0.037856020982938055,1.3046,0.8224119367965285,2.8216602567876814,0.10160040855407715,4.61178731918335,1
proximity_only,57,-0.34736890725482017,-0.4077582299971391,1.0856,1.03605193322582,1.881835536658955,0.10110354423522949,4.01032018661499,1
proximity_only,58,0.8950362723610386,0.12418447212023931,1.3646,1.4018675097482785,2.3052077438516987,0.1512446403503418,3.810299873352051,1
proximity_only,59,0.27042349932944365,-0.06628068869288095,1.0817,0.8708392454906367,0.7710410005617008,0.10115671157836914,2.7090699672698975,1
proximity_only,60,-0.31650917764222386,-0.7095898621231824,1.1897,0.8991638629559033,0.9258230017306527,0.10126686096191406,3.709749460220337,1
proximity_only,61,0.9909889141874761,0.5676978648015553,1.4948,1.8524421010472305,1.919675361407257,0.30205678939819336,4.308933258056641,1
proximity_only,62,-0.8423649860397847,0.5325097049955348,1.32,1.8431198064807577,4.395511927726234,0.20152544975280762,6.313748359680176,1
proximity_only,63,1.036894794590899,0.4290349918121529,1.2785,1.9604040613587386,2.2109132822006266,0.1013636589050293,4.614946603775024,1
proximity_only,64,0.8139528829464104,-0.30754916491527445,1.3423,0.8336512297538495,4.894123173480125,0.204420804977417,6.270282983779907,1
proximity_only,65,0.9824587623866678,0.21334494063141296,1.4214,0.5885935141730216,2.0714225427830053,0.9549930095672607,5.116380453109741,1
proximity_only,66,0.3459443233177544,0.6173339900432578,1.388,0.7546782388207782,0.7569046600059952,0.15141081809997559,3.1102678775787354,1
proximity_only,67,0.8659534285612076,0.2748160807942769,1.1145,0.6805023854057218,0.6818617883724044,0.15131473541259766,2.6093339920043945,1
proximity_only,68,-0.16048853828244525,-0.33960480598058607,1.0161,1.2001664895395434,1.6263473200487426,0.2515699863433838,6.313997983932495,1
proximity_only,69,0.8455373354257656,0.5117925192125917,1.1577,1.3131015541027864,4.143124514509763,0.10108613967895508,6.011925458908081,1
proximity_only,70,0.7092210447121483,0.15005044088864938,1.1339,0.4645814521991985,4.949081611947862,0.10114884376525879,6.712935209274292,1
proximity_only,71,0.8909905874824164,-0.27859465448598975,1.1055,0.46789485430902816,0.5172589454721125,0.10144329071044922,3.3081462383270264,1
proximity_only,72,0.2731512394544169,-0.6936153158032764,1.4715,0.8152585738030955,0.829075892384703,0.10140109062194824,3.708005428314209,1
proximity_only,73,-0.3050752382817403,0.06880490002182083,1.4382,0.9574549002496004,1.8143258092363412,0.15178823471069336,4.208813428878784,1
proximity_only,74,0.7573943112274426,-0.24809805870092472,1.1573,1.289204963089415,2.3462773731333306,0.051221609115600586,3.9147768020629883,1
proximity_only,75,0.6531272222414466,-0.44646190821933746,1.3277,0.23829275795471996,0.29522574235245924,0.5534095764160156,4.116347074508667,1
proximity_only,76,-0.7705668286438195,-0.012918736225364547,1.1978,1.586260511937769,2.275926165666997,0.10499763488769531,3.6179802417755127,1
proximity_only,77,0.5661130234383152,0.5978207571815227,1.4573,1.5412495288582164,2.1798484416670085,0.15205049514770508,3.4084994792938232,1
proximity_only,78,0.7030590380315707,-0.37087648676591,1.2294,1.0755695611812592,4.667178333300814,0.10137081146240234,5.912929534912109,1
proximity_only,79,-0.8227548265505632,0.579678921767469,1.1324,1.9095525770067203,3.1202778283566666,0.10133242607116699,4.529570579528809,1
proximity_only,80,-0.06245526417091707,-0.5048936042226579,1.1233,1.387881443023764,1.4507893550551794,0.1517810821533203,4.512750625610352,1
proximity_only,81,0.2155672494475307,0.23885479778988572,1.2807,0.8449341448611907,2.6332017808103227,0.1011056900024414,4.6102025508880615,1
proximity_only,82,1.0195429862744507,0.27087036353998595,1.1314,0.7259865904025851,0.7794923664624744,0.10134220123291016,3.7086923122406006,1
proximity_only,83,-0.04135267626812045,-0.4026176204254096,1.2923,1.2677065719193745,1.2687666788325267,0.15119361877441406,3.309710741043091,1
proximity_only,84,-0.8444721055358239,-0.583516191943497,1.4489,0.8390712204172696,3.6014068221883457,0.7039074897766113,10.319539785385132,1
proximity_only,85,0.8225228775098163,0.22382589878815262,1.1997,2.054410507293888,2.8836059567464027,0.7052733898162842,5.012526273727417,1
proximity_only,86,0.10138266448156175,-0.09244978694750272,1.1097,1.0347649562561338,3.362350269411742,1.3543920516967773,13.065821647644043,1
proximity_only,87,-0.08316361642440584,0.10317803472374554,1.4988,0.42341699053709214,0.0,1.0026156902313232,0.0,0
proximity_only,88,-0.130517797810334,0.11693152419136088,1.2548,0.3775293573345725,0.3198112974990787,0.0519254207611084,4.2134480476379395,1
proximity_only,89,0.43253077786874905,-0.5191280971901155,1.0455,0.8372611061290778,0.8610397570763654,0.10097527503967285,2.710000514984131,1
proximity_only,90,-0.8204545825065056,0.061855648669738694,1.0236,1.4384505159361964,1.906753165359186,0.35137057304382324,3.5092356204986572,1
proximity_only,91,-0.10364720625867363,0.14087801213979334,1.0548,0.7678614168912897,0.7090477618364509,0.051236629486083984,2.5057573318481445,1
proximity_only,92,0.9929832509950729,-0.21249497566173614,1.3137,1.2176952188539747,2.410611134738673,0.1011040210723877,4.108394384384155,1
proximity_only,93,-0.4849419708476145,-0.6476975725975227,1.396,1.6226530528654428,1.9826321796462392,0.051093101501464844,3.4106998443603516,1
proximity_only,94,-0.6858140517817499,0.1954513066740744,1.2111,0.9719130976317782,1.3934764141107026,0.20142006874084473,7.716405153274536,1
proximity_only,95,0.801542866341459,-0.7110243602989752,1.0318,1.7510934383517105,2.159099047983641,0.25136661529541016,4.3081583976745605,1
proximity_only,96,-0.6387973116538773,0.2143168652103431,1.1908,1.7189389591178081,4.466041598747464,1.003901481628418,11.025077819824219,1
proximity_only,97,0.5839108088193017,0.360982798348782,1.4981,1.3903833118760207,5.143845915216656,1.2604293823242188,10.322651147842407,1
proximity_only,98,0.6147184377521813,0.36559093175322077,1.2646,0.35981292552578126,0.4589107185363645,0.1016991138458252,3.7092394828796387,1
proximity_only,99,-0.1356601539587038,0.3237914080595038,1.4855,0.7841467570160506,1.6375885074927137,0.10132074356079102,3.7076990604400635,1
proximity_only,100,0.8283740741528494,-0.1535622063867247,1.4304,1.196581251804841,3.381871243126096,0.4519155025482178,7.515904664993286,1
proximity_only,101,-0.6686084919671815,0.4971076937777247,1.0057,1.9033935473693997,3.135169229902279,0.10100913047790527,4.709921598434448,1
proximity_only,102,-0.23866169075732746,0.4874489159537795,1.3604,0.5052085480242857,0.5146947666378614,0.10103249549865723,5.110356092453003,1
proximity_only,103,0.9214670772629805,-0.6175721060958524,1.3409,1.701402440158702,2.688156125055724,0.10142135620117188,4.0082573890686035,1
proximity_only,104,1.0111033652302361,0.0449036582813952,1.2685,0.7741499252452972,0.8551375161335794,0.10223054885864258,3.7100937366485596,1
proximity_only,105,-0.2918562504944361,-0.2914149146617354,1.1334,1.3529741451754462,2.3337739430932807,0.10136961936950684,4.009110450744629,1
proximity_only,106,0.6959096646646317,0.34193532819971717,1.3205,1.2560836189523577,2.4809324500045036,0.10189151763916016,4.109345436096191,1
proximity_only,107,-0.758918537647011,0.0120526843128127,1.0558,1.648604821250012,2.3256869943706664,0.7522902488708496,3.708050012588501,1
proximity_only,108,-0.17748644512178002,-0.5821499194284695,1.2174,0.885228006044077,0.8961701577201877,0.10121941566467285,2.7097437381744385,1
proximity_only,109,0.3523082014928294,-0.6040574430072863,1.2269,0.6104360025942598,0.8612887726624247,0.05106472969055176,2.906618118286133,1
proximity_only,110,-0.7287837213861684,0.38623572146494956,1.4769,1.5360293264653222,3.230152969942175,0.5520644187927246,9.622122287750244,1
proximity_only,111,-0.7048516506831496,0.6126427808606151,1.4379,0.4600553625241605,2.7283635502359482,0.6043970584869385,5.719286680221558,1
proximity_only,112,0.7379687423043702,0.558519545325422,1.1317,1.4751497102217264,2.0205976659515983,1.4049439430236816,5.613870859146118,1
proximity_only,113,-0.12725350147772496,-0.6282700152560291,1.2503,1.6596497576523621,3.6601888601815546,0.6021075248718262,8.617306232452393,1
proximity_only,114,-0.032191977672493044,0.5023309251201674,1.0893,1.21560054533075,1.3822556697097785,0.10111784934997559,2.7087252140045166,1
proximity_only,115,-0.8504970760709754,-0.09906027790007044,1.4563,1.045523424258887,1.0765876725129122,0.10133481025695801,3.7093582153320312,1
proximity_only,116,-0.6400629788877781,0.14901495510747143,1.4353,0.3269542130539004,0.3268522785095807,0.05108833312988281,3.7109925746917725,1
proximity_only,117,1.0340259910765421,-0.22792782373443055,1.1492,1.7397595068499354,2.7974932257258134,0.10140109062194824,4.411395072937012,1
proximity_only,118,-0.4298330480544449,0.5804677691914001,1.3195,1.7545027688258061,3.248123805513565,0.10163545608520508,4.509566783905029,1
proximity_only,119,-0.7874570545139581,0.48143063822114984,1.3045,0.37754660912424054,0.3861479915406015,0.10149765014648438,1.704432487487793,1
proximity_only,120,-0.7267352086944394,0.017995786767414867,1.0764,0.6409337617014237,0.5674963877638275,0.20373892784118652,3.51315975189209,1
proximity_only,121,0.37446810078409043,0.21295869866486405,1.3813,1.194212926235463,2.252718384478117,0.10105609893798828,3.908538579940796,1
proximity_only,122,0.2851109662315847,0.49519110641461894,1.2697,0.4154668267559991,0.4813247062228567,0.10174775123596191,3.7113912105560303,1
proximity_only,123,1.0107155614397394,0.48022243906611906,1.3893,0.7360907260746307,0.9159974192278819,0.10130572319030762,3.710646629333496,1
proximity_only,124,-0.32323049533139503,-0.48452152653955194,1.2652,1.7880492758383577,2.8912344649477304,0.05108451843261719,4.109738349914551,1
proximity_only,125,0.2838064136884284,-0.6361926088101109,1.0003,0.7834992908995337,0.899924833250543,0.15123486518859863,3.306614398956299,1
proximity_only,126,0.5107565171871349,-0.0064035926431784684,1.1621,0.7145822158257488,0.7918919504143828,0.10125589370727539,3.109963893890381,1
proximity_only,127,0.48413718400178873,-0.5195643253401193,1.0097,0.5722501036195053,0.5733427216019985,0.05107569694519043,2.009599447250366,1
proximity_only,128,1.0095034281445934,0.25413860452560666,1.4645,1.0077636898743139,1.1026082756652738,0.10103154182434082,3.7124545574188232,1
proximity_only,129,0.9756678540076542,0.4469717841735611,1.4394,0.1963279636817747,0.19646125050693153,0.10170197486877441,3.414602756500244,1
proximity_only,130,-0.12684960684770574,0.37070027649423853,1.4158,1.1047259011645094,3.833817868881207,0.5542759895324707,5.11768913269043,1
proximity_only,131,0.3045670778279319,-0.21965596298897638,1.1538,0.9270720247190023,2.4933552654233133,0.15187287330627441,4.313249349594116,1
proximity_only,132,0.7885674927374753,-0.09901559844171082,1.029,0.49946455561138375,0.5009175070441412,0.20294547080993652,3.312180757522583,1
proximity_only,133,-0.7612637656378625,0.4451285449744432,1.439,1.7336737987138773,3.2216289392276973,0.1013646125793457,4.810982704162598,1
proximity_only,134,1.1023342110804804,0.020163163498010173,1.4735,2.0246313385378714,0.0,0.8643929958343506,0.0,0
proximity_only,135,0.8110011283226295,-0.4031437082048464,1.0428,1.9794326998044298,2.9483234752462413,0.10107946395874023,4.411165237426758,1
proximity_only,136,1.0179291360267877,0.08988394773550923,1.243,0.5677316017802208,0.6027846076785762,0.1511385440826416,3.7106218338012695,1
proximity_only,137,0.3521301725875494,-0.2508844254228771,1.0346,0.7765408297692753,3.6242559666186995,0.70235276222229,11.422413110733032,1
proximity_only,138,0.15824986319131829,0.3181654702447686,1.3803,0.706147509312085,3.8364150592752337,0.5020015239715576,9.718741655349731,1
proximity_only,139,0.22087935445103035,0.027728772889620834,1.3829,0.33446140973765315,0.7765526637466195,0.20147228240966797,4.511562347412109,1
proximity_only,140,-0.6073818172108301,-0.7034526027454723,1.0642,1.1499632177213377,3.4882985089504013,0.20143961906433105,5.913708925247192,1
proximity_only,141,0.5224861003726611,-0.4503872420867566,1.2376,1.2002107505347817,1.3299062236514132,0.10100841522216797,2.5093016624450684,1
proximity_only,142,-0.17813545844532475,0.06754690173826594,1.2749,0.965680603469344,1.882057761061467,0.05103468894958496,3.711249351501465,1
proximity_only,143,0.9190425324866094,-0.2644969883099853,1.1325,1.24979450623232,2.2595399857352025,0.10122036933898926,3.914653778076172,1
proximity_only,144,-0.08705220543924252,0.11174712611309823,1.4362,1.143163317272501,2.360042426053421,0.15276837348937988,4.012004852294922,1
proximity_only,145,-0.5815003607986469,0.5301313969718934,1.2116,0.6482760900106662,0.6468047465694423,0.9550001621246338,3.3151931762695312,1
proximity_only,146,0.03700706886423388,0.6035647584422456,1.1059,0.6961145550387278,0.9269840604468733,0.1530005931854248,3.0107545852661133,1
proximity_only,147,0.38240049325575054,-0.4130399197987627,1.2696,1.098279958242358,4.249506003455329,0.10106539726257324,5.812207460403442,1
proximity_only,148,-0.619213147185695,-0.5342856991141075,1.365,1.0678146183422608,1.4984423625085581,0.1011345386505127,3.0134472846984863,1
proximity_only,149,-0.512513672720895,-0.2680531527130119,1.1006,0.5200962237143456,0.413283107675043,0.10175800323486328,1.8046338558197021,1
proximity_only,150,0.4500994377486758,-0.5062324969689606,1.1559,1.0667081533484615,1.4682720780462635,0.05132102966308594,3.1120293140411377,1
proximity_only,151,-0.5381707049909699,-0.3602168741700888,1.4976,1.0786684638754982,1.5822397958456644,0.10130453109741211,4.311590194702148,1
proximity_only,152,-0.6338997034786091,-0.10988997272303469,1.3249,0.4107395047268941,0.46887181605708994,0.10105013847351074,3.7138917446136475,1
proximity_only,153,0.12477303083432634,0.20560249453674795,1.2191,0.8292715614430651,2.3021419779278376,0.10136032104492188,4.111369609832764,1
proximity_only,154,0.37149857197097913,-0.63066309010225,1.2588,0.8579739107710075,4.305916963213529,1.0531764030456543,5.912446975708008,1
proximity_only,155,-0.75194348356766,-0.362570111445742,1.0605,1.2603428580026939,1.4246023450590886,0.05091142654418945,2.708125352859497,1
proximity_only,156,-0.5072793396356601,-0.45535402973536,1.1123,0.3261105241219342,0.264330493299846,0.10169386863708496,2.810476303100586,1
proximity_only,157,0.3523809571730465,-0.23611265923113267,1.169,0.9672813946414308,1.485124429396041,0.10102581977844238,3.306849479675293,1
proximity_only,158,-0.800293891870835,-0.39615163847131546,1.2942,1.2121821601144858,1.8504221429447827,0.10147213935852051,3.8146965503692627,1
proximity_only,159,0.14114469027325027,-0.011876071245456199,1.1151,1.167946595071754,1.9393572832312767,0.15273666381835938,3.7285444736480713,1
proximity_only,160,0.18264742211385587,-0.4098455280058814,1.1101,0.40488441772509315,0.44703454421451017,0.15289902687072754,5.613861322402954,1
proximity_only,161,-0.8332188860045463,-0.300463226488713,1.0355,1.0995446563693014,1.4741213199141472,0.10470175743103027,3.206864356994629,1
proximity_only,162,-0.6356314547342441,0.48058448373661566,1.3156,0.8539409451774992,0.9102845389399736,0.10104179382324219,3.7122294902801514,1
proximity_only,163,0.6911373949197446,-0.058140418671475236,1.1145,1.4453813063669243,3.2016613615501015,0.1512601375579834,4.509719610214233,1
proximity_only,164,0.2901190959173825,0.28123383752926945,1.4527,0.6077269828452151,0.6697299358088212,0.051275014877319336,3.7096474170684814,1
proximity_only,165,-0.3105561547069281,-0.24412492474827535,1.4298,0.7980686615431862,2.529318992520923,0.10110855102539062,4.212597846984863,1
proximity_only,166,-0.16721628927046872,0.6124719518415541,1.0354,1.0590336403245018,1.14225691411379,0.10108637809753418,2.40840220451355,1
proximity_only,167,-0.6712671392663598,-0.5329715427607278,1.119,1.2873656078272622,1.505115189025954,0.10110831260681152,3.1091396808624268,1
proximity_only,168,-0.503224158330312,-0.35127923821465407,1.3345,0.3347098354939007,0.3220045557456036,0.10125350952148438,4.810034990310669,1
proximity_only,169,-0.7139767160986251,-0.022321350730470035,1.1071,0.5046082271872815,0.46185731503382194,0.05142617225646973,5.011013031005859,1
proximity_only,170,-0.6509388959029203,-0.1963464069111509,1.0662,0.2803258610146806,0.202786149736486,0.10109233856201172,5.009876251220703,1
proximity_only,171,0.7464368446214729,-0.3886415156402526,1.4678,1.5003036444003433,2.1108064802850537,0.10098552703857422,4.010152578353882,1
proximity_only,172,0.9690232104508749,0.02199221500113957,1.2855,0.5998183369967215,0.5718224660944465,0.10154533386230469,3.811668634414673,1
proximity_only,173,0.6521349935864189,-0.4860018894819629,1.2363,0.6614727987210999,0.6858828825934349,0.051038265228271484,4.609807252883911,1
proximity_only,174,0.1330837705525898,-0.4099290276616797,1.3923,0.6045569124990554,1.1576506375414175,0.0520634651184082,3.610191822052002,1
proximity_only,175,-0.30093424347781306,0.05562131623466937,1.4037,0.6025619128992898,0.6918626578806105,0.0511629581451416,1.7042524814605713,1
proximity_only,176,0.1825922553172432,-0.6717944604059854,1.0952,1.0545727865737244,1.1435729919642998,0.15139985084533691,3.7149243354797363,1
proximity_only,177,-0.7473908085229743,0.6172053593037848,1.0485,1.590601139296949,1.6446655126155294,0.25293874740600586,4.513458967208862,1
proximity_only,178,-0.36830222225822007,0.19338474033567887,1.2155,0.5926837129659559,0.6194903152577661,0.15235495567321777,3.711076021194458,1
proximity_only,179,0.06166400570641384,-0.17713058396165293,1.2118,0.6752639890299815,0.5978539751005141,0.10228872299194336,2.6062450408935547,1
proximity_only,180,0.7732876662352792,0.5829469752557884,1.2335,1.1106029919462355,1.896955026783613,0.10131025314331055,4.913506984710693,1
proximity_only,181,0.986790785419297,-0.49398576708838293,1.3645,1.1362044289370883,4.41302727696321,0.10123085975646973,5.812791585922241,1
proximity_only,182,0.2656057103225853,0.413672739265866,1.3367,1.2775421831481475,4.818915148640454,0.05095100402832031,6.01118803024292,1
proximity_only,183,-0.47337465166537035,-0.518136734502522,1.4921,1.2656686084046411,2.7509345493262845,0.10111141204833984,4.911949396133423,1
proximity_only,184,0.44542089141986874,-0.02430810636723002,1.0492,1.273692243306264,1.9569108745972406,0.10101318359375,3.5089967250823975,1
proximity_only,185,-0.09517379708833662,0.379007629833947,1.2013,0.7337411412519228,1.7142323534307664,0.1513373851776123,6.012627601623535,1
proximity_only,186,0.04403133519715996,-0.32890680089846874,1.1697,0.7213999229350936,0.747667625281052,0.25141000747680664,2.6101577281951904,1
proximity_only,187,-0.4127544382190081,0.4930154636792571,1.4308,0.9758465644621278,2.839386341183027,0.20123600959777832,5.815774202346802,1
proximity_only,188,0.9236277239317321,0.1147030063858252,1.1243,1.5613875722991295,3.5193421282406705,0.10103154182434082,5.010653972625732,1
proximity_only,189,0.37111736118755023,-0.2828396854611636,1.0951,0.7594475239795749,0.721742432816642,0.051435232162475586,2.1102912425994873,1
proximity_only,190,0.3559842022503137,-0.010024459624534132,1.2243,0.32581189390633697,0.3190830165229496,0.10217404365539551,1.4062037467956543,1
proximity_only,191,-0.5723803883696872,-0.3146938788489167,1.2109,1.0739771302125356,2.0251696541242725,0.20356392860412598,3.816866636276245,1
proximity_only,192,-0.8065387143536853,0.04002842701318898,1.1393,0.44895309937733846,0.4501748955174268,0.15259480476379395,2.407245635986328,1
proximity_only,193,-0.19499397404507146,0.3854075366193458,1.1249,0.7579131983641842,0.7249971118266473,0.15256524085998535,2.106419324874878,1
proximity_only,194,-0.6203174712580108,-0.19712726277005532,1.4616,0.7584415786995382,0.8824798141069075,0.10176444053649902,4.912445545196533,1
proximity_only,195,-0.41862373464890457,0.2493750289720732,1.2216,0.6558788438823809,0.6177868624340596,0.2513594627380371,4.013076543807983,1
proximity_only,196,0.5024058169337922,0.002703385159597227,1.4307,1.056652739018664,2.8466333746353123,0.10096144676208496,4.5089380741119385,1
proximity_only,197,-0.5130733252995743,0.5052110712724055,1.2752,1.2884590814992822,3.350515888119942,0.1513538360595703,4.810498952865601,1
proximity_only,198,0.04269550282267098,0.5585673086266344,1.0253,0.7201826160722516,0.6416264346968711,0.10147619247436523,2.5086498260498047,1
proximity_only,199,0.1296713615490115,0.09713811948720619,1.4996,0.6261794682424356,0.6874152761156025,0.10134744644165039,2.2053709030151367,1
proximity_only,200,0.9744584358825197,0.03349299425157315,1.418,1.0368764944301028,2.6342710771856113,21.330301523208618,6.544835329055786,1
proximity_only,201,0.5287469732091561,-0.5334113550358048,1.4845,0.8141750345316962,0.9150185689512021,0.1017916202545166,3.71004581451416,1
proximity_only,202,-0.032373009478670944,0.26887437974836936,1.4632,1.1268173914275692,4.529645045304513,0.5026485919952393,7.417754650115967,1
proximity_only,203,0.020563634122989782,-0.5874109250148023,1.4243,0.9872046084037003,1.0851795876201262,0.10086178779602051,5.211431980133057,1
proximity_only,204,-0.6259185658551252,0.5222367467162697,1.0832,1.3698406346456242,1.4840321599020811,0.10114860534667969,2.7112464904785156,1
proximity_only,205,0.29890791364644986,-0.19477028488244097,1.2428,1.228175113111383,2.964759113489086,0.10172510147094727,4.709072113037109,1
proximity_only,206,0.7182555351212587,-0.7366356003916756,1.1069,0.6522373349300056,0.6601856685859906,20.37795925140381,4.938273668289185,1
proximity_only,207,0.19211808502296313,0.5208816169511331,1.2005,1.4127735503354097,2.137932015733876,0.10298848152160645,3.7143394947052,1
proximity_only,208,0.5887274737535213,-0.12165254921740487,1.0293,0.877105109886125,2.6495032559274874,0.15196752548217773,4.614077568054199,1
proximity_only,209,-0.5938213856072367,-0.5006442805404492,1.1895,1.2930741439544535,1.7824667270055214,0.10177278518676758,3.313843011856079,1
proximity_only,210,0.9402245759169743,-0.24507078261374604,1.4927,1.6420560666349606,2.1153636422546414,0.10219478607177734,3.3086252212524414,1
proximity_only,211,-0.8470467870419227,0.16870034915096044,1.1326,2.004151542833322,2.9679995477072576,0.15196681022644043,4.219120979309082,1
proximity_only,212,-0.5783504735933301,-0.1733064539990693,1.392,0.5104624891020328,0.4934982624586253,0.10111069679260254,5.613952159881592,1
proximity_only,213,0.12235051047652279,0.07505901379774027,1.2275,0.89974574379726,2.272959789145597,0.10130715370178223,4.612368822097778,1
proximity_only,214,-0.456967114484549,0.4909265936915409,1.2115,0.8044055471004059,3.146590197550629,0.10188961029052734,4.910126447677612,1
proximity_only,215,-0.8005585583250759,-0.09438001741886093,1.4787,0.7384459224485737,0.8417828132897761,0.05102181434631348,2.709209680557251,1
proximity_only,216,0.664095736289511,-0.12018114105621003,1.4977,1.5955555086449482,2.641891038935195,0.10107541084289551,5.411229610443115,1
proximity_only,217,-0.07868761334510388,0.025945815217491397,1.2779,0.9374068682730082,2.355298299051868,0.10102391242980957,4.810104846954346,1
proximity_only,218,0.8350591008487913,0.5569626449716115,1.3592,1.1318665806186705,1.8370943871423264,0.10133814811706543,3.7118613719940186,1
proximity_only,219,0.40340709469972924,-0.1813992489112155,1.0774,1.0299391000495672,4.573188332079072,0.1011044979095459,6.211979627609253,1
proximity_only,220,0.5460569575755418,0.1623614961845481,1.1484,0.39149026549762805,0.42286071485355575,0.051848649978637695,1.5039024353027344,1
proximity_only,221,-0.4150097531624425,0.18018062970465287,1.4844,1.0715203384659175,4.597474877860791,1.2543163299560547,8.320835590362549,1
proximity_only,222,0.7124336812096612,-0.4976796343373456,1.2896,1.1914752834583748,4.663290008244434,0.25284719467163086,6.3149707317352295,1
proximity_only,223,-0.6759071595509779,-0.40888140956675006,1.2711,1.4535656395051344,1.823932907750726,0.05111193656921387,3.1113927364349365,1
proximity_only,224,0.7724957715717773,-0.19726983030424305,1.374,1.5574086244574603,2.1513040630033773,0.10128283500671387,3.5078554153442383,1
proximity_only,225,-0.2919811986226717,0.4885654146480186,1.0286,1.4200733730029853,3.113480857044134,0.15190696716308594,4.709736108779907,1
proximity_only,226,-0.46096944230057385,-0.7065447518773718,1.2921,1.26014498613214,1.4572088490537318,0.10135555267333984,4.608604907989502,1
proximity_only,227,-0.03773654072566912,0.48353093101976363,1.2514,1.2637217661511722,1.3584835291478163,0.05137968063354492,2.505889415740967,1
proximity_only,228,-0.35882275493917826,-0.22130263117817528,1.4264,0.7933321001659112,0.8443855175357634,0.10095548629760742,2.4115233421325684,1
proximity_only,229,0.36406313535698365,-0.18046838988923564,1.0787,0.8037747320500943,1.91976362878566,0.10102605819702148,4.711353540420532,1
proximity_only,230,-0.2893688645879192,0.5601748437660033,1.4804,1.0840120163924836,3.0174469066456973,0.10106253623962402,4.509982109069824,1
proximity_only,231,0.8483035282296632,-0.07326953360516819,1.0401,1.5178391518341372,3.292177763149985,0.10107040405273438,4.710866451263428,1
proximity_only,232,-0.030226834141979353,-0.7121271703681586,1.0929,1.126444777299739,1.1669155638525808,20.234363079071045,2.1122851371765137,1
proximity_only,233,0.3825538316954238,-0.38866232021478003,1.2975,0.5521980951407889,0.6090436678585589,0.1528632640838623,2.307267189025879,1
proximity_only,234,1.0780851221544403,-0.020701689516109623,1.3376,0.7613310067570254,1.0900411283186153,0.15204811096191406,5.2161171436309814,1
proximity_only,235,-0.8365496790829209,0.5132465602141257,1.1176,1.9989112835072216,3.4889954139579076,3.3122098445892334,6.514125347137451,1
proximity_only,236,-0.3298225525979577,0.018440575456700192,1.0599,0.8222382110992621,0.757633775306883,0.10116314888000488,2.9086313247680664,1
proximity_only,237,-0.46387303937048446,-0.7278917314232478,1.4451,0.8071661122310488,0.9728566890092165,0.10105752944946289,2.2050368785858154,1
proximity_only,238,0.8590501337289052,0.07784560238200366,1.1231,1.6964323191994464,2.142274798625441,0.10136127471923828,4.008347988128662,1
proximity_only,239,-0.5254141257683229,0.5134020137008949,1.2973,1.5283608084217157,3.432345510709089,0.1014409065246582,4.9123687744140625,1
proximity_only,240,0.15549489187058407,-0.6784687616510744,1.3097,1.4732956544386306,1.6412408336569322,0.10119366645812988,4.20930552482605,1
proximity_only,241,-0.7088930401723994,0.08573099840681742,1.2096,1.158873407412794,1.1721037884633116,0.0509946346282959,2.4052793979644775,1
proximity_only,242,-0.30080901372047286,-0.2543056875771598,1.2918,0.5360517085883094,0.5360322402487628,0.051520586013793945,2.1054680347442627,1
proximity_only,243,0.2496139970684501,-0.08890674737843696,1.2614,0.5764386862938732,1.9644126272178393,0.10111427307128906,3.910083293914795,1
proximity_only,244,0.5789578966707161,-0.44767191981630017,1.4674,0.375120636234419,0.5446871591841811,0.05102729797363281,3.2090489864349365,1
proximity_only,245,0.30644445864790515,-0.67234093227264,1.1021,0.6173554621133123,0.5368427919805632,0.15155792236328125,4.111664533615112,1
proximity_only,246,-0.2105286084007837,0.3162333679467594,1.3581,1.1764431312605974,2.8364179978696,0.2013552188873291,6.221771955490112,1
proximity_only,247,0.5702701147955418,-0.062194931532683295,1.1193,0.8997633138979324,2.152388891037102,0.35312819480895996,6.516941547393799,1
proximity_only,248,-0.3846311701200903,0.3824465844843504,1.1979,1.1235373137413123,2.818731209352539,0.15293359756469727,4.61664891242981,1
proximity_only,249,-0.33360833801021395,0.06797693627812573,1.3358,0.390649354686108,0.4461345392447848,0.1040046215057373,3.7098093032836914,1
proximity_only,250,0.9451155065661652,-0.555011201117347,1.15,1.4346860618911876,2.0137080037151134,0.15115118026733398,3.8101022243499756,1
proximity_only,251,-0.5060665350418558,0.001571901697864142,1.1581,1.6190750338759783,2.0960743501804933,0.10143280029296875,4.310348987579346,1
proximity_only,252,0.7256041950613934,0.16216834586052575,1.3759,1.3068149141072998,2.820658152401133,0.10124754905700684,4.409790754318237,1
proximity_only,253,-0.3781580064410935,-0.07053009995432491,1.0363,1.3093157213132052,2.5858287437751635,0.10128426551818848,4.208230018615723,1
proximity_only,254,0.9981256112588675,-0.6888275611796729,1.2291,1.5792660407371566,1.874685260640972,0.10131001472473145,4.111819744110107,1
proximity_only,255,-0.515099665957625,0.037356746779313,1.4992,1.7478367157532189,2.041077303416616,0.5523762702941895,4.008401870727539,1
proximity_only,256,0.5092869696832367,-0.3344424638701152,1.498,0.9960200353739318,2.021058805988749,0.15134501457214355,3.9081311225891113,1
proximity_only,257,0.998536181422826,-0.09142966631264471,1.0366,0.763623894847571,0.7013858273862997,0.10293936729431152,2.204612970352173,1
proximity_only,258,-0.24054286203186737,0.3959298614830308,1.1066,1.3964450566027826,2.789181471657005,0.10141992568969727,4.5131659507751465,1
proximity_only,259,-0.41712248449577255,-0.5773410989420189,1.1326,1.0365218113414472,1.169015678201606,0.050850629806518555,2.5116138458251953,1
proximity_only,260,-0.19936782181169288,0.2528295440805183,1.4666,0.9384270339602473,1.0548073588347429,0.10129618644714355,2.405085563659668,1
proximity_only,261,0.19627174148791826,0.34345362848873606,1.4404,0.5226303806285741,0.4098589132370024,0.05110478401184082,3.107356071472168,1
proximity_only,262,0.8830078970041229,0.10319602056248656,1.4396,0.8876959747504709,3.207735625492046,0.10186052322387695,4.8176963329315186,1
proximity_only,263,0.851535968071643,-0.713775829491568,1.1848,0.8981029309235837,0.9763429954207933,0.25254058837890625,3.714848041534424,1
proximity_only,264,0.9882321784525603,0.3545281659530163,1.0789,1.082268660213023,1.16380844710765,0.25295448303222656,3.2080910205841064,1
proximity_only,265,0.6475671886614935,-0.19074692470090127,1.4169,0.7264508552799424,0.7340929039966468,0.2022390365600586,3.2143173217773438,1
proximity_only,266,0.8586280403173234,0.6091306866798317,1.3518,0.8297907618686535,0.8509719440686865,0.1015632152557373,3.111567735671997,1
proximity_only,267,-0.03787042148684694,0.27043808238313705,1.3058,0.9588428242947473,0.9594340181974105,0.051133155822753906,3.1080503463745117,1
proximity_only,268,-0.17013888355598095,-0.3483336254672917,1.4936,0.660421986077353,0.8731579624216117,0.10185360908508301,4.71230411529541,1
proximity_only,269,-0.7895712981407308,-0.7184412136762894,1.327,0.8358662257235971,1.1264434208214698,0.10109210014343262,3.860612630844116,1
proximity_only,270,-0.11126458532951089,0.1908353664202781,1.0039,1.3097315387101005,1.3360442859006936,0.752842903137207,2.9063093662261963,1
proximity_only,271,0.685535818571624,-0.6201492828229554,1.4086,1.2307521775451877,2.067595440310175,0.05085635185241699,3.909296989440918,1
proximity_only,272,0.9994588681815753,-0.10079032354267892,1.1497,0.7660005598818818,0.7372117622221627,0.05116081237792969,2.2080237865448,1
proximity_only,273,1.0914962170034874,-0.42468308229914875,1.3317,0.3049546425906941,0.3614412904999704,0.10118508338928223,3.7093803882598877,1
proximity_only,274,0.33153432744989875,-0.038565985863317165,1.4695,0.8637584181305072,0.863365485209607,0.10111856460571289,3.909079074859619,1
proximity_only,275,-0.43599633362291246,-0.48683382781379425,1.0671,0.9749858812404814,1.7400685013539803,0.20123767852783203,3.8124258518218994,1
proximity_only,276,-0.7583558150513484,0.5885470138134749,1.0577,1.1397865633081927,1.2380673721284707,0.35270023345947266,4.2188475131988525,1
proximity_only,277,1.0989073044852347,-0.5040679275724245,1.0535,2.1549469721456025,2.6197103352834774,0.9548420906066895,5.617493391036987,1
proximity_only,278,0.5065128649826163,-0.5315470246890391,1.2766,0.6354451591052547,0.6581762748085431,0.1517338752746582,3.7095398902893066,1
proximity_only,279,-0.4293934874215611,-0.005197142944449729,1.1362,1.0832387842782558,1.9381389402346385,0.10121607780456543,3.8104746341705322,1
proximity_only,280,-0.6916730882776498,0.4626312252541428,1.3024,0.4919681106929293,0.5825095331670487,0.10107636451721191,3.711862802505493,1
proximity_only,281,0.8884986943003128,0.5700651585676811,1.3588,1.5841808085408058,1.9620430339221808,0.1013946533203125,3.709246873855591,1
proximity_only,282,0.4256896056265411,0.013878027216957523,1.1018,0.8867589382733082,5.0074767845761725,0.151353120803833,6.513103008270264,1
proximity_only,283,-0.13433135928159368,-0.3860983011133118,1.3171,0.7326115969805559,0.73342571697128,0.10131096839904785,5.011458873748779,1
proximity_only,284,-0.7123664000710418,-0.4404682805209592,1.132,0.7171544188464364,1.2490579476919161,0.10132312774658203,3.11087703704834,1
proximity_only,285,0.8140921036446596,-0.06266867188279923,1.2443,1.64264177551866,2.203611798710864,0.10111284255981445,3.5136590003967285,1
proximity_only,286,0.7615176744636456,-0.2651101483423867,1.4527,0.24510196466587375,0.3292616601986232,0.10135483741760254,1.404247760772705,1
proximity_only,287,-0.3437499685242069,0.4642376012519872,1.4231,1.4751320600311462,3.01959619791325,0.10100579261779785,4.610583782196045,1
proximity_only,288,0.8128529870647874,0.44866223211876866,1.0461,1.3399617404054132,1.6123501945608503,0.10170602798461914,3.810558319091797,1
proximity_only,289,0.5093884370285202,0.19151342039865282,1.2118,0.4531611929991186,0.4195018226525545,0.05103898048400879,2.109199047088623,1
proximity_only,290,-0.5586446813091279,0.46731642313932775,1.1383,1.1974886744611226,1.6855001784647632,0.1015326976776123,3.314279079437256,1
proximity_only,291,0.7637687996193596,-0.5659328020914862,1.0018,1.776576184463331,2.482385612420851,0.1022787094116211,3.91536021232605,1
proximity_only,292,-0.5543738860322531,0.3808866911395915,1.3856,1.6829622841215994,2.438042893988458,0.2526090145111084,3.7109920978546143,1
proximity_only,293,-0.8603432022572358,-0.3486096050176698,1.3186,0.8377608930008115,2.0962620833637375,0.2572762966156006,6.114963531494141,1
proximity_only,294,0.3792544105470368,-0.3860298796178444,1.131,1.2542781496337951,1.7485499987205937,0.1516108512878418,3.7101078033447266,1
proximity_only,295,0.6726535731895666,-0.5960086022517591,1.3706,0.3068094024205768,0.45918326843795,0.10133552551269531,1.908642292022705,1
proximity_only,296,1.0356501516485273,-0.2732676438628453,1.2758,0.564281483600511,0.5488781873994756,0.10109210014343262,2.90990948677063,1
proximity_only,297,-0.6698257191224737,0.544751941462884,1.2138,1.9730038882608532,3.3645953694939257,0.051416635513305664,4.610623836517334,1
proximity_only,298,-0.2764902103114102,0.23002844979861703,1.0048,0.667361649897466,0.5552795782446323,0.10123538970947266,3.5075066089630127,1
proximity_only,299,-0.18745978111923978,0.11013792141251366,1.0376,0.23332317854025486,0.16901769889004084,0.1015937328338623,2.605677604675293,1
proximity_only,300,1.0564551369096007,0.5882381731625402,1.4416,1.4017530881325948,1.9651836670736578,0.10094571113586426,3.4080612659454346,1
proximity_only,301,0.6298776543313227,-0.7092175767856067,1.452,1.4524601302714093,4.413775430055062,0.10131978988647461,5.511152029037476,1
proximity_only,302,0.09549080338204752,0.31553979206790805,1.2728,1.289373090792057,4.616045727150975,0.1009974479675293,6.012476444244385,1
proximity_only,303,-0.33067194742973827,0.6270490632166953,1.4173,0.5940057935977893,1.1470745517040442,0.10118365287780762,3.0090694427490234,1
proximity_only,304,-0.5486975863981116,0.34906831998240306,1.2913,0.4731281850334791,0.41938389115157315,0.05096721649169922,2.8090388774871826,1
proximity_only,305,-0.7097207675893997,0.19200604105065588,1.074,0.4091332872085429,0.3121576872759175,0.10139942169189453,1.403902292251587,1
proximity_only,306,1.0116115803803134,-0.535446456693043,1.0637,1.9278236590885147,2.392897340307701,0.1011354923248291,3.610891819000244,1
proximity_only,307,-0.041100457852425554,0.1343346520904536,1.1541,1.3096442399075927,1.904919735894768,0.15610241889953613,3.5167605876922607,1
proximity_only,308,1.0772436982563796,-0.18057507532313088,1.4495,1.2470802214862453,2.5845747771602268,0.15227031707763672,4.110692501068115,1
proximity_only,309,-0.4506264766222849,-0.7002217701166814,1.3981,1.698893585357279,2.04569446259232,0.15221405029296875,3.9131617546081543,1
proximity_only,310,0.8401580511821607,-0.09280958820580043,1.4304,1.5266275195483725,1.9452725412562282,0.10109519958496094,3.711414337158203,1
proximity_only,311,0.8486111188880205,0.32404407573585325,1.4495,0.48215426691806496,0.5012364819706985,0.10128998756408691,3.710075855255127,1
proximity_only,312,0.6353495500490238,0.11742672192156478,1.105,0.4552113609264935,0.43737799186641224,0.15122079849243164,3.710826873779297,1
proximity_only,313,0.9521204343706913,0.10427753215149416,1.1248,0.28290427078562164,2.5179959934677183,0.15113615989685059,5.510681390762329,1
proximity_only,314,-0.6404951694765342,-0.5709947215136957,1.0514,1.7316320204867304,2.4446443671020273,0.1512131690979004,5.112895488739014,1
proximity_only,315,-0.4755599916799326,-0.06754909277726562,1.3901,0.6053474188946192,0.6546744859165629,0.1010138988494873,2.7098100185394287,1
proximity_only,316,-0.3398550724096364,0.3528462042754966,1.4421,0.4788401945515998,0.49880759873225466,0.05107855796813965,1.5041334629058838,1
proximity_only,317,-0.8499680899021446,-0.6434579761702761,1.2032,1.190070638929558,1.2751071925619646,0.10104203224182129,2.7091948986053467,1
proximity_only,318,0.31624072637246003,-0.3422556168534173,1.3103,1.2699997450763159,1.565337259661202,0.15125036239624023,2.909898519515991,1
proximity_only,319,0.6726646599866193,-0.6885637339713573,1.0773,0.5327791780770128,0.509956605870413,0.20123696327209473,3.110896110534668,1
proximity_only,320,-0.39326677856047054,0.6126744031490593,1.4649,1.754267806955789,2.6703387064040895,0.10126161575317383,3.8124146461486816,1
proximity_only,321,0.3521846654185121,0.22218686952759892,1.4323,0.9641242163699173,1.483637913695208,0.050920963287353516,3.1087701320648193,1
proximity_only,322,-0.22595368706040808,-0.03166420198940645,1.4881,0.7509674312477395,4.48286868838059,0.4035356044769287,7.41765284538269,1
proximity_only,323,-0.8071914383755114,-0.6350331449090014,1.4054,0.9581869221132763,1.577555195546938,0.20197391510009766,5.219472885131836,1
proximity_only,324,0.2518659612544083,0.20432486759460322,1.4407,1.4700370057606253,3.2609499568013964,1.8564963340759277,8.219198942184448,1
proximity_only,325,-0.5410495219625238,-0.599323787380534,1.0124,1.4660329759379083,2.930984052380699,0.9528684616088867,5.511539936065674,1
proximity_only,326,-0.8103962609555775,0.5433556263388298,1.3683,1.340865157541139,3.634639144902837,0.752291202545166,8.316307544708252,1
proximity_only,327,0.5323579495517163,0.45371157602712164,1.1661,1.4519108915935501,1.7103697535851585,0.051111698150634766,3.507093906402588,1
proximity_only,328,-0.20020971838015844,0.3765697062877079,1.4654,0.842082270303195,1.3991924125510455,0.10106563568115234,3.1103286743164062,1
proximity_only,329,0.21232808953670523,0.37996713592846654,1.4011,0.549088714723886,1.313429011587328,0.10102295875549316,3.2094719409942627,1
proximity_only,330,0.17033007397537636,0.2622040028918261,1.432,0.24683169344740327,0.36515684574457913,0.10109162330627441,3.713139057159424,1
proximity_only,331,-0.38324139019188974,-0.5237856095244792,1.4054,0.9620346288949461,3.071319402966592,0.1018061637878418,4.509575128555298,1
proximity_only,332,1.0611649370335183,-0.28010518210649915,1.1334,1.6284943654045758,1.969106971987809,0.10127139091491699,3.1080780029296875,1
proximity_only,333,0.4325588110427365,-0.05847908559338699,1.3937,0.7505579447670663,0.6573430293868203,0.15212798118591309,2.5091681480407715,1
proximity_only,334,-0.42020270268136595,0.6259628006619636,1.054,1.2978179079242147,2.318268986803218,1.9845728874206543,10.948095560073853,1
proximity_only,335,-0.47750686225843436,0.19163360510059435,1.4361,0.5968414314785153,3.201322803877507,0.45187830924987793,10.021091222763062,1
proximity_only,336,-0.3622725149707745,-0.10735605744017929,1.4293,0.49440589783079486,0.4123293658220472,0.10136103630065918,4.2087671756744385,1
proximity_only,337,0.5990443250183624,-0.1583721584683444,1.1112,1.173285707446297,2.1735929276074737,0.15110349655151367,3.808624267578125,1
proximity_only,338,1.0845214353248667,-0.6878899709992491,1.4083,0.6815795676924196,0.8350950523117523,0.05114865303039551,4.413480520248413,1
proximity_only,339,-0.0036642391662317086,0.2535040254103976,1.2302,1.5741835357175316,2.201634220581978,0.10164904594421387,4.410517692565918,1
proximity_only,340,0.9121910944703144,-0.16355544647587217,1.1526,1.118705170582296,2.52763824843261,0.10147500038146973,4.809256315231323,1
proximity_only,341,0.9353041510122815,-0.4535501523062141,1.3977,0.28970086571128734,0.4196031235630485,0.051115989685058594,1.7043969631195068,1
proximity_only,342,0.5800300104270868,-0.5622260006351449,1.1138,0.5906192052748809,0.4940204718832014,0.10090017318725586,2.907550811767578,1
proximity_only,343,-0.5168680782191803,-0.4166154715545921,1.0118,1.1699314517163946,1.3621619977193933,0.10134720802307129,3.5109283924102783,1
proximity_only,344,0.8203912550585057,-0.06661022524040017,1.0966,1.4412552146117314,1.9316622245594268,0.05082821846008301,3.508491039276123,1
proximity_only,345,0.00959501541528296,-0.03564095570060566,1.1641,0.8648761408156713,2.122444182110515,0.05106830596923828,4.010240316390991,1
proximity_only,346,-0.5488956845364849,-0.2056539686404807,1.4322,0.5488419204671174,0.5998771372543522,0.10149812698364258,3.714578628540039,1
proximity_only,347,0.4286520691208411,-0.2961888517552692,1.4834,0.9835623265845215,1.9885562284141458,0.10327601432800293,3.9235424995422363,1
proximity_only,348,1.0491853113456757,-0.11949317013887961,1.1396,0.7282774185567438,0.7068574626659554,0.15511703491210938,2.535881280899048,1
proximity_only,349,-0.5365398321164943,-0.028830594684031707,1.3207,1.664057372557211,2.62147063842753,0.3139939308166504,4.014148473739624,1
proximity_only,350,-0.018980928102300676,-0.4012665894645965,1.1998,0.7612699526526627,0.6943721112943837,0.10111403465270996,2.305363178253174,1
proximity_only,351,-0.5419229385403174,-0.5126911968198515,1.4906,0.4968206525309337,0.6605981340598688,0.10222077369689941,2.308757781982422,1
proximity_only,352,0.44266057374641776,-0.09085717671975568,1.2681,1.2504152789649519,1.9034371173190594,0.1014413833618164,3.409001111984253,1
proximity_only,353,0.2871723502343628,0.45000473942521746,1.4696,0.6097307026536681,2.174216613357051,0.6040248870849609,9.919645309448242,1
proximity_only,354,-0.3383562699733266,-0.6645626597332814,1.0577,1.5978032850985773,4.253114106754596,1.2534751892089844,7.514476537704468,1
proximity_only,355,-0.7950211023950139,-0.5752209781502231,1.4852,0.4967402344996095,0.6804979531363663,0.802499532699585,1.7098431587219238,1
proximity_only,356,-0.24637859993608047,-0.046059372862148784,1.0893,1.158001970761118,0.8484087884853317,0.5520071983337402,4.415286302566528,1
proximity_only,357,1.0825009037044344,0.5830730889031267,1.4813,1.647678964910378,3.2851970454373953,1.405238389968872,9.419219493865967,1
proximity_only,358,0.3937357167503217,0.4495197366705105,1.1327,0.9650575715714065,0.8387108181310405,0.1527423858642578,4.1160852909088135,1
proximity_only,359,0.09589392206921576,0.1732714898683474,1.0542,0.5239459515631599,1.1761166616259413,0.70332932472229,6.018381595611572,1
proximity_only,360,-0.2626828557662596,0.22523136800015264,1.2173,0.3044629779700562,1.2526744310859879,0.10145282745361328,5.010296821594238,1
proximity_only,361,1.04936567538461,-0.6139804165053391,1.3643,1.5645899695208452,2.3028903534721032,0.10117912292480469,3.8125765323638916,1
proximity_only,362,0.8476579481762156,-0.4995961892992917,1.1568,0.4632626115524505,0.3359356185529495,0.15136194229125977,3.1081111431121826,1
proximity_only,363,0.999225382997514,0.1957827908699734,1.3031,0.749763277314009,4.829510190241449,0.05103468894958496,6.3115644454956055,1
proximity_only,364,0.8491696792368195,0.04101779188175203,1.2557,0.3388063117594682,1.5182503124651054,0.25162744522094727,5.714232444763184,1
proximity_only,365,0.4936420205445542,0.18652939205793684,1.1926,0.38952817392433026,0.38863706597805037,0.15147066116333008,2.909663677215576,1
proximity_only,366,-0.09236074799345795,0.15179411045501023,1.2883,0.5957492047061278,5.408436336861618,0.3514108657836914,9.119099378585815,1
proximity_only,367,1.1078380044774612,-0.676756658605596,1.1274,1.3982821731230157,1.4617156906686999,0.2012937068939209,4.516534328460693,1
proximity_only,368,0.8528333385684477,0.3319976550960678,1.3544,1.0646221407877943,4.015814740230351,0.3536505699157715,5.8197715282440186,1
proximity_only,369,0.8682178424992715,-0.18771119805148062,1.0008,0.7232159881865668,4.687381412417509,0.2030165195465088,6.415601968765259,1
proximity_only,370,0.7281506569275744,0.30437977518307,1.4628,0.6501922572318539,4.94547937974987,0.10173249244689941,6.513477563858032,1
proximity_only,371,0.7479474164588928,-0.577832757920784,1.2692,0.9547874141153156,1.0221985223643422,0.10107421875,3.7101335525512695,1
proximity_only,372,-0.22967088513766432,-0.23948185108669928,1.3597,1.038982313052469,3.695989020836361,0.6017906665802002,5.0103490352630615,1
proximity_only,373,-0.10287784328217475,-0.12649496251664283,1.371,0.26850946371231005,0.3740606731182492,0.05096101760864258,3.7090706825256348,1
proximity_only,374,-0.42255159876443377,-0.6424288007421585,1.3353,0.608424410090916,0.6112408961957972,0.1013796329498291,2.3058130741119385,1
proximity_only,375,0.354829865791056,-0.10615918381801348,1.1821,0.9560056875690905,1.5998096355876998,0.10129952430725098,4.312277793884277,1
proximity_only,376,0.1558200981399842,-0.08460410013674957,1.035,0.39416012999883476,0.2765790855726499,0.20130205154418945,3.609560251235962,1
proximity_only,377,-0.11945228356643134,-0.19501749904765864,1.3321,0.3701146736510604,0.3778915926229027,0.10132646560668945,4.810361385345459,1
proximity_only,378,0.3318678939166073,0.3079496013588844,1.1651,0.7122408785672564,4.432316860030985,0.10100865364074707,7.414852142333984,1
proximity_only,379,1.0208479653826805,-0.7179484314026792,1.157,1.2108828742915616,1.3935247451963608,0.20123004913330078,5.512004375457764,1
proximity_only,380,0.4102948834544231,0.4908939742572821,1.424,1.3808564259258738,1.4734355613460022,0.30155110359191895,3.7106964588165283,1
proximity_only,381,-0.7535500324460904,0.5409151008307768,1.3599,1.2965682074237783,1.5796302078386895,0.10113954544067383,2.911709785461426,1
proximity_only,382,0.08999782670729739,-0.39018899595202206,1.1502,1.3997412123503796,2.827527710901579,0.1519327163696289,4.619434595108032,1
proximity_only,383,0.7185973295043389,-0.0021924058482002406,1.1546,0.7349343275106875,0.7885189801920985,0.15276288986206055,4.817928791046143,1
proximity_only,384,0.5464106363103696,-0.3684146229921246,1.2042,0.4380235884960508,0.5084270580639232,0.1019904613494873,3.8113837242126465,1
proximity_only,385,-0.5139619892222635,0.19285593134788648,1.2012,1.2009442410338398,2.4203771454479543,0.0511627197265625,4.109519004821777,1
proximity_only,386,0.5323296907338615,-0.596151107667822,1.1478,1.4178650470030054,2.062631831564074,0.051004648208618164,3.609255075454712,1
proximity_only,387,1.0355210667208832,-0.07860828140682341,1.0636,0.774679833790975,0.7863130458574694,0.10139822959899902,4.9097583293914795,1
proximity_only,388,-0.7869563598817484,0.1269499900661868,1.2102,1.9010603761209437,2.8827107924115967,0.10091471672058105,4.311731576919556,1
proximity_only,389,0.7506323193838982,0.4718996806407124,1.4702,1.6456531575306674,2.2734755360663383,0.051407575607299805,3.412168502807617,1
proximity_only,390,0.3379643199026656,-0.17824688248558762,1.3387,0.8839823725488805,5.239334008985638,0.10121583938598633,6.413312196731567,1
proximity_only,391,-0.17251882622201276,-0.4175398519690616,1.4514,0.6318474668449708,0.5916124754665545,0.10120344161987305,3.4098544120788574,1
proximity_only,392,0.7574215792941106,-0.1607836394865998,1.3078,0.9385500328929621,0.9730409830382533,0.05092334747314453,2.706085205078125,1
proximity_only,393,0.3634891815089678,-0.1222712094150471,1.1505,0.5498321871310853,0.423676602217212,0.10124945640563965,1.7038323879241943,1
proximity_only,394,0.587483762479369,0.44248318454439606,1.274,0.6148234371426858,4.792074605889936,0.10104179382324219,6.413625717163086,1
proximity_only,395,-0.8261483224561612,0.13906884160904753,1.0002,1.5952950049400434,2.0219916643541485,0.10254621505737305,3.4171338081359863,1
proximity_only,396,-0.41328085549813676,-0.20589516162582278,1.1435,0.5994340467420409,0.5592368516704501,0.2606992721557617,2.112046480178833,1
proximity_only,397,1.0847909010659067,-0.5555317799870487,1.2149,1.615321457933442,1.9581547213334658,0.2025601863861084,3.523608684539795,1
proximity_only,398,-0.024308363217431572,0.24297933001433425,1.29,1.4505293302381375,2.2578918561657093,0.15266942977905273,3.7123517990112305,1
proximity_only,399,-0.6185225183019238,-0.5999533417461554,1.3274,1.0311789609079451,1.0488672486058286,0.05103349685668945,3.709350347518921,1
proximity_only,400,-0.3296135588784648,-0.6338777870091323,1.2325,0.305828139713383,0.30557272778293326,0.05087924003601074,2.906858444213867,1
proximity_only,401,-0.49271896240745156,-0.2986874736532744,1.2211,0.37268552925957155,0.37624396976250996,0.10125160217285156,3.807927131652832,1
proximity_only,402,-0.735401943677243,-0.029811847292036453,1.1069,0.37979741576136605,0.5110091804286396,0.15161681175231934,3.713571071624756,1
proximity_only,403,-0.40978265365352173,-0.0010236293334023872,1.2366,0.40888823631067583,0.3385197538637217,0.10170769691467285,2.009359836578369,1
proximity_only,404,0.18332233294474665,-0.2973654232194739,1.4506,0.7655160543349449,2.0315557504779562,0.051460981369018555,3.8114049434661865,1
proximity_only,405,1.097384213940354,0.16636704685304626,1.398,0.9893049057072938,1.0711734351752726,0.10122370719909668,2.90948224067688,1
proximity_only,406,0.0490375235463294,-0.6603644212665211,1.0848,1.4847511207288342,1.9909842474156425,0.10147762298583984,4.10900092124939,1
proximity_only,407,-0.5255495682471185,0.20506671998759485,1.0424,1.0628924246780038,1.1607602225532807,0.10100865364074707,2.410247802734375,1
proximity_only,408,-0.6813872768002017,-0.12419033358125353,1.2577,0.38386079612001955,0.4645211203922052,0.10122299194335938,2.7092161178588867,1
proximity_only,409,0.4448550379336662,0.3499482461250879,1.3165,1.3221761655523847,2.3556970250707336,0.10147809982299805,3.91103196144104,1
proximity_only,410,-0.0815558548659513,-0.5335803976840064,1.1676,1.1234859462726456,2.8020245939429564,0.05112934112548828,4.5087831020355225,1
proximity_only,411,0.19719503221606915,0.41395374647320293,1.4092,1.057520232727184,2.705792521755864,0.10188579559326172,4.8096489906311035,1
proximity_only,412,-0.6963553755460551,0.2947415577626141,1.3756,1.0267734772021957,1.678535461584696,0.10128545761108398,5.1169188022613525,1
proximity_only,413,0.6769796697627048,0.2308152146988497,1.3364,1.4812007969407082,2.182455555119091,0.15408873558044434,3.7179553508758545,1
proximity_only,414,-0.35151088643670947,-0.24817257613413274,1.1123,1.2750739536448212,2.574995692534874,0.1525096893310547,4.21710991859436,1
proximity_only,415,0.2246360410919297,-0.3232095971558756,1.0996,0.6605320602883519,1.3694969871362246,0.1520071029663086,5.112325429916382,1
proximity_only,416,0.3173779687207434,-0.03445646634501198,1.0122,0.3989855431319319,0.34594919427151577,0.050975799560546875,1.6094715595245361,1
proximity_only,417,1.0934571853798056,0.4268578919417617,1.1224,0.8782708409976254,4.571658120701399,0.15146970748901367,6.514865398406982,1
proximity_only,418,-0.6423617993909864,0.3801758994668972,1.2376,1.8087074648143593,2.1180436200791846,0.05125260353088379,4.2109055519104,1
proximity_only,419,0.8474883597929666,0.36434149976161156,1.4249,1.5589370658008963,2.0693760605114084,0.1011054515838623,3.307262420654297,1
proximity_only,420,-0.7126179809924182,-0.18930523437666813,1.0364,1.8297143810043042,2.712860744362521,0.10132098197937012,4.014107704162598,1
proximity_only,421,-0.1870303420021091,0.5974884159815231,1.2072,0.9843840814493791,1.0602252784548627,0.10109925270080566,2.812429904937744,1
proximity_only,422,-0.6103360986256564,0.44140789864258345,1.3149,0.44352025246925336,0.49364040469718595,0.05095815658569336,3.2100276947021484,1
proximity_only,423,0.32859332262243734,0.30784866644071573,1.0972,1.0875341270098486,1.5507470757312443,0.10177469253540039,3.3126823902130127,1
proximity_only,424,-0.0828498789552754,-0.5418821347690697,1.3482,1.0017810015322177,2.6270251992116496,0.10102033615112305,4.409189224243164,1
proximity_only,425,-0.8218408004261168,-0.5572815187012735,1.2472,0.6917576792208238,0.738427823004351,0.10109138488769531,3.7082643508911133,1
proximity_only,426,1.0412595234056818,-0.14874791517439856,1.122,1.9106510779025665,2.372563251343313,0.10104012489318848,5.312593460083008,1
proximity_only,427,-0.0018878331295721917,-0.5978167238243639,1.328,1.1973297355868733,1.19797803522464,0.10428977012634277,4.9178125858306885,1
proximity_only,428,0.35502332660749825,0.15037630095506282,1.0028,0.9944799903929936,0.9993780540065009,0.15584659576416016,3.126281499862671,1
proximity_only,429,0.6744694635876478,-0.11123421774095399,1.3755,0.4444040745841709,0.5964426498796979,0.15258574485778809,1.6043119430541992,1
proximity_only,430,-0.7584789281052013,0.21197840445165217,1.385,1.5784376680955052,2.96161740177157,0.10148191452026367,4.209005832672119,1
proximity_only,431,-0.5910617512619771,-0.5762170932335826,1.0533,0.9868509013054153,1.0317037142907437,0.10129833221435547,4.409134149551392,1
proximity_only,432,0.4988637792377695,-0.6574110693692938,1.2126,1.140783601359351,1.2481962819637442,0.0510401725769043,2.910179376602173,1
proximity_only,433,0.7402890741609294,0.10231150812940903,1.0879,0.8971904449760699,0.9367113472302737,0.10106611251831055,3.908491849899292,1
proximity_only,434,0.17159618147289346,-0.15756143053462957,1.479,0.7470842525455333,0.7771317444092478,0.10151243209838867,3.7099790573120117,1
proximity_only,435,0.018473173963861278,-0.4755886687582688,1.259,0.41562396359149895,0.41821712376650977,0.10110592842102051,3.306969165802002,1
proximity_only,436,0.7671801090135448,0.26498615889136656,1.0251,1.077955497107334,4.884977702015101,0.1012728214263916,7.3172173500061035,1
proximity_only,437,-0.04818277560771267,-0.08163313565306529,1.1246,0.9406242738642562,4.688270837063992,0.1012117862701416,6.713510036468506,1
proximity_only,438,0.6338944294280715,-0.5546112643283553,1.4242,0.7777341550531832,0.9169246329842873,0.10157346725463867,2.706407070159912,1
proximity_only,439,-0.8489766246558035,-0.41158919725822996,1.2282,1.5981495834362007,1.8866040181436743,0.10186314582824707,3.0097944736480713,1
proximity_only,440,1.028880909044288,-0.07268854364517796,1.4007,2.0093282911902888,2.583150630679716,0.10173273086547852,4.310684442520142,1
proximity_only,441,0.027575877097842483,0.4171466316842324,1.3338,1.2418098684081773,3.121075392615035,0.7534537315368652,4.609600067138672,1
proximity_only,442,-0.5756035465765232,-0.2968952764530576,1.4939,0.9522027454238192,1.0773855779073358,0.05103611946105957,2.1047210693359375,1
proximity_only,443,-0.12798941884108517,-0.2009895932447714,1.2977,0.6640610667930379,0.5457030773522451,0.3022000789642334,3.12939715385437,1
proximity_only,444,0.8951118534795446,0.5696298592563976,1.475,1.3455252768447528,2.250466839061175,0.25353312492370605,3.718956232070923,1
proximity_only,445,0.49088298746352654,-0.14173330754789149,1.4457,0.9461030977980065,0.9590525920681777,0.15211749076843262,3.70971941947937,1
proximity_only,446,-0.7968389763566719,0.4960209771940721,1.3063,1.444416950626513,2.329413536079014,0.20224356651306152,3.9117271900177,1
proximity_only,447,0.4338394738118614,0.486891775730781,1.3596,1.3049558177738703,1.6461800161754034,0.10136890411376953,4.615125417709351,1
proximity_only,448,-0.7408956556087125,-0.030707377847289496,1.2524,1.394131816340571,2.152542268782992,0.10131406784057617,4.510087966918945,1
proximity_only,449,0.1422238470507209,0.19163296863227752,1.4153,1.0091036776903581,2.286541657612936,0.1010444164276123,4.008841276168823,1
proximity_only,450,0.5467529551402361,-0.6439561223378227,1.2739,0.9222752331146046,4.782889153420693,0.10123300552368164,6.112491130828857,1
proximity_only,451,1.0227857714295696,0.2703364858966756,1.4486,1.0881248503338667,4.759408992335161,0.10117816925048828,6.01233983039856,1
proximity_only,452,-0.17988819864372618,0.32137395184294404,1.3718,1.3361838077195283,1.9998561004266828,0.10116219520568848,3.710477590560913,1
proximity_only,453,-0.5279152973678448,-0.6078043772937921,1.2373,1.0671481877938553,1.1195535980161198,0.05091547966003418,3.709474563598633,1
proximity_only,454,-0.347677979059842,-0.7142216235435258,1.1296,0.2356890269195687,0.23721707055587335,0.10112237930297852,2.1053307056427,1
proximity_only,455,-0.287428451039753,0.3139126051295956,1.1236,1.0292189289723868,1.2097396990303222,0.25194311141967773,3.7151827812194824,1
proximity_only,456,-0.4653278463284098,-0.5762150614489756,1.3188,0.9516003073448736,1.0857817023443406,0.15238523483276367,2.4169111251831055,1
proximity_only,457,0.403218230518521,-0.01436486891565636,1.3829,1.1018914856834034,1.838120305930275,0.15288233757019043,3.5198256969451904,1
proximity_only,458,0.7100515278593669,-0.3406625215728744,1.2606,0.4300053513783885,0.5096618335643303,0.1522808074951172,3.712686777114868,1
proximity_only,459,0.28136170856676257,0.28485254853617714,1.3134,0.7596950044052387,0.7657706100413928,0.051381587982177734,2.009129285812378,1
proximity_only,460,-0.6191142307021915,-0.27822044676355917,1.1373,1.076658349824183,2.472433903867882,0.10145950317382812,4.21083402633667,1
proximity_only,461,-0.13536495875404864,-0.1493263628346746,1.0387,0.6213569637862539,1.514708053844478,0.15175890922546387,3.6079261302948,1
proximity_only,462,0.9961763104100105,-0.41228821394213816,1.1429,1.1176877887609082,1.5410423452046447,0.10164880752563477,4.708960056304932,1
proximity_only,463,0.884885152214772,0.1443440565882531,1.1359,0.5675744986066829,0.579827250808977,0.15106511116027832,3.7110683917999268,1
proximity_only,464,0.8342353327923302,0.42011070136044204,1.1599,0.32612054985298616,0.37867683591647855,0.10108613967895508,3.7091124057769775,1
proximity_only,465,0.6234931027751236,-0.11021873074533162,1.2701,0.5809732443832981,0.6546176938607372,0.25139307975769043,3.712045907974243,1
proximity_only,466,0.6659188389624542,0.15856636497379228,1.0692,0.437610033113062,0.3613714382189744,0.10141849517822266,2.5055460929870605,1
proximity_only,467,1.0786154237375754,0.5449712033670414,1.1156,0.517472996737424,4.65783567655511,0.9524662494659424,6.617809772491455,1
proximity_only,468,-0.6119135710130583,0.25449639631979604,1.347,1.7668308212312787,2.1318909694763652,0.05089616775512695,3.2094321250915527,1
proximity_only,469,0.12960003743052506,0.4121259604873889,1.3532,0.8383457990865071,1.6200105451353624,0.10615229606628418,4.509387969970703,1
proximity_only,470,0.29706912248928785,-0.04451260853703132,1.0321,0.6580380204964916,4.542812270905104,0.20140457153320312,7.3213019371032715,1
proximity_only,471,0.49237066866327983,0.4569456863927498,1.2038,0.5410520638474775,4.695828931520583,0.15230917930603027,6.516370058059692,1
proximity_only,472,-0.5557380195200363,-0.10882003014720865,1.2713,1.2511581686615367,2.1399606813141254,0.10219025611877441,3.811896324157715,1
proximity_only,473,0.5668471193539755,0.6197468731540255,1.2079,1.4414075809734208,1.9884333370908043,0.05131173133850098,3.911327362060547,1
proximity_only,474,0.7127406599617341,-0.46265503801989294,1.1034,1.1652803066041135,4.026148558755399,0.05116677284240723,5.71212911605835,1
proximity_only,475,0.34788316241567485,-0.48465401463841823,1.2101,0.4059648803897277,0.3700281241335598,0.10110616683959961,1.9093616008758545,1
proximity_only,476,0.22547695100965703,-0.7358145109920379,1.4524,0.28452510083025007,0.40683581207150904,0.10105252265930176,2.9089579582214355,1
proximity_only,477,0.6050443573733022,-0.4647917103329638,1.292,0.5784037900046718,0.5385799580177576,0.050925493240356445,2.7056548595428467,1
proximity_only,478,-0.22502153641792721,-0.538427818843221,1.3478,0.8880045112398651,0.832020170707079,0.10110068321228027,3.607208251953125,1
proximity_only,479,1.1017346571772042,-0.2369427050835904,1.4284,1.3218208154230453,0.0,0.0525054931640625,0.0,0
proximity_only,480,0.8834400368817776,0.07184291517264152,1.3828,1.2551281169278534,2.1761394701861247,0.15117835998535156,6.8135271072387695,1
proximity_only,481,0.5057151663566712,-0.7385781058077211,1.1902,0.9150674286582496,0.9573615205934525,0.10205197334289551,2.1048922538757324,1
proximity_only,482,0.701099110591181,-0.6152308608830164,1.0029,0.2982478233194185,0.32570357865624644,0.451826810836792,3.7082386016845703,1
proximity_only,483,0.40008919234416074,-0.6538911611804015,1.1759,0.3172481278988494,0.3320303814574234,0.1011648178100586,1.904897928237915,1
proximity_only,484,0.23822830713285081,0.08619205390352902,1.3767,0.8361212484175385,0.8600722005941874,0.10138869285583496,2.206002712249756,1
proximity_only,485,-0.3382153327058792,0.3906178895874054,1.4267,0.7733780253794686,3.103534993468233,0.1012725830078125,4.811856031417847,1
proximity_only,486,-0.7569520582384333,-0.28375655011161244,1.4767,0.8329039617580947,1.3777925718346506,0.1014857292175293,4.9155144691467285,1
proximity_only,487,0.6900348599807096,-0.03227231644922868,1.2095,1.6276006086403176,2.473157985219216,2.1076436042785645,4.0361411571502686,1
proximity_only,488,-0.22252196234634447,-0.14665739087709528,1.3738,1.018068221126961,2.201350479392815,0.15191864967346191,4.010735750198364,1
proximity_only,489,0.31268253283433034,0.26780111896464687,1.2731,0.8093488171658478,2.172707245621026,0.10156774520874023,4.009575605392456,1
proximity_only,490,0.4005642254787496,-0.16420517477394503,1.3016,0.45255365063861036,4.9184951749235735,0.2013225555419922,6.514404535293579,1
proximity_only,491,-0.6384576695898463,-0.17979068155729994,1.1103,1.2062399991879393,1.92299299560166,0.05092811584472656,3.7094454765319824,1
proximity_only,492,0.2604508415722837,0.06459510182466044,1.1097,1.0222148062472245,2.063370924343944,0.1009833812713623,4.110863208770752,1
proximity_only,493,-0.20999862571349048,-0.7070057224769429,1.2179,0.9387853571627021,1.020007547370396,0.15166592597961426,5.612631559371948,1
proximity_only,494,-0.33177365463388575,-0.0311597751878675,1.0145,0.7158489661074134,1.047364617509489,0.9559006690979004,5.011331796646118,1
proximity_only,495,-0.35907382392803644,-0.15265153929670316,1.1681,0.14374923017831084,0.22409334908603745,0.10122799873352051,1.403468370437622,1
proximity_only,496,-0.5041469898286783,0.3598319076593063,1.3396,0.6431984616596285,2.1654146783590176,0.10118222236633301,4.209407567977905,1
proximity_only,497,-0.6084426946715995,-0.6322535200977107,1.2022,1.1183119661484051,1.257675783563244,0.10116076469421387,2.5125372409820557,1
proximity_only,498,-0.007161907416714075,0.2593443061683932,1.0825,1.163095370042665,1.1768965020288196,0.20274877548217773,2.7152864933013916,1
proximity_only,499,0.336466246264685,-0.5570234909504601,1.2337,0.9286610731772783,1.9031213415408252,0.15273141860961914,3.811122179031372,1
proximity_only,500,1.0230101789874138,-0.6482516855262773,1.0638,0.7054991261002912,1.2595115168392705,0.20233511924743652,4.210526466369629,1
proximity_only,501,-0.3542993348354344,-0.4036511300750722,1.3111,1.4207097663721608,1.7198624732111345,0.15155816078186035,3.7135519981384277,1
proximity_only,502,-0.3339956428130534,0.30041321256228215,1.0135,0.8536171491563206,0.85477717827838,0.15128326416015625,4.411517381668091,1
proximity_only,503,-0.7434442757073885,-0.07307717989276985,1.197,0.5492019725572845,0.6288738071661601,0.05121445655822754,4.910292387008667,1
proximity_only,504,0.9235590325286225,-0.5516768600844242,1.2822,1.821487491203175,2.2667464204721437,0.05109000205993652,3.408963918685913,1
proximity_only,505,-0.18456552735497378,0.4933710169743125,1.0136,1.667157860638896,2.6621175030894433,0.10111069679260254,4.712417840957642,1
proximity_only,506,1.036447768611257,0.026671084076570928,1.3214,1.3602507017629275,3.30583088235509,0.10103178024291992,4.915545225143433,1
proximity_only,507,-0.04295164159501208,-0.3855431952181417,1.0678,1.3055542689762847,1.253107631207969,0.051113128662109375,2.91025710105896,1
proximity_only,508,-0.36455741623550086,0.15583590242537837,1.2308,0.6960838569161499,1.7921090320915865,0.05089974403381348,3.8087446689605713,1
proximity_only,509,0.046514188616282315,0.5925353229137321,1.0251,0.7168967339342663,1.0955008885657072,0.1010291576385498,3.0115530490875244,1
proximity_only,510,-0.646862154352116,-0.5351868573181999,1.1896,1.3782049286730154,2.2782470359338935,0.10170698165893555,4.2108330726623535,1
proximity_only,511,0.8129210266411351,0.028120111100189304,1.1058,1.6578046433723912,2.160449128233824,0.1010749340057373,3.712501049041748,1
proximity_only,512,0.83179687221858,0.2501468526084567,1.1634,0.24783961428333,0.33651410103127444,0.15124249458312988,3.7087254524230957,1
proximity_only,513,0.2042927467731246,-0.6307093749439266,1.3806,1.1022385350081911,1.1286794951770518,0.10152292251586914,2.1050336360931396,1
proximity_only,514,-0.5444348613963874,0.556389253978388,1.1896,1.4162641209125126,2.748372518713533,0.25336146354675293,4.212689638137817,1
proximity_only,515,0.04326980190320351,-0.17723414586288522,1.376,0.9998428109507782,0.9555487050620302,0.15319418907165527,2.8186497688293457,1
proximity_only,516,-0.7495747041421027,-0.0388213605895642,1.416,0.6866171804570677,0.7622127304466266,0.1025383472442627,2.507179021835327,1
proximity_only,517,-0.77002206328744,0.33734624595366147,1.1261,0.5526186441743983,0.5093449384887992,0.15278339385986328,1.805781364440918,1
proximity_only,518,-0.5465520074971895,-0.2892845008665623,1.041,0.7565659473913978,0.7410526889876953,0.10245251655578613,2.1176953315734863,1
proximity_only,519,-0.46692531463328774,0.4631385273809042,1.0097,0.7915362924086585,0.8752078224204748,0.20211029052734375,3.5113744735717773,1
proximity_only,520,-0.39970590904178915,-0.12299714109532234,1.2697,0.6616224572374859,0.7073199711077116,0.10110878944396973,4.711909532546997,1
proximity_only,521,-0.8191541711309405,-0.6534088916080839,1.5,0.6426219467702647,0.7867647277536254,0.05096936225891113,2.505744695663452,1
proximity_only,522,0.19470696354227957,-0.05900561396088522,1.175,1.3654171340237367,1.8416916486248862,0.10190224647521973,4.1120216846466064,1
proximity_only,523,0.7564084643096469,-0.2203029096846093,1.3251,0.5010238778131106,0.5756686642870894,0.050887346267700195,3.7118301391601562,1
proximity_only,524,-0.46913487800892023,-0.023945086738425436,1.3906,1.2430196933648239,2.471353719685608,0.10130882263183594,4.912397861480713,1
proximity_only,525,0.27179005117645416,0.12891624171411742,1.3259,0.8906490520167042,2.58782929575148,0.10143208503723145,4.311031818389893,1
proximity_only,526,0.9407085155827597,-0.010618336403803608,1.3771,0.59628762327389,0.6613689367412174,0.10138940811157227,3.7120628356933594,1
proximity_only,527,0.6992439965686201,-0.3077694557092183,1.4748,0.3962144741638091,0.3962395136456768,0.10110020637512207,2.706078052520752,1
proximity_only,528,-0.3241753060171827,0.6083585035107152,1.0997,1.4243355683124685,4.282384234753703,0.2013249397277832,6.420017957687378,1
proximity_only,529,-0.5078663686302323,0.48534186155081416,1.0102,0.3533298236651287,0.5552695703617341,0.10166358947753906,2.8081235885620117,1
proximity_only,530,-0.0002789847939322909,0.10241948644590804,1.0762,0.6952675060228444,0.6633252352179657,0.10108780860900879,4.212457180023193,1
proximity_only,531,0.7197422072451227,-0.04884589310569898,1.0631,0.7889777995538377,2.185424632453368,0.10127758979797363,4.2109293937683105,1
proximity_only,532,1.0775066523303387,0.1747220783561837,1.3347,0.41029676990030267,0.7654990372165814,0.3037288188934326,4.911953449249268,1
proximity_only,533,0.8749808169598043,-0.15562916879707478,1.282,0.3911240749629296,0.39194064348674634,0.10145998001098633,1.70772123336792,1
proximity_only,534,0.23643576497127428,-0.01835291920344262,1.109,0.6756454689941134,0.6552806796294994,0.3057584762573242,4.220837593078613,1
proximity_only,535,-0.7156161492375155,0.262076177727658,1.3497,1.0574961196188022,2.782173457761951,0.15268969535827637,4.4202024936676025,1
proximity_only,536,0.7503838844738024,5.061935013805918e-05,1.3834,1.5966755001944788,3.1414957628614784,0.10248970985412598,4.516106128692627,1
proximity_only,537,0.06085477568483855,0.38592909745418813,1.0839,1.0017048505029986,4.973150279787471,0.15190649032592773,6.714327573776245,1
proximity_only,538,0.10652907045009441,0.39501447284873803,1.3036,0.10232598498965227,0.22734963372473455,0.10144805908203125,2.21046781539917,1
proximity_only,539,0.5382117882956075,0.39189406426090445,1.374,0.3565141125925955,0.47967304424293433,0.10107922554016113,2.10530424118042,1
proximity_only,540,-0.5916115162937101,-0.264928500486103,1.0573,1.4958572162190802,2.482316984289505,0.051047325134277344,4.012407064437866,1
proximity_only,541,0.417574513235478,0.11015585171536446,1.4097,1.1706690160027726,2.274993644793348,0.1009521484375,4.009605884552002,1
proximity_only,542,0.061091165783162205,0.6022901848328225,1.4824,0.6695959927544333,0.724464455478965,0.10244345664978027,3.7131192684173584,1
proximity_only,543,0.46718392803351017,-0.2963070827968456,1.054,1.0738135580321957,1.206180824524082,0.1517503261566162,4.2121641635894775,1
proximity_only,544,-0.5263849915172485,0.4327829937365505,1.0128,1.3121601955959072,2.478821983554205,0.10152316093444824,4.4103474617004395,1
proximity_only,545,-0.31947479268335854,0.14031974442066442,1.156,0.41459511843111585,0.3706853961902762,0.10171031951904297,3.307631731033325,1
proximity_only,546,-0.2678742387870786,-0.4508266268661139,1.3387,0.6402029735930287,0.7032849058032067,0.10136580467224121,3.016669273376465,1
proximity_only,547,0.421568650833003,0.5462308205482153,1.4791,1.2974688270157964,2.511405609734495,0.10139226913452148,4.008584976196289,1
proximity_only,548,0.6897026343280379,0.1706892573760176,1.1983,0.6145407289881174,5.269463194443973,0.10181117057800293,6.719770669937134,1
proximity_only,549,0.45639144219736316,0.02704542696712453,1.3575,0.3566500135210096,0.4391334380843852,0.2024240493774414,3.7155895233154297,1
proximity_only,550,0.039430093522217935,0.4449103994841487,1.038,0.6707781901093018,4.585132182770901,0.25255608558654785,6.8158860206604,1
proximity_only,551,1.0630182511081268,-0.5908699047696422,1.3453,1.4475355975579014,4.08199886748016,0.10125136375427246,5.711748123168945,1
proximity_only,552,0.593489967360056,0.5184371827216331,1.3136,1.3246665428091866,4.4793225296680586,0.1012420654296875,5.712173700332642,1
proximity_only,553,-0.2938234672245187,0.5083982020987395,1.051,1.0277981713786535,1.253218167489422,0.10150623321533203,4.409214496612549,1
proximity_only,554,-0.8373110067998992,0.5799014306197118,1.3862,0.5513319699965183,3.029323847496144,0.10175585746765137,6.313560247421265,1
proximity_only,555,0.7708602257502346,-0.3561898733778862,1.4251,1.8612135371882907,3.192947624989309,0.1013641357421875,4.4099884033203125,1
proximity_only,556,0.5217056073272972,-8.029308989310202e-05,1.3002,0.5942228038673395,0.48698992346061815,0.10126852989196777,1.7079052925109863,1
proximity_only,557,-0.8484152000983621,-0.09891281545176889,1.0605,1.5150942224392296,2.4935594517621342,0.10121917724609375,4.008011102676392,1
proximity_only,558,-0.2838746651215207,-0.330911140789403,1.4919,0.7199514057981903,0.7742191667454533,0.1013188362121582,3.7117364406585693,1
proximity_only,559,0.9165378804705187,0.4280105634134833,1.3913,1.4237770646895818,2.6702964831363603,0.10098099708557129,4.058924913406372,1
proximity_only,560,0.8955435513127907,-0.4883563333275463,1.1736,1.0211983061963952,4.497841882493935,0.1013486385345459,6.012109279632568,1
proximity_only,561,0.701854148383777,-0.6953630535178119,1.2142,0.29027953381857735,0.31725518831432736,0.05101156234741211,2.3094542026519775,1
proximity_only,562,0.8229896579860032,-0.02653362325410802,1.1853,0.7747961215679203,0.7979402370759724,0.10136771202087402,3.010011672973633,1
proximity_only,563,0.31417540320723125,-0.5850820620401551,1.253,0.7953616866014341,0.8225922524364824,0.05121779441833496,2.3100814819335938,1
proximity_only,564,0.45335492114327147,0.3964400622612222,1.1706,1.070085848243438,4.350227536855659,0.10117292404174805,5.91933798789978,1
proximity_only,565,0.15257866917849183,-0.15159273821895947,1.4248,0.7102637645966221,4.7642312671087135,0.3526651859283447,7.719925880432129,1
proximity_only,566,0.6608294776571699,0.08404279421479088,1.4112,0.5083888061571779,0.5794217197057776,0.1020669937133789,2.1061770915985107,1
proximity_only,567,0.3302515450205705,0.12441657794839256,1.0528,0.6472195939999127,0.5145896961051671,0.15193414688110352,4.710040092468262,1
proximity_only,568,-0.402406865681134,-0.03901216965208354,1.4804,0.867067994802498,2.2546827817043296,20.683882236480713,4.617807865142822,1
proximity_only,569,0.09355613000734608,0.15315613261547922,1.3178,0.5210857858839603,0.9308878105633266,0.40343594551086426,5.618631601333618,1
proximity_only,570,0.6008031418619415,-0.04739043425359135,1.4144,0.6757293138776553,2.448594115441177,0.20264911651611328,4.419407367706299,1
proximity_only,571,-0.36879588677145925,-0.24581384993613936,1.3537,1.1285652393458276,2.1792449230238855,0.1018824577331543,4.111886501312256,1
proximity_only,572,-0.5954722386493243,-0.36265714109474584,1.2177,0.296773292140513,0.40716024388453304,0.10371160507202148,3.710254192352295,1
proximity_only,573,0.08240537717814755,-0.47356174269744805,1.3669,0.7024589645831392,1.4631649085951013,0.10109233856201172,6.111952781677246,1
proximity_only,574,-0.46274070953503815,-0.033229208515224706,1.4827,0.7750429298185391,1.653176365789739,0.5016491413116455,4.110191106796265,1
proximity_only,575,-0.4388056203601179,-0.6925448479238717,1.135,0.7938491903530741,1.6111806264009858,0.6019737720489502,5.9115517139434814,1
proximity_only,576,0.717724816927189,0.042994835989419444,1.4041,1.4356734520322358,1.8970283264165506,0.10154175758361816,4.111144542694092,1
proximity_only,577,0.973735871915842,-0.19750133334009856,1.2691,0.3754578338498602,0.46148488708461627,0.10124993324279785,3.710294723510742,1
proximity_only,578,-0.647372304129376,-0.26866340179047504,1.2417,1.6218579616371074,2.4183446129039967,0.10117268562316895,3.911865711212158,1
proximity_only,579,0.10520932223411517,0.22190354452750682,1.2178,0.9769512748959797,2.4404014859224636,0.10116457939147949,4.214303493499756,1
proximity_only,580,-0.32848211642031233,-0.20085247212883384,1.3655,0.6761300425100312,2.235173834058735,0.1009836196899414,4.212964057922363,1
proximity_only,581,0.9258850070670919,0.23808085349746078,1.1342,1.5159172144068191,2.5311393405669262,0.051273345947265625,4.112070322036743,1
proximity_only,582,0.759752541526606,0.569253142780375,1.4259,0.4459608929834704,0.5089704753866912,0.30181884765625,3.2071468830108643,1
proximity_only,583,0.3883475157035128,-0.6727399858985535,1.4154,1.387650825054753,4.469031975588024,0.10253167152404785,5.6107261180877686,1
proximity_only,584,0.3237225877456864,0.2003745411388418,1.0433,1.0779495756688393,4.522042802822709,0.10160112380981445,6.115731954574585,1
proximity_only,585,0.031260760749884264,-0.23592114810050058,1.4408,0.6270890673474822,4.2753022755416215,0.10123109817504883,7.115338563919067,1
proximity_only,586,0.6158348907562847,-0.645435468931307,1.1219,0.731188608448973,0.7043494158528084,0.20712018013000488,5.617872953414917,1
proximity_only,587,0.9935003604287094,0.17561881659728396,1.2324,0.9380023864278242,4.457484050099746,0.15243029594421387,6.1223554611206055,1
proximity_only,588,0.30363568817532327,-0.7290797531458806,1.3052,1.203500783872782,3.403201061816506,0.10193443298339844,4.931850433349609,1
proximity_only,589,0.34112061425943163,0.4574618674227583,1.1895,1.2710183734235008,3.132995346030176,0.10391020774841309,4.910610198974609,1
proximity_only,590,0.9156624550405383,-0.6517061578551653,1.0143,1.2620999973908047,1.5834406293323058,0.15149617195129395,4.910802364349365,1
proximity_only,591,-0.8497974975313481,-0.16312492658462396,1.4255,1.8772709904238274,4.08151476070571,20.1291446685791,5.2145164012908936,1
proximity_only,592,0.27101017550787976,-0.6829025146475063,1.0909,1.3971928257513349,1.6629267619483383,20.12757658958435,2.907447576522827,1
proximity_only,593,-0.19284230601179142,0.25888437189294156,1.1061,1.109836462676392,1.7104425125883618,0.1013336181640625,4.409876108169556,1
proximity_only,594,0.4995207824584045,-0.15227469966593643,1.3989,0.8972064656850882,2.550883399506243,0.10139727592468262,4.410651445388794,1
proximity_only,595,-0.26588664542158247,0.34106560973117006,1.1702,1.0876000814889089,2.737983184772558,0.10120224952697754,4.510341644287109,1
proximity_only,596,0.7570411446105278,0.4352906519466039,1.4402,1.1043663826612218,1.6774449545003867,0.10112500190734863,3.207749843597412,1
proximity_only,597,-0.2410059660875028,0.05694107782031255,1.3506,1.1747919652834675,2.0252529857879478,0.051355838775634766,3.610032081604004,1
proximity_only,598,0.5254711797600604,0.20286849540819618,1.1381,0.9286795041467392,2.0220218605582514,0.10125494003295898,3.859041690826416,1
proximity_only,599,-0.0196908511679047,-0.5470756460314574,1.0051,1.0115151619087812,4.1826954029548125,0.10156369209289551,6.117524862289429,1
proximity_only,600,-0.5668607810033723,-0.7080347778894983,1.474,0.6662800745750146,0.9583759388906794,0.10120701789855957,3.7076399326324463,1
proximity_only,601,-0.19792254183587987,-0.6444678647233275,1.0428,0.7221885788302396,3.869161633987906,0.3014943599700928,6.515722036361694,1
proximity_only,602,0.4690531079547886,0.08934068874799661,1.36,1.0415607272373915,1.7017728294636876,0.7090959548950195,3.815736770629883,1
proximity_only,603,1.085287284920383,-0.11920177247653807,1.2443,0.583100476992849,0.6243050258112315,0.10267210006713867,2.3075523376464844,1
proximity_only,604,0.08943878472492639,-0.7051645468993544,1.3791,1.2062407444380092,1.6648796420810796,0.10253310203552246,3.113004207611084,1
proximity_only,605,-0.11150229486214391,-0.6894194787220714,1.3453,0.21453249970724145,0.20467874472653957,0.10126137733459473,4.0096540451049805,1
proximity_only,606,-0.5558305759299493,-0.7109142196450725,1.323,0.39889316404921493,0.4424130607950393,0.10148477554321289,2.1047441959381104,1
proximity_only,607,-0.29971686195019875,0.4937142934646447,1.2454,1.3341424425279667,1.5286591475760747,0.05158734321594238,2.809443712234497,1
proximity_only,608,-0.2507179661580867,0.477666645752128,1.3965,0.13246730892562947,0.15138918759364986,0.05125236511230469,5.1136510372161865,1
proximity_only,609,1.0773140894831401,-0.34673092843704334,1.0465,1.7220474277537385,2.847192766897474,20.071847200393677,5.521279573440552,1
proximity_only,610,-0.10891540481141992,-0.27530811875430916,1.1108,1.2409488273969531,1.6889675549091447,0.10251307487487793,3.3177096843719482,1
proximity_only,611,0.22445616397957813,0.0013024122513455305,1.3459,0.5173169400514362,1.6846622281113137,0.15207719802856445,3.8102760314941406,1
proximity_only,612,-4.524368077551966e-05,-0.32759411539104755,1.1531,0.5665827210628186,0.5065532887637085,0.2521226406097412,3.413818120956421,1
proximity_only,613,-0.7587424920815327,-0.27247647708110384,1.2908,0.8123217957047764,1.615117426865737,0.10161423683166504,3.413588762283325,1
proximity_only,614,0.232378893627587,-0.26584134837208256,1.2366,1.1198708244007443,1.8398515130339632,0.15213441848754883,3.513127565383911,1
proximity_only,615,0.007094710918766123,0.11744595763254173,1.2655,0.5275066650957454,0.46034852484522343,0.10204553604125977,2.30613112449646,1
proximity_only,616,1.0968075067992018,0.4665524831926259,1.2128,1.050980952995804,1.1531982208725002,0.20145106315612793,5.310396671295166,1
proximity_only,617,0.3571490710123255,-0.46639716385197666,1.373,1.2011903418136827,1.4216724688816438,0.10143637657165527,3.311373472213745,1
proximity_only,618,0.06953224629889043,0.0031157783578292797,1.1654,0.7468089035629311,0.6534969893435463,0.10119152069091797,2.208120822906494,1
proximity_only,619,0.9295390388776137,0.2492248055164148,1.3514,0.8217387207167044,5.413704508656049,0.10159540176391602,6.813975095748901,1
proximity_only,620,-0.6140470545418966,0.34316045733369205,1.1355,1.669915646929606,2.191591411177576,0.10106897354125977,3.9093453884124756,1
proximity_only,621,-0.32642867972581047,0.4621224583189917,1.1257,0.3706179361918175,0.3188881835323273,0.10140347480773926,4.209398031234741,1
proximity_only,622,0.04402304923960998,0.6048766575955294,1.0603,0.46532679298356294,0.41934529090835926,0.25153303146362305,2.6092634201049805,1
proximity_only,623,0.2938658768642759,-0.227296706518467,1.0963,0.9236640664512071,2.70989979834877,0.10117077827453613,5.0110182762146,1
proximity_only,624,0.6368840153105959,-0.21189334362515966,1.0598,0.3237673642096629,0.32551319569848447,0.15127968788146973,4.6094841957092285,1
proximity_only,625,0.2711670359400662,0.4463029980881349,1.2679,0.8020233475948871,1.1133981423336872,0.10130858421325684,8.017843246459961,1
proximity_only,626,0.7671425036146926,0.30746118985558224,1.3811,0.5269637096906516,0.5275605583720842,0.10110950469970703,3.411397695541382,1
proximity_only,627,-0.4756595102227057,-0.5928709750345802,1.0926,1.561316419954881,2.264623402512495,0.1514911651611328,4.820988416671753,1
proximity_only,628,0.8056922690383939,0.4841059419385002,1.1082,1.7419182505362372,2.8813128052239367,0.10227608680725098,4.415804862976074,1
proximity_only,629,0.015568367742194722,-0.0416657601081849,1.2421,1.0092769047632915,4.858164948256704,0.25426435470581055,6.519269943237305,1
proximity_only,630,-0.8351119008402077,-0.08781707453131926,1.3623,0.931500427516472,2.2903926726677644,0.10109448432922363,4.009526968002319,1
proximity_only,631,0.499599279306548,-0.5582861321932405,1.4883,1.5182862680247171,2.094742627630663,0.10127806663513184,4.610422611236572,1
proximity_only,632,0.7213945456207789,-0.35998393530240413,1.2623,0.48104308443617194,0.5410061972109096,0.10100769996643066,3.708820104598999,1
proximity_only,633,-0.8554329689051047,0.6280058557070382,1.1415,1.8655312332584693,2.786434717699341,0.6022500991821289,9.824552536010742,1
proximity_only,634,-0.28906435644184514,-0.7233308084854596,1.0503,1.6716121321347883,3.2359104410810606,1.1039292812347412,4.509565114974976,1
proximity_only,635,0.5946236935318749,-0.5467237052486478,1.0971,0.9129928305823459,3.157276563213663,0.7025642395019531,11.22068190574646,1
proximity_only,636,0.4322273020580487,0.30964329166113547,1.1137,0.9501917620435891,4.139368094864733,0.05113625526428223,5.912140846252441,1
proximity_only,637,-0.6973854569120961,-0.07299938951725227,1.0897,1.2594767240204243,2.1243431529053343,0.10167503356933594,3.811556816101074,1
proximity_only,638,-0.06611493855300599,-0.652302474151308,1.0071,0.9448983635881083,1.2476176081132409,0.2015233039855957,3.3149454593658447,1
proximity_only,639,0.7289221862382782,0.559123347675183,1.2671,1.4857150381085178,3.8283902778792958,0.20532655715942383,5.419278860092163,1
proximity_only,640,0.16274681988542894,-0.33139675849137723,1.1372,1.1558085130961053,2.159780013971895,0.20250225067138672,3.9104714393615723,1
proximity_only,641,0.7017298091806639,0.2285368197644434,1.4871,0.8814742655413828,2.600386997179303,0.1519908905029297,4.316571474075317,1
proximity_only,642,-0.0745051538221132,-0.3372708611781259,1.2767,1.1280076125331908,5.212322532161309,0.20192527770996094,9.51939845085144,1
proximity_only,643,0.7195027972144252,0.5337593456901674,1.3487,1.1758176011240609,1.1927210659073817,0.10120606422424316,3.709798812866211,1
proximity_only,644,-0.2357955201266979,-0.08837558076363028,1.0631,1.1758661321752766,3.0375796850286028,0.1013345718383789,4.711236238479614,1
proximity_only,645,1.0673405702764713,0.08619951396360237,1.4342,1.4058192062407264,2.6220843137670022,0.15140390396118164,4.209391832351685,1
proximity_only,646,-0.6293712152816018,0.4780175762846578,1.2454,1.8971845545039057,3.6688514531642666,0.15196847915649414,4.811949014663696,1
proximity_only,647,0.288184010714875,0.11545302747263908,1.4364,1.0477213675206611,3.3786508784089255,0.1009819507598877,4.912357807159424,1
proximity_only,648,-0.39349140961462037,0.2379709170640545,1.287,0.8557280134815513,2.9164357179490334,0.10120248794555664,4.811838626861572,1
proximity_only,649,0.22205691740243627,-0.02828656796502782,1.2347,0.7939924163786916,2.5646196881403616,0.10165071487426758,4.509498596191406,1
proximity_only,650,-0.3350666079546122,-0.060540489048141355,1.2202,0.6734710539463866,2.0945918829552537,0.05130457878112793,4.0127503871917725,1
proximity_only,651,0.37478335523942197,-0.6683477841533301,1.0922,1.0375531991486322,1.4333481321698358,0.10105133056640625,3.108844757080078,1
proximity_only,652,-0.8727330384651101,-0.040708562688046235,1.0257,1.448224682488134,1.7482345063058726,0.10114765167236328,3.1100621223449707,1
proximity_only,653,0.5282273981372294,-0.6568644598915563,1.4705,1.6059642717963327,2.1056523427113465,0.101226806640625,3.30711030960083,1
proximity_only,654,-0.38379509124182976,0.2750021731529463,1.2389,1.4461122905204449,2.260390802392909,0.10135698318481445,3.8090174198150635,1
proximity_only,655,-0.159016372937552,-0.37147962450766187,1.4111,0.7618699526674003,0.7896446234800338,0.10105466842651367,1.9046881198883057,1
proximity_only,656,0.6906641590600464,0.48243232696994964,1.2004,1.3528662085613552,2.425878020335344,0.10104966163635254,4.009683609008789,1
proximity_only,657,-0.12515561704495182,0.5816437442574088,1.037,0.9392778209149365,1.1213035077861568,0.1013336181640625,3.9816806316375732,1
proximity_only,658,0.10573942818563264,-0.21037054130394084,1.3147,0.8728395865950064,2.8843242206185535,0.4189143180847168,4.847852468490601,1
proximity_only,659,-0.8643519995530874,-0.5136064560613489,1.0268,1.1739552888792002,1.557739152255834,0.2025282382965088,3.208078145980835,1
proximity_only,660,1.0417061551650382,0.302665923804576,1.0746,2.1237866625376456,3.153350462543882,0.15137767791748047,4.509819269180298,1
proximity_only,661,-0.2822605224766237,-0.5982285968273232,1.2814,1.6634411395712025,3.1046168440113533,0.10117578506469727,4.61099910736084,1
proximity_only,662,-0.7774953234364869,-0.24829065985205573,1.1519,0.6287802348913956,0.6429466449391424,0.05108928680419922,1.7044527530670166,1
proximity_only,663,-0.015330852408945383,-0.11412074251113002,1.497,0.8761590819642223,1.990888659285681,0.10162949562072754,3.8104569911956787,1
proximity_only,664,-0.14003012663341596,-0.6710642022624129,1.0592,0.7924669554221219,6.205742348673201,0.5518190860748291,15.731170654296875,1
proximity_only,665,0.756560535670151,0.4253781535387363,1.3822,1.4522158623100938,4.152834021846079,1.2056169509887695,9.619153499603271,1
proximity_only,666,0.06306253585102972,0.4663353579041206,1.3032,0.9058490407417598,0.7120726711715183,1.2542691230773926,2.5090956687927246,1
proximity_only,667,0.3315647063048961,-0.33725576981630173,1.3954,0.9469789692260776,3.5019859752426523,1.356433391571045,11.528154850006104,1
proximity_only,668,0.5909001620182794,-0.30932802966915707,1.1128,0.4433457077474317,0.34084781478186316,0.10146045684814453,4.714590549468994,1
proximity_only,669,0.5405760426661483,-0.469278212295571,1.2613,0.1608955709599299,0.2350439266031109,0.05201220512390137,1.5045230388641357,1
proximity_only,670,-0.14404817226730493,-0.6631816578415994,1.2253,0.7689923609262955,0.7384923720211859,0.05203676223754883,4.611612796783447,1
proximity_only,671,-0.3426313147251605,0.40494983016977526,1.2214,1.1602589153729066,2.0570403084978257,0.05130267143249512,3.8099400997161865,1
proximity_only,672,-0.20438112630365834,-0.7164438351192162,1.4301,1.1991774320258857,1.420341736556051,0.1015617847442627,2.6085188388824463,1
proximity_only,673,0.1038576063748392,-0.18750588727180983,1.495,0.7210034450472117,1.1610911572657083,0.2511131763458252,3.0103678703308105,1
proximity_only,674,-0.8533309865246298,-0.10533325091088563,1.1527,1.1956095841716496,2.1614881219247,0.10113072395324707,3.8114378452301025,1
proximity_only,675,0.46988877410364527,-0.31449905922220245,1.3105,1.3957987611485532,2.1634893431805358,0.10126519203186035,3.608055591583252,1
proximity_only,676,0.16020876645050341,0.5980429931856396,1.3048,1.0681264154913317,2.845084450458475,0.10148787498474121,4.510144948959351,1
proximity_only,677,0.6534535757025641,0.3660317083393486,1.37,0.6234366636498994,1.1379012965894688,0.10110902786254883,3.907956600189209,1
proximity_only,678,-0.8382112158073415,-0.3399939687875041,1.4738,1.7735431400923358,2.5528220475386214,0.6025025844573975,14.53117299079895,1
proximity_only,679,-0.18307453434045307,-0.23223020879870215,1.1039,1.0480599151308825,3.5022951717063084,1.6078572273254395,10.526043176651001,1
proximity_only,680,0.40828122592637817,0.5955431658036748,1.1055,1.0667640719060403,1.7612970282371094,0.051007747650146484,3.60821270942688,1
proximity_only,681,0.9079471184655314,0.33311461987231217,1.3302,0.550501769358579,0.6242339424483536,0.10157442092895508,3.708447217941284,1
proximity_only,682,-0.08415350936417543,-0.3267937885831933,1.0785,1.2181018942659967,3.2422922916188712,0.7536263465881348,9.11934494972229,1
proximity_only,683,-0.3842315954735552,-0.07787810621818292,1.0869,0.6413193707906967,6.8375595835378,0.6024079322814941,13.326110124588013,1
proximity_only,684,-0.7583523011957277,0.5730031865577921,1.0375,0.7142698119341492,0.7637954343179788,0.15140700340270996,3.5075113773345947,1
proximity_only,685,1.0918119009002851,0.005118725267561297,1.0013,1.9733901293493867,3.3852193378395126,0.10121512413024902,5.010873079299927,1
proximity_only,686,-0.14822075694596204,-0.4333261377587037,1.2253,1.3721405108243818,2.0463262428120053,0.050907135009765625,3.9081480503082275,1
proximity_only,687,0.36062383758380534,0.3305362297967972,1.2969,0.9885587821381246,2.5431881136841272,0.051172494888305664,4.313092470169067,1
proximity_only,688,0.7346473120081394,0.13080176764296303,1.1456,0.43768771089705266,5.378567221619138,0.15139508247375488,6.917322397232056,1
proximity_only,689,-0.35786833114070526,-0.26870590552895474,1.1157,1.2242401532052154,2.2435221678719537,0.10225939750671387,4.017146587371826,1
proximity_only,690,0.05851674748903035,0.4800539227821242,1.3535,0.912255320904993,2.138960741230465,0.20244741439819336,3.9155542850494385,1
proximity_only,691,-0.5810453662390808,-0.7322256542793862,1.3515,1.4321561292884188,4.597367081277359,0.20240068435668945,8.016080379486084,1
proximity_only,692,-0.6068672455116899,0.5732014823320027,1.227,1.3999369369791452,1.7050654561432916,0.10104012489318848,3.0085089206695557,1
proximity_only,693,0.11919627802863031,0.19079833717803818,1.3437,0.901697505551176,1.4542593583393484,0.051377296447753906,3.310720205307007,1
proximity_only,694,0.7264056029320753,-0.11142046806674344,1.462,0.5801695985935887,5.0797991561656755,0.40202856063842773,6.714949369430542,1
proximity_only,695,-0.7859903136815638,-0.5152598025271058,1.3939,1.7249883901597929,2.1784952483696345,0.10162615776062012,3.2075674533843994,1
proximity_only,696,-0.7739415651965167,0.4161746384072059,1.3125,1.0153506862965105,1.1306097227131,0.10129284858703613,4.813492059707642,1
proximity_only,697,0.8192017148186501,-0.4105234229443796,1.3306,1.8939954389182991,2.975607469193295,0.10137581825256348,4.112141847610474,1
proximity_only,698,1.0127338841371516,0.6238817099092168,1.4668,1.120524077182791,4.613471383095758,0.1011044979095459,5.811155557632446,1
proximity_only,699,0.25582784310199935,-0.3863895899160518,1.2126,1.4209381362944296,4.648382395015242,0.10127973556518555,5.811114311218262,1
proximity_only,700,-0.7281523440624563,0.11209964558409624,1.2723,1.179242927998581,2.1914823951941043,0.10146856307983398,3.811636209487915,1
proximity_only,701,0.6979235204835756,0.5044529426531971,1.3238,1.5710429427175499,2.1209310569237614,0.1012427806854248,3.416032075881958,1
proximity_only,702,0.16053300394595738,0.5998210655803261,1.4542,0.6285402504830838,0.5662588448455727,0.2530949115753174,2.308710813522339,1
proximity_only,703,0.07221601101951647,0.2439870349611335,1.4133,0.4719644416243299,0.5194490861556237,0.3034071922302246,3.716635227203369,1
proximity_only,704,0.4482021494703994,-0.5194505520070305,1.0357,0.9295535206738974,4.139053066414442,0.5540003776550293,7.917022943496704,1
proximity_only,705,0.11581120711023685,-0.7263703175496284,1.083,0.40244602856142075,0.5017552668032154,0.10103344917297363,3.708217144012451,1
proximity_only,706,0.9627166436317918,-0.42879810482464153,1.1538,0.9004366420090799,0.9954014934406079,0.10133814811706543,3.657562017440796,1
proximity_only,707,-0.23545008049477467,0.42220983111243904,1.3745,1.5521243964087186,2.720044218719255,0.10108733177185059,4.412517547607422,1
proximity_only,708,-0.02331259440488853,-0.7029207447514066,1.2846,1.2703775566420055,1.4181140718261156,0.05095815658569336,3.7100696563720703,1
proximity_only,709,-0.6381278000284636,-0.34607209393880634,1.1443,0.7246316221235105,0.8124831721221693,0.151076078414917,5.009954452514648,1
proximity_only,710,1.0956314405683147,-0.6812918751800238,1.0622,1.8577470049175127,1.9040847696705108,0.30164480209350586,3.711641788482666,1
proximity_only,711,-0.09514787489317056,0.2933600733788092,1.3443,1.5643369791296338,2.0698088206751883,0.2514476776123047,3.90918231010437,1
proximity_only,712,0.2708569655279518,-0.2523155271211091,1.3499,0.7834838903228684,2.2610416141797494,0.10115313529968262,4.912181377410889,1
proximity_only,713,0.24499472514803222,-0.25031319386482426,1.4713,0.17404684218153443,0.13994321187844747,0.1016082763671875,2.011338472366333,1
proximity_only,714,-0.49326278155357534,0.5186605050920506,1.2502,1.2188952798234656,3.0396941562049626,0.10164761543273926,4.612116813659668,1
proximity_only,715,-0.4352697841673163,-0.6895102303905329,1.2469,1.2915140552619293,1.5110614676136582,0.10116457939147949,4.110185623168945,1
proximity_only,716,0.8449388426308926,-0.35487420577556533,1.0402,1.4312828293611926,1.577922777150463,0.05120253562927246,2.7107276916503906,1
proximity_only,717,-0.007630675878305571,0.054042058835830686,1.0199,1.0160690479884282,1.7791999920837107,0.05108451843261719,4.214514970779419,1
proximity_only,718,-0.31309279724180683,-0.2579087619411845,1.216,0.4215868712308623,0.5228207960026988,0.10195016860961914,1.8065130710601807,1
proximity_only,719,0.8960504068781925,-0.1666784563026511,1.1612,1.318002875147436,2.0418665588120266,0.15540170669555664,5.220414876937866,1
proximity_only,720,0.1131239869535745,-0.4617695301552918,1.1252,0.9031466965715044,1.5085080688972883,0.20346760749816895,3.3134958744049072,1
proximity_only,721,-0.21583876644882194,0.431811497025791,1.0457,0.980255726873608,1.09138922623096,0.10158586502075195,2.405825138092041,1
proximity_only,722,-0.736226951441398,0.5496379311712704,1.481,0.573215940836999,0.7126360750887986,0.10111427307128906,3.00756573677063,1
proximity_only,723,0.7341613475576942,0.4054248249490492,1.418,1.5661179529684135,1.9330173330234588,0.050879478454589844,3.4076342582702637,1
proximity_only,724,0.6553654210184392,0.15649004375382158,1.2876,0.424866542172287,5.5818660902486155,0.10171651840209961,6.9158759117126465,1
proximity_only,725,0.19548540352276933,-0.3548828861676149,1.4754,0.7444748480377316,0.75940439066704,0.10104012489318848,2.7086174488067627,1
proximity_only,726,-0.6195679999771684,0.30886123520879283,1.4998,1.1715619293889814,3.229510287254515,0.5044505596160889,9.519552946090698,1
proximity_only,727,0.16261517891163635,-0.667932306918664,1.3361,1.4480393285582684,2.973288196251606,0.501659631729126,8.015448570251465,1
proximity_only,728,-0.2700781376808913,-0.3253829881615924,1.1348,0.7049652859192864,1.0736263256082785,0.05119490623474121,2.9084084033966064,1
proximity_only,729,0.5725613818824087,0.5854457167242183,1.0201,1.325315935198807,1.999578836792645,0.10131454467773438,5.364793062210083,1
proximity_only,730,0.5974385200321732,0.422736470870381,1.3781,0.2908061562793702,1.0470009913986176,0.502659797668457,4.518687009811401,1
proximity_only,731,-0.2282650443663523,0.23614171167735676,1.2353,0.8580378159742778,1.6198480994820226,0.5540647506713867,3.819594144821167,1
proximity_only,732,-0.13779492183130937,0.4962658303333324,1.3258,0.27502392342762677,0.3231306237237508,0.10145378112792969,2.0050387382507324,1
proximity_only,733,0.6219200506898841,-0.2027497937876348,1.458,1.1326100268572985,3.0177613447461176,0.10178112983703613,4.511091470718384,1
proximity_only,734,-0.7175005720594603,0.005138821808710725,1.0907,1.555989381722427,2.4864515338069277,0.10100793838500977,4.008745431900024,1
proximity_only,735,0.6742120639374543,0.05910380042638941,1.2927,1.4613110988128504,2.7082132465586306,0.10120415687561035,4.213838577270508,1
proximity_only,736,-0.34712359536506443,0.08353503015795838,1.3174,1.1021826756303876,2.731325946126159,0.10165262222290039,4.309320688247681,1
proximity_only,737,0.6313484699584673,-0.602143065372664,1.2459,1.322865167989704,1.9270138203021967,0.1015467643737793,4.010044097900391,1
proximity_only,738,-0.14108551343279763,0.5388387611707296,1.0456,1.511091381156187,3.9284091492428477,0.10127997398376465,5.513010740280151,1
proximity_only,739,0.5427953920267652,-0.10860201840077433,1.174,0.9323301364424894,4.530045369230004,0.10110688209533691,6.412774085998535,1
proximity_only,740,0.5718404642018282,0.4409633018038125,1.1667,0.5860058184520925,4.836669362439385,0.10136294364929199,6.4127113819122314,1
proximity_only,741,-0.48603312494023276,-0.26850015761552404,1.3351,1.35304064479867,2.356005888275828,0.10176348686218262,4.610687971115112,1
proximity_only,742,0.8246567774683911,0.22040738982501695,1.4289,1.479539562923005,2.856245865993902,0.10109567642211914,5.317097425460815,1
proximity_only,743,1.0041337022090848,-0.06114047353963514,1.1649,0.4778256109165602,4.043844268324218,0.30246615409851074,6.650376081466675,1
proximity_only,744,0.6852596027814168,0.2661259626718627,1.3468,0.49133211767778484,0.49362399238967497,0.35332679748535156,2.5183298587799072,1
proximity_only,745,0.7898927035370973,-0.7273116907341028,1.1441,1.02006889598265,1.082816563952022,0.4026916027069092,2.4155466556549072,1
proximity_only,746,-0.005555247610260716,-0.42014654153556086,1.4726,0.9137616949372807,5.6155232914877775,0.9541137218475342,8.819149732589722,1
proximity_only,747,0.21002488646629347,0.5857064682019449,1.4068,1.1072116540252666,2.632088634151023,0.7038674354553223,7.215624094009399,1
proximity_only,748,0.5509757235932942,0.4422680073589721,1.275,0.6007145276790947,0.6420169040743541,0.1013944149017334,3.7125329971313477,1
proximity_only,749,0.22246542407415681,-0.1981352409457905,1.2274,0.7220955094594496,0.731069825200174,0.15139174461364746,2.20847749710083,1
proximity_only,750,-0.5612845013878042,-0.3173514814466976,1.1573,0.7967179675174951,1.5600515131635717,0.6526288986206055,8.1159348487854,1
proximity_only,751,0.4602973345220358,0.3516402397409456,1.1616,1.3114457633073826,2.399256848204068,0.10157966613769531,4.709765672683716,1
proximity_only,752,0.26020053859090986,0.40130893770708453,1.4851,0.35568171386326547,0.37278009841930365,0.10171222686767578,3.2063772678375244,1
proximity_only,753,0.46290747957452694,-0.6717776120094923,1.2021,1.176855233032708,4.499903177616472,0.10099029541015625,5.817096948623657,1
proximity_only,754,-0.2649687797471162,-0.258035016256462,1.2573,0.8995884988977424,1.2758560718617307,0.1522846221923828,4.311613082885742,1
proximity_only,755,0.5792095182699357,-0.18717937222150305,1.4941,0.947388398438079,1.9277513740291243,0.15246295928955078,3.6192452907562256,1
proximity_only,756,-0.3066270006572567,-0.1483783074306131,1.3288,1.0579493661068589,2.093976850804028,0.10206198692321777,3.8107032775878906,1
proximity_only,757,-0.7608472295172096,-0.22923248140439412,1.2713,0.3981825117861511,0.4632649330901781,0.4017207622528076,2.8090546131134033,1
proximity_only,758,0.4578716726584042,0.12575567909811725,1.2066,1.3805844192460683,2.465387642015322,0.10134434700012207,4.019057512283325,1
proximity_only,759,0.6153626803560968,-0.6037136387619593,1.0938,0.7614512819937028,0.808281599125915,0.158186674118042,2.1080257892608643,1
proximity_only,760,-0.016738485507689083,0.6040266500545625,1.1809,1.4080718735496272,2.5375632897317044,0.051255226135253906,4.20909571647644,1
proximity_only,761,-0.5174992002517989,0.5907095733929885,1.3782,0.4773938712387447,0.5522080587977093,0.10112881660461426,1.9054687023162842,1
proximity_only,762,0.5894880399421893,0.2250577841097099,1.3127,1.2545776290437305,1.7436459890597378,0.05132699012756348,3.209872245788574,1
proximity_only,763,-0.08493226570821055,-0.37988441442002957,1.38,0.9911701548317219,2.6992203545373195,0.1518573760986328,4.410099506378174,1
proximity_only,764,-0.3407660954740023,-0.3480276724311783,1.1018,0.41794258155602904,0.34349172726101607,0.15124726295471191,3.6082468032836914,1
proximity_only,765,0.32340893150868144,-0.6372302122527363,1.2746,0.7880645482480549,1.1489267902338558,0.10226058959960938,2.9087560176849365,1
proximity_only,766,-0.2837696536108647,-0.6164999611226787,1.4638,0.6609824597222582,0.6174040195765101,0.10099101066589355,3.1076018810272217,1
proximity_only,767,0.4123365534752399,-0.3755896137237382,1.2191,0.8030314496593631,0.7952849032345589,0.45226049423217773,2.809542655944824,1
proximity_only,768,-0.3757299834402349,0.18586011978420036,1.3491,1.0604102485126303,2.1969235377625753,0.10144376754760742,3.910679817199707,1
proximity_only,769,-0.2528175446685492,-0.3705137473281736,1.0607,0.758099235377846,0.7138705822337533,0.1011805534362793,2.004711389541626,1
proximity_only,770,1.00342625072617,-0.5974854247492369,1.4866,1.3468460885709752,1.7096493275022313,0.050928354263305664,2.909743309020996,1
proximity_only,771,0.5868128225595588,0.47023351531610824,1.3044,1.3057299439180718,4.564719478479878,0.10117959976196289,5.811535596847534,1
proximity_only,772,0.5166586761354328,0.19147373060414052,1.1196,0.4685154104600589,0.3787889703668584,0.20163321495056152,3.710116147994995,1
proximity_only,773,0.28235944458604956,-0.39523848516721755,1.0792,0.6887214271690408,4.475596718659157,0.15299248695373535,6.416350603103638,1
proximity_only,774,-0.0821120004326944,0.4108874075569223,1.2754,0.9385813792478588,1.0466735413862578,0.1527109146118164,3.7098655700683594,1
proximity_only,775,1.063427783697986,-0.6029988794005848,1.2761,1.5297015655785358,1.5473624750728816,0.20558786392211914,3.608736753463745,1
proximity_only,776,-0.6894162925921903,0.28528009645514196,1.0466,1.9790941031302596,2.7199889280073344,0.15223360061645508,4.116981029510498,1
proximity_only,777,-0.3602335252479161,-0.1461298396849181,1.4961,0.6619633901255987,1.3446377884525982,0.35434603691101074,6.715384244918823,1
proximity_only,778,0.2952978071586698,0.09966277503525889,1.4565,0.701555403494707,2.4385452482085195,0.30184030532836914,6.114474534988403,1
proximity_only,779,0.5422524977354473,-0.6174280977801392,1.2307,0.9929642159898776,4.902644077487842,0.6523077487945557,9.819246530532837,1
proximity_only,780,0.5911492847400546,-0.7241136087884116,1.0587,0.5244917033966288,2.4668925725858544,0.702423095703125,7.715182065963745,1
proximity_only,781,-0.3362618578307204,-0.40285287563543604,1.4161,0.9976046307833945,1.1227792527780045,0.10115694999694824,3.110832929611206,1
proximity_only,782,0.5792777470261792,0.09064938976175774,1.2492,1.170723670754895,2.1888270345681202,0.0514678955078125,3.7637104988098145,1
proximity_only,783,1.0128545875703923,0.4090877797003162,1.3583,0.46266264680710456,0.5079202352794486,0.1013481616973877,3.710597038269043,1
proximity_only,784,0.9756322271191329,0.004804949440220696,1.2544,0.4198978895914384,0.4229553608783189,0.10120534896850586,2.0051381587982178,1
proximity_only,785,0.599391120449855,0.27089849846843095,1.1367,0.47523168970961827,5.492630663197455,0.15160179138183594,6.816976547241211,1
proximity_only,786,-0.1374541560314867,0.522133320028653,1.4174,0.8429589053272062,1.4804697347582438,0.10192418098449707,3.214355707168579,1
proximity_only,787,-0.3401323344944924,-0.23675118403462048,1.4901,0.8480599280228494,3.8824241556853125,21.045106887817383,11.723534107208252,1
proximity_only,788,0.6876010870231237,-0.1187293887050418,1.1219,1.270355509361395,2.270924891486058,0.6523473262786865,3.814422369003296,1
proximity_only,789,0.5252233656218699,-0.1554757674916145,1.2756,0.3884903070286728,0.479075705532594,0.40323615074157715,3.718217611312866,1
proximity_only,790,0.9827081917514127,-0.6550552797597549,1.1918,0.6827447859580206,0.6841089035174358,0.4528651237487793,2.70941424369812,1
proximity_only,791,0.006848358831640811,-0.7128910862631377,1.4609,1.0153148736528645,1.0145662649213343,0.30219507217407227,3.1091060638427734,1
proximity_only,792,-0.7616590146973758,-0.06823446782753106,1.2541,1.0243539742364245,1.6597211131218625,1.0551841259002686,7.414283275604248,1
proximity_only,793,0.6421215230456496,-0.18011197266138612,1.4397,1.5464567340879392,5.713268430061466,0.403461217880249,11.622655391693115,1
proximity_only,794,-0.5568863356430278,-0.5225243679913348,1.432,1.358088590161129,1.9144034816623783,0.10127425193786621,4.609821796417236,1
proximity_only,795,0.4434828210481352,0.4684429006729801,1.1381,1.5838348852522173,2.726833548826306,0.05114865303039551,4.210699796676636,1
proximity_only,796,-0.6541240467191944,-0.3456564487893649,1.395,1.4577859351079796,2.4555798963074094,0.10128951072692871,3.90915584564209,1
proximity_only,797,0.1477412175446713,-0.0071490583553298626,1.2075,1.039287392297884,1.9929872059039695,0.10125517845153809,4.426398754119873,1
proximity_only,798,0.7691971950498533,0.34148837359124806,1.4671,0.662856282293974,0.6931398526727912,0.30697107315063477,3.7161431312561035,1
proximity_only,799,1.015479363698967,-0.29405574725072386,1.2539,0.7147429923378393,0.7261443694842117,0.1531059741973877,2.913691520690918,1
proximity_only,800,0.9923014504417409,0.4610629011375361,1.4103,0.7710058295488599,0.7944926104517727,0.15238308906555176,2.6063170433044434,1
proximity_only,801,0.2237816980840477,-0.05169598271418396,1.1414,0.9633133398815973,0.9078091047772269,0.15103673934936523,3.7101826667785645,1
proximity_only,802,0.46869663189973165,0.40828610704637824,1.1493,0.5240741152818174,4.864541602747849,0.10132050514221191,6.512526750564575,1
proximity_only,803,-0.0024845883230601995,0.09589124139119343,1.2935,0.6096081178164231,1.5744495907699234,0.5530409812927246,3.8606481552124023,1
proximity_only,804,-0.5177200471247456,0.21048673736095558,1.4995,0.42156889090844335,0.5017960220173934,0.10142111778259277,3.7090580463409424,1
proximity_only,805,-0.5454061405366584,-0.7402628062089974,1.2448,0.9853364334641489,1.047201123068678,0.05106639862060547,4.010289669036865,1
proximity_only,806,0.14759789952808022,-0.5212875113499028,1.0743,0.7471083416565772,0.9998919471930002,0.1010441780090332,3.908217668533325,1
proximity_only,807,-0.5444871132549325,0.48103550506684367,1.2693,1.2677175119659763,2.4402017658562687,0.10131645202636719,4.111350774765015,1
proximity_only,808,-0.6642052497579977,-0.437475567276014,1.1726,1.0240432336549572,1.116081960667502,0.10175609588623047,2.5100162029266357,1
proximity_only,809,-0.3867117133225697,-0.6636760132246889,1.276,0.40587886907021414,0.46456035550375546,0.20451021194458008,3.7126967906951904,1
proximity_only,810,-0.4378441241585326,0.5758514909282876,1.2717,1.240662314236779,1.370432096209697,0.15230369567871094,3.916799306869507,1
proximity_only,811,-0.048933744816775926,-0.1536304858669817,1.2277,0.827481289072538,0.845950781747388,0.10228228569030762,2.107558012008667,1
proximity_only,812,0.518653562632386,-0.5070925708127123,1.1609,0.6713408614633212,1.4695594061241553,0.20243000984191895,6.212141036987305,1
proximity_only,813,0.8523844471459194,0.12456959775404919,1.0943,0.7741198984250464,0.7991384664491928,1.2029221057891846,3.9088211059570312,1
proximity_only,814,0.3273742966390014,-0.5819618335953592,1.3487,0.9303726237886314,1.007697282678874,0.051174163818359375,2.2054760456085205,1
proximity_only,815,0.4986899684022992,-0.4596095955891263,1.2859,0.2944620664362861,0.23398713984128633,0.05135822296142578,2.705763101577759,1
proximity_only,816,-0.4680449281032409,-0.0452758421206374,1.1168,1.1761940077466824,1.8615712263005926,0.10099911689758301,3.810271978378296,1
proximity_only,817,0.698246581101315,-0.64813092472374,1.3878,1.3721687157591032,1.9063807514789934,0.10141491889953613,3.310643434524536,1
proximity_only,818,0.37254123701011155,0.2031798586690211,1.0218,1.1096576363169888,4.453615812733633,0.10091400146484375,6.111353397369385,1
proximity_only,819,0.5608653387874356,-0.007007832496427002,1.3724,0.33303773873336245,5.1270948583328115,0.15138506889343262,6.916090488433838,1
proximity_only,820,0.7984724645555845,-0.07647993718811175,1.3526,0.19384006019534147,0.2699946593066717,0.10143518447875977,1.7049765586853027,1
proximity_only,821,0.021464932023983252,-0.49095042214168094,1.4057,0.9756286696715091,1.7949144818191896,0.10249114036560059,3.716870069503784,1
proximity_only,822,0.05122593666981712,-0.638988574676352,1.193,0.36477786020863845,0.2715769575507736,0.1522965431213379,1.9168293476104736,1
proximity_only,823,0.9143161245786253,-0.4634284518083033,1.3318,0.9531432314444201,1.2096798331702423,0.2047877311706543,2.7090208530426025,1
proximity_only,824,-0.1011994109438692,0.0013795649036320023,1.4104,1.2122526478866629,2.0624141395032147,0.10234212875366211,3.6100223064422607,1
proximity_only,825,0.4119662907700534,-0.6411791493821326,1.4904,0.917905118468634,1.679204666855227,0.10117244720458984,3.3101179599761963,1
proximity_only,826,-0.013858034678332576,0.627128554262654,1.2477,1.4805823743600857,4.199863284810711,0.10217475891113281,6.813589572906494,1
proximity_only,827,-0.4367393520567793,-0.26138478589081365,1.0185,1.1039802290440641,1.8953048481233066,0.10118484497070312,4.309031009674072,1
proximity_only,828,-0.1405039367361356,-0.10513627387830493,1.2511,0.4006250111036436,0.4814673509469845,0.10121440887451172,3.7112467288970947,1
proximity_only,829,0.5317735286641838,-0.7315083011011984,1.2951,0.9200746048969416,1.4236329620225576,0.10112524032592773,3.711672782897949,1
proximity_only,830,0.08626692773225886,-0.7356992844316926,1.4349,0.4747240404379853,0.6407492957083745,0.1010746955871582,2.807589530944824,1
proximity_only,831,0.21396678105324107,-0.6516793903834021,1.4371,0.28879067291771937,0.17458825161182073,0.05134725570678711,2.104855537414551,1
proximity_only,832,0.6768446747270751,0.28990036755188486,1.2202,1.1800445166150237,3.054932910011783,0.10099983215332031,4.613181114196777,1
proximity_only,833,-0.5948768049404534,0.17917036842369227,1.263,1.3385326095994416,2.088245678016972,0.0512852668762207,3.6094417572021484,1
proximity_only,834,-0.5362958460074426,-0.4751040753370026,1.2285,0.726762560270305,0.7622903915747952,0.05126547813415527,2.008380651473999,1
proximity_only,835,0.92710886460404,0.29947485127922724,1.3612,1.75026811915355,3.11896713025401,0.1015024185180664,4.4124274253845215,1
proximity_only,836,0.8892515452490997,0.052280480699406384,1.205,0.4128238353398873,0.4762936003688285,0.05137205123901367,3.7135467529296875,1
proximity_only,837,0.06631185827011554,0.2413296318304281,1.3274,0.8523894142878908,0.8530444617247799,0.15165472030639648,2.8131866455078125,1
proximity_only,838,-0.2509952660992084,-0.4111781371378468,1.0772,0.7676129078117895,4.1119461065282445,0.45288872718811035,12.530245304107666,1
proximity_only,839,0.9263359345171644,-0.046300045381000965,1.2347,1.2059206022681606,1.2143264693959002,0.20200014114379883,3.7111306190490723,1
proximity_only,840,0.5067814796633678,-0.21703449766440308,1.4846,0.5170567315700889,0.5768883106972311,0.20123744010925293,3.7096166610717773,1
proximity_only,841,0.7051505549729924,-0.3693461418390514,1.1693,0.44466809589437173,0.3500343556126221,0.15111804008483887,4.230839252471924,1
proximity_only,842,0.9882337262704779,0.1313782628268565,1.3464,0.5900512738525696,0.6660793701342099,0.10092782974243164,1.7040042877197266,1
proximity_only,843,-0.4945835083880026,0.21143667751998207,1.3249,1.5994633979190869,3.2322378371997336,0.050904035568237305,4.60991644859314,1
proximity_only,844,-0.34849337663394175,0.16654533014677553,1.4259,0.26514985408407676,0.18213462313235113,0.05088663101196289,2.2051613330841064,1
proximity_only,845,0.6350073379048093,-0.4850694145788456,1.4262,1.2964309471277233,2.256141997732063,0.1011354923248291,3.9114110469818115,1
proximity_only,846,-0.14293582225959567,-0.1489562849218008,1.4297,0.9690546409642474,1.7101645828487084,0.05105090141296387,3.410365104675293,1
proximity_only,847,-0.8062533675208123,0.4650012515541143,1.19,0.8907611336114358,0.9452413330424749,0.10151124000549316,3.710416555404663,1
proximity_only,848,-0.7957429864496395,0.17324831565397425,1.1583,0.29233934957915964,0.29421972206659147,0.15149807929992676,2.807370662689209,1
proximity_only,849,0.887250250467259,-0.2960506903709585,1.3594,1.759806301455172,2.8068308058759412,0.10128426551818848,4.011204481124878,1
proximity_only,850,0.762973846293665,0.4178532318156848,1.3797,0.7979477941518036,0.8588753453907004,0.10104632377624512,3.7091636657714844,1
proximity_only,851,-0.7396987785166769,-0.6125827548070257,1.4362,1.822654180019549,2.7419136506521533,0.05110764503479004,4.009377717971802,1
proximity_only,852,0.6099005136808135,0.365357782858846,1.0179,1.874264470488974,3.138383500735084,0.10093808174133301,4.509432315826416,1
proximity_only,853,-0.3943539662208879,-0.6875579638947726,1.0342,1.5054760946913215,2.9922893121249605,20.090035915374756,4.8091137409210205,1
proximity_only,854,-0.8285518876808068,-0.24777353950759806,1.3156,0.6445379267638037,0.8784040608809665,0.10160970687866211,6.111870288848877,1
proximity_only,855,-0.2530740253850783,0.156065915546997,1.4605,0.7178383941425344,3.8301613192660247,0.7024703025817871,13.92815637588501,1
proximity_only,856,0.6419484119169989,0.11402299860314857,1.4987,1.047374601815037,0.0,1.7560696601867676,0.0,0
proximity_only,857,0.7861711023603526,0.1082289988498808,1.3734,1.2249439564885996,3.854246695682297,31.49369740486145,7.8191845417022705,1
proximity_only,858,0.8403066952930975,0.06345076001193839,1.217,0.4655197635968423,2.332383171528259,0.5531783103942871,9.018156051635742,1
proximity_only,859,0.6268391911299018,-0.13528831131014007,1.0492,0.4632511695733574,0.37076211342770266,0.10111403465270996,3.5091888904571533,1
proximity_only,860,-0.419368833357705,0.07707447884378149,1.3169,1.130693166573624,2.370647350140387,0.10132741928100586,4.008718013763428,1
proximity_only,861,-0.19534373879491818,-0.01797116141139099,1.4363,0.34639260193084886,0.24153340244427787,0.10164356231689453,5.511348724365234,1
proximity_only,862,1.0715756933942486,0.1494252694180327,1.2218,1.447590146574639,2.8559493316735094,0.1015629768371582,4.310830593109131,1
proximity_only,863,0.302639590136226,-0.6696998521372546,1.347,1.1864609948578186,1.89967318434211,0.10168266296386719,3.5109007358551025,1
proximity_only,864,0.46986765871746305,-0.23032952228764492,1.4517,0.5541066811045018,1.0345894423471043,0.1012272834777832,3.1074633598327637,1
proximity_only,865,0.11871242239924107,0.20627458378083063,1.023,0.9136270745887521,2.1770464802134515,0.10161256790161133,4.110612154006958,1
proximity_only,866,-0.3273787609384131,-0.5283721746245814,1.3981,0.8918319954841414,1.0529901089451348,0.10106563568115234,2.4052512645721436,1
proximity_only,867,-0.5175163876067244,0.2258611860139541,1.1467,0.8887584671112966,0.9287651613468835,0.10124993324279785,2.5107498168945312,1
proximity_only,868,0.7866615521044387,-0.5097931391353075,1.1874,1.5745681229254758,2.291415139134819,0.10105156898498535,3.708331346511841,1
proximity_only,869,0.33542029665248485,0.2183047686607953,1.0728,0.976996587675574,4.342906154367701,0.10120248794555664,6.2200915813446045,1
proximity_only,870,1.0315437312129305,-0.0066252016571894945,1.2656,0.6763469657300704,0.7413890346399662,0.15323877334594727,3.7112300395965576,1
proximity_only,871,-0.5683843530827866,0.043762337979898924,1.283,1.6001015148491706,2.793866839966922,0.15247225761413574,4.21695613861084,1
proximity_only,872,0.28288417407720745,0.0715624080181434,1.3963,0.9660090415727489,2.5894268436605863,0.15235662460327148,4.309687376022339,1
proximity_only,873,-0.8100838570307366,-0.16133751193350654,1.085,1.3105117222945422,2.3793973372845008,0.05181169509887695,4.110320329666138,1
proximity_only,874,0.873088497177801,0.47012495789672426,1.0395,1.8761417945950196,2.4141684800517735,0.10129785537719727,3.7085306644439697,1
proximity_only,875,0.8374597197532845,0.4744923801203481,1.4354,0.2704360749951284,0.38394422194521155,0.2520911693572998,3.6096301078796387,1
proximity_only,876,-0.3051182540264423,0.35982778917292546,1.3099,1.2978939125163025,1.7052100617228896,0.050862789154052734,3.106963634490967,1
proximity_only,877,0.905579145997627,0.11249435316455625,1.1204,1.3731997927131954,3.1452770080958232,0.10115265846252441,5.2111711502075195,1
proximity_only,878,0.8065228783924627,-0.6572705497459671,1.4564,0.8128439990319982,1.139520541348427,0.2515544891357422,4.909684896469116,1
proximity_only,879,1.0601300905555178,0.3795221485915038,1.0716,1.1341194539263164,1.2134784389868778,0.2513866424560547,3.009490966796875,1
proximity_only,880,-0.7043248905105854,-0.21318890788667988,1.2306,1.8675833368493249,2.9655146572258224,0.20151686668395996,6.41261887550354,1
proximity_only,881,-0.4183970299113334,-0.09844669202062684,1.127,0.46230294719790543,0.3506546579840754,0.05147528648376465,1.7043356895446777,1
proximity_only,882,-0.5410326614154786,-0.5406433756794271,1.1277,0.46836259624311327,0.5018166102360577,0.10134220123291016,3.915064811706543,1
proximity_only,883,1.0451032241642717,-0.13879657153813363,1.0047,1.7166082401390037,2.0234168298142445,0.20249176025390625,3.2150540351867676,1
proximity_only,884,-0.2263647344424471,-0.3316472445288514,1.4023,1.3455323052887693,2.123655502065723,0.303544282913208,3.6138758659362793,1
proximity_only,885,-0.3646902130647699,-0.25479066559687824,1.4506,0.12248063106714639,0.1762514430638206,0.10179448127746582,1.2043602466583252,1
proximity_only,886,-0.45577524558329024,0.3685984817607634,1.3388,0.675972171459867,0.7104584998467716,0.10203814506530762,3.311354637145996,1
proximity_only,887,0.8407539831228337,-0.5301326224889098,1.079,1.6963091878791063,2.468899116672994,0.10118699073791504,3.813227415084839,1
proximity_only,888,-0.27360452864594087,0.0311230928008156,1.2209,1.305129037918122,1.884880080402549,0.05117368698120117,3.4104678630828857,1
proximity_only,889,0.2779455855865929,-0.04843096322432694,1.1728,0.6648289821399598,2.1594725976068063,0.051009416580200195,4.111708879470825,1
proximity_only,890,-0.3306446917999506,-0.07271564632052674,1.2938,0.6965799968534484,2.0691361547963107,0.15191245079040527,4.008575201034546,1
proximity_only,891,-0.2655894063391301,0.38695178416867704,1.3195,0.4878213153492557,0.5387315102800627,0.10155773162841797,1.7038350105285645,1
proximity_only,892,0.03561108262851009,0.2531583488349892,1.2122,0.4927645425012211,0.3838164792019192,0.10124897956848145,2.405271530151367,1
proximity_only,893,0.6671116841617806,0.4416668858063514,1.125,0.7399320322549211,1.3799206398222779,0.10203003883361816,3.3097283840179443,1
proximity_only,894,0.7920942114664942,0.6165058539459877,1.4227,0.23662214516581065,0.3925571975960994,0.051197052001953125,2.4058289527893066,1
proximity_only,895,-0.4861799628726349,-0.07057465360334703,1.0996,1.6242226971304985,2.162358391562427,0.10120606422424316,3.408076524734497,1
proximity_only,896,0.08466447108769093,0.4087285985663941,1.1923,0.8017805774943088,1.7562394145342168,0.10162091255187988,3.7102468013763428,1
proximity_only,897,-0.06671288451368396,-0.2920077127979616,1.2416,0.7694396112484594,2.867902756581954,0.7022593021392822,9.820014715194702,1
proximity_only,898,-0.6232639807735634,-0.47311999739184807,1.1186,0.876214520033122,3.313520981492835,0.5024898052215576,13.142220973968506,1
proximity_only,899,0.25223554413935023,0.05297807719350267,1.286,1.0684153222518518,1.8950438597548356,0.15270256996154785,3.615746021270752,1
proximity_only,900,-0.41748342946912026,0.016357955925252132,1.2874,0.7687393633382782,2.445151393114034,0.15235328674316406,4.310941934585571,1
proximity_only,901,-0.5930949370344178,0.041385570737440425,1.4963,0.13114216434147888,0.2858067407307966,0.10191488265991211,3.7089192867279053,1
proximity_only,902,-0.43951717575865806,-0.49178089046024526,1.1476,0.6547581960743031,0.6704577658198623,0.15162944793701172,1.7044081687927246,1
proximity_only,903,0.9645593356553386,0.5896790458242923,1.489,1.8045767252708198,2.9168255038509754,0.10150933265686035,4.109900951385498,1
proximity_only,904,-0.13064538162166994,0.35308412984044624,1.3291,1.2482337053275712,1.632824856846831,0.05108022689819336,3.2088606357574463,1
proximity_only,905,0.2305476934596684,0.4181960499555518,1.1372,0.5363867515302556,1.1782428371527471,0.05125594139099121,3.5101170539855957,1
proximity_only,906,0.46041946576550896,-0.44002714203942084,1.283,0.9021215164277754,4.5310969300032315,0.10116982460021973,6.113337516784668,1
proximity_only,907,-0.37815613566886386,-0.3812981458842526,1.3429,0.8971698359159002,1.508239196911682,0.10138201713562012,3.209617853164673,1
proximity_only,908,0.697922919780505,0.11894995681459164,1.3723,1.3038003336907251,2.294879838401473,0.051285505294799805,3.807888984680176,1
proximity_only,909,0.035397364472574466,-0.260424561782775,1.0245,0.9892213257878527,2.0924517686404385,0.30161213874816895,4.009442567825317,1
proximity_only,910,0.9519059869791033,-0.6879587704243457,1.3032,1.0605548961836837,1.3789736750158463,0.10154318809509277,3.4080281257629395,1
proximity_only,911,-0.4009933324345899,0.5051890742822617,1.2484,1.9028427277591968,2.674388246597511,0.10114383697509766,3.809422016143799,1
proximity_only,912,0.6344609233463696,-0.530727711697232,1.4521,1.5587801797493432,2.769552761051326,0.05098724365234375,4.2112953662872314,1
proximity_only,913,0.31007698866347244,0.6303922842661028,1.1431,1.3977554319959875,4.231917880990878,0.10174083709716797,5.612593412399292,1
proximity_only,914,0.767210149607161,-0.5084467088086522,1.3994,1.2561122954202375,4.252591040242372,0.10114192962646484,5.61125111579895,1
proximity_only,915,-0.1983042957815374,-0.041462039250564686,1.3035,1.2026621893674594,1.908091968746094,0.05093574523925781,3.5137441158294678,1
proximity_only,916,0.13753064692900718,-0.054247264284247754,1.1762,0.4946031285892598,0.3491582595975215,0.15203452110290527,5.218078851699829,1
proximity_only,917,0.21939904451824943,-0.14094258539677462,1.3183,0.2189569455973675,0.1824452162453459,0.10200119018554688,1.7070655822753906,1
proximity_only,918,-0.8235061656840077,-0.12602073286400695,1.3104,0.892658525866945,0.9601649995653965,0.10248994827270508,2.713078498840332,1
proximity_only,919,0.5631538045320006,-0.589671218058742,1.3389,1.5385232698780569,1.9962760804069923,0.15191411972045898,5.213067054748535,1
proximity_only,920,-0.5291308281963463,-0.22122140750885777,1.3605,1.2450407165878075,1.6924318793724724,0.10149264335632324,3.9111571311950684,1
proximity_only,921,0.6150254447363124,-0.5705818281979669,1.3296,1.3243464934851592,1.768841098980893,0.05091214179992676,3.7081568241119385,1
proximity_only,922,0.46959318343974576,0.034383856351529074,1.4192,0.7216560223518318,0.7051956271281952,0.05090951919555664,1.9105076789855957,1
proximity_only,923,-0.7418605957301391,-0.7166803628525785,1.3141,1.5252106906058658,1.9926150189865186,0.10140228271484375,3.8100149631500244,1
proximity_only,924,0.6635337107368695,-0.4208992255841788,1.4517,1.5029777840318916,1.7229202898185016,0.15128755569458008,2.7104430198669434,1
proximity_only,925,1.0326777873058903,0.1746505038069177,1.3232,0.7660246278322201,5.264145578875718,0.10135865211486816,6.412654399871826,1
proximity_only,926,0.3389208774492598,0.1892589564340844,1.1545,0.8419358178910278,0.7234979133784191,0.10115694999694824,3.408085823059082,1
proximity_only,927,1.004274019468291,0.4727909317143101,1.2204,0.6434233925427731,0.7074757545796763,0.15115571022033691,3.709846019744873,1
proximity_only,928,-0.3148370045466379,0.5806570802928562,1.2898,1.3256759936898486,7.82091124693951,0.15179204940795898,11.524782657623291,1
proximity_only,929,0.5267798941845296,0.11257542926502173,1.3662,1.055923429270866,3.544447375031052,0.10125589370727539,5.010014772415161,1
proximity_only,930,-0.1991757659617821,-0.6345372603514327,1.0451,1.2055644187369545,1.915433938082275,0.10114836692810059,6.3182783126831055,1
proximity_only,931,-0.19240755628390915,0.4037016398112324,1.1476,1.0439158371909325,1.7193980128565347,0.25292181968688965,5.0233824253082275,1
proximity_only,932,-0.1346872976610306,0.5329383923465515,1.3737,0.168672593612395,0.2806546864787427,0.15236234664916992,1.4050803184509277,1
proximity_only,933,-0.5503482593932534,0.07482243409032596,1.0878,0.7629750946154592,0.730821618770937,0.20480966567993164,2.506615161895752,1
proximity_only,934,0.012388193026387273,-0.05391432247887129,1.0661,0.6619314002693888,2.0648399078846618,1.659604787826538,4.209835767745972,1
proximity_only,935,0.43891281988655684,0.28911738617485494,1.2697,0.5187241119287426,1.0055614805378643,22.962652683258057,4.518705129623413,1
proximity_only,936,0.9194410740378249,0.3801183821985944,1.4857,0.5340146324233176,5.710462611730846,0.10183405876159668,7.115923166275024,1
proximity_only,937,-0.859367878880655,-0.4510974411334201,1.2654,2.1189038284803474,3.265968464630316,0.05108976364135742,4.308626890182495,1
proximity_only,938,-0.07543079406876418,0.4724223844274894,1.4567,1.3065688622520764,1.3211232461261881,0.051442623138427734,4.91185998916626,1
proximity_only,939,-0.25089365234721583,0.20651068670374573,1.4152,0.32055081878383873,0.3219089713045636,0.05119037628173828,2.5093321800231934,1
proximity_only,940,-0.5070584695375142,-0.27294412893342174,1.1285,0.614633942067952,0.6495819579058191,0.10099649429321289,5.9116106033325195,1
proximity_only,941,-0.6353758527370846,0.2667881143205847,1.4123,0.5782363856560833,0.6486323181955908,0.10124564170837402,3.7100110054016113,1
proximity_only,942,0.10376841654405833,-0.33087959612637086,1.2409,0.9667409319754889,2.3533684849092054,0.10126590728759766,5.0113983154296875,1
proximity_only,943,-0.5471482413656623,-0.5828148555604726,1.4032,0.7497653032242391,1.295934142926789,0.10124468803405762,4.810609579086304,1
proximity_only,944,-0.19127586524266726,0.2641421473238844,1.3733,1.0194429678877681,1.069934119671017,0.10146212577819824,4.910574674606323,1
proximity_only,945,0.7541843762868972,0.03551562573610623,1.1694,1.1369523084572988,2.8878132897020836,0.10097026824951172,4.510775327682495,1
proximity_only,946,-0.08115376894869519,-0.29398407415141387,1.0576,0.9909768276837522,0.9365800284351188,0.10186648368835449,2.508619546890259,1
proximity_only,947,0.7145437481994692,-0.599479492130392,1.4814,0.8431248273642811,1.2926638285033056,0.20156168937683105,5.517622470855713,1
proximity_only,948,-0.6377185727009411,0.6043007439814342,1.0704,1.856931685185152,2.67821083130014,1.9142475128173828,10.526196002960205,1
proximity_only,949,0.3059875061727848,0.272202814380787,1.4833,1.1745704191159307,1.6167034174535844,2.7580935955047607,2.9118165969848633,1
proximity_only,950,0.18200249813578262,-0.6011138778056835,1.4301,0.9707456357652259,2.871855494073076,0.6526274681091309,8.717235326766968,1
proximity_only,951,-0.28561921001666246,0.5462458111669083,1.3621,1.354453147543075,2.589551218975519,0.10130023956298828,4.111686944961548,1
proximity_only,952,-0.35833239720027954,0.5894002714644205,1.49,0.03394363552317941,0.2649088684290055,0.05143117904663086,3.7106502056121826,1
proximity_only,953,-0.7732072375467419,-0.670500535700906,1.4836,1.3267959037915908,1.4207859701736703,0.10629439353942871,2.511347770690918,1
proximity_only,954,-0.4240341371964385,0.10059520089086971,1.4023,0.8499362731207584,0.8579689257243647,0.10123634338378906,4.710824966430664,1
proximity_only,955,-0.16104826348030776,0.3885607593646395,1.1829,0.5505405195563315,0.48299698336494246,0.10102391242980957,1.4041953086853027,1
proximity_only,956,-0.17767652529799915,-0.24484283952780406,1.3953,0.6932963331341114,0.7501239375734956,0.10095357894897461,2.806626796722412,1
proximity_only,957,-0.4586443213130312,-0.6266382182633284,1.007,0.6494190213320358,0.5843516702765952,0.20123863220214844,2.509594440460205,1
proximity_only,958,0.7936810640185619,-0.43901803108310805,1.2683,1.3042234607543561,1.4967372872974167,0.10134291648864746,2.7065556049346924,1
proximity_only,959,0.7594219965044655,-0.21454438160517242,1.2274,0.3517064825653372,0.44676900843366096,0.10116004943847656,3.7082085609436035,1
proximity_only,960,0.9753237690270764,-0.5799834658710686,1.3364,0.4376571772947642,0.43986687300858307,0.10219502449035645,3.5121288299560547,1
proximity_only,961,0.1805760066251012,-0.6981264504821026,1.3362,0.8038344225559223,0.8032830088380097,0.15154004096984863,2.606832981109619,1
proximity_only,962,-0.5534643146653071,0.1589067952099027,1.2923,1.1291125867321585,1.977559113151874,0.2532522678375244,3.812659502029419,1
proximity_only,963,0.5436409939119007,-0.6489490781742929,1.4112,1.457113409989175,2.1140434669050694,0.15300679206848145,3.514723777770996,1
proximity_only,964,0.3415613460333635,0.5464744853862485,1.4701,1.3345431752976304,4.325169030591234,0.1521449089050293,5.6117963790893555,1
proximity_only,965,-0.1700515817195658,0.013611483351730125,1.0542,1.0218468797426783,1.678810596369586,0.10120248794555664,3.4074203968048096,1
proximity_only,966,0.7416779313351987,0.09765582162182629,1.1169,0.9790415307342214,2.3720645040499693,0.10144186019897461,4.311483860015869,1
proximity_only,967,-0.6631571013015777,-0.25537058288947473,1.0125,1.5176214875493104,2.2964543402436606,0.10186433792114258,4.012941122055054,1
proximity_only,968,0.43147277175779064,-0.6466714161329129,1.4421,1.2600655630284454,1.6662641595518435,0.1011054515838623,3.0067193508148193,1
proximity_only,969,-0.5621972180620911,0.3937131537389761,1.2807,1.5560659304778421,2.4981921308851383,0.10101556777954102,3.8077995777130127,1
proximity_only,970,-0.5396203542707609,0.46519971634222335,1.4576,0.11268446549215934,0.19888021086811142,0.05090641975402832,2.2048799991607666,1
proximity_only,971,0.12281088316375799,0.2620622582320812,1.1107,0.9253245226970664,0.8050560973300436,0.10128331184387207,2.5098743438720703,1
proximity_only,972,0.8834122723603621,0.5407338528661317,1.0316,0.8801565826770108,1.2115789195871614,0.10139203071594238,3.010921001434326,1
proximity_only,973,0.37530453708959066,-0.18898859000542745,1.4119,0.9796314195390593,4.596651880752465,0.10144615173339844,6.214054107666016,1
proximity_only,974,0.46968225717447964,-0.154298840111755,1.4547,0.10456653906838384,0.2901262194664157,0.10108780860900879,3.7097582817077637,1
proximity_only,975,-0.5827633394132185,0.4014454291989894,1.1511,1.228626098904934,3.0767325371799874,0.10101199150085449,6.012251615524292,1
proximity_only,976,-0.018160018032109093,-0.22219837308370982,1.2041,0.9055930466236846,2.5474804381993716,0.0511932373046875,4.410497665405273,1
proximity_only,977,0.8002288287171355,-0.07795573337207873,1.0699,0.8088615071227473,0.8437214224881631,0.10122323036193848,2.908036231994629,1
proximity_only,978,0.262769641626889,-0.29615981631648564,1.4731,0.6986561294054381,0.6905544166764097,0.10127425193786621,2.306870460510254,1
proximity_only,979,-0.8603567359681372,0.6012594774161212,1.1522,1.6345561960520165,3.2314671483795223,0.20307445526123047,4.916837930679321,1
proximity_only,980,0.5706310333011784,-0.267862420784076,1.2463,1.743228015056452,3.310014225619249,0.20248770713806152,4.717238903045654,1
proximity_only,981,1.0034708769800211,-0.1931083329825506,1.0486,0.48936817303304847,0.460579373753555,0.20206332206726074,3.512718677520752,1
proximity_only,982,1.089838626119011,-0.7075925712977815,1.4436,0.5529560750729628,0.6586788792699774,0.1011655330657959,3.7106919288635254,1
proximity_only,983,0.49070629412092326,-0.5775874667437917,1.0678,0.718794060913939,0.7203874364520834,0.10131239891052246,3.609619379043579,1
proximity_only,984,0.36129724522136497,-0.43704306728488124,1.2268,0.24884517052292549,0.2491014881459267,0.10111403465270996,3.00989031791687,1
proximity_only,985,-0.04612264440500946,-0.5228500242582803,1.3352,0.4307145713540185,0.43121644651946517,0.10110139846801758,1.9042644500732422,1
proximity_only,986,0.6279348629420425,0.49080342476886163,1.3716,1.2184925237104154,1.250706199588277,0.0508885383605957,2.406461715698242,1
proximity_only,987,-0.6743132927012585,-0.7202019316108105,1.473,1.7804988388263037,2.627395981289565,0.10254144668579102,3.808612585067749,1
proximity_only,988,-0.5498961164188956,-0.4217411673301299,1.2096,0.5839308598747298,0.47414853994251177,0.10123753547668457,2.9104695320129395,1
proximity_only,989,1.058836761368229,-0.5568785964440948,1.3711,1.6883402347682699,1.964648574441412,0.05092883110046387,2.9062793254852295,1
proximity_only,990,0.9632512475491584,-0.1664319760234425,1.0773,0.6469942876994661,0.5472512747726475,0.051156044006347656,1.70383882522583,1
proximity_only,991,0.26456863454877877,-0.20316212038077197,1.2074,0.7559251272075925,0.7948111488623205,0.10133099555969238,3.711052417755127,1
proximity_only,992,-0.8505983724805575,0.3388490704971011,1.0495,1.2510090700363115,2.8436079011049626,0.10128092765808105,4.513988733291626,1
proximity_only,993,0.2931141019886099,-0.19658161456898282,1.2447,1.3336489878563305,2.6869829889267054,0.10111618041992188,4.411784410476685,1
proximity_only,994,-0.32747594318464956,0.23176900000708145,1.2041,0.8737514278378428,2.3266741159111346,0.10097098350524902,5.117012023925781,1
proximity_only,995,-0.1303010544543799,0.01251940525450601,1.4758,0.3961957170709325,0.4851438250312965,0.2030320167541504,3.716484546661377,1
proximity_only,996,0.776744535608092,0.363961458569232,1.0164,1.0756794741,2.0510861770768942,0.20203232765197754,3.916959524154663,1
proximity_only,997,0.7468991288066353,0.5353674293126532,1.1853,0.17495369428999605,0.2431552868732856,0.10237932205200195,2.307568311691284,1
proximity_only,998,-0.2041656190928982,0.4533259377985218,1.2217,1.0127510554808825,0.9289496440277177,0.15223217010498047,3.1099510192871094,1
proximity_only,999,0.6183922450964319,-0.6725222514998098,1.4753,1.3822996634394822,3.059016617979399,1.0055100917816162,7.724645614624023,1
proximity_only,1000,-0.2102168632443001,-0.20085763875179863,1.4277,1.1445004342696399,1.51989046877795,0.7045965194702148,3.107738733291626,1
