case,pose_index,goal_x,goal_y,goal_z,cartesian_distance_m,path_length_m,plan_time_s,execution_time_s,success
baseline,1,-0.13066148444452752,0.563281457007225,1.3197,0.5126954963684083,4.165583918577162,1.6053962707519531,13.730088472366333,1
baseline,2,-0.5637710546430907,-0.5286635290580576,1.0125,1.3465828127245778,3.6364733564862455,0.15159273147583008,5.61672306060791,1
baseline,3,0.31840995327503974,0.22989172189176654,1.1375,1.0726625436501522,2.262826045174118,0.3565406799316406,4.127950191497803,1
baseline,4,0.7769013140664358,-0.45124606192804856,1.1116,0.9663654350143682,1.0105791652853386,0.25489091873168945,3.712725877761841,1
baseline,5,-0.26999187445419626,-0.021984662937305166,1.3682,1.0455579822955547,2.3744856617460735,1.8154902458190918,8.822068214416504,1
baseline,6,0.33969243733975607,-0.5513354354640945,1.3383,1.0027404269398446,1.2452337501288766,0.502082109451294,2.905914306640625,1
baseline,7,0.030930708718165167,0.33583177095400074,1.4461,1.0999400966327408,1.8582616907658747,0.15379714965820312,4.208693027496338,1
baseline,8,0.3011656754845682,-0.6791771329227231,1.0435,1.386627605988687,3.044360205736265,0.454038143157959,8.61620545387268,1
baseline,9,-0.744067742703176,0.5607687281860799,1.211,1.5942723865821564,2.8140230453623323,0.10230708122253418,4.910134315490723,1
baseline,10,-0.2692555094983793,-0.6087985153552286,1.0149,1.314956301950079,3.2106441358259903,0.15127110481262207,5.010480880737305,1
baseline,11,-0.6311202185376483,-0.06262692550711468,1.1093,0.8798467036222802,1.5716818804007764,0.10213160514831543,5.511266469955444,1
baseline,12,-0.36009807646876646,0.16730561870237126,1.2527,0.6014360942548077,2.1802695879647267,0.8056199550628662,8.026304244995117,1
baseline,13,0.21057977365838032,-0.48900997810792585,1.0133,1.1006927572708605,3.381407430083255,1.1541416645050049,9.220152854919434,1
baseline,14,0.9890869021802229,0.4864927794875896,1.0994,1.3267216104859925,1.492409019208759,0.20125985145568848,3.7076878547668457,1
baseline,15,-0.6976078609330956,-0.4737195470360945,1.3249,1.8117383125994568,2.449371086948091,0.10162711143493652,4.315242052078247,1
baseline,16,-0.10264161183544662,-0.370166430342667,1.2725,0.6465763960408833,4.950083971117455,0.45250368118286133,9.417646646499634,1
baseline,17,-0.31618780179961137,0.002664418259433421,1.1102,0.583078623557711,0.6682849447424091,0.10118246078491211,4.308252573013306,1
baseline,18,-0.7252406242266942,0.6129826508891109,1.2946,0.6315635911039076,3.1110368911540602,0.9043295383453369,10.82291054725647,1
baseline,19,-0.86205516386102,0.3774440026969422,1.4047,0.385056877141558,0.3220726618805677,0.1524660587310791,3.7141122817993164,1
baseline,20,0.6556578271315445,-0.6412626485173598,1.0032,1.9012000835260827,2.8354131893529044,0.10257458686828613,4.712170839309692,1
baseline,21,0.8376709900854264,0.1134116262610646,1.4029,0.7449816842149053,3.73034435862759,0.5057365894317627,8.8166024684906,1
baseline,22,-0.25663303835955753,-0.2961981155352495,1.3491,1.3585623994352374,5.490839563972749,0.4014854431152344,9.319080114364624,1
baseline,23,0.8854556557862792,-0.09417669282748165,1.1701,1.2703342018774948,2.3177280584503657,0.10142111778259277,3.808311939239502,1
baseline,24,0.6348759663586907,0.02819486946048788,1.0777,0.6150664733182636,0.6828614135194168,0.15134429931640625,6.412987947463989,1
baseline,25,0.1630564678351123,-0.15555864077535275,1.4786,0.7611745846283557,3.0809535569532316,0.40175342559814453,8.516993999481201,1
baseline,26,-0.8107073539688927,0.13142790507643431,1.1683,0.935320196983958,2.146458834951869,0.45195698738098145,6.113029718399048,1
baseline,27,0.9257967513215164,-0.4004724771494458,1.0464,2.0404150210266567,2.439125689185501,0.2020401954650879,4.012780427932739,1
baseline,28,-0.4195220359956043,-0.6372296038952384,1.0484,1.298575903826068,1.2467475641048902,0.2021780014038086,3.1088783740997314,1
baseline,29,0.9696607469429799,0.367357401521509,1.4237,1.6115290123975272,3.143780401258438,0.6032309532165527,5.813955068588257,1
baseline,30,0.7198780564140448,-0.4866527390905867,1.3019,1.1052329347923613,1.3985349053374352,0.25248289108276367,4.2097487449646,1
baseline,31,0.727346387535172,0.48822944609487984,1.4036,1.1056109341562002,4.105875231052542,0.702345609664917,7.414377212524414,1
baseline,32,-0.4212325078418716,-0.1561538984275238,1.3649,1.4848982238656119,2.1831577142012475,0.15128207206726074,3.6081340312957764,1
baseline,33,-0.85922087728718,-0.04123320625842464,1.2681,0.3701441839378999,4.2824241198283595,1.0532481670379639,10.11905837059021,1
baseline,34,-0.6354268419446407,-0.27911675449141515,1.4866,0.3769576236936801,4.677710725578975,0.6024196147918701,10.724384546279907,1
baseline,35,0.15524301229535165,0.22294804952197445,1.1893,1.198047578924159,1.9932057574268964,0.20144963264465332,4.110858678817749,1
baseline,36,1.0345705385752644,-0.3970511255359496,1.276,0.97929631243531,4.020528667776735,4.931349515914917,7.818408966064453,1
baseline,37,-0.3084461401438592,-0.692317334334872,1.4147,1.5237307225512502,1.7005984924915825,0.2017829418182373,3.7081427574157715,1
baseline,38,-0.7709691150225211,-0.36013975813889587,1.3093,0.723941034334553,0.7051894499172631,0.15144777297973633,4.509634017944336,1
baseline,39,-0.5858183635151959,-0.07049190737862832,1.4309,0.5489646801327981,2.832294221870973,0.4018237590789795,7.715804815292358,1
baseline,40,0.4591726549584514,0.303465351461658,1.2887,1.318323586093205,3.68662441760764,0.3015627861022949,8.115732192993164,1
baseline,41,-0.1440538309504401,0.12578821123557826,1.3523,0.6934643692025202,7.62191362783791,0.5036542415618896,23.35201072692871,1
baseline,42,-0.6940456757521627,0.40470562893961304,1.0229,0.6335610734561087,8.339721135907167,0.9034316539764404,14.027860879898071,1
baseline,43,-0.7921836694384579,0.06888690394064434,1.1139,0.4478282096826747,3.494127348275287,0.15183711051940918,6.61393666267395,1
baseline,44,0.14196844154917487,-0.43179480487803323,1.1447,0.9876704896210189,1.8704792356611817,0.20142173767089844,4.109361886978149,1
baseline,45,0.4964385969190874,-0.21162563418306157,1.0399,0.5576769640158236,0.5569622274305771,0.20125961303710938,2.0057461261749268,1
baseline,46,-0.19700649221838762,-0.5870873818154306,1.1164,1.0044511738605106,1.276656827277116,0.30139875411987305,3.308962821960449,1
baseline,47,-0.36175969386856155,0.16381807925096203,1.0505,0.9180502410088266,2.386531513624087,0.3532547950744629,6.3201003074646,1
baseline,48,0.1767674463016049,-0.41069495230277936,1.139,0.9670654388270341,1.6058901734881479,0.20278215408325195,3.5090577602386475,1
baseline,49,0.911628589297721,0.12688140229347022,1.3178,0.877293749380269,4.316178916704458,0.7529280185699463,10.11856985092163,1
baseline,50,0.5658441555208145,0.48962949717484106,1.1824,0.6389466042935446,3.374046884245745,0.5035905838012695,9.318031549453735,1
baseline,51,0.3995067226777984,-0.6273916880968029,1.1851,1.2216906249497128,1.441224965434422,0.2519240379333496,3.506638765335083,1
baseline,52,0.3289423962453073,-0.7303632510787509,1.1048,0.43090820891822323,0.3683046140256443,0.10134553909301758,4.310921907424927,1
baseline,53,-0.8629679408167945,-0.5220497373523568,1.1335,1.2095597583140285,1.7803557728970063,0.15120244026184082,6.214189767837524,1
baseline,54,0.41918721633415434,-0.4348539688011908,1.4683,1.2000288357623234,1.3870579715023106,0.2027122974395752,3.13032865524292,1
baseline,55,-0.2280577982483314,0.2826791906321652,1.324,1.002633798148435,3.912778015283666,2.4118971824645996,8.818763256072998,1
baseline,56,0.43038875253928044,0.037856020982938055,1.3046,0.5835383231788165,4.174179675844807,1.4035086631774902,9.618910074234009,1
baseline,57,-0.34736890725482017,-0.4077582299971391,1.0856,1.1037114412435822,5.029347103895812,3.5093555450439453,16.934677839279175,1
baseline,58,0.8950362723610386,0.12418447212023931,1.3646,1.3037921506899925,1.826818347550034,2.009460926055908,5.115741729736328,1
baseline,59,0.27042349932944365,-0.06628068869288095,1.0817,0.8691989388440907,0.9078719458227571,0.20338010787963867,3.21307110786438,1
baseline,60,-0.31650917764222386,-0.7095898621231824,1.1897,0.8492431145900539,2.1766770502558828,1.055847406387329,6.313901424407959,1
baseline,61,0.9909889141874761,0.5676978648015553,1.4948,1.6975207047448513,2.7606828331169835,0.10107016563415527,6.914642572402954,1
baseline,62,-0.8423649860397847,0.5325097049955348,1.32,1.8523695517996985,1.7794910710964673,0.1011502742767334,3.0063390731811523,1
baseline,63,1.036894794590899,0.4290349918121529,1.2785,1.8202547312031148,1.859889908480499,0.10152816772460938,3.0071864128112793,1
baseline,64,0.8139528829464104,-0.30754916491527445,1.3423,0.742221866423927,1.0223667220060364,1.5065271854400635,5.511704444885254,1
baseline,65,0.9824587623866678,0.21334494063141296,1.4214,0.5901411413744975,2.981924697233516,0.8544254302978516,8.316590070724487,1
baseline,66,0.3459443233177544,0.6173339900432578,1.388,0.8814124900724009,5.771849554860791,0.6031572818756104,12.427162408828735,1
baseline,67,0.8659534285612076,0.2748160807942769,1.1145,0.8445735634237022,0.9676645265356659,0.3532392978668213,4.314274787902832,1
baseline,68,-0.16048853828244525,-0.33960480598058607,1.0161,1.4547228107697676,2.3681239843653965,0.705620527267456,7.817538499832153,1
baseline,69,0.8455373354257656,0.5117925192125917,1.1577,1.3182779475448523,2.545107995713959,0.4033317565917969,6.813527345657349,1
baseline,70,0.7092210447121483,0.15005044088864938,1.1339,0.47935390886109586,2.6024061574068664,0.15128469467163086,6.013481855392456,1
baseline,71,0.8909905874824164,-0.27859465448598975,1.1055,0.643574416905747,1.210471885424841,0.15134048461914062,5.01038932800293,1
baseline,72,0.2731512394544169,-0.6936153158032764,1.4715,0.6379274773995084,0.8049405799793704,0.15285348892211914,4.208498477935791,1
baseline,73,-0.3050752382817403,0.06880490002182083,1.4382,1.0212043664315114,1.8080431901822436,1.5032501220703125,7.115257740020752,1
baseline,74,0.7573943112274426,-0.24809805870092472,1.1573,1.1025282455851209,2.172044684030786,0.25167250633239746,5.411098480224609,1
baseline,75,0.6531272222414466,-0.44646190821933746,1.3277,0.19480706006160975,0.3552888803672119,0.10117292404174805,4.215266466140747,1
baseline,76,-0.7705668286438195,-0.012918736225364547,1.1978,1.5924075389546013,3.291168543421658,1.5580272674560547,15.737051486968994,1
baseline,77,0.5661130234383152,0.5978207571815227,1.4573,1.3158480169221594,3.730877049275891,0.15179967880249023,7.515474081039429,1
baseline,78,0.7030590380315707,-0.37087648676591,1.2294,1.070312001033833,1.228819065594562,0.25167179107666016,4.6101202964782715,1
baseline,79,-0.8227548265505632,0.579678921767469,1.1324,1.9123599751258566,2.4464900280965565,0.1013021469116211,4.308688402175903,1
baseline,80,-0.06245526417091707,-0.5048936042226579,1.1233,1.2949591589228897,2.6445073418359817,0.20150327682495117,4.509672164916992,1
baseline,81,0.2155672494475307,0.23885479778988572,1.2807,0.9316360817916124,1.7123259841056582,0.15161466598510742,4.609359979629517,1
baseline,82,1.0195429862744507,0.27087036353998595,1.1314,0.7934986923473173,0.8728697832283016,0.502021312713623,5.110344648361206,1
baseline,83,-0.04135267626812045,-0.4026176204254096,1.2923,1.353710124793107,3.349726888979072,0.5024640560150146,10.818853855133057,1
baseline,84,-0.8444721055358239,-0.583516191943497,1.4489,0.6661001787384457,2.380155360319434,0.602290153503418,9.038483381271362,1
baseline,85,0.8225228775098163,0.22382589878815262,1.1997,1.865462636811367,2.1072582388593277,0.45372629165649414,5.319657325744629,1
baseline,86,0.10138266448156175,-0.09244978694750272,1.1097,0.7929437861232745,1.0300171749255334,0.25272536277770996,6.5148375034332275,1
baseline,87,-0.08316361642440584,0.10317803472374554,1.4988,0.46757222095866674,0.0,1.4038395881652832,0.0,0
baseline,88,-0.130517797810334,0.11693152419136088,1.2548,0.4757163798433398,1.7478429679294818,0.45174121856689453,5.811392545700073,1
baseline,89,0.43253077786874905,-0.5191280971901155,1.0455,0.7968578063515079,2.489357495379824,0.5519518852233887,9.419005632400513,1
baseline,90,-0.8204545825065056,0.061855648669738694,1.0236,1.3038513110229053,1.4948429279689581,0.1511821746826172,4.408679962158203,1
baseline,91,-0.10364720625867363,0.14087801213979334,1.0548,0.6843127238471806,1.2715420780929225,0.15129971504211426,5.210033655166626,1
baseline,92,0.9929832509950729,-0.21249497566173614,1.3137,1.3612873498017275,2.179593147347118,0.25138187408447266,4.012977838516235,1
baseline,93,-0.4849419708476145,-0.6476975725975227,1.396,1.4836459751643083,1.5877520270595793,0.10107636451721191,4.012202739715576,1
baseline,94,-0.6858140517817499,0.1954513066740744,1.2111,0.9560056181766308,4.383832066480308,0.40279459953308105,6.115030765533447,1
baseline,95,0.801542866341459,-0.7110243602989752,1.0318,1.9742442869652694,3.401578711368325,0.4032282829284668,5.415822505950928,1
baseline,96,-0.6387973116538773,0.2143168652103431,1.1908,1.6148439295377688,3.037648980747091,0.2535717487335205,5.110999584197998,1
baseline,97,0.5839108088193017,0.360982798348782,1.4981,1.1590464762851334,1.7989014964726886,1.404693841934204,4.71022629737854,1
baseline,98,0.6147184377521813,0.36559093175322077,1.2646,0.5123988616738555,0.4668762549017846,0.15139293670654297,3.3067550659179688,1
baseline,99,-0.1356601539587038,0.3237914080595038,1.4855,0.9091725850817612,1.5311992837988542,1.8566291332244873,3.207306385040283,1
baseline,100,0.8283740741528494,-0.1535622063867247,1.4304,1.2948588750626038,4.388708360518064,0.6521172523498535,9.218835592269897,1
baseline,101,-0.6686084919671815,0.4971076937777247,1.0057,1.925600324777807,2.5621175837644454,0.8024694919586182,8.018452644348145,1
baseline,102,-0.23866169075732746,0.4874489159537795,1.3604,0.32394404917824027,6.633147702242483,2.4608874320983887,13.34934115409851,1
baseline,103,0.9214670772629805,-0.6175721060958524,1.3409,1.7381094524464527,5.129605797159635,0.9528219699859619,11.824112176895142,1
baseline,104,1.0111033652302361,0.0449036582813952,1.2685,0.7472387384520744,0.6521642927305344,0.10098528861999512,3.1131012439727783,1
baseline,105,-0.2918562504944361,-0.2914149146617354,1.1334,1.378964874331506,2.449640142603928,0.40303611755371094,5.51682448387146,1
baseline,106,0.6959096646646317,0.34193532819971717,1.3205,1.381417616474271,5.743091849930635,1.354734182357788,11.423696994781494,1
baseline,107,-0.758918537647011,0.0120526843128127,1.0558,1.7127220176455529,3.040623454317044,1.35422682762146,6.813499212265015,1
baseline,108,-0.17748644512178002,-0.5821499194284695,1.2174,0.803043749128572,1.1729326722070719,0.1011042594909668,3.7075953483581543,1
baseline,109,0.3523082014928294,-0.6040574430072863,1.2269,0.6434805330648374,0.6962190769401669,0.15160179138183594,2.307595729827881,1
baseline,110,-0.7287837213861684,0.38623572146494956,1.4769,1.6638400862069869,3.026251940128582,0.15107393264770508,6.412962436676025,1
baseline,111,-0.7048516506831496,0.6126427808606151,1.4379,0.477608690839517,0.1896175325136427,0.10221314430236816,3.006556987762451,1
baseline,112,0.7379687423043702,0.558519545325422,1.1317,1.4796243391494102,1.39808524559785,0.10097837448120117,3.2128093242645264,1
baseline,113,-0.12725350147772496,-0.6282700152560291,1.2503,1.3394390949139428,2.333118056683593,0.3540053367614746,4.016728639602661,1
baseline,114,-0.032191977672493044,0.5023309251201674,1.0893,1.4103528093263642,3.86427011256042,1.458883285522461,9.722293615341187,1
baseline,115,-0.8504970760709754,-0.09906027790007044,1.4563,1.0199932767230484,3.8804589996216468,0.45336294174194336,7.614609003067017,1
baseline,116,-0.6400629788877781,0.14901495510747143,1.4353,0.5558382543583181,3.15706072595838,1.1033554077148438,8.816616296768188,1
baseline,117,1.0340259910765421,-0.22792782373443055,1.1492,1.9015358550148875,5.518478386383893,1.6039974689483643,9.919166803359985,1
baseline,118,-0.4298330480544449,0.5804677691914001,1.3195,1.7538346547687615,2.601754959607686,0.1511516571044922,3.710052728652954,1
baseline,119,-0.7874570545139581,0.48143063822114984,1.3045,0.46750711699967784,0.3734583719581564,0.10148024559020996,3.707651376724243,1
baseline,120,-0.7267352086944394,0.017995786767414867,1.0764,0.7177216009875084,3.918018248980737,0.30205392837524414,7.525167226791382,1
baseline,121,0.37446810078409043,0.21295869866486405,1.3813,1.090914352730359,2.4542653704752704,2.713832378387451,7.016106128692627,1
baseline,122,0.2851109662315847,0.49519110641461894,1.2697,0.4724260338895225,0.4449830229418682,0.201812744140625,3.9113829135894775,1
baseline,123,1.0107155614397394,0.48022243906611906,1.3893,0.6235946047069614,3.7055157282319486,0.6020772457122803,8.316388845443726,1
baseline,124,-0.32323049533139503,-0.48452152653955194,1.2652,1.6059498583729483,2.3598665854737977,0.20267891883850098,6.513192892074585,1
baseline,125,0.2838064136884284,-0.6361926088101109,1.0003,0.8519881007821362,0.6770780910999764,0.15176963806152344,3.808305501937866,1
baseline,126,0.5107565171871349,-0.0064035926431784684,1.1621,0.5863970115763723,1.1821782552650515,0.5021669864654541,5.112063646316528,1
baseline,127,0.48413718400178873,-0.5195643253401193,1.0097,0.7658236858896171,0.9997531812483008,0.20110487937927246,4.409418106079102,1
baseline,128,1.0095034281445934,0.25413860452560666,1.4645,0.9417924126007968,2.030407363155438,0.20145130157470703,5.0100672245025635,1
baseline,129,0.9756678540076542,0.4469717841735611,1.4394,0.42407409936720103,0.9532825030619775,0.10111045837402344,5.1123669147491455,1
baseline,130,-0.12684960684770574,0.37070027649423853,1.4158,1.1005929426615577,4.596924729294603,0.6536951065063477,12.427229404449463,1
baseline,131,0.3045670778279319,-0.21965596298897638,1.1538,1.002894760742435,1.0195209052246221,0.25247883796691895,3.7147328853607178,1
baseline,132,0.7885674927374753,-0.09901559844171082,1.029,0.6760821642522149,0.8161347791213005,0.20287179946899414,3.0147972106933594,1
baseline,133,-0.7612637656378625,0.4451285449744432,1.439,1.7404216301198332,2.6689448195346612,1.7555866241455078,7.515193462371826,1
baseline,134,1.1023342110804804,0.020163163498010173,1.4735,2.074952918649477,0.0,0.6527426242828369,0.0,0
baseline,135,0.8110011283226295,-0.4031437082048464,1.0428,2.065889609146865,2.9225035769061294,0.20113611221313477,4.109743595123291,1
baseline,136,1.0179291360267877,0.08988394773550923,1.243,0.5780484849219313,1.3962302143322867,0.401538610458374,5.611697673797607,1
baseline,137,0.3521301725875494,-0.2508844254228771,1.0346,0.9920620282084313,4.235440872889013,0.6019165515899658,10.32045865058899,1
baseline,138,0.15824986319131829,0.3181654702447686,1.3803,0.7197460917313401,1.533372868048204,0.10173368453979492,3.8095293045043945,1
baseline,139,0.22087935445103035,0.027728772889620834,1.3829,0.5266128485381001,0.4359869217259969,0.1011345386505127,3.310492753982544,1
baseline,140,-0.6073818172108301,-0.7034526027454723,1.0642,1.135509157831936,2.5385248904176905,0.803002119064331,9.018904447555542,1
baseline,141,0.5224861003726611,-0.4503872420867566,1.2376,1.1305193491879064,1.110166032356868,0.2531006336212158,5.01728892326355,1
baseline,142,-0.17813545844532475,0.06754690173826594,1.2749,0.8219244840362482,3.82586187102526,1.0049667358398438,8.018112659454346,1
baseline,143,0.9190425324866094,-0.2644969883099853,1.1325,1.3427139198345295,5.655866298672311,1.2058205604553223,10.920818090438843,1
baseline,144,-0.08705220543924252,0.11174712611309823,1.4362,0.9267800313200262,3.6261733015592297,0.6022517681121826,9.319643020629883,1
baseline,145,-0.5815003607986469,0.5301313969718934,1.2116,0.5815400997543179,0.5992636826647518,1.7538871765136719,3.2096164226531982,1
baseline,146,0.03700706886423388,0.6035647584422456,1.1059,0.7061126160935264,4.629750937537685,1.2536683082580566,8.42162299156189,1
baseline,147,0.38240049325575054,-0.4130399197987627,1.2696,1.1474575414390853,2.052796615407992,0.15259122848510742,3.713503837585449,1
baseline,148,-0.619213147185695,-0.5342856991141075,1.365,1.2128586291385193,1.3897747588393035,0.2023303508758545,3.7135210037231445,1
baseline,149,-0.512513672720895,-0.2680531527130119,1.1006,0.6449289754676638,0.4565832895123164,0.30226588249206543,4.209284782409668,1
baseline,150,0.4500994377486758,-0.5062324969689606,1.1559,1.1499122783568405,1.622261259332931,0.1013484001159668,3.908949375152588,1
baseline,151,-0.5381707049909699,-0.3602168741700888,1.4976,1.1867586875746936,1.654153360997113,0.15157628059387207,3.409123659133911,1
baseline,152,-0.6338997034786091,-0.10988997272303469,1.3249,0.5215436084489855,0.30689746272525414,0.10116362571716309,4.308529376983643,1
baseline,153,0.12477303083432634,0.20560249453674795,1.2191,0.9392241954728995,3.0589856022341486,1.3540887832641602,8.919221639633179,1
baseline,154,0.37149857197097913,-0.63066309010225,1.2588,0.8559113575523456,4.788395801683574,0.5020382404327393,10.047837018966675,1
baseline,155,-0.75194348356766,-0.362570111445742,1.0605,1.1877533671623772,1.5701962197682187,0.452728271484375,6.014468669891357,1
baseline,156,-0.5072793396356601,-0.45535402973536,1.1123,0.46803584748526844,1.4998002914670259,0.10136032104492188,5.811812162399292,1
baseline,157,0.3523809571730465,-0.23611265923113267,1.169,1.0474882170513382,1.3910546172549567,0.10109639167785645,2.808009147644043,1
baseline,158,-0.800293891870835,-0.39615163847131546,1.2942,1.3899163153787333,1.7607843339616471,0.10133099555969238,3.7078800201416016,1
baseline,159,0.14114469027325027,-0.011876071245456199,1.1151,1.0933745353867168,2.746738756468398,0.15114855766296387,6.4135355949401855,1
baseline,160,0.18264742211385587,-0.4098455280058814,1.1101,0.5801422083748342,1.5813390507044207,0.2515425682067871,5.110394477844238,1
baseline,161,-0.8332188860045463,-0.300463226488713,1.0355,1.2854684231100515,1.6172292020131147,0.15130233764648438,3.7101001739501953,1
baseline,162,-0.6356314547342441,0.48058448373661566,1.3156,0.7034793800259066,4.215669500001264,0.1515204906463623,6.02142596244812,1
baseline,163,0.6911373949197446,-0.058140418671475236,1.1145,1.7108556831570192,2.18446762749181,0.7033171653747559,3.8099114894866943,1
baseline,164,0.2901190959173825,0.28123383752926945,1.4527,0.4481879702796765,3.0568526620730703,2.609748363494873,8.517326354980469,1
baseline,165,-0.3105561547069281,-0.24412492474827535,1.4298,0.9905394909049011,4.626750285655276,0.6038031578063965,7.714717149734497,1
baseline,166,-0.16721628927046872,0.6124719518415541,1.0354,1.1119666678225992,3.789267389310152,0.10137081146240234,5.812107563018799,1
baseline,167,-0.6712671392663598,-0.5329715427607278,1.119,1.258447410843702,3.1069799137971943,0.20144367218017578,5.4110331535339355,1
baseline,168,-0.503224158330312,-0.35127923821465407,1.3345,0.1795239992838964,0.4298789042644708,0.10130929946899414,3.707581043243408,1
baseline,169,-0.7139767160986251,-0.022321350730470035,1.1071,0.7451513888725231,0.6047831765662823,0.15111041069030762,2.405165910720825,1
baseline,170,-0.6509388959029203,-0.1963464069111509,1.0662,0.45043805453965036,0.25935626697404063,0.10114455223083496,2.2071382999420166,1
baseline,171,0.7464368446214729,-0.3886415156402526,1.4678,1.5813049405312047,1.9415518741661404,0.10137033462524414,3.7148430347442627,1
baseline,172,0.9690232104508749,0.02199221500113957,1.2855,0.7366386987528319,1.7737540563467917,0.4534261226654053,5.317394971847534,1
baseline,173,0.6521349935864189,-0.4860018894819629,1.2363,0.7407698777253664,1.169674373587185,0.30281615257263184,6.1141533851623535,1
baseline,174,0.1330837705525898,-0.4099290276616797,1.3923,0.7355486849921968,1.633289513981238,0.9037783145904541,6.214945316314697,1
baseline,175,-0.30093424347781306,0.05562131623466937,1.4037,0.7239239917205271,0.9578896412924931,0.15108847618103027,2.5081124305725098,1
baseline,176,0.1825922553172432,-0.6717944604059854,1.0952,1.1406758531460306,3.8554782658287214,1.105055570602417,10.420531272888184,1
baseline,177,-0.7473908085229743,0.6172053593037848,1.0485,1.70363868100776,2.9161829262028487,0.10188126564025879,4.812014818191528,1
baseline,178,-0.36830222225822007,0.19338474033567887,1.2155,0.5166210028976004,5.223863835403701,0.4020068645477295,11.321930408477783,1
baseline,179,0.06166400570641384,-0.17713058396165293,1.2118,0.7254819057557833,1.8604479439727695,0.3518197536468506,5.811852693557739,1
baseline,180,0.7732876662352792,0.5829469752557884,1.2335,0.9225185703398081,1.029397495987506,0.25188636779785156,3.7155709266662598,1
baseline,181,0.986790785419297,-0.49398576708838293,1.3645,1.0103634044665881,1.2589881208765004,0.2529122829437256,5.11601185798645,1
baseline,182,0.2656057103225853,0.413672739265866,1.3367,1.1299270082014268,2.5186853783055567,1.968217134475708,5.920610666275024,1
baseline,183,-0.47337465166537035,-0.518136734502522,1.4921,1.353919889374046,2.874830415686858,0.8535847663879395,8.519808292388916,1
baseline,184,0.44542089141986874,-0.02430810636723002,1.0492,1.2156818746646982,1.9617435609122174,0.6019201278686523,7.013381719589233,1
baseline,185,-0.09517379708833662,0.379007629833947,1.2013,0.7581857243621622,1.2756547394059194,0.3516960144042969,5.010509252548218,1
baseline,186,0.04403133519715996,-0.32890680089846874,1.1697,0.9432479138205379,3.025956491520326,0.6037485599517822,5.410133361816406,1
baseline,187,-0.4127544382190081,0.4930154636792571,1.4308,1.1273499516161858,3.347240606219354,0.15151715278625488,6.314187049865723,1
baseline,188,0.9236277239317321,0.1147030063858252,1.1243,1.409940848741201,1.93033254116692,0.20142436027526855,3.710810661315918,1
baseline,189,0.37111736118755023,-0.2828396854611636,1.0951,0.95425769188478,0.9588823092764959,0.15218567848205566,2.3124234676361084,1
baseline,190,0.3559842022503137,-0.010024459624534132,1.2243,0.46776763094309626,2.016495584885826,4.169941663742065,6.6196839809417725,1
baseline,191,-0.5723803883696872,-0.3146938788489167,1.2109,0.8826272219438049,2.4209810484640775,0.7559444904327393,7.918477773666382,1
baseline,192,-0.8065387143536853,0.04002842701318898,1.1393,0.6267595394275856,0.589003189424046,0.10112643241882324,3.7079155445098877,1
baseline,193,-0.19499397404507146,0.3854075366193458,1.1249,0.707997804567106,1.711090453504458,0.7023971080780029,7.515058517456055,1
baseline,194,-0.6203174712580108,-0.19712726277005532,1.4616,0.8515212576776352,1.121320909873853,0.7525668144226074,2.607551336288452,1
baseline,195,-0.41862373464890457,0.2493750289720732,1.2216,0.6988193863242511,0.7212837461537672,0.10178112983703613,4.309415817260742,1
baseline,196,0.5024058169337922,0.002703385159597227,1.4307,1.0834780035470624,2.478137366871382,0.10103201866149902,4.7095866203308105,1
baseline,197,-0.5130733252995743,0.5052110712724055,1.2752,1.3712773853613736,5.233161659801462,0.8025374412536621,10.923485040664673,1
baseline,198,0.04269550282267098,0.5585673086266344,1.0253,0.9240546290076698,0.9038946100417391,0.20230579376220703,3.211820602416992,1
baseline,199,0.1296713615490115,0.09713811948720619,1.4996,0.5622980537706462,2.169627852144858,1.6589233875274658,6.628991365432739,1
baseline,200,0.9744584358825197,0.03349299425157315,1.418,0.6800258316164028,0.9052175540648721,20.779667615890503,3.510375499725342,1
baseline,201,0.5287469732091561,-0.5334113550358048,1.4845,0.7985546103565075,1.2975313750636124,0.1010596752166748,3.707568883895874,1
baseline,202,-0.032373009478670944,0.26887437974836936,1.4632,1.1712917517901105,2.6628560773826866,0.30132293701171875,5.81186842918396,1
baseline,203,0.020563634122989782,-0.5874109250148023,1.4243,1.0234456719448268,3.294833145594594,0.6522867679595947,8.218111038208008,1
baseline,204,-0.6259185658551252,0.5222367467162697,1.0832,1.4178782059487292,3.458120460155263,0.3030097484588623,6.319663763046265,1
baseline,205,0.29890791364644986,-0.19477028488244097,1.2428,1.0460161722998655,2.4141535725822276,0.15201449394226074,5.713034629821777,1
baseline,206,0.7182555351212587,-0.7366356003916756,1.1069,0.6838407011622168,0.7268920270737422,0.15152931213378906,4.709580421447754,1
baseline,207,0.19211808502296313,0.5208816169511331,1.2005,1.2504842665561515,2.525892293200315,0.1513807773590088,6.815344572067261,1
baseline,208,0.5887274737535213,-0.12165254921740487,1.0293,1.075875633541783,1.62266011968113,0.8021581172943115,6.112571716308594,1
baseline,209,-0.5938213856072367,-0.5006442805404492,1.1895,1.2280518936615645,2.1238667687626145,1.1027534008026123,8.316062450408936,1
baseline,210,0.9402245759169743,-0.24507078261374604,1.4927,1.4415911500160177,2.0323329978220745,0.3024451732635498,4.211898565292358,1
baseline,211,-0.8470467870419227,0.16870034915096044,1.1326,2.0500132734219725,2.8186430438154297,0.2017672061920166,4.1081342697143555,1
baseline,212,-0.5783504735933301,-0.1733064539990693,1.392,0.37473793699688973,6.769321590394763,1.4037549495697021,12.95268702507019,1
baseline,213,0.12235051047652279,0.07505901379774027,1.2275,0.9581092874344547,1.8724224445434725,0.20235943794250488,4.511601448059082,1
baseline,214,-0.456967114484549,0.4909265936915409,1.2115,0.8746992557998406,4.39483309991584,1.0535264015197754,10.120193004608154,1
baseline,215,-0.8005585583250759,-0.09438001741886093,1.4787,0.7942686426918047,2.4914573542993983,0.8022656440734863,8.516131162643433,1
baseline,216,0.664095736289511,-0.12018114105621003,1.4977,1.6785271896664156,2.6502954705454878,0.3016061782836914,5.313979387283325,1
baseline,217,-0.07868761334510388,0.025945815217491397,1.2779,0.9230965202853685,0.7395205340285329,0.15159130096435547,2.808074951171875,1
baseline,218,0.8350591008487913,0.5569626449716115,1.3592,0.9574132139092381,2.636763026026441,0.5018959045410156,7.515081405639648,1
baseline,219,0.40340709469972924,-0.1813992489112155,1.0774,0.9797460284243925,1.2514149872607936,3.7738380432128906,5.8279128074646,1
baseline,220,0.5460569575755418,0.1623614961845481,1.1484,0.3401393230386045,1.1115085792409192,3.06589937210083,6.620163440704346,1
baseline,221,-0.4150097531624425,0.18018062970465287,1.4844,1.1062314289554913,4.524661260709656,2.761615514755249,7.116222620010376,1
baseline,222,0.7124336812096612,-0.4976796343373456,1.2896,1.1931905677633452,3.187795164228874,0.4518773555755615,7.5149290561676025,1
baseline,223,-0.6759071595509779,-0.40888140956675006,1.2711,1.336850598284375,1.454429193845233,0.10233521461486816,3.007302761077881,1
baseline,224,0.7724957715717773,-0.19726983030424305,1.374,1.4146457068794323,2.0162573806161346,0.25147294998168945,4.412708044052124,1
baseline,225,-0.2919811986226717,0.4885654146480186,1.0286,1.4607104328556884,2.6438573501096974,1.4045016765594482,9.91886281967163,1
baseline,226,-0.46096944230057385,-0.7065447518773718,1.2921,1.0770969435898157,2.1190326442721297,7.57604455947876,5.319101810455322,1
baseline,227,-0.03773654072566912,0.48353093101976363,1.2514,1.3336593970880104,2.5187216958825567,0.7531812191009521,6.815183162689209,1
baseline,228,-0.35882275493917826,-0.22130263117817528,1.4264,0.9391029860447047,3.1657081929010324,1.7039661407470703,6.81347131729126,1
baseline,229,0.36406313535698365,-0.18046838988923564,1.0787,1.0250135268391571,1.1322258181977647,0.2514791488647461,2.407938003540039,1
baseline,230,-0.2893688645879192,0.5601748437660033,1.4804,1.0841989149602551,1.97913979031115,0.45316195487976074,6.513429403305054,1
baseline,231,0.8483035282296632,-0.07326953360516819,1.0401,1.447723770944065,1.9392728149589467,0.20144963264465332,3.809561014175415,1
baseline,232,-0.030226834141979353,-0.7121271703681586,1.0929,1.305080645386874,1.525442970804867,0.10112190246582031,3.8122546672821045,1
baseline,233,0.3825538316954238,-0.38866232021478003,1.2975,0.5004123708350191,0.7165002199599328,0.2532076835632324,3.7153115272521973,1
baseline,234,1.0780851221544403,-0.020701689516109623,1.3376,0.7743136103464529,0.9415129044577615,0.6101629734039307,4.61468768119812,1
baseline,235,-0.8365496790829209,0.5132465602141257,1.1176,1.929555336750277,1.9507919170356447,0.40253257751464844,4.1205854415893555,1
baseline,236,-0.3298225525979577,0.018440575456700192,1.0599,0.6969038975361261,4.374770511663988,0.8032159805297852,7.516341924667358,1
baseline,237,-0.46387303937048446,-0.7278917314232478,1.4451,0.665825487140895,1.1808204379578109,0.20143604278564453,7.516009092330933,1
baseline,238,0.8590501337289052,0.07784560238200366,1.1231,1.577887801887317,1.6298925792589307,0.15110206604003906,3.5085744857788086,1
baseline,239,-0.5254141257683229,0.5134020137008949,1.2973,1.3420432051605307,1.6798626976651807,0.15126657485961914,3.4077701568603516,1
baseline,240,0.15549489187058407,-0.6784687616510744,1.3097,1.3367431462508519,3.249705327660894,0.15244150161743164,4.916630029678345,1
baseline,241,-0.7088930401723994,0.08573099840681742,1.2096,1.3918630256790268,1.9510220935692846,0.4531986713409424,4.815309762954712,1
baseline,242,-0.30080901372047286,-0.2543056875771598,1.2918,0.5259830176320309,1.8108285656642413,2.6129355430603027,8.016316413879395,1
baseline,243,0.2496139970684501,-0.08890674737843696,1.2614,0.748834479051833,1.6999239464040778,0.6019163131713867,7.013505220413208,1
baseline,244,0.5789578966707161,-0.44767191981630017,1.4674,0.5503866628590895,1.6608463555501336,0.5018177032470703,7.013307094573975,1
baseline,245,0.30644445864790515,-0.67234093227264,1.1021,0.5588785741890021,2.6428330271423155,1.1528687477111816,9.222022533416748,1
baseline,246,-0.2105286084007837,0.3162333679467594,1.3581,1.0096579212369614,3.651686617544523,0.35271763801574707,6.5286335945129395,1
baseline,247,0.5702701147955418,-0.062194931532683295,1.1193,1.172581617668965,1.8455330284071079,1.3053548336029053,7.415514945983887,1
baseline,248,-0.3846311701200903,0.3824465844843504,1.1979,1.1492323066169907,2.619640559667499,0.7027275562286377,11.621229887008667,1
baseline,249,-0.33360833801021395,0.06797693627812573,1.3358,0.3604739361507009,4.564464780227423,1.2048070430755615,10.920853614807129,1
baseline,250,0.9451155065661652,-0.555011201117347,1.15,1.371965454929046,1.6828083849041753,0.6523382663726807,6.317932605743408,1
baseline,251,-0.5060665350418558,0.001571901697864142,1.1581,1.4405803597598617,1.9985192852096203,0.35338902473449707,3.816202402114868,1
baseline,252,0.7256041950613934,0.16216834586052575,1.3759,1.434025459843811,4.291909851636093,3.137430429458618,9.522014141082764,1
baseline,253,-0.3781580064410935,-0.07053009995432491,1.0363,1.375927042096114,3.676628571609813,1.0564014911651611,10.118988513946533,1
baseline,254,0.9981256112588675,-0.6888275611796729,1.2291,1.5591709539708591,1.7498071970468339,0.101226806640625,5.111192464828491,1
baseline,255,-0.515099665957625,0.037356746779313,1.4992,1.5768981640542252,4.131001185086301,1.1031715869903564,9.617832899093628,1
baseline,256,0.5092869696832367,-0.3344424638701152,1.498,0.9846982386846712,1.6614304393812287,0.1512768268585205,3.7107598781585693,1
baseline,257,0.998536181422826,-0.09142966631264471,1.0366,0.8900860302077818,4.730598207545622,1.2035181522369385,10.83204174041748,1
baseline,258,-0.24054286203186737,0.3959298614830308,1.1066,1.5293756501642408,2.398277383276444,0.25230956077575684,4.211297035217285,1
baseline,259,-0.41712248449577255,-0.5773410989420189,1.1326,1.0851031833229565,4.4639412235777245,0.4522104263305664,5.8151185512542725,1
baseline,260,-0.19936782181169288,0.2528295440805183,1.4666,1.0125462463214454,1.899060366380078,0.7029924392700195,6.212307453155518,1
baseline,261,0.19627174148791826,0.34345362848873606,1.4404,0.5636107501816572,0.46553758440021165,0.10148143768310547,3.1074161529541016,1
baseline,262,0.8830078970041229,0.10319602056248656,1.4396,0.8945760016936647,3.085879409667834,0.7030913829803467,5.71671199798584,1
baseline,263,0.851535968071643,-0.713775829491568,1.1848,0.9079143410183442,5.680735967164279,0.5017709732055664,13.024919509887695,1
baseline,264,0.9882321784525603,0.3545281659530163,1.0789,1.0723860688458033,1.9436984187396564,0.2513306140899658,5.963841199874878,1
baseline,265,0.6475671886614935,-0.19074692470090127,1.4169,0.8653567818934865,3.160400627456054,1.9688634872436523,6.925312757492065,1
baseline,266,0.8586280403173234,0.6091306866798317,1.3518,0.9745355149550312,3.107900349081437,0.704240083694458,9.620911121368408,1
baseline,267,-0.03787042148684694,0.27043808238313705,1.3058,0.9729245228952269,3.5462874129588142,0.6540298461914062,7.3176398277282715,1
baseline,268,-0.17013888355598095,-0.3483336254672917,1.4936,0.7797491080644015,0.9713411118592817,0.10144877433776855,2.5083067417144775,1
baseline,269,-0.7895712981407308,-0.7184412136762894,1.327,0.6131376726118956,3.8291127175995276,1.605053186416626,8.616710901260376,1
baseline,270,-0.11126458532951089,0.1908353664202781,1.0039,1.4371911890438491,2.2832508559743268,0.2517545223236084,4.509275197982788,1
baseline,271,0.685535818571624,-0.6201492828229554,1.4086,1.1524316993068726,1.9075211605158553,0.5532476902008057,6.017354249954224,1
baseline,272,0.9994588681815753,-0.10079032354267892,1.1497,0.864066023871817,0.6039667175194554,0.3025650978088379,5.016059875488281,1
baseline,273,1.0914962170034874,-0.42468308229914875,1.3317,0.4249827012091495,0.39549995348621475,0.20189380645751953,3.912215232849121,1
baseline,274,0.33153432744989875,-0.038565985863317165,1.4695,0.7968769259162725,2.1888547897362285,2.1072328090667725,6.512702941894531,1
baseline,275,-0.43599633362291246,-0.48683382781379425,1.0671,0.9418740221598557,4.721339939450342,1.1528775691986084,10.521780729293823,1
baseline,276,-0.7583558150513484,0.5885470138134749,1.0577,1.2876815798608376,3.7156674297409658,0.20128893852233887,5.6123058795928955,1
baseline,277,1.0989073044852347,-0.5040679275724245,1.0535,2.0646288496597838,2.428913874576203,0.10154199600219727,4.015252113342285,1
baseline,278,0.5065128649826163,-0.5315470246890391,1.2766,0.5414173367552929,0.6690192769889833,0.25258874893188477,3.710721015930176,1
baseline,279,-0.4293934874215611,-0.005197142944449729,1.1362,1.3195528479816085,1.5254512719150999,0.2523469924926758,5.2179319858551025,1
baseline,280,-0.6916730882776498,0.4626312252541428,1.3024,0.6241508807846367,4.823666293217723,0.4530460834503174,6.516104459762573,1
baseline,281,0.8884986943003128,0.5700651585676811,1.3588,1.7190798038576067,1.9713176537623442,0.1513359546661377,2.808825969696045,1
baseline,282,0.4256896056265411,0.013878027216957523,1.1018,1.06317721316169,3.0768901295966917,0.5523405075073242,7.815162658691406,1
baseline,283,-0.13433135928159368,-0.3860983011133118,1.3171,0.7454179137908294,2.959296055461033,0.6020398139953613,7.9157702922821045,1
baseline,284,-0.7123664000710418,-0.4404682805209592,1.132,0.7222134990305734,0.7333270509765507,0.20174551010131836,3.707557201385498,1
baseline,285,0.8140921036446596,-0.06266867188279923,1.2443,1.4730533452596277,3.0659819098164895,1.1030447483062744,8.61983871459961,1
baseline,286,0.7615176744636456,-0.2651101483423867,1.4527,0.2449610775338068,0.3303018021279819,1.45562744140625,1.4082958698272705,1
baseline,287,-0.3437499685242069,0.4642376012519872,1.4231,1.4759917583608104,3.1994304879585935,0.20341157913208008,5.0254967212677,1
baseline,288,0.8128529870647874,0.44866223211876866,1.0461,1.341624859056687,4.787971711929222,1.007443904876709,9.920826435089111,1
baseline,289,0.5093884370285202,0.19151342039865282,1.2118,0.3294665759641311,4.0368482193973945,0.4543030261993408,8.416159629821777,1
baseline,290,-0.5586446813091279,0.46731642313932775,1.1383,1.268241993890811,3.620702324533322,1.553656816482544,9.417377233505249,1
baseline,291,0.7637687996193596,-0.5659328020914862,1.0018,1.8229095852859953,2.8359165388808747,0.10120677947998047,4.815637588500977,1
baseline,292,-0.5543738860322531,0.3808866911395915,1.3856,1.565426482955088,2.769707008105617,0.2028059959411621,5.6152613162994385,1
baseline,293,-0.8603432022572358,-0.3486096050176698,1.3186,0.9218798906044594,3.992836552994049,0.15277957916259766,7.0170745849609375,1
baseline,294,0.3792544105470368,-0.3860298796178444,1.131,1.2641790736321221,1.5977032219357015,0.4528365135192871,4.009922981262207,1
baseline,295,0.6726535731895666,-0.5960086022517591,1.3706,0.3233308622048509,0.5489944829007716,0.10141921043395996,4.2119386196136475,1
baseline,296,1.0356501516485273,-0.2732676438628453,1.2758,0.6807699294147043,1.240813287493184,0.2012181282043457,5.713282108306885,1
baseline,297,-0.6698257191224737,0.544751941462884,1.2138,2.0954997511115177,2.874896059298518,0.351804256439209,3.8073806762695312,1
baseline,298,-0.2764902103114102,0.23002844979861703,1.0048,0.8613943788945085,1.4022437438850996,0.20148277282714844,5.510630369186401,1
baseline,299,-0.18745978111923978,0.11013792141251366,1.0376,0.22432245402548096,1.3614738855924708,0.3015739917755127,5.21063756942749,1
baseline,300,1.0564551369096007,0.5882381731625402,1.4416,1.3585183745522584,2.4089426714830457,0.5020153522491455,6.521787166595459,1
baseline,301,0.6298776543313227,-0.7092175767856067,1.452,1.2852386426531244,1.761927309186975,0.7065689563751221,5.3156960010528564,1
baseline,302,0.09549080338204752,0.31553979206790805,1.2728,1.417762050032802,2.6628435243153383,0.3019285202026367,7.21717381477356,1
baseline,303,-0.33067194742973827,0.6270490632166953,1.4173,0.3285795317532002,0.46070903830772914,0.2521705627441406,3.7083094120025635,1
baseline,304,-0.5486975863981116,0.34906831998240306,1.2913,0.6066389583069075,0.33473192820519015,0.10139131546020508,4.411618947982788,1
baseline,305,-0.7097207675893997,0.19200604105065588,1.074,0.6457183833746343,0.33303289281616427,0.15159201622009277,1.4033820629119873,1
baseline,306,1.0116115803803134,-0.535446456693043,1.0637,1.8367521492549046,2.518990876850914,0.25135159492492676,5.711432218551636,1
baseline,307,-0.041100457852425554,0.1343346520904536,1.1541,1.1355915002977892,1.9196213596428275,0.1515522003173828,3.8136019706726074,1
baseline,308,1.0772436982563796,-0.18057507532313088,1.4495,1.373296744942368,4.996478548783387,0.6523864269256592,11.422571182250977,1
baseline,309,-0.4506264766222849,-0.7002217701166814,1.3981,1.7440160287070852,3.7657743971347255,0.55173659324646,8.920222520828247,1
baseline,310,0.8401580511821607,-0.09280958820580043,1.4304,1.380630691556908,3.134016871721771,1.8108909130096436,9.122022867202759,1
baseline,311,0.8486111188880205,0.32404407573585325,1.4495,0.48017822060128945,5.385194922769035,0.8067941665649414,6.613888740539551,1
baseline,312,0.6353495500490238,0.11742672192156478,1.105,0.6230443044507307,5.047307842694013,0.45189690589904785,11.222366571426392,1
baseline,313,0.9521204343706913,0.10427753215149416,1.1248,0.3144208039234513,0.48796834599704564,0.20151329040527344,3.7090888023376465,1
baseline,314,-0.6404951694765342,-0.5709947215136957,1.0514,1.625952475799585,1.7206234452022204,0.10125589370727539,3.5101804733276367,1
baseline,315,-0.4755599916799326,-0.06754909277726562,1.3901,0.3990500988641762,3.1383900739008284,0.802276611328125,10.119616270065308,1
baseline,316,-0.3398550724096364,0.3528462042754966,1.4421,0.5074317637372701,0.6363597457597587,0.15150690078735352,2.0049049854278564,1
baseline,317,-0.8499680899021446,-0.6434579761702761,1.2032,1.3132952171592611,2.001170956960628,0.5020465850830078,6.168551206588745,1
baseline,318,0.31624072637246003,-0.3422556168534173,1.3103,1.179316633486188,1.2515857833523703,0.25313305854797363,2.927419900894165,1
baseline,319,0.6726646599866193,-0.6885637339713573,1.0773,0.8045424916578666,0.805731323935024,0.2023911476135254,7.116405010223389,1
baseline,320,-0.39326677856047054,0.6126744031490593,1.4649,1.6039372394761946,3.1200744542398176,0.30307912826538086,4.512832403182983,1
baseline,321,0.3521846654185121,0.22218686952759892,1.4323,1.0115951374636865,5.119639798561079,0.45299744606018066,8.217236042022705,1
baseline,322,-0.22595368706040808,-0.03166420198940645,1.4881,0.8385832595960903,1.8637106093441909,0.6522741317749023,3.908046007156372,1
baseline,323,-0.8071914383755114,-0.6350331449090014,1.4054,0.9070229002175655,2.1302940724884274,1.6038813591003418,7.015738010406494,1
baseline,324,0.2518659612544083,0.20432486759460322,1.4407,1.4282532385852487,3.231303732954793,0.3516209125518799,6.812678575515747,1
baseline,325,-0.5410495219625238,-0.599323787380534,1.0124,1.3435555487282715,3.6500498483196884,0.2541391849517822,6.312488317489624,1
baseline,326,-0.8103962609555775,0.5433556263388298,1.3683,1.3849859203000303,3.7246636434970357,0.10343575477600098,5.76548171043396,1
baseline,327,0.5323579495517163,0.45371157602712164,1.1661,1.5953051169097763,1.7572744138834466,0.4530301094055176,3.7104005813598633,1
baseline,328,-0.20020971838015844,0.3765697062877079,1.4654,0.6316628016621632,3.763090154811147,0.5531790256500244,9.02349066734314,1
baseline,329,0.21232808953670523,0.37996713592846654,1.4011,0.5439573639467981,0.6411474593084197,0.1060798168182373,2.108975648880005,1
baseline,330,0.17033007397537636,0.2622040028918261,1.432,0.34806872120938986,0.20811575511728564,0.10242557525634766,3.6090030670166016,1
baseline,331,-0.38324139019188974,-0.5237856095244792,1.4054,1.1490681043847883,2.589118746377821,0.6032390594482422,4.810271739959717,1
baseline,332,1.0611649370335183,-0.28010518210649915,1.1334,1.663630012292107,2.667835469015915,0.5523777008056641,11.522392749786377,1
baseline,333,0.4325588110427365,-0.05847908559338699,1.3937,0.5964533127412995,2.321495620787542,0.5535528659820557,9.720585823059082,1
baseline,334,-0.42020270268136595,0.6259628006619636,1.054,1.3725333305581002,2.8806759208864245,2.824154853820801,8.924135684967041,1
baseline,335,-0.47750686225843436,0.19163360510059435,1.4361,0.5774634130293417,5.553447565770739,0.7576541900634766,12.323716163635254,1
baseline,336,-0.3622725149707745,-0.10735605744017929,1.4293,0.5512784254840285,0.46140947688990414,0.3515968322753906,4.010822296142578,1
baseline,337,0.5990443250183624,-0.1583721584683444,1.1112,1.2103789713030808,1.7513189410562868,0.5036847591400146,5.110863447189331,1
baseline,338,1.0845214353248667,-0.6878899709992491,1.4083,0.6069561157893077,1.2311614738576153,0.3017399311065674,4.7095561027526855,1
baseline,339,-0.0036642391662317086,0.2535040254103976,1.2302,1.436248682730262,2.8543572321934754,0.25156688690185547,6.81672477722168,1
baseline,340,0.9121910944703144,-0.16355544647587217,1.1526,1.0484088436535426,2.1191354219571754,1.154764175415039,5.820370197296143,1
baseline,341,0.9353041510122815,-0.4535501523062141,1.3977,0.21934030506940083,0.45594087456824106,0.1518404483795166,1.9052348136901855,1
baseline,342,0.5800300104270868,-0.5622260006351449,1.1138,0.5893072384593029,2.1067127536755095,1.1559224128723145,7.914781093597412,1
baseline,343,-0.5168680782191803,-0.4166154715545921,1.0118,1.1681190338113212,1.2550240650153404,0.4516634941101074,5.912607669830322,1
baseline,344,0.8203912550585057,-0.06661022524040017,1.0966,1.3053174836336738,2.1101053563386802,0.15112614631652832,3.8078408241271973,1
baseline,345,0.00959501541528296,-0.03564095570060566,1.1641,1.0365274986582163,1.8748317607195246,0.10107994079589844,3.6072089672088623,1
baseline,346,-0.5488956845364849,-0.2056539686404807,1.4322,0.3838707499937232,1.8990037452677664,0.5519611835479736,6.015519857406616,1
baseline,347,0.4286520691208411,-0.2961888517552692,1.4834,1.1163823214913817,1.6854175793393187,0.10122370719909668,3.8089287281036377,1
baseline,348,1.0491853113456757,-0.11949317013887961,1.1396,0.7947014082411865,3.1957641635183007,1.5077223777770996,7.819093942642212,1
baseline,349,-0.5365398321164943,-0.028830594684031707,1.3207,1.6716348484716634,3.259044831266965,0.45320558547973633,6.6147377490997314,1
baseline,350,-0.018980928102300676,-0.4012665894645965,1.1998,0.7376096642779506,0.8566789741099816,0.30279040336608887,3.7100884914398193,1
baseline,351,-0.5419229385403174,-0.5126911968198515,1.4906,0.4530379027048782,0.6404883726396238,0.25240039825439453,3.7189037799835205,1
baseline,352,0.44266057374641776,-0.09085717671975568,1.2681,1.1208298615290861,3.7853967013374406,1.9080321788787842,11.923696994781494,1
baseline,353,0.2871723502343628,0.45000473942521746,1.4696,0.6921230515255061,3.832058398205878,0.15150833129882812,6.112602949142456,1
baseline,354,-0.3383562699733266,-0.6645626597332814,1.0577,1.5591806099856342,2.631164339260265,0.5017654895782471,8.918129205703735,1
baseline,355,-0.7950211023950139,-0.5752209781502231,1.4852,0.48522135927873705,0.6280036010429235,0.1014561653137207,2.4075303077697754,1
baseline,356,-0.24637859993608047,-0.046059372862148784,1.0893,0.9842025010497155,3.722570748364944,1.7548701763153076,6.918043613433838,1
baseline,357,1.0825009037044344,0.5830730889031267,1.4813,1.4902287685471651,3.026522186542263,0.959808349609375,7.219970464706421,1
baseline,358,0.3937357167503217,0.4495197366705105,1.1327,0.9456926822883573,2.958817808401193,0.9064757823944092,7.116931915283203,1
baseline,359,0.09589392206921576,0.1732714898683474,1.0542,0.5431974533122138,7.985546928793272,0.7526795864105225,18.13456630706787,1
baseline,360,-0.2626828557662596,0.22523136800015264,1.2173,0.348067369997813,3.795457121518043,0.10128188133239746,7.51554012298584,1
baseline,361,1.04936567538461,-0.6139804165053391,1.3643,1.4887696773041843,2.975173899703791,0.20126724243164062,6.212477922439575,1
baseline,362,0.8476579481762156,-0.4995961892992917,1.1568,0.673703527232325,0.311570501224572,0.20116329193115234,3.3098104000091553,1
baseline,363,0.999225382997514,0.1957827908699734,1.3031,0.8517880595325106,2.370472678595292,5.031981706619263,7.525475740432739,1
baseline,364,0.8491696792368195,0.04101779188175203,1.2557,0.5505673818372744,4.569908293208424,2.118168830871582,8.918343544006348,1
baseline,365,0.4936420205445542,0.18652939205793684,1.1926,0.5832610269417996,3.051774815446829,0.10126304626464844,6.81353235244751,1
baseline,366,-0.09236074799345795,0.15179411045501023,1.2883,0.7366321390080534,1.1474970753825253,0.10141277313232422,4.209697961807251,1
baseline,367,1.1078380044774612,-0.676756658605596,1.1274,1.6603310261100246,2.2714254795609006,0.5517776012420654,6.313516855239868,1
baseline,368,0.8528333385684477,0.3319976550960678,1.3544,0.9252179194095657,3.3141443943777134,0.5519797801971436,8.517389059066772,1
baseline,369,0.8682178424992715,-0.18771119805148062,1.0008,0.81208585141935,1.636419260669278,0.30178189277648926,3.917651891708374,1
baseline,370,0.7281506569275744,0.30437977518307,1.4628,0.5715616766628716,1.8688832415015704,0.7541525363922119,3.811814069747925,1
baseline,371,0.7479474164588928,-0.577832757920784,1.2692,1.045110177974312,3.500829049617205,0.9544050693511963,6.027894735336304,1
baseline,372,-0.22967088513766432,-0.23948185108669928,1.3597,1.239650247723337,1.664982359623227,0.20250582695007324,3.411227226257324,1
baseline,373,-0.10287784328217475,-0.12649496251664283,1.371,0.3531148582499613,4.115816795572243,0.8531765937805176,11.121665239334106,1
baseline,374,-0.42255159876443377,-0.6424288007421585,1.3353,0.5747218482922092,2.064261398119166,0.401869535446167,7.3137969970703125,1
baseline,375,0.354829865791056,-0.10615918381801348,1.1821,0.9898549223152243,1.5736200954258277,0.10116934776306152,4.408340930938721,1
baseline,376,0.1558200981399842,-0.08460410013674957,1.035,0.5643402967967969,0.8580605758880875,1.2037501335144043,4.609118938446045,1
baseline,377,-0.11945228356643134,-0.19501749904765864,1.3321,0.539826751360227,2.415532282248727,0.6021239757537842,6.614036560058594,1
baseline,378,0.3318678939166073,0.3079496013588844,1.1651,0.8011522729313036,2.76234112006143,1.7636618614196777,6.832268953323364,1
baseline,379,1.0208479653826805,-0.7179484314026792,1.157,1.3019401948788822,1.4747659526689032,0.4028332233428955,6.013868093490601,1
baseline,380,0.4102948834544231,0.4908939742572821,1.424,1.3803352037689616,2.754998922683192,1.0049242973327637,10.42137885093689,1
baseline,381,-0.7535500324460904,0.5409151008307768,1.3599,1.2253238755707216,3.728810836226237,0.4523739814758301,6.712970733642578,1
baseline,382,0.08999782670729739,-0.39018899595202206,1.1502,1.277965329203877,2.5441095390891153,1.5049242973327637,4.309283256530762,1
baseline,383,0.7185973295043389,-0.0021924058482002406,1.1546,0.7193690985516414,0.769323120438456,0.20112299919128418,5.712648868560791,1
baseline,384,0.5464106363103696,-0.3684146229921246,1.2042,0.4654744756077918,0.893183895603964,0.1513209342956543,4.816983938217163,1
baseline,385,-0.5139619892222635,0.19285593134788648,1.2012,1.4218958333066838,3.159064487187607,0.20299577713012695,6.118653059005737,1
baseline,386,0.5323296907338615,-0.596151107667822,1.1478,1.5441905750534615,2.832283694862939,0.20198750495910645,4.713558197021484,1
baseline,387,1.0355210667208832,-0.07860828140682341,1.0636,0.8556662057609489,0.6451305898412352,0.2522282600402832,2.2058024406433105,1
baseline,388,-0.7869563598817484,0.1269499900661868,1.2102,1.7124172597709089,2.2009741369390636,0.15134263038635254,4.2091240882873535,1
baseline,389,0.7506323193838982,0.4718996806407124,1.4702,1.4232212825819694,2.8961705268152054,22.799956798553467,8.129179954528809,1
baseline,390,0.3379643199026656,-0.17824688248558762,1.3387,0.8943864238527482,5.028727301337055,0.6528699398040771,8.616996765136719,1
baseline,391,-0.17251882622201276,-0.4175398519690616,1.4514,0.6552614364885795,0.911152052870676,0.10128378868103027,3.3076682090759277,1
baseline,392,0.7574215792941106,-0.1607836394865998,1.3078,1.1834247553324684,2.364438095248238,0.4516434669494629,6.212072849273682,1
baseline,393,0.3634891815089678,-0.1222712094150471,1.1505,0.753364973558388,4.4385104361674,1.45365309715271,10.921817541122437,1
baseline,394,0.587483762479369,0.44248318454439606,1.274,0.6540111796707939,1.7623921312296236,1.6076929569244385,7.424081087112427,1
baseline,395,-0.8261483224561612,0.13906884160904753,1.0002,1.693230795329842,2.777730624974981,1.1558160781860352,8.018151044845581,1
baseline,396,-0.41328085549813676,-0.20589516162582278,1.1435,0.5430804003244735,4.506501078419583,1.8040614128112793,13.928325414657593,1
baseline,397,1.0847909010659067,-0.5555317799870487,1.2149,1.665979902662879,1.9115655729272703,1.7037887573242188,3.407101631164551,1
baseline,398,-0.024308363217431572,0.24297933001433425,1.29,1.4466363501394213,3.396412508733288,0.7033817768096924,10.427232503890991,1
baseline,399,-0.6185225183019238,-0.5999533417461554,1.3274,0.9852077367700475,4.249290652668544,0.25263023376464844,6.819878101348877,1
baseline,400,-0.3296135588784648,-0.6338777870091323,1.2325,0.5185333120736053,0.5090537804064805,0.2525334358215332,3.7087111473083496,1
baseline,401,-0.49271896240745156,-0.2986874736532744,1.2211,0.6459204284043656,3.052453030396058,0.10145854949951172,6.212861061096191,1
baseline,402,-0.735401943677243,-0.029811847292036453,1.1069,0.6169547237585937,2.3971356491424043,0.15113377571105957,5.011398553848267,1
baseline,403,-0.40978265365352173,-0.0010236293334023872,1.2366,0.5642099804566079,2.4520752321844004,0.6547276973724365,7.2158544063568115,1
baseline,404,0.18332233294474665,-0.2973654232194739,1.4506,0.8323061937580654,1.4806609690544263,0.10170602798461914,3.6103920936584473,1
baseline,405,1.097384213940354,0.16636704685304626,1.398,1.053297834730951,2.434217190279413,0.7028918266296387,6.312400817871094,1
baseline,406,0.0490375235463294,-0.6603644212665211,1.0848,1.618591980533075,3.9374063393697623,0.25170135498046875,6.322767734527588,1
baseline,407,-0.5255495682471185,0.20506671998759485,1.0424,1.0069926980666701,2.976005812266531,0.20352745056152344,5.815331697463989,1
baseline,408,-0.6813872768002017,-0.12419033358125353,1.2577,0.44269098584255523,4.292434370554339,0.2545177936553955,7.719625234603882,1
baseline,409,0.4448550379336662,0.3499482461250879,1.3165,1.1760091557077696,4.516297514262206,0.5524883270263672,9.017765283584595,1
baseline,410,-0.0815558548659513,-0.5335803976840064,1.1676,1.2154272317868984,2.4448065679345476,0.35181355476379395,6.01279878616333,1
baseline,411,0.19719503221606915,0.41395374647320293,1.4092,1.207902700752597,2.197295555807506,0.5019760131835938,6.8138556480407715,1
baseline,412,-0.6963553755460551,0.2947415577626141,1.3756,1.0769222130124734,4.468205481775397,0.5018634796142578,11.826630592346191,1
baseline,413,0.6769796697627048,0.2308152146988497,1.3364,1.3126574868813936,5.612783130991267,1.262995719909668,9.621259450912476,1
baseline,414,-0.35151088643670947,-0.24817257613413274,1.1123,1.336170590899971,5.0297887567657265,0.5016951560974121,10.422504663467407,1
baseline,415,0.2246360410919297,-0.3232095971558756,1.0996,0.7931491438197094,1.3586550886685467,0.5522568225860596,7.716728687286377,1
baseline,416,0.3173779687207434,-0.03445646634501198,1.0122,0.4651589816723642,0.39488657590293913,0.15165400505065918,1.7042019367218018,1
baseline,417,1.0934571853798056,0.4268578919417617,1.1224,0.910932014714037,2.3837443811824164,1.105452299118042,6.2126359939575195,1
baseline,418,-0.6423617993909864,0.3801758994668972,1.2376,1.880068888309985,2.020250918088351,0.1010739803314209,3.7095699310302734,1
baseline,419,0.8474883597929666,0.36434149976161156,1.4249,1.3900550133212057,1.634660119086842,0.10126352310180664,3.30715012550354,1
baseline,420,-0.7126179809924182,-0.18930523437666813,1.0364,1.7226610851759003,3.646288923212591,0.15553832054138184,7.620944023132324,1
baseline,421,-0.1870303420021091,0.5974884159815231,1.2072,0.8594967334875928,3.957450924181275,0.5036571025848389,5.915900468826294,1
baseline,422,-0.6103360986256564,0.44140789864258345,1.3149,0.4920155538908764,0.5633932427246298,0.15229296684265137,3.411818742752075,1
baseline,423,0.32859332262243734,0.30784866644071573,1.0972,1.2479858956686571,1.4170703282430406,0.15169596672058105,2.7100658416748047,1
baseline,424,-0.0828498789552754,-0.5418821347690697,1.3482,1.1825632877023922,3.7069496261984063,0.5020370483398438,9.217827796936035,1
baseline,425,-0.8218408004261168,-0.5572815187012735,1.2472,0.7073834203373592,3.7365805072285414,0.5020132064819336,10.621114253997803,1
baseline,426,1.0412595234056818,-0.14874791517439856,1.122,1.8874831797036795,1.908536373251834,0.1512305736541748,3.4077723026275635,1
baseline,427,-0.0018878331295721917,-0.5978167238243639,1.328,1.0035482771607094,1.4981838975565411,0.10124683380126953,3.7086074352264404,1
baseline,428,0.35502332660749825,0.15037630095506282,1.0028,1.209697780996363,1.6530798841891219,1.159520149230957,6.418625831604004,1
baseline,429,0.6744694635876478,-0.11123421774095399,1.3755,0.43413057263816324,0.719390525205878,0.3023948669433594,2.306699275970459,1
baseline,430,-0.7584789281052013,0.21197840445165217,1.385,1.6582527789448644,2.6540182495301154,0.3527200222015381,4.115107297897339,1
baseline,431,-0.5910617512619771,-0.5762170932335826,1.0533,0.9972540279142275,3.805819875364351,0.9667212963104248,8.618401527404785,1
baseline,432,0.4988637792377695,-0.6574110693692938,1.2126,1.0800775230930884,1.0674025173619213,0.10135340690612793,2.9082212448120117,1
baseline,433,0.7402890741609294,0.10231150812940903,1.0879,0.8996257805841178,0.7374104015676435,0.10171198844909668,3.5082643032073975,1
baseline,434,0.17159618147289346,-0.15756143053462957,1.479,0.48203885647746125,2.3200216304932324,0.6017789840698242,9.2202889919281,1
baseline,435,0.018473173963861278,-0.4755886687582688,1.259,0.5292815688870136,0.5206390911942956,0.7036709785461426,3.207272529602051,1
baseline,436,0.7671801090135448,0.26498615889136656,1.0251,1.1905300818950593,3.9577061596594425,1.353318452835083,12.128934383392334,1
baseline,437,-0.04818277560771267,-0.08163313565306529,1.1246,0.7974376227461188,3.8719990865939704,1.4552984237670898,9.521832704544067,1
baseline,438,0.6338944294280715,-0.5546112643283553,1.4242,0.9628584386805649,2.0855904806394956,0.4520375728607178,7.317871809005737,1
baseline,439,-0.8489766246558035,-0.41158919725822996,1.2282,1.5831299911727126,1.8572658913531155,0.201446533203125,3.108490228652954,1
baseline,440,1.028880909044288,-0.07268854364517796,1.4007,2.0556174269851364,4.947824360920022,0.7019691467285156,13.62631869316101,1
baseline,441,0.027575877097842483,0.4171466316842324,1.3338,1.2465675884944574,3.512829408806028,0.10137057304382324,5.413855075836182,1
baseline,442,-0.5756035465765232,-0.2968952764530576,1.4939,1.0843384374974556,2.1423543105782477,0.8031046390533447,6.312964200973511,1
baseline,443,-0.12798941884108517,-0.2009895932447714,1.2977,0.7896447344896254,4.002533976002084,1.955385684967041,9.23801302909851,1
baseline,444,0.8951118534795446,0.5696298592563976,1.475,1.4325119028135918,2.401894714059125,0.8536632061004639,5.9147210121154785,1
baseline,445,0.49088298746352654,-0.14173330754789149,1.4457,0.805022272615568,2.931422651262736,1.2572076320648193,7.216923952102661,1
baseline,446,-0.7968389763566719,0.4960209771940721,1.3063,1.667470244047452,4.171413713858194,0.5022745132446289,8.817588090896606,1
baseline,447,0.4338394738118614,0.486891775730781,1.3596,1.1992622727218227,1.4883322300155586,0.30171966552734375,4.710270404815674,1
baseline,448,-0.7408956556087125,-0.030707377847289496,1.2524,1.4938399081890081,3.040300249643292,22.53254771232605,9.121734619140625,1
baseline,449,0.1422238470507209,0.19163296863227752,1.4153,0.8225527039035039,2.979186664305342,0.5526227951049805,6.112591743469238,1
baseline,450,0.5467529551402361,-0.6439561223378227,1.2739,0.9119397905462149,3.892050728257152,0.852759599685669,10.824032545089722,1
baseline,451,1.0227857714295696,0.2703364858966756,1.4486,1.0321192229086706,1.4094894914640723,0.20138859748840332,5.611043453216553,1
baseline,452,-0.17988819864372618,0.32137395184294404,1.3718,1.367184488493881,2.0962751522062413,0.7024416923522949,4.209289073944092,1
baseline,453,-0.5279152973678448,-0.6078043772937921,1.2373,1.0941288717922197,4.129498142184891,0.15152883529663086,5.915642976760864,1
baseline,454,-0.347677979059842,-0.7142216235435258,1.1296,0.5263127344711638,0.23647217049328564,0.052014827728271484,2.107229471206665,1
baseline,455,-0.287428451039753,0.3139126051295956,1.1236,1.0072837088287885,3.3381085375326975,0.15124297142028809,5.5170958042144775,1
baseline,456,-0.4653278463284098,-0.5762150614489756,1.3188,0.9864220465776206,4.32366866155004,0.3028244972229004,6.117020606994629,1
baseline,457,0.403218230518521,-0.01436486891565636,1.3829,1.219932315939673,2.131771035804495,1.5552899837493896,7.71734881401062,1
baseline,458,0.7100515278593669,-0.3406625215728744,1.2606,0.3856031889150765,3.442100166373293,0.5016453266143799,10.020395517349243,1
baseline,459,0.28136170856676257,0.28485254853617714,1.3134,0.9335083075734737,3.15271964054513,0.4019172191619873,6.612965822219849,1
baseline,460,-0.6191142307021915,-0.27822044676355917,1.1373,1.2871654611802161,2.02625658971775,0.9027013778686523,4.008931636810303,1
baseline,461,-0.13536495875404864,-0.1493263628346746,1.0387,0.6368471850398438,0.5906152093744496,0.15235018730163574,3.514486789703369,1
baseline,462,0.9961763104100105,-0.41228821394213816,1.1429,1.2357343871055324,3.6538509736020646,1.4041831493377686,8.123667001724243,1
baseline,463,0.884885152214772,0.1443440565882531,1.1359,0.743035055738468,0.8681891515841467,0.30368590354919434,5.31613826751709,1
baseline,464,0.8342353327923302,0.42011070136044204,1.1599,0.4000556582149434,0.4948675365743217,0.35221123695373535,3.311967134475708,1
baseline,465,0.6234931027751236,-0.11021873074533162,1.2701,0.6668664751042499,2.3687116714216163,0.5527563095092773,10.219783306121826,1
baseline,466,0.6659188389624542,0.15856636497379228,1.0692,0.5069153243147495,6.003770927563094,1.102693796157837,11.422869682312012,1
baseline,467,1.0786154237375754,0.5449712033670414,1.1156,0.5827737062043401,0.5210530422048951,0.15145516395568848,5.310900688171387,1
baseline,468,-0.6119135710130583,0.25449639631979604,1.347,1.6345278639780636,1.7629343217230824,0.10109353065490723,4.610334873199463,1
baseline,469,0.12960003743052506,0.4121259604873889,1.3532,0.7334541523453437,3.564138490463244,1.2035958766937256,8.118530750274658,1
baseline,470,0.29706912248928785,-0.04451260853703132,1.0321,0.8163234632915172,0.7667828330703862,0.15169477462768555,2.2076008319854736,1
baseline,471,0.49237066866327983,0.4569456863927498,1.2038,0.5167653488161954,0.7754433652480995,0.20213532447814941,4.216889381408691,1
baseline,472,-0.5557380195200363,-0.10882003014720865,1.2713,1.3087899945648112,2.7619766477318226,1.4095556735992432,6.218713998794556,1
baseline,473,0.5668471193539755,0.6197468731540255,1.2079,1.5596569883822429,3.6904770080864298,0.30269765853881836,5.714965105056763,1
baseline,474,0.7127406599617341,-0.46265503801989294,1.1034,1.3401006939634663,1.5878884952562364,0.25202131271362305,3.308222770690918,1
baseline,475,0.34788316241567485,-0.48465401463841823,1.2101,0.587878245846477,0.4333484075373112,0.10106372833251953,1.9042115211486816,1
baseline,476,0.22547695100965703,-0.7358145109920379,1.4524,0.27164246019984095,0.5315228091846725,0.10144281387329102,3.7079532146453857,1
baseline,477,0.6050443573733022,-0.4647917103329638,1.292,0.6735428238102286,0.7120497218177109,0.10124945640563965,4.610337734222412,1
baseline,478,-0.22502153641792721,-0.538427818843221,1.3478,1.0394430690504985,1.1912933679166158,0.10113286972045898,2.707216262817383,1
baseline,479,1.1017346571772042,-0.2369427050835904,1.4284,1.5027885301217245,3.083744977256197,1.2536036968231201,7.816926956176758,1
baseline,480,0.8834400368817776,0.07184291517264152,1.3828,0.5127103195021536,0.37702846109348426,0.25660061836242676,4.214794397354126,1
baseline,481,0.5057151663566712,-0.7385781058077211,1.1902,1.0085709713119606,3.9725077914699316,1.2030317783355713,13.627806425094604,1
baseline,482,0.701099110591181,-0.6152308608830164,1.0029,0.606168841924323,0.4653310138267498,0.2533700466156006,4.013458967208862,1
baseline,483,0.40008919234416074,-0.6538911611804015,1.1759,0.30654296782556906,0.4445765730668894,0.20229673385620117,3.7095143795013428,1
baseline,484,0.23822830713285081,0.08619205390352902,1.3767,0.9677257431522337,4.512404049554646,0.7038438320159912,10.322676181793213,1
baseline,485,-0.3382153327058792,0.3906178895874054,1.4267,0.4647647075356485,3.968004386792632,0.40181541442871094,8.218798637390137,1
baseline,486,-0.7569520582384333,-0.28375655011161244,1.4767,0.8858065537555854,4.746859625516566,0.2013254165649414,6.513137340545654,1
baseline,487,0.6900348599807096,-0.03227231644922868,1.2095,1.6125089047975172,2.629652500720768,0.15186309814453125,3.8096981048583984,1
baseline,488,-0.22252196234634447,-0.14665739087709528,1.3738,1.12915297158052,2.5811560008364536,1.3045408725738525,7.014225244522095,1
baseline,489,0.31268253283433034,0.26780111896464687,1.2731,0.8591821253302806,0.9099550408843515,0.15157556533813477,2.309476613998413,1
baseline,490,0.4005642254787496,-0.16420517477394503,1.3016,0.6246849619712416,0.6292060095748033,0.10095882415771484,4.310431957244873,1
baseline,491,-0.6384576695898463,-0.17979068155729994,1.1103,0.9145767979312375,5.189459317211081,1.8548240661621094,10.727485179901123,1
baseline,492,0.2604508415722837,0.06459510182466044,1.1097,1.152009453506564,2.258869244029648,1.056138038635254,6.819139242172241,1
baseline,493,-0.20999862571349048,-0.7070057224769429,1.2179,0.9195272657193968,1.8671692772019735,0.7032992839813232,8.11664080619812,1
baseline,494,-0.33177365463388575,-0.0311597751878675,1.0145,1.0199368664632262,0.9088939025051093,0.10120654106140137,2.60837984085083,1
baseline,495,-0.35907382392803644,-0.15265153929670316,1.1681,0.17462810375492832,1.5417355510372024,0.5024170875549316,7.815161943435669,1
baseline,496,-0.5041469898286783,0.3598319076593063,1.3396,0.5069834094208095,2.90336331072285,0.45157384872436523,8.420146465301514,1
baseline,497,-0.6084426946715995,-0.6322535200977107,1.2022,1.155806846923462,3.9599430031137333,0.15142607688903809,5.712825059890747,1
baseline,498,-0.007161907416714075,0.2593443061683932,1.0825,1.093980937863621,5.1205251444275595,0.551738977432251,10.527302026748657,1
baseline,499,0.336466246264685,-0.5570234909504601,1.2337,0.9068139465764679,2.8458983340666864,0.903886079788208,5.4140660762786865,1
baseline,500,1.0230101789874138,-0.6482516855262773,1.0638,0.73215344047837,0.5788590568751246,0.10107827186584473,3.7079105377197266,1
baseline,501,-0.3542993348354344,-0.4036511300750722,1.3111,1.3308997056175915,1.3959111637704529,0.10148310661315918,2.807661771774292,1
baseline,502,-0.3339956428130534,0.30041321256228215,1.0135,0.9067378774154781,3.2601657317672315,0.1514604091644287,6.913625478744507,1
baseline,503,-0.7434442757073885,-0.07307717989276985,1.197,0.6032999863457402,4.638386225609166,0.1512622833251953,6.614875316619873,1
baseline,504,0.9235590325286225,-0.5516768600844242,1.2822,1.9012296069439376,2.157768016059461,0.10169553756713867,3.7077133655548096,1
baseline,505,-0.18456552735497378,0.4933710169743125,1.0136,1.5548832515542068,2.091115829444919,0.10137486457824707,4.109457969665527,1
baseline,506,1.036447768611257,0.026671084076570928,1.3214,1.1762984159936243,1.8773845523456987,0.25209903717041016,3.709949493408203,1
baseline,507,-0.04295164159501208,-0.3855431952181417,1.0678,1.4582724645820972,4.552280202332672,0.40398740768432617,7.519230842590332,1
baseline,508,-0.36455741623550086,0.15583590242537837,1.2308,0.6914635402630885,0.7477091346207975,0.2522611618041992,2.507633686065674,1
baseline,509,0.046514188616282315,0.5925353229137321,1.0251,0.8251909839362573,3.935440205943818,1.2073864936828613,6.318509101867676,1
baseline,510,-0.646862154352116,-0.5351868573181999,1.1896,1.3690278861473266,3.153796838546568,0.4528522491455078,5.4143149852752686,1
baseline,511,0.8129210266411351,0.028120111100189304,1.1058,1.4947642494046545,1.5508920433142248,0.15152311325073242,3.9082512855529785,1
baseline,512,0.83179687221858,0.2501468526084567,1.1634,0.42866505978582503,0.19789567970489472,0.15148186683654785,3.909104824066162,1
baseline,513,0.2042927467731246,-0.6307093749439266,1.3806,0.9484112833496049,2.322713111890339,0.15105605125427246,5.31157112121582,1
baseline,514,-0.5444348613963874,0.556389253978388,1.1896,1.6796672571618192,3.264063724532968,0.2013869285583496,5.711560010910034,1
baseline,515,0.04326980190320351,-0.17723414586288522,1.376,0.8860621898753736,2.4732088900756874,0.6021928787231445,6.613032102584839,1
baseline,516,-0.7495747041421027,-0.0388213605895642,1.416,0.9808700104523608,1.7315675205057388,0.2515532970428467,3.7135257720947266,1
baseline,517,-0.77002206328744,0.33734624595366147,1.1261,0.564730713947657,3.877235629868001,1.0072462558746338,9.021957635879517,1
baseline,518,-0.5465520074971895,-0.2892845008665623,1.041,0.89670518634479,3.877314907566746,0.2524759769439697,5.812294006347656,1
baseline,519,-0.46692531463328774,0.4631385273809042,1.0097,1.0222073857106053,4.085512424511543,0.15171480178833008,6.413292169570923,1
baseline,520,-0.39970590904178915,-0.12299714109532234,1.2697,0.7750405649303922,3.664817531931023,1.754913330078125,9.119951248168945,1
baseline,521,-0.8191541711309405,-0.6534088916080839,1.5,0.6168609137933824,1.9728654870693827,0.8022723197937012,8.61963939666748,1
baseline,522,0.19470696354227957,-0.05900561396088522,1.175,1.443257400958279,2.9308296072450957,1.6106486320495605,8.831687211990356,1
baseline,523,0.7564084643096469,-0.2203029096846093,1.3251,0.4521025823309324,3.047643811349314,0.9545705318450928,8.619696378707886,1
baseline,524,-0.46913487800892023,-0.023945086738425436,1.3906,1.4296102683831031,2.2946544818139563,0.5528671741485596,8.118807077407837,1
baseline,525,0.27179005117645416,0.12891624171411742,1.3259,0.9580890380282845,2.040727695319592,0.10118365287780762,4.3085925579071045,1
baseline,526,0.9407085155827597,-0.010618336403803608,1.3771,0.4964442247916016,0.602354307062508,0.25144457817077637,4.409421443939209,1
baseline,527,0.6992439965686201,-0.3077694557092183,1.4748,0.4415792811847279,0.47814394607151645,0.8034930229187012,2.808469772338867,1
baseline,528,-0.3241753060171827,0.6083585035107152,1.0997,1.632699070354703,3.1520688095225244,1.103071689605713,8.615980863571167,1
baseline,529,-0.5078663686302323,0.48534186155081416,1.0102,0.5295947095327149,0.2200488240042603,0.15126943588256836,1.6049871444702148,1
baseline,530,-0.0002789847939322909,0.10241948644590804,1.0762,0.5837651284267974,2.6064221250808965,0.5518994331359863,7.42278528213501,1
baseline,531,0.7197422072451227,-0.04884589310569898,1.0631,0.7908563569925768,1.9121138629338803,0.904874324798584,6.016063213348389,1
baseline,532,1.0775066523303387,0.1747220783561837,1.3347,0.21191056665091074,0.5579471843068456,0.6030638217926025,3.2100932598114014,1
baseline,533,0.8749808169598043,-0.15562916879707478,1.282,0.5749421074977978,5.31521348157624,0.551910400390625,12.023365020751953,1
baseline,534,0.23643576497127428,-0.01835291920344262,1.109,0.8538755918437537,1.6070698242787689,0.2034764289855957,4.208015441894531,1
baseline,535,-0.7156161492375155,0.262076177727658,1.3497,0.8956207686943876,3.3221244076322196,1.2035000324249268,7.42406153678894,1
baseline,536,0.7503838844738024,5.061935013805918e-05,1.3834,1.3697886611118246,3.0702001059206943,0.25211668014526367,8.018478393554688,1
baseline,537,0.06085477568483855,0.38592909745418813,1.0839,0.9947039776970832,2.6301101633280783,0.15142512321472168,6.315244197845459,1
baseline,538,0.10652907045009441,0.39501447284873803,1.3036,0.26030916717002295,0.252832320577191,0.20188212394714355,2.1059329509735107,1
baseline,539,0.5382117882956075,0.39189406426090445,1.374,0.6047640763427939,3.6974012396824474,0.9551913738250732,6.620345115661621,1
baseline,540,-0.5916115162937101,-0.264928500486103,1.0573,1.5508949515409305,2.845759759225263,2.568861722946167,10.121058940887451,1
baseline,541,0.417574513235478,0.11015585171536446,1.4097,1.246710419487999,2.730546785007807,0.7524614334106445,8.217883586883545,1
baseline,542,0.061091165783162205,0.6022901848328225,1.4824,0.7595697232686736,4.00923796064297,0.20136356353759766,6.212018013000488,1
baseline,543,0.46718392803351017,-0.2963070827968456,1.054,1.2649286381657026,4.351723624681818,1.2547295093536377,11.123764991760254,1
baseline,544,-0.5263849915172485,0.4327829937365505,1.0128,1.3509484312207605,2.165190013483452,0.20241498947143555,4.517735242843628,1
baseline,545,-0.31947479268335854,0.14031974442066442,1.156,0.3699775615528543,3.7835719843517963,0.40523529052734375,6.617901086807251,1
baseline,546,-0.2678742387870786,-0.4508266268661139,1.3387,0.636268130025888,1.3131086463499408,1.1601166725158691,5.723635911941528,1
baseline,547,0.421568650833003,0.5462308205482153,1.4791,1.3720007523938509,2.338486490012475,0.5024628639221191,4.011282920837402,1
baseline,548,0.6897026343280379,0.1706892573760176,1.1983,0.6682780767946456,4.342541475627157,0.603538990020752,9.418144226074219,1
baseline,549,0.45639144219736316,0.02704542696712453,1.3575,0.5108661163195533,2.473459211936281,0.6020021438598633,7.214763164520264,1
baseline,550,0.039430093522217935,0.4449103994841487,1.038,0.8978215550711207,2.9517169083002335,0.702725887298584,5.81511378288269,1
baseline,551,1.0630182511081268,-0.5908699047696422,1.3453,1.5015430220229076,3.813735570305962,1.4568836688995361,9.325990438461304,1
baseline,552,0.593489967360056,0.5184371827216331,1.3136,1.1908747374651536,2.5641458277086073,2.31665301322937,7.516341924667358,1
baseline,553,-0.2938234672245187,0.5083982020987395,1.051,1.0595283927105572,3.871394981503873,0.6520087718963623,11.021250009536743,1
baseline,554,-0.8373110067998992,0.5799014306197118,1.3862,0.594206292662346,0.8706913330037562,0.10131525993347168,5.711647033691406,1
baseline,555,0.7708602257502346,-0.3561898733778862,1.4251,1.7577764834920213,2.3293569270556627,0.10100317001342773,6.012320041656494,1
baseline,556,0.5217056073272972,-8.029308989310202e-05,1.3002,0.595634195962378,2.3371389597017322,0.4520907402038574,9.52152681350708,1
baseline,557,-0.8484152000983621,-0.09891281545176889,1.0605,1.5763357989064213,3.3559147259387094,1.605510950088501,11.72379207611084,1
baseline,558,-0.2838746651215207,-0.330911140789403,1.4919,0.5325116589999334,1.0072799447359875,1.405308723449707,6.013742208480835,1
baseline,559,0.9165378804705187,0.4280105634134833,1.3913,1.4799948514661534,6.672315697764729,0.9027807712554932,12.025797843933105,1
baseline,560,0.8955435513127907,-0.4883563333275463,1.1736,1.0379800747384726,5.392375906784213,0.7522051334381104,10.324254274368286,1
baseline,561,0.701854148383777,-0.6953630535178119,1.2142,0.4159338022599562,0.2283181627038812,0.2525448799133301,2.3110477924346924,1
baseline,562,0.8229896579860032,-0.02653362325410802,1.1853,0.7037505130129382,1.0295269323049367,0.30394530296325684,3.7122321128845215,1
baseline,563,0.31417540320723125,-0.5850820620401551,1.253,0.9827802719246835,1.4725252879197355,0.20264410972595215,3.8122401237487793,1
baseline,564,0.45335492114327147,0.3964400622612222,1.1706,1.087855437400472,2.470668828911349,0.15221881866455078,4.211472272872925,1
baseline,565,0.15257866917849183,-0.15159273821895947,1.4248,0.8370177380319557,2.3267388953522663,1.4576144218444824,4.6102375984191895,1
baseline,566,0.6608294776571699,0.08404279421479088,1.4112,0.7510210106986837,1.8487544970283765,0.10193300247192383,4.109699964523315,1
baseline,567,0.3302515450205705,0.12441657794839256,1.0528,0.7415525722557361,0.6177844597950708,0.15144848823547363,4.611245632171631,1
baseline,568,-0.402406865681134,-0.03901216965208354,1.4804,0.8889751951443745,1.7962525181842464,0.5525679588317871,6.013031721115112,1
baseline,569,0.09355613000734608,0.15315613261547922,1.3178,0.5554704897732065,2.19842409928066,0.15147924423217773,5.712268829345703,1
baseline,570,0.6008031418619415,-0.04739043425359135,1.4144,0.7223593452086339,2.051364310502772,0.10104680061340332,4.41104531288147,1
baseline,571,-0.36879588677145925,-0.24581384993613936,1.3537,1.174157846493364,1.7893911099210262,0.10113716125488281,4.209039688110352,1
baseline,572,-0.5954722386493243,-0.36265714109474584,1.2177,0.2859561628946037,1.856888699992352,1.0527467727661133,11.243664264678955,1
baseline,573,0.08240537717814755,-0.47356174269744805,1.3669,0.8270641517708365,2.7804285453730686,2.938615083694458,10.024600982666016,1
baseline,574,-0.46274070953503815,-0.033229208515224706,1.4827,0.7389734245545582,1.2074372248285012,1.0058667659759521,5.511839866638184,1
baseline,575,-0.4388056203601179,-0.6925448479238717,1.135,0.7968448764763528,1.6854810348400162,0.7019400596618652,8.919163227081299,1
baseline,576,0.717724816927189,0.042994835989419444,1.4041,1.2717258390925983,4.982414314921786,22.443310022354126,10.32314920425415,1
baseline,577,0.973735871915842,-0.19750133334009856,1.2691,0.5167249218582333,3.7063437740392873,1.1556248664855957,9.92133641242981,1
baseline,578,-0.647372304129376,-0.26866340179047504,1.2417,1.7252906412624855,2.4498192760676005,0.25314974784851074,4.309739589691162,1
baseline,579,0.10520932223411517,0.22190354452750682,1.2178,1.1208976800820423,1.98251665534653,0.6018767356872559,5.210556745529175,1
baseline,580,-0.32848211642031233,-0.20085247212883384,1.3655,0.6757973995339631,5.957354794075198,1.704268217086792,12.830933094024658,1
baseline,581,0.9258850070670919,0.23808085349746078,1.1342,1.4705640935008872,3.0780962260901856,0.3526265621185303,5.213282108306885,1
baseline,582,0.759752541526606,0.569253142780375,1.4259,0.3799308926564177,1.3019311153427175,0.202470064163208,5.912821531295776,1
baseline,583,0.3883475157035128,-0.6727399858985535,1.4154,1.5185907086705681,5.279989312851563,0.2512786388397217,8.416206121444702,1
baseline,584,0.3237225877456864,0.2003745411388418,1.0433,1.1104020358734357,3.39982179297921,0.8026292324066162,6.713917016983032,1
baseline,585,0.031260760749884264,-0.23592114810050058,1.4408,0.5185340270596062,3.877410307879201,0.6054270267486572,9.71893572807312,1
baseline,586,0.6158348907562847,-0.645435468931307,1.1219,0.9907914456824046,3.5443841196623613,0.5519497394561768,7.314717054367065,1
baseline,587,0.9935003604287094,0.17561881659728396,1.2324,1.0688992892978273,10.451862290672164,0.20137429237365723,13.529982328414917,1
baseline,588,0.30363568817532327,-0.7290797531458806,1.3052,1.3774219157478158,1.8993678095983089,0.30249857902526855,3.313779354095459,1
baseline,589,0.34112061425943163,0.4574618674227583,1.1895,1.434663141016505,3.0371758760425633,1.2037076950073242,7.015076398849487,1
baseline,590,0.9156624550405383,-0.6517061578551653,1.0143,1.4059912629281015,3.444013492604626,1.266636848449707,10.220579862594604,1
baseline,591,-0.8497974975313481,-0.16312492658462396,1.4255,1.7336667926460811,2.8371862431621113,0.8024325370788574,9.419694185256958,1
baseline,592,0.27101017550787976,-0.6829025146475063,1.0909,1.3994347906897795,2.948379234647581,0.6524176597595215,7.618841886520386,1
baseline,593,-0.19284230601179142,0.25888437189294156,1.1061,0.9638896958674649,2.768363656651159,0.8026604652404785,4.8159894943237305,1
baseline,594,0.4995207824584045,-0.15227469966593643,1.3989,1.0401193706443517,1.9392126418753128,1.1125524044036865,5.819074869155884,1
baseline,595,-0.26588664542158247,0.34106560973117006,1.1702,1.1789737561359115,2.0617230479012694,1.1080389022827148,6.315365314483643,1
baseline,596,0.7570411446105278,0.4352906519466039,1.4402,1.2388055899686565,1.6607886714271047,0.2527005672454834,3.0077621936798096,1
baseline,597,-0.2410059660875028,0.05694107782031255,1.3506,1.2794704470477727,2.580887408770746,0.8022451400756836,8.91715383529663,1
baseline,598,0.5254711797600604,0.20286849540819618,1.1381,0.9992967256430882,2.278027059708537,0.8539042472839355,6.313500165939331,1
baseline,599,-0.0196908511679047,-0.5470756460314574,1.0051,1.2205596924635547,2.101047571280806,0.25182557106018066,3.9148662090301514,1
baseline,600,-0.5668607810033723,-0.7080347778894983,1.474,0.5578280550989677,0.7967095529832616,0.20310711860656738,5.325990676879883,1
baseline,601,-0.19792254183587987,-0.6444678647233275,1.0428,0.8496728461718687,1.5164662559425452,0.45385074615478516,6.0153584480285645,1
baseline,602,0.4690531079547886,0.08934068874799661,1.36,1.1383501732207477,2.250409526637784,1.1056437492370605,7.315314292907715,1
baseline,603,1.085287284920383,-0.11920177247653807,1.2443,0.5365059535238773,4.799466349391876,1.253570556640625,9.218626260757446,1
baseline,604,0.08943878472492639,-0.7051645468993544,1.3791,1.3180739753646078,1.8786950997077416,0.2514228820800781,6.713606119155884,1
baseline,605,-0.11150229486214391,-0.6894194787220714,1.3453,0.4289453247320842,1.185077847672375,0.10151457786560059,5.811996936798096,1
baseline,606,-0.5558305759299493,-0.7109142196450725,1.323,0.6086310839884042,0.4327575908829258,0.10155296325683594,1.9088780879974365,1
baseline,607,-0.29971686195019875,0.4937142934646447,1.2454,1.2040564800145381,2.271932741967003,2.0557360649108887,7.520509243011475,1
baseline,608,-0.2507179661580867,0.477666645752128,1.3965,0.17697726295492996,0.19576210812953093,0.20236754417419434,1.806227207183838,1
baseline,609,1.0773140894831401,-0.34673092843704334,1.0465,1.7043423040715624,4.465612304323964,3.4291574954986572,8.626742601394653,1
baseline,610,-0.10891540481141992,-0.27530811875430916,1.1108,1.1160818124165985,1.6330443413373328,0.2012326717376709,3.708662271499634,1
baseline,611,0.22445616397957813,0.0013024122513455305,1.3459,0.6594790140413676,2.172079511235075,0.5535178184509277,6.713249444961548,1
baseline,612,-4.524368077551966e-05,-0.32759411539104755,1.1531,0.5190539074141407,2.3113626527333793,0.5523631572723389,9.618936777114868,1
baseline,613,-0.7587424920815327,-0.27247647708110384,1.2908,0.9062393786696558,1.053093836606621,0.20152926445007324,3.710951805114746,1
baseline,614,0.232378893627587,-0.26584134837208256,1.2366,1.1953594686870401,5.073682052812415,1.1533992290496826,11.725006818771362,1
baseline,615,0.007094710918766123,0.11744595763254173,1.2655,0.6141933787292648,0.5356458796713721,0.15221667289733887,2.106407880783081,1
baseline,616,1.0968075067992018,0.4665524831926259,1.2128,1.007165599980072,1.9107602419114897,2.9685182571411133,7.916414976119995,1
baseline,617,0.3571490710123255,-0.46639716385197666,1.373,1.2686269631381777,4.610660975937845,0.4018113613128662,8.118062257766724,1
baseline,618,0.06953224629889043,0.0031157783578292797,1.1654,0.7333545536172463,2.2527322415189293,0.4516279697418213,6.212990045547485,1
baseline,619,0.9295390388776137,0.2492248055164148,1.3514,1.13286351162645,3.4547356225859622,0.5022449493408203,8.817239761352539,1
baseline,620,-0.6140470545418966,0.34316045733369205,1.1355,1.76396866583726,4.516431516881712,0.6531744003295898,12.224739789962769,1
baseline,621,-0.32642867972581047,0.4621224583189917,1.1257,0.43432232932384046,0.3698817553993894,0.15149474143981934,3.7114014625549316,1
baseline,622,0.04402304923960998,0.6048766575955294,1.0603,0.6664992875127909,0.690561249552635,0.20149946212768555,3.320622205734253,1
baseline,623,0.2938658768642759,-0.227296706518467,1.0963,0.9905508619020068,2.838933207629875,1.5159518718719482,9.422369480133057,1
baseline,624,0.6368840153105959,-0.21189334362515966,1.0598,0.38694196935811226,0.43625621123538294,1.8064899444580078,5.01280403137207,1
baseline,625,0.2711670359400662,0.4463029980881349,1.2679,0.8457025151071851,3.174839308470137,0.15138769149780273,5.712824821472168,1
baseline,626,0.7671425036146926,0.30746118985558224,1.3811,0.46361519157821823,3.1443029164170477,0.7523820400238037,10.120914936065674,1
baseline,627,-0.4756595102227057,-0.5928709750345802,1.0926,1.6739153352829645,2.4227326950119403,0.20169687271118164,5.314112424850464,1
baseline,628,0.8056922690383939,0.4841059419385002,1.1082,1.5840151972324348,2.1016655912973357,0.10109496116638184,3.908609390258789,1
baseline,629,0.015568367742194722,-0.0416657601081849,1.2421,0.9007416745372888,2.77742220899696,0.2015829086303711,5.711889028549194,1
baseline,630,-0.8351119008402077,-0.08781707453131926,1.3623,0.6660783048505536,2.7119106940389734,0.8525302410125732,9.320911407470703,1
baseline,631,0.499599279306548,-0.5582861321932405,1.4883,1.5180479937022004,3.7717850361451903,1.5065321922302246,9.731079578399658,1
baseline,632,0.7213945456207789,-0.35998393530240413,1.2623,0.6018735964048061,0.42285336543638424,0.20643949508666992,4.014471769332886,1
baseline,633,-0.8554329689051047,0.6280058557070382,1.1415,1.7616004318959915,2.537273702285514,0.6043548583984375,3.909536361694336,1
baseline,634,-0.28906435644184514,-0.7233308084854596,1.0503,1.6757435125777866,3.059766600983473,0.15128087997436523,5.310893297195435,1
baseline,635,0.5946236935318749,-0.5467237052486478,1.0971,0.9852826632394418,2.7112825379978305,0.10127544403076172,7.615797519683838,1
baseline,636,0.4322273020580487,0.30964329166113547,1.1137,0.8906798765608707,3.6860915341345635,0.5518767833709717,7.313559532165527,1
baseline,637,-0.6973854569120961,-0.07299938951725227,1.0897,1.3204554389040104,2.6498305725838707,1.0026326179504395,6.312112092971802,1
baseline,638,-0.06611493855300599,-0.652302474151308,1.0071,0.9936609202115635,0.9053031746345965,0.20149707794189453,3.808900833129883,1
baseline,639,0.7289221862382782,0.559123347675183,1.2671,1.3529573836939288,1.666923339985978,0.10114026069641113,3.709613561630249,1
baseline,640,0.16274681988542894,-0.33139675849137723,1.1372,1.0588166717796983,3.2129965536533422,9.736916542053223,7.216538190841675,1
baseline,641,0.7017298091806639,0.2285368197644434,1.4871,0.9910677170619923,1.8641932984436034,0.8536505699157715,7.013985872268677,1
baseline,642,-0.0745051538221132,-0.3372708611781259,1.2767,1.2180384614922484,2.322040317632509,0.10138154029846191,4.408666372299194,1
baseline,643,0.7195027972144252,0.5337593456901674,1.3487,1.3323945085379179,2.123745203889998,0.5523643493652344,6.012353420257568,1
baseline,644,-0.2357955201266979,-0.08837558076363028,1.0631,1.4410209105995289,5.247778772052081,0.40181684494018555,10.12113332748413,1
baseline,645,1.0673405702764713,0.08619951396360237,1.4342,1.3096780341612273,4.854848777812854,4.834963321685791,11.624950170516968,1
baseline,646,-0.6293712152816018,0.4780175762846578,1.2454,1.672677874966964,4.821941803751723,1.0538814067840576,9.721834182739258,1
baseline,647,0.288184010714875,0.11545302747263908,1.4364,1.0613168874076504,3.413022371981536,1.0187501907348633,7.214625358581543,1
baseline,648,-0.39349140961462037,0.2379709170640545,1.287,0.9229220659039512,1.8932159743660772,0.7025954723358154,6.614173889160156,1
baseline,649,0.22205691740243627,-0.02828656796502782,1.2347,0.9516495471497368,1.9814743033446798,0.1512773036956787,7.0152575969696045,1
baseline,650,-0.3350666079546122,-0.060540489048141355,1.2202,0.833071065429733,1.6173195608186495,0.45169544219970703,5.7146546840667725,1
baseline,651,0.37478335523942197,-0.6683477841533301,1.0922,1.1162826593333965,1.934358859693955,1.755706787109375,7.72380256652832,1
baseline,652,-0.8727330384651101,-0.040708562688046235,1.0257,1.3390892956040954,1.350708505079033,0.15203857421875,3.112656593322754,1
baseline,653,0.5282273981372294,-0.6568644598915563,1.4705,1.4292808326673825,1.7198199900030822,0.10159015655517578,4.11330771446228,1
baseline,654,-0.38379509124182976,0.2750021731529463,1.2389,1.3165381543632197,2.5469695695357704,1.2059741020202637,7.717013120651245,1
baseline,655,-0.159016372937552,-0.37147962450766187,1.4111,0.843662776750041,1.0370702662694362,0.2017524242401123,2.7077057361602783,1
baseline,656,0.6906641590600464,0.48243232696994964,1.2004,1.455512171206811,3.0559569302962393,0.5520060062408447,7.817057371139526,1
baseline,657,-0.12515561704495182,0.5816437442574088,1.037,0.9040246445819657,1.216918042135038,0.1512603759765625,3.707832098007202,1
baseline,658,0.10573942818563264,-0.21037054130394084,1.3147,1.0290166289547087,2.3312229321530236,1.053572416305542,7.71649169921875,1
baseline,659,-0.8643519995530874,-0.5136064560613489,1.0268,1.1789229276927742,3.837689812129917,2.0628418922424316,10.129485130310059,1
baseline,660,1.0417061551650382,0.302665923804576,1.0746,2.21966827289402,2.5508248684645953,0.252392053604126,4.013041973114014,1
baseline,661,-0.2822605224766237,-0.5982285968273232,1.2814,1.4599036654513131,1.9463357970369348,0.2520740032196045,3.8133435249328613,1
baseline,662,-0.7774953234364869,-0.24829065985205573,1.1519,0.7758275234579246,0.5794462432601283,0.10194993019104004,1.7049376964569092,1
baseline,663,-0.015330852408945383,-0.11412074251113002,1.497,0.6854161200798075,5.020928243735987,0.7055082321166992,11.121980905532837,1
baseline,664,-0.14003012663341596,-0.6710642022624129,1.0592,0.8369233273722974,2.6923167802798322,0.4517648220062256,10.820817232131958,1
baseline,665,0.756560535670151,0.4253781535387363,1.3822,1.3020022711849477,2.465098343247256,0.25155115127563477,5.711420059204102,1
baseline,666,0.06306253585102972,0.4663353579041206,1.3032,0.9126193328167825,1.1527430911751808,0.10122942924499512,5.51067042350769,1
baseline,667,0.3315647063048961,-0.33725576981630173,1.3954,1.0849423698241976,2.020270348498464,0.45503926277160645,9.621763467788696,1
baseline,668,0.5909001620182794,-0.30932802966915707,1.1128,0.5429592719520467,2.862489316134724,1.5078930854797363,7.020141124725342,1
baseline,669,0.5405760426661483,-0.469278212295571,1.2613,0.3198867097961932,0.2875069442322106,0.1016232967376709,1.4045372009277344,1
baseline,670,-0.14404817226730493,-0.6631816578415994,1.2253,0.935298824935143,0.9991744844877417,0.20238018035888672,4.510389566421509,1
baseline,671,-0.3426313147251605,0.40494983016977526,1.2214,1.3165082896510092,3.691208502616572,0.10136914253234863,5.310300588607788,1
baseline,672,-0.20438112630365834,-0.7164438351192162,1.4301,1.2654060022428189,3.6459238727704277,0.10120391845703125,6.116208076477051,1
baseline,673,0.1038576063748392,-0.18750588727180983,1.495,0.6029315049009492,2.730254662583276,0.9524824619293213,10.22029709815979,1
baseline,674,-0.8533309865246298,-0.10533325091088563,1.1527,1.246960069842295,3.7227910934893025,0.902984619140625,8.819091081619263,1
baseline,675,0.46988877410364527,-0.31449905922220245,1.3105,1.384928734216487,1.9600950127738752,0.10121917724609375,4.2086968421936035,1
baseline,676,0.16020876645050341,0.5980429931856396,1.3048,0.9854162505754838,1.5786786477042383,0.10102677345275879,4.111865520477295,1
baseline,677,0.6534535757025641,0.3660317083393486,1.37,0.6151023936094044,1.9948820512186856,0.25329041481018066,6.215193271636963,1
baseline,678,-0.8382112158073415,-0.3399939687875041,1.4738,1.5609862193740311,4.029837086187507,22.844393491744995,12.627333402633667,1
baseline,679,-0.18307453434045307,-0.23223020879870215,1.1039,0.7422970728500441,0.8604130287404373,0.4025757312774658,5.714848041534424,1
baseline,680,0.40828122592637817,0.5955431658036748,1.1055,1.1179954252083986,1.8367025532792354,1.605759859085083,7.315587043762207,1
baseline,681,0.9079471184655314,0.33311461987231217,1.3302,0.5933382461038749,0.5896589757724334,0.10157346725463867,3.7100963592529297,1
baseline,682,-0.08415350936417543,-0.3267937885831933,1.0785,1.2608099088506184,3.960208549633169,0.6522378921508789,9.017629861831665,1
baseline,683,-0.3842315954735552,-0.07787810621818292,1.0869,0.37363445652197325,3.783887727875647,1.1529548168182373,11.52207350730896,1
baseline,684,-0.7583523011957277,0.5730031865577921,1.0375,0.8432045546019623,3.7722241688126457,0.10307192802429199,6.111525058746338,1
baseline,685,1.0918119009002851,0.005118725267561297,1.0013,1.9164014305639756,1.9857394647644109,0.2519237995147705,3.3173086643218994,1
baseline,686,-0.14822075694596204,-0.4333261377587037,1.2253,1.1958130286408322,1.947898005540747,0.40349316596984863,5.518455266952515,1
baseline,687,0.36062383758380534,0.3305362297967972,1.2969,1.1434195655067367,4.016246255263441,0.40482616424560547,8.52107286453247,1
baseline,688,0.7346473120081394,0.13080176764296303,1.1456,0.7741431186522599,1.266842426658009,1.102856159210205,4.812350273132324,1
baseline,689,-0.35786833114070526,-0.26870590552895474,1.1157,1.2902138274011297,2.4106720897596476,0.45591020584106445,10.921240091323853,1
baseline,690,0.05851674748903035,0.4800539227821242,1.3535,0.7886806851102273,4.779963266293996,0.6031010150909424,11.424110412597656,1
baseline,691,-0.5810453662390808,-0.7322256542793862,1.3515,1.5042932630531525,3.236159077034136,1.7676231861114502,8.020381689071655,1
baseline,692,-0.6068672455116899,0.5732014823320027,1.227,1.3031216575183477,3.67912216280643,0.20135045051574707,5.5118303298950195,1
baseline,693,0.11919627802863031,0.19079833717803818,1.3437,1.0335077415553007,4.14202779993428,0.5520663261413574,6.813814401626587,1
baseline,694,0.7264056029320753,-0.11142046806674344,1.462,0.5214185519289893,4.911382578811281,0.3012855052947998,6.813831806182861,1
baseline,695,-0.7859903136815638,-0.5152598025271058,1.3939,1.6719033769529477,4.113210797028216,0.501676082611084,12.02232313156128,1
baseline,696,-0.7739415651965167,0.4161746384072059,1.3125,0.9518713733011466,4.242235334278521,0.15149664878845215,6.717570781707764,1
baseline,697,0.8192017148186501,-0.4105234229443796,1.3306,1.7495673830115752,2.7841515081929833,0.7060821056365967,4.616886377334595,1
baseline,698,1.0127338841371516,0.6238817099092168,1.4668,1.0979810039165885,2.093688277754778,0.45247435569763184,7.817464113235474,1
baseline,699,0.25582784310199935,-0.3863895899160518,1.2126,1.3058518855158825,1.874727981218429,0.15132880210876465,5.411177158355713,1
baseline,700,-0.7281523440624563,0.11209964558409624,1.2723,1.2160368747016965,2.0559851455070115,1.457228183746338,8.518625497817993,1
baseline,701,0.6979235204835756,0.5044529426531971,1.3238,1.3612894413758625,3.3607034119784327,0.7522592544555664,8.017475843429565,1
baseline,702,0.16053300394595738,0.5998210655803261,1.4542,0.5570220796446202,3.407535296265081,1.152754783630371,7.3142805099487305,1
baseline,703,0.07221601101951647,0.2439870349611335,1.4133,0.5850131173011792,0.5040445967324172,0.1013634204864502,3.008212089538574,1
baseline,704,0.4482021494703994,-0.5194505520070305,1.0357,1.1755886755731435,2.904190406104858,0.6027584075927734,11.54218864440918,1
baseline,705,0.11581120711023685,-0.7263703175496284,1.083,0.4543593153646606,0.5845113615019722,0.45928049087524414,4.912895202636719,1
baseline,706,0.9627166436317918,-0.42879810482464153,1.1538,0.8944258454433075,1.2226635823950227,0.5025036334991455,3.7121384143829346,1
baseline,707,-0.23545008049477467,0.42220983111243904,1.3745,1.6605657617732688,2.637284054224449,0.3525068759918213,5.010540962219238,1
baseline,708,-0.02331259440488853,-0.7029207447514066,1.2846,1.2314419321048269,3.4750825417357545,0.25156235694885254,6.514761686325073,1
baseline,709,-0.6381278000284636,-0.34607209393880634,1.1443,0.9000252551893786,0.8152654171257349,0.1011819839477539,3.7082650661468506,1
baseline,710,1.0956314405683147,-0.6812918751800238,1.0622,1.761014791987509,1.6789270312413054,0.1511852741241455,2.707505702972412,1
baseline,711,-0.09514787489317056,0.2933600733788092,1.3443,1.4121425639543859,2.364851971606484,0.10122346878051758,6.1120994091033936,1
baseline,712,0.2708569655279518,-0.2523155271211091,1.3499,0.6856720525683698,4.086722213405936,0.4515836238861084,8.417728424072266,1
baseline,713,0.24499472514803222,-0.25031319386482426,1.4713,0.16531208182841736,0.14976900727553127,0.15219783782958984,1.105201244354248,1
baseline,714,-0.49326278155357534,0.5186605050920506,1.2502,1.033023513802611,2.6805522559566075,1.3057050704956055,6.319149017333984,1
baseline,715,-0.4352697841673163,-0.6895102303905329,1.2469,1.351161173140347,3.9556143335604843,0.4530947208404541,5.5159289836883545,1
baseline,716,0.8449388426308926,-0.35487420577556533,1.0402,1.3552084880029331,1.2450057308871398,0.20263957977294922,2.707937002182007,1
baseline,717,-0.007630675878305571,0.054042058835830686,1.0199,0.9073184662562822,1.6788261461557878,0.8039572238922119,10.325472116470337,1
baseline,718,-0.31309279724180683,-0.2579087619411845,1.216,0.4793816552162956,1.9328869687040218,0.45165157318115234,5.412343740463257,1
baseline,719,0.8960504068781925,-0.1666784563026511,1.1612,1.4319449522329812,2.042001895590129,0.15105891227722168,3.409878969192505,1
baseline,720,0.1131239869535745,-0.4617695301552918,1.1252,1.0782972871222598,1.1745563260835141,0.10094642639160156,2.408078670501709,1
baseline,721,-0.21583876644882194,0.431811497025791,1.0457,1.2351468975294482,3.198608421743758,0.30154967308044434,5.110445499420166,1
baseline,722,-0.736226951441398,0.5496379311712704,1.481,0.47197921119709474,0.7198556875041852,0.10126471519470215,5.010420560836792,1
baseline,723,0.7341613475576942,0.4054248249490492,1.418,1.4331315638424864,1.480070571757082,0.10113716125488281,3.4083166122436523,1
baseline,724,0.6553654210184392,0.15649004375382158,1.2876,0.5124914362781836,0.9396410810839962,0.40445590019226074,4.613595962524414,1
baseline,725,0.19548540352276933,-0.3548828861676149,1.4754,0.8827033441815493,2.538329179734094,1.764632225036621,7.816462755203247,1
baseline,726,-0.6195679999771684,0.30886123520879283,1.4998,1.2520801494103004,2.679720804805935,0.15133953094482422,5.111111164093018,1
baseline,727,0.16261517891163635,-0.667932306918664,1.3361,1.5012182863614874,2.5671054327697145,0.3517270088195801,7.816114664077759,1
baseline,728,-0.2700781376808913,-0.3253829881615924,1.1348,0.7261178925209233,1.0216368546804393,0.7018978595733643,6.417588710784912,1
baseline,729,0.5725613818824087,0.5854457167242183,1.0201,1.4547790777016694,2.4280192732289363,0.20346808433532715,6.213284015655518,1
baseline,730,0.5974385200321732,0.422736470870381,1.3781,0.07882965085601004,1.0125397578360895,0.25185465812683105,5.615177631378174,1
baseline,731,-0.2282650443663523,0.23614171167735676,1.2353,1.0925910377060972,1.818843792902025,0.35549283027648926,4.71552038192749,1
baseline,732,-0.13779492183130937,0.4962658303333324,1.3258,0.4319838956678201,3.872673090603017,1.304621696472168,7.715362787246704,1
baseline,733,0.6219200506898841,-0.2027497937876348,1.458,1.1769934414490366,2.6596629046746596,0.10097789764404297,4.71058988571167,1
baseline,734,-0.7175005720594603,0.005138821808710725,1.0907,1.6173979940810865,3.886635501470519,0.552016019821167,7.91510009765625,1
baseline,735,0.6742120639374543,0.05910380042638941,1.2927,1.5896134702684184,4.361949180416754,0.90230393409729,10.022576570510864,1
baseline,736,-0.34712359536506443,0.08353503015795838,1.3174,1.1621011073014091,2.510835362538152,0.3033771514892578,4.616299867630005,1
baseline,737,0.6313484699584673,-0.602143065372664,1.2459,1.3959682515729297,4.121844284183421,1.704930305480957,10.922045946121216,1
baseline,738,-0.14108551343279763,0.5388387611707296,1.0456,1.6165531696890987,2.4616147458126325,0.20128107070922852,4.611047029495239,1
baseline,739,0.5427953920267652,-0.10860201840077433,1.174,1.0372924340804617,1.9929137053681483,0.9588661193847656,12.223816871643066,1
baseline,740,0.5718404642018282,0.4409633018038125,1.1667,0.6468485399033105,5.76873761616346,0.4521350860595703,13.227936744689941,1
baseline,741,-0.48603312494023276,-0.26850015761552404,1.3351,1.4736116847329674,3.094810011548963,0.4024982452392578,4.816501617431641,1
baseline,742,0.8246567774683911,0.22040738982501695,1.4289,1.4329179012509368,3.9640217649975114,3.1136343479156494,6.81338906288147,1
baseline,743,1.0041337022090848,-0.06114047353963514,1.1649,0.64669344570974,3.5310715943200846,0.15123295783996582,7.815009355545044,1
baseline,744,0.6852596027814168,0.2661259626718627,1.3468,0.4357578411923015,0.8560046945992146,1.4038193225860596,5.410808086395264,1
baseline,745,0.7898927035370973,-0.7273116907341028,1.1441,1.1284808643106745,1.1774699877184964,0.2014303207397461,6.011905908584595,1
baseline,746,-0.005555247610260716,-0.42014654153556086,1.4726,0.7367128858882923,0.92295835168293,0.15108227729797363,4.308480739593506,1
baseline,747,0.21002488646629347,0.5857064682019449,1.4068,1.0900482138555785,3.0877341803389524,0.8025007247924805,10.022117376327515,1
baseline,748,0.5509757235932942,0.4422680073589721,1.275,0.5484482334213426,0.5214050180751543,0.30268192291259766,4.111438274383545,1
baseline,749,0.22246542407415681,-0.1981352409457905,1.2274,0.9096164646306181,2.6335098916229285,1.3173999786376953,8.519099235534668,1
baseline,750,-0.5612845013878042,-0.3173514814466976,1.1573,0.719965624047165,1.4253245409295854,0.15172505378723145,5.911618232727051,1
baseline,751,0.4602973345220358,0.3516402397409456,1.1616,1.1791233753992991,2.5073020043874226,0.45177340507507324,8.419174432754517,1
baseline,752,0.26020053859090986,0.40130893770708453,1.4851,0.38296715808476456,0.44652887540154684,0.10111808776855469,3.107611656188965,1
baseline,753,0.46290747957452694,-0.6717776120094923,1.2021,1.307973089772925,3.812406965706761,1.5535938739776611,8.116768598556519,1
baseline,754,-0.2649687797471162,-0.258035016256462,1.2573,0.9493664625552329,1.2980972709286964,0.7025189399719238,4.610109806060791,1
baseline,755,0.5792095182699357,-0.18717937222150305,1.4941,1.0228906925510082,3.547029361459816,0.5516355037689209,8.420318603515625,1
baseline,756,-0.3066270006572567,-0.1483783074306131,1.3288,1.109076558592829,1.6069802977393188,0.20267128944396973,3.414853572845459,1
baseline,757,-0.7608472295172096,-0.22923248140439412,1.2713,0.343268891337919,3.1795641419461975,1.256073236465454,8.71918773651123,1
baseline,758,0.4578716726584042,0.12575567909811725,1.2066,1.488345994408039,2.695288369905375,0.15267086029052734,4.209170341491699,1
baseline,759,0.6153626803560968,-0.6037136387619593,1.0938,0.9472128585183843,1.0992808163411432,0.1524815559387207,4.711047172546387,1
baseline,760,-0.016738485507689083,0.6040266500545625,1.1809,1.3315256017531705,2.3428560651622585,0.2013711929321289,5.210226058959961,1
baseline,761,-0.5174992002517989,0.5907095733929885,1.3782,0.4408296341713414,0.5288459707047867,0.1011497974395752,3.709841728210449,1
baseline,762,0.5894880399421893,0.2250577841097099,1.3127,1.138591760868719,7.166073790314655,0.9528257846832275,13.6351158618927,1
baseline,763,-0.08493226570821055,-0.37988441442002957,1.38,1.062268814888252,2.5178658172139587,1.8151319026947021,8.523900270462036,1
baseline,764,-0.3407660954740023,-0.3480276724311783,1.1018,0.6516442921838859,0.7151244842976612,0.2518312931060791,5.011257171630859,1
baseline,765,0.32340893150868144,-0.6372302122527363,1.2746,0.8240961025177748,1.0306339537628837,0.10190773010253906,2.4056923389434814,1
baseline,766,-0.2837696536108647,-0.6164999611226787,1.4638,0.7420943098889137,0.8627460327262072,0.10087203979492188,3.7106809616088867,1
baseline,767,0.4123365534752399,-0.3755896137237382,1.2191,0.9019046394426499,2.8129058120463033,0.7022097110748291,9.518025875091553,1
baseline,768,-0.3757299834402349,0.18586011978420036,1.3491,1.0817760569134252,1.6350048971075302,0.10101580619812012,3.407897710800171,1
baseline,769,-0.2528175446685492,-0.3705137473281736,1.0607,0.8195518123625639,5.704426924404358,0.5018484592437744,11.723758459091187,1
baseline,770,1.00342625072617,-0.5974854247492369,1.4866,1.3819746785875044,1.634733671142905,1.305957317352295,5.35759425163269,1
baseline,771,0.5868128225595588,0.47023351531610824,1.3044,1.131166417670093,1.7625134088463588,0.353726863861084,7.116412162780762,1
baseline,772,0.5166586761354328,0.19147373060414052,1.1196,0.6960740529934959,3.1329319185498807,0.8024039268493652,7.414568185806274,1
baseline,773,0.28235944458604956,-0.39523848516721755,1.0792,0.7100477688371117,1.8485136587788826,0.10100007057189941,5.10993218421936,1
baseline,774,-0.0821120004326944,0.4108874075569223,1.2754,0.963094062088448,1.473983432164533,0.4018690586090088,3.3074328899383545,1
baseline,775,1.063427783697986,-0.6029988794005848,1.2761,1.680456269867252,2.520357622279059,0.9027078151702881,8.918970346450806,1
baseline,776,-0.6894162925921903,0.28528009645514196,1.0466,1.8956908838945132,2.3839162665956084,0.15112829208374023,5.6128623485565186,1
baseline,777,-0.3602335252479161,-0.1461298396849181,1.4961,0.46594821726553265,3.4052765128153855,1.206141471862793,8.620726108551025,1
baseline,778,0.2952978071586698,0.09966277503525889,1.4565,0.9113134589749159,1.2816141203424904,0.7536771297454834,5.917128324508667,1
baseline,779,0.5422524977354473,-0.6174280977801392,1.2307,1.004956193147212,5.006011736329285,1.0559275150299072,12.628612756729126,1
baseline,780,0.5911492847400546,-0.7241136087884116,1.0587,0.5045316172463709,0.9752198955128857,0.20185637474060059,4.4098060131073,1
baseline,781,-0.3362618578307204,-0.40285287563543604,1.4161,0.9508166064513215,0.9924368737076059,0.10142111778259277,3.2573230266571045,1
baseline,782,0.5792777470261792,0.09064938976175774,1.2492,1.071666867507295,2.1648017414155234,0.15144824981689453,4.109972953796387,1
baseline,783,1.0128545875703923,0.4090877797003162,1.3583,0.328346902232308,0.4718581786733871,0.15126991271972656,3.71303129196167,1
baseline,784,0.9756322271191329,0.004804949440220696,1.2544,0.5679004410248916,1.2991240813711074,0.20133209228515625,5.31081223487854,1
baseline,785,0.599391120449855,0.27089849846843095,1.1367,0.7497746749298194,0.7012180577712586,0.20131635665893555,2.9065423011779785,1
baseline,786,-0.1374541560314867,0.522133320028653,1.4174,0.8372326715146556,1.4021556967773527,0.1517353057861328,3.8083081245422363,1
baseline,787,-0.3401323344944924,-0.23675118403462048,1.4901,0.8196128774688892,4.428754121082129,0.1514725685119629,7.820078372955322,1
baseline,788,0.6876010870231237,-0.1187293887050418,1.1219,1.2255760051988671,2.3940936615393698,0.3536405563354492,4.011171817779541,1
baseline,789,0.5252233656218699,-0.1554757674916145,1.2756,0.41436967227711297,3.094128513126134,1.4570839405059814,8.123094081878662,1
baseline,790,0.9827081917514127,-0.6550552797597549,1.1918,0.541365256467435,2.0465469384512005,0.8047566413879395,7.016432523727417,1
baseline,791,0.006848358831640811,-0.7128910862631377,1.4609,0.910430768315922,0.9560934302972802,0.10104489326477051,3.306825876235962,1
baseline,792,-0.7616590146973758,-0.06823446782753106,1.2541,1.11988028565195,1.2707070673829777,0.20148873329162598,5.513186931610107,1
baseline,793,0.6421215230456496,-0.18011197266138612,1.4397,1.532572482127308,3.117272357428151,1.253978967666626,10.52589225769043,1
baseline,794,-0.5568863356430278,-0.5225243679913348,1.432,1.3777995604523534,2.90995166315598,0.6064844131469727,9.319337606430054,1
baseline,795,0.4434828210481352,0.4684429006729801,1.1381,1.4526488256240704,2.839893762943744,0.25255274772644043,4.516068696975708,1
baseline,796,-0.6541240467191944,-0.3456564487893649,1.395,1.5577904206024151,3.0122551780724813,0.30292415618896484,4.716656684875488,1
baseline,797,0.1477412175446713,-0.0071490583553298626,1.2075,0.9440168586905104,2.4557505703499896,0.4028043746948242,6.215838193893433,1
baseline,798,0.7691971950498533,0.34148837359124806,1.4671,0.47465248235042407,0.9440338726098562,0.4522271156311035,4.409539461135864,1
baseline,799,1.015479363698967,-0.29405574725072386,1.2539,0.9126088664548598,1.3352558982140847,0.25136804580688477,4.1083855628967285,1
baseline,800,0.9923014504417409,0.4610629011375361,1.4103,0.824581689058714,0.951537711021583,0.2515065670013428,4.709698677062988,1
baseline,801,0.2237816980840477,-0.05169598271418396,1.1414,1.0217098522456731,2.8234189477617493,1.4584028720855713,6.913801908493042,1
baseline,802,0.46869663189973165,0.40828610704637824,1.1493,0.772690019008164,3.7275427086266992,0.20135831832885742,7.315276622772217,1
baseline,803,-0.0024845883230601995,0.09589124139119343,1.2935,0.5587349689221364,4.101712207654259,0.503793478012085,7.2134599685668945,1
baseline,804,-0.5177200471247456,0.21048673736095558,1.4995,0.5088714599602684,4.744390249007959,0.5018043518066406,9.72267770767212,1
baseline,805,-0.5454061405366584,-0.7402628062089974,1.2448,1.078431174419854,1.278714525355112,4.675342559814453,4.114428997039795,1
baseline,806,0.14759789952808022,-0.5212875113499028,1.0743,0.8506153703937819,3.3911491223430836,2.1150858402252197,8.418469667434692,1
baseline,807,-0.5444871132549325,0.48103550506684367,1.2693,1.2972623371987109,2.8105655118911845,0.10101723670959473,4.20855975151062,1
baseline,808,-0.6642052497579977,-0.437475567276014,1.1726,1.1274753658180254,3.7135126120433095,0.20186901092529297,5.512537717819214,1
baseline,809,-0.3867117133225697,-0.6636760132246889,1.276,0.43590393765320984,0.5596894800749266,0.1516706943511963,4.6094138622283936,1
baseline,810,-0.4378441241585326,0.5758514909282876,1.2717,1.47320498826927,3.1767326529250006,0.4516489505767822,7.616241931915283,1
baseline,811,-0.048933744816775926,-0.1536304858669817,1.2277,0.9780531627011071,2.4911495669244,0.1513843536376953,4.810063123703003,1
baseline,812,0.518653562632386,-0.5070925708127123,1.1609,0.548566307026092,1.4964219518871869,0.8544712066650391,7.214991807937622,1
baseline,813,0.8523844471459194,0.12456959775404919,1.0943,0.8428808932589155,0.6379160164702631,0.2035212516784668,3.4151804447174072,1
baseline,814,0.3273742966390014,-0.5819618335953592,1.3487,0.7787114494397889,1.0898004640647532,0.30617809295654297,4.616409063339233,1
baseline,815,0.4986899684022992,-0.4596095955891263,1.2859,0.4758503274161746,0.865859542563729,0.20255064964294434,6.315965175628662,1
baseline,816,-0.4680449281032409,-0.0452758421206374,1.1168,1.348984882516744,1.97092736278985,0.20270085334777832,6.314939975738525,1
baseline,817,0.698246581101315,-0.64813092472374,1.3878,1.4696551880404152,1.7424361915474467,0.15130043029785156,3.709502935409546,1
baseline,818,0.37254123701011155,0.2031798586690211,1.0218,1.0931997746574638,1.3945279029644022,1.4548430442810059,3.708453416824341,1
baseline,819,0.5608653387874356,-0.007007832496427002,1.3724,0.45438745649086787,2.700427095467402,0.6017880439758301,7.214379072189331,1
baseline,820,0.7984724645555845,-0.07647993718811175,1.3526,0.16956913944419036,0.20183609155444734,0.20143485069274902,1.9039807319641113,1
baseline,821,0.021464932023983252,-0.49095042214168094,1.4057,0.985307726714648,1.3086695943171351,0.10136961936950684,3.111362934112549,1
baseline,822,0.05122593666981712,-0.638988574676352,1.193,0.3794970617320147,2.330796598879169,0.40163660049438477,8.022551774978638,1
baseline,823,0.9143161245786253,-0.4634284518083033,1.3318,0.9183288813751154,0.9348494325181569,0.1585252285003662,3.7083730697631836,1
baseline,824,-0.1011994109438692,0.0013795649036320023,1.4104,1.0227090430852084,2.7645894073460227,1.3039569854736328,8.325080633163452,1
baseline,825,0.4119662907700534,-0.6411791493821326,1.4904,0.9833947872041529,1.1769868936031684,1.5049872398376465,3.7099647521972656,1
baseline,826,-0.013858034678332576,0.627128554262654,1.2477,1.5317067033189762,2.8375679419204642,2.266458749771118,10.122113943099976,1
baseline,827,-0.4367393520567793,-0.26138478589081365,1.0185,1.1164025215347326,3.0024902659242443,0.1010737419128418,5.911651849746704,1
baseline,828,-0.1405039367361356,-0.10513627387830493,1.2511,0.22949632937594416,2.8214173413478214,0.5518863201141357,8.918020248413086,1
baseline,829,0.5317735286641838,-0.7315083011011984,1.2951,1.0646645593151969,3.812317872804358,1.104740858078003,9.420149803161621,1
baseline,830,0.08626692773225886,-0.7356992844316926,1.4349,0.5870793124707191,0.5677880537886433,0.2519805431365967,2.4084842205047607,1
baseline,831,0.21396678105324107,-0.6516793903834021,1.4371,0.44117243262033934,0.4169533451580732,0.3030979633331299,3.3175861835479736,1
baseline,832,0.6768446747270751,0.28990036755188486,1.2202,1.170936059906833,2.219743226577567,0.2528839111328125,3.9153940677642822,1
baseline,833,-0.5948768049404534,0.17917036842369227,1.263,1.4488356032280503,1.861899436625842,0.20221185684204102,4.913702011108398,1
baseline,834,-0.5362958460074426,-0.4751040753370026,1.2285,0.7578422376823849,3.6029435616548318,0.2022395133972168,7.122145652770996,1
baseline,835,0.92710886460404,0.29947485127922724,1.3612,1.5126956449126412,3.2293004343844434,0.25134825706481934,6.613801717758179,1
baseline,836,0.8892515452490997,0.052280480699406384,1.205,0.6266259109461718,0.32803256395356195,0.15117979049682617,3.911135673522949,1
baseline,837,0.06631185827011554,0.2413296318304281,1.3274,1.0335811353130988,2.842420868077065,0.4016242027282715,7.715640068054199,1
baseline,838,-0.2509952660992084,-0.4111781371378468,1.0772,0.9423090576084663,2.706098994211781,0.6520609855651855,8.21613359451294,1
baseline,839,0.9263359345171644,-0.046300045381000965,1.2347,1.1880513665335093,3.1023056113735845,0.7027106285095215,8.521162748336792,1
baseline,840,0.5067814796633678,-0.21703449766440308,1.4846,0.5838309325935653,0.585085734439419,0.20601487159729004,3.108999490737915,1
baseline,841,0.7051505549729924,-0.3693461418390514,1.1693,0.48243476788448686,2.3921486740383155,1.9576213359832764,6.615384578704834,1
baseline,842,0.9882337262704779,0.1313782628268565,1.3464,0.5844788699289226,3.767409488377687,0.653005838394165,9.819030523300171,1
baseline,843,-0.4945835083880026,0.21143667751998207,1.3249,1.6035351537640925,3.303136985415575,1.0027129650115967,9.919901371002197,1
baseline,844,-0.34849337663394175,0.16654533014677553,1.4259,0.2825829168689188,5.1911471025554015,0.9590914249420166,12.82433533668518,1
baseline,845,0.6350073379048093,-0.4850694145788456,1.4262,1.3804314802176578,2.091295371491642,0.5021576881408691,3.9079325199127197,1
baseline,846,-0.14293582225959567,-0.1489562849218008,1.4297,0.9946818518557089,1.4742445121728476,0.35154080390930176,3.2124099731445312,1
baseline,847,-0.8062533675208123,0.4650012515541143,1.19,0.8495255977639784,0.9281153677622745,2.711822986602783,3.419635534286499,1
baseline,848,-0.7957429864496395,0.17324831565397425,1.1583,0.4029221150004928,0.30931031494307876,2.262066602706909,2.808756113052368,1
baseline,849,0.887250250467259,-0.2960506903709585,1.3594,1.8642375135155431,2.9967228764091733,3.8218088150024414,9.721704959869385,1
baseline,850,0.762973846293665,0.4178532318156848,1.3797,0.838881619730892,1.0894490874100593,0.652177095413208,5.612626552581787,1
baseline,851,-0.7396987785166769,-0.6125827548070257,1.4362,1.8836017752761594,2.6438316346082944,0.30170631408691406,7.315139532089233,1
baseline,852,0.6099005136808135,0.365357782858846,1.0179,1.6988592974872332,2.186062211305737,0.10132765769958496,4.008697986602783,1
baseline,853,-0.3943539662208879,-0.6875579638947726,1.0342,1.4323715512474533,1.9178104173918504,0.20125842094421387,4.409001588821411,1
baseline,854,-0.8285518876808068,-0.24777353950759806,1.3156,0.5841223718898625,0.7723142074618592,0.10135412216186523,3.7110860347747803,1
baseline,855,-0.2530740253850783,0.156065915546997,1.4605,0.8964536621494728,1.4102053771775789,1.3607370853424072,4.9123265743255615,1
baseline,856,0.6419484119169989,0.11402299860314857,1.4987,0.9374387461624942,0.0,2.1573023796081543,0.0,0
baseline,857,0.7861711023603526,0.1082289988498808,1.3734,1.112430899968343,5.0935940001271005,2.36340069770813,9.021893978118896,1
baseline,858,0.8403066952930975,0.06345076001193839,1.217,0.3394851178752011,1.8043006206460592,0.9535419940948486,6.515270709991455,1
baseline,859,0.6268391911299018,-0.13528831131014007,1.0492,0.677058840946265,1.4697591759165274,0.5018446445465088,5.011364221572876,1
baseline,860,-0.419368833357705,0.07707447884378149,1.3169,1.1295760722785444,3.245655732895459,0.7524628639221191,14.22726559638977,1
baseline,861,-0.19534373879491818,-0.01797116141139099,1.4363,0.28690609468202366,1.7681928375981721,2.657562255859375,11.12202787399292,1
baseline,862,1.0715756933942486,0.1494252694180327,1.2218,1.2315420781843662,2.3347712007679426,0.40223121643066406,5.912766456604004,1
baseline,863,0.302639590136226,-0.6696998521372546,1.347,1.230639823325535,1.6003994364176808,3.3304786682128906,5.617685317993164,1
baseline,864,0.46986765871746305,-0.23032952228764492,1.4517,0.591482953410835,0.5647213156664496,0.15244221687316895,3.311537265777588,1
baseline,865,0.11871242239924107,0.20627458378083063,1.023,0.772107476204832,3.888131938862045,0.9534387588500977,8.818467140197754,1
baseline,866,-0.3273787609384131,-0.5283721746245814,1.3981,0.9235940786431791,4.444877123292736,0.1010894775390625,8.415862083435059,1
baseline,867,-0.5175163876067244,0.2258611860139541,1.1467,0.9381250039372327,4.184635102239789,0.15113139152526855,8.716423511505127,1
baseline,868,0.7866615521044387,-0.5097931391353075,1.1874,1.3972506059488001,2.468974642847186,0.1013486385345459,4.810375213623047,1
baseline,869,0.33542029665248485,0.2183047686607953,1.0728,0.920823704696491,2.054010382340784,0.4022853374481201,7.7153847217559814,1
baseline,870,1.0315437312129305,-0.0066252016571894945,1.2656,0.660876650697062,2.2749651893933254,0.7532563209533691,6.320626974105835,1
baseline,871,-0.5683843530827866,0.043762337979898924,1.283,1.5527850401392942,2.4514215511510002,2.5156900882720947,8.519814014434814,1
baseline,872,0.28288417407720745,0.0715624080181434,1.3963,0.9532265315988476,2.4194954541008147,0.10101151466369629,4.2109375,1
baseline,873,-0.8100838570307366,-0.16133751193350654,1.085,1.3832270739112134,3.5710872252890393,0.7034571170806885,11.823508024215698,1
baseline,874,0.873088497177801,0.47012495789672426,1.0395,1.8026389578620114,4.648574413753617,0.8528831005096436,10.722370147705078,1
baseline,875,0.8374597197532845,0.4744923801203481,1.4354,0.21267192675437507,0.47831153946539523,0.2033698558807373,3.614870548248291,1
baseline,876,-0.3051182540264423,0.35982778917292546,1.3099,1.2313722444945068,1.778308586566358,0.35379695892333984,3.311281204223633,1
baseline,877,0.905579145997627,0.11249435316455625,1.1204,1.5106536531175863,2.1565741820767736,0.25251054763793945,5.415132522583008,1
baseline,878,0.8065228783924627,-0.6572705497459671,1.4564,0.9235694685191044,1.1120243567958015,0.15222978591918945,4.509634733200073,1
baseline,879,1.0601300905555178,0.3795221485915038,1.0716,1.2598946426123474,1.4614766106420087,0.40215015411376953,4.108087062835693,1
baseline,880,-0.7043248905105854,-0.21318890788667988,1.2306,2.0328316939716067,3.3782559573648485,0.1012883186340332,4.412060260772705,1
baseline,881,-0.4183970299113334,-0.09844669202062684,1.127,0.6549583779058326,0.7893522411837562,0.6023077964782715,2.8062760829925537,1
baseline,882,-0.5410326614154786,-0.5406433756794271,1.1277,0.4437734529918582,0.4669447738225767,0.10098147392272949,3.710543632507324,1
baseline,883,1.0451032241642717,-0.13879657153813363,1.0047,1.6066763519299918,1.9178321834709775,0.1526501178741455,5.4675304889678955,1
baseline,884,-0.2263647344424471,-0.3316472445288514,1.4023,1.21785970982305,1.8544493694936182,0.25249767303466797,4.717146635055542,1
baseline,885,-0.3646902130647699,-0.25479066559687824,1.4506,0.2855851452803703,0.17857175581791723,0.3024404048919678,1.3051652908325195,1
baseline,886,-0.45577524558329024,0.3685984817607634,1.3388,0.7609791393122266,4.290007054529577,0.3029325008392334,6.616189241409302,1
baseline,887,0.8407539831228337,-0.5301326224889098,1.079,1.5796901180410987,2.4334312362999806,0.25214505195617676,4.5131542682647705,1
baseline,888,-0.27360452864594087,0.0311230928008156,1.2209,1.1252381132603042,1.542092671138446,0.15163302421569824,4.008169889450073,1
baseline,889,0.2779455855865929,-0.04843096322432694,1.1728,0.692627973670668,0.8937005261331452,0.10132217407226562,4.010083436965942,1
baseline,890,-0.3306446917999506,-0.07271564632052674,1.2938,0.4469746866420241,0.547555560969613,0.25228333473205566,3.707756996154785,1
baseline,891,-0.2655894063391301,0.38695178416867704,1.3195,0.5401217672472316,4.680897810165898,0.20121121406555176,6.913782119750977,1
baseline,892,0.03561108262851009,0.2531583488349892,1.2122,0.6657417211422366,0.6331895806958501,0.10126662254333496,4.0103209018707275,1
baseline,893,0.6671116841617806,0.4416668858063514,1.125,0.9425599880634784,1.0775037392481899,0.10114264488220215,2.607501268386841,1
baseline,894,0.7920942114664942,0.6165058539459877,1.4227,0.11036756491072569,0.4181661853312314,0.20155858993530273,2.0093514919281006,1
baseline,895,-0.4861799628726349,-0.07057465360334703,1.0996,1.7118788062095893,3.9168109284349084,0.9041800498962402,8.417327165603638,1
baseline,896,0.08466447108769093,0.4087285985663941,1.1923,0.8020594252336752,1.0219592351720748,0.10113310813903809,3.309203624725342,1
baseline,897,-0.06671288451368396,-0.2920077127979616,1.2416,0.8666112047408588,1.1440494412836284,0.15309929847717285,4.015742778778076,1
baseline,898,-0.6232639807735634,-0.47311999739184807,1.1186,0.48559580538761526,4.509523487813319,1.4573755264282227,8.321387529373169,1
baseline,899,0.25223554413935023,0.05297807719350267,1.286,0.9461064570256861,3.239534106681224,0.752866268157959,11.422365427017212,1
baseline,900,-0.41748342946912026,0.016357955925252132,1.2874,0.8496179441434563,1.8757406080153975,0.15116453170776367,4.3095808029174805,1
baseline,901,-0.5930949370344178,0.041385570737440425,1.4963,0.0971378749693986,1.6998565009373814,0.7031710147857666,4.9093756675720215,1
baseline,902,-0.43951717575865806,-0.49178089046024526,1.1476,0.6880726455323751,4.497982366268622,1.005340576171875,10.01905369758606,1
baseline,903,0.9645593356553386,0.5896790458242923,1.489,1.945537965962485,3.2213591972149125,0.1511542797088623,6.8135154247283936,1
baseline,904,-0.13064538162166994,0.35308412984044624,1.3291,1.134944469375313,1.5605448828527668,0.20224523544311523,5.110445499420166,1
baseline,905,0.2305476934596684,0.4181960499555518,1.1372,0.7508222265761235,0.5359865424779351,0.10137629508972168,2.306504487991333,1
baseline,906,0.46041946576550896,-0.44002714203942084,1.283,1.1189387841937046,2.079527277520849,0.15190744400024414,4.11685585975647,1
baseline,907,-0.37815613566886386,-0.3812981458842526,1.3429,1.0362348428984713,1.1635183209297424,0.15675878524780273,3.715376615524292,1
baseline,908,0.697922919780505,0.11894995681459164,1.3723,1.149615935221058,2.681155815796327,1.7152800559997559,8.117876052856445,1
baseline,909,0.035397364472574466,-0.260424561782775,1.0245,1.046318124987516,1.4725283071506312,0.25211381912231445,3.710330009460449,1
baseline,910,0.9519059869791033,-0.6879587704243457,1.3032,1.087546272923236,3.6920916303777958,0.4516923427581787,15.93097972869873,1
baseline,911,-0.4009933324345899,0.5051890742822617,1.2484,1.7618177408214253,2.424678717916951,0.20145440101623535,6.512768983840942,1
baseline,912,0.6344609233463696,-0.530727711697232,1.4521,1.3130246437306996,2.4726759686595177,0.15121078491210938,5.711136341094971,1
baseline,913,0.31007698866347244,0.6303922842661028,1.1431,1.352900700962201,1.7860615474506933,0.451674222946167,6.519105672836304,1
baseline,914,0.767210149607161,-0.5084467088086522,1.3994,1.2833334021052223,1.8583915221765854,0.2023451328277588,4.318211555480957,1
baseline,915,-0.1983042957815374,-0.041462039250564686,1.3035,1.0913184696337337,1.5537403959534468,5.821751832962036,7.2161641120910645,1
baseline,916,0.13753064692900718,-0.054247264284247754,1.1762,0.35473272917424437,1.4576992319103599,0.20135092735290527,5.618794918060303,1
baseline,917,0.21939904451824943,-0.14094258539677462,1.3183,0.258079089041544,0.20311904870132075,0.10156440734863281,1.6039702892303467,1
baseline,918,-0.8235061656840077,-0.12602073286400695,1.3104,0.8655508970399958,2.6177327857956043,0.7525045871734619,6.514459609985352,1
baseline,919,0.5631538045320006,-0.589671218058742,1.3389,1.5950167445415393,1.852607837500425,0.10116767883300781,4.108515977859497,1
baseline,920,-0.5291308281963463,-0.22122140750885777,1.3605,1.1181553446203178,1.556902549422166,0.6024038791656494,4.50957465171814,1
baseline,921,0.6150254447363124,-0.5705818281979669,1.3296,1.2559065992495222,1.619354245506533,0.1519155502319336,4.610431432723999,1
baseline,922,0.46959318343974576,0.034383856351529074,1.4192,0.6247070461658154,2.6767061149360214,0.7020816802978516,8.818691492080688,1
baseline,923,-0.7418605957301391,-0.7166803628525785,1.3141,1.5834821677367508,4.742469675540742,3.9185798168182373,10.224592208862305,1
baseline,924,0.6635337107368695,-0.4208992255841788,1.4517,1.522866190926949,1.5677034997457793,0.2017533779144287,3.7136588096618652,1
baseline,925,1.0326777873058903,0.1746505038069177,1.3232,0.884408206374951,2.8450850521413846,2.6094677448272705,9.119817972183228,1
baseline,926,0.3389208774492598,0.1892589564340844,1.1545,0.8412974774758867,0.73097645920001,0.15108060836791992,3.4073638916015625,1
baseline,927,1.004274019468291,0.4727909317143101,1.2204,0.6029162576342154,3.8895525088081837,1.555051565170288,6.516875505447388,1
baseline,928,-0.3148370045466379,0.5806570802928562,1.2898,1.4381598801844258,1.5249008082971114,0.1012880802154541,3.7085235118865967,1
baseline,929,0.5267798941845296,0.11257542926502173,1.3662,0.879040547216363,3.0989261976703393,0.5524353981018066,7.915371656417847,1
baseline,930,-0.1991757659617821,-0.6345372603514327,1.0451,1.2594088554854512,8.089021944030588,1.3551506996154785,12.129180669784546,1
baseline,931,-0.19240755628390915,0.4037016398112324,1.1476,1.1619784975637002,3.704146947757896,0.15245366096496582,5.314033031463623,1
baseline,932,-0.1346872976610306,0.5329383923465515,1.3737,0.2587532344156838,14.004471747532817,1.8553879261016846,33.26486086845398,1
baseline,933,-0.5503482593932534,0.07482243409032596,1.0878,0.8531252914945601,2.419558898379865,0.5019254684448242,7.614532947540283,1
baseline,934,0.012388193026387273,-0.05391432247887129,1.0661,0.8416203873143003,0.8429655739086219,0.6522696018218994,5.009697437286377,1
baseline,935,0.43891281988655684,0.28911738617485494,1.2697,0.7810068172630911,4.79036726885949,0.1511383056640625,9.52759861946106,1
baseline,936,0.9194410740378249,0.3801183821985944,1.4857,0.46592570069759504,0.9114331397485917,0.6629610061645508,3.7118003368377686,1
baseline,937,-0.859367878880655,-0.4510974411334201,1.2654,2.0644332941043864,3.0178463193024623,0.6028659343719482,5.2133495807647705,1
baseline,938,-0.07543079406876418,0.4724223844274894,1.4567,1.3727437658175417,3.782442761552858,2.8593087196350098,6.613534212112427,1
baseline,939,-0.25089365234721583,0.20651068670374573,1.4152,0.6225083002055767,2.956631905915561,0.7523667812347412,8.015624761581421,1
baseline,940,-0.5070584695375142,-0.27294412893342174,1.1285,0.8011219608414679,2.7823281404318667,1.0530800819396973,7.916442632675171,1
baseline,941,-0.6353758527370846,0.2667881143205847,1.4123,0.5892776318762208,4.221638962683489,0.2513604164123535,6.920249938964844,1
baseline,942,0.10376841654405833,-0.33087959612637086,1.2409,1.0997724046306339,3.2228555334400584,1.4056808948516846,8.628794431686401,1
baseline,943,-0.5471482413656623,-0.5828148555604726,1.4032,0.5438357600403433,2.9528643427079104,1.507758378982544,8.616963863372803,1
baseline,944,-0.19127586524266726,0.2641421473238844,1.3733,1.1261672668617435,2.3089229455045137,0.45186924934387207,6.012866497039795,1
baseline,945,0.7541843762868972,0.03551562573610623,1.1694,1.1649409528560766,2.413928483460665,0.555560827255249,4.709128379821777,1
baseline,946,-0.08115376894869519,-0.29398407415141387,1.0576,1.1859624974490768,1.3849386245233375,1.4558360576629639,5.811247825622559,1
baseline,947,0.7145437481994692,-0.599479492130392,1.4814,0.8278862505530972,3.6703892049175506,1.052701711654663,8.734979391098022,1
baseline,948,-0.6377185727009411,0.6043007439814342,1.0704,1.7829624289323587,2.7904270241280407,0.8070366382598877,5.014547348022461,1
baseline,949,0.3059875061727848,0.272202814380787,1.4833,1.1023391661396404,1.4017113984416147,2.412522554397583,2.8087334632873535,1
baseline,950,0.18200249813578262,-0.6011138778056835,1.4301,0.946397348766573,1.5050514798239505,0.4025700092315674,4.210963249206543,1
baseline,951,-0.28561921001666246,0.5462458111669083,1.3621,1.4400335001201396,9.11741380019527,0.602581262588501,25.748040199279785,1
baseline,952,-0.35833239720027954,0.5894002714644205,1.49,0.18445222371023476,0.1826354037434283,0.10110878944396973,3.0102622509002686,1
baseline,953,-0.7732072375467419,-0.670500535700906,1.4836,1.5299439790171454,4.4968454715880055,0.9556043148040771,8.618987798690796,1
baseline,954,-0.4240341371964385,0.10059520089086971,1.4023,1.0618764794171238,6.802145865997723,2.4865782260894775,11.738608360290527,1
baseline,955,-0.16104826348030776,0.3885607593646395,1.1829,0.5910585231400497,0.5902895018284741,0.1518571376800537,1.9047811031341553,1
baseline,956,-0.17767652529799915,-0.24484283952780406,1.3953,0.77717557421457,0.9573347994730266,0.201859712600708,3.210219621658325,1
baseline,957,-0.4586443213130312,-0.6266382182633284,1.007,0.6429676958890296,3.3855521152351016,0.6525206565856934,9.418536901473999,1
baseline,958,0.7936810640185619,-0.43901803108310805,1.2683,1.241825035371733,1.2904128616987647,0.1010892391204834,2.6079957485198975,1
baseline,959,0.7594219965044655,-0.21454438160517242,1.2274,0.43631086341116704,0.4341827693403231,0.251767635345459,3.707451581954956,1
baseline,960,0.9753237690270764,-0.5799834658710686,1.3364,0.4124558251837585,0.46018277729095564,0.10121536254882812,3.7113213539123535,1
baseline,961,0.1805760066251012,-0.6981264504821026,1.3362,0.8194716678748709,0.892250056870037,0.1512153148651123,4.110196113586426,1
baseline,962,-0.5534643146653071,0.1589067952099027,1.2923,1.3146454549139603,2.286696804028088,0.301532506942749,6.212096452713013,1
baseline,963,0.5436409939119007,-0.6489490781742929,1.4112,1.4234695510817097,2.0720037463921424,0.2514970302581787,5.110413312911987,1
baseline,964,0.3415613460333635,0.5464744853862485,1.4701,1.1882304775425914,2.9835199840563718,0.6020126342773438,6.019350528717041,1
baseline,965,-0.1700515817195658,0.013611483351730125,1.0542,1.0906360526012033,4.0104642078466455,1.260225772857666,10.028367280960083,1
baseline,966,0.7416779313351987,0.09765582162182629,1.1169,1.1579073102318123,2.2586274195475826,0.953859806060791,4.314666271209717,1
baseline,967,-0.6631571013015777,-0.25537058288947473,1.0125,1.7152628103082779,2.598221823660035,0.5050849914550781,5.414539575576782,1
baseline,968,0.43147277175779064,-0.6466714161329129,1.4421,1.0981904162760672,1.3443248102112362,0.1011970043182373,2.8076512813568115,1
baseline,969,-0.5621972180620911,0.3937131537389761,1.2807,1.4450125186991192,3.2804379097659684,0.15128302574157715,6.212604761123657,1
baseline,970,-0.5396203542707609,0.46519971634222335,1.4576,0.25204029869549555,0.44658536666650817,0.15124082565307617,3.70999813079834,1
baseline,971,0.12281088316375799,0.2620622582320812,1.1107,0.9282639435814503,0.8903846939981904,0.15103602409362793,3.707836151123047,1
baseline,972,0.8834122723603621,0.5407338528661317,1.0316,0.8677732786464439,0.9680714752703684,0.3014945983886719,3.711047649383545,1
baseline,973,0.37530453708959066,-0.18898859000542745,1.4119,0.7566846327489353,3.3070140217767334,0.8558261394500732,8.321853876113892,1
baseline,974,0.46968225717447964,-0.154298840111755,1.4547,0.31953590073446486,1.1098204325746346,0.25328636169433594,3.509687900543213,1
baseline,975,-0.5827633394132185,0.4014454291989894,1.1511,1.471888681391387,6.595843444700416,2.1606593132019043,12.827231884002686,1
baseline,976,-0.018160018032109093,-0.22219837308370982,1.2041,1.050296437101883,2.363127307618151,0.7522733211517334,7.514914035797119,1
baseline,977,0.8002288287171355,-0.07795573337207873,1.0699,1.0165946150129246,2.8672330871760567,0.9524900913238525,6.51248025894165,1
baseline,978,0.262769641626889,-0.29615981631648564,1.4731,0.6507064551866028,4.066635232946931,0.4521143436431885,8.81937026977539,1
baseline,979,-0.8603567359681372,0.6012594774161212,1.1522,1.7100735526268485,3.762885236280804,3.6166391372680664,8.82045292854309,1
baseline,980,0.5706310333011784,-0.267862420784076,1.2463,1.8610366012390236,2.7060515676487573,0.20176434516906738,6.612945556640625,1
baseline,981,1.0034708769800211,-0.1931083329825506,1.0486,0.7516361376536941,0.42744251861449906,0.35205745697021484,3.9099769592285156,1
baseline,982,1.089838626119011,-0.7075925712977815,1.4436,0.5674941538187113,0.6513858197484694,0.10102725028991699,3.7082860469818115,1
baseline,983,0.49070629412092326,-0.5775874667437917,1.0678,0.8912920962035793,0.7653576423463797,0.151170015335083,3.7097835540771484,1
baseline,984,0.36129724522136497,-0.43704306728488124,1.2268,0.4133443799778225,4.326569397045176,0.10162472724914551,6.912951469421387,1
baseline,985,-0.04612264440500946,-0.5228500242582803,1.3352,0.42603200849313905,0.5393159052153557,0.1024332046508789,3.7113044261932373,1
baseline,986,0.6279348629420425,0.49080342476886163,1.3716,1.152911203755283,4.6209662149144535,2.763106346130371,8.842891454696655,1
baseline,987,-0.6743132927012585,-0.7202019316108105,1.473,1.9351396579534106,3.210480153275673,0.8055222034454346,8.518607139587402,1
baseline,988,-0.5498961164188956,-0.4217411673301299,1.2096,0.6383497683867481,3.1095661718752527,1.9056439399719238,9.620226621627808,1
baseline,989,1.058836761368229,-0.5568785964440948,1.3711,1.5358521037322213,3.6379813851710407,1.1089539527893066,10.42132568359375,1
baseline,990,0.9632512475491584,-0.1664319760234425,1.0773,0.7066545737631299,1.113354132935864,0.20183873176574707,6.715158224105835,1
baseline,991,0.26456863454877877,-0.20316212038077197,1.2074,0.7031026906734116,3.5282409020853254,7.312383651733398,10.321445226669312,1
baseline,992,-0.8505983724805575,0.3388490704971011,1.0495,1.1466174255752577,1.1843602303561627,1.8076114654541016,3.36024808883667,1
baseline,993,0.2931141019886099,-0.19658161456898282,1.2447,1.3165547998318479,2.412592596592908,0.2019214630126953,4.107857704162598,1
baseline,994,-0.32747594318464956,0.23176900000708145,1.2041,0.9228451317285272,2.034145328487558,0.10113668441772461,4.710069417953491,1
baseline,995,-0.1303010544543799,0.01251940525450601,1.4758,0.46434127849565815,0.44834966346767596,0.10152125358581543,3.20794939994812,1
baseline,996,0.776744535608092,0.363961458569232,1.0164,1.3007796360102166,3.175961156889552,1.3032541275024414,9.020830869674683,1
baseline,997,0.7468991288066353,0.5353674293126532,1.1853,0.2205248255274383,0.4401136200691778,0.15275168418884277,3.208960771560669,1
baseline,998,-0.2041656190928982,0.4533259377985218,1.2217,1.1045254876742205,2.458760758267001,0.20372819900512695,5.613833904266357,1
baseline,999,0.6183922450964319,-0.6725222514998098,1.4753,1.5751810245069289,2.8213497303226034,0.3521993160247803,6.312149286270142,1
baseline,1000,-0.2102168632443001,-0.20085763875179863,1.4277,1.0305502660711245,1.132011480962014,0.6525499820709229,2.7080078125,1
