case,pose_index,goal_x,goal_y,goal_z,cartesian_distance_m,path_length_m,plan_time_s,execution_time_s,success,manipulability_score
baseline,1,-0.13066148444452752,0.563281457007225,1.3197,0.5116129061401976,3.7723414445262704,0.7020342350006104,8.216584920883179,1,0.4935461367109044
baseline,2,-0.5637710546430907,-0.5286635290580576,1.0125,1.3330905444238206,3.292403588778875,0.1513991355895996,5.611770868301392,1,0.40383580662214275
baseline,3,0.31840995327503974,0.22989172189176654,1.1375,1.0740486289625584,2.265277969942535,0.10106372833251953,4.110150098800659,1,0.4493352877488941
baseline,4,0.7769013140664358,-0.45124606192804856,1.1116,0.9667366628437362,1.0100193522399705,0.20281219482421875,3.713993787765503,1,0.5627720237673803
baseline,5,-0.26999187445419626,-0.021984662937305166,1.3682,1.0452993570384463,3.695715535514617,4.179800033569336,10.825878858566284,1,0.599085715951289
baseline,6,0.33969243733975607,-0.5513354354640945,1.3383,0.9811147482827365,1.1552287191736004,0.15124058723449707,2.6076982021331787,1,0.2626368175686139
baseline,7,0.030930708718165167,0.33583177095400074,1.4461,1.0873584227804658,1.7377228248459677,0.10119462013244629,4.00864577293396,1,0.33272602431827475
baseline,8,0.3011656754845682,-0.6791771329227231,1.0435,1.3867332849899066,2.868806150750297,0.3014647960662842,8.316402435302734,1,0.1381287880341681
baseline,9,-0.744067742703176,0.5607687281860799,1.211,1.5939254677796817,2.8150027674665137,0.10123395919799805,4.9107561111450195,1,0.5048195722585248
baseline,10,-0.2692555094983793,-0.6087985153552286,1.0149,1.3152120495644086,3.208461615130373,0.15139508247375488,5.0101683139801025,1,0.19545496688165218
baseline,11,-0.6311202185376483,-0.06262692550711468,1.1093,0.8795715355804294,1.6313399688688872,0.1513075828552246,6.61629056930542,1,0.5065700344805464
baseline,12,-0.36009807646876646,0.16730561870237126,1.2527,0.6024401898925039,2.848777823157571,2.975719451904297,6.92201566696167,1,0.4349159235583053
baseline,13,0.21057977365838032,-0.48900997810792585,1.0133,1.0880083126015834,4.754168769705698,1.0050034523010254,10.622317790985107,1,0.26865346018542646
baseline,14,0.9890869021802229,0.4864927794875896,1.0994,1.3614067009034563,1.5964577925490218,0.15140867233276367,3.6078262329101562,1,0.45175355867598305
baseline,15,-0.6976078609330956,-0.4737195470360945,1.3249,1.8123292067743924,2.453979092125785,0.10130715370178223,4.30921745300293,1,0.6473960525700042
baseline,16,-0.10264161183544662,-0.370166430342667,1.2725,0.6481089037066364,2.311822339917388,0.5518488883972168,9.018799066543579,1,0.22672470274732043
baseline,17,-0.31618780179961137,0.002664418259433421,1.1102,0.5837232449135236,0.6702001770069389,0.10118675231933594,4.308881521224976,1,0.2507908444000125
baseline,18,-0.7252406242266942,0.6129826508891109,1.2946,0.6307002758325566,3.859764534456981,1.1536571979522705,9.018980264663696,1,0.4007103866512801
baseline,19,-0.86205516386102,0.3774440026969422,1.4047,0.38539912938193105,0.321856810039128,0.15689516067504883,3.8080475330352783,1,0.5929011836175329
baseline,20,0.6556578271315445,-0.6412626485173598,1.0032,1.9008743902838998,2.832951109249657,0.10168242454528809,4.609898090362549,1,0.27405184655830683
baseline,21,0.8376709900854264,0.1134116262610646,1.4029,0.7447718091070743,5.129779678168507,3.431222915649414,13.635847806930542,1,0.3853185376669445
baseline,22,-0.25663303835955753,-0.2961981155352495,1.3491,1.3716918868685886,2.2656104246063924,0.8581395149230957,8.116430521011353,1,0.7919973095194145
baseline,23,0.8854556557862792,-0.09417669282748165,1.1701,1.4163841752967423,3.100451723831636,0.7049450874328613,9.519312381744385,1,0.3811448422441022
baseline,24,0.6348759663586907,0.02819486946048788,1.0777,0.464876712566703,0.3565917271275706,0.15121006965637207,2.3051633834838867,1,0.2104001695233222
baseline,25,0.1630564678351123,-0.15555864077535275,1.4786,0.6153312654203931,1.4447092634625258,0.2012317180633545,3.40818452835083,1,0.4664235674073901
baseline,26,-0.8107073539688927,0.13142790507643431,1.1683,0.9350904247440411,0.9758851213022345,2.007338523864746,3.513171434402466,1,0.6987797267170315
baseline,27,0.9257967513215164,-0.4004724771494458,1.0464,1.9251575187650871,2.513530741246718,5.729486465454102,3.926671028137207,1,0.518171677205777
baseline,28,-0.4195220359956043,-0.6372296038952384,1.0484,1.4064428879655104,3.1881543589463712,1.3098647594451904,10.021552801132202,1,0.3303633492957758
baseline,29,0.9696607469429799,0.367357401521509,1.4237,1.611405785593687,2.5912847226952627,0.10116434097290039,5.311005115509033,1,0.6750820059081263
baseline,30,0.7198780564140448,-0.4866527390905867,1.3019,0.9318272305030636,1.354697516111556,0.4017181396484375,6.4123923778533936,1,0.4211333084547
baseline,31,0.727346387535172,0.48822944609487984,1.4036,1.0146758406228646,1.5799952498599499,0.25129079818725586,5.812734842300415,1,0.5876148307530801
baseline,32,-0.4212325078418716,-0.1561538984275238,1.3649,1.5220258526809156,2.678610255653253,1.6054389476776123,7.621020317077637,1,0.473810302293925
baseline,33,-0.85922087728718,-0.04123320625842464,1.2681,0.5710493487241016,5.060003660504382,2.868626117706299,13.832635641098022,1,0.7247986397661139
baseline,34,-0.6354268419446407,-0.27911675449141515,1.4866,0.37503279584704974,0.4630454956749821,0.7024803161621094,3.3072197437286377,1,0.5237436902148562
baseline,35,0.15524301229535165,0.22294804952197445,1.1893,1.1174006246031076,3.0446175174001175,0.7021777629852295,4.51154637336731,1,0.3882171726265235
baseline,36,1.0345705385752644,-0.3970511255359496,1.276,1.129073965402463,1.3592706683042204,0.15102815628051758,5.5104804039001465,1,0.6419144118675367
baseline,37,-0.3084461401438592,-0.692317334334872,1.4147,1.3121414511208866,1.3648666457857723,0.10169744491577148,3.508112907409668,1,0.47876396593485404
baseline,38,-0.7709691150225211,-0.36013975813889587,1.3093,0.7237336162516911,0.7046318978073796,0.20162248611450195,4.509390830993652,1,0.8117641645625694
baseline,39,-0.5858183635151959,-0.07049190737862832,1.4309,0.5519082908536547,2.6418544384421287,0.7022759914398193,6.615530729293823,1,0.4970935501996245
baseline,40,0.4591726549584514,0.303465351461658,1.2887,1.3189552234273834,1.7971889776579302,21.748764514923096,3.912444829940796,1,0.36627459676976165
baseline,41,-0.1440538309504401,0.12578821123557826,1.3523,0.5440661812373367,1.2331147085495204,0.1515648365020752,3.7077341079711914,1,0.4277535128674691
baseline,42,-0.6940456757521627,0.40470562893961304,1.0229,0.6343235625172882,4.553686732487426,0.9024579524993896,10.22444486618042,1,0.4403803820701928
baseline,43,-0.7921836694384579,0.06888690394064434,1.1139,0.44837915265409933,4.59029617922169,0.30286645889282227,6.71658730506897,1,0.8544873471143015
baseline,44,0.14196844154917487,-0.43179480487803323,1.1447,1.254870894820728,1.813405613510717,0.15200066566467285,3.307443380355835,1,0.35936134353705096
baseline,45,0.4964385969190874,-0.21162563418306157,1.0399,0.557137634456303,0.5540410034032544,0.1512441635131836,2.005384683609009,1,0.6931846652021043
baseline,46,-0.19700649221838762,-0.5870873818154306,1.1164,1.003871116961475,1.2688103129957813,0.2517249584197998,3.3074610233306885,1,0.27237071670083085
baseline,47,-0.36175969386856155,0.16381807925096203,1.0505,0.9181952001510164,1.3404100489700659,0.15155434608459473,4.509866714477539,1,0.32965563631582556
baseline,48,0.1767674463016049,-0.41069495230277936,1.139,0.9670565701992467,1.6141471388744228,0.10120606422424316,3.5085153579711914,1,0.383186173250736
baseline,49,0.911628589297721,0.12688140229347022,1.3178,0.8741740505581385,1.9446928964199592,0.602241039276123,8.719993591308594,1,0.8614059836446285
baseline,50,0.5658441555208145,0.48962949717484106,1.1824,0.637701993016275,4.31609960987361,0.6537907123565674,12.62916612625122,1,0.5321306065280992
baseline,51,0.3995067226777984,-0.6273916880968029,1.1851,1.3619162904795206,1.7312784897180866,0.20133161544799805,3.5072109699249268,1,0.4156616778946993
baseline,52,0.3289423962453073,-0.7303632510787509,1.1048,0.45111663595270396,0.3892904817936428,0.10161256790161133,3.7115659713745117,1,0.18512823990140428
baseline,53,-0.8629679408167945,-0.5220497373523568,1.1335,1.2080734500079207,1.3063813457442255,0.3036215305328369,5.6169633865356445,1,0.4783471697785176
baseline,54,0.41918721633415434,-0.4348539688011908,1.4683,1.2002503806657754,1.3850619565469346,0.20258164405822754,2.90898060798645,1,0.599592292209791
baseline,55,-0.2280577982483314,0.2826791906321652,1.324,1.001263565443383,4.032926662974325,1.8596537113189697,11.826375007629395,1,0.34364214069314275
baseline,56,0.43038875253928044,0.037856020982938055,1.3046,0.5844297568683438,4.091643210561686,1.603761911392212,7.615144491195679,1,0.8064376086487278
baseline,57,-0.34736890725482017,-0.4077582299971391,1.0856,1.10704240483304,1.8198309922980163,2.408489227294922,7.415794372558594,1,0.20657793469084562
baseline,58,0.8950362723610386,0.12418447212023931,1.3646,1.2577408323437476,1.7049453051784529,0.2516486644744873,5.110863208770752,1,0.8635528113422272
baseline,59,0.27042349932944365,-0.06628068869288095,1.0817,0.8666924574775167,0.8975460172147649,0.15140724182128906,3.1084516048431396,1,0.24433237477083264
baseline,60,-0.31650917764222386,-0.7095898621231824,1.1897,0.8531929378667126,1.8635901866621802,3.6834070682525635,7.521582126617432,1,0.3791186434247656
baseline,61,0.9909889141874761,0.5676978648015553,1.4948,1.9697048552178977,2.590550770202227,0.20226788520812988,5.717189788818359,1,0.5191296719234971
baseline,62,-0.8423649860397847,0.5325097049955348,1.32,1.8511091433822786,1.7819302294173158,0.10144639015197754,3.0069971084594727,1,0.5752871705602244
baseline,63,1.036894794590899,0.4290349918121529,1.2785,1.82524752508795,1.8598069312822108,0.10158991813659668,3.006521224975586,1,0.6616559547911026
baseline,64,0.8139528829464104,-0.30754916491527445,1.3423,0.7385841693483064,4.241128666335005,0.7531294822692871,9.519488096237183,1,0.5090359872515645
baseline,65,0.9824587623866678,0.21334494063141296,1.4214,0.6530427501995144,2.338599754924767,0.6557581424713135,7.0180017948150635,1,0.5255446756506347
baseline,66,0.3459443233177544,0.6173339900432578,1.388,0.8298835509740544,5.805770825551313,3.53226375579834,10.523959636688232,1,0.26423830362536965
baseline,67,0.8659534285612076,0.2748160807942769,1.1145,0.8153308424290793,0.8852704139340112,0.7046492099761963,4.208470344543457,1,0.3746086815698949
baseline,68,-0.16048853828244525,-0.33960480598058607,1.0161,1.3236081190462825,2.2787629216571594,1.3551230430603027,7.115611791610718,1,0.652091704961096
baseline,69,0.8455373354257656,0.5117925192125917,1.1577,1.529871987875656,3.02517104125597,0.15133285522460938,4.5119099617004395,1,0.5138809645954271
baseline,70,0.7092210447121483,0.15005044088864938,1.1339,0.6822985276577039,3.0062858631743246,0.4016451835632324,6.813730716705322,1,0.21162443100642309
baseline,71,0.8909905874824164,-0.27859465448598975,1.1055,0.44451190553808584,4.666181857062516,0.9535360336303711,13.05299711227417,1,0.3891124336867031
baseline,72,0.2731512394544169,-0.6936153158032764,1.4715,0.7409639751892403,1.3384692239806404,0.9576754570007324,7.419949531555176,1,0.2894845398512048
baseline,73,-0.3050752382817403,0.06880490002182083,1.4382,1.0211182962227436,3.4207797689086994,0.8023109436035156,9.117721319198608,1,0.799693789360613
baseline,74,0.7573943112274426,-0.24809805870092472,1.1573,1.331815300781753,1.9182275729061486,0.15116286277770996,3.509813070297241,1,0.32101608342450083
baseline,75,0.6531272222414466,-0.44646190821933746,1.3277,0.19765850823406003,0.3542696923276269,0.10119795799255371,4.209196329116821,1,0.32024216886691065
baseline,76,-0.7705668286438195,-0.012918736225364547,1.1978,1.5964577829281654,3.1262504643025726,0.7022485733032227,9.722681283950806,1,0.5569684885236259
baseline,77,0.5661130234383152,0.5978207571815227,1.4573,1.3119515832765223,2.439764420766338,0.3030390739440918,6.720531940460205,1,0.5089384244611216
baseline,78,0.7030590380315707,-0.37087648676591,1.2294,1.0686660184311543,1.3690947590704807,0.40337181091308594,4.914829969406128,1,0.4722962729812455
baseline,79,-0.8227548265505632,0.579678921767469,1.1324,1.6929659724400041,2.1185309272034947,0.15395808219909668,3.8112640380859375,1,0.4663250231473809
baseline,80,-0.06245526417091707,-0.5048936042226579,1.1233,1.2980032412304174,2.623710908866813,0.1516108512878418,4.510963201522827,1,0.368298539654252
baseline,81,0.2155672494475307,0.23885479778988572,1.2807,0.9293815742540247,1.3529066013718072,0.10111546516418457,4.108501434326172,1,0.5637413226330964
baseline,82,1.0195429862744507,0.27087036353998595,1.1314,0.7912464901996357,1.8192775590917556,0.25136590003967285,5.412819862365723,1,0.5165704046323706
baseline,83,-0.04135267626812045,-0.4026176204254096,1.2923,1.1194508138185855,4.02771408665114,0.9088883399963379,9.018527746200562,1,0.38214445187943197
baseline,84,-0.8444721055358239,-0.583516191943497,1.4489,0.6668275438701214,3.2217426702689353,1.6062841415405273,10.526590585708618,1,0.515410081886868
baseline,85,0.8225228775098163,0.22382589878815262,1.1997,1.86683999432125,2.676020754744764,0.8036212921142578,5.517070293426514,1,0.6430827074353693
baseline,86,0.10138266448156175,-0.09244978694750272,1.1097,0.9516696074002551,2.280046455586063,0.25202083587646484,3.9084596633911133,1,0.3551238086573702
baseline,87,-0.08316361642440584,0.10317803472374554,1.4988,0.41713762568233265,0.0,0.8029663562774658,0.0,0,0.0
baseline,88,-0.130517797810334,0.11693152419136088,1.2548,0.3991198229502566,15.969397650029007,0.9043917655944824,38.17741131782532,1,0.5018565059078987
baseline,89,0.43253077786874905,-0.5191280971901155,1.0455,1.0486185849367315,1.7536152511639984,0.8537449836730957,8.818211078643799,1,0.2475164405308729
baseline,90,-0.8204545825065056,0.061855648669738694,1.0236,1.5851765145245467,1.7010941223132616,0.15173006057739258,3.6101224422454834,1,0.5494163802749901
baseline,91,-0.10364720625867363,0.14087801213979334,1.0548,0.6836253048510432,0.9787629374822446,0.15191864967346191,5.111679315567017,1,0.26597117229566125
baseline,92,0.9929832509950729,-0.21249497566173614,1.3137,1.3617845546896006,2.181066986237596,0.20210599899291992,4.009556770324707,1,0.6992998065390517
baseline,93,-0.4849419708476145,-0.6476975725975227,1.396,1.4827621341787258,1.5881690483655837,0.15138888359069824,4.012873649597168,1,0.47125572103218544
baseline,94,-0.6858140517817499,0.1954513066740744,1.2111,0.9558341108664639,4.375009323212841,0.20142745971679688,6.116396427154541,1,0.8536260771304724
baseline,95,0.801542866341459,-0.7110243602989752,1.0318,1.9749243627796014,3.28469709615357,0.5559639930725098,7.018685579299927,1,0.20203082784159573
baseline,96,-0.6387973116538773,0.2143168652103431,1.1908,1.615498288758406,3.036901349630258,0.15200281143188477,5.1164469718933105,1,0.6785520838535092
baseline,97,0.5839108088193017,0.360982798348782,1.4981,1.1592011518099359,4.243112731767727,0.7023038864135742,9.920185804367065,1,0.5438627815487186
baseline,98,0.6147184377521813,0.36559093175322077,1.2646,0.4132896119486522,5.6791922935580015,1.0552680492401123,9.921732425689697,1,0.3836237694459347
baseline,99,-0.1356601539587038,0.3237914080595038,1.4855,0.7749220909290203,3.0469342358141738,0.6023378372192383,9.920359373092651,1,0.3844440959028394
baseline,100,0.8283740741528494,-0.1535622063867247,1.4304,1.2731910804586435,2.733837167088525,2.1645326614379883,5.032520294189453,1,0.5954162302793243
baseline,101,-0.6686084919671815,0.4971076937777247,1.0057,1.6424258132766243,5.912003834776932,1.7636754512786865,13.839918613433838,1,0.3280792176047545
baseline,102,-0.23866169075732746,0.4874489159537795,1.3604,0.32293247911808715,3.5798810794482505,0.6530752182006836,8.924675464630127,1,0.2594721781239009
baseline,103,0.9214670772629805,-0.6175721060958524,1.3409,1.7104982702342448,4.78950186281531,1.0530171394348145,9.820636987686157,1,0.48867424093129463
baseline,104,1.0111033652302361,0.0449036582813952,1.2685,0.7470018982965387,0.6540047051225854,0.15310001373291016,3.1119296550750732,1,0.6112222137404922
baseline,105,-0.2918562504944361,-0.2914149146617354,1.1334,1.3782417026391374,2.22531491067012,0.6535952091217041,5.515353441238403,1,0.7122956952632988
baseline,106,0.6959096646646317,0.34193532819971717,1.3205,1.3823318069064041,3.0400508111962696,2.4108431339263916,5.517528295516968,1,0.3448685698295688
baseline,107,-0.758918537647011,0.0120526843128127,1.0558,1.704657306034688,4.110817404270122,0.2523982524871826,7.120726108551025,1,0.6551078828941154
baseline,108,-0.17748644512178002,-0.5821499194284695,1.2174,0.8078189935116549,1.1598186758882567,0.151442289352417,3.7084548473358154,1,0.3080729167755054
baseline,109,0.3523082014928294,-0.6040574430072863,1.2269,0.6432025459731257,0.6969581660880318,0.2056124210357666,2.3091628551483154,1,0.4724300478771428
baseline,110,-0.7287837213861684,0.38623572146494956,1.4769,1.6646532971369474,3.3006087827579353,0.1010277271270752,5.2111732959747314,1,0.6333008945232247
baseline,111,-0.7048516506831496,0.6126427808606151,1.4379,0.477524949594006,0.18961931217926625,0.10138654708862305,3.007843255996704,1,0.5121868597218029
baseline,112,0.7379687423043702,0.558519545325422,1.1317,1.4787910405581601,1.3965981037894257,0.15134763717651367,3.209760904312134,1,0.437619591300958
baseline,113,-0.12725350147772496,-0.6282700152560291,1.2503,1.3390252713869597,2.3341357058801764,0.20140790939331055,4.008002996444702,1,0.4176497502686375
baseline,114,-0.032191977672493044,0.5023309251201674,1.0893,1.409846418832167,3.5508979110646117,0.5528738498687744,5.110355854034424,1,0.26045028547245513
baseline,115,-0.8504970760709754,-0.09906027790007044,1.4563,1.009169480168947,4.36402288069445,0.20136737823486328,6.120266914367676,1,0.9773911805681155
baseline,116,-0.6400629788877781,0.14901495510747143,1.4353,0.5559287971551438,3.4251969485024327,2.377391815185547,8.325653553009033,1,0.7108881903118398
baseline,117,1.0340259910765421,-0.22792782373443055,1.1492,1.9271296970436886,2.969138227053885,1.1057610511779785,8.82172966003418,1,0.6449836738711412
baseline,118,-0.4298330480544449,0.5804677691914001,1.3195,1.6248714037707956,2.4251876040322307,0.10162544250488281,5.012190818786621,1,0.6818112392403343
baseline,119,-0.7874570545139581,0.48143063822114984,1.3045,0.46739400355463134,0.3734527532167242,0.10103106498718262,3.707551956176758,1,0.6124983185475746
baseline,120,-0.7267352086944394,0.017995786767414867,1.0764,0.718496582028754,4.393687493332537,0.2515697479248047,7.1156861782073975,1,0.5501763503275384
baseline,121,0.37446810078409043,0.21295869866486405,1.3813,1.0907213474725213,1.9619470656823308,2.258835792541504,8.116759538650513,1,0.5837020146841326
baseline,122,0.2851109662315847,0.49519110641461894,1.2697,0.44887994466948794,3.9389226877316914,0.551966667175293,9.725306987762451,1,0.5586007566963445
baseline,123,1.0107155614397394,0.48022243906611906,1.3893,0.6902033862062738,1.1683113429562753,0.2530019283294678,5.117260456085205,1,0.6346020930846676
baseline,124,-0.32323049533139503,-0.48452152653955194,1.2652,1.6056628185476147,2.642482516502658,0.4537363052368164,5.7155938148498535,1,0.5014741388549927
baseline,125,0.2838064136884284,-0.6361926088101109,1.0003,0.8316121145418733,0.5693833629568692,0.25263357162475586,3.812410354614258,1,0.24199212776169726
baseline,126,0.5107565171871349,-0.0064035926431784684,1.1621,0.5865767649044082,3.158779721828887,0.6021387577056885,10.921820163726807,1,0.23826695957585176
baseline,127,0.48413718400178873,-0.5195643253401193,1.0097,0.5249700568028006,5.159101286476635,0.5021002292633057,13.426060914993286,1,0.3931207819690367
baseline,128,1.0095034281445934,0.25413860452560666,1.4645,1.013301294599319,1.925808849402559,0.20130681991577148,4.8112969398498535,1,0.9123417988377777
baseline,129,0.9756678540076542,0.4469717841735611,1.4394,0.42312076763000717,0.24150709297891337,0.3036024570465088,3.418713092803955,1,0.761019433103582
baseline,130,-0.12684960684770574,0.37070027649423853,1.4158,1.2701357749062416,4.316925757370472,1.619152307510376,8.124130010604858,1,0.47327981978215894
baseline,131,0.3045670778279319,-0.21965596298897638,1.1538,1.0022025122948266,1.0174898822400453,0.2521700859069824,3.7096526622772217,1,0.17130349891106866
baseline,132,0.7885674927374753,-0.09901559844171082,1.029,0.6753732496656553,0.814590509949646,0.2519986629486084,3.112049102783203,1,0.2518024102626186
baseline,133,-0.7612637656378625,0.4451285449744432,1.439,1.7399982492895978,3.8660729958393354,0.6018936634063721,8.417452812194824,1,0.5801171662180693
baseline,134,1.1023342110804804,0.020163163498010173,1.4735,1.839596295005889,0.0,0.7022206783294678,0.0,0,0.0
baseline,135,0.8110011283226295,-0.4031437082048464,1.0428,1.8452758622249723,2.408157585220953,0.20131254196166992,4.11064600944519,1,0.40827612676547836
baseline,136,1.0179291360267877,0.08988394773550923,1.243,0.5781021107149419,1.5190277638912415,0.251331090927124,6.0187766551971436,1,0.9652420967310817
baseline,137,0.3521301725875494,-0.2508844254228771,1.0346,1.0574903827429567,1.7098846660682498,0.9528262615203857,6.218162298202515,1,0.20582143104148834
baseline,138,0.15824986319131829,0.3181654702447686,1.3803,0.6938561114425389,1.3288949398366952,0.3078911304473877,3.616826295852661,1,0.2928006106300345
baseline,139,0.22087935445103035,0.027728772889620834,1.3829,0.52684415738355,0.4357547185730183,0.25311994552612305,3.3095669746398926,1,0.4637565879582567
baseline,140,-0.6073818172108301,-0.7034526027454723,1.0642,1.1356403804947683,5.710100171303341,2.3636722564697266,11.224212646484375,1,0.3079756847094743
baseline,141,0.5224861003726611,-0.4503872420867566,1.2376,1.1286440961212045,1.1150812921319744,0.10120415687561035,5.012538194656372,1,0.6175073605970633
baseline,142,-0.17813545844532475,0.06754690173826594,1.2749,0.8264008096517371,3.54131424542785,0.5018870830535889,9.418809175491333,1,0.32583763205984756
baseline,143,0.9190425324866094,-0.2644969883099853,1.1325,1.3435009708776717,4.209431327282489,0.40166187286376953,8.41648530960083,1,0.6316119891874524
baseline,144,-0.08705220543924252,0.11174712611309823,1.4362,1.0135275071833942,3.833052976297994,1.0544979572296143,8.518364906311035,1,0.6314297624968779
baseline,145,-0.5815003607986469,0.5301313969718934,1.2116,0.5892897124074379,4.372664119520032,2.883793354034424,13.150096416473389,1,0.42594678772981764
baseline,146,0.03700706886423388,0.6035647584422456,1.1059,0.6741722877910713,1.473260168928395,0.5024135112762451,7.6171183586120605,1,0.21624827695997406
baseline,147,0.38240049325575054,-0.4130399197987627,1.2696,1.0623856231420385,3.0666419206970272,0.3015749454498291,12.72589635848999,1,0.4813033778949793
baseline,148,-0.619213147185695,-0.5342856991141075,1.365,1.2106479555950675,1.3882806869601712,0.15120553970336914,3.7097225189208984,1,0.582068570247489
baseline,149,-0.512513672720895,-0.2680531527130119,1.1006,0.6448173427521083,0.4576953944909527,0.20145559310913086,4.312135696411133,1,0.6010221151898149
baseline,150,0.4500994377486758,-0.5062324969689606,1.1559,1.1506966271179282,2.5044665364479037,0.30239081382751465,6.22124457359314,1,0.5768543807145451
baseline,151,-0.5381707049909699,-0.3602168741700888,1.4976,1.1864933352039753,1.6549031579091236,0.25255298614501953,3.4190127849578857,1,0.4204460589496872
baseline,152,-0.6338997034786091,-0.10988997272303469,1.3249,0.5219168707788211,0.3073497977797573,0.2533726692199707,4.314002752304077,1,0.4604998654835762
baseline,153,0.12477303083432634,0.20560249453674795,1.2191,0.93921014186458,2.0220058601411846,0.7532062530517578,8.216293573379517,1,0.25489003429585366
baseline,154,0.37149857197097913,-0.63066309010225,1.2588,0.8594526785306326,3.8771041080267126,1.3593165874481201,8.616778135299683,1,0.4478430748959559
baseline,155,-0.75194348356766,-0.362570111445742,1.0605,1.15951034841404,3.1040496223961584,0.25149106979370117,5.814285755157471,1,0.6481099262369868
baseline,156,-0.5072793396356601,-0.45535402973536,1.1123,0.46914056155725375,0.5179863462792714,0.20139336585998535,3.308053970336914,1,0.3106247123583577
baseline,157,0.3523809571730465,-0.23611265923113267,1.169,0.9572780519137284,1.5971491129145459,0.1514601707458496,3.725125551223755,1,0.6548345331778097
baseline,158,-0.800293891870835,-0.39615163847131546,1.2942,1.3894204436464965,1.760567224585136,0.25876498222351074,3.71338152885437,1,0.5610863165338115
baseline,159,0.14114469027325027,-0.011876071245456199,1.1151,1.094727596328987,2.229698863557245,2.4622883796691895,5.317994832992554,1,0.482748342849371
baseline,160,0.18264742211385587,-0.4098455280058814,1.1101,0.5778522318306738,0.6013410337056065,0.45255351066589355,1.9060437679290771,1,0.6020261920392503
baseline,161,-0.8332188860045463,-0.300463226488713,1.0355,1.2843972881262107,1.680247656232572,0.20390605926513672,5.411176919937134,1,0.6175162473262089
baseline,162,-0.6356314547342441,0.48058448373661566,1.3156,0.9983727819040872,3.780956820315858,0.10094213485717773,7.015829563140869,1,0.4620571589992968
baseline,163,0.6911373949197446,-0.058140418671475236,1.1145,1.7157070530163816,2.1116366736287766,0.2021195888519287,3.8086888790130615,1,0.6062197859398712
baseline,164,0.2901190959173825,0.28123383752926945,1.4527,0.45000265155380276,4.146620305922873,0.451596736907959,9.422543287277222,1,0.40641951319867525
baseline,165,-0.3105561547069281,-0.24412492474827535,1.4298,1.0092884614538586,2.8592535550770712,0.5521137714385986,8.020589351654053,1,0.458542795172823
baseline,166,-0.16721628927046872,0.6124719518415541,1.0354,1.1114373673370008,3.7850089271027003,0.40430736541748047,6.054944753646851,1,0.3207477270652493
baseline,167,-0.6712671392663598,-0.5329715427607278,1.119,1.2582125691009167,3.0996013420148336,0.3027913570404053,5.514328718185425,1,0.48523143169963884
baseline,168,-0.503224158330312,-0.35127923821465407,1.3345,0.1780862617760789,1.440473157746716,0.20226764678955078,4.618620157241821,1,0.46761874743084075
baseline,169,-0.7139767160986251,-0.022321350730470035,1.1071,0.7454340524197627,0.606260328911146,0.10216689109802246,2.4068756103515625,1,0.7287882765391037
baseline,170,-0.6509388959029203,-0.1963464069111509,1.0662,0.4501537826652028,0.2603486852419284,0.15119028091430664,2.207386016845703,1,0.6406267978167818
baseline,171,0.7464368446214729,-0.3886415156402526,1.4678,1.5812314912861125,1.941592507282256,0.15141081809997559,3.7074825763702393,1,0.6324846902028669
baseline,172,0.9690232104508749,0.02199221500113957,1.2855,0.7364601573159439,1.7643581053933528,0.251284122467041,5.412204027175903,1,0.6851780342500011
baseline,173,0.6521349935864189,-0.4860018894819629,1.2363,0.7402900639125336,1.458446943776413,0.2012166976928711,5.411335706710815,1,0.5773609236041288
baseline,174,0.1330837705525898,-0.4099290276616797,1.3923,0.7348481733186358,2.1263378067876713,0.6023902893066406,7.715945243835449,1,0.23824720668697083
baseline,175,-0.30093424347781306,0.05562131623466937,1.4037,0.7250623766521689,0.9608212101590614,0.1511836051940918,2.511666774749756,1,0.49619983315340355
baseline,176,0.1825922553172432,-0.6717944604059854,1.0952,1.141794928402408,2.243236577029315,2.066051483154297,8.328217506408691,1,0.26234481466446563
baseline,177,-0.7473908085229743,0.6172053593037848,1.0485,1.703368932080466,2.914539551902544,0.10199546813964844,4.817080497741699,1,0.374770187397465
baseline,178,-0.36830222225822007,0.19338474033567887,1.2155,0.5159762622577282,3.798381710986663,1.7670612335205078,9.422131061553955,1,0.3350454991858393
baseline,179,0.06166400570641384,-0.17713058396165293,1.2118,0.7326020475424374,1.5940639329698845,0.5024125576019287,4.2093353271484375,1,0.31375199457047004
baseline,180,0.7732876662352792,0.5829469752557884,1.2335,1.0832540134931743,3.454745014484791,0.601931095123291,8.416467189788818,1,0.47880777653828044
baseline,181,0.986790785419297,-0.49398576708838293,1.3645,1.0098863828733289,0.9802477548689948,0.1016845703125,4.910196542739868,1,0.5958755314816344
baseline,182,0.2656057103225853,0.413672739265866,1.3367,1.1305407480813934,6.8065247417857355,2.206714153289795,13.32765531539917,1,0.23591172424689283
baseline,183,-0.47337465166537035,-0.518136734502522,1.4921,1.383191108317429,3.7553932356570763,1.3607609272003174,8.723061800003052,1,0.600041442142423
baseline,184,0.44542089141986874,-0.02430810636723002,1.0492,1.2161644640559313,5.218842185453686,1.3551535606384277,8.721832752227783,1,0.2307600963626596
baseline,185,-0.09517379708833662,0.379007629833947,1.2013,0.7577964515664242,4.229437583647716,0.3515641689300537,12.725651979446411,1,0.4085899627505371
baseline,186,0.04403133519715996,-0.32890680089846874,1.1697,0.943521699452855,2.6869178434890797,0.7527060508728027,6.613276720046997,1,0.20945712679575057
baseline,187,-0.4127544382190081,0.4930154636792571,1.4308,0.9776619099757123,1.33913834239061,1.8086376190185547,2.8098340034484863,1,0.6934932524138777
baseline,188,0.9236277239317321,0.1147030063858252,1.1243,1.5603074957317924,4.523727231754702,1.0533027648925781,8.725163698196411,1,0.48214948293416104
baseline,189,0.37111736118755023,-0.2828396854611636,1.0951,0.6457536646243582,0.8694991797292219,0.3682365417480469,3.8175549507141113,1,0.27421836191361765
baseline,190,0.3559842022503137,-0.010024459624534132,1.2243,0.4505270148354304,2.9946883064764958,1.059185266494751,11.726158857345581,1,0.2754134892297449
baseline,191,-0.5723803883696872,-0.3146938788489167,1.2109,1.0978541789878078,2.012470145503665,0.35152482986450195,7.4150989055633545,1,0.6776771355197296
baseline,192,-0.8065387143536853,0.04002842701318898,1.1393,0.6364136584327649,2.3371250965960315,0.1012575626373291,5.210694074630737,1,0.6969580292402103
baseline,193,-0.19499397404507146,0.3854075366193458,1.1249,0.7046798834820365,4.5729376989949495,0.7020866870880127,6.713132619857788,1,0.41311535242437786
baseline,194,-0.6203174712580108,-0.19712726277005532,1.4616,0.7431403589613546,4.662913214671601,0.35147643089294434,6.2146477699279785,1,0.6148675988114963
baseline,195,-0.41862373464890457,0.2493750289720732,1.2216,0.7444701188326607,4.59118387132209,0.25450658798217773,7.024479627609253,1,0.33145007321867814
baseline,196,0.5024058169337922,0.002703385159597227,1.4307,0.99026693906571,2.1335780993751503,1.561084508895874,9.525538921356201,1,0.48737341414542534
baseline,197,-0.5130733252995743,0.5052110712724055,1.2752,1.3722662075926364,6.908105553248353,1.1598114967346191,13.129722356796265,1,0.6582037689142708
baseline,198,0.04269550282267098,0.5585673086266344,1.0253,0.9253229974225696,0.9059225544182036,0.15114402770996094,3.2066650390625,1,0.25846104046193397
baseline,199,0.1296713615490115,0.09713811948720619,1.4996,0.5620452214711994,1.8361025214935969,0.40188169479370117,7.415151596069336,1,0.4221782726970799
baseline,200,0.9744584358825197,0.03349299425157315,1.418,0.6736641702109514,1.1146903107192765,20.83046865463257,4.618856191635132,1,0.7286187701226805
baseline,201,0.5287469732091561,-0.5334113550358048,1.4845,0.6645009448412488,2.092667719944408,1.007725715637207,7.717301368713379,1,0.3515731682220261
baseline,202,-0.032373009478670944,0.26887437974836936,1.4632,1.0348664339528422,3.006075309733604,0.7046995162963867,8.216317176818848,1,0.3552136086076101
baseline,203,0.020563634122989782,-0.5874109250148023,1.4243,1.0831817744862442,3.049653782472445,1.1034209728240967,7.114650726318359,1,0.31775021742796455
baseline,204,-0.6259185658551252,0.5222367467162697,1.0832,1.4380716168369923,2.9797286933372082,0.10126900672912598,5.312546014785767,1,0.3780882542667354
baseline,205,0.29890791364644986,-0.19477028488244097,1.2428,1.0479834771798953,2.0866092642128664,0.15265679359436035,5.2197065353393555,1,0.4486099113770112
baseline,206,0.7182555351212587,-0.7366356003916756,1.1069,0.6834663592324108,0.6817508415453872,0.30155324935913086,4.619856119155884,1,0.22001451692677695
baseline,207,0.19211808502296313,0.5208816169511331,1.2005,1.249861420678859,2.9362199031528022,0.9164309501647949,5.825378179550171,1,0.450104225357999
baseline,208,0.5887274737535213,-0.12165254921740487,1.0293,1.0759322868792103,1.9300422703986548,1.6588363647460938,5.513671398162842,1,0.25521288003967263
baseline,209,-0.5938213856072367,-0.5006442805404492,1.1895,1.22624479080425,4.903583323640517,1.6542670726776123,8.316703796386719,1,0.7052568163529745
baseline,210,0.9402245759169743,-0.24507078261374604,1.4927,1.680992295066724,2.1687760306332726,0.20186829566955566,3.2084362506866455,1,0.939835779360603
baseline,211,-0.8470467870419227,0.16870034915096044,1.1326,2.0539117357753756,2.82760121019746,0.20342636108398438,4.108539342880249,1,0.5441108035222573
baseline,212,-0.5783504735933301,-0.1733064539990693,1.392,0.37481406999249467,2.431554650320569,0.65230393409729,8.221424579620361,1,0.4791170606070403
baseline,213,0.12235051047652279,0.07505901379774027,1.2275,0.978388886771031,1.7884207757153838,0.2528085708618164,4.517211675643921,1,0.33476130381740926
baseline,214,-0.456967114484549,0.4909265936915409,1.2115,0.8756732684631297,1.6827798850201725,1.1043717861175537,6.415389776229858,1,0.32570600985858666
baseline,215,-0.8005585583250759,-0.09438001741886093,1.4787,0.7935629372409828,3.9525676277662356,0.7521207332611084,8.516889810562134,1,0.5215450738444898
baseline,216,0.664095736289511,-0.12018114105621003,1.4977,1.6794844244916656,2.65285604110505,0.3516831398010254,5.311340808868408,1,0.9807459087647662
baseline,217,-0.07868761334510388,0.025945815217491397,1.2779,0.9232758291353231,0.7405842713145835,0.25711822509765625,2.806501626968384,1,0.34445894272203065
baseline,218,0.8350591008487913,0.5569626449716115,1.3592,0.9573140559042861,3.5514457563200814,0.40147829055786133,6.915476322174072,1,0.581592649018561
baseline,219,0.40340709469972924,-0.1813992489112155,1.0774,0.9803450958597153,4.798724853693345,1.152728796005249,10.637627601623535,1,0.27841872860295624
baseline,220,0.5460569575755418,0.1623614961845481,1.1484,0.45077659756195565,0.5173779256770233,0.15688538551330566,2.2065072059631348,1,0.34829275558109873
baseline,221,-0.4150097531624425,0.18018062970465287,1.4844,1.1156355630279202,2.6125610059200586,1.1083922386169434,5.616283178329468,1,0.42211365881809265
baseline,222,0.7124336812096612,-0.4976796343373456,1.2896,1.572237025205563,2.6982875545228056,0.9030261039733887,7.314042329788208,1,0.542551071478751
baseline,223,-0.6759071595509779,-0.40888140956675006,1.2711,1.3698957544533352,1.4532612483268368,0.10173296928405762,3.0078041553497314,1,0.6314420902882814
baseline,224,0.7724957715717773,-0.19726983030424305,1.374,1.421289565466491,2.1107669795948394,23.876285076141357,6.927563428878784,1,0.643588590292578
baseline,225,-0.2919811986226717,0.4885654146480186,1.0286,1.2410352894462549,3.006949306267882,2.5713086128234863,5.42237114906311,1,0.2910703696995182
baseline,226,-0.46096944230057385,-0.7065447518773718,1.2921,1.2961787416831552,1.6986400503795862,5.235607147216797,3.2081995010375977,1,0.5054238462868837
baseline,227,-0.03773654072566912,0.48353093101976363,1.2514,1.346706471066936,2.1114392445500942,0.552452802658081,3.7077698707580566,1,0.2566229175138
baseline,228,-0.35882275493917826,-0.22130263117817528,1.4264,0.9367288544982368,1.2926183447238173,0.05131697654724121,3.309232711791992,1,0.3551284037158469
baseline,229,0.36406313535698365,-0.18046838988923564,1.0787,1.0690692289342776,1.3639249805119087,0.151566743850708,3.2071902751922607,1,0.3015299708773118
baseline,230,-0.2893688645879192,0.5601748437660033,1.4804,1.1361145125219385,2.6212747915205203,0.15122342109680176,4.609588861465454,1,0.37816771334001514
baseline,231,0.8483035282296632,-0.07326953360516819,1.0401,1.5444386458226498,3.9548111590992723,1.4536643028259277,7.818124294281006,1,0.8726691405750875
baseline,232,-0.030226834141979353,-0.7121271703681586,1.0929,1.268712667120192,1.4776697777361427,0.3024313449859619,3.7184269428253174,1,0.25955472087197
baseline,233,0.3825538316954238,-0.38866232021478003,1.2975,0.4779959842012722,0.9412769821352078,0.25444746017456055,3.7102816104888916,1,0.3842224999447719
baseline,234,1.0780851221544403,-0.020701689516109623,1.3376,0.7414572689100017,0.7970214970594904,0.2527587413787842,4.716522932052612,1,0.6944682206852039
baseline,235,-0.8365496790829209,0.5132465602141257,1.1176,2.0013357083171903,2.7362277035559055,0.30603933334350586,6.115386009216309,1,0.36809418217295803
baseline,236,-0.3298225525979577,0.018440575456700192,1.0599,0.6913914286087334,4.301576137220104,1.3041982650756836,9.11945104598999,1,0.24336310790888
baseline,237,-0.46387303937048446,-0.7278917314232478,1.4451,0.8504183335630074,6.249309942623458,1.4058778285980225,11.522286176681519,1,0.5150038957935151
baseline,238,0.8590501337289052,0.07784560238200366,1.1231,1.7680988798446067,1.9357612533140907,0.1531510353088379,3.7123072147369385,1,0.5496142511535995
baseline,239,-0.5254141257683229,0.5134020137008949,1.2973,1.346252010588556,1.4901685993366933,0.15192961692810059,3.412447690963745,1,0.44110263954246326
baseline,240,0.15549489187058407,-0.6784687616510744,1.3097,1.2707955939676716,3.2317172550785873,0.25160789489746094,4.916033744812012,1,0.2557287924627384
baseline,241,-0.7088930401723994,0.08573099840681742,1.2096,1.3934418203674246,1.7072691723555038,0.503662109375,4.318888902664185,1,0.6182054739084826
baseline,242,-0.30080901372047286,-0.2543056875771598,1.2918,0.5145165781113022,5.1418923179502265,1.4611365795135498,12.628780603408813,1,0.3705668157983354
baseline,243,0.2496139970684501,-0.08890674737843696,1.2614,0.7646031682160583,1.1693014179788594,0.6522839069366455,3.3067421913146973,1,0.29285383189820174
baseline,244,0.5789578966707161,-0.44767191981630017,1.4674,0.3218695733470492,2.538803413687999,0.45452284812927246,9.920202493667603,1,0.5780631587822813
baseline,245,0.30644445864790515,-0.67234093227264,1.1021,0.7845931401088806,0.4910277668118757,0.15117859840393066,3.309560537338257,1,0.34223184739737794
baseline,246,-0.2105286084007837,0.3162333679467594,1.3581,1.0394758154827755,2.92078806583243,1.3032605648040771,9.419123888015747,1,0.42095040799033795
baseline,247,0.5702701147955418,-0.062194931532683295,1.1193,1.096164515798832,2.0099492732813595,0.45182299613952637,6.214118957519531,1,0.4108531239906891
baseline,248,-0.3846311701200903,0.3824465844843504,1.1979,1.247976696530782,1.9883048537544903,0.30262327194213867,3.830217123031616,1,0.7319500170079819
baseline,249,-0.33360833801021395,0.06797693627812573,1.3358,0.4833469410814607,2.910353716349539,1.6120736598968506,6.015751838684082,1,0.5109532522305427
baseline,250,0.9451155065661652,-0.555011201117347,1.15,1.6306400085134976,4.351555829439568,2.3110642433166504,9.02080488204956,1,0.68056045116557
baseline,251,-0.5060665350418558,0.001571901697864142,1.1581,1.7504304740663548,2.151866880829664,0.10272741317749023,3.808833599090576,1,0.7209206684916609
baseline,252,0.7256041950613934,0.16216834586052575,1.3759,1.1578649981300433,4.364868282713892,0.8041701316833496,8.917987823486328,1,0.522391676099759
baseline,253,-0.3781580064410935,-0.07053009995432491,1.0363,1.3920863105899361,6.063818777946226,1.3535561561584473,10.922234535217285,1,0.44256029623945736
baseline,254,0.9981256112588675,-0.6888275611796729,1.2291,1.5675954802786891,1.60439255534603,0.20132088661193848,5.215250492095947,1,0.3063572727383001
baseline,255,-0.515099665957625,0.037356746779313,1.4992,1.524894192984413,2.4825890125606795,1.9806020259857178,9.235112428665161,1,0.7213677510991429
baseline,256,0.5092869696832367,-0.3344424638701152,1.498,0.9928369898970869,1.6695376369460575,0.4528646469116211,3.7143216133117676,1,0.3496443237522186
baseline,257,0.998536181422826,-0.09142966631264471,1.0366,0.8826196558644851,2.043783216395233,1.0056037902832031,8.118780374526978,1,0.4589088881166596
baseline,258,-0.24054286203186737,0.3959298614830308,1.1066,1.2426680574530098,2.2451203695845483,0.15265464782714844,3.911590814590454,1,0.6793944894355362
baseline,259,-0.41712248449577255,-0.5773410989420189,1.1326,1.0869139852456817,3.9948251228584373,0.2012014389038086,6.213100433349609,1,0.44062006578122936
baseline,260,-0.19936782181169288,0.2528295440805183,1.4666,0.7181197637323075,3.5464998528737466,1.3531463146209717,6.011563777923584,1,0.415912089720786
baseline,261,0.19627174148791826,0.34345362848873606,1.4404,0.5140350433368618,4.471318592124843,0.451826810836792,10.52219271659851,1,0.34426245894043245
baseline,262,0.8830078970041229,0.10319602056248656,1.4396,0.8917884528700455,3.030659990528268,2.2089791297912598,5.444613933563232,1,0.6648018792723858
baseline,263,0.851535968071643,-0.713775829491568,1.1848,0.906981897436955,3.6796124519704976,1.3651068210601807,10.830347537994385,1,0.28636490448675117
baseline,264,0.9882321784525603,0.3545281659530163,1.0789,1.0771552888317264,1.3400988741030362,0.20124554634094238,5.211892604827881,1,0.5645945005670912
baseline,265,0.6475671886614935,-0.19074692470090127,1.4169,0.8618841617862851,1.8074615758517987,0.6524310111999512,7.014559030532837,1,0.44299008196071976
baseline,266,0.8586280403173234,0.6091306866798317,1.3518,0.9669797741882483,5.455795416766772,0.6518356800079346,13.72672700881958,1,0.5235411278886669
baseline,267,-0.03787042148684694,0.27043808238313705,1.3058,0.9679086844479193,1.6451735288384017,1.3535175323486328,5.553234100341797,1,0.6333284304220714
baseline,268,-0.17013888355598095,-0.3483336254672917,1.4936,0.6707973999306605,3.845143653727975,2.4696648120880127,7.538321495056152,1,0.7909106068920492
baseline,269,-0.7895712981407308,-0.7184412136762894,1.327,0.6389836719673904,2.5326206020927207,0.6538403034210205,8.015352487564087,1,0.3797769309240837
baseline,270,-0.11126458532951089,0.1908353664202781,1.0039,1.245878018941024,2.3069984603738374,0.40166306495666504,5.912508010864258,1,0.2869545629749045
baseline,271,0.685535818571624,-0.6201492828229554,1.4086,1.1522968086595173,1.6277200373895753,0.4017035961151123,5.811774730682373,1,0.5005976698782143
baseline,272,0.9994588681815753,-0.10079032354267892,1.1497,0.8652849529956559,0.6170035353032922,0.10100317001342773,4.910761594772339,1,0.7089495652296055
baseline,273,1.0914962170034874,-0.42468308229914875,1.3317,0.4025044239385671,0.3564586827950974,0.15136480331420898,3.9087986946105957,1,0.6175830966050351
baseline,274,0.33153432744989875,-0.038565985863317165,1.4695,0.7913358238739414,3.0351840496552356,1.6618762016296387,11.649823904037476,1,0.49524003477867684
baseline,275,-0.43599633362291246,-0.48683382781379425,1.0671,0.9422682408954546,2.6630422312438142,1.8647007942199707,8.125400304794312,1,0.44928805450158105
baseline,276,-0.7583558150513484,0.5885470138134749,1.0577,1.104758158920993,2.9320913323487097,0.30201125144958496,5.616545677185059,1,0.36587301294358265
baseline,277,1.0989073044852347,-0.5040679275724245,1.0535,2.063851551077023,2.426750227530328,0.10220623016357422,4.010066032409668,1,0.4854004925124039
baseline,278,0.5065128649826163,-0.5315470246890391,1.2766,0.5395504274765736,0.6682124367354414,0.10110855102539062,3.711759090423584,1,0.26610498940053423
baseline,279,-0.4293934874215611,-0.005197142944449729,1.1362,1.3185098978893786,1.5279881539180675,0.201401948928833,5.212487459182739,1,0.5213191309196108
baseline,280,-0.6916730882776498,0.4626312252541428,1.3024,0.6236006996302286,4.8275491570982085,0.2514169216156006,6.51291561126709,1,0.8541442385240412
baseline,281,0.8884986943003128,0.5700651585676811,1.3588,1.7223507294129845,1.894666073267053,0.10115599632263184,3.8083598613739014,1,0.5306786633822359
baseline,282,0.4256896056265411,0.013878027216957523,1.1018,0.8779267325654677,1.392436093556467,0.2521047592163086,5.812082529067993,1,0.3401637675523713
baseline,283,-0.13433135928159368,-0.3860983011133118,1.3171,0.9214739381225788,1.8054918378579803,0.15125393867492676,6.114424228668213,1,0.3356110758294492
baseline,284,-0.7123664000710418,-0.4404682805209592,1.132,0.7228935551376593,0.7446095326350075,0.20162057876586914,3.714264392852783,1,0.5016875944429751
baseline,285,0.8140921036446596,-0.06266867188279923,1.2443,1.4726787913285728,2.8086025046418586,23.28624939918518,9.117342948913574,1,0.6065090058519953
baseline,286,0.7615176744636456,-0.2651101483423867,1.4527,0.27505513146610555,0.7994871769421578,0.7559137344360352,3.7079296112060547,1,0.8421013152811069
baseline,287,-0.3437499685242069,0.4642376012519872,1.4231,1.4733612857597351,3.212491454578101,0.15114641189575195,4.915729999542236,1,0.4215672497602638
baseline,288,0.8128529870647874,0.44866223211876866,1.0461,1.3397835549824686,4.885956281574399,3.541551351547241,9.22183632850647,1,0.6725582328670276
baseline,289,0.5093884370285202,0.19151342039865282,1.2118,0.5958473410240004,5.547249765809297,0.4538905620574951,10.72096848487854,1,0.22755214589591574
baseline,290,-0.5586446813091279,0.46731642313932775,1.1383,1.2695246801828293,4.500989518281421,0.3531196117401123,12.456699132919312,1,0.38624432775838957
baseline,291,0.7637687996193596,-0.5659328020914862,1.0018,1.5975183348672615,2.3048707750118034,0.1526486873626709,4.416049957275391,1,0.3686717719850194
baseline,292,-0.5543738860322531,0.3808866911395915,1.3856,1.562733028772875,3.123208897313464,0.252471923828125,8.217163801193237,1,0.6694086230481656
baseline,293,-0.8603432022572358,-0.3486096050176698,1.3186,0.9200537246665438,4.03287541359588,0.3016178607940674,8.016382932662964,1,0.9045469081339095
baseline,294,0.3792544105470368,-0.3860298796178444,1.131,1.442797676269185,1.794695713073968,0.2517082691192627,4.812356948852539,1,0.34815131102117625
baseline,295,0.6726535731895666,-0.5960086022517591,1.3706,0.32185980938127123,0.5452428482596283,0.10109782218933105,4.212302207946777,1,0.4837150220327423
baseline,296,1.0356501516485273,-0.2732676438628453,1.2758,0.6809455168656369,1.194594657429959,0.2014172077178955,5.310928821563721,1,0.8726152903782208
baseline,297,-0.6698257191224737,0.544751941462884,1.2138,2.0957859622753574,2.8721152963871788,0.35179924964904785,3.8080148696899414,1,0.7359859219811408
baseline,298,-0.2764902103114102,0.23002844979861703,1.0048,0.862349076514944,1.105332495774614,0.25193357467651367,4.61186408996582,1,0.13661173349473035
baseline,299,-0.18745978111923978,0.11013792141251366,1.0376,0.22420759810238586,1.3564144409648184,0.25163936614990234,5.221093654632568,1,0.2556471300232866
baseline,300,1.0564551369096007,0.5882381731625402,1.4416,1.3558093478270024,3.300659647689281,1.3202261924743652,9.624253988265991,1,0.5693850592777097
baseline,301,0.6298776543313227,-0.7092175767856067,1.452,1.2839948208901668,1.6056856632970715,0.6036472320556641,5.412883520126343,1,0.33230576459548145
baseline,302,0.09549080338204752,0.31553979206790805,1.2728,1.4173403126700648,2.8281877020490693,0.30141401290893555,7.714815616607666,1,0.40600537387304014
baseline,303,-0.33067194742973827,0.6270490632166953,1.4173,0.3280870185110797,0.46122318987928473,0.10149240493774414,3.7090275287628174,1,0.4725228204937674
baseline,304,-0.5486975863981116,0.34906831998240306,1.2913,0.6063595978956767,0.3369659092919539,0.10156583786010742,4.512027978897095,1,0.6807403431304919
baseline,305,-0.7097207675893997,0.19200604105065588,1.074,0.6437184537605557,0.3329483147265241,0.10105276107788086,1.4042613506317139,1,0.6418189432954219
baseline,306,1.0116115803803134,-0.535446456693043,1.0637,1.8391616931953267,2.8279560102224828,0.2514064311981201,6.0128021240234375,1,0.341304837519378
baseline,307,-0.041100457852425554,0.1343346520904536,1.1541,1.1360393767234542,1.9235699417667573,0.15125274658203125,3.8077969551086426,1,0.6616889627306453
baseline,308,1.0772436982563796,-0.18057507532313088,1.4495,1.3746624741573716,2.326483238423734,0.5022470951080322,8.720444202423096,1,0.5856638796196916
baseline,309,-0.4506264766222849,-0.7002217701166814,1.3981,1.7442080110394071,2.803526680140806,6.055751323699951,8.03173565864563,1,0.5064371192920581
baseline,310,0.8401580511821607,-0.09280958820580043,1.4304,1.5008691519226944,5.210186384375121,0.703059196472168,10.120436906814575,1,0.9344298731212062
baseline,311,0.8486111188880205,0.32404407573585325,1.4495,0.47696906589524934,5.413419428212975,0.6523823738098145,6.613731861114502,1,0.8495935931196111
baseline,312,0.6353495500490238,0.11742672192156478,1.105,0.6229935627730155,4.416160616512581,0.4518132209777832,8.416382312774658,1,0.5854892324835508
baseline,313,0.9521204343706913,0.10427753215149416,1.1248,0.31440093725598445,0.4803588516058622,0.30168581008911133,3.7083022594451904,1,0.501840367152205
baseline,314,-0.6404951694765342,-0.5709947215136957,1.0514,1.6267854894032339,1.719978882480867,0.15148043632507324,3.4168314933776855,1,0.39321628795587693
baseline,315,-0.4755599916799326,-0.06754909277726562,1.3901,0.39750765288601003,1.9584684210879089,8.206370830535889,8.12035322189331,1,0.5444711253937609
baseline,316,-0.3398550724096364,0.3528462042754966,1.4421,0.4419778430785481,0.9200908729564844,1.0038559436798096,3.713850736618042,1,0.6141277068021014
baseline,317,-0.8499680899021446,-0.6434579761702761,1.2032,1.247644866966728,2.2298769259998714,0.9186735153198242,8.218303442001343,1,0.4456539695269664
baseline,318,0.31624072637246003,-0.3422556168534173,1.3103,1.1803220620580144,1.248333656777774,0.10171651840209961,2.807908296585083,1,0.6194656079023418
baseline,319,0.6726646599866193,-0.6885637339713573,1.0773,0.8050700046170575,1.5209729166572614,0.1518394947052002,5.61216139793396,1,0.2930038553693556
baseline,320,-0.39326677856047054,0.6126744031490593,1.4649,1.6023622919482479,2.9187751682678997,0.1515204906463623,6.913589000701904,1,0.5067098282761818
baseline,321,0.3521846654185121,0.22218686952759892,1.4323,0.8005133887166436,3.5243797410440085,1.4534778594970703,9.12140965461731,1,0.36484920718554903
baseline,322,-0.22595368706040808,-0.03166420198940645,1.4881,0.6355955781429443,0.9114707325056658,20.77092409133911,4.509103536605835,1,0.742047993005866
baseline,323,-0.8071914383755114,-0.6350331449090014,1.4054,0.9314779641377314,4.525904457593281,1.3039088249206543,8.918353080749512,1,0.6039575181212758
baseline,324,0.2518659612544083,0.20432486759460322,1.4407,1.5100153946580912,4.318094242355978,2.558568239212036,10.528960466384888,1,0.8386492303090352
baseline,325,-0.5410495219625238,-0.599323787380534,1.0124,1.357226450945814,3.5103252942549585,1.6618187427520752,5.619139909744263,1,0.18750732732423053
baseline,326,-0.8103962609555775,0.5433556263388298,1.3683,1.2603554874351839,1.9428034178130096,0.7019848823547363,3.5097084045410156,1,0.39604441442297017
baseline,327,0.5323579495517163,0.45371157602712164,1.1661,1.4467576710696433,3.8611198457528464,0.8523561954498291,8.221095085144043,1,0.4709521847991037
baseline,328,-0.20020971838015844,0.3765697062877079,1.4654,0.6319790426351655,3.978085239906205,0.5018510818481445,9.21911072731018,1,0.2960450806236914
baseline,329,0.21232808953670523,0.37996713592846654,1.4011,0.5418589697352864,2.9266525807305297,0.8033418655395508,7.524209260940552,1,0.2810790772381054
baseline,330,0.17033007397537636,0.2622040028918261,1.432,0.43080697004660556,3.658387721151633,1.3551058769226074,5.518199920654297,1,0.35630852528062823
baseline,331,-0.38324139019188974,-0.5237856095244792,1.4054,1.1478294063583958,2.321522589206479,1.0093674659729004,7.416226148605347,1,0.3219908892240417
baseline,332,1.0611649370335183,-0.28010518210649915,1.1334,1.633467166998828,1.6847958398508374,0.15130877494812012,4.310843229293823,1,0.6531264569273812
baseline,333,0.4325588110427365,-0.05847908559338699,1.3937,0.5953900805325444,4.224956083279771,1.2538161277770996,9.618907451629639,1,0.4904577957882887
baseline,334,-0.42020270268136595,0.6259628006619636,1.054,1.3722179292383967,2.730645572164123,0.7028255462646484,8.82701563835144,1,0.26793556304473404
baseline,335,-0.47750686225843436,0.19163360510059435,1.4361,0.36592755711626773,3.394003129176459,3.9762649536132812,8.319591283798218,1,0.5138495442432421
baseline,336,-0.3622725149707745,-0.10735605744017929,1.4293,0.5258468248512878,0.42800183250852675,0.4623894691467285,4.115011930465698,1,0.762908281940183
baseline,337,0.5990443250183624,-0.1583721584683444,1.1112,1.211099382050099,1.7408949421157542,0.45206379890441895,5.612168312072754,1,0.3253728429154561
baseline,338,1.0845214353248667,-0.6878899709992491,1.4083,0.6053005956258283,1.0379417273856548,0.15188288688659668,6.312349081039429,1,0.3941753817174944
baseline,339,-0.0036642391662317086,0.2535040254103976,1.2302,1.4362568569504353,2.5317119763416582,0.20156335830688477,6.315278768539429,1,0.5470087032985466
baseline,340,0.9121910944703144,-0.16355544647587217,1.1526,1.048333069430017,3.3322185878807074,5.018465757369995,11.127744674682617,1,0.3248991218684038
baseline,341,0.9353041510122815,-0.4535501523062141,1.3977,0.24067642695991384,0.44521795540943193,0.10116744041442871,1.8042421340942383,1,0.4568951004211519
baseline,342,0.5800300104270868,-0.5622260006351449,1.1138,0.599950961366276,1.947792141175111,1.203315019607544,8.218545913696289,1,0.24385156725354118
baseline,343,-0.5168680782191803,-0.4166154715545921,1.0118,1.215695745636565,1.1325310212628252,0.1011350154876709,4.009117364883423,1,0.4089625492916502
baseline,344,0.8203912550585057,-0.06661022524040017,1.0966,1.3052186813940652,2.112661774971517,0.15132665634155273,3.7108261585235596,1,0.83331721343787
baseline,345,0.00959501541528296,-0.03564095570060566,1.1641,1.0377024877163645,1.8812164466695322,0.10109639167785645,3.6639864444732666,1,0.3520600050345299
baseline,346,-0.5488956845364849,-0.2056539686404807,1.4322,0.38223907417813174,1.379683939347122,22.528985023498535,4.612805128097534,1,0.655259650303705
baseline,347,0.4286520691208411,-0.2961888517552692,1.4834,0.8783752807638762,1.534144755099148,0.15185761451721191,3.739962339401245,1,0.43001627354204086
baseline,348,1.0491853113456757,-0.11949317013887961,1.1396,0.7946228162557997,2.92300137285208,5.314790487289429,9.943594455718994,1,0.664289903734126
baseline,349,-0.5365398321164943,-0.028830594684031707,1.3207,1.6713463491824987,4.356592873703695,1.5057868957519531,9.522445678710938,1,0.9070996751898877
baseline,350,-0.018980928102300676,-0.4012665894645965,1.1998,0.7404417741753974,0.7292773544116724,0.8532288074493408,2.7105939388275146,1,0.3458811955667056
baseline,351,-0.5419229385403174,-0.5126911968198515,1.4906,0.43930322832091373,6.438837758041566,0.6024768352508545,11.137500286102295,1,0.593350805764376
baseline,352,0.44266057374641776,-0.09085717671975568,1.2681,1.1196082257814362,3.739700304605795,7.002227783203125,11.039092540740967,1,0.5940674347128073
baseline,353,0.2871723502343628,0.45000473942521746,1.4696,0.6730700559927351,3.3936069236170763,0.8058195114135742,7.117718458175659,1,0.37602085902711974
baseline,354,-0.3383562699733266,-0.6645626597332814,1.0577,1.4577000875092265,2.2746353042460417,0.2016279697418213,5.8127827644348145,1,0.27457079732044504
baseline,355,-0.7950211023950139,-0.5752209781502231,1.4852,0.4665720927880564,0.6336932220976585,0.10100555419921875,2.5093612670898438,1,0.5571298698804071
baseline,356,-0.24637859993608047,-0.046059372862148784,1.0893,0.9826627793467966,3.4846516771833755,1.4627938270568848,8.023649215698242,1,0.20658775839874394
baseline,357,1.0825009037044344,0.5830730889031267,1.4813,1.5592804842192196,2.0602545388897378,4.74925422668457,3.108767032623291,1,0.6692113891741965
baseline,358,0.3937357167503217,0.4495197366705105,1.1327,0.9527992540270649,0.9431631441709221,0.20247578620910645,3.4152145385742188,1,0.2693246520121138
baseline,359,0.09589392206921576,0.1732714898683474,1.0542,0.5430648708356768,5.201349172427565,1.0036273002624512,14.027101278305054,1,0.2587869532334057
baseline,360,-0.2626828557662596,0.22523136800015264,1.2173,0.34683830615258276,3.125440584115397,0.15122437477111816,7.51493239402771,1,0.7078624855552675
baseline,361,1.04936567538461,-0.6139804165053391,1.3643,1.4885756508578656,3.424957558468587,0.251239538192749,7.515218496322632,1,0.6491641612670658
baseline,362,0.8476579481762156,-0.4995961892992917,1.1568,0.6738460364213514,0.31295484347479685,0.2517223358154297,3.3082308769226074,1,0.45250274181101313
baseline,363,0.999225382997514,0.1957827908699734,1.3031,0.8514705510660595,3.938392008938229,0.752591609954834,6.02001953125,1,0.44073072005943453
baseline,364,0.8491696792368195,0.04101779188175203,1.2557,0.40115140370478386,3.7602298896002195,0.2028489112854004,6.925910949707031,1,0.34706153709365983
baseline,365,0.4936420205445542,0.18652939205793684,1.1926,0.584241829508979,3.054509717880421,0.25223445892333984,6.815643310546875,1,0.20648381497761503
baseline,366,-0.09236074799345795,0.15179411045501023,1.2883,0.7363674312679444,1.1465269195627676,0.10166668891906738,4.2085394859313965,1,0.37226085024519434
baseline,367,1.1078380044774612,-0.676756658605596,1.1274,1.6607358777439178,3.816579892790868,0.854752779006958,10.621598243713379,1,0.4915524290687127
baseline,368,0.8528333385684477,0.3319976550960678,1.3544,1.1938486232994805,3.2903129448544735,0.5043268203735352,8.017486810684204,1,0.26528428547343086
baseline,369,0.8682178424992715,-0.18771119805148062,1.0008,0.8116462126289024,1.6385998493760798,0.35167908668518066,3.910205841064453,1,0.15046708309626544
baseline,370,0.7281506569275744,0.30437977518307,1.4628,0.5719454423967291,1.8717285727563417,0.25156068801879883,3.8141839504241943,1,0.3393842979567698
baseline,371,0.7479474164588928,-0.577832757920784,1.2692,1.045293791999082,4.544938299640767,2.72743558883667,7.62463903427124,1,0.31462352084034967
baseline,372,-0.22967088513766432,-0.23948185108669928,1.3597,1.0881839208758408,1.2310159000159626,0.15215682983398438,2.813089370727539,1,0.5134025626238606
baseline,373,-0.10287784328217475,-0.12649496251664283,1.371,0.35260872800671195,2.98667723165008,0.753380537033081,8.017255783081055,1,0.5168276057867394
baseline,374,-0.42255159876443377,-0.6424288007421585,1.3353,0.5744757289891095,0.6699485574976394,2.35823655128479,2.5091395378112793,1,0.6088624845661733
baseline,375,0.354829865791056,-0.10615918381801348,1.1821,1.0724889612302113,4.441356593831763,0.6524310111999512,10.420802354812622,1,0.37408773406271323
baseline,376,0.1558200981399842,-0.08460410013674957,1.035,0.5643118540808137,1.8270801500427498,0.853473424911499,6.3143720626831055,1,0.2498817504854356
baseline,377,-0.11945228356643134,-0.19501749904765864,1.3321,0.3604567708674731,0.9241775127274653,0.10123515129089355,3.7082011699676514,1,0.30063853749201386
baseline,378,0.3318678939166073,0.3079496013588844,1.1651,0.8829213190365907,1.2960990064955342,0.10148477554321289,3.60787296295166,1,0.18986983156744336
baseline,379,1.0208479653826805,-0.7179484314026792,1.157,1.2605684004667557,2.6079549582887696,0.4519062042236328,7.618151664733887,1,0.25999170427315205
baseline,380,0.4102948834544231,0.4908939742572821,1.424,1.2062740174836732,4.372834188667065,1.3114314079284668,8.820146799087524,1,0.3821205806780266
baseline,381,-0.7535500324460904,0.5409151008307768,1.3599,1.1403693214936654,3.787352906909089,0.9567899703979492,10.52234435081482,1,0.5752015594005926
baseline,382,0.08999782670729739,-0.39018899595202206,1.1502,1.2673670146354443,13.709476350223527,0.9026145935058594,26.154630184173584,1,0.2749085895446032
baseline,383,0.7185973295043389,-0.0021924058482002406,1.1546,0.8257090015820674,2.640412540628893,2.3244073390960693,9.732891321182251,1,0.6149505067051922
baseline,384,0.5464106363103696,-0.3684146229921246,1.2042,0.452060463771573,2.2271102730041052,0.20135998725891113,5.01071834564209,1,0.7755366555628215
baseline,385,-0.5139619892222635,0.19285593134788648,1.2012,1.425095782029264,2.744975180299102,0.152604341506958,4.90967583656311,1,0.5063536932149837
baseline,386,0.5323296907338615,-0.596151107667822,1.1478,1.5439434201804136,2.8444232740580837,0.101348876953125,4.712014675140381,1,0.44825809388423643
baseline,387,1.0355210667208832,-0.07860828140682341,1.0636,0.850990791892842,0.6420954447528003,0.2517564296722412,2.4058520793914795,1,0.47597545410029457
baseline,388,-0.7869563598817484,0.1269499900661868,1.2102,1.7072025520765333,2.3311370806919323,0.1012120246887207,4.209583520889282,1,0.7274100066501952
baseline,389,0.7506323193838982,0.4718996806407124,1.4702,1.484327019922844,3.674878525280585,0.2017977237701416,7.116600513458252,1,0.6387544613924772
baseline,390,0.3379643199026656,-0.17824688248558762,1.3387,0.7971296085926081,4.449956893008653,0.7023053169250488,9.916176557540894,1,0.38432311519637985
baseline,391,-0.17251882622201276,-0.4175398519690616,1.4514,0.6523291736659576,0.9136471561114878,0.20351934432983398,3.3151752948760986,1,0.2512556777800099
baseline,392,0.7574215792941106,-0.1607836394865998,1.3078,1.1880533246976308,2.51800412290646,1.2053799629211426,6.318639278411865,1,0.7414138857400541
baseline,393,0.3634891815089678,-0.1222712094150471,1.1505,0.5829564817618175,2.4522113988897782,0.7033736705780029,8.015743017196655,1,0.357012247305411
baseline,394,0.587483762479369,0.44248318454439606,1.274,0.6579242839701683,2.403120296129293,0.551971435546875,5.513125419616699,1,0.783974624046405
baseline,395,-0.8261483224561612,0.13906884160904753,1.0002,1.6970849188618466,3.5189973518009983,0.1512279510498047,5.91252589225769,1,0.4011922756359357
baseline,396,-0.41328085549813676,-0.20589516162582278,1.1435,0.4932917340171438,0.8811419981933748,0.601844072341919,4.80938982963562,1,0.38804259422806214
baseline,397,1.0847909010659067,-0.5555317799870487,1.2149,1.6408907906455592,1.7627855906943806,0.1515340805053711,3.7073347568511963,1,0.3977354078423507
baseline,398,-0.024308363217431572,0.24297933001433425,1.29,1.2304860138908114,3.1454490116191436,0.16116046905517578,6.822412967681885,1,0.6460158506726961
baseline,399,-0.6185225183019238,-0.5999533417461554,1.3274,0.9871155515698352,3.742498273161798,0.2514834403991699,6.714423656463623,1,0.6323357314819341
baseline,400,-0.3296135588784648,-0.6338777870091323,1.2325,0.5827231394103004,0.3780885754168353,0.15136075019836426,2.6120829582214355,1,0.3401002290504473
baseline,401,-0.49271896240745156,-0.2986874736532744,1.2211,0.6436430249808326,1.6763458008088605,0.1541891098022461,4.722179174423218,1,0.4767843353392463
baseline,402,-0.735401943677243,-0.029811847292036453,1.1069,0.6145324374148019,0.7344899924783339,0.45914244651794434,3.916416645050049,1,0.5358809817164596
baseline,403,-0.40978265365352173,-0.0010236293334023872,1.2366,0.4466165910398109,3.6080266239336565,1.2100803852081299,10.423892974853516,1,0.3541301047239168
baseline,404,0.18332233294474665,-0.2973654232194739,1.4506,0.8312528517220079,1.4598869062517892,0.10114264488220215,3.5080149173736572,1,0.38213956493910584
baseline,405,1.097384213940354,0.16636704685304626,1.398,1.0625608428220927,4.001111596780718,0.7555031776428223,9.818204879760742,1,0.9070993436684367
baseline,406,0.0490375235463294,-0.6603644212665211,1.0848,1.6225969080223799,2.2823747217350348,0.5032262802124023,6.2125678062438965,1,0.3398787690621046
baseline,407,-0.5255495682471185,0.20506671998759485,1.0424,1.1725233380819668,3.263204697514544,0.1011509895324707,5.813568592071533,1,0.39240270609453703
baseline,408,-0.6813872768002017,-0.12419033358125353,1.2577,0.4623190327212556,3.887150924582289,0.15376949310302734,6.819157361984253,1,0.7319188009697009
baseline,409,0.4448550379336662,0.3499482461250879,1.3165,1.1717597917165914,3.5641190696002423,1.7054030895233154,8.41968035697937,1,0.3407987586961045
baseline,410,-0.0815558548659513,-0.5335803976840064,1.1676,1.216764495542416,3.0353010748831712,0.451862096786499,7.11398458480835,1,0.3131788735819453
baseline,411,0.19719503221606915,0.41395374647320293,1.4092,1.2084651703310039,2.5649105300846777,0.703484058380127,6.4137609004974365,1,0.24172963308680673
baseline,412,-0.6963553755460551,0.2947415577626141,1.3756,1.0753374382207075,4.485162359231899,0.45174312591552734,7.7187299728393555,1,0.7031341757191408
baseline,413,0.6769796697627048,0.2308152146988497,1.3364,1.3027133744480093,4.280030949299936,1.21478271484375,9.524945259094238,1,0.5679416932811053
baseline,414,-0.35151088643670947,-0.24817257613413274,1.1123,1.3392718823687084,7.954540378289151,1.1067957878112793,14.33113956451416,1,0.5377853731635651
baseline,415,0.2246360410919297,-0.3232095971558756,1.0996,0.7945327035295775,3.0098042878957636,0.5020301342010498,7.416261672973633,1,0.24859550248361917
baseline,416,0.3173779687207434,-0.03445646634501198,1.0122,0.46461745717356157,0.3903066990137106,0.15122079849243164,1.604224443435669,1,0.2472447955537113
baseline,417,1.0934571853798056,0.4268578919417617,1.1224,0.9182296460376779,1.5562163186594375,0.4531853199005127,8.115004301071167,1,0.6048598336782236
baseline,418,-0.6423617993909864,0.3801758994668972,1.2376,1.6880956582931863,2.168433198035473,0.15111374855041504,3.7082576751708984,1,0.8199794944839275
baseline,419,0.8474883597929666,0.36434149976161156,1.4249,1.6638990374210947,2.013557371273627,0.10129117965698242,4.6139140129089355,1,0.6533879056347752
baseline,420,-0.7126179809924182,-0.18930523437666813,1.0364,1.7269153978263208,2.5223045481155917,0.4041614532470703,6.8213489055633545,1,0.5832846774891516
baseline,421,-0.1870303420021091,0.5974884159815231,1.2072,0.8681390896603355,3.980161220915815,0.5027680397033691,5.918185710906982,1,0.3593913446512142
baseline,422,-0.6103360986256564,0.44140789864258345,1.3149,0.4896298598233798,0.558978835931761,0.2524237632751465,3.4127814769744873,1,0.7794565373677461
baseline,423,0.32859332262243734,0.30784866644071573,1.0972,1.2460396684136033,1.407550998689203,0.10100698471069336,2.7061452865600586,1,0.37573012074018525
baseline,424,-0.0828498789552754,-0.5418821347690697,1.3482,1.1821879219917861,3.343935733310038,0.5519914627075195,8.616925716400146,1,0.27871078170588304
baseline,425,-0.8218408004261168,-0.5572815187012735,1.2472,0.705979526619759,0.7637322354970819,1.6544835567474365,3.408215045928955,1,0.5774872305263673
baseline,426,1.0412595234056818,-0.14874791517439856,1.122,2.0196263744021725,2.484714051464609,0.8024077415466309,9.019722938537598,1,0.4791487633384464
baseline,427,-0.0018878331295721917,-0.5978167238243639,1.328,1.0007172958602935,1.5081795605795938,0.10116791725158691,3.7086334228515625,1,0.40639739866323354
baseline,428,0.35502332660749825,0.15037630095506282,1.0028,1.2100557321215046,2.522376675242418,0.601926326751709,7.420156955718994,1,0.09979837432731452
baseline,429,0.6744694635876478,-0.11123421774095399,1.3755,0.4347404523082563,0.7231713537110159,0.4149444103240967,2.429565906524658,1,0.42701077519008723
baseline,430,-0.7584789281052013,0.21197840445165217,1.385,1.6579968942735426,2.6466287009419256,0.40425777435302734,4.109922647476196,1,0.8623153837692352
baseline,431,-0.5910617512619771,-0.5762170932335826,1.0533,0.9942159507322599,3.5043316294152818,1.5622584819793701,8.618156909942627,1,0.45136575835687875
baseline,432,0.4988637792377695,-0.6574110693692938,1.2126,1.078093228260449,1.0693702285652849,0.10152530670166016,2.9065279960632324,1,0.4202070257062761
baseline,433,0.7402890741609294,0.10231150812940903,1.0879,0.9003303618750177,0.7439546312367099,0.10143661499023438,3.50869083404541,1,0.49973126100794557
baseline,434,0.17159618147289346,-0.15756143053462957,1.479,0.47895370539418536,2.199762391487006,3.3098273277282715,8.218289136886597,1,0.6543315769374263
baseline,435,0.018473173963861278,-0.4755886687582688,1.259,0.49552757114202295,1.6930439599525031,0.6027669906616211,7.414873123168945,1,0.7507489680124426
baseline,436,0.7671801090135448,0.26498615889136656,1.0251,1.1601086286103046,1.0652052748645513,0.10172724723815918,3.8156747817993164,1,0.5690372054453271
baseline,437,-0.04818277560771267,-0.08163313565306529,1.1246,0.8698635765032783,2.5725702021973014,4.083411693572998,7.121371507644653,1,0.2623128613333734
baseline,438,0.6338944294280715,-0.5546112643283553,1.4242,0.9679037050915771,1.373084004682286,1.457533359527588,4.2122392654418945,1,0.39126200429686436
baseline,439,-0.8489766246558035,-0.41158919725822996,1.2282,1.59093483309407,2.940563036776014,0.6039328575134277,8.41669487953186,1,0.5080880389483704
baseline,440,1.028880909044288,-0.07268854364517796,1.4007,1.7781809045197114,5.568923734674582,1.0097436904907227,10.221635580062866,1,0.9121831683300984
baseline,441,0.027575877097842483,0.4171466316842324,1.3338,1.2487916153853762,3.485935062856086,0.15178990364074707,5.31084942817688,1,0.28669627581878365
baseline,442,-0.5756035465765232,-0.2968952764530576,1.4939,1.0816907572921843,4.27191763602869,1.1029281616210938,8.458723068237305,1,0.7901233884085413
baseline,443,-0.12798941884108517,-0.2009895932447714,1.2977,0.7255992341237929,4.3457294079723505,1.8966631889343262,8.639045238494873,1,0.29725703653146607
baseline,444,0.8951118534795446,0.5696298592563976,1.475,1.440866643844018,2.7391738953209686,0.852902889251709,5.310970783233643,1,0.654094826615774
baseline,445,0.49088298746352654,-0.14173330754789149,1.4457,1.0240327365194861,4.31242536227817,0.6521873474121094,9.721497058868408,1,0.4729828731647868
baseline,446,-0.7968389763566719,0.4960209771940721,1.3063,1.6676260770147115,4.582361329740206,0.5023143291473389,8.617165088653564,1,0.5458379183943671
baseline,447,0.4338394738118614,0.486891775730781,1.3596,1.196732926769219,1.4862976221854147,0.40328264236450195,4.720722675323486,1,0.7223245201360774
baseline,448,-0.7408956556087125,-0.030707377847289496,1.2524,1.495757545210193,3.396642480100931,26.94256043434143,7.733169317245483,1,0.4518903067236614
baseline,449,0.1422238470507209,0.19163296863227752,1.4153,0.8212209263706112,1.9587212735997308,0.252352237701416,4.713081359863281,1,0.41958652318909906
baseline,450,0.5467529551402361,-0.6439561223378227,1.2739,0.9143850487628806,5.130637138530386,0.8026618957519531,10.01943588256836,1,0.4634591445456993
baseline,451,1.0227857714295696,0.2703364858966756,1.4486,1.0313319063263806,1.7439428013722476,0.25122642517089844,7.7148120403289795,1,0.9249942818057455
baseline,452,-0.17988819864372618,0.32137395184294404,1.3718,1.3704418450275628,3.206619814038895,0.601813793182373,8.516538619995117,1,0.40759475980784265
baseline,453,-0.5279152973678448,-0.6078043772937921,1.2373,1.1545295922964445,4.736111377089311,0.5019958019256592,8.918047904968262,1,0.5089586486198573
baseline,454,-0.347677979059842,-0.7142216235435258,1.1296,0.5109622134355258,0.21404160032824202,0.10190677642822266,2.1125776767730713,1,0.33793287535291766
baseline,455,-0.287428451039753,0.3139126051295956,1.1236,1.0051754830119646,3.3726830309769746,0.3532679080963135,5.5209715366363525,1,0.39539842812661974
baseline,456,-0.4653278463284098,-0.5762150614489756,1.3188,0.9840990872993437,3.692091692886254,0.2036421298980713,5.72033166885376,1,0.5663582684099838
baseline,457,0.403218230518521,-0.01436486891565636,1.3829,1.218171841978713,2.66938823682631,0.8067736625671387,7.316009283065796,1,0.4609766868294722
baseline,458,0.7100515278593669,-0.3406625215728744,1.2606,0.38395995758938245,1.9410037079583582,0.5526049137115479,6.914386034011841,1,0.8542855890180704
baseline,459,0.28136170856676257,0.28485254853617714,1.3134,0.9358592105752037,3.29359378714415,0.6523857116699219,9.319472789764404,1,0.2622990798114478
baseline,460,-0.6191142307021915,-0.27822044676355917,1.1373,1.288032869931965,2.5111312405380404,0.9024243354797363,10.322335720062256,1,0.554285043204014
baseline,461,-0.13536495875404864,-0.1493263628346746,1.0387,0.7140907659543797,0.80336120287343,0.802966833114624,3.6093380451202393,1,0.3111047020173075
baseline,462,0.9961763104100105,-0.41228821394213816,1.1429,1.2233691911145224,2.121448392240242,0.15182900428771973,4.811268091201782,1,0.599762776556539
baseline,463,0.884885152214772,0.1443440565882531,1.1359,0.6382472361202258,0.7749057373950533,0.15120673179626465,3.713499069213867,1,0.6588439695897286
baseline,464,0.8342353327923302,0.42011070136044204,1.1599,0.3967789282950393,0.5062773265172175,0.6624228954315186,3.631925344467163,1,0.4566127291632082
baseline,465,0.6234931027751236,-0.11021873074533162,1.2701,0.6647001362031725,2.328443448347755,1.315162181854248,7.725197076797485,1,0.3516314576074421
baseline,466,0.6659188389624542,0.15856636497379228,1.0692,0.5101616362222524,1.6290732681701718,1.1073048114776611,5.814762592315674,1,0.5050829420890283
baseline,467,1.0786154237375754,0.5449712033670414,1.1156,0.39234561555388375,0.514332508321146,0.30150485038757324,3.4072425365448,1,0.6430557002362879
baseline,468,-0.6119135710130583,0.25449639631979604,1.347,1.8301093770745338,1.9994570311983597,0.1513230800628662,3.7089109420776367,1,0.7144836273013955
baseline,469,0.12960003743052506,0.4121259604873889,1.3532,0.7223518933928976,4.171745908303915,1.1031863689422607,8.01618480682373,1,0.2833422792686408
baseline,470,0.29706912248928785,-0.04451260853703132,1.0321,0.8165116195431613,0.7670465374935508,0.1512303352355957,2.207839012145996,1,0.19765657225147282
baseline,471,0.49237066866327983,0.4569456863927498,1.2038,0.520838845450872,0.7797420458007059,0.20361948013305664,4.109327793121338,1,0.2501110658836744
baseline,472,-0.5557380195200363,-0.10882003014720865,1.2713,1.3079391490364465,3.8899695580125027,0.8554465770721436,8.518471240997314,1,0.9233068840820428
baseline,473,0.5668471193539755,0.6197468731540255,1.2079,1.5568016184845566,4.299203802647061,0.20147442817687988,7.225923776626587,1,0.42779251198267126
baseline,474,0.7127406599617341,-0.46265503801989294,1.1034,1.3421999532337943,1.5997013260684596,0.6254754066467285,3.3483338356018066,1,0.6349049634552023
baseline,475,0.34788316241567485,-0.48465401463841823,1.2101,0.5881428592028619,0.4372445020938177,0.2024705410003662,1.9062690734863281,1,0.3089679699372987
baseline,476,0.22547695100965703,-0.7358145109920379,1.4524,0.2672259293254245,0.5292686511274679,0.25301051139831543,3.715131998062134,1,0.19663914005147637
baseline,477,0.6050443573733022,-0.4647917103329638,1.292,0.6728433680721414,0.7105398692705261,0.1518092155456543,4.513003349304199,1,0.5113522323945519
baseline,478,-0.22502153641792721,-0.538427818843221,1.3478,1.0397508805348274,1.1941805489008137,0.15191650390625,2.7081384658813477,1,0.5203414109444761
baseline,479,1.1017346571772042,-0.2369427050835904,1.4284,1.5037306253850888,3.651841505190992,2.2050881385803223,10.621537208557129,1,0.6850162700642881
baseline,480,0.8834400368817776,0.07184291517264152,1.3828,0.32055411073140216,1.5518382585274513,0.15149140357971191,5.009843826293945,1,0.5768505403407281
baseline,481,0.5057151663566712,-0.7385781058077211,1.1902,1.0094941550334857,5.45957770584349,0.5521883964538574,12.828641891479492,1,0.23440451609094534
baseline,482,0.701099110591181,-0.6152308608830164,1.0029,0.5967973142276994,0.2701589717642833,0.25264739990234375,1.5065505504608154,1,0.29617186080380303
baseline,483,0.40008919234416074,-0.6538911611804015,1.1759,0.30704788432900215,0.44981074129686455,0.2531466484069824,3.71096134185791,1,0.2619980257162409
baseline,484,0.23822830713285081,0.08619205390352902,1.3767,0.9683742156907913,1.9239064397847783,2.0410401821136475,7.016272068023682,1,0.4462800499693539
baseline,485,-0.3382153327058792,0.3906178895874054,1.4267,0.46400575272693484,4.26392867858698,1.854806900024414,10.82439136505127,1,0.8851145457367272
baseline,486,-0.7569520582384333,-0.28375655011161244,1.4767,0.8272844660107391,5.243878798666953,0.20123577117919922,6.813198089599609,1,0.7321631534963122
baseline,487,0.6900348599807096,-0.03227231644922868,1.2095,1.6134869113326993,2.6363544063687474,0.15129923820495605,3.8090932369232178,1,0.8089838250201445
baseline,488,-0.22252196234634447,-0.14665739087709528,1.3738,1.1299012108498308,1.9195189736252682,1.4036402702331543,5.715465545654297,1,0.5325465837130136
baseline,489,0.31268253283433034,0.26780111896464687,1.2731,0.8570468427742902,0.9026244511132631,0.20251750946044922,2.318053722381592,1,0.30522065053172664
baseline,490,0.4005642254787496,-0.16420517477394503,1.3016,0.623509925917343,0.6258449740551468,0.30362939834594727,4.413793325424194,1,0.36041417300796313
baseline,491,-0.6384576695898463,-0.17979068155729994,1.1103,0.9164468962148566,2.1797510549688317,1.3052232265472412,8.622750043869019,1,0.674377756154756
baseline,492,0.2604508415722837,0.06459510182466044,1.1097,0.9263423895503083,2.670492860171255,0.9532413482666016,9.419105529785156,1,0.1934569691663607
baseline,493,-0.20999862571349048,-0.7070057224769429,1.2179,0.9160368724897366,1.2683383676153877,0.9561765193939209,2.808919668197632,1,0.28410139983911764
baseline,494,-0.33177365463388575,-0.0311597751878675,1.0145,0.8330474463231048,0.9580168367682934,0.9035220146179199,4.3214335441589355,1,0.22493590593575358
baseline,495,-0.35907382392803644,-0.15265153929670316,1.1681,0.17199564818627833,0.23403496526413597,0.20282769203186035,5.0110485553741455,1,0.28001602706372414
baseline,496,-0.5041469898286783,0.3598319076593063,1.3396,0.5068334957390009,0.6986531132324755,0.8032405376434326,2.507352352142334,1,0.5357706470603822
baseline,497,-0.6084426946715995,-0.6322535200977107,1.2022,1.147939457118619,3.525946483231463,1.2043530941009521,7.6153647899627686,1,0.45805172174161524
baseline,498,-0.007161907416714075,0.2593443061683932,1.0825,1.042101041466603,1.6126996714949084,1.5554876327514648,7.122517824172974,1,0.19398839238957258
baseline,499,0.336466246264685,-0.5570234909504601,1.2337,0.9401135994021661,1.7647698152574287,1.1615753173828125,5.717037916183472,1,0.46211547943150055
baseline,500,1.0230101789874138,-0.6482516855262773,1.0638,0.7251045845489231,0.5792678197897932,0.15245318412780762,3.7099409103393555,1,0.3441096666221473
baseline,501,-0.3542993348354344,-0.4036511300750722,1.3111,1.337414332269791,1.6050649063819848,0.2522251605987549,3.711303949356079,1,0.7837869877055973
baseline,502,-0.3339956428130534,0.30041321256228215,1.0135,1.0506265531214949,4.356233769307356,0.10290646553039551,6.21169376373291,1,0.5501268685149702
baseline,503,-0.7434442757073885,-0.07307717989276985,1.197,0.6065163722635293,4.6759100601467924,0.15128779411315918,6.71347975730896,1,0.9046899961450763
baseline,504,0.9235590325286225,-0.5516768600844242,1.2822,1.9002883997150597,2.1567969349612093,0.10099315643310547,3.7094335556030273,1,0.5446555117539073
baseline,505,-0.18456552735497378,0.4933710169743125,1.0136,1.558171256758984,2.110255279814402,0.10149049758911133,4.211313962936401,1,0.333287933136828
baseline,506,1.036447768611257,0.026671084076570928,1.3214,1.1770403601093284,1.8822128697785445,0.20203804969787598,3.708120346069336,1,0.8617892887066366
baseline,507,-0.04295164159501208,-0.3855431952181417,1.0678,1.4592119772489802,4.307418491309682,1.0031073093414307,12.529659032821655,1,0.30263601287313785
baseline,508,-0.36455741623550086,0.15583590242537837,1.2308,0.6356706885960691,0.7914163426479237,1.8965930938720703,2.709120035171509,1,0.6571282852123665
baseline,509,0.046514188616282315,0.5925353229137321,1.0251,0.719220971461525,4.17734025558856,3.0181162357330322,12.826297760009766,1,0.23106836718807955
baseline,510,-0.646862154352116,-0.5351868573181999,1.1896,1.2955039788923801,2.485802634167564,0.2513234615325928,5.411389350891113,1,0.44684353234235313
baseline,511,0.8129210266411351,0.028120111100189304,1.1058,1.4964182115498954,2.264880339743752,0.15114879608154297,3.809224843978882,1,0.8445908701173604
baseline,512,0.83179687221858,0.2501468526084567,1.1634,0.35870461130033165,0.399087302562957,0.1510448455810547,3.659935474395752,1,0.5301507398521509
baseline,513,0.2042927467731246,-0.6307093749439266,1.3806,0.9451689921252953,2.5185821024378097,0.2016894817352295,6.515331268310547,1,0.28949663658199803
baseline,514,-0.5444348613963874,0.556389253978388,1.1896,1.6798604326211892,2.953676128505719,0.25234341621398926,5.339078187942505,1,0.4915186911258401
baseline,515,0.04326980190320351,-0.17723414586288522,1.376,0.8852304689962904,2.5267616378184248,2.9200327396392822,7.62093448638916,1,0.416634665506781
baseline,516,-0.7495747041421027,-0.0388213605895642,1.416,0.980766232926279,1.7294644077652293,0.25148773193359375,3.7084107398986816,1,0.5647473278358012
baseline,517,-0.77002206328744,0.33734624595366147,1.1261,0.5646258814964986,0.5333189344487106,0.8547635078430176,1.9048874378204346,1,0.5199068112378586
baseline,518,-0.5465520074971895,-0.2892845008665623,1.041,0.7820164975324074,0.8117257760835679,1.1026885509490967,2.2104196548461914,1,0.2644751837741351
baseline,519,-0.46692531463328774,0.4631385273809042,1.0097,0.8134431478993142,4.5438677692544305,0.602074146270752,10.32305359840393,1,0.39355163985685643
baseline,520,-0.39970590904178915,-0.12299714109532234,1.2697,0.7743356990541043,2.7302197115094304,0.5018401145935059,7.114141941070557,1,0.338816017034685
baseline,521,-0.8191541711309405,-0.6534088916080839,1.5,0.6141994699924735,3.722485442391322,0.5018391609191895,8.017570495605469,1,0.4760735393805243
baseline,522,0.19470696354227957,-0.05900561396088522,1.175,1.268942573033542,4.489420572526433,1.3058748245239258,9.84428596496582,1,0.40024023303729966
baseline,523,0.7564084643096469,-0.2203029096846093,1.3251,0.4522570020314049,4.149734485668842,1.9624245166778564,10.524702310562134,1,0.9057656204580402
baseline,524,-0.46913487800892023,-0.023945086738425436,1.3906,1.4295566950047973,2.582512568068203,0.5522406101226807,6.513908386230469,1,0.4468201920146913
baseline,525,0.27179005117645416,0.12891624171411742,1.3259,0.9586506084245008,2.0409699381406186,0.10933709144592285,4.314525365829468,1,0.3083937073961583
baseline,526,0.9407085155827597,-0.010618336403803608,1.3771,0.49635792102146925,0.6030742127818306,0.2514035701751709,4.411262512207031,1,0.9298122406457547
baseline,527,0.6992439965686201,-0.3077694557092183,1.4748,0.4422624012531923,3.00669280916943,0.40175819396972656,6.412736892700195,1,0.42554537970635575
baseline,528,-0.3241753060171827,0.6083585035107152,1.0997,1.5294429850530689,2.2273549437284483,0.25137758255004883,5.611720561981201,1,0.31585731127123584
baseline,529,-0.5078663686302323,0.48534186155081416,1.0102,0.529686304656691,0.22027104564842184,0.1011497974395752,1.6034839153289795,1,0.3549663153530173
baseline,530,-0.0002789847939322909,0.10241948644590804,1.0762,0.5840355054034988,3.937606558239774,1.4553182125091553,7.024440765380859,1,0.34870352088848117
baseline,531,0.7197422072451227,-0.04884589310569898,1.0631,0.9782086280214045,1.9260650306494718,0.20275306701660156,4.222195625305176,1,0.45916135645806283
baseline,532,1.0775066523303387,0.1747220783561837,1.3347,0.20036863332973492,0.5359265834897678,0.25311827659606934,2.7084760665893555,1,0.9116374490007061
baseline,533,0.8749808169598043,-0.15562916879707478,1.282,0.6606202985740856,1.8498832269846943,3.223400354385376,5.614657402038574,1,0.4238992364146314
baseline,534,0.23643576497127428,-0.01835291920344262,1.109,0.8603736627537648,1.4674001044830005,0.20135164260864258,4.1102213859558105,1,0.217362458769892
baseline,535,-0.7156161492375155,0.262076177727658,1.3497,0.8960547700705204,2.435699703467894,0.5517251491546631,6.813093185424805,1,0.7152241012399071
baseline,536,0.7503838844738024,5.061935013805918e-05,1.3834,1.399577356778084,2.230869268543724,0.2513909339904785,5.913899183273315,1,0.4409625221597383
baseline,537,0.06085477568483855,0.38592909745418813,1.0839,0.9955196097871872,1.5781906146854034,0.15182232856750488,4.9101808071136475,1,0.25626550742074755
baseline,538,0.10652907045009441,0.39501447284873803,1.3036,0.26154862328191003,0.2525204743282405,0.10102248191833496,2.1128594875335693,1,0.23760174631274408
baseline,539,0.5382117882956075,0.39189406426090445,1.374,0.605400208154997,1.157053540912578,1.153512716293335,4.009166955947876,1,0.4214349004232374
baseline,540,-0.5916115162937101,-0.264928500486103,1.0573,1.459021197938622,3.3442978267570638,1.2066266536712646,8.322195053100586,1,0.43291064355385006
baseline,541,0.417574513235478,0.11015585171536446,1.4097,1.0857148198559408,2.373834650298574,0.15270543098449707,4.016087532043457,1,0.38019216063596695
baseline,542,0.061091165783162205,0.6022901848328225,1.4824,0.7773610552092841,3.4834943347312812,3.6778392791748047,8.318697929382324,1,0.3071877277678862
baseline,543,0.46718392803351017,-0.2963070827968456,1.054,1.2168926331902739,1.465838878982207,0.2518589496612549,3.107635498046875,1,0.7978812723097372
baseline,544,-0.5263849915172485,0.4327829937365505,1.0128,1.4510230587362989,2.2754057969057135,0.15294718742370605,3.811847686767578,1,0.4476371345852149
baseline,545,-0.31947479268335854,0.14031974442066442,1.156,0.5939980682880472,4.476951132048456,0.10101675987243652,7.114106893539429,1,0.3769123536233302
baseline,546,-0.2678742387870786,-0.4508266268661139,1.3387,0.6364793809454689,2.177003811699633,0.4520583152770996,6.01324987411499,1,0.3443920355812302
baseline,547,0.421568650833003,0.5462308205482153,1.4791,1.38622778622403,2.524524784049076,1.2034552097320557,4.211132287979126,1,0.5209060978747657
baseline,548,0.6897026343280379,0.1706892573760176,1.1983,0.6462222273490158,2.7239496320119025,0.4517941474914551,7.31418776512146,1,0.8099282802542159
baseline,549,0.45639144219736316,0.02704542696712453,1.3575,0.49847060345182365,4.225211694255503,0.4521369934082031,8.117874383926392,1,0.4025458696472992
baseline,550,0.039430093522217935,0.4449103994841487,1.038,0.8986873139460533,1.9058323315742656,4.006078481674194,7.923603773117065,1,0.22662677088445105
baseline,551,1.0630182511081268,-0.5908699047696422,1.3453,1.5178561506058146,1.778566917671424,0.15213894844055176,5.313292503356934,1,0.4901918532731782
baseline,552,0.593489967360056,0.5184371827216331,1.3136,1.1917450715026177,2.5462631953391446,2.5069780349731445,7.615093469619751,1,0.3039845124866754
baseline,553,-0.2938234672245187,0.5083982020987395,1.051,1.07477795158715,5.845746375389604,0.5546965599060059,11.726158857345581,1,0.4349616057756301
baseline,554,-0.8373110067998992,0.5799014306197118,1.3862,0.595557941876236,1.1432041549428444,0.10129690170288086,5.712265491485596,1,0.5447186093904395
baseline,555,0.7708602257502346,-0.3561898733778862,1.4251,1.7550312854308903,2.8561361770229188,0.501697301864624,5.767863035202026,1,0.7706945969181729
baseline,556,0.5217056073272972,-8.029308989310202e-05,1.3002,0.6591016411366447,2.305030368302971,1.56307053565979,8.23891305923462,1,0.4687057371512446
baseline,557,-0.8484152000983621,-0.09891281545176889,1.0605,1.5758802072710416,3.4590176825696375,3.01712965965271,11.222174644470215,1,0.7930421811811813
baseline,558,-0.2838746651215207,-0.330911140789403,1.4919,0.7060059628247157,2.671453528632808,0.40172457695007324,10.125847578048706,1,0.3445250098714793
baseline,559,0.9165378804705187,0.4280105634134833,1.3913,1.6660926212137048,2.711490377676201,0.9031224250793457,7.317414999008179,1,0.8230220750445274
baseline,560,0.8955435513127907,-0.4883563333275463,1.1736,1.1660848637954218,1.4391012470945297,0.30164527893066406,5.415668249130249,1,0.5248583698276278
baseline,561,0.701854148383777,-0.6953630535178119,1.2142,0.4044996156855575,0.3022939963014228,0.2527322769165039,2.5095415115356445,1,0.3089859485717975
baseline,562,0.8229896579860032,-0.02653362325410802,1.1853,0.7024837968250368,1.0322857265263174,0.20344090461730957,3.717741012573242,1,0.5840950378555692
baseline,563,0.31417540320723125,-0.5850820620401551,1.253,0.9834411375301364,1.4787468414256644,0.2524275779724121,3.8155746459960938,1,0.2360008646004173
baseline,564,0.45335492114327147,0.3964400622612222,1.1706,1.0881959406259754,2.481692161195909,0.2026963233947754,4.2087297439575195,1,0.2797557179082625
baseline,565,0.15257866917849183,-0.15159273821895947,1.4248,0.8363407296572436,2.2831319617305814,0.40174150466918945,5.91598105430603,1,0.44537630560437214
baseline,566,0.6608294776571699,0.08404279421479088,1.4112,0.7674360958886083,1.756148676611949,0.10131096839904785,4.210636854171753,1,0.43123363214257204
baseline,567,0.3302515450205705,0.12441657794839256,1.0528,0.7411125073977393,0.6159192311570985,0.20154809951782227,4.6093175411224365,1,0.1531017206681332
baseline,568,-0.402406865681134,-0.03901216965208354,1.4804,0.889592723363037,2.3691925655783876,0.45232629776000977,5.411071062088013,1,0.5884971588862488
baseline,569,0.09355613000734608,0.15315613261547922,1.3178,0.5542165368180688,0.8825537208175425,0.40160250663757324,4.008824586868286,1,0.48638266896394194
baseline,570,0.6008031418619415,-0.04739043425359135,1.4144,0.7158051877359256,2.0592748783825185,0.1029963493347168,4.309659481048584,1,0.4792587557110127
baseline,571,-0.36879588677145925,-0.24581384993613936,1.3537,1.1747656172095235,1.7870092870361933,0.15367436408996582,4.209825277328491,1,0.47380438573108785
baseline,572,-0.5954722386493243,-0.36265714109474584,1.2177,0.2860467877326461,2.49069617804796,0.45197176933288574,9.921599864959717,1,0.5362319778571908
baseline,573,0.08240537717814755,-0.47356174269744805,1.3669,0.6236408667403769,3.057888179368415,1.1610629558563232,7.119971752166748,1,0.25293780901706164
baseline,574,-0.46274070953503815,-0.033229208515224706,1.4827,0.773034507706819,1.5186863288116115,1.3560633659362793,5.3190016746521,1,0.6623535962302413
baseline,575,-0.4388056203601179,-0.6925448479238717,1.135,0.7962354362589555,2.6754898392445976,1.0088717937469482,8.519977331161499,1,0.3434111224839983
baseline,576,0.717724816927189,0.042994835989419444,1.4041,1.2701437338633135,2.730373655542758,23.389090538024902,8.92975640296936,1,0.682913931325863
baseline,577,0.973735871915842,-0.19750133334009856,1.2691,0.5150030268260767,1.8855487468407495,1.3556890487670898,7.215662240982056,1,0.9312579979662157
baseline,578,-0.647372304129376,-0.26866340179047504,1.2417,1.8213921789358452,2.5045483054297026,0.25186777114868164,4.310099363327026,1,0.8983617027297547
baseline,579,0.10520932223411517,0.22190354452750682,1.2178,1.1199937172103405,1.5874150999235226,0.5018084049224854,6.411621809005737,1,0.29318905717426363
baseline,580,-0.32848211642031233,-0.20085247212883384,1.3655,0.6736763014292654,2.1548435937126738,0.606353759765625,10.620652198791504,1,0.6557407819482682
baseline,581,0.9258850070670919,0.23808085349746078,1.1342,1.3821876894783947,2.6247198263161633,0.20143461227416992,4.914946556091309,1,0.5994073485587835
baseline,582,0.759752541526606,0.569253142780375,1.4259,0.37824898426136,0.8409556339330294,0.2518601417541504,4.515667676925659,1,0.4335367956665749
baseline,583,0.3883475157035128,-0.6727399858985535,1.4154,1.5190323427217916,3.5179106575131067,3.737495183944702,7.818586826324463,1,0.22713240112389657
baseline,584,0.3237225877456864,0.2003745411388418,1.0433,0.948594428545122,2.1779427046644537,0.25158047676086426,5.91392970085144,1,0.20565483909438254
baseline,585,0.031260760749884264,-0.23592114810050058,1.4408,0.6642273769145504,1.159926492451351,0.15142178535461426,3.4079606533050537,1,0.37734603094026253
baseline,586,0.6158348907562847,-0.645435468931307,1.1219,1.0044203576321589,4.856993221465556,0.5519402027130127,11.125982999801636,1,0.342214122805643
baseline,587,0.9935003604287094,0.17561881659728396,1.2324,1.047842043642408,1.3281371954784151,0.1018381118774414,5.312126159667969,1,0.6816802070613641
baseline,588,0.30363568817532327,-0.7290797531458806,1.3052,1.361227365583945,1.7301541639190092,0.1512451171875,3.310368776321411,1,0.2166028465450037
baseline,589,0.34112061425943163,0.4574618674227583,1.1895,1.438379908553098,2.222917609216368,0.10132074356079102,5.417328596115112,1,0.27293681527517316
baseline,590,0.9156624550405383,-0.6517061578551653,1.0143,1.548434359293212,1.952411001205483,0.3034861087799072,5.520415306091309,1,0.26008460580659304
baseline,591,-0.8497974975313481,-0.16312492658462396,1.4255,1.7848406691268055,3.235460704233176,23.18266010284424,7.659761667251587,1,0.7146457290101845
baseline,592,0.27101017550787976,-0.6829025146475063,1.0909,1.192619527191632,3.7953986696479656,1.4181606769561768,9.026139736175537,1,0.24478418989181713
baseline,593,-0.19284230601179142,0.25888437189294156,1.1061,0.9629760476820516,2.0581226012608593,0.5019500255584717,6.8137524127960205,1,0.26549467990745346
baseline,594,0.4995207824584045,-0.15227469966593643,1.3989,0.8966695816008023,2.2886219692553906,0.15121841430664062,5.212386608123779,1,0.49100057224907157
baseline,595,-0.26588664542158247,0.34106560973117006,1.1702,1.1657022039582765,2.4465196886790865,0.6523261070251465,5.31210470199585,1,0.3035529555521629
baseline,596,0.7570411446105278,0.4352906519466039,1.4402,1.0694653357592376,3.091750708551875,0.5095624923706055,7.218292713165283,1,0.663136445241789
baseline,597,-0.2410059660875028,0.05694107782031255,1.3506,1.035193702215669,3.1737237537447993,1.3050854206085205,10.026208877563477,1,0.39890036334946194
baseline,598,0.5254711797600604,0.20286849540819618,1.1381,1.000075274129417,3.1396802181856165,1.206465721130371,8.020066499710083,1,0.374063135772949
baseline,599,-0.0196908511679047,-0.5470756460314574,1.0051,1.219760126751395,2.1075237823641393,0.20186328887939453,3.910194158554077,1,0.30550753763346145
baseline,600,-0.5668607810033723,-0.7080347778894983,1.474,0.5578785490879321,0.7941958780566593,0.10155463218688965,5.011339902877808,1,0.4298827418453404
baseline,601,-0.19792254183587987,-0.6444678647233275,1.0428,0.8491395582979885,2.17290052650534,0.20276832580566406,6.51274037361145,1,0.18697733745998926
baseline,602,0.4690531079547886,0.08934068874799661,1.36,1.1388702646837054,5.142484159987908,0.6547338962554932,12.223636865615845,1,0.5656064037754637
baseline,603,1.085287284920383,-0.11920177247653807,1.2443,0.5358783971977584,3.1093720655596497,1.0028572082519531,11.326823711395264,1,0.9508080480206198
baseline,604,0.08943878472492639,-0.7051645468993544,1.3791,1.3179099750393193,1.786050931166953,0.705636739730835,6.02083683013916,1,0.3191680559465439
baseline,605,-0.11150229486214391,-0.6894194787220714,1.3453,0.4012149657211256,0.4289817167849303,0.15225696563720703,4.411806583404541,1,0.40340323283967017
baseline,606,-0.5558305759299493,-0.7109142196450725,1.323,0.6092566679027716,0.43182378772280255,0.10121464729309082,1.910693645477295,1,0.4300177396399326
baseline,607,-0.29971686195019875,0.4937142934646447,1.2454,1.2033357491544512,1.9646495185433626,0.4019200801849365,7.0171959400177,1,0.3007609044442615
baseline,608,-0.2507179661580867,0.477666645752128,1.3965,0.18246933621143374,0.18879196858621708,0.10174894332885742,1.8043241500854492,1,0.2846562466923848
baseline,609,1.0773140894831401,-0.34673092843704334,1.0465,1.7405038211453168,3.8145714790183565,1.6040070056915283,7.515257358551025,1,0.7991653521787576
baseline,610,-0.10891540481141992,-0.27530811875430916,1.1108,1.3763587676636289,1.792809576456102,0.15118765830993652,7.015306234359741,1,0.5872346877200778
baseline,611,0.22445616397957813,0.0013024122513455305,1.3459,0.658129123369922,1.4136148293218953,1.059129238128662,6.52485728263855,1,0.4357450565506803
baseline,612,-4.524368077551966e-05,-0.32759411539104755,1.1531,0.5189079185896978,2.411871329344344,1.2043931484222412,10.02936840057373,1,0.533364289359607
baseline,613,-0.7587424920815327,-0.27247647708110384,1.2908,0.9044491003065618,1.0496471440935997,0.20116519927978516,3.7114908695220947,1,0.9018431624442375
baseline,614,0.232378893627587,-0.26584134837208256,1.2366,1.1939296087452147,1.8966347565324086,1.1553683280944824,6.814776182174683,1,0.3240634924538988
baseline,615,0.007094710918766123,0.11744595763254173,1.2655,0.614919103839005,0.5370980865998124,0.10118484497070312,2.1056971549987793,1,0.33532071409701153
baseline,616,1.0968075067992018,0.4665524831926259,1.2128,1.0069705699218878,2.7436495438601933,0.652435302734375,9.722009897232056,1,0.6248058160686187
baseline,617,0.3571490710123255,-0.46639716385197666,1.373,1.0948814083660923,1.9897178413555157,0.6525528430938721,7.8163228034973145,1,0.25298450413997176
baseline,618,0.06953224629889043,0.0031157783578292797,1.1654,0.7592729314151299,2.5517694184541115,0.3017542362213135,7.91850471496582,1,0.3674501852923173
baseline,619,0.9295390388776137,0.2492248055164148,1.3514,1.1258315733072495,1.7613269945836472,1.6581335067749023,5.2214038372039795,1,0.5403220038852512
baseline,620,-0.6140470545418966,0.34316045733369205,1.1355,1.751388497255856,7.235319645309135,5.347190856933594,11.623585224151611,1,0.8641453129621844
baseline,621,-0.32642867972581047,0.4621224583189917,1.1257,0.5718692402388795,0.3331258154881981,0.10118985176086426,4.110080003738403,1,0.558259453921217
baseline,622,0.04402304923960998,0.6048766575955294,1.0603,0.6685772532539168,0.6868802924425687,0.15116262435913086,3.308234930038452,1,0.25836222111095763
baseline,623,0.2938658768642759,-0.227296706518467,1.0963,0.9911693102232466,2.5074224132095155,1.253283977508545,7.01413893699646,1,0.36106861087204467
baseline,624,0.6368840153105959,-0.21189334362515966,1.0598,0.2859295193567817,1.288226821273086,0.30172061920166016,6.820465803146362,1,0.764854668254126
baseline,625,0.2711670359400662,0.4463029980881349,1.2679,0.8865024618419812,2.0967464376710936,0.30344223976135254,6.821946144104004,1,0.35910745554849133
baseline,626,0.7671425036146926,0.30746118985558224,1.3811,0.60239628046728,0.794452034986515,0.30222368240356445,3.4137110710144043,1,0.8938126394261278
baseline,627,-0.4756595102227057,-0.5928709750345802,1.0926,1.7911661358669053,2.266898809854867,0.5030255317687988,5.61377739906311,1,0.4125464045824631
baseline,628,0.8056922690383939,0.4841059419385002,1.1082,1.5856704033134306,2.1119987220835106,0.10091519355773926,3.908984899520874,1,0.5498712576288259
baseline,629,0.015568367742194722,-0.0416657601081849,1.2421,0.9023869807226992,1.9191033685060848,0.8541550636291504,8.116053104400635,1,0.3045862468245097
baseline,630,-0.8351119008402077,-0.08781707453131926,1.3623,0.7010946696824043,0.8260108236022946,0.2516160011291504,2.706646203994751,1,0.925822228224838
baseline,631,0.499599279306548,-0.5582861321932405,1.4883,1.5147865512521956,2.0292704125785512,0.7621676921844482,4.511786222457886,1,0.5751313203797476
baseline,632,0.7213945456207789,-0.35998393530240413,1.2623,0.506767390952586,2.1325947947040422,0.5527195930480957,9.5202317237854,1,0.5113035440895043
baseline,633,-0.8554329689051047,0.6280058557070382,1.1415,1.7609072310044582,2.539513516677207,0.7042243480682373,3.91628098487854,1,0.579274241085815
baseline,634,-0.28906435644184514,-0.7233308084854596,1.0503,1.6746554869914092,3.069445437649714,0.2547891139984131,5.416438817977905,1,0.20010381565117033
baseline,635,0.5946236935318749,-0.5467237052486478,1.0971,0.985464439460726,1.1446207991259476,0.15198349952697754,6.212997674942017,1,0.43514544670283933
baseline,636,0.4322273020580487,0.30964329166113547,1.1137,0.891607481379287,3.6498828307442737,0.5026741027832031,9.519532918930054,1,0.27875141588836305
baseline,637,-0.6973854569120961,-0.07299938951725227,1.0897,1.3208442149751944,2.752475572323501,0.9528872966766357,7.815699815750122,1,0.827608596387163
baseline,638,-0.06611493855300599,-0.652302474151308,1.0071,1.0456479470994156,1.0511632444261152,0.2013111114501953,3.707890033721924,1,0.2454326315674681
baseline,639,0.7289221862382782,0.559123347675183,1.2671,1.3520925423934629,1.6807265283081354,0.10105299949645996,3.708386182785034,1,0.5799651226824588
baseline,640,0.16274681988542894,-0.33139675849137723,1.1372,1.0622657849369928,2.144950014651288,0.5018312931060791,6.013808012008667,1,0.23471990400493065
baseline,641,0.7017298091806639,0.2285368197644434,1.4871,0.9277822035908624,2.987544135417703,0.15153908729553223,5.211526393890381,1,0.6786660724122564
baseline,642,-0.0745051538221132,-0.3372708611781259,1.2767,1.1770455630315224,2.656653700181479,0.15178799629211426,4.715943098068237,1,0.22745165739289536
baseline,643,0.7195027972144252,0.5337593456901674,1.3487,1.3551761121142136,3.479338194262134,1.408794641494751,11.32872462272644,1,0.5750429178593749
baseline,644,-0.2357955201266979,-0.08837558076363028,1.0631,1.2293114323394443,2.8310226544540216,0.25215768814086914,6.216113090515137,1,0.37672964177177226
baseline,645,1.0673405702764713,0.08619951396360237,1.4342,1.5203225672790592,3.8301368774715208,0.752457857131958,8.223221063613892,1,0.9701404592592386
baseline,646,-0.6293712152816018,0.4780175762846578,1.2454,1.8575664511648238,2.888479742794883,0.40165281295776367,6.813859701156616,1,0.4362835969501682
baseline,647,0.288184010714875,0.11545302747263908,1.4364,0.8283947310856399,2.243852315391726,0.5018672943115234,11.924461126327515,1,0.48626202764740317
baseline,648,-0.39349140961462037,0.2379709170640545,1.287,0.9466676046974435,3.323918308596507,0.5023148059844971,8.219300746917725,1,0.3507475216699958
baseline,649,0.22205691740243627,-0.02828656796502782,1.2347,0.9520047822865135,2.364153231808054,0.703873872756958,7.420187711715698,1,0.45949255358672536
baseline,650,-0.3350666079546122,-0.060540489048141355,1.2202,0.8309460077048544,1.8339004309352085,0.8039579391479492,4.612884998321533,1,0.2548132628569866
baseline,651,0.37478335523942197,-0.6683477841533301,1.0922,1.1152323899912626,4.196418142170951,0.9038174152374268,11.122292518615723,1,0.29515789034796747
baseline,652,-0.8727330384651101,-0.040708562688046235,1.0257,1.3379722402971457,1.344938775593844,0.20372319221496582,3.1146762371063232,1,0.4252799271608879
baseline,653,0.5282273981372294,-0.6568644598915563,1.4705,1.4293457258437547,1.7221787299769282,0.15132856369018555,4.110056161880493,1,0.44078184039445323
baseline,654,-0.38379509124182976,0.2750021731529463,1.2389,1.3194242263718763,2.2818514804392898,0.6531915664672852,10.630760192871094,1,0.3646295974800298
baseline,655,-0.159016372937552,-0.37147962450766187,1.4111,0.8419753470991774,1.0289716692460522,0.30332016944885254,2.715963840484619,1,0.31662565080059407
baseline,656,0.6906641590600464,0.48243232696994964,1.2004,1.4542044691272942,2.6199023545759728,2.72593092918396,4.3169355392456055,1,0.6007204429100244
baseline,657,-0.12515561704495182,0.5816437442574088,1.037,0.9465526758684905,5.1373538984621465,1.1531236171722412,12.526414394378662,1,0.29446451208824603
baseline,658,0.10573942818563264,-0.21037054130394084,1.3147,0.9052980442614298,2.64598401836695,0.5022115707397461,9.118803024291992,1,0.35809521270774547
baseline,659,-0.8643519995530874,-0.5136064560613489,1.0268,0.9369990250303012,2.5304801708846605,0.5531129837036133,9.52066683769226,1,0.3809283731520893
baseline,660,1.0417061551650382,0.302665923804576,1.0746,1.991254565997492,2.1071407997315066,0.15134453773498535,3.8094656467437744,1,0.4509451039829957
baseline,661,-0.2822605224766237,-0.5982285968273232,1.2814,1.458282956784667,1.9436513845186618,0.10129737854003906,3.907573699951172,1,0.5435283916210455
baseline,662,-0.7774953234364869,-0.24829065985205573,1.1519,0.7762094559262115,0.5717245985137668,0.10126805305480957,1.7044785022735596,1,0.6806150257415967
baseline,663,-0.015330852408945383,-0.11412074251113002,1.497,0.6719891131270375,2.6039737159902994,1.0078341960906982,8.13388729095459,1,0.5443420681088308
baseline,664,-0.14003012663341596,-0.6710642022624129,1.0592,0.8350734476628875,5.173092050578993,2.533207416534424,12.126464605331421,1,0.32956239742386895
baseline,665,0.756560535670151,0.4253781535387363,1.3822,1.3020433255480355,2.270885014923921,0.15100550651550293,6.314480304718018,1,0.6401109637439607
baseline,666,0.06306253585102972,0.4663353579041206,1.3032,0.9123511183213443,1.7129119753661137,0.20147442817687988,6.111721992492676,1,0.3022889707517607
baseline,667,0.3315647063048961,-0.33725576981630173,1.3954,1.0842474130914739,1.9658110617894824,0.3516089916229248,5.712050676345825,1,0.35852710894144996
baseline,668,0.5909001620182794,-0.30932802966915707,1.1128,0.5122963660256318,0.44759766376333837,1.0026886463165283,3.009147882461548,1,0.5241757687803386
baseline,669,0.5405760426661483,-0.469278212295571,1.2613,0.1580458690747928,2.0960260267435644,0.5020253658294678,9.219982147216797,1,0.4787730210499008
baseline,670,-0.14404817226730493,-0.6631816578415994,1.2253,0.7679973730221021,0.8305501330926095,0.10112762451171875,3.709481716156006,1,0.25939646501370284
baseline,671,-0.3426313147251605,0.40494983016977526,1.2214,1.3255773877362607,3.341613437777055,0.10121583938598633,5.116297245025635,1,0.45399393144178707
baseline,672,-0.20438112630365834,-0.7164438351192162,1.4301,1.284735528553869,4.8772118535812865,0.3051424026489258,7.725062131881714,1,0.2888076338219328
baseline,673,0.1038576063748392,-0.18750588727180983,1.495,0.8096103902696216,3.108543471127415,2.616095542907715,8.825222253799438,1,0.5289843503618417
baseline,674,-0.8533309865246298,-0.10533325091088563,1.1527,1.2425566662102696,1.8014968859783136,0.5023488998413086,3.7095706462860107,1,0.35400751744178793
baseline,675,0.46988877410364527,-0.31449905922220245,1.3105,1.474004570093903,2.6598663814869727,1.1585273742675781,8.418690204620361,1,0.571768607698854
baseline,676,0.16020876645050341,0.5980429931856396,1.3048,0.959068835201059,1.6173567769742994,0.20129871368408203,4.911554574966431,1,0.5440614484211059
baseline,677,0.6534535757025641,0.3660317083393486,1.37,0.636876635814528,0.6399093063846389,0.10124707221984863,3.709719657897949,1,0.6852104503561631
baseline,678,-0.8382112158073415,-0.3399939687875041,1.4738,1.5657347690002366,3.082345940436048,0.25188326835632324,6.715118646621704,1,0.7002229434455367
baseline,679,-0.18307453434045307,-0.23223020879870215,1.1039,0.9789313191295212,2.22128715512194,0.6531741619110107,6.817419052124023,1,0.1347931121264341
baseline,680,0.40828122592637817,0.5955431658036748,1.1055,1.1169699324328268,1.9980911385900308,1.7215466499328613,6.625184774398804,1,0.46347702606567676
baseline,681,0.9079471184655314,0.33311461987231217,1.3302,0.5829877969874688,1.2904420136763364,0.2028653621673584,5.417921543121338,1,0.6468480730742431
baseline,682,-0.08415350936417543,-0.3267937885831933,1.0785,1.2635603854214228,3.64515804299763,2.573941946029663,9.720598936080933,1,0.1436722476577412
baseline,683,-0.3842315954735552,-0.07787810621818292,1.0869,0.4718328785350805,1.222370727553036,0.4520564079284668,6.81551456451416,1,0.6776204851313602
baseline,684,-0.7583523011957277,0.5730031865577921,1.0375,0.8368434973137068,3.925639215850476,0.10097575187683105,6.112969160079956,1,0.39056539503454385
baseline,685,1.0918119009002851,0.005118725267561297,1.0013,1.9134310115821103,1.982936455329964,0.20140480995178223,3.308619260787964,1,0.4645702553310826
baseline,686,-0.14822075694596204,-0.4333261377587037,1.2253,1.1922260368023954,1.954544351191425,0.1512002944946289,5.512696266174316,1,0.6484776214280306
baseline,687,0.36062383758380534,0.3305362297967972,1.2969,1.1414515011804534,3.2798492222654545,0.6523785591125488,7.014153242111206,1,0.4212131736800464
baseline,688,0.7346473120081394,0.13080176764296303,1.1456,0.7828125988427314,2.874259363531581,1.2029120922088623,8.528135538101196,1,0.3346402121722916
baseline,689,-0.35786833114070526,-0.26870590552895474,1.1157,1.2919752054181808,2.089016302105127,3.0239734649658203,3.9165477752685547,1,0.6036078813503906
baseline,690,0.05851674748903035,0.4800539227821242,1.3535,0.9199586118102443,1.2282264924132436,0.2026984691619873,2.7129085063934326,1,0.3267478143191413
baseline,691,-0.5810453662390808,-0.7322256542793862,1.3515,1.5275450957054426,5.432240229533706,2.414666175842285,10.219937324523926,1,0.37160175934820494
baseline,692,-0.6068672455116899,0.5732014823320027,1.227,1.222884134210266,3.9487452574240103,0.20125651359558105,6.615209102630615,1,0.5429311171389715
baseline,693,0.11919627802863031,0.19079833717803818,1.3437,1.0330806338584537,4.294574630208727,1.1192069053649902,9.621199607849121,1,0.5124905376594703
baseline,694,0.7264056029320753,-0.11142046806674344,1.462,0.5284683663586064,5.0449107490069975,0.25134706497192383,6.815930604934692,1,0.9499555490636288
baseline,695,-0.7859903136815638,-0.5152598025271058,1.3939,1.6790176081869068,4.153316862149449,0.9024975299835205,9.62255048751831,1,0.5734549794251743
baseline,696,-0.7739415651965167,0.4161746384072059,1.3125,0.9133019152768161,3.907023936355018,0.15320706367492676,6.518110752105713,1,0.6015804893403702
baseline,697,0.8192017148186501,-0.4105234229443796,1.3306,1.7458923299898816,2.7121737584587398,0.4534733295440674,5.212575197219849,1,0.8714695677720066
baseline,698,1.0127338841371516,0.6238817099092168,1.4668,1.0994259481361195,1.4085072258012,0.3036823272705078,5.6122214794158936,1,0.5282233701294802
baseline,699,0.25582784310199935,-0.3863895899160518,1.2126,1.2475778501840493,3.19587170070818,0.15160703659057617,7.2146155834198,1,0.27520257876002546
baseline,700,-0.7281523440624563,0.11209964558409624,1.2723,1.2575004641870018,3.1601913659319534,0.7554264068603516,10.019834518432617,1,0.8687659156355596
baseline,701,0.6979235204835756,0.5044529426531971,1.3238,1.548954774955999,2.11334126145561,1.4543852806091309,3.4087703227996826,1,0.6652733462369329
baseline,702,0.16053300394595738,0.5998210655803261,1.4542,0.6443417121979825,0.651814921751551,0.10157036781311035,1.9070568084716797,1,0.2763386826944878
baseline,703,0.07221601101951647,0.2439870349611335,1.4133,0.5831186107458618,0.5439997142477399,0.10208344459533691,2.9073266983032227,1,0.4294327639480294
baseline,704,0.4482021494703994,-0.5194505520070305,1.0357,1.1730119745028058,3.968804121984435,0.6520445346832275,9.13202977180481,1,0.2278064590830781
baseline,705,0.11581120711023685,-0.7263703175496284,1.083,0.45539497754897645,0.5522721382901316,1.0670115947723389,5.218479633331299,1,0.2883510743100726
baseline,706,0.9627166436317918,-0.42879810482464153,1.1538,0.8926818590631835,1.2194483474763047,0.9546561241149902,3.716263771057129,1,0.7074888902566058
baseline,707,-0.23545008049477467,0.42220983111243904,1.3745,1.6637888442618758,2.693534919596326,0.5542025566101074,5.61458683013916,1,0.5655716499764565
baseline,708,-0.02331259440488853,-0.7029207447514066,1.2846,1.2338008923614159,3.0095077767354,0.2517218589782715,6.512596368789673,1,0.39532416977368673
baseline,709,-0.6381278000284636,-0.34607209393880634,1.1443,0.8480262054896517,0.6599709068573213,0.051003217697143555,4.311755418777466,1,0.6485482489127259
baseline,710,1.0956314405683147,-0.6812918751800238,1.0622,1.751263572878843,1.6614008638189972,0.15141963958740234,2.7092220783233643,1,0.2511323968648748
baseline,711,-0.09514787489317056,0.2933600733788092,1.3443,1.4103845705449003,2.4259739352104823,0.15149927139282227,5.211532115936279,1,0.7030255031160784
baseline,712,0.2708569655279518,-0.2523155271211091,1.3499,0.6829205934790648,2.945651899239682,1.8072590827941895,7.8155436515808105,1,0.3107702501911351
baseline,713,0.24499472514803222,-0.25031319386482426,1.4713,0.17481434859631717,0.15862939245993735,0.10151076316833496,1.2037665843963623,1,0.3707689087832441
baseline,714,-0.49326278155357534,0.5186605050920506,1.2502,1.0417944739790312,4.753394612429965,1.2032890319824219,9.03109884262085,1,0.5887592692200585
baseline,715,-0.4352697841673163,-0.6895102303905329,1.2469,1.290484210811561,3.442694048453576,0.30462050437927246,5.822161436080933,1,0.4009811869854457
baseline,716,0.8449388426308926,-0.35487420577556533,1.0402,1.354873236647219,1.2367157513164595,0.2022695541381836,2.7070627212524414,1,0.46007882689016466
baseline,717,-0.007630675878305571,0.054042058835830686,1.0199,0.900676894106116,2.33052569056935,2.482304811477661,8.916543960571289,1,0.24010782294258445
baseline,718,-0.31309279724180683,-0.2579087619411845,1.216,0.45151921878702933,1.1990387674362994,0.40335512161254883,6.312976598739624,1,0.716945547846815
baseline,719,0.8960504068781925,-0.1666784563026511,1.1612,1.4368064251752275,2.103197063210915,0.20120000839233398,3.510411024093628,1,0.7155842958935095
baseline,720,0.1131239869535745,-0.4617695301552918,1.1252,1.0965415458110328,1.2809391251390643,0.10100889205932617,2.7091591358184814,1,0.30257620696753035
baseline,721,-0.21583876644882194,0.431811497025791,1.0457,1.2239218327153196,3.1556473670822713,0.2013554573059082,5.313750267028809,1,0.3127265565941585
baseline,722,-0.736226951441398,0.5496379311712704,1.481,0.6868291880683164,0.7377002849101789,0.15157389640808105,3.107635974884033,1,0.5331592719067275
baseline,723,0.7341613475576942,0.4054248249490492,1.418,1.4279453071332668,1.480497698107599,0.1014866828918457,3.3100545406341553,1,0.6633601570907244
baseline,724,0.6553654210184392,0.15649004375382158,1.2876,0.5136445726909107,0.9515409233472507,0.15131449699401855,6.217935562133789,1,0.7662744024300551
baseline,725,0.19548540352276933,-0.3548828861676149,1.4754,0.8865267387684017,1.7102515489989045,5.268713712692261,6.6255269050598145,1,0.4543198915774007
baseline,726,-0.6195679999771684,0.30886123520879283,1.4998,1.0946473491101234,4.222349943039705,0.9068193435668945,9.921902656555176,1,0.3530803460356487
baseline,727,0.16261517891163635,-0.667932306918664,1.3361,1.50706280571339,3.139843305489676,0.60514235496521,11.424929857254028,1,0.4084435214517206
baseline,728,-0.2700781376808913,-0.3253829881615924,1.1348,0.7185410187453743,4.051580689975535,0.551802396774292,10.121887922286987,1,0.22278501421596572
baseline,729,0.5725613818824087,0.5854457167242183,1.0201,1.3834009036733999,2.4501562254545055,0.7020699977874756,8.917513370513916,1,0.409065437179279
baseline,730,0.5974385200321732,0.422736470870381,1.3781,0.09928466348285547,0.5034355761700218,0.2519500255584717,3.9344348907470703,1,0.5730182456879119
baseline,731,-0.2282650443663523,0.23614171167735676,1.2353,1.1017612150436835,1.82452162987988,2.6318752765655518,5.422727823257446,1,0.5000464046658892
baseline,732,-0.13779492183130937,0.4962658303333324,1.3258,0.43393439754940116,0.5919884972626394,1.205808401107788,3.2097291946411133,1,0.5580838658960052
baseline,733,0.6219200506898841,-0.2027497937876348,1.458,1.2425055837967838,3.149158847818315,0.807741641998291,6.614620923995972,1,0.42644917494736545
baseline,734,-0.7175005720594603,0.005138821808710725,1.0907,1.6169663724733074,2.827666095186695,0.7542662620544434,8.015912532806396,1,0.46598351805494903
baseline,735,0.6742120639374543,0.05910380042638941,1.2927,1.250849396367091,4.705142231094915,0.9028754234313965,9.819721460342407,1,0.6894797379608765
baseline,736,-0.34712359536506443,0.08353503015795838,1.3174,1.1654270569752483,2.4964488460600176,0.15141630172729492,4.609733819961548,1,0.39452108167701444
baseline,737,0.6313484699584673,-0.602143065372664,1.2459,1.3955935415752583,2.925320369073598,0.5526139736175537,9.119299173355103,1,0.39037123186322215
baseline,738,-0.14108551343279763,0.5388387611707296,1.0456,1.3371701172117674,2.4386101407785663,0.20143556594848633,4.01517653465271,1,0.3688650947492796
baseline,739,0.5427953920267652,-0.10860201840077433,1.174,1.1738289969027689,1.6193281961115686,0.7019226551055908,5.212164640426636,1,0.3659388603914484
baseline,740,0.5718404642018282,0.4409633018038125,1.1667,0.6496552748047305,2.365379469892052,1.3610031604766846,7.825372695922852,1,0.5596083152607859
baseline,741,-0.48603312494023276,-0.26850015761552404,1.3351,1.4735838930624263,3.122615122777184,0.3551025390625,4.812347412109375,1,0.42584616405279735
baseline,742,0.8246567774683911,0.22040738982501695,1.4289,1.4338637775122731,2.956331428498306,1.2543854713439941,10.623265504837036,1,0.8317063059057965
baseline,743,1.0041337022090848,-0.06114047353963514,1.1649,0.4804384342438106,5.232343203019739,2.004692554473877,10.924620389938354,1,0.8658171846760888
baseline,744,0.6852596027814168,0.2661259626718627,1.3468,0.5511964948415294,1.0081393494821773,1.554527997970581,5.010972023010254,1,0.430419182893181
baseline,745,0.7898927035370973,-0.7273116907341028,1.1441,1.1278217786823292,1.6412526579206559,0.3020448684692383,4.309885025024414,1,0.38598132957247633
baseline,746,-0.005555247610260716,-0.42014654153556086,1.4726,0.9911705875974329,1.2124719440423297,0.15131568908691406,3.008686065673828,1,0.4031558255477712
baseline,747,0.21002488646629347,0.5857064682019449,1.4068,1.092317420225938,2.8568302300449555,0.10132980346679688,6.013521432876587,1,0.28288584665644245
baseline,748,0.5509757235932942,0.4422680073589721,1.275,0.5680843014510961,4.106660277679274,0.9539699554443359,7.423457145690918,1,0.24472026675025454
baseline,749,0.22246542407415681,-0.1981352409457905,1.2274,0.9093594136707492,1.2416094356276683,0.2523994445800781,4.729060649871826,1,0.2197273212210539
baseline,750,-0.5612845013878042,-0.3173514814466976,1.1573,0.6586775140823556,1.711656716828427,0.9054126739501953,6.515912055969238,1,0.7796407759939382
baseline,751,0.4602973345220358,0.3516402397409456,1.1616,1.445219051687165,2.930023222001259,0.10115599632263184,4.609931945800781,1,0.43298904492182444
baseline,752,0.26020053859090986,0.40130893770708453,1.4851,0.34575567849537014,3.0061461443774453,0.5518958568572998,6.714208602905273,1,0.2781137668612482
baseline,753,0.46290747957452694,-0.6717776120094923,1.2021,1.3120903339254684,2.573921857937393,0.5019152164459229,6.412899732589722,1,0.48748285349001164
baseline,754,-0.2649687797471162,-0.258035016256462,1.2573,1.0439018399866893,2.1459452682837417,0.40186214447021484,7.115555047988892,1,0.3248209045158668
baseline,755,0.5792095182699357,-0.18717937222150305,1.4941,1.0200717515980653,1.4856965436148877,0.10142970085144043,3.3084723949432373,1,0.5003430238752239
baseline,756,-0.3066270006572567,-0.1483783074306131,1.3288,1.1100755365752868,1.6571290566595684,0.10150933265686035,3.5605857372283936,1,0.3576029879286419
baseline,757,-0.7608472295172096,-0.22923248140439412,1.2713,0.3401582443205771,0.3904593889423774,2.1628763675689697,2.8113675117492676,1,0.8032956445150817
baseline,758,0.4578716726584042,0.12575567909811725,1.2066,1.381286160471843,2.5268189514295987,1.6739773750305176,8.226326942443848,1,0.508529135572452
baseline,759,0.6153626803560968,-0.6037136387619593,1.0938,0.9488557898187248,1.2881408374257186,0.30168628692626953,4.210551023483276,1,0.3019119641578362
baseline,760,-0.016738485507689083,0.6040266500545625,1.1809,1.252047860193886,2.4258032332251065,0.20130109786987305,5.913326740264893,1,0.3644142574107804
baseline,761,-0.5174992002517989,0.5907095733929885,1.3782,0.4356883297720247,0.5217997636858316,0.10100769996643066,3.707716464996338,1,0.5314025300932457
baseline,762,0.5894880399421893,0.2250577841097099,1.3127,1.1297138295677416,4.870922135682256,0.35332465171813965,12.123013019561768,1,0.470480705789241
baseline,763,-0.08493226570821055,-0.37988441442002957,1.38,1.0511395779983155,3.7957641562522793,0.5520961284637451,9.942057371139526,1,0.28027396063089904
baseline,764,-0.3407660954740023,-0.3480276724311783,1.1018,0.6605949468285921,0.8869379216417507,0.8567297458648682,4.011171340942383,1,0.35578178913137265
baseline,765,0.32340893150868144,-0.6372302122527363,1.2746,0.7538572633074087,1.2045747608408415,0.20199227333068848,3.4073827266693115,1,0.36748613948529907
baseline,766,-0.2837696536108647,-0.6164999611226787,1.4638,0.7532605272659055,0.8805881084293224,0.1513981819152832,3.708670139312744,1,0.3871135255566989
baseline,767,0.4123365534752399,-0.3755896137237382,1.2191,0.9087662965566006,2.6126098157395856,0.452040433883667,6.4135215282440186,1,0.33595338430452876
baseline,768,-0.3757299834402349,0.18586011978420036,1.3491,1.0941060974626051,1.756909230823211,0.10159158706665039,3.7103071212768555,1,0.4584780191204097
baseline,769,-0.2528175446685492,-0.3705137473281736,1.0607,0.8399013049620241,6.545930554102128,2.0590734481811523,10.01897120475769,1,0.3111921401779523
baseline,770,1.00342625072617,-0.5974854247492369,1.4866,1.2952478730071504,1.511381723920877,0.15144801139831543,4.30953049659729,1,0.5008822587721882
baseline,771,0.5868128225595588,0.47023351531610824,1.3044,1.1746042697084718,1.689979414219272,1.2048418521881104,8.725962400436401,1,0.26589189593588175
baseline,772,0.5166586761354328,0.19147373060414052,1.1196,0.6851687663849321,3.2056952102322653,0.606257438659668,8.321500778198242,1,0.2521331291918879
baseline,773,0.28235944458604956,-0.39523848516721755,1.0792,0.7532179848074867,1.3899379733637776,0.9562678337097168,7.315405368804932,1,0.48874725222027243
baseline,774,-0.0821120004326944,0.4108874075569223,1.2754,1.0385376228382033,3.6127520251376137,0.2032003402709961,6.312978744506836,1,0.6126255185162768
baseline,775,1.063427783697986,-0.6029988794005848,1.2761,1.4967718822528735,2.597242110889429,0.25130558013916016,6.212687969207764,1,0.5981914294807735
baseline,776,-0.6894162925921903,0.28528009645514196,1.0466,2.208735804479036,3.0458242047966864,0.20297503471374512,6.112507343292236,1,0.5035470981613757
baseline,777,-0.3602335252479161,-0.1461298396849181,1.4961,0.4696493816395966,4.190367334993196,0.452150821685791,8.317810297012329,1,0.47622477892226656
baseline,778,0.2952978071586698,0.09966277503525889,1.4565,0.9274472023359102,1.4725612804119865,0.7523152828216553,5.310873031616211,1,0.5094354225802017
baseline,779,0.5422524977354473,-0.6174280977801392,1.2307,1.0006245650490042,2.1935444715740635,1.161146640777588,7.6191041469573975,1,0.3249726849970027
baseline,780,0.5911492847400546,-0.7241136087884116,1.0587,0.5036476130637548,0.3531091123187649,0.20250391960144043,4.115386009216309,1,0.2564877420753861
baseline,781,-0.3362618578307204,-0.40285287563543604,1.4161,0.9521973087452472,0.9855020605926551,0.15351390838623047,3.2585036754608154,1,0.6633080317725091
baseline,782,0.5792777470261792,0.09064938976175774,1.2492,1.0658426585161556,2.190745024152635,0.5025708675384521,4.209976434707642,1,0.40968027500426285
baseline,783,1.0128545875703923,0.4090877797003162,1.3583,0.3259389013989355,0.4735701631801929,0.10182452201843262,3.70965576171875,1,0.653854715419027
baseline,784,0.9756322271191329,0.004804949440220696,1.2544,0.5689142384935573,0.6807960940947281,0.20145559310913086,5.210608720779419,1,0.7986231711796936
baseline,785,0.599391120449855,0.27089849846843095,1.1367,0.7513964696000045,1.4567380266276884,0.20134496688842773,4.809969186782837,1,0.3622204705865299
baseline,786,-0.1374541560314867,0.522133320028653,1.4174,0.8289185126102065,1.3898662491334084,0.15110182762145996,3.8089725971221924,1,0.361245562991922
baseline,787,-0.3401323344944924,-0.23675118403462048,1.4901,0.8216536453789585,4.522846997733612,0.151106595993042,8.918304443359375,1,0.4891279737816319
baseline,788,0.6876010870231237,-0.1187293887050418,1.1219,1.2293761353760502,2.4039822872408125,0.1511533260345459,4.0081400871276855,1,0.4387542266779071
baseline,789,0.5252233656218699,-0.1554757674916145,1.2756,0.4135423179960055,2.270215212983658,2.155827045440674,9.520004510879517,1,0.6142383880817803
baseline,790,0.9827081917514127,-0.6550552797597549,1.1918,0.5771838975973642,3.4435259313805244,1.3031504154205322,9.423641920089722,1,0.37421248921027744
baseline,791,0.006848358831640811,-0.7128910862631377,1.4609,0.8825281494644397,0.92652502378552,0.1551980972290039,3.524684190750122,1,0.447584424738486
baseline,792,-0.7616590146973758,-0.06823446782753106,1.2541,1.1209162124478598,1.4264029759638348,0.40781641006469727,5.915292501449585,1,0.9148554793242526
baseline,793,0.6421215230456496,-0.18011197266138612,1.4397,1.5758000015837614,3.91127146684552,2.0633654594421387,10.825562715530396,1,0.5624827459208187
baseline,794,-0.5568863356430278,-0.5225243679913348,1.432,1.3836462685397504,3.827887357105607,1.5033414363861084,8.01697587966919,1,0.7518034895515386
baseline,795,0.4434828210481352,0.4684429006729801,1.1381,1.663453300803093,3.1642122461185704,0.15145087242126465,5.511868476867676,1,0.42163133688845766
baseline,796,-0.6541240467191944,-0.3456564487893649,1.395,1.5565859529821366,3.051252476386807,0.15158486366271973,4.8111960887908936,1,0.6835363946165929
baseline,797,0.1477412175446713,-0.0071490583553298626,1.2075,0.9388046718242472,1.968842299314869,0.20136547088623047,5.011110067367554,1,0.3783274465563447
baseline,798,0.7691971950498533,0.34148837359124806,1.4671,0.4759458942295495,2.1860484251027765,0.30213141441345215,6.412630081176758,1,0.8742847926118629
baseline,799,1.015479363698967,-0.29405574725072386,1.2539,0.9180389586718738,0.9936938440710901,0.35161375999450684,4.014809846878052,1,0.8760099378354435
baseline,800,0.9923014504417409,0.4610629011375361,1.4103,0.8264428254773326,0.8737070280098135,0.30531740188598633,4.219123125076294,1,0.6288182738912482
baseline,801,0.2237816980840477,-0.05169598271418396,1.1414,1.0277248243522428,1.8280454172878942,1.4616527557373047,7.2186853885650635,1,0.2110409737118799
baseline,802,0.46869663189973165,0.40828610704637824,1.1493,0.5480601622506517,0.7439804990312296,0.20241260528564453,5.314149618148804,1,0.2433600597899902
baseline,803,-0.0024845883230601995,0.09589124139119343,1.2935,0.6800924984083903,0.8354421552106756,0.10248231887817383,4.508378744125366,1,0.45861856307366267
baseline,804,-0.5177200471247456,0.21048673736095558,1.4995,0.377682827981017,0.5346488113890125,0.25147461891174316,3.908344268798828,1,0.9455165525053627
baseline,805,-0.5454061405366584,-0.7402628062089974,1.2448,1.0740162840072462,3.6045587055999166,2.455627918243408,9.82339859008789,1,0.2920971404001423
baseline,806,0.14759789952808022,-0.5212875113499028,1.0743,0.9570846981418358,0.9815613817113755,0.15108609199523926,2.2043166160583496,1,0.5765093629847872
baseline,807,-0.5444871132549325,0.48103550506684367,1.2693,1.4112080376192375,2.6490610854602092,0.10091686248779297,5.211043834686279,1,0.378546719695511
baseline,808,-0.6642052497579977,-0.437475567276014,1.1726,1.1443354118916091,3.3266076467892707,0.050956010818481445,5.210612058639526,1,0.44031860029368836
baseline,809,-0.3867117133225697,-0.6636760132246889,1.276,0.40525359125196053,0.656047850797773,0.20256876945495605,3.9091334342956543,1,0.27259559210728274
baseline,810,-0.4378441241585326,0.5758514909282876,1.2717,1.3132603635321605,3.20461516438989,0.10107636451721191,4.510134696960449,1,0.3147708449444721
baseline,811,-0.048933744816775926,-0.1536304858669817,1.2277,1.0994717794753546,1.9831894511015975,1.0025851726531982,6.027530908584595,1,0.39463888830624444
baseline,812,0.518653562632386,-0.5070925708127123,1.1609,0.5477736237578591,3.965244941512612,3.5868453979492188,8.522558212280273,1,0.7607669961497627
baseline,813,0.8523844471459194,0.12456959775404919,1.0943,0.837453940478177,0.7272424451338797,0.3133361339569092,5.411598443984985,1,0.570034533451128
baseline,814,0.3273742966390014,-0.5819618335953592,1.3487,0.7724456820178903,1.1113387864019801,0.15141987800598145,4.6096086502075195,1,0.37367697862353605
baseline,815,0.4986899684022992,-0.4596095955891263,1.2859,0.4786798669846714,0.3748201809791925,0.10109400749206543,4.811175346374512,1,0.5199262592275853
baseline,816,-0.4680449281032409,-0.0452758421206374,1.1168,1.348706763496656,2.0109684993144112,0.15155506134033203,3.711503028869629,1,0.3852394569376372
baseline,817,0.698246581101315,-0.64813092472374,1.3878,1.3503674927562335,1.7712872966446003,0.10133647918701172,4.211522817611694,1,0.436243713991449
baseline,818,0.37254123701011155,0.2031798586690211,1.0218,1.0945050085750254,2.09315963150327,0.5518507957458496,10.423977851867676,1,0.12440501272923658
baseline,819,0.5608653387874356,-0.007007832496427002,1.3724,0.33822915259883835,2.9042904224500434,0.1013181209564209,6.614465236663818,1,0.42584542914482915
baseline,820,0.7984724645555845,-0.07647993718811175,1.3526,0.17166667895792298,0.205083317467793,0.3023059368133545,1.906449794769287,1,0.7458736125501252
baseline,821,0.021464932023983252,-0.49095042214168094,1.4057,0.9864033039829023,1.3126682419472873,0.2626197338104248,3.212498664855957,1,0.2662122844678094
baseline,822,0.05122593666981712,-0.638988574676352,1.193,0.3804740044540426,2.8628580979068547,1.2243752479553223,7.127847671508789,1,0.23767288857185315
baseline,823,0.9143161245786253,-0.4634284518083033,1.3318,0.921073369251765,0.9384090445343181,0.20188498497009277,3.7101054191589355,1,0.6258405220589816
baseline,824,-0.1011994109438692,0.0013795649036320023,1.4104,1.0369254026303367,2.4432257065521448,1.2044672966003418,7.91553807258606,1,0.6205549408954718
baseline,825,0.4119662907700534,-0.6411791493821326,1.4904,0.9808296266604669,1.1676720351888754,0.5518543720245361,3.7103865146636963,1,0.28099060850229773
baseline,826,-0.013858034678332576,0.627128554262654,1.2477,1.5296069455731336,4.422336719639769,1.1603033542633057,8.117295265197754,1,0.3781231847856546
baseline,827,-0.4367393520567793,-0.26138478589081365,1.0185,1.1176406202612068,3.0759489648587093,0.20185256004333496,5.912161350250244,1,0.4403852932081769
baseline,828,-0.1405039367361356,-0.10513627387830493,1.2511,0.2322905208018703,0.5546695441118643,0.20141911506652832,3.7087512016296387,1,0.3662466875516969
baseline,829,0.5317735286641838,-0.7315083011011984,1.2951,0.9667735993468815,1.1115945867110673,0.10119795799255371,3.7138752937316895,1,0.2987669544519154
baseline,830,0.08626692773225886,-0.7356992844316926,1.4349,0.4508468708454452,0.5295672512029462,0.15124988555908203,3.6624598503112793,1,0.2285048128350079
baseline,831,0.21396678105324107,-0.6516793903834021,1.4371,0.4367204378451331,0.43872415479678367,0.20230889320373535,3.4172887802124023,1,0.24938027374394223
baseline,832,0.6768446747270751,0.28990036755188486,1.2202,1.1698821247305589,1.9782420505554454,0.20346474647521973,5.020076513290405,1,0.5509921148800584
baseline,833,-0.5948768049404534,0.17917036842369227,1.263,1.4676090550191638,1.8039468802389154,0.35243940353393555,4.218416929244995,1,0.7155955321443631
baseline,834,-0.5362958460074426,-0.4751040753370026,1.2285,0.7588762183218974,4.592071949803738,0.40442609786987305,6.314641714096069,1,0.7458834552700709
baseline,835,0.92710886460404,0.29947485127922724,1.3612,1.8211863508021477,2.646218019144853,0.30190110206604004,4.910282611846924,1,0.6832909877000711
baseline,836,0.8892515452490997,0.052280480699406384,1.205,0.5578982619606884,0.38609967420061864,0.202315092086792,3.909001588821411,1,0.827654095725372
baseline,837,0.06631185827011554,0.2413296318304281,1.3274,1.03660636861962,2.7183620835307116,1.1027963161468506,7.414806365966797,1,0.4129868013622687
baseline,838,-0.2509952660992084,-0.4111781371378468,1.0772,0.9017720867994373,1.794950117790082,0.401705265045166,6.620604753494263,1,0.5779658086521033
baseline,839,0.9263359345171644,-0.046300045381000965,1.2347,1.1831652293159571,2.006360663588538,0.852562427520752,3.9089646339416504,1,0.47426605954828005
baseline,840,0.5067814796633678,-0.21703449766440308,1.4846,0.6913534349340784,2.7728504114738333,0.5520534515380859,7.821926116943359,1,0.4215352307785002
baseline,841,0.7051505549729924,-0.3693461418390514,1.1693,0.4854808400161815,2.0367973580390046,0.9052820205688477,6.715533018112183,1,0.7597003690177726
baseline,842,0.9882337262704779,0.1313782628268565,1.3464,0.5865518862800486,2.1536529589407127,25.16447639465332,9.420769453048706,1,0.7417017184989321
baseline,843,-0.4945835083880026,0.21143667751998207,1.3249,1.6370087003633533,3.3309758693889777,0.6526265144348145,9.818888187408447,1,0.7071739334988956
baseline,844,-0.34849337663394175,0.16654533014677553,1.4259,0.2581779454860834,4.087561053474329,3.159763813018799,9.019105195999146,1,0.5565724243162772
baseline,845,0.6350073379048093,-0.4850694145788456,1.4262,1.379001264028423,3.0643854261552015,0.5018045902252197,9.422511339187622,1,0.341919166291663
baseline,846,-0.14293582225959567,-0.1489562849218008,1.4297,0.9053311652113435,5.082417663799008,2.975588321685791,9.326789617538452,1,0.555485376737863
baseline,847,-0.8062533675208123,0.4650012515541143,1.19,0.8540286583313679,4.204787236854336,1.053391456604004,8.217307329177856,1,0.5811218779230609
baseline,848,-0.7957429864496395,0.17324831565397425,1.1583,0.49784591252532373,5.2920182906488655,0.20154452323913574,6.813406467437744,1,0.7051746505151064
baseline,849,0.887250250467259,-0.2960506903709585,1.3594,1.959456198403225,2.6402385687375345,0.1514286994934082,5.211028575897217,1,0.7012559786938772
baseline,850,0.762973846293665,0.4178532318156848,1.3797,0.7732170356504277,1.1159257501082709,0.25119471549987793,6.012456893920898,1,0.611692240164849
baseline,851,-0.7396987785166769,-0.6125827548070257,1.4362,1.7626948706827121,2.7727596532596452,0.20395231246948242,6.112781286239624,1,0.4954330922808704
baseline,852,0.6099005136808135,0.365357782858846,1.0179,1.752745171563886,2.1584108443406604,0.1010732650756836,4.267463445663452,1,0.5398918899496108
baseline,853,-0.3943539662208879,-0.6875579638947726,1.0342,1.4358543090598803,2.4419784223616388,0.5728154182434082,5.651787519454956,1,0.26580987525205546
baseline,854,-0.8285518876808068,-0.24777353950759806,1.3156,0.5830986235634683,0.7708945581069105,0.2526674270629883,3.7149710655212402,1,0.8571283976633698
baseline,855,-0.2530740253850783,0.156065915546997,1.4605,0.893742055402861,5.211572491475658,0.755460262298584,9.919614315032959,1,0.4472855427730953
baseline,856,0.6419484119169989,0.11402299860314857,1.4987,1.0789282093487873,0.0,0.952937126159668,0.0,0,0.0
baseline,857,0.7861711023603526,0.1082289988498808,1.3734,1.2401486328867144,2.9236668618219652,22.715354681015015,6.037989854812622,1,0.6500166324338403
baseline,858,0.8403066952930975,0.06345076001193839,1.217,0.32174891220763296,2.1417877401588603,1.407907485961914,7.719651460647583,1,0.8928476246982896
baseline,859,0.6268391911299018,-0.13528831131014007,1.0492,0.6838185540231507,0.4867367606288522,0.20235943794250488,4.710992813110352,1,0.6174637421920013
baseline,860,-0.419368833357705,0.07707447884378149,1.3169,1.2896351112027418,3.9008493806331566,1.0530142784118652,10.824508666992188,1,0.6137877534233471
baseline,861,-0.19534373879491818,-0.01797116141139099,1.4363,0.40282703190071983,0.26901400597399716,0.45343804359436035,5.510715007781982,1,0.7645417273437797
baseline,862,1.0715756933942486,0.1494252694180327,1.2218,1.4742722265295154,4.519422191992131,0.45185351371765137,8.917166471481323,1,0.38770419467300216
baseline,863,0.302639590136226,-0.6696998521372546,1.347,1.1716684963485984,1.4023972058840384,0.30161190032958984,4.210481405258179,1,0.30580444467415335
baseline,864,0.46986765871746305,-0.23032952228764492,1.4517,0.5357849169148493,3.106150333975399,0.5519568920135498,11.125590324401855,1,0.35870788924561126
baseline,865,0.11871242239924107,0.20627458378083063,1.023,0.7705652434846364,4.40429786134224,0.8074183464050293,15.039385795593262,1,0.5149241770543835
baseline,866,-0.3273787609384131,-0.5283721746245814,1.3981,0.923495637535604,2.9488609690764833,0.10100841522216797,6.915313005447388,1,0.5961966291090044
baseline,867,-0.5175163876067244,0.2258611860139541,1.1467,0.9379704634324452,3.5422694936177357,0.1511533260345459,6.613573312759399,1,0.5307018497685216
baseline,868,0.7866615521044387,-0.5097931391353075,1.1874,1.3972377370295057,2.472823043141256,0.1014249324798584,4.809784173965454,1,0.5039863469479113
baseline,869,0.33542029665248485,0.2183047686607953,1.0728,0.9213165470643784,3.1400355583748674,0.5525178909301758,9.216814756393433,1,0.1218076492782747
baseline,870,1.0315437312129305,-0.0066252016571894945,1.2656,0.6608015937385473,2.694044696487538,0.7522101402282715,7.013094663619995,1,0.7336877073105282
baseline,871,-0.5683843530827866,0.043762337979898924,1.283,1.5525015170824155,2.635386158037965,0.6524627208709717,5.315791368484497,1,0.7561680433790721
baseline,872,0.28288417407720745,0.0715624080181434,1.3963,0.9380022618052991,4.277791949467866,1.5629520416259766,13.538909196853638,1,0.432333553512178
baseline,873,-0.8100838570307366,-0.16133751193350654,1.085,1.3824665182791724,3.8970414545046994,0.7028298377990723,10.620007514953613,1,0.5542807639435501
baseline,874,0.873088497177801,0.47012495789672426,1.0395,1.8027423561764973,2.6213099294774516,0.5518081188201904,5.5129334926605225,1,0.4349230029676727
baseline,875,0.8374597197532845,0.4744923801203481,1.4354,0.1287776688371204,0.4843401650714237,0.10111284255981445,4.309161901473999,1,0.4435552980664206
baseline,876,-0.3051182540264423,0.35982778917292546,1.3099,1.2333841566514792,1.7826431495787283,0.15141892433166504,3.3102993965148926,1,0.7699669515669783
baseline,877,0.905579145997627,0.11249435316455625,1.1204,1.5119169315963883,2.2728368549820175,0.15116262435913086,6.81652045249939,1,0.6735961492549248
baseline,878,0.8065228783924627,-0.6572705497459671,1.4564,0.9234496707474267,1.112508464943349,0.1521308422088623,4.509692430496216,1,0.41092074008278334
baseline,879,1.0601300905555178,0.3795221485915038,1.0716,1.260391678908469,1.6679283507701927,0.10118818283081055,5.513985872268677,1,0.571957333471552
baseline,880,-0.7043248905105854,-0.21318890788667988,1.2306,1.8152054449909962,3.000752292150321,0.10105323791503906,4.715082406997681,1,0.8699144773189195
baseline,881,-0.4183970299113334,-0.09844669202062684,1.127,0.6549985804504069,1.8041134908082543,1.2558672428131104,6.421879291534424,1,0.3333706306625004
baseline,882,-0.5410326614154786,-0.5406433756794271,1.1277,0.4776202833040587,3.0613946482414787,1.1546661853790283,8.519468307495117,1,0.47305322110364123
baseline,883,1.0451032241642717,-0.13879657153813363,1.0047,1.6070535976979685,1.8216960198146197,0.10115647315979004,5.611391305923462,1,0.6089247923015672
baseline,884,-0.2263647344424471,-0.3316472445288514,1.4023,1.2155492145573559,1.8507496050127814,0.20196175575256348,4.61143946647644,1,0.40914596576862683
baseline,885,-0.3646902130647699,-0.25479066559687824,1.4506,0.28478293982017155,0.17635670054908506,0.15141987800598145,1.3039610385894775,1,0.5692651016381584
baseline,886,-0.45577524558329024,0.3685984817607634,1.3388,0.759306846928669,4.2169981918819515,0.15107178688049316,6.412326097488403,1,0.6757435473748763
baseline,887,0.8407539831228337,-0.5301326224889098,1.079,1.584913889825565,2.446386606093242,0.15133404731750488,4.40883994102478,1,0.36658822552151693
baseline,888,-0.27360452864594087,0.0311230928008156,1.2209,1.125915375734254,1.547803226583209,0.15142607688903809,4.111419439315796,1,0.3885381865715815
baseline,889,0.2779455855865929,-0.04843096322432694,1.1728,0.6920836529058952,0.9043850167419514,0.10103869438171387,4.0086071491241455,1,0.3784458223511199
baseline,890,-0.3306446917999506,-0.07271564632052674,1.2938,0.44811199147278985,0.5981507474290809,0.20134830474853516,3.708320140838623,1,0.7554243785359008
baseline,891,-0.2655894063391301,0.38695178416867704,1.3195,0.5390110794125,4.672684519476134,0.20251774787902832,7.715015172958374,1,0.8405830343539925
baseline,892,0.03561108262851009,0.2531583488349892,1.2122,0.6663405441989418,0.5270793887919507,0.15130066871643066,5.315665245056152,1,0.4610707461480863
baseline,893,0.6671116841617806,0.4416668858063514,1.125,0.9414057479233442,1.077557762039259,0.3025937080383301,2.609731912612915,1,0.33906987146809303
baseline,894,0.7920942114664942,0.6165058539459877,1.4227,0.1101484165766976,0.41840205044003265,0.3526914119720459,2.0075416564941406,1,0.4451719593620459
baseline,895,-0.4861799628726349,-0.07057465360334703,1.0996,1.7114172260131835,3.0485404687511917,0.30345702171325684,6.116367340087891,1,0.46181524239147526
baseline,896,0.08466447108769093,0.4087285985663941,1.1923,0.6518038589425178,2.532548142920492,1.2044551372528076,10.225711345672607,1,0.2678651739572603
baseline,897,-0.06671288451368396,-0.2920077127979616,1.2416,0.8666283826368054,1.1487440527815653,0.10134649276733398,4.01295804977417,1,0.2690621008875231
baseline,898,-0.6232639807735634,-0.47311999739184807,1.1186,0.4856043593333708,2.210714471208541,0.35180020332336426,7.31478476524353,1,0.5766594175445938
baseline,899,0.25223554413935023,0.05297807719350267,1.286,0.9512811178714564,4.163359925971302,1.2032370567321777,11.22211241722107,1,0.48920670872388705
baseline,900,-0.41748342946912026,0.016357955925252132,1.2874,0.8386943560404648,1.9898424669462151,0.10155296325683594,4.4093146324157715,1,0.37169629385505726
baseline,901,-0.5930949370344178,0.041385570737440425,1.4963,0.09676686354690608,0.0,0.7523856163024902,0.0,0,0.0
baseline,902,-0.43951717575865806,-0.49178089046024526,1.1476,0.658136317814775,2.9275085050399503,0.6021628379821777,8.923622608184814,1,0.5412815739934786
baseline,903,0.9645593356553386,0.5896790458242923,1.489,1.9599830217098444,2.743834796090437,0.7036838531494141,6.916252613067627,1,0.5528311681099466
baseline,904,-0.13064538162166994,0.35308412984044624,1.3291,1.1217579051996753,1.589506960498617,0.15137815475463867,5.113957166671753,1,0.542410211235832
baseline,905,0.2305476934596684,0.4181960499555518,1.1372,0.7521164401916115,0.5399231865936713,0.15193653106689453,2.2077479362487793,1,0.2759824976047775
baseline,906,0.46041946576550896,-0.44002714203942084,1.283,1.1195966591619937,2.067981973476796,0.10204243659973145,4.10848331451416,1,0.29887674266215725
baseline,907,-0.37815613566886386,-0.3812981458842526,1.3429,1.037665690456865,1.1655409514364148,0.15125370025634766,3.707465171813965,1,0.63898245125265
baseline,908,0.697922919780505,0.11894995681459164,1.3723,1.1507993050381096,2.651878069721585,0.5550408363342285,11.723285675048828,1,0.4556286716719252
baseline,909,0.035397364472574466,-0.260424561782775,1.0245,1.0457365119781956,1.470681897818778,0.30226612091064453,3.9337258338928223,1,0.15945236794145135
baseline,910,0.9519059869791033,-0.6879587704243457,1.3032,1.0879960681741936,1.7656910634609853,1.5139520168304443,6.8190882205963135,1,0.3830160899566678
baseline,911,-0.4009933324345899,0.5051890742822617,1.2484,1.7608094279797624,2.5107621716157236,0.15153813362121582,5.112415313720703,1,0.43582201683796906
baseline,912,0.6344609233463696,-0.530727711697232,1.4521,1.310805974916245,2.4294483774386664,0.10140633583068848,5.712125062942505,1,0.34452369475884886
baseline,913,0.31007698866347244,0.6303922842661028,1.1431,1.3531251210290607,2.5173940977937668,0.30133843421936035,4.810708045959473,1,0.2354845643192171
baseline,914,0.767210149607161,-0.5084467088086522,1.3994,1.4346692813921111,1.8879599712963326,0.30135416984558105,6.01162052154541,1,0.47406083910547325
baseline,915,-0.1983042957815374,-0.041462039250564686,1.3035,1.0909260973479906,2.5814161935140936,0.7528762817382812,9.01964521408081,1,0.3516515291920635
baseline,916,0.13753064692900718,-0.054247264284247754,1.1762,0.5786687151964925,0.40196471964693586,0.15127778053283691,5.21073579788208,1,0.28662899903452144
baseline,917,0.21939904451824943,-0.14094258539677462,1.3183,0.257863622975673,0.20261624829010733,0.10114884376525879,1.6035642623901367,1,0.3447515119335471
baseline,918,-0.8235061656840077,-0.12602073286400695,1.3104,0.8653390302472151,6.333651725493136,0.6033225059509277,12.236996412277222,1,0.9865339095926272
baseline,919,0.5631538045320006,-0.589671218058742,1.3389,1.5956713370733273,1.8535952308052828,0.2525660991668701,4.21355676651001,1,0.483434924016378
baseline,920,-0.5291308281963463,-0.22122140750885777,1.3605,1.1180364996758145,1.557860483876059,1.4582207202911377,4.512962102890015,1,0.4961568776541342
baseline,921,0.6150254447363124,-0.5705818281979669,1.3296,1.255667972220252,1.6205803291485288,0.10133552551269531,4.611013889312744,1,0.44362993545867424
baseline,922,0.46959318343974576,0.034383856351529074,1.4192,0.6245011987360323,2.3668169571408395,2.115159749984741,7.214134931564331,1,0.8453378008014699
baseline,923,-0.7418605957301391,-0.7166803628525785,1.3141,1.5541880308585143,3.0641194142824077,1.5037651062011719,8.516042947769165,1,0.5188758759189578
baseline,924,0.6635337107368695,-0.4208992255841788,1.4517,1.5209480350227194,1.5655083582088611,0.15117669105529785,3.7092316150665283,1,0.6358340547677027
baseline,925,1.0326777873058903,0.1746505038069177,1.3232,0.8840880136774091,1.3841785680242948,0.5022890567779541,6.816541433334351,1,0.8284129481619552
baseline,926,0.3389208774492598,0.1892589564340844,1.1545,0.9104601635939872,0.7693469607551559,3.8803539276123047,3.6210532188415527,1,0.4717006396645496
baseline,927,1.004274019468291,0.4727909317143101,1.2204,0.5478493360187604,0.8529493477516975,0.20666217803955078,5.514785051345825,1,0.6245436950550796
baseline,928,-0.3148370045466379,0.5806570802928562,1.2898,1.2917593214957237,1.335970655404708,0.10209274291992188,2.80916428565979,1,0.47711941675221103
baseline,929,0.5267798941845296,0.11257542926502173,1.3662,0.9251487162280958,4.779983982926016,1.55824875831604,10.922165632247925,1,0.6252077931920182
baseline,930,-0.1991757659617821,-0.6345372603514327,1.0451,1.2378060186458137,1.5090377712704066,1.3065369129180908,4.762527704238892,1,0.19578747427199733
baseline,931,-0.19240755628390915,0.4037016398112324,1.1476,1.1114829571467093,1.7829876620844547,0.502126932144165,3.9081199169158936,1,0.2608059045487176
baseline,932,-0.1346872976610306,0.5329383923465515,1.3737,0.11693919733787697,0.3164012811944637,0.10116982460021973,1.6079225540161133,1,0.26575425791112717
baseline,933,-0.5503482593932534,0.07482243409032596,1.0878,0.8914362318502033,0.9399885622124065,0.2520866394042969,3.008366346359253,1,0.35722730677230286
baseline,934,0.012388193026387273,-0.05391432247887129,1.0661,0.697662054597683,1.3501323079012755,0.20164227485656738,3.9087376594543457,1,0.24355342446982997
baseline,935,0.43891281988655684,0.28911738617485494,1.2697,0.5548233765476381,2.1754734823706383,0.6520347595214844,7.568195581436157,1,0.8535534026007588
baseline,936,0.9194410740378249,0.3801183821985944,1.4857,0.36526691837140407,0.434397899423775,0.35350728034973145,3.812812328338623,1,0.6472198853050131
baseline,937,-0.859367878880655,-0.4510974411334201,1.2654,2.0627445766261476,3.1888237129041324,0.25240612030029297,5.816156625747681,1,0.6306291575859448
baseline,938,-0.07543079406876418,0.4724223844274894,1.4567,1.1319867127157839,3.8391127410315637,1.8062875270843506,8.619484424591064,1,0.25335636363611064
baseline,939,-0.25089365234721583,0.20651068670374573,1.4152,0.566980403268133,0.5259673683820881,0.05128765106201172,2.1046595573425293,1,0.36266452286005757
baseline,940,-0.5070584695375142,-0.27294412893342174,1.1285,0.7983830276795951,5.836324833865065,0.7023921012878418,11.72299838066101,1,0.741036184848286
baseline,941,-0.6353758527370846,0.2667881143205847,1.4123,0.665560907479432,5.014712566013997,0.2514946460723877,6.818949460983276,1,0.7074205743154254
baseline,942,0.10376841654405833,-0.33087959612637086,1.2409,1.1032293442128793,3.2997461221135596,1.8044664859771729,10.521044969558716,1,0.2645958059667695
baseline,943,-0.5471482413656623,-0.5828148555604726,1.4032,0.662334952798263,1.7019179340150337,1.0533111095428467,6.718127727508545,1,0.5475622353419664
baseline,944,-0.19127586524266726,0.2641421473238844,1.3733,1.1462099967981998,3.5367971775113705,1.111457347869873,8.229566812515259,1,0.31939214831748275
baseline,945,0.7541843762868972,0.03551562573610623,1.1694,1.1674079298820998,2.5714444905408556,1.0048670768737793,6.915196895599365,1,0.7438444953433275
baseline,946,-0.08115376894869519,-0.29398407415141387,1.0576,1.1868549033674576,3.38971826328165,0.45191001892089844,6.613789796829224,1,0.1888222878914836
baseline,947,0.7145437481994692,-0.599479492130392,1.4814,0.9749247513528106,2.175907964329971,0.3523378372192383,6.216585874557495,1,0.495261761091006
baseline,948,-0.6377185727009411,0.6043007439814342,1.0704,1.853483680838177,3.19712755770199,0.20161819458007812,6.011898040771484,1,0.3469586507515725
baseline,949,0.3059875061727848,0.272202814380787,1.4833,0.8825806128821357,5.4458200280777325,0.5020639896392822,11.823256015777588,1,0.5326893973324778
baseline,950,0.18200249813578262,-0.6011138778056835,1.4301,0.989602981709597,3.570212746724143,20.821799516677856,5.815733194351196,1,0.3692751234917665
baseline,951,-0.28561921001666246,0.5462458111669083,1.3621,1.1791739413076456,2.6525630524475643,0.35240888595581055,4.610107183456421,1,0.2765898043080909
baseline,952,-0.35833239720027954,0.5894002714644205,1.49,0.16550152814184557,0.17718521038341314,0.10111618041992188,3.009187698364258,1,0.30715391061009994
baseline,953,-0.7732072375467419,-0.670500535700906,1.4836,1.5181688148980201,2.5738288431091068,0.45381689071655273,7.617632150650024,1,0.45292109133195724
baseline,954,-0.4240341371964385,0.10059520089086971,1.4023,0.847372286804671,2.924387736981279,0.3529243469238281,6.714014768600464,1,0.4186042042546962
baseline,955,-0.16104826348030776,0.3885607593646395,1.1829,0.5915891255832693,0.6149811201403029,0.10139894485473633,2.0080676078796387,1,0.2792395512088068
baseline,956,-0.17767652529799915,-0.24484283952780406,1.3953,0.7849345926813396,1.0064093350110155,0.15142202377319336,3.4084665775299072,1,0.39646198017794265
baseline,957,-0.4586443213130312,-0.6266382182633284,1.007,0.6423083675230038,5.445412257171674,2.057145357131958,10.821730375289917,1,0.4046996802379884
baseline,958,0.7936810640185619,-0.43901803108310805,1.2683,1.3309035889418597,1.4485130823689938,0.1012272834777832,4.010544300079346,1,0.6024851606282541
baseline,959,0.7594219965044655,-0.21454438160517242,1.2274,0.4361752829771061,0.43489391863791316,0.15119719505310059,3.709275245666504,1,0.7731069740779686
baseline,960,0.9753237690270764,-0.5799834658710686,1.3364,0.4111387544469234,0.4612504639094534,0.15136456489562988,3.6636435985565186,1,0.4911534102626394
baseline,961,0.1805760066251012,-0.6981264504821026,1.3362,0.8180852537648684,0.8899699192359368,0.35888004302978516,4.118903160095215,1,0.3187941460607476
baseline,962,-0.5534643146653071,0.1589067952099027,1.2923,1.314548265127827,1.4783666660659314,0.8156399726867676,6.6322596073150635,1,0.7331924346521759
baseline,963,0.5436409939119007,-0.6489490781742929,1.4112,1.4240699710871867,2.0441042843317496,0.30271124839782715,6.216437578201294,1,0.3085687173840682
baseline,964,0.3415613460333635,0.5464744853862485,1.4701,1.1884099127099743,3.568303377522709,0.5520784854888916,7.315984010696411,1,0.2963819032409319
baseline,965,-0.1700515817195658,0.013611483351730125,1.0542,1.091433809907496,2.154766872971097,0.7019162178039551,5.913485765457153,1,0.43275040634737083
baseline,966,0.7416779313351987,0.09765582162182629,1.1169,1.1565202664110668,2.298400958460029,0.5016829967498779,8.816590785980225,1,0.42636966885427197
baseline,967,-0.6631571013015777,-0.25537058288947473,1.0125,1.4895768415026107,2.228731808287978,0.8048410415649414,6.813885688781738,1,0.7787670513357355
baseline,968,0.43147277175779064,-0.6466714161329129,1.4421,1.2753345853815443,1.5191898909324453,0.25173187255859375,3.7152621746063232,1,0.36030003893438467
baseline,969,-0.5621972180620911,0.3937131537389761,1.2807,1.4461649272100778,3.180330451145118,0.6551048755645752,5.321775436401367,1,0.7226985837810903
baseline,970,-0.5396203542707609,0.46519971634222335,1.4576,0.25185129599086475,0.4472000291537515,0.20217680931091309,3.709916591644287,1,0.47037889607616207
baseline,971,0.12281088316375799,0.2620622582320812,1.1107,0.9267230501549539,0.8858808914899329,0.2524282932281494,3.7109012603759766,1,0.23664547372151498
baseline,972,0.8834122723603621,0.5407338528661317,1.0316,0.8729686130769759,0.9822340809620218,0.20143723487854004,3.707979917526245,1,0.38388299388755664
baseline,973,0.37530453708959066,-0.18898859000542745,1.4119,0.7566189741158388,3.2312125772583276,0.7027943134307861,8.01647424697876,1,0.44474027232605207
baseline,974,0.46968225717447964,-0.154298840111755,1.4547,0.31878984475702726,1.108990113678224,0.10110139846801758,3.407711982727051,1,0.4416138243677804
baseline,975,-0.5827633394132185,0.4014454291989894,1.1511,1.4742525537473354,3.6340744643691636,0.552823543548584,7.517474174499512,1,0.5398401590749168
baseline,976,-0.018160018032109093,-0.22219837308370982,1.2041,0.8435582623988391,2.502420179264303,1.0534765720367432,7.013982057571411,1,0.27937285124017935
baseline,977,0.8002288287171355,-0.07795573337207873,1.0699,1.0163349728161628,1.9392768768151742,0.5020701885223389,6.412670850753784,1,0.5433736100042924
baseline,978,0.262769641626889,-0.29615981631648564,1.4731,0.8261746515142011,1.9437236948153869,0.6031842231750488,7.013442516326904,1,0.39488017239547246
baseline,979,-0.8603567359681372,0.6012594774161212,1.1522,1.4147582149361904,2.841833999041458,3.6525816917419434,8.031657695770264,1,0.5150121210913267
baseline,980,0.5706310333011784,-0.267862420784076,1.2463,1.7765576943766745,2.5055963567322204,0.2030954360961914,4.711969614028931,1,0.6719912585353378
baseline,981,1.0034708769800211,-0.1931083329825506,1.0486,0.7475070025880509,0.4208699261043503,0.6028652191162109,3.909449577331543,1,0.43939383619269007
baseline,982,1.089838626119011,-0.7075925712977815,1.4436,0.5682557871010486,0.6588713198504924,0.15138745307922363,3.7090470790863037,1,0.38773236610309136
baseline,983,0.49070629412092326,-0.5775874667437917,1.0678,0.8930846334980214,0.7683133201702267,0.10111570358276367,3.7092714309692383,1,0.24915686580874033
baseline,984,0.36129724522136497,-0.43704306728488124,1.2268,0.41249840807218147,0.9114857075658871,0.15130043029785156,5.212242364883423,1,0.35633278956952463
baseline,985,-0.04612264440500946,-0.5228500242582803,1.3352,0.42424258151433564,0.539622492707598,0.10143446922302246,3.6578290462493896,1,0.6154228339416657
baseline,986,0.6279348629420425,0.49080342476886163,1.3716,1.147596133632768,3.0482905147407013,0.6518728733062744,8.616343021392822,1,0.25620860749715957
baseline,987,-0.6743132927012585,-0.7202019316108105,1.473,1.9543936765119707,3.044454356424759,0.8031117916107178,6.713570594787598,1,0.4498311470962546
baseline,988,-0.5498961164188956,-0.4217411673301299,1.2096,0.7623510604769039,3.1443812267503906,0.5533530712127686,13.23091459274292,1,0.30651061889668724
baseline,989,1.058836761368229,-0.5568785964440948,1.3711,1.729169882542104,3.2311645397777315,0.7041113376617432,8.3171968460083,1,0.551242755598758
baseline,990,0.9632512475491584,-0.1664319760234425,1.0773,0.7290454500782834,0.6232540081642444,0.4016904830932617,4.109262704849243,1,0.3734746076194417
baseline,991,0.26456863454877877,-0.20316212038077197,1.2074,0.7918438222110549,1.5952187968493312,0.151458740234375,4.008529424667358,1,0.3140146113347536
baseline,992,-0.8505983724805575,0.3388490704971011,1.0495,1.3357132870095658,3.453925462151812,0.2018275260925293,5.811595439910889,1,0.5082658012124954
baseline,993,0.2931141019886099,-0.19658161456898282,1.2447,1.1545992784469712,2.2525017522656814,1.3536486625671387,8.820208072662354,1,0.3313732638916621
baseline,994,-0.32747594318464956,0.23176900000708145,1.2041,0.9288479550351951,1.8134067974905612,0.15150856971740723,4.510290145874023,1,0.2736334862588837
baseline,995,-0.1303010544543799,0.01251940525450601,1.4758,0.4658942622024093,0.44457621513262346,0.15109491348266602,3.2078793048858643,1,0.4495305457992793
baseline,996,0.776744535608092,0.363961458569232,1.0164,1.2994936496261804,3.81505048517425,1.303579330444336,10.434609651565552,1,0.39212072255342806
baseline,997,0.7468991288066353,0.5353674293126532,1.1853,0.21885919008343263,0.4539623336097186,0.3534562587738037,3.2122714519500732,1,0.5026590148730867
baseline,998,-0.2041656190928982,0.4533259377985218,1.2217,1.101894747460568,1.546415578890034,0.2524428367614746,4.115154266357422,1,0.6697221883193887
baseline,999,0.6183922450964319,-0.6725222514998098,1.4753,1.5715075646007621,3.0701550655178207,0.2521383762359619,6.313383102416992,1,0.3273952787631057
baseline,1000,-0.2102168632443001,-0.20085763875179863,1.4277,1.028981102037434,3.7545981898448,0.4519631862640381,7.313805818557739,1,0.564223753336069
