case,pose_index,goal_x,goal_y,goal_z,cartesian_distance_m,path_length_m,plan_time_s,execution_time_s,success,manipulability_score
all_equal,1,-0.13066148444452752,0.563281457007225,1.3197,0.854683195577135,1.7588484680418561,0.05147600173950195,3.70845103263855,1,0.609337390056921
all_equal,2,-0.5637710546430907,-0.5286635290580576,1.0125,1.3411671092292599,2.93522321370271,0.30141115188598633,6.413005590438843,1,0.2833274668071588
all_equal,3,0.31840995327503974,0.22989172189176654,1.1375,1.200268703602697,3.1823146391620156,0.20177102088928223,5.911702632904053,1,0.5284152478749395
all_equal,4,0.7769013140664358,-0.45124606192804856,1.1116,0.7872694131864845,4.439699314006541,0.7022573947906494,9.821964263916016,1,0.7132069862208472
all_equal,5,-0.26999187445419626,-0.021984662937305166,1.3682,1.247653077574408,2.9417354783291874,0.5030663013458252,9.523381471633911,1,0.8844401582636481
all_equal,6,0.33969243733975607,-0.5513354354640945,1.3383,0.9282885135862301,0.9015394953352572,0.10243844985961914,1.9157094955444336,1,0.5551274278224521
all_equal,7,0.030930708718165167,0.33583177095400074,1.4461,0.9861701354652532,1.188938259327522,0.21331119537353516,3.1098577976226807,1,0.7826903373608305
all_equal,8,0.3011656754845682,-0.6791771329227231,1.0435,1.2822931279861072,1.60058826533924,0.15397095680236816,3.111102819442749,1,0.14137790279850038
all_equal,9,-0.744067742703176,0.5607687281860799,1.211,1.6624765487507207,2.10532867484027,0.05102658271789551,3.309689998626709,1,0.5634665371707446
all_equal,10,-0.2692555094983793,-0.6087985153552286,1.0149,1.3824177990647033,1.6148597705507683,0.10109806060791016,4.36003565788269,1,0.26543893976741384
all_equal,11,-0.6311202185376483,-0.06262692550711468,1.1093,0.676900906392664,1.1155998091453154,0.15178847312927246,4.508836030960083,1,0.602487232236376
all_equal,12,-0.36009807646876646,0.16730561870237126,1.2527,0.38334942182204956,1.2461814129664672,1.2045342922210693,6.012032985687256,1,0.5679577623920912
all_equal,13,0.21057977365838032,-0.48900997810792585,1.0133,1.068012019069135,1.0664033979691756,0.10119318962097168,2.2074501514434814,1,0.35587787591234715
all_equal,14,0.9890869021802229,0.4864927794875896,1.0994,1.3151343282699994,2.4210884387297718,0.10115242004394531,4.209137916564941,1,0.5139980901883502
all_equal,15,-0.6976078609330956,-0.4737195470360945,1.3249,2.01742782709683,2.9323957864244408,0.05090212821960449,4.108068227767944,1,0.7018230500077675
all_equal,16,-0.10264161183544662,-0.370166430342667,1.2725,0.7367575188569228,0.5975011839257607,0.1009364128112793,2.305194616317749,1,0.6731620766670504
all_equal,17,-0.31618780179961137,0.002664418259433421,1.1102,0.5012202355753854,0.48766347347994987,0.1514420509338379,3.8084335327148438,1,0.6905788123575306
all_equal,18,-0.7252406242266942,0.6129826508891109,1.2946,0.6849044143050211,0.8335512288395416,0.05106377601623535,3.507155179977417,1,0.48811012111310614
all_equal,19,-0.86205516386102,0.3774440026969422,1.4047,0.3555848965230355,0.3411117819264945,0.1015176773071289,3.5083439350128174,1,0.7764145344091365
all_equal,20,0.6556578271315445,-0.6412626485173598,1.0032,2.0257223466553267,2.149609392366426,0.10106325149536133,3.1123716831207275,1,0.1846979114084097
all_equal,21,0.8376709900854264,0.1134116262610646,1.4029,0.8814204091571712,1.2828287123044912,0.10233855247497559,3.3097312450408936,1,0.9221546039676786
all_equal,22,-0.25663303835955753,-0.2961981155352495,1.3491,1.2884766332328839,1.209560394877355,0.15240740776062012,3.109412670135498,1,0.6521614814700528
all_equal,23,0.8854556557862792,-0.09417669282748165,1.1701,1.1088747023334289,1.154230327789102,0.15201568603515625,3.108319044113159,1,0.7376893482585872
all_equal,24,0.6348759663586907,0.02819486946048788,1.0777,0.4211072097873491,0.30549321809894886,0.10529327392578125,2.6105432510375977,1,0.6219460908285729
all_equal,25,0.1630564678351123,-0.15555864077535275,1.4786,0.635566612370378,2.071312463619482,0.10138487815856934,4.010684967041016,1,0.7469280535101187
all_equal,26,-0.8107073539688927,0.13142790507643431,1.1683,0.9517188781820317,0.9924705507909761,0.10112881660461426,3.712329864501953,1,0.6840683349092552
all_equal,27,0.9257967513215164,-0.4004724771494458,1.0464,1.8205444221370999,2.5329477891250973,0.60176682472229,9.117599487304688,1,0.6611825246958992
all_equal,28,-0.4195220359956043,-0.6372296038952384,1.0484,1.5076837230864653,2.216486674324453,0.20124173164367676,6.315060138702393,1,0.35005115962323924
all_equal,29,0.9696607469429799,0.367357401521509,1.4237,1.7542999659579206,1.9621271406912582,0.35234665870666504,5.211328983306885,1,0.8513557394789167
all_equal,30,0.7198780564140448,-0.4866527390905867,1.3019,1.05893769126827,3.4071667433342987,0.20157766342163086,8.116071701049805,1,0.6363395757891902
all_equal,31,0.727346387535172,0.48822944609487984,1.4036,1.027427736029527,1.219689145737283,0.6023890972137451,4.117682933807373,1,0.49299587717337173
all_equal,32,-0.4212325078418716,-0.1561538984275238,1.3649,1.383318806946583,2.9742176160567064,1.3131475448608398,10.624472618103027,1,0.8907939077814543
all_equal,33,-0.85922087728718,-0.04123320625842464,1.2681,0.4011931580662127,0.489762220480346,0.15186309814453125,3.7100844383239746,1,0.9145821410810644
all_equal,34,-0.6354268419446407,-0.27911675449141515,1.4866,0.393198674321773,0.3948676013432005,0.10087990760803223,1.4033207893371582,1,0.9262686217085325
all_equal,35,0.15524301229535165,0.22294804952197445,1.1893,0.9832003709436172,1.007384105318721,0.10095334053039551,2.6102454662323,1,0.4922391342162558
all_equal,36,1.0345705385752644,-0.3970511255359496,1.276,1.0795244802598463,2.937996433172588,0.6522440910339355,8.218021631240845,1,0.7292855605538576
all_equal,37,-0.3084461401438592,-0.692317334334872,1.4147,1.4500021005340806,1.6741014708338828,0.10109329223632812,3.8079116344451904,1,0.575827060835454
all_equal,38,-0.7709691150225211,-0.36013975813889587,1.3093,0.7396614882020655,0.6113049900077555,0.1012125015258789,2.3099138736724854,1,0.6471797770060957
all_equal,39,-0.5858183635151959,-0.07049190737862832,1.4309,0.44313100640737235,3.64972331831817,1.606203317642212,8.015216827392578,1,0.6419470710167888
all_equal,40,0.4591726549584514,0.303465351461658,1.2887,1.302902301063729,2.2497873407093905,0.052971839904785156,3.809575319290161,1,0.7931024104060657
all_equal,41,-0.1440538309504401,0.12578821123557826,1.3523,0.7362591503304065,1.7505128476054599,0.05139470100402832,3.6141774654388428,1,0.8339702481863542
all_equal,42,-0.6940456757521627,0.40470562893961304,1.0229,0.6601681614684428,0.6432113301856627,0.15669703483581543,2.7098751068115234,1,0.42033645658426616
all_equal,43,-0.7921836694384579,0.06888690394064434,1.1139,0.39899348990632655,0.4057072982045383,0.10251140594482422,2.7080111503601074,1,0.6480426146395446
all_equal,44,0.14196844154917487,-0.43179480487803323,1.1447,1.1476074640784875,1.0919227522559176,0.1020805835723877,2.708829402923584,1,0.5568363192000072
all_equal,45,0.4964385969190874,-0.21162563418306157,1.0399,0.5540747791979301,1.145234409355152,0.30471324920654297,4.111924648284912,1,0.5667796771722072
all_equal,46,-0.19700649221838762,-0.5870873818154306,1.1164,0.8244084251739061,0.8454021312364083,0.10151410102844238,2.1095123291015625,1,0.362263691809291
all_equal,47,-0.36175969386856155,0.16381807925096203,1.0505,0.8781712681718417,1.413751959400788,0.10103917121887207,3.409364700317383,1,0.5812980947312101
all_equal,48,0.1767674463016049,-0.41069495230277936,1.139,0.8541652941825602,0.8349016363888094,0.10102725028991699,2.406932830810547,1,0.6203419714331544
all_equal,49,0.911628589297721,0.12688140229347022,1.3178,0.9865774715655575,1.980225270491505,0.10148835182189941,3.8097755908966064,1,0.85650372676575
all_equal,50,0.5658441555208145,0.48962949717484106,1.1824,0.6384549475700586,1.851401023516865,0.2515132427215576,5.012204885482788,1,0.7110340253716346
all_equal,51,0.3995067226777984,-0.6273916880968029,1.1851,1.1290920006205472,2.43499333787834,0.3517787456512451,4.809937477111816,1,0.3890127433086378
all_equal,52,0.3289423962453073,-0.7303632510787509,1.1048,0.2193849376455265,0.19588096592069124,0.051569223403930664,1.9065890312194824,1,0.14225676531952244
all_equal,53,-0.8629679408167945,-0.5220497373523568,1.1335,1.2017431170035862,1.2662900388155183,0.10134482383728027,2.7084856033325195,1,0.4595510249611216
all_equal,54,0.41918721633415434,-0.4348539688011908,1.4683,1.383735015553935,1.6920222498114144,0.10119867324829102,2.908017158508301,1,0.8070445395181844
all_equal,55,-0.2280577982483314,0.2826791906321652,1.324,1.12229938921613,2.355378887738119,0.1012568473815918,4.010380029678345,1,0.7947939812608632
all_equal,56,0.43038875253928044,0.037856020982938055,1.3046,0.8268868480036262,2.8354285460155584,0.10090112686157227,4.5088725090026855,1,0.8805196120483676
all_equal,57,-0.34736890725482017,-0.4077582299971391,1.0856,1.03070148576752,1.8065755779690802,0.1018056869506836,4.008345603942871,1,0.5010173198117007
all_equal,58,0.8950362723610386,0.12418447212023931,1.3646,1.4433655714522449,2.2252037590146028,0.10137128829956055,3.708390235900879,1,0.8701171623938831
all_equal,59,0.27042349932944365,-0.06628068869288095,1.0817,0.8665842118447917,0.7557229686478288,0.10107970237731934,2.7132744789123535,1,0.5618320459948564
all_equal,60,-0.31650917764222386,-0.7095898621231824,1.1897,0.907523651092732,1.225794258228103,0.10192179679870605,2.8085291385650635,1,0.2772874605073661
all_equal,61,0.9909889141874761,0.5676978648015553,1.4948,1.9323631257339564,3.4524569336557525,0.1540374755859375,5.013002634048462,1,0.6997310770009928
all_equal,62,-0.8423649860397847,0.5325097049955348,1.32,1.9747146911621267,2.1309017945546245,0.15215754508972168,4.313066244125366,1,0.5923204573178756
all_equal,63,1.036894794590899,0.4290349918121529,1.2785,1.963547536094058,2.1972555094703563,0.10166335105895996,4.510649919509888,1,0.6688074620646098
all_equal,64,0.8139528829464104,-0.30754916491527445,1.3423,0.8484754723955822,4.65063859318905,0.10121870040893555,6.212937116622925,1,0.7564680525906702
all_equal,65,0.9824587623866678,0.21334494063141296,1.4214,0.6026525004494848,1.7059031484872587,0.3015251159667969,5.812549114227295,1,0.8520885591323634
all_equal,66,0.3459443233177544,0.6173339900432578,1.388,0.7539004560357847,0.7577611149088587,0.20134782791137695,3.007901191711426,1,0.6372251825915675
all_equal,67,0.8659534285612076,0.2748160807942769,1.1145,0.6812770890964868,0.682830602384145,0.20152950286865234,2.6081418991088867,1,0.6128594114759318
all_equal,68,-0.16048853828244525,-0.33960480598058607,1.0161,1.2007141992162262,2.924335585798399,1.3533263206481934,6.4128499031066895,1,0.47357717720515224
all_equal,69,0.8455373354257656,0.5117925192125917,1.1577,1.3787507087053823,2.2256271972680697,0.050981760025024414,3.909339189529419,1,0.5200239993018898
all_equal,70,0.7092210447121483,0.15005044088864938,1.1339,0.4832495859512316,4.636464512165831,0.553539514541626,6.618068218231201,1,0.6388205297711615
all_equal,71,0.8909905874824164,-0.27859465448598975,1.1055,0.4576998692126186,0.5022282176625233,0.10228133201599121,3.308755874633789,1,0.6084044010992596
all_equal,72,0.2731512394544169,-0.6936153158032764,1.4715,0.8123831834078677,1.2563253012056879,0.15549373626708984,2.808698892593384,1,0.5437240415919723
all_equal,73,-0.3050752382817403,0.06880490002182083,1.4382,0.9933987007629315,1.1207463309450145,0.10239267349243164,3.0132575035095215,1,0.9381777941390311
all_equal,74,0.7573943112274426,-0.24809805870092472,1.1573,1.2941750343095828,2.274010592008988,0.10374832153320312,3.8127129077911377,1,0.5936939290509304
all_equal,75,0.6531272222414466,-0.44646190821933746,1.3277,0.24042344723994308,0.3184945671001437,0.05105400085449219,3.711782932281494,1,0.7151839140336745
all_equal,76,-0.7705668286438195,-0.012918736225364547,1.1978,1.4940233787210169,2.283077049049906,0.10174417495727539,3.8111321926116943,1,0.7567512540909742
all_equal,77,0.5661130234383152,0.5978207571815227,1.4573,1.5531903332169965,2.1622788618117506,0.10161828994750977,3.408276081085205,1,0.6826026707064854
all_equal,78,0.7030590380315707,-0.37087648676591,1.2294,1.0945198901638449,4.435335169183985,0.10148859024047852,5.912450313568115,1,0.6063420790024295
all_equal,79,-0.8227548265505632,0.579678921767469,1.1324,1.923034992989682,3.1072365947992653,0.051339149475097656,4.6097753047943115,1,0.3948031384280106
all_equal,80,-0.06245526417091707,-0.5048936042226579,1.1233,1.4188045858024376,2.194453620789616,0.10116410255432129,4.809869050979614,1,0.5738587858208539
all_equal,81,0.2155672494475307,0.23885479778988572,1.2807,0.8093434664172016,1.327269045051279,0.10121321678161621,3.7096548080444336,1,0.41970630272144654
all_equal,82,1.0195429862744507,0.27087036353998595,1.1314,0.8181170631200573,1.6440206590915447,0.10111308097839355,4.810832738876343,1,0.6570408996779852
all_equal,83,-0.04135267626812045,-0.4026176204254096,1.2923,1.3309241941716152,2.6953411742658515,0.10115957260131836,4.511153697967529,1,0.7171134660577033
all_equal,84,-0.8444721055358239,-0.583516191943497,1.4489,0.7107258627106071,0.848000257912624,0.10165739059448242,2.905994415283203,1,0.6761178355456791
all_equal,85,0.8225228775098163,0.22382589878815262,1.1997,2.015849437618289,3.467781542780222,0.10110616683959961,4.71390175819397,1,0.6934940891236816
all_equal,86,0.10138266448156175,-0.09244978694750272,1.1097,0.9097160869192584,2.036390708145902,0.20517516136169434,4.014855146408081,1,0.6577439759948097
all_equal,87,-0.08316361642440584,0.10317803472374554,1.4988,0.3428944865123031,0.4424209769177573,0.403428316116333,3.710484266281128,1,0.8608592839241019
all_equal,88,-0.130517797810334,0.11693152419136088,1.2548,0.248749921094484,0.24911940079280367,0.10224676132202148,2.306828022003174,1,0.7765702211855603
all_equal,89,0.43253077786874905,-0.5191280971901155,1.0455,0.8752358010105585,0.9601043669863164,2.407459020614624,3.709265947341919,1,0.34978433756474375
all_equal,90,-0.8204545825065056,0.061855648669738694,1.0236,1.3528935789885377,1.4280373073419592,0.10124087333679199,3.1088602542877197,1,0.5136131062231262
all_equal,91,-0.10364720625867363,0.14087801213979334,1.0548,0.7928730836989838,0.7182560487882672,0.10167431831359863,2.50991153717041,1,0.5152700195462013
all_equal,92,0.9929832509950729,-0.21249497566173614,1.3137,1.242798066196327,2.4051823420277962,0.1013338565826416,4.209263324737549,1,0.8249359750818159
all_equal,93,-0.4849419708476145,-0.6476975725975227,1.396,1.6214615913849864,1.6522192438871992,0.05129885673522949,3.107990026473999,1,0.364828871877756
all_equal,94,-0.6858140517817499,0.1954513066740744,1.2111,1.065895702126427,1.5695490746788148,0.10112190246582031,3.310739517211914,1,0.6976811351073064
all_equal,95,0.801542866341459,-0.7110243602989752,1.0318,1.8726862268447384,2.005509674032486,0.0511324405670166,3.0079753398895264,1,0.09158993373598019
all_equal,96,-0.6387973116538773,0.2143168652103431,1.1908,1.730105811154809,2.009800859456265,0.05105781555175781,3.1088178157806396,1,0.40778178634459605
all_equal,97,0.5839108088193017,0.360982798348782,1.4981,1.3384331125389344,1.8535766925971437,0.10242557525634766,4.209050178527832,1,0.7835005354866812
all_equal,98,0.6147184377521813,0.36559093175322077,1.2646,0.377605548205154,0.24413919361422873,0.05098223686218262,2.608015537261963,1,0.7329585732122035
all_equal,99,-0.1356601539587038,0.3237914080595038,1.4855,0.8617178795032499,0.7503615561291025,0.1020059585571289,3.6085615158081055,1,0.8731965494150892
all_equal,100,0.8283740741528494,-0.1535622063867247,1.4304,0.9832051664257064,4.5457672296097655,0.5549509525299072,7.314499378204346,1,0.6942957149663909
all_equal,101,-0.6686084919671815,0.4971076937777247,1.0057,1.6106428931920023,2.548059574010377,3.279925584793091,8.723224639892578,1,0.38182445545547533
all_equal,102,-0.23866169075732746,0.4874489159537795,1.3604,0.509753244684876,0.8851345875071591,0.10201859474182129,3.9091968536376953,1,0.6223100680856378
all_equal,103,0.9214670772629805,-0.6175721060958524,1.3409,1.6418596398088816,2.211798730503118,0.40210843086242676,6.713352203369141,1,0.2560327713579894
all_equal,104,1.0111033652302361,0.0449036582813952,1.2685,0.6719633737772321,1.5725875935582667,0.10146498680114746,7.116536378860474,1,0.8248092381688772
all_equal,105,-0.2918562504944361,-0.2914149146617354,1.1334,1.4642463598118076,2.2527493687228524,0.10124468803405762,3.808368444442749,1,0.5678212826363559
all_equal,106,0.6959096646646317,0.34193532819971717,1.3205,1.2670509079982184,2.4362266913627284,0.10118794441223145,4.109387159347534,1,0.7289581446713569
all_equal,107,-0.758918537647011,0.0120526843128127,1.0558,1.6642870300800274,2.2861806321568894,0.1020510196685791,3.7108778953552246,1,0.5797184425846673
all_equal,108,-0.17748644512178002,-0.5821499194284695,1.2174,0.8979429027613369,0.9128915033915317,0.10169768333435059,2.709287166595459,1,0.5296573021211738
all_equal,109,0.3523082014928294,-0.6040574430072863,1.2269,0.6185976878069899,0.5289981884034662,0.1013329029083252,2.1053380966186523,1,0.5031397556612539
all_equal,110,-0.7287837213861684,0.38623572146494956,1.4769,1.4594358192121697,1.6968530302896572,0.05103802680969238,3.309011220932007,1,0.7434451230958699
all_equal,111,-0.7048516506831496,0.6126427808606151,1.4379,0.2403794762581001,0.2518514051709531,0.050950050354003906,3.0089809894561768,1,0.5945625755342142
all_equal,112,0.7379687423043702,0.558519545325422,1.1317,1.5715142991152653,1.6953338307174086,0.10209226608276367,3.207390785217285,1,0.4971327465547612
all_equal,113,-0.12725350147772496,-0.6282700152560291,1.2503,1.5415428884377367,2.753913627445026,0.1010887622833252,4.209285020828247,1,0.4930726190065698
all_equal,114,-0.032191977672493044,0.5023309251201674,1.0893,1.2436727373476075,1.4871201711883493,0.05105113983154297,2.9096519947052,1,0.41048624418726154
all_equal,115,-0.8504970760709754,-0.09906027790007044,1.4563,1.061888609344248,1.2279488775565284,0.1010594367980957,3.8155741691589355,1,0.8920963919991565
all_equal,116,-0.6400629788877781,0.14901495510747143,1.4353,0.44682976232068033,1.3094668474204396,1.6646473407745361,5.722216606140137,1,0.8863785609259276
all_equal,117,1.0340259910765421,-0.22792782373443055,1.1492,1.7390174511584353,5.720896833412956,0.855029821395874,10.321082353591919,1,0.6148312142111542
all_equal,118,-0.4298330480544449,0.5804677691914001,1.3195,1.7721299732396316,3.2473383887890117,0.05090165138244629,4.608656644821167,1,0.5376415495279981
all_equal,119,-0.7874570545139581,0.48143063822114984,1.3045,0.38792177720332166,0.39088357425618236,0.050998687744140625,1.7039356231689453,1,0.5902792222930333
all_equal,120,-0.7267352086944394,0.017995786767414867,1.0764,0.6762890635901635,0.6071574205833292,0.05139636993408203,3.4086310863494873,1,0.6076384323394887
all_equal,121,0.37446810078409043,0.21295869866486405,1.3813,1.2028581213555267,2.2511048941806524,0.10136842727661133,3.90981125831604,1,0.902117363404351
all_equal,122,0.2851109662315847,0.49519110641461894,1.2697,0.41024750617563277,0.47263358704518676,0.10105490684509277,3.7145493030548096,1,0.7300720423867133
all_equal,123,1.0107155614397394,0.48022243906611906,1.3893,0.7356953591196119,0.7352321381343365,0.05100727081298828,3.0066418647766113,1,0.7779389155038712
all_equal,124,-0.32323049533139503,-0.48452152653955194,1.2652,1.6504653947515675,1.6952642798624813,0.05132913589477539,3.3081541061401367,1,0.46186570411384636
all_equal,125,0.2838064136884284,-0.6361926088101109,1.0003,0.67887725651665,3.109685064788737,0.5523812770843506,8.518349885940552,1,0.41324758409449674
all_equal,126,0.5107565171871349,-0.0064035926431784684,1.1621,0.760913974795615,0.8348930360544539,0.10201525688171387,3.014709711074829,1,0.7836475086517654
all_equal,127,0.48413718400178873,-0.5195643253401193,1.0097,0.7383918620003171,0.6294738132132814,0.10459232330322266,2.0067896842956543,1,0.4645439222272219
all_equal,128,1.0095034281445934,0.25413860452560666,1.4645,0.9471496793367884,3.846540082575057,1.9638903141021729,9.124132871627808,1,0.9090483519067256
all_equal,129,0.9756678540076542,0.4469717841735611,1.4394,0.2801039394607531,0.2358839753033901,0.10095524787902832,3.4085469245910645,1,0.7567008211807098
all_equal,130,-0.12684960684770574,0.37070027649423853,1.4158,1.2469902375969086,1.0713686752810145,0.10156965255737305,3.1100175380706787,1,0.6126526489247921
all_equal,131,0.3045670778279319,-0.21965596298897638,1.1538,0.7999009901645463,3.3133605968805475,0.35140347480773926,9.317345142364502,1,0.8318731999158954
all_equal,132,0.7885674927374753,-0.09901559844171082,1.029,0.6219965018866009,0.5073329286817457,0.151231050491333,3.3079240322113037,1,0.5791901907782258
all_equal,133,-0.7612637656378625,0.4451285449744432,1.439,1.7266299651868091,2.4004294222849856,0.05145740509033203,4.509116888046265,1,0.6742304817775914
all_equal,134,1.1023342110804804,0.020163163498010173,1.4735,1.9748479660722733,0.0,22.777653694152832,0.0,0,0.0
all_equal,135,0.8110011283226295,-0.4031437082048464,1.0428,1.9659748191034951,2.868943875291948,0.20387029647827148,4.411216497421265,1,0.5641238652783396
all_equal,136,1.0179291360267877,0.08988394773550923,1.243,0.5607602977680199,0.6026417061382522,0.20475411415100098,3.7104451656341553,1,0.6743166910808013
all_equal,137,0.3521301725875494,-0.2508844254228771,1.0346,0.7760214571074711,3.085566967405203,1.354905128479004,9.819846630096436,1,0.34421584326575133
all_equal,138,0.15824986319131829,0.3181654702447686,1.3803,0.6353533542785479,0.8321692013814301,0.05118131637573242,2.908534288406372,1,0.7258745612282484
all_equal,139,0.22087935445103035,0.027728772889620834,1.3829,0.43537930183650786,0.32649873901689197,0.05224609375,3.7098050117492676,1,0.6167617974175865
all_equal,140,-0.6073818172108301,-0.7034526027454723,1.0642,1.1225820814880503,0.0,0.05150103569030762,0.0,0,0.0
all_equal,141,0.5224861003726611,-0.4503872420867566,1.2376,0.7640261120715741,1.6443673554862879,0.051058292388916016,3.7113304138183594,1,0.606287817354127
all_equal,142,-0.17813545844532475,0.06754690173826594,1.2749,0.9809483792925119,0.8681150868608744,0.1014258861541748,2.9090774059295654,1,0.7097141589754818
all_equal,143,0.9190425324866094,-0.2644969883099853,1.1325,1.0472624650717597,1.9566910042486745,0.3514688014984131,6.615030765533447,1,0.4716745100516941
all_equal,144,-0.08705220543924252,0.11174712611309823,1.4362,1.1154502066658176,0.0,24.758010625839233,0.0,0,0.0
all_equal,145,-0.5815003607986469,0.5301313969718934,1.2116,1.6992347534657861,1.8585226128802204,0.884044885635376,5.519489765167236,1,0.25490549055816214
all_equal,146,0.03700706886423388,0.6035647584422456,1.1059,0.632027577991336,4.4294859831719275,0.35569262504577637,7.314671277999878,1,0.3224876403569124
all_equal,147,0.38240049325575054,-0.4130399197987627,1.2696,1.1220115359133542,3.846361817153709,0.1010737419128418,5.612244367599487,1,0.6819176629717547
all_equal,148,-0.619213147185695,-0.5342856991141075,1.365,1.079382569250166,1.4470540717184686,0.050935983657836914,2.9100191593170166,1,0.6244606112143789
all_equal,149,-0.512513672720895,-0.2680531527130119,1.1006,0.5532725977643088,0.4424835323694094,0.10111761093139648,1.7040679454803467,1,0.5691235861517626
all_equal,150,0.4500994377486758,-0.5062324969689606,1.1559,1.0763345460996327,1.4243054921839675,0.10114169120788574,3.108207941055298,1,0.5021474967136523
all_equal,151,-0.5381707049909699,-0.3602168741700888,1.4976,1.0860001457141957,1.5582608044261097,0.10175848007202148,4.310253858566284,1,0.8973502628964004
all_equal,152,-0.6338997034786091,-0.10988997272303469,1.3249,0.40040422649140084,0.3539401800110646,0.05142569541931152,3.0075600147247314,1,0.814804553398096
all_equal,153,0.12477303083432634,0.20560249453674795,1.2191,0.9603166438001052,2.189439337087552,0.1017923355102539,4.0083208084106445,1,0.70349481592271
all_equal,154,0.37149857197097913,-0.63066309010225,1.2588,0.8550415014237653,5.399529155845827,0.5017640590667725,9.819607257843018,1,0.6088370163320901
all_equal,155,-0.75194348356766,-0.362570111445742,1.0605,1.3485155236320767,1.5411792126858845,0.10169506072998047,2.9134521484375,1,0.7104981601941059
all_equal,156,-0.5072793396356601,-0.45535402973536,1.1123,0.45084271000733456,0.2867094532405834,0.10251474380493164,2.8088910579681396,1,0.6518407298106331
all_equal,157,0.3523809571730465,-0.23611265923113267,1.169,1.0173622298153406,1.5274424380975637,0.15398931503295898,3.309251308441162,1,0.7134072835532355
all_equal,158,-0.800293891870835,-0.39615163847131546,1.2942,1.2603255918850886,1.806298970012876,0.20598769187927246,3.8169362545013428,1,0.7341826700999129
all_equal,159,0.14114469027325027,-0.011876071245456199,1.1151,1.200266919060193,1.9192519638909027,0.15424513816833496,3.7127978801727295,1,0.6584661683135977
all_equal,160,0.18264742211385587,-0.4098455280058814,1.1101,0.5449876592093867,0.4602473738057139,0.05109381675720215,1.6106882095336914,1,0.7018731571290295
all_equal,161,-0.8332188860045463,-0.300463226488713,1.0355,1.2017287633075577,1.6002989454331462,0.050847530364990234,4.509844064712524,1,0.6387744498270532
all_equal,162,-0.6356314547342441,0.48058448373661566,1.3156,0.8960224124294697,1.0189897365189429,0.10134363174438477,3.7093400955200195,1,0.4058679542118348
all_equal,163,0.6911373949197446,-0.058140418671475236,1.1145,1.446380189290583,3.3246354801218025,0.15163397789001465,4.810152053833008,1,0.8923072357288586
all_equal,164,0.2901190959173825,0.28123383752926945,1.4527,0.6142297004537147,3.9935021777233035,0.10117888450622559,6.914806365966797,1,0.9044612356978678
all_equal,165,-0.3105561547069281,-0.24412492474827535,1.4298,0.7982164424441929,2.1740941347759133,0.7538254261016846,4.109535217285156,1,0.5848038046704451
all_equal,166,-0.16721628927046872,0.6124719518415541,1.0354,1.1275991459583807,2.92939608854967,0.10110902786254883,4.70942759513855,1,0.47573788694019514
all_equal,167,-0.6712671392663598,-0.5329715427607278,1.119,1.4075841990062514,6.501311342874411,1.2030882835388184,12.636130332946777,1,0.5306556485642859
all_equal,168,-0.503224158330312,-0.35127923821465407,1.3345,0.3264893971120953,0.29757283953974073,0.15270042419433594,4.818577766418457,1,0.7596213591500469
all_equal,169,-0.7139767160986251,-0.022321350730470035,1.1071,0.504189213906282,0.47711492946882134,0.1522059440612793,5.116403579711914,1,0.6263711991040574
all_equal,170,-0.6509388959029203,-0.1963464069111509,1.0662,0.29052638099228273,0.21138611376709185,0.10154914855957031,5.114265203475952,1,0.5412855131333257
all_equal,171,0.7464368446214729,-0.3886415156402526,1.4678,1.5193232548841682,2.0797196738573,0.10185360908508301,4.010674238204956,1,0.7517367627280951
all_equal,172,0.9690232104508749,0.02199221500113957,1.2855,0.6063155235417951,0.6270943113989552,0.1514897346496582,3.708629846572876,1,0.7883250321321993
all_equal,173,0.6521349935864189,-0.4860018894819629,1.2363,0.6003963154597854,0.6069021369206933,0.10117483139038086,2.6105804443359375,1,0.6584114644227572
all_equal,174,0.1330837705525898,-0.4099290276616797,1.3923,0.5478786628899892,0.5481171467668442,0.1513829231262207,2.309566020965576,1,0.7648422071490545
all_equal,175,-0.30093424347781306,0.05562131623466937,1.4037,0.6368651468226886,2.361433211178324,0.15142488479614258,5.211987018585205,1,0.6692578137213226
all_equal,176,0.1825922553172432,-0.6717944604059854,1.0952,1.1100124127230218,1.4073527172291687,0.05117297172546387,3.111584424972534,1,0.20126366286212632
all_equal,177,-0.7473908085229743,0.6172053593037848,1.0485,1.6662411655587845,2.3574741821115426,1.2543120384216309,5.1120665073394775,1,0.2630395355470722
all_equal,178,-0.36830222225822007,0.19338474033567887,1.2155,0.6345633002114952,0.9533934827073405,0.10094904899597168,2.8096415996551514,1,0.4514611684675049
all_equal,179,0.06166400570641384,-0.17713058396165293,1.2118,0.4856442806333675,0.577032776276932,0.10138750076293945,3.7099735736846924,1,0.7247709694413357
all_equal,180,0.7732876662352792,0.5829469752557884,1.2335,1.0411619537473347,1.0476548851240493,0.1012272834777832,3.206477165222168,1,0.546686534890145
all_equal,181,0.986790785419297,-0.49398576708838293,1.3645,1.106052293056163,1.2067269787957455,0.05088686943054199,2.6060287952423096,1,0.5094361194749499
all_equal,182,0.2656057103225853,0.413672739265866,1.3367,1.159451160464977,1.224809908844598,0.10104107856750488,3.714221954345703,1,0.7406798372240541
all_equal,183,-0.47337465166537035,-0.518136734502522,1.4921,1.2932742088605929,2.7987491023884585,0.15231680870056152,4.914672613143921,1,0.6915147074360369
all_equal,184,0.44542089141986874,-0.02430810636723002,1.0492,1.3222401421600327,1.8757428062504429,0.10274362564086914,3.4178011417388916,1,0.5302484365340072
all_equal,185,-0.09517379708833662,0.379007629833947,1.2013,0.751583926075778,1.1458380277210927,0.35318470001220703,6.4155778884887695,1,0.6913515654491159
all_equal,186,0.04403133519715996,-0.32890680089846874,1.1697,0.7217072176422967,0.747241619201127,0.25387024879455566,2.6110122203826904,1,0.8197252504148043
all_equal,187,-0.4127544382190081,0.4930154636792571,1.4308,0.9755972856608113,2.5422363018959584,0.4038581848144531,6.312398910522461,1,0.6748152175582312
all_equal,188,0.9236277239317321,0.1147030063858252,1.1243,1.563099962069803,3.5306216685232332,0.10128617286682129,4.910199403762817,1,0.6851911781018323
all_equal,189,0.37111736118755023,-0.2828396854611636,1.0951,0.7588002949472019,0.7226072512653062,0.10101532936096191,2.1082205772399902,1,0.6132828835934582
all_equal,190,0.3559842022503137,-0.010024459624534132,1.2243,0.32398812956488,0.3186340833347016,0.050983428955078125,1.407895565032959,1,0.7764206675094709
all_equal,191,-0.5723803883696872,-0.3146938788489167,1.2109,1.0706064448084098,1.9579549533131437,0.10130620002746582,3.7093846797943115,1,0.6618991741693554
all_equal,192,-0.8065387143536853,0.04002842701318898,1.1393,0.4392296362243762,0.4713071905785547,0.05130910873413086,2.4103965759277344,1,0.6353924544369823
all_equal,193,-0.19499397404507146,0.3854075366193458,1.1249,0.7833358324238779,0.7509867987868938,0.051727294921875,2.104370594024658,1,0.5312969400807246
all_equal,194,-0.6203174712580108,-0.19712726277005532,1.4616,0.7778789086312834,0.9134164315990274,0.05141925811767578,5.015929460525513,1,0.9374967544727025
all_equal,195,-0.41862373464890457,0.2493750289720732,1.2216,0.6582207841150877,0.6842889189661098,0.152296781539917,3.708848714828491,1,0.8689078889139646
all_equal,196,0.5024058169337922,0.002703385159597227,1.4307,0.9767147501083606,2.863094156638391,0.15179872512817383,4.711997032165527,1,0.9456421523785555
all_equal,197,-0.5130733252995743,0.5052110712724055,1.2752,1.2796333871240382,3.3825224717470515,0.10120797157287598,4.914791107177734,1,0.6108197632696506
all_equal,198,0.04269550282267098,0.5585673086266344,1.0253,0.7217159054465248,0.6460778022006058,0.050818443298339844,2.5094058513641357,1,0.3578378179096085
all_equal,199,0.1296713615490115,0.09713811948720619,1.4996,0.6314877010361727,0.6930089449824575,0.20428681373596191,2.2134015560150146,1,0.7872907020580959
all_equal,200,0.9744584358825197,0.03349299425157315,1.418,1.0371049585214933,4.834110662493707,0.5034236907958984,8.423686027526855,1,0.8421719711040038
all_equal,201,0.5287469732091561,-0.5334113550358048,1.4845,0.8007090114356955,0.8399131212459541,0.1518254280090332,2.305542230606079,1,0.6929530502858005
all_equal,202,-0.032373009478670944,0.26887437974836936,1.4632,1.1269490748177913,2.5006652185507012,0.1016240119934082,5.210432767868042,1,0.8649932058869167
all_equal,203,0.020563634122989782,-0.5874109250148023,1.4243,0.9575190860013328,1.1349736995551358,0.10104775428771973,4.711664199829102,1,0.6018663924164245
all_equal,204,-0.6259185658551252,0.5222367467162697,1.0832,1.3840897530761034,1.5603174023333348,0.05097460746765137,2.8087005615234375,1,0.4015745324238294
all_equal,205,0.29890791364644986,-0.19477028488244097,1.2428,1.2453490235179023,3.0270063957875917,0.10117316246032715,4.709049701690674,1,0.7965467489371489
all_equal,206,0.7182555351212587,-0.7366356003916756,1.1069,0.6524247635334792,0.6772807128632923,0.10175156593322754,4.811110258102417,1,0.18090234281221457
all_equal,207,0.19211808502296313,0.5208816169511331,1.2005,1.4278100660816873,2.127505823363324,0.05128073692321777,3.708256721496582,1,0.52541262589273
all_equal,208,0.5887274737535213,-0.12165254921740487,1.0293,0.903544679415177,2.6877613964958074,0.15144777297973633,4.7105324268341064,1,0.5441160149291479
all_equal,209,-0.5938213856072367,-0.5006442805404492,1.1895,1.294253150756319,1.3312018459852841,0.10140848159790039,2.7117958068847656,1,0.33094423944814294
all_equal,210,0.9402245759169743,-0.24507078261374604,1.4927,1.5665340636784424,1.6973311735396215,0.1019890308380127,3.110219955444336,1,0.9385602940276246
all_equal,211,-0.8470467870419227,0.16870034915096044,1.1326,2.0040249090431432,2.9881045168212164,0.1011207103729248,4.215299129486084,1,0.6102284105506631
all_equal,212,-0.5783504735933301,-0.1733064539990693,1.392,0.5434531553293873,0.5241107308786545,0.15233540534973145,5.569981098175049,1,0.9070120536964689
all_equal,213,0.12235051047652279,0.07505901379774027,1.2275,0.8991230035273826,0.782405843633274,0.10220479965209961,2.306321144104004,1,0.6913726482678345
all_equal,214,-0.456967114484549,0.4909265936915409,1.2115,0.6129769716236779,0.6655918362997749,0.15250849723815918,3.7171597480773926,1,0.6546878275484014
all_equal,215,-0.8005585583250759,-0.09438001741886093,1.4787,0.7287526124100038,0.7437297446409034,0.3022599220275879,2.710770606994629,1,0.7660253483671405
all_equal,216,0.664095736289511,-0.12018114105621003,1.4977,1.4659071948556257,2.783295795607168,0.65236496925354,6.113344669342041,1,0.8143976982605173
all_equal,217,-0.07868761334510388,0.025945815217491397,1.2779,0.9836135166099248,2.2343983071473725,0.10115170478820801,4.008284091949463,1,0.7497976668728084
all_equal,218,0.8350591008487913,0.5569626449716115,1.3592,1.1493931036549834,1.8086208384924216,0.05122089385986328,3.6082446575164795,1,0.6684973945292668
all_equal,219,0.40340709469972924,-0.1813992489112155,1.0774,1.0386274412528742,4.104337396087636,1.1593775749206543,8.315767765045166,1,0.887773643372589
all_equal,220,0.5460569575755418,0.1623614961845481,1.1484,0.4420579795500795,0.4130049265916986,0.05105924606323242,1.5076234340667725,1,0.8783101357042418
all_equal,221,-0.4150097531624425,0.18018062970465287,1.4844,1.0659261261051487,2.649915693653623,1.1533474922180176,10.9229416847229,1,0.7418584613268896
all_equal,222,0.7124336812096612,-0.4976796343373456,1.2896,1.5265337567650388,6.434966642598352,0.5016944408416748,10.224088430404663,1,0.6964641902544677
all_equal,223,-0.6759071595509779,-0.40888140956675006,1.2711,1.4634158427183315,1.8132823874938298,0.1023554801940918,3.0118966102600098,1,0.6628329193592432
all_equal,224,0.7724957715717773,-0.19726983030424305,1.374,1.5798405456223075,2.0895687159765015,0.15249156951904297,3.4148917198181152,1,0.7885927999625691
all_equal,225,-0.2919811986226717,0.4885654146480186,1.0286,1.4791043339337338,4.127680199748138,1.0681743621826172,9.420915365219116,1,0.5789903277781889
all_equal,226,-0.46096944230057385,-0.7065447518773718,1.2921,1.3186334767710117,1.5857535104974985,0.05103564262390137,2.9088456630706787,1,0.4626364919471163
all_equal,227,-0.03773654072566912,0.48353093101976363,1.2514,1.3502946368437954,1.964710361325414,0.10115694999694824,5.812210321426392,1,0.6419741248286283
all_equal,228,-0.35882275493917826,-0.22130263117817528,1.4264,0.8577147503131426,2.2427114036176974,1.3032193183898926,6.8161962032318115,1,0.533594196560003
all_equal,229,0.36406313535698365,-0.18046838988923564,1.0787,0.7734044634817692,2.158120171253372,0.3515172004699707,8.817019939422607,1,0.7621487387480504
all_equal,230,-0.2893688645879192,0.5601748437660033,1.4804,1.0630553958019755,1.626960242007049,0.1014549732208252,5.312429666519165,1,0.5758229220780852
all_equal,231,0.8483035282296632,-0.07326953360516819,1.0401,1.5034341087375402,1.4540021886692545,0.10146212577819824,3.1091902256011963,1,0.7126769932077126
all_equal,232,-0.030226834141979353,-0.7121271703681586,1.0929,1.218348663661138,1.2025788763646106,0.0511324405670166,2.2052762508392334,1,0.41832031258883384
all_equal,233,0.3825538316954238,-0.38866232021478003,1.2975,0.5580771280517649,0.624466147975946,0.10182023048400879,2.3080904483795166,1,0.834461343143662
all_equal,234,1.0780851221544403,-0.020701689516109623,1.3376,0.7882135308395702,0.798269998961054,0.15153098106384277,3.210988998413086,1,0.9116840695384172
all_equal,235,-0.8365496790829209,0.5132465602141257,1.1176,2.1331414025030697,4.812366893128643,1.0584664344787598,9.824947595596313,1,0.42680362589087634
all_equal,236,-0.3298225525979577,0.018440575456700192,1.0599,0.8147133715897084,0.732118694473333,0.10170340538024902,2.507869005203247,1,0.544534529811533
all_equal,237,-0.46387303937048446,-0.7278917314232478,1.4451,0.8166908913684191,1.0300274888187495,0.1522836685180664,2.307321310043335,1,0.4764904425700177
all_equal,238,0.8590501337289052,0.07784560238200366,1.1231,1.7248195289820627,2.102757984998951,0.20231056213378906,4.013254165649414,1,0.6824355284476288
all_equal,239,-0.5254141257683229,0.5134020137008949,1.2973,1.5336092249316555,3.453988324721817,0.1014394760131836,5.00980806350708,1,0.5794004687044105
all_equal,240,0.15549489187058407,-0.6784687616510744,1.3097,1.4999361097652364,1.7192389714000291,0.10116386413574219,2.9106719493865967,1,0.4340319536193114
all_equal,241,-0.7088930401723994,0.08573099840681742,1.2096,1.1786342607743738,1.298915545184894,0.050871849060058594,2.309373378753662,1,0.7222385815119873
all_equal,242,-0.30080901372047286,-0.2543056875771598,1.2918,0.6333533341901483,0.5586700060086601,0.15808582305908203,2.1063754558563232,1,0.7713181556344914
all_equal,243,0.2496139970684501,-0.08890674737843696,1.2614,0.7049724341251188,1.758705542363832,0.051458120346069336,3.710695266723633,1,0.7406156830208654
all_equal,244,0.5789578966707161,-0.44767191981630017,1.4674,0.394310770192003,0.5671026090771645,0.10170626640319824,3.3095221519470215,1,0.7483059708521775
all_equal,245,0.30644445864790515,-0.67234093227264,1.1021,0.618336830964785,0.7335128798546192,0.2516212463378906,3.5103156566619873,1,0.24700943663471348
all_equal,246,-0.2105286084007837,0.3162333679467594,1.3581,1.1683506770404102,1.4622497544860118,0.10111379623413086,2.7103488445281982,1,0.8010127742246843
all_equal,247,0.5702701147955418,-0.062194931532683295,1.1193,1.047467796713732,2.5078979739854304,0.05089426040649414,4.410232305526733,1,0.44733274312300253
all_equal,248,-0.3846311701200903,0.3824465844843504,1.1979,1.1695690894643946,3.9556478067499126,0.10104775428771973,6.312922716140747,1,0.4754865013788211
all_equal,249,-0.33360833801021395,0.06797693627812573,1.3358,0.36895929125488364,1.0163370400265952,0.1011667251586914,3.3134028911590576,1,0.4139482598050733
all_equal,250,0.9451155065661652,-0.555011201117347,1.15,1.6420190880252945,2.0669141466772714,0.10164356231689453,3.621030569076538,1,0.4072378540144938
all_equal,251,-0.5060665350418558,0.001571901697864142,1.1581,1.62853679922227,2.0163987612757426,0.25287437438964844,4.215928554534912,1,0.6934781331748704
all_equal,252,0.7256041950613934,0.16216834586052575,1.3759,1.3346105273941862,2.7928532252813674,0.10293936729431152,4.416658401489258,1,0.8979538148509845
all_equal,253,-0.3781580064410935,-0.07053009995432491,1.0363,1.3228244182183397,1.2301389491433175,0.20184993743896484,2.706484079360962,1,0.3623935823422195
all_equal,254,0.9981256112588675,-0.6888275611796729,1.2291,1.4156807016791164,0.0,20.05560851097107,0.0,0,0.0
all_equal,255,-0.515099665957625,0.037356746779313,1.4992,0.4390277096242804,0.0,1.2684321403503418,0.0,0,0.0
all_equal,256,0.5092869696832367,-0.3344424638701152,1.498,0.9015481750670108,1.0925254512640281,0.26064133644104004,2.8412668704986572,1,0.7851079843859406
all_equal,257,0.998536181422826,-0.09142966631264471,1.0366,0.769042952087001,0.7103871903979376,0.10376548767089844,2.2076923847198486,1,0.5564150126237783
all_equal,258,-0.24054286203186737,0.3959298614830308,1.1066,1.4023373142090778,2.766687139863606,0.15258526802062988,4.613833427429199,1,0.5062076899205248
all_equal,259,-0.41712248449577255,-0.5773410989420189,1.1326,1.0521958549218906,1.2231572606111354,0.1016395092010498,2.6113669872283936,1,0.43284533057459235
all_equal,260,-0.19936782181169288,0.2528295440805183,1.4666,0.9551772514402029,1.1057555033280588,0.1009988784790039,2.310271739959717,1,0.821765729357776
all_equal,261,0.19627174148791826,0.34345362848873606,1.4404,0.5428300952994817,0.42062605815002474,0.10135269165039062,3.00807523727417,1,0.6985623413071415
all_equal,262,0.8830078970041229,0.10319602056248656,1.4396,0.8881469733405373,3.082763203938004,0.10109591484069824,4.810546159744263,1,0.8661277958837872
all_equal,263,0.851535968071643,-0.713775829491568,1.1848,0.9023258233876289,1.0921455065418386,0.10093808174133301,2.6090259552001953,1,0.20072515746873887
all_equal,264,0.9882321784525603,0.3545281659530163,1.0789,1.1996732382806419,2.5296637136471856,0.45194268226623535,8.517069816589355,1,0.6727379671525804
all_equal,265,0.6475671886614935,-0.19074692470090127,1.4169,0.7431121458079,0.7595393840822374,0.10212826728820801,3.7105050086975098,1,0.647546828007301
all_equal,266,0.8586280403173234,0.6091306866798317,1.3518,0.8294085981229206,0.8630589938680667,0.10292792320251465,3.2073144912719727,1,0.5135436554144819
all_equal,267,-0.03787042148684694,0.27043808238313705,1.3058,0.9599473247713948,0.9604520213017149,0.10120892524719238,3.508298635482788,1,0.7543914680042015
all_equal,268,-0.17013888355598095,-0.3483336254672917,1.4936,0.6596593387768486,0.6813788714745421,0.15135931968688965,2.606147289276123,1,0.5836835782459243
all_equal,269,-0.7895712981407308,-0.7184412136762894,1.327,0.7408207833525389,1.0347384276226481,0.25296545028686523,3.709270477294922,1,0.4579872327569462
all_equal,270,-0.11126458532951089,0.1908353664202781,1.0039,1.366765380968744,1.8713503649744443,0.10135507583618164,3.509401798248291,1,0.6305589707090943
all_equal,271,0.685535818571624,-0.6201492828229554,1.4086,1.1180081063006175,1.2645780570158347,0.05113959312438965,2.9070639610290527,1,0.5842794274174811
all_equal,272,0.9994588681815753,-0.10079032354267892,1.1497,0.8524839726018523,0.7234148350634221,0.10296177864074707,2.2096521854400635,1,0.7867934718730368
all_equal,273,1.0914962170034874,-0.42468308229914875,1.3317,0.37190841329636704,4.290469545314257,0.6734368801116943,6.9269444942474365,1,0.7273585011060263
all_equal,274,0.33153432744989875,-0.038565985863317165,1.4695,0.8640849857282472,0.8640353726805016,0.303220272064209,3.915675401687622,1,0.7489788430571706
all_equal,275,-0.43599633362291246,-0.48683382781379425,1.0671,0.976213067336646,1.7906458202243247,0.20180964469909668,5.813107013702393,1,0.5166378815760219
all_equal,276,-0.7583558150513484,0.5885470138134749,1.0577,1.2387295451377263,4.696428388231417,0.5021791458129883,10.82119870185852,1,0.31243669267320684
all_equal,277,1.0989073044852347,-0.5040679275724245,1.0535,2.2139945742632974,3.057768635287937,0.10169315338134766,4.410297393798828,1,0.4386821326022222
all_equal,278,0.5065128649826163,-0.5315470246890391,1.2766,0.6349130319380892,0.610133580408319,0.10121965408325195,3.4589738845825195,1,0.644176657235275
all_equal,279,-0.4293934874215611,-0.005197142944449729,1.1362,1.1892196755149265,1.8397863691316474,0.10291337966918945,3.50972056388855,1,0.6631778541398046
all_equal,280,-0.6916730882776498,0.4626312252541428,1.3024,0.48111948615892514,0.6331257950586051,0.05148744583129883,3.108351469039917,1,0.6093786576202305
all_equal,281,0.8884986943003128,0.5700651585676811,1.3588,1.65864982019929,1.8800649811555734,0.05105471611022949,2.711300849914551,1,0.579934231781251
all_equal,282,0.4256896056265411,0.013878027216957523,1.1018,0.9314690148842693,1.3811388623882044,0.10123157501220703,3.112323045730591,1,0.29184269082359426
all_equal,283,-0.13433135928159368,-0.3860983011133118,1.3171,0.6516800769767851,0.8255872959059287,0.05105447769165039,2.105086088180542,1,0.7188736636439655
all_equal,284,-0.7123664000710418,-0.4404682805209592,1.132,0.5466662129344675,0.5789413568780309,0.05085587501525879,3.5095479488372803,1,0.50580668947006
all_equal,285,0.8140921036446596,-0.06266867188279923,1.2443,1.6680147904661493,2.16223894713351,0.10113263130187988,3.5073771476745605,1,0.8162489688189488
all_equal,286,0.7615176744636456,-0.2651101483423867,1.4527,0.24475071652093008,0.32985191104787315,0.05136466026306152,1.4056103229522705,1,0.8411758799352315
all_equal,287,-0.3437499685242069,0.4642376012519872,1.4231,1.473574475924854,3.0255118431220187,0.15161681175231934,4.723053693771362,1,0.7461541654304794
all_equal,288,0.8128529870647874,0.44866223211876866,1.0461,1.3418177412777523,1.5881156411177684,0.15432500839233398,3.934325695037842,1,0.4236023561930887
all_equal,289,0.5093884370285202,0.19151342039865282,1.2118,0.4752422924543793,0.4207706673654237,0.15232205390930176,2.1072816848754883,1,0.6799317076160105
all_equal,290,-0.5586446813091279,0.46731642313932775,1.1383,1.2256211623872506,1.6676797297119976,0.15324854850769043,3.3137545585632324,1,0.5416577002819799
all_equal,291,0.7637687996193596,-0.5659328020914862,1.0018,1.7787925941354303,2.3863879541676076,0.15207695960998535,3.810713052749634,1,0.2873746946624327
all_equal,292,-0.5543738860322531,0.3808866911395915,1.3856,1.6926026492414983,2.4042378394244652,0.1012113094329834,3.710426092147827,1,0.7420590900769396
all_equal,293,-0.8603432022572358,-0.3486096050176698,1.3186,0.8659352516010453,0.9455974837530954,0.05104637145996094,2.9058680534362793,1,0.7396581883574564
all_equal,294,0.3792544105470368,-0.3860298796178444,1.131,1.393200159810725,1.2701163167338703,0.10103678703308105,3.612210988998413,1,0.39876822394231276
all_equal,295,0.6726535731895666,-0.5960086022517591,1.3706,0.44968407133954147,0.8123655007533476,0.10102510452270508,2.7091269493103027,1,0.5051729562343144
all_equal,296,1.0356501516485273,-0.2732676438628453,1.2758,0.5839630089040422,0.5712898765339468,0.10113334655761719,2.9066109657287598,1,0.7468577748975406
all_equal,297,-0.6698257191224737,0.544751941462884,1.2138,2.011007678104372,3.3442625221876043,0.05105161666870117,4.6107337474823,1,0.48853714070434723
all_equal,298,-0.2764902103114102,0.23002844979861703,1.0048,0.6860588067900742,1.0486538868574387,0.05108976364135742,3.0100245475769043,1,0.4699430344977637
all_equal,299,-0.18745978111923978,0.11013792141251366,1.0376,0.1574367203393084,0.8219346341184893,0.15129327774047852,3.208463668823242,1,0.26043821043089577
all_equal,300,1.0564551369096007,0.5882381731625402,1.4416,1.395752804978852,1.759875338232412,0.1013326644897461,3.8095624446868896,1,0.6370227109827078
all_equal,301,0.6298776543313227,-0.7092175767856067,1.452,1.4828826264190087,3.797975309216426,0.10149693489074707,5.711849212646484,1,0.31916982323873905
all_equal,302,0.09549080338204752,0.31553979206790805,1.2728,1.2848317261014806,1.5345485744811482,0.05124950408935547,3.3092429637908936,1,0.7587280585159988
all_equal,303,-0.33067194742973827,0.6270490632166953,1.4173,0.4248816284665988,0.5507322015324858,0.052939653396606445,2.306723117828369,1,0.6136329490850577
all_equal,304,-0.5486975863981116,0.34906831998240306,1.2913,0.4753822922680054,0.41488570414857956,0.1561269760131836,2.807098150253296,1,0.7015994584320947
all_equal,305,-0.7097207675893997,0.19200604105065588,1.074,0.4122459043314889,0.3191289576245176,0.10128045082092285,1.40389084815979,1,0.5352758949633211
all_equal,306,1.0116115803803134,-0.535446456693043,1.0637,1.9586469056010132,2.3349002991891856,0.10186171531677246,3.6183485984802246,1,0.35094425113531
all_equal,307,-0.041100457852425554,0.1343346520904536,1.1541,1.3151744793703997,1.8306825641943152,0.15280938148498535,3.410414695739746,1,0.7305901199272609
all_equal,308,1.0772436982563796,-0.18057507532313088,1.4495,1.2521265171614315,2.532880180333519,0.20270776748657227,4.1169962882995605,1,0.8597557494165932
all_equal,309,-0.4506264766222849,-0.7002217701166814,1.3981,1.7275764643286589,2.0094043072876806,0.10279083251953125,4.009330987930298,1,0.4584069731492457
all_equal,310,0.8401580511821607,-0.09280958820580043,1.4304,1.5485527677885316,1.897402433900788,0.15212583541870117,3.70871639251709,1,0.9318308662907996
all_equal,311,0.8486111188880205,0.32404407573585325,1.4495,0.47883900649659084,0.49894399913917614,0.10177016258239746,3.7109365463256836,1,0.9062566271187122
all_equal,312,0.6353495500490238,0.11742672192156478,1.105,0.4541721339338767,0.43443562046821904,0.15129661560058594,3.7103564739227295,1,0.6120122542567508
all_equal,313,0.9521204343706913,0.10427753215149416,1.1248,0.24937543337890836,0.37013757603136155,0.20211219787597656,6.2127156257629395,1,0.6981157213265328
all_equal,314,-0.6404951694765342,-0.5709947215136957,1.0514,1.7322300110912252,2.007280356115699,0.20153570175170898,4.611047029495239,1,0.29195325790647864
all_equal,315,-0.4755599916799326,-0.06754909277726562,1.3901,0.6285716258260257,1.1163806247998485,0.30145883560180664,5.111944198608398,1,0.647973025920615
all_equal,316,-0.3398550724096364,0.3528462042754966,1.4421,0.5025733545391902,0.533338440972607,0.10137653350830078,1.6037380695343018,1,0.7718142360486965
all_equal,317,-0.8499680899021446,-0.6434579761702761,1.2032,1.2155154442393024,1.3589937377523802,0.10104918479919434,2.7115941047668457,1,0.42354504645804375
all_equal,318,0.31624072637246003,-0.3422556168534173,1.3103,1.2904070369151381,1.5133917099718859,0.1009678840637207,2.810183048248291,1,0.707275349929555
all_equal,319,0.6726646599866193,-0.6885637339713573,1.0773,0.5080561043264729,0.49164366925309005,0.10108280181884766,3.2108540534973145,1,0.21631835761302215
all_equal,320,-0.39326677856047054,0.6126744031490593,1.4649,1.7614389980809406,2.586477727113122,0.10152888298034668,3.7142388820648193,1,0.6107319398249563
all_equal,321,0.3521846654185121,0.22218686952759892,1.4323,0.9670275156463957,1.4766482768234,0.1535348892211914,3.1100680828094482,1,0.9275621004528534
all_equal,322,-0.22595368706040808,-0.03166420198940645,1.4881,0.745258211331206,4.363783192008481,0.8048372268676758,8.41904616355896,1,0.688126213734353
all_equal,323,-0.8071914383755114,-0.6350331449090014,1.4054,0.9587382158804301,1.3587241260294984,0.05092000961303711,3.0113983154296875,1,0.36864196696024965
all_equal,324,0.2518659612544083,0.20432486759460322,1.4407,1.514089764249482,3.515203168177472,0.1011052131652832,5.512283086776733,1,0.9313893711669834
all_equal,325,-0.5410495219625238,-0.599323787380534,1.0124,1.3345790368044288,3.4023840160588725,0.1512768268585205,4.910746097564697,1,0.26100389747304004
all_equal,326,-0.8103962609555775,0.5433556263388298,1.3683,1.236414634126452,1.633363527483869,0.10140752792358398,3.011289358139038,1,0.6071502839539775
all_equal,327,0.5323579495517163,0.45371157602712164,1.1661,1.4619200780737642,1.6768117863973333,0.10144281387329102,3.6106929779052734,1,0.5797721467447988
all_equal,328,-0.20020971838015844,0.3765697062877079,1.4654,0.8443862032640862,0.7404771771427596,0.10107636451721191,2.805896043777466,1,0.7935928386802955
all_equal,329,0.21232808953670523,0.37996713592846654,1.4011,0.32634475605642416,0.4041507323427532,0.10139799118041992,2.6085011959075928,1,0.7874114628339866
all_equal,330,0.17033007397537636,0.2622040028918261,1.432,0.24623307590000937,0.14772632272511443,0.10146832466125488,3.5095551013946533,1,0.8577052325999543
all_equal,331,-0.38324139019188974,-0.5237856095244792,1.4054,1.0673170803850505,2.922769865340374,0.10120105743408203,4.509313344955444,1,0.707461323857601
all_equal,332,1.0611649370335183,-0.28010518210649915,1.1334,1.633588792431421,1.936927215146025,0.10145187377929688,3.1104700565338135,1,0.5814060974290118
all_equal,333,0.4325588110427365,-0.05847908559338699,1.3937,0.771028943131537,0.6857114564804409,0.05110788345336914,2.7132010459899902,1,0.906707032384849
all_equal,334,-0.42020270268136595,0.6259628006619636,1.054,1.291170718473481,3.609018295008122,1.2036094665527344,11.321453094482422,1,0.5109201271159385
all_equal,335,-0.47750686225843436,0.19163360510059435,1.4361,0.5202182009258571,0.6518970895788424,0.10160660743713379,4.611368179321289,1,0.7761833125119797
all_equal,336,-0.3622725149707745,-0.10735605744017929,1.4293,0.4771117838788879,4.873698966731163,0.7571916580200195,10.724954605102539,1,0.8985284733598383
all_equal,337,0.5990443250183624,-0.1583721584683444,1.1112,1.181521426302126,2.111520224265605,0.15215563774108887,3.81345534324646,1,0.6034241902606523
all_equal,338,1.0845214353248667,-0.6878899709992491,1.4083,0.6597688944318489,0.829481855830336,0.10135436058044434,4.308988332748413,1,0.4141499380069785
all_equal,339,-0.0036642391662317086,0.2535040254103976,1.2302,1.5823527559156294,2.1391002858211507,0.10132455825805664,4.411248683929443,1,0.7343966661721684
all_equal,340,0.9121910944703144,-0.16355544647587217,1.1526,1.1238376979240612,2.4458952158633207,0.05200910568237305,4.910384654998779,1,0.642265173300711
all_equal,341,0.9353041510122815,-0.4535501523062141,1.3977,0.2844134832145812,0.4351732804546881,0.05106639862060547,1.7038226127624512,1,0.6774256433096197
all_equal,342,0.5800300104270868,-0.5622260006351449,1.1138,0.5984061413115325,0.5055090264346747,0.05118060111999512,2.9105045795440674,1,0.42211174216980346
all_equal,343,-0.5168680782191803,-0.4166154715545921,1.0118,1.174545854626159,1.1140370638537553,0.10128283500671387,3.108778476715088,1,0.3137437680998
all_equal,344,0.8203912550585057,-0.06661022524040017,1.0966,1.3736022673188062,1.449714247263929,0.10117936134338379,3.509920835494995,1,0.6149856993366732
all_equal,345,0.00959501541528296,-0.03564095570060566,1.1641,0.8931343358273319,0.790188668783019,0.05125689506530762,2.8114447593688965,1,0.6368351816702126
all_equal,346,-0.5488956845364849,-0.2056539686404807,1.4322,0.6923551744206219,1.9565338821126954,0.10092544555664062,3.809089183807373,1,0.8904524807810773
all_equal,347,0.4286520691208411,-0.2961888517552692,1.4834,1.1156049173810854,1.9318617417575898,0.10145115852355957,3.708761215209961,1,0.8032778291254846
all_equal,348,1.0491853113456757,-0.11949317013887961,1.1396,0.7285703222551442,0.7126603070353654,0.051131248474121094,2.305873394012451,1,0.6762626543382345
all_equal,349,-0.5365398321164943,-0.028830594684031707,1.3207,1.6725480346885295,2.5977680720423457,0.1544642448425293,4.008514642715454,1,0.8172169646868567
all_equal,350,-0.018980928102300676,-0.4012665894645965,1.1998,0.7892484237895759,0.7076270247494704,0.10157108306884766,2.406242609024048,1,0.6503143699135093
all_equal,351,-0.5419229385403174,-0.5126911968198515,1.4906,0.47105401890016485,0.6289977801158574,0.10155463218688965,2.1149165630340576,1,0.7916431690595722
all_equal,352,0.44266057374641776,-0.09085717671975568,1.2681,1.241571197993245,1.883699627928066,0.1022036075592041,3.417098045349121,1,0.7330062061144142
all_equal,353,0.2871723502343628,0.45000473942521746,1.4696,0.6525194842439902,4.275200947888639,0.15245485305786133,9.02018928527832,1,0.49697194561842006
all_equal,354,-0.3383562699733266,-0.6645626597332814,1.0577,1.4920904292092225,1.8433590123728227,0.1518878936767578,3.6076972484588623,1,0.16987975325216473
all_equal,355,-0.7950211023950139,-0.5752209781502231,1.4852,0.5534605173784618,0.726484396886019,0.10179853439331055,1.7039568424224854,1,0.6361894705891639
all_equal,356,-0.24637859993608047,-0.046059372862148784,1.0893,1.0469563176273697,1.5678912859216292,0.05095314979553223,3.2063136100769043,1,0.5291037882000212
all_equal,357,1.0825009037044344,0.5830730889031267,1.4813,1.4314014880777417,0.0,20.04856824874878,0.0,0,0.0
all_equal,358,0.3937357167503217,0.4495197366705105,1.1327,0.7662317778079122,1.8875906013754684,1.959806203842163,7.583981990814209,1,0.7631345546947953
all_equal,359,0.09589392206921576,0.1732714898683474,1.0542,0.6979384816873709,0.4737739793238918,0.25310826301574707,3.5208077430725098,1,0.6104799443221061
all_equal,360,-0.2626828557662596,0.22523136800015264,1.2173,0.47629754713135997,1.3990778127661325,0.1525282859802246,3.6267318725585938,1,0.5970861240345455
all_equal,361,1.04936567538461,-0.6139804165053391,1.3643,1.6166480741827178,4.350532484372695,3.4858341217041016,12.123222351074219,1,0.38712246088737073
all_equal,362,0.8476579481762156,-0.4995961892992917,1.1568,0.4816463719035671,0.33655101888613187,0.10198616981506348,3.0081868171691895,1,0.49547245416800473
all_equal,363,0.999225382997514,0.1957827908699734,1.3031,0.7841160668804058,4.5370014032718124,0.1010274887084961,6.2140419483184814,1,0.83059249699802
all_equal,364,0.8491696792368195,0.04101779188175203,1.2557,0.3434115151517972,4.779135275486708,0.3519425392150879,7.715497016906738,1,0.7180498695610361
all_equal,365,0.4936420205445542,0.18652939205793684,1.1926,0.38845531481317935,0.38808158573718865,0.15289044380187988,2.9089109897613525,1,0.6210006754428942
all_equal,366,-0.09236074799345795,0.15179411045501023,1.2883,0.5950893787634859,0.5943571815360056,0.1017460823059082,2.3135950565338135,1,0.6447044576445584
all_equal,367,1.1078380044774612,-0.676756658605596,1.1274,1.4669911252090662,1.4691689823148246,0.8216981887817383,4.249828100204468,1,0.43007948998514994
all_equal,368,0.8528333385684477,0.3319976550960678,1.3544,1.0649743661051878,1.157120245994572,0.5584797859191895,2.5121171474456787,1,0.5408673425711972
all_equal,369,0.8682178424992715,-0.18771119805148062,1.0008,0.6289313998916389,3.3800417856263825,2.3852124214172363,9.528661966323853,1,0.7259695669081596
all_equal,370,0.7281506569275744,0.30437977518307,1.4628,0.5720490845366826,0.731414311231303,0.10164070129394531,4.4111528396606445,1,0.7288023237850957
all_equal,371,0.7479474164588928,-0.577832757920784,1.2692,1.0409050182304636,1.1508913046136469,0.30176520347595215,4.0121495723724365,1,0.46407909934968333
all_equal,372,-0.22967088513766432,-0.23948185108669928,1.3597,1.1081241182850416,1.4409286499676783,0.1014394760131836,3.1099884510040283,1,0.8014300737671053
all_equal,373,-0.10287784328217475,-0.12649496251664283,1.371,0.39666749922071526,0.18967466989446494,0.10137677192687988,2.9093821048736572,1,0.69800854799015
all_equal,374,-0.42255159876443377,-0.6424288007421585,1.3353,0.6778671738858688,0.6357133070344423,0.10137701034545898,2.3094732761383057,1,0.5133414086415569
all_equal,375,0.354829865791056,-0.10615918381801348,1.1821,1.1040190103563983,1.4843518618749294,0.05182194709777832,3.207136631011963,1,0.7956011843247278
all_equal,376,0.1558200981399842,-0.08460410013674957,1.035,0.5709410660405163,0.2384624645004511,0.2013249397277832,3.6100754737854004,1,0.630704331991557
all_equal,377,-0.11945228356643134,-0.19501749904765864,1.3321,0.39543653261557127,2.8731888792819045,0.6520857810974121,9.019577980041504,1,0.6018361580271618
all_equal,378,0.3318678939166073,0.3079496013588844,1.1651,0.8474786594063299,0.8412895968433405,0.10116195678710938,3.0072181224823,1,0.4475002015720959
all_equal,379,1.0208479653826805,-0.7179484314026792,1.157,1.3666090167831193,1.8793643845915171,0.10185885429382324,3.5168097019195557,1,0.21830429619798483
all_equal,380,0.4102948834544231,0.4908939742572821,1.424,1.4436966007521084,3.716218078511295,0.20345473289489746,5.327992916107178,1,0.6878202097966962
all_equal,381,-0.7535500324460904,0.5409151008307768,1.3599,1.3058173066431544,1.5469265420645169,0.15416979789733887,2.9128544330596924,1,0.6296822411463976
all_equal,382,0.08999782670729739,-0.39018899595202206,1.1502,1.4166018444264976,1.4069272215330997,0.15264368057250977,2.9184682369232178,1,0.6119625519386669
all_equal,383,0.7185973295043389,-0.0021924058482002406,1.1546,0.8326202107156159,1.6529939803542355,0.2066326141357422,3.726332426071167,1,0.6454287925447354
all_equal,384,0.5464106363103696,-0.3684146229921246,1.2042,0.43996816239085496,1.1233367677851176,0.15216398239135742,4.914089202880859,1,0.740006387431028
all_equal,385,-0.5139619892222635,0.19285593134788648,1.2012,1.2006971219782652,3.165386083759283,0.602114200592041,11.923280239105225,1,0.751885497577288
all_equal,386,0.5323296907338615,-0.596151107667822,1.1478,1.4296798749659063,1.49491324795048,0.10151147842407227,3.7112574577331543,1,0.31161829928801754
all_equal,387,1.0355210667208832,-0.07860828140682341,1.0636,0.7267215703054718,4.968169891570191,3.1569106578826904,11.625934600830078,1,0.26493294694512115
all_equal,388,-0.7869563598817484,0.1269499900661868,1.2102,1.9197011768644365,2.5566953247432203,0.10149240493774414,4.015525817871094,1,0.7835515414063063
all_equal,389,0.7506323193838982,0.4718996806407124,1.4702,1.6545244675081545,2.260553719872506,0.05116605758666992,3.411078929901123,1,0.7793380519613462
all_equal,390,0.3379643199026656,-0.17824688248558762,1.3387,0.9198620810760018,2.811554870634353,0.6073017120361328,10.326199293136597,1,0.9311113977489486
all_equal,391,-0.17251882622201276,-0.4175398519690616,1.4514,0.6858368173223419,0.6221328979335511,0.2025606632232666,3.411782741546631,1,0.6753313729075691
all_equal,392,0.7574215792941106,-0.1607836394865998,1.3078,1.0419638374295654,1.016714640896003,0.2025434970855713,2.7146694660186768,1,0.8928910774106193
all_equal,393,0.3634891815089678,-0.1222712094150471,1.1505,0.6934029079491799,0.4293810218252357,0.15656638145446777,1.7058439254760742,1,0.6983750947306282
all_equal,394,0.587483762479369,0.44248318454439606,1.274,0.6197793326614903,0.6569772760086119,0.15238285064697266,2.30669903755188,1,0.6559003283186089
all_equal,395,-0.8261483224561612,0.13906884160904753,1.0002,1.6181550705395658,5.455260302088062,2.218851089477539,12.525295734405518,1,0.4050756960546607
all_equal,396,-0.41328085549813676,-0.20589516162582278,1.1435,0.6153954824524803,0.558410780067522,0.05133795738220215,2.1055819988250732,1,0.5833274242367388
all_equal,397,1.0847909010659067,-0.5555317799870487,1.2149,1.6398840963153336,1.8999662138782687,0.10148978233337402,3.4090402126312256,1,0.4655630941808785
all_equal,398,-0.024308363217431572,0.24297933001433425,1.29,1.4655242313077903,2.1632250947003033,0.15393424034118652,3.6100316047668457,1,0.7875405609962095
all_equal,399,-0.6185225183019238,-0.5999533417461554,1.3274,1.0311885990846978,1.1588420036180824,0.10111188888549805,3.3096752166748047,1,0.6092587374669652
all_equal,400,-0.3296135588784648,-0.6338777870091323,1.2325,0.433973326283463,0.6245415182945875,0.10125470161437988,2.510906934738159,1,0.45581613302715857
all_equal,401,-0.49271896240745156,-0.2986874736532744,1.2211,0.4890733265417352,0.871128170541776,0.10187101364135742,3.1065444946289062,1,0.7302689957568614
all_equal,402,-0.735401943677243,-0.029811847292036453,1.1069,0.395391556625004,0.4078175423469516,0.151566743850708,3.7093698978424072,1,0.5732753600721544
all_equal,403,-0.40978265365352173,-0.0010236293334023872,1.2366,0.4186502256286584,0.3337889758757943,0.10127091407775879,2.0104775428771973,1,0.7372021482168998
all_equal,404,0.18332233294474665,-0.2973654232194739,1.4506,0.7818720938566609,0.6840359099540684,0.051117658615112305,2.105386972427368,1,0.7330212384824981
all_equal,405,1.097384213940354,0.16636704685304626,1.398,1.1994225531732912,3.150354356635329,0.20151829719543457,5.825514554977417,1,0.7378609417919147
all_equal,406,0.0490375235463294,-0.6603644212665211,1.0848,1.5250227219705763,1.5853509872723242,0.1529099941253662,3.520503520965576,1,0.2947212643187354
all_equal,407,-0.5255495682471185,0.20506671998759485,1.0424,1.1178659698215638,1.618754363725314,0.15369963645935059,3.418339967727661,1,0.5397002195760001
all_equal,408,-0.6813872768002017,-0.12419033358125353,1.2577,0.3906218143557906,0.4737346419935148,0.15346074104309082,2.72119140625,1,0.7157364636778405
all_equal,409,0.4448550379336662,0.3499482461250879,1.3165,1.3347355696580667,2.312749179687098,0.15271663665771484,3.918707847595215,1,0.7894484629693552
all_equal,410,-0.0815558548659513,-0.5335803976840064,1.1676,1.1396316571225915,2.783547047923038,0.202286958694458,4.511367559432983,1,0.5056683445969506
all_equal,411,0.19719503221606915,0.41395374647320293,1.4092,1.0688296261564187,1.2536442068294509,0.051726579666137695,2.5107457637786865,1,0.6946903467848727
all_equal,412,-0.6963553755460551,0.2947415577626141,1.3756,0.8388342211457264,0.9158836048564586,0.05124044418334961,2.708138942718506,1,0.7914785885587956
all_equal,413,0.6769796697627048,0.2308152146988497,1.3364,1.496658079005317,2.148822263649568,0.051619529724121094,3.513446569442749,1,0.8278500617937704
all_equal,414,-0.35151088643670947,-0.24817257613413274,1.1123,1.2915534278305743,2.5404918046375804,0.1013188362121582,4.214032173156738,1,0.617253697743349
all_equal,415,0.2246360410919297,-0.3232095971558756,1.0996,0.6772538593299061,0.5797817394866777,0.1009817123413086,3.7093241214752197,1,0.5368306015133735
all_equal,416,0.3173779687207434,-0.03445646634501198,1.0122,0.41312745177582777,0.3645790553723897,0.10121464729309082,1.9042110443115234,1,0.35341239976122096
all_equal,417,1.0934571853798056,0.4268578919417617,1.1224,0.9656204308371151,1.6028882098837471,0.10123658180236816,3.507561206817627,1,0.5349436363486605
all_equal,418,-0.6423617993909864,0.3801758994668972,1.2376,1.8193657559381096,2.062333571292869,0.1014106273651123,3.1101455688476562,1,0.5606731118661668
all_equal,419,0.8474883597929666,0.36434149976161156,1.4249,1.5789847572491333,2.000394147227164,0.10121273994445801,4.710195779800415,1,0.8372824802642849
all_equal,420,-0.7126179809924182,-0.18930523437666813,1.0364,1.8529685446116795,2.688028732902695,0.051006317138671875,4.011052370071411,1,0.5230014254884384
all_equal,421,-0.1870303420021091,0.5974884159815231,1.2072,0.9920053248206514,1.083338980314716,0.05126786231994629,2.910208225250244,1,0.5064943583913974
all_equal,422,-0.6103360986256564,0.44140789864258345,1.3149,0.44815267258498215,0.49592791135466174,0.10118460655212402,3.208250045776367,1,0.6738434288241975
all_equal,423,0.32859332262243734,0.30784866644071573,1.0972,1.0951380522569756,0.9857983740541039,0.051010847091674805,2.7103497982025146,1,0.42518527975356746
all_equal,424,-0.0828498789552754,-0.5418821347690697,1.3482,0.9997562920390646,1.2048619805476772,0.10153555870056152,3.108853578567505,1,0.6848803138191978
all_equal,425,-0.8218408004261168,-0.5572815187012735,1.2472,0.6762744023648101,1.1307483747167537,0.20268630981445312,5.3187360763549805,1,0.6942103372773399
all_equal,426,1.0412595234056818,-0.14874791517439856,1.122,1.9117538661569764,2.1452999526346423,0.46434783935546875,7.0237109661102295,1,0.6875178264224918
all_equal,427,-0.0018878331295721917,-0.5978167238243639,1.328,1.1891189531601816,1.670429176263807,0.10228824615478516,3.111420154571533,1,0.5704555251578742
all_equal,428,0.35502332660749825,0.15037630095506282,1.0028,1.0362106664178363,1.10298361326531,0.0509800910949707,2.4092509746551514,1,0.3373667690065518
all_equal,429,0.6744694635876478,-0.11123421774095399,1.3755,0.559554870285818,2.1943885412036312,0.10127067565917969,4.413559913635254,1,0.8228568204099799
all_equal,430,-0.7584789281052013,0.21197840445165217,1.385,1.6099772424296086,2.9097629412302615,0.10146141052246094,4.309013843536377,1,0.8715546912001019
all_equal,431,-0.5910617512619771,-0.5762170932335826,1.0533,0.9923425470222362,1.50911676867528,0.1012563705444336,3.711620807647705,1,0.2805382102685657
all_equal,432,0.4988637792377695,-0.6574110693692938,1.2126,1.07488387683874,1.1170772279831707,0.10116815567016602,3.1093921661376953,1,0.3822160711387799
all_equal,433,0.7402890741609294,0.10231150812940903,1.0879,0.9153843836736277,0.9674964092266788,0.10110259056091309,3.910752534866333,1,0.639289857185509
all_equal,434,0.17159618147289346,-0.15756143053462957,1.479,0.7415402046966278,0.7134066131104857,0.10140681266784668,2.912407875061035,1,0.8565266193324064
all_equal,435,0.018473173963861278,-0.4755886687582688,1.259,0.5141021309757736,0.47048520705950425,0.051000356674194336,3.3069357872009277,1,0.6110749502854788
all_equal,436,0.7671801090135448,0.26498615889136656,1.0251,1.125410686687377,4.32622027282636,0.7522151470184326,6.214437484741211,1,0.5345156015947188
all_equal,437,-0.04818277560771267,-0.08163313565306529,1.1246,0.9468353635269733,1.8864061199694502,0.1011512279510498,3.91351318359375,1,0.6036192217036342
all_equal,438,0.6338944294280715,-0.5546112643283553,1.4242,0.937053986058877,1.0269952761199628,0.20228338241577148,2.407078981399536,1,0.3281485197368965
all_equal,439,-0.8489766246558035,-0.41158919725822996,1.2282,1.4409394203856265,1.471192557715273,0.30333638191223145,4.513657569885254,1,0.3395324371959774
all_equal,440,1.028880909044288,-0.07268854364517796,1.4007,1.9151448870824554,2.853722277436433,0.30236029624938965,6.3144800662994385,1,0.8727518430633832
all_equal,441,0.027575877097842483,0.4171466316842324,1.3338,1.2623307620639792,3.063577502498969,0.05099821090698242,4.608856201171875,1,0.7787016666238746
all_equal,442,-0.5756035465765232,-0.2968952764530576,1.4939,0.9446174459358271,1.082447436824049,0.05101370811462402,2.3093817234039307,1,0.8558483326423626
all_equal,443,-0.12798941884108517,-0.2009895932447714,1.2977,0.6825000793280275,0.5400462541617154,0.1014862060546875,3.0094728469848633,1,0.8365165837453852
all_equal,444,0.8951118534795446,0.5696298592563976,1.475,1.370576534509881,2.2178660542532898,0.10119199752807617,3.60770320892334,1,0.6609115159960594
all_equal,445,0.49088298746352654,-0.14173330754789149,1.4457,0.9605589103070046,1.0205882301304403,0.15137243270874023,3.7112696170806885,1,0.8782763692706818
all_equal,446,-0.7968389763566719,0.4960209771940721,1.3063,1.4434780480165057,2.16990127728733,0.1011965274810791,3.81237530708313,1,0.6153849122587906
all_equal,447,0.4338394738118614,0.486891775730781,1.3596,1.3078916018274556,1.2493600849809634,0.10103678703308105,3.1105096340179443,1,0.40462111727012884
all_equal,448,-0.7408956556087125,-0.030707377847289496,1.2524,1.3293107754868818,1.4264419160994901,0.05128979682922363,2.708635091781616,1,0.7357251006380249
all_equal,449,0.1422238470507209,0.19163296863227752,1.4153,1.0224397766650346,2.236682386686603,0.10116338729858398,4.008839845657349,1,0.8626516498689422
all_equal,450,0.5467529551402361,-0.6439561223378227,1.2739,0.9170581850286242,4.3838253119604,0.15117621421813965,5.912545204162598,1,0.3943137935584385
all_equal,451,1.0227857714295696,0.2703364858966756,1.4486,1.1246063041249739,4.374802744099308,0.05152773857116699,5.818806409835815,1,0.8554309820661149
all_equal,452,-0.17988819864372618,0.32137395184294404,1.3718,1.3567032643351886,1.1829027137396173,0.15254807472229004,3.111292600631714,1,0.5757337045026873
all_equal,453,-0.5279152973678448,-0.6078043772937921,1.2373,1.1296837999728226,2.7300566029095066,0.15212178230285645,4.52011251449585,1,0.5440922727803004
all_equal,454,-0.347677979059842,-0.7142216235435258,1.1296,0.343063765377727,0.2839067437134456,0.10215258598327637,1.9056241512298584,1,0.19294127027693858
all_equal,455,-0.287428451039753,0.3139126051295956,1.1236,1.1188489608950267,1.3436577081897476,0.1016535758972168,2.9064693450927734,1,0.6187387886648535
all_equal,456,-0.4653278463284098,-0.5762150614489756,1.3188,0.9500086080746135,1.1115630298926105,0.1026613712310791,2.4113523960113525,1,0.6145691136341411
all_equal,457,0.403218230518521,-0.01436486891565636,1.3829,1.1498465711312362,1.790691162847234,0.05104851722717285,3.411844491958618,1,0.9172791637320622
all_equal,458,0.7100515278593669,-0.3406625215728744,1.2606,0.4277074429137124,0.4650889084482071,0.05095791816711426,2.909057140350342,1,0.7528470769240593
all_equal,459,0.28136170856676257,0.28485254853617714,1.3134,0.8529925985539386,4.741872889888697,1.0541274547576904,15.129545450210571,1,0.9340215326094375
all_equal,460,-0.6191142307021915,-0.27822044676355917,1.1373,1.302540656504221,3.459943259947975,0.6022412776947021,12.124800205230713,1,0.6685130234528943
all_equal,461,-0.13536495875404864,-0.1493263628346746,1.0387,0.6206513897062067,1.473894471886526,0.10124754905700684,3.6079514026641846,1,0.5700662649952778
all_equal,462,0.9961763104100105,-0.41228821394213816,1.1429,1.0962587320376374,1.931657446156649,0.10114669799804688,5.118060827255249,1,0.6864989936172575
all_equal,463,0.884885152214772,0.1443440565882531,1.1359,0.5674545003961532,0.6272016112822232,0.2523617744445801,3.7113351821899414,1,0.7074226622275073
all_equal,464,0.8342353327923302,0.42011070136044204,1.1599,0.32278122012675114,0.37867836322877657,0.20214629173278809,3.7090866565704346,1,0.7341666739011607
all_equal,465,0.6234931027751236,-0.11021873074533162,1.2701,0.5810295720098191,0.6514573691638273,0.3066697120666504,3.7106986045837402,1,0.8109088128510894
all_equal,466,0.6659188389624542,0.15856636497379228,1.0692,0.44237956242687015,0.3618732703691784,0.05104780197143555,2.609130620956421,1,0.6362433355336793
all_equal,467,1.0786154237375754,0.5449712033670414,1.1156,0.5273449532460255,2.519472930625643,1.3534667491912842,8.118167638778687,1,0.4337417100313875
all_equal,468,-0.6119135710130583,0.25449639631979604,1.347,1.7595027190997365,1.9926870379611294,0.10182905197143555,3.008688449859619,1,0.7145167708832753
all_equal,469,0.12960003743052506,0.4121259604873889,1.3532,0.8680345092875892,0.7605957484087966,0.10112786293029785,3.1097517013549805,1,0.6745979579169508
all_equal,470,0.29706912248928785,-0.04451260853703132,1.0321,0.8344909111073813,4.342754073820859,0.6546173095703125,10.320441722869873,1,0.3828595052705369
all_equal,471,0.49237066866327983,0.4569456863927498,1.2038,0.559263460178213,1.3901147274304388,0.051285743713378906,3.6071481704711914,1,0.5768259978549302
all_equal,472,-0.5557380195200363,-0.10882003014720865,1.2713,1.297749858392305,2.050897299341432,0.10107827186584473,3.711627721786499,1,0.8193145034738155
all_equal,473,0.5668471193539755,0.6197468731540255,1.2079,1.4334312379447804,1.5349960118591537,0.05106830596923828,3.206263780593872,1,0.3107838114470546
all_equal,474,0.7127406599617341,-0.46265503801989294,1.1034,1.2332542148832666,2.6331394144192535,0.10107183456420898,4.611603498458862,1,0.44231200975158935
all_equal,475,0.34788316241567485,-0.48465401463841823,1.2101,0.4180490825654373,0.3697967263285667,0.0510706901550293,1.9077484607696533,1,0.5196471701852599
all_equal,476,0.22547695100965703,-0.7358145109920379,1.4524,0.2738618258023148,0.4208092193871929,0.10160112380981445,2.913398027420044,1,0.3531014089917427
all_equal,477,0.6050443573733022,-0.4647917103329638,1.292,0.6068204769822223,0.5728721392572629,0.15278363227844238,2.6092629432678223,1,0.7166324603962649
all_equal,478,-0.22502153641792721,-0.538427818843221,1.3478,0.8963239649994316,1.2841049915262976,0.15285730361938477,2.9085988998413086,1,0.6238445209552903
all_equal,479,1.1017346571772042,-0.2369427050835904,1.4284,1.4850939724039556,1.906630781480452,0.15247750282287598,3.7226479053497314,1,0.8823175842149868
all_equal,480,0.8834400368817776,0.07184291517264152,1.3828,0.5212982455931924,0.4066148205894365,0.25204920768737793,4.210335731506348,1,0.8447823466752528
all_equal,481,0.5057151663566712,-0.7385781058077211,1.1902,0.9918300214587228,1.3284713869259552,0.05088543891906738,3.7095773220062256,1,0.27602097525880787
all_equal,482,0.701099110591181,-0.6152308608830164,1.0029,0.2977705126455383,0.3182006695107275,0.3518493175506592,3.711343288421631,1,0.18388728473822782
all_equal,483,0.40008919234416074,-0.6538911611804015,1.1759,0.27393034926661414,0.37525502665173927,0.051337242126464844,1.809232473373413,1,0.3541757591627885
all_equal,484,0.23822830713285081,0.08619205390352902,1.3767,0.8263266753188874,1.0439485608084957,0.0509343147277832,3.512709617614746,1,0.5934042301563148
all_equal,485,-0.3382153327058792,0.3906178895874054,1.4267,0.48062235094238176,0.6173824619000825,0.05121970176696777,4.308676242828369,1,0.7420911325351857
all_equal,486,-0.7569520582384333,-0.28375655011161244,1.4767,0.8367724057858575,1.243651018026044,0.20133733749389648,5.212284326553345,1,0.791686484563873
all_equal,487,0.6900348599807096,-0.03227231644922868,1.2095,1.6773093087842152,2.4357959156494884,0.10131049156188965,3.7117698192596436,1,0.7671868242674043
all_equal,488,-0.22252196234634447,-0.14665739087709528,1.3738,1.0099898859738898,0.8936879566598223,0.10129213333129883,2.7256007194519043,1,0.689206499510753
all_equal,489,0.31268253283433034,0.26780111896464687,1.2731,0.6650093489936958,1.4095828931091923,0.10111165046691895,4.511749505996704,1,0.7854178775235046
all_equal,490,0.4005642254787496,-0.16420517477394503,1.3016,0.4407846620127115,0.44489033281703505,0.10110759735107422,1.5072908401489258,1,0.8230205930918097
all_equal,491,-0.6384576695898463,-0.17979068155729994,1.1103,1.0559255742534817,2.0092173416231827,0.20196747779846191,4.108713626861572,1,0.596965307919552
all_equal,492,0.2604508415722837,0.06459510182466044,1.1097,1.027014653969694,0.9357654228229976,0.05109119415283203,2.708207368850708,1,0.46209877826516
all_equal,493,-0.20999862571349048,-0.7070057224769429,1.2179,0.8965974914405439,1.0752653466803057,0.052179813385009766,2.7066757678985596,1,0.29199490181229754
all_equal,494,-0.33177365463388575,-0.0311597751878675,1.0145,0.831669025108654,0.8845014379754782,0.10188484191894531,2.9173059463500977,1,0.5216733667022615
all_equal,495,-0.35907382392803644,-0.15265153929670316,1.1681,0.14507592717650086,0.20672047929804893,0.1048579216003418,1.9068307876586914,1,0.6457274446039895
all_equal,496,-0.5041469898286783,0.3598319076593063,1.3396,0.5134814032501113,0.6301748383444444,0.1525897979736328,2.709973096847534,1,0.7892250221135089
all_equal,497,-0.6084426946715995,-0.6322535200977107,1.2022,1.0905972398636767,1.2331903114717024,0.10318922996520996,2.5075321197509766,1,0.4562922206537357
all_equal,498,-0.007161907416714075,0.2593443061683932,1.0825,1.191805358319023,1.2331923556104136,0.10201478004455566,2.712991952896118,1,0.5481905005115769
all_equal,499,0.336466246264685,-0.5570234909504601,1.2337,0.959706197333452,1.0542147739833074,0.15243911743164062,2.807417154312134,1,0.5193892734875687
all_equal,500,1.0230101789874138,-0.6482516855262773,1.0638,0.8278901996438156,0.9107195714832298,0.15159225463867188,3.4130804538726807,1,0.34445266532633223
all_equal,501,-0.3542993348354344,-0.4036511300750722,1.3111,1.428030119795097,1.668625130060832,0.0512850284576416,4.809846639633179,1,0.7402521873423756
all_equal,502,-0.3339956428130534,0.30041321256228215,1.0135,0.8549448944154593,1.8237467825783116,0.10118985176086426,4.210218191146851,1,0.2511235898178255
all_equal,503,-0.7434442757073885,-0.07307717989276985,1.197,0.6415307889930073,1.4382301637743617,0.10113191604614258,3.708868980407715,1,0.7630605625414276
all_equal,504,0.9235590325286225,-0.5516768600844242,1.2822,1.8260670910810584,2.217155081062989,0.051413774490356445,3.3091628551483154,1,0.5251748668593107
all_equal,505,-0.18456552735497378,0.4933710169743125,1.0136,1.6839451110257566,3.647270678802286,0.10121464729309082,5.6108386516571045,1,0.3318682773584259
all_equal,506,1.036447768611257,0.026671084076570928,1.3214,1.2812492633320036,4.542624220850215,0.1511538028717041,6.411884784698486,1,0.881233191607415
all_equal,507,-0.04295164159501208,-0.3855431952181417,1.0678,1.3008045822444305,1.2487420170658745,0.10122346878051758,2.9100632667541504,1,0.5541207392235928
all_equal,508,-0.36455741623550086,0.15583590242537837,1.2308,0.6920680696833893,1.8158365412743183,0.10139274597167969,3.91465163230896,1,0.6796032310023196
all_equal,509,0.046514188616282315,0.5925353229137321,1.0251,0.7183641972728404,0.7346493094349185,0.0509181022644043,2.0058047771453857,1,0.25841401162884226
all_equal,510,-0.646862154352116,-0.5351868573181999,1.1896,1.3793466747676417,1.6641314168755614,0.10137367248535156,3.311607837677002,1,0.5786213549396587
all_equal,511,0.8129210266411351,0.028120111100189304,1.1058,1.6617425970110304,2.143517968581589,0.10101532936096191,3.71130108833313,1,0.6134874236484945
all_equal,512,0.83179687221858,0.2501468526084567,1.1634,0.25685585633540053,0.3488721709009571,0.10126805305480957,3.7149429321289062,1,0.6294755009086064
all_equal,513,0.2042927467731246,-0.6307093749439266,1.3806,1.1029354642194775,2.0255752577954196,0.155289888381958,3.810356378555298,1,0.5508940000683767
all_equal,514,-0.5444348613963874,0.556389253978388,1.1896,1.4616967691681637,1.67914097050466,0.2026841640472412,3.614988327026367,1,0.5043316265865168
all_equal,515,0.04326980190320351,-0.17723414586288522,1.376,1.0358747049184798,0.9920050112100403,0.1518392562866211,2.908297061920166,1,0.8747340795291579
all_equal,516,-0.7495747041421027,-0.0388213605895642,1.416,0.6862391410967881,0.8236921790673783,0.10173273086547852,2.713318109512329,1,0.8720485577922181
all_equal,517,-0.77002206328744,0.33734624595366147,1.1261,0.5483475643118944,0.5220012549177405,0.10183238983154297,1.7039613723754883,1,0.537961153684838
all_equal,518,-0.5465520074971895,-0.2892845008665623,1.041,0.7805062016814956,0.7762432116814652,0.05087590217590332,2.1053848266601562,1,0.4668106680069963
all_equal,519,-0.46692531463328774,0.4631385273809042,1.0097,0.7986323401997044,0.9170272707704868,0.05133843421936035,3.408339738845825,1,0.32882962855535297
all_equal,520,-0.39970590904178915,-0.12299714109532234,1.2697,0.6768632549824548,0.7288803167196538,0.05121350288391113,4.611069679260254,1,0.7482985492268541
all_equal,521,-0.8191541711309405,-0.6534088916080839,1.5,0.6268357965659384,0.8049513708924916,0.10117483139038086,2.510770320892334,1,0.5559960178988443
all_equal,522,0.19470696354227957,-0.05900561396088522,1.175,1.392378607223407,1.7978136205651107,0.10127425193786621,4.010941982269287,1,0.7518697336183009
all_equal,523,0.7564084643096469,-0.2203029096846093,1.3251,0.5004625444818053,0.6380815390549173,0.10107135772705078,3.010948896408081,1,0.7827429565908395
all_equal,524,-0.46913487800892023,-0.023945086738425436,1.3906,1.3595630494397342,2.35000317062613,0.1010746955871582,3.914205312728882,1,0.887118987289261
all_equal,525,0.27179005117645416,0.12891624171411742,1.3259,0.8960050399503898,2.5387865691821223,0.15354347229003906,4.308655500411987,1,0.8080224878397477
all_equal,526,0.9407085155827597,-0.010618336403803608,1.3771,0.5608708792354926,1.7398763210245238,0.1515045166015625,5.213836193084717,1,0.7439437509157621
all_equal,527,0.6992439965686201,-0.3077694557092183,1.4748,0.3947178793226163,0.39553201365703167,0.15109515190124512,2.7103419303894043,1,0.7375302739991547
all_equal,528,-0.3241753060171827,0.6083585035107152,1.0997,1.422767273742387,3.2513818372058774,0.15106892585754395,4.915594577789307,1,0.3109269292012029
all_equal,529,-0.5078663686302323,0.48534186155081416,1.0102,0.3376644730796785,0.2562766786672982,0.10189580917358398,1.533445119857788,1,0.33531516425175545
all_equal,530,-0.0002789847939322909,0.10241948644590804,1.0762,0.7023638898228666,0.6303893167422132,0.42267608642578125,4.125154733657837,1,0.6046868955146479
all_equal,531,0.7197422072451227,-0.04884589310569898,1.0631,0.822247416564201,2.1562624154059735,0.15267229080200195,4.212937593460083,1,0.6311378736293658
all_equal,532,1.0775066523303387,0.1747220783561837,1.3347,0.40977744713522185,5.177565603447055,1.304424524307251,6.914539575576782,1,0.8589677091167796
all_equal,533,0.8749808169598043,-0.15562916879707478,1.282,0.4874087324793002,5.3224184894057895,0.05111503601074219,6.713478088378906,1,0.8209964057019968
all_equal,534,0.23643576497127428,-0.01835291920344262,1.109,0.8094470458790194,0.7004266604599023,0.05096149444580078,2.309199094772339,1,0.6779061756109701
all_equal,535,-0.7156161492375155,0.262076177727658,1.3497,1.0754699611865708,2.7526873075997043,0.051198482513427734,4.509046316146851,1,0.7683917742389881
all_equal,536,0.7503838844738024,5.061935013805918e-05,1.3834,1.614371580359825,3.1085413228411394,0.05120420455932617,4.511459827423096,1,0.8326123001237012
all_equal,537,0.06085477568483855,0.38592909745418813,1.0839,1.0145374899266482,2.9001084576485194,0.10123944282531738,4.813493490219116,1,0.465228350092932
all_equal,538,0.10652907045009441,0.39501447284873803,1.3036,0.15698280404443324,0.22093894297509173,0.05107402801513672,3.5081536769866943,1,0.7287914505834135
all_equal,539,0.5382117882956075,0.39189406426090445,1.374,0.5216814933227751,1.2195181838002065,0.10117793083190918,3.410684585571289,1,0.7264363553365105
all_equal,540,-0.5916115162937101,-0.264928500486103,1.0573,1.5070614635027186,2.449167673371758,0.10106825828552246,4.010106563568115,1,0.4888125073364675
all_equal,541,0.417574513235478,0.11015585171536446,1.4097,1.1836281672527473,2.220304992365525,0.15146398544311523,3.9126181602478027,1,0.9353599554458722
all_equal,542,0.061091165783162205,0.6022901848328225,1.4824,0.690280804572396,3.4657397833709385,0.15115666389465332,6.9136645793914795,1,0.5028896842366011
all_equal,543,0.46718392803351017,-0.2963070827968456,1.054,1.2728238589202696,1.3961584486895484,0.10107922554016113,2.8108017444610596,1,0.27386574505301514
all_equal,544,-0.5263849915172485,0.4327829937365505,1.0128,1.1850848144758166,1.2811353341936913,0.05115842819213867,2.9132163524627686,1,0.36710997395727113
all_equal,545,-0.31947479268335854,0.14031974442066442,1.156,0.4330874852900916,0.3884622348137081,0.10159802436828613,4.015778303146362,1,0.7089055441419829
all_equal,546,-0.2678742387870786,-0.4508266268661139,1.3387,0.6431243656567329,0.7085900901142008,0.15430307388305664,3.010054349899292,1,0.76901626869809
all_equal,547,0.421568650833003,0.5462308205482153,1.4791,1.3012408188893363,2.5220405631860046,0.1530590057373047,4.009501934051514,1,0.7184969712792989
all_equal,548,0.6897026343280379,0.1706892573760176,1.1983,0.6127563172164923,7.5808779191578655,1.3097114562988281,12.325376749038696,1,0.7589387209037203
all_equal,549,0.45639144219736316,0.02704542696712453,1.3575,0.39700667604680506,0.48820781805901237,0.05221080780029297,3.707145929336548,1,0.7587836206788177
all_equal,550,0.039430093522217935,0.4449103994841487,1.038,0.6707733575246291,3.422846652322787,1.0545463562011719,10.41870665550232,1,0.3918327208490859
all_equal,551,1.0630182511081268,-0.5908699047696422,1.3453,1.544036341487685,2.602741904859203,0.10095357894897461,4.110679626464844,1,0.6029970262958635
all_equal,552,0.593489967360056,0.5184371827216331,1.3136,1.3241355444633545,4.327825904336451,0.05104994773864746,5.71208643913269,1,0.6525605130080148
all_equal,553,-0.2938234672245187,0.5083982020987395,1.051,1.0602502461336738,0.9650045918995751,0.10131382942199707,2.710576057434082,1,0.44233749608020734
all_equal,554,-0.8373110067998992,0.5799014306197118,1.3862,0.6373565580028108,0.9644864374799103,0.10120940208435059,2.7068395614624023,1,0.5988926367823552
all_equal,555,0.7708602257502346,-0.3561898733778862,1.4251,1.9745611643143741,3.3411964101605722,0.10140705108642578,4.409887790679932,1,0.7427326088471589
all_equal,556,0.5217056073272972,-8.029308989310202e-05,1.3002,0.6287118652497296,0.5246813764501608,0.05112314224243164,1.958362340927124,1,0.873580118600811
all_equal,557,-0.8484152000983621,-0.09891281545176889,1.0605,1.513388260673011,2.4584416188023748,0.10239791870117188,4.113035202026367,1,0.5493951097966444
all_equal,558,-0.2838746651215207,-0.330911140789403,1.4919,0.7560788864545561,1.6638054973608019,0.10088348388671875,3.5142242908477783,1,0.6635940790762275
all_equal,559,0.9165378804705187,0.4280105634134833,1.3913,1.4076299352437274,1.7840972227784182,0.15231943130493164,5.918881177902222,1,0.5920719840816284
all_equal,560,0.8955435513127907,-0.4883563333275463,1.1736,0.9425141418591502,1.0120663693774024,0.1527695655822754,2.4077954292297363,1,0.4835055631628502
all_equal,561,0.701854148383777,-0.6953630535178119,1.2142,0.286148963325541,0.28901140802094927,0.10193419456481934,2.206538677215576,1,0.3392753657503849
all_equal,562,0.8229896579860032,-0.02653362325410802,1.1853,0.6797589104005364,0.8025045453989315,1.809948205947876,3.7125635147094727,1,0.6725770710917899
all_equal,563,0.31417540320723125,-0.5850820620401551,1.253,0.8095612555938668,0.8565758383173526,0.051496028900146484,2.4051127433776855,1,0.5099526403912413
all_equal,564,0.45335492114327147,0.3964400622612222,1.1706,1.0990785564897954,1.2628512798291716,0.10126399993896484,3.7074134349823,1,0.48587020363558914
all_equal,565,0.15257866917849183,-0.15159273821895947,1.4248,0.6747324758734168,0.6816945984931384,0.15128445625305176,2.3101847171783447,1,0.9261976449455632
all_equal,566,0.6608294776571699,0.08404279421479088,1.4112,0.5598518726234902,0.5595918597557492,0.10111260414123535,2.109224796295166,1,0.9370325046229125
all_equal,567,0.3302515450205705,0.12441657794839256,1.0528,0.48807887351291174,0.44125661855670156,0.15124154090881348,3.7097160816192627,1,0.4929912072470304
all_equal,568,-0.402406865681134,-0.03901216965208354,1.4804,0.8883773096499532,0.8360820893462442,0.3517630100250244,4.71366548538208,1,0.47103337930088757
all_equal,569,0.09355613000734608,0.15315613261547922,1.3178,0.528396072021289,0.5669935337862161,0.15124130249023438,5.1154539585113525,1,0.8316494369203691
all_equal,570,0.6008031418619415,-0.04739043425359135,1.4144,0.43707978515197304,0.5832784300940294,0.051254987716674805,3.708745241165161,1,0.872263265412505
all_equal,571,-0.36879588677145925,-0.24581384993613936,1.3537,1.1289370489130937,1.0199235073796769,0.10129332542419434,2.509842872619629,1,0.5065002311692065
all_equal,572,-0.5954722386493243,-0.36265714109474584,1.2177,0.44327934975726746,1.073492816299557,0.1013181209564209,3.3106844425201416,1,0.6260978517983222
all_equal,573,0.08240537717814755,-0.47356174269744805,1.3669,0.7902176740025939,0.7011652854876875,0.05104517936706543,2.510587692260742,1,0.7306921870801808
all_equal,574,-0.46274070953503815,-0.033229208515224706,1.4827,0.6532451655275284,1.267041725555468,0.4015352725982666,5.517160177230835,1,0.6841442453439927
all_equal,575,-0.4388056203601179,-0.6925448479238717,1.135,0.7953053371493828,0.6844505870061549,0.20247983932495117,2.409153699874878,1,0.1590405813039531
all_equal,576,0.717724816927189,0.042994835989419444,1.4041,1.2542275061940853,1.670172806692985,0.20682311058044434,3.7104153633117676,1,0.8918306925406729
all_equal,577,0.973735871915842,-0.19750133334009856,1.2691,0.3544563794576519,0.4439748197953072,0.1532597541809082,3.714099884033203,1,0.8603297836809916
all_equal,578,-0.647372304129376,-0.26866340179047504,1.2417,1.6232884067629847,2.3811496136714365,0.10121321678161621,3.9132375717163086,1,0.7533644179956218
all_equal,579,0.10520932223411517,0.22190354452750682,1.2178,1.0016210109060972,2.403539104149834,0.1010890007019043,4.2087719440460205,1,0.7339929509929084
all_equal,580,-0.32848211642031233,-0.20085247212883384,1.3655,0.6872832959759992,2.1960094736380986,0.10156559944152832,4.109654426574707,1,0.776877379017106
all_equal,581,0.9258850070670919,0.23808085349746078,1.1342,1.5063940529257762,2.506566281748593,0.10111403465270996,4.1106860637664795,1,0.5939124384784422
all_equal,582,0.759752541526606,0.569253142780375,1.4259,0.4515895331130075,0.5165063033464299,0.0514531135559082,3.2170653343200684,1,0.6838224208837502
all_equal,583,0.3883475157035128,-0.6727399858985535,1.4154,1.4000245836974596,2.9237695916961646,0.10190153121948242,4.4168243408203125,1,0.5277842533580578
all_equal,584,0.3237225877456864,0.2003745411388418,1.0433,1.0807279397164917,1.2223533099086554,0.10132622718811035,3.8133370876312256,1,0.38806595703595187
all_equal,585,0.031260760749884264,-0.23592114810050058,1.4408,0.6125691770277577,0.7746978484831978,0.10138273239135742,2.111004114151001,1,0.9146981201397477
all_equal,586,0.6158348907562847,-0.645435468931307,1.1219,0.9212765219463718,0.9175397833182225,0.10128259658813477,2.4095044136047363,1,0.26138847356421246
all_equal,587,0.9935003604287094,0.17561881659728396,1.2324,0.9999023702017452,3.3082558597979306,0.10113954544067383,5.110729455947876,1,0.7911173145705386
all_equal,588,0.30363568817532327,-0.7290797531458806,1.3052,1.1979915935668948,3.513930082729184,0.05095076560974121,5.110450029373169,1,0.3792932171816178
all_equal,589,0.34112061425943163,0.4574618674227583,1.1895,1.2999791793367095,2.9828227376746974,0.10102510452270508,4.710966348648071,1,0.6224048956946848
all_equal,590,0.9156624550405383,-0.6517061578551653,1.0143,1.2804733982675267,4.529232670935151,1.303105115890503,10.830849647521973,1,0.29102154654245105
all_equal,591,-0.8497974975313481,-0.16312492658462396,1.4255,1.908051107575855,3.5246316079755333,2.0703389644622803,11.523085832595825,1,0.7450736646321272
all_equal,592,0.27101017550787976,-0.6829025146475063,1.0909,1.462963229256135,1.4442437549559375,0.10105252265930176,2.5088675022125244,1,0.25780656603245494
all_equal,593,-0.19284230601179142,0.25888437189294156,1.1061,1.0940209043972704,1.2718184170367046,0.05251646041870117,3.8097028732299805,1,0.653884323133601
all_equal,594,0.4995207824584045,-0.15227469966593643,1.3989,0.8899876018384781,2.5311985438382534,0.05139327049255371,4.309786558151245,1,0.8696390649073811
all_equal,595,-0.26588664542158247,0.34106560973117006,1.1702,1.095435230032987,2.7144370626195413,0.05109906196594238,4.4110095500946045,1,0.6638329815925339
all_equal,596,0.7570411446105278,0.4352906519466039,1.4402,1.1012011623829705,1.653711905707586,0.10105657577514648,3.109835624694824,1,0.7447629716410623
all_equal,597,-0.2410059660875028,0.05694107782031255,1.3506,1.2302463094362184,1.951690804841401,0.10157179832458496,3.5107262134552,1,0.827808628157748
all_equal,598,0.5254711797600604,0.20286849540819618,1.1381,0.955183417672156,1.965211441315299,0.05123496055603027,3.810307025909424,1,0.6626246512278573
all_equal,599,-0.0196908511679047,-0.5470756460314574,1.0051,1.0146373582879702,2.8076395821539166,0.1011350154876709,4.810269832611084,1,0.2960973481512319
all_equal,600,-0.5668607810033723,-0.7080347778894983,1.474,0.6152419384181207,0.782089947837175,0.10161566734313965,2.710862874984741,1,0.4877499071093387
all_equal,601,-0.19792254183587987,-0.6444678647233275,1.0428,0.732766792498195,0.607472916195788,0.10104990005493164,3.0134317874908447,1,0.2909555459462724
all_equal,602,0.4690531079547886,0.08934068874799661,1.36,1.0706178913345858,1.5800237965507393,0.10328912734985352,3.9111526012420654,1,0.8178103819979969
all_equal,603,1.085287284920383,-0.11920177247653807,1.2443,0.5658802085804526,0.632991645805172,0.15311455726623535,2.307588815689087,1,0.7815825920826508
all_equal,604,0.08943878472492639,-0.7051645468993544,1.3791,1.2226038056551034,1.2776969367660578,0.10256695747375488,2.3072092533111572,1,0.4098577708788135
all_equal,605,-0.11150229486214391,-0.6894194787220714,1.3453,0.30919565410385835,0.4239850525730516,0.15444517135620117,3.3133692741394043,1,0.5036354184433431
all_equal,606,-0.5558305759299493,-0.7109142196450725,1.323,0.3944669793027869,0.43906435198303156,0.05112433433532715,2.105013847351074,1,0.44089940979824127
all_equal,607,-0.29971686195019875,0.4937142934646447,1.2454,1.3431314813800088,1.568588302194888,0.05089569091796875,2.8123202323913574,1,0.6360151955554306
all_equal,608,-0.2507179661580867,0.477666645752128,1.3965,0.14727693238325856,0.2032248923840291,0.051160335540771484,2.1086626052856445,1,0.42750181451745983
all_equal,609,1.0773140894831401,-0.34673092843704334,1.0465,1.7767385903043584,2.9352793520964684,0.10174012184143066,4.5157575607299805,1,0.4624076295569564
all_equal,610,-0.10891540481141992,-0.27530811875430916,1.1108,1.2471324150529326,1.641730406582759,0.10110735893249512,3.2087972164154053,1,0.568829675102232
all_equal,611,0.22445616397957813,0.0013024122513455305,1.3459,0.5279367865854031,1.6650571867521864,0.0512387752532959,3.8120710849761963,1,0.7467999647582203
all_equal,612,-4.524368077551966e-05,-0.32759411539104755,1.1531,0.5619699164664403,0.5013285840664928,0.10103821754455566,3.4089221954345703,1,0.6452890503513878
all_equal,613,-0.7587424920815327,-0.27247647708110384,1.2908,0.8327581847049541,1.5495290697647495,0.05104184150695801,3.410458564758301,1,0.7173640655681475
all_equal,614,0.232378893627587,-0.26584134837208256,1.2366,1.1306564446378577,1.7835387692330762,0.10112833976745605,3.509185314178467,1,0.7207420213163793
all_equal,615,0.007094710918766123,0.11744595763254173,1.2655,0.5489951271421909,0.48852411471760265,0.10306000709533691,2.31231689453125,1,0.8256238089952646
all_equal,616,1.0968075067992018,0.4665524831926259,1.2128,1.063272254464201,1.4266407212627599,0.15143823623657227,5.612367153167725,1,0.41903821040856765
all_equal,617,0.3571490710123255,-0.46639716385197666,1.373,1.201435432730582,1.5029914109140683,0.15123248100280762,4.208327531814575,1,0.657282150512958
all_equal,618,0.06953224629889043,0.0031157783578292797,1.1654,0.7584493730987274,0.660264940130418,0.051390886306762695,2.2092127799987793,1,0.674717469086395
all_equal,619,0.9295390388776137,0.2492248055164148,1.3514,0.811431442153711,4.696321697313166,0.6522245407104492,10.019589185714722,1,0.7507365857529662
all_equal,620,-0.6140470545418966,0.34316045733369205,1.1355,1.6829609219976853,2.11045377172895,0.10105276107788086,3.914097785949707,1,0.6549206852047373
all_equal,621,-0.32642867972581047,0.4621224583189917,1.1257,0.523310526061655,0.937497797043268,0.15218853950500488,3.11134934425354,1,0.5244002737953163
all_equal,622,0.04402304923960998,0.6048766575955294,1.0603,0.5295143431512457,0.4077486891397302,0.15255427360534668,3.011618137359619,1,0.44370691232628884
all_equal,623,0.2938658768642759,-0.227296706518467,1.0963,1.0031801612097544,1.0543790032457077,0.10216760635375977,3.91534161567688,1,0.6070349025885098
all_equal,624,0.6368840153105959,-0.21189334362515966,1.0598,0.4651690459405647,0.369055423517865,0.20223045349121094,4.61475944519043,1,0.7187402044410562
all_equal,625,0.2711670359400662,0.4463029980881349,1.2679,0.8267005557310165,2.1559080900731624,0.8029088973999023,8.115148544311523,1,0.5670368804525994
all_equal,626,0.7671425036146926,0.30746118985558224,1.3811,0.6217121282501985,1.2431811601797382,0.051004648208618164,3.1098735332489014,1,0.8396837032467418
all_equal,627,-0.4756595102227057,-0.5928709750345802,1.0926,1.6939329241063537,3.289965358450891,0.10139274597167969,4.711490869522095,1,0.3796905607547661
all_equal,628,0.8056922690383939,0.4841059419385002,1.1082,1.756560447624753,2.7849503728769864,0.10103821754455566,4.310189485549927,1,0.4512298672594077
all_equal,629,0.015568367742194722,-0.0416657601081849,1.2421,1.0395382246672766,1.6981235018027259,0.10155701637268066,4.310500621795654,1,0.8332914321153491
all_equal,630,-0.8351119008402077,-0.08781707453131926,1.3623,0.7636199885744108,0.9042914254017326,0.05150318145751953,2.90984845161438,1,0.8305241090888736
all_equal,631,0.499599279306548,-0.5582861321932405,1.4883,1.5476588631267811,1.4896859372251572,0.05092811584472656,3.7126269340515137,1,0.43943155982525445
all_equal,632,0.7213945456207789,-0.35998393530240413,1.2623,0.6037884389765826,0.8836322743704336,0.05145668983459473,3.005964994430542,1,0.7214374643450099
all_equal,633,-0.8554329689051047,0.6280058557070382,1.1415,1.9785439108578258,2.474605629003156,0.4524576663970947,7.515128135681152,1,0.5313362819743602
all_equal,634,-0.28906435644184514,-0.7233308084854596,1.0503,1.6143028803252757,3.5231730802280747,0.6025950908660889,10.02169156074524,1,0.08823335875145816
all_equal,635,0.5946236935318749,-0.5467237052486478,1.0971,0.9350476869312728,0.9585422630763226,0.1026906967163086,2.3090498447418213,1,0.42534763324234626
all_equal,636,0.4322273020580487,0.30964329166113547,1.1137,0.9538432639836091,2.004049736227004,1.105212926864624,9.120386362075806,1,0.724393561871504
all_equal,637,-0.6973854569120961,-0.07299938951725227,1.0897,1.341214411617946,2.749691340708374,0.05135488510131836,4.408962726593018,1,0.6773342329012934
all_equal,638,-0.06611493855300599,-0.652302474151308,1.0071,0.999859755929322,1.3158624460511688,0.05101466178894043,3.309968948364258,1,0.3711362103733943
all_equal,639,0.7289221862382782,0.559123347675183,1.2671,1.4923255797537607,1.7840360167842073,0.10121512413024902,3.510774612426758,1,0.6357473112817237
all_equal,640,0.16274681988542894,-0.33139675849137723,1.1372,1.2268410899360171,1.1349380518953203,0.15115976333618164,2.7090816497802734,1,0.8358554772866155
all_equal,641,0.7017298091806639,0.2285368197644434,1.4871,0.7196427468489854,0.7841832767034689,0.05105233192443848,3.7097578048706055,1,0.9367593005939254
all_equal,642,-0.0745051538221132,-0.3372708611781259,1.2767,0.9829332541931518,0.9894432413985422,0.050987958908081055,2.9107494354248047,1,0.7271872691247786
all_equal,643,0.7195027972144252,0.5337593456901674,1.3487,1.1808952113347206,1.1948748875400337,0.5026400089263916,3.911774158477783,1,0.665892410118363
all_equal,644,-0.2357955201266979,-0.08837558076363028,1.0631,1.174434412129472,3.5857279770495354,1.1025750637054443,10.821330785751343,1,0.4238307435131095
all_equal,645,1.0673405702764713,0.08619951396360237,1.4342,1.2610702506921834,1.3992563800106792,0.0511775016784668,3.111679792404175,1,0.9662511033388748
all_equal,646,-0.6293712152816018,0.4780175762846578,1.2454,1.8741767802524656,3.708661780592254,0.10147738456726074,4.9196882247924805,1,0.6636040149348866
all_equal,647,0.288184010714875,0.11545302747263908,1.4364,1.071735349787156,0.9002388878990595,0.1022028923034668,2.7086265087127686,1,0.5466826294222011
all_equal,648,-0.39349140961462037,0.2379709170640545,1.287,0.5887621129580709,0.6449654312801083,0.3682117462158203,2.3271543979644775,1,0.7477244999878154
all_equal,649,0.22205691740243627,-0.02828656796502782,1.2347,0.8062460679820459,0.6530584830538125,0.15230226516723633,2.1146011352539062,1,0.5597757245071987
all_equal,650,-0.3350666079546122,-0.060540489048141355,1.2202,0.44435563663196176,0.5238497662894288,0.1521303653717041,4.311985969543457,1,0.7641561051841216
all_equal,651,0.37478335523942197,-0.6683477841533301,1.0922,1.0510897188143307,1.0829167016657824,0.051331520080566406,2.2083394527435303,1,0.2623091416079723
all_equal,652,-0.8727330384651101,-0.040708562688046235,1.0257,1.4007541990429302,1.471439617530503,0.10129284858703613,2.7121238708496094,1,0.5750415385935064
all_equal,653,0.5282273981372294,-0.6568644598915563,1.4705,1.6232713633551787,2.089444312357539,0.10108208656311035,3.307183027267456,1,0.5712124587863212
all_equal,654,-0.38379509124182976,0.2750021731529463,1.2389,1.4661314743128875,2.2342190557088286,0.05117654800415039,3.8098905086517334,1,0.7141183236764647
all_equal,655,-0.159016372937552,-0.37147962450766187,1.4111,0.7757163264038922,0.8092821557188109,0.15122079849243164,2.0057315826416016,1,0.7816751764880863
all_equal,656,0.6906641590600464,0.48243232696994964,1.2004,1.367802773713332,2.38658019950494,0.05112481117248535,4.010632276535034,1,0.5798541227089989
all_equal,657,-0.12515561704495182,0.5816437442574088,1.037,0.949257200431559,0.8758354172583828,0.1013650894165039,2.7096025943756104,1,0.31961500902287426
all_equal,658,0.10573942818563264,-0.21037054130394084,1.3147,0.8733725155370001,3.835576989917677,0.2014455795288086,6.212205171585083,1,0.7160535517452011
all_equal,659,-0.8643519995530874,-0.5136064560613489,1.0268,1.1830986230286746,1.4640064985134207,0.10100293159484863,3.0108048915863037,1,0.335183389551345
all_equal,660,1.0417061551650382,0.302665923804576,1.0746,2.1475594571638923,3.1302027055823958,0.051023244857788086,4.610587120056152,1,0.5434245747059844
all_equal,661,-0.2822605224766237,-0.5982285968273232,1.2814,1.6782623465165898,3.0678512515904153,0.051154375076293945,4.613028526306152,1,0.5559757810798566
all_equal,662,-0.7774953234364869,-0.24829065985205573,1.1519,0.6308925135743431,0.6563467669185368,0.05126380920410156,1.703833818435669,1,0.6690124283548791
all_equal,663,-0.015330852408945383,-0.11412074251113002,1.497,0.8925055619386975,0.8179774214125939,0.10099387168884277,2.908231258392334,1,0.9768542877086678
all_equal,664,-0.14003012663341596,-0.6710642022624129,1.0592,0.7893021815666478,0.8018030874491021,0.10124826431274414,2.5134634971618652,1,0.2522852931568487
all_equal,665,0.756560535670151,0.4253781535387363,1.3822,1.4969441414936524,3.2374401228093967,0.101654052734375,4.717696905136108,1,0.7242309364522884
all_equal,666,0.06306253585102972,0.4663353579041206,1.3032,0.8435925130956831,0.7249514455877362,0.1532902717590332,2.5079731941223145,1,0.704372133928847
all_equal,667,0.3315647063048961,-0.33725576981630173,1.3954,0.8645612994411023,4.036443365926077,0.15229272842407227,6.7203590869903564,1,0.7902303277910313
all_equal,668,0.5909001620182794,-0.30932802966915707,1.1128,0.4390952221553265,0.35643342350114104,0.10240507125854492,2.7122762203216553,1,0.6118832998703406
all_equal,669,0.5405760426661483,-0.469278212295571,1.2613,0.15961735623411083,0.3630460646424795,0.10134458541870117,2.2106411457061768,1,0.3081770151276194
all_equal,670,-0.14404817226730493,-0.6631816578415994,1.2253,0.7185048959720539,0.6915177022737531,0.05095863342285156,2.7078237533569336,1,0.3551565906912733
all_equal,671,-0.3426313147251605,0.40494983016977526,1.2214,1.2007138089557905,1.9092447535396762,0.05127739906311035,3.611225128173828,1,0.6667525308928328
all_equal,672,-0.20438112630365834,-0.7164438351192162,1.4301,1.2100189379857613,1.452162468185007,0.05120420455932617,2.710805892944336,1,0.5108316682159231
all_equal,673,0.1038576063748392,-0.18750588727180983,1.495,0.7300102331163371,1.1492435672487609,0.05091452598571777,3.0066311359405518,1,0.9071189377681544
all_equal,674,-0.8533309865246298,-0.10533325091088563,1.1527,1.1869878027578646,2.1355972497139475,0.10113883018493652,3.8121497631073,1,0.6239715924926826
all_equal,675,0.46988877410364527,-0.31449905922220245,1.3105,1.444307665978915,2.1597254787288866,0.05116415023803711,3.708453416824341,1,0.7986064495109819
all_equal,676,0.16020876645050341,0.5980429931856396,1.3048,1.0574704417773344,2.899793386168171,0.05190134048461914,4.5115110874176025,1,0.5925506151774382
all_equal,677,0.6534535757025641,0.3660317083393486,1.37,0.6334067655924238,1.1237464259552228,0.10106921195983887,3.913095235824585,1,0.8257244500971732
all_equal,678,-0.8382112158073415,-0.3399939687875041,1.4738,1.7639556561462306,2.9920644501315192,0.10117244720458984,4.609638690948486,1,0.8913878418738703
all_equal,679,-0.18307453434045307,-0.23223020879870215,1.1039,0.9265374037104157,0.8020328917879732,0.10163760185241699,2.4096555709838867,1,0.6462210373343462
all_equal,680,0.40828122592637817,0.5955431658036748,1.1055,1.0743374325128714,1.1676071013322595,0.05141282081604004,2.4096686840057373,1,0.38243596194862234
all_equal,681,0.9079471184655314,0.33311461987231217,1.3302,0.635268611283192,1.0354881121383523,0.10152578353881836,4.5155723094940186,1,0.7485602924822601
all_equal,682,-0.08415350936417543,-0.3267937885831933,1.0785,1.3612337067300624,3.9524669345195544,1.8622956275939941,10.155186414718628,1,0.7287249958105345
all_equal,683,-0.3842315954735552,-0.07787810621818292,1.0869,0.5994640118378683,5.100508678563999,0.7019662857055664,12.124561071395874,1,0.5041007038213546
all_equal,684,-0.7583523011957277,0.5730031865577921,1.0375,0.7118355945151337,0.7859687178419903,0.2017371654510498,3.6097757816314697,1,0.3281111754699598
all_equal,685,1.0918119009002851,0.005118725267561297,1.0013,1.9821480759500836,3.420145047918328,0.10156083106994629,5.112467288970947,1,0.5273652479550242
all_equal,686,-0.14822075694596204,-0.4333261377587037,1.2253,1.3705567770826126,1.3729603777068724,0.10109567642211914,3.11112904548645,1,0.43123414519297654
all_equal,687,0.36062383758380534,0.3305362297967972,1.2969,0.9909294142771045,4.222744708956361,0.10090374946594238,6.0142247676849365,1,0.7953563760202044
all_equal,688,0.7346473120081394,0.13080176764296303,1.1456,0.43875627327322914,5.23063779021886,0.10116195678710938,6.917137861251831,1,0.6667483432836591
all_equal,689,-0.35786833114070526,-0.26870590552895474,1.1157,1.258382664519467,2.207411764692788,0.05099844932556152,4.009308099746704,1,0.6332665599815173
all_equal,690,0.05851674748903035,0.4800539227821242,1.3535,0.914536331250256,0.9975410015354029,0.10257482528686523,2.1086602210998535,1,0.7258588587104489
all_equal,691,-0.5810453662390808,-0.7322256542793862,1.3515,1.4162574858112142,1.6676039771705373,0.10130786895751953,3.1086597442626953,1,0.38029846347508195
all_equal,692,-0.6068672455116899,0.5732014823320027,1.227,1.4253014991695048,1.7766216025374464,0.051190853118896484,3.112837076187134,1,0.5363174055259438
all_equal,693,0.11919627802863031,0.19079833717803818,1.3437,0.9042282658647602,0.7725915086128073,0.1018362045288086,2.9228928089141846,1,0.7525719148980701
all_equal,694,0.7264056029320753,-0.11142046806674344,1.462,0.8187158626727656,2.3112346733084803,0.15352559089660645,4.215927362442017,1,0.6453535902592964
all_equal,695,-0.7859903136815638,-0.5152598025271058,1.3939,1.7233427887455746,2.176269263789975,0.10188126564025879,3.208312749862671,1,0.7050430475548238
all_equal,696,-0.7739415651965167,0.4161746384072059,1.3125,1.0166080463053575,1.0793053792320129,0.10215473175048828,3.7094264030456543,1,0.8235071359037109
all_equal,697,0.8192017148186501,-0.4105234229443796,1.3306,1.79485010778981,2.6788118156778906,0.35245513916015625,6.7203004360198975,1,0.5894663589250442
all_equal,698,1.0127338841371516,0.6238817099092168,1.4668,1.1535730154961128,4.12817465854831,0.05090498924255371,5.610347509384155,1,0.5606048792336854
all_equal,699,0.25582784310199935,-0.3863895899160518,1.2126,1.4578939537483988,2.319802455081286,0.10132861137390137,3.812410354614258,1,0.5680460578495902
all_equal,700,-0.7281523440624563,0.11209964558409624,1.2723,1.024829194925085,1.1441816051926672,0.1010444164276123,2.8100242614746094,1,0.7799029494082186
all_equal,701,0.6979235204835756,0.5044529426531971,1.3238,1.57356552807327,2.0791173618164023,0.05094122886657715,3.3070766925811768,1,0.6403025429378469
all_equal,702,0.16053300394595738,0.5998210655803261,1.4542,0.6481414155482331,0.5641719117374879,0.05100750923156738,2.205087661743164,1,0.6460528861681124
all_equal,703,0.07221601101951647,0.2439870349611335,1.4133,0.5028227807713757,0.43315435999980945,0.05113649368286133,3.408783435821533,1,0.8539797136245817
all_equal,704,0.4482021494703994,-0.5194505520070305,1.0357,0.9502555267505066,4.060475487352242,0.5519788265228271,10.119499444961548,1,0.5593231688651923
all_equal,705,0.11581120711023685,-0.7263703175496284,1.083,0.5479043215395738,0.5724719132171856,0.05112719535827637,2.6096832752227783,1,0.28397045009004
all_equal,706,0.9627166436317918,-0.42879810482464153,1.1538,0.9814892156406411,1.0721766317230312,0.10148477554321289,4.410660743713379,1,0.6410663155849258
all_equal,707,-0.23545008049477467,0.42220983111243904,1.3745,1.5561686671527588,4.4043853945419285,0.6021082401275635,10.674311876296997,1,0.7245888686581904
all_equal,708,-0.02331259440488853,-0.7029207447514066,1.2846,1.2717522037097988,1.503313282510782,0.1557636260986328,2.9087862968444824,1,0.40321159977195403
all_equal,709,-0.6381278000284636,-0.34607209393880634,1.1443,0.7465018667848278,0.7742559730147224,0.10253047943115234,3.1149401664733887,1,0.633782816326174
all_equal,710,1.0956314405683147,-0.6812918751800238,1.0622,1.8551016883176283,1.9580627135411623,0.1519455909729004,3.71151065826416,1,0.3131282143654242
all_equal,711,-0.09514787489317056,0.2933600733788092,1.3443,1.5637874326445071,2.182669257353703,0.1009519100189209,3.909945487976074,1,0.777473071926855
all_equal,712,0.2708569655279518,-0.2523155271211091,1.3499,0.7836691568287899,0.7306675038618748,0.10149955749511719,2.209195613861084,1,0.5727322156344414
all_equal,713,0.24499472514803222,-0.25031319386482426,1.4713,0.14426549065348995,0.14032519691377474,0.050994157791137695,1.1536309719085693,1,0.6469096049738132
all_equal,714,-0.49326278155357534,0.5186605050920506,1.2502,1.0299624364311908,1.1415804920231452,0.05112743377685547,3.5101847648620605,1,0.5297130672737722
all_equal,715,-0.4352697841673163,-0.6895102303905329,1.2469,1.3189153425980267,2.1924065877222456,0.10152888298034668,3.9097094535827637,1,0.35967246344580345
all_equal,716,0.8449388426308926,-0.35487420577556533,1.0402,1.3684614620362623,1.3767742451674119,0.20133352279663086,4.412691831588745,1,0.5240449415526337
all_equal,717,-0.007630675878305571,0.054042058835830686,1.0199,1.0165809066184393,0.9411815752481114,0.05099678039550781,2.9063589572906494,1,0.5399370281589229
all_equal,718,-0.31309279724180683,-0.2579087619411845,1.216,0.4839035517085681,0.516351563540254,0.10142827033996582,2.7055234909057617,1,0.5294015605837387
all_equal,719,0.8960504068781925,-0.1666784563026511,1.1612,1.1351934448350711,1.514601395001027,0.3020439147949219,5.111868143081665,1,0.5845879662297383
all_equal,720,0.1131239869535745,-0.4617695301552918,1.1252,0.8365599004841586,1.1438051221281504,0.30146336555480957,7.7137486934661865,1,0.5152856645845704
all_equal,721,-0.21583876644882194,0.431811497025791,1.0457,1.0542635020851974,2.1925325711721784,0.6017441749572754,4.409623861312866,1,0.39786291635755566
all_equal,722,-0.736226951441398,0.5496379311712704,1.481,0.5747127995409664,0.7287320864054616,0.1013493537902832,3.0098795890808105,1,0.6749251698180181
all_equal,723,0.7341613475576942,0.4054248249490492,1.418,1.5812194133098452,1.9072889879555406,0.05106782913208008,3.413126230239868,1,0.7861981358491003
all_equal,724,0.6553654210184392,0.15649004375382158,1.2876,0.43334347533876233,5.474514520420863,1.406923532485962,6.924989700317383,1,0.8551210009221032
all_equal,725,0.19548540352276933,-0.3548828861676149,1.4754,0.7587308169211989,0.7738078676354756,0.10242176055908203,2.707414388656616,1,0.8487158901514121
all_equal,726,-0.6195679999771684,0.30886123520879283,1.4998,1.1859531659610112,6.165948884448578,1.1555073261260986,9.42261028289795,1,0.7535884840951521
all_equal,727,0.16261517891163635,-0.667932306918664,1.3361,1.372126525340245,3.382586716995331,0.10155057907104492,5.211326837539673,1,0.5535225127442289
all_equal,728,-0.2700781376808913,-0.3253829881615924,1.1348,0.8236244091366625,1.0388881806089434,0.05127549171447754,2.9112632274627686,1,0.761362426911835
all_equal,729,0.5725613818824087,0.5854457167242183,1.0201,1.4209889840584313,3.0704894931417788,0.1009972095489502,4.710163116455078,1,0.4396014853491459
all_equal,730,0.5974385200321732,0.422736470870381,1.3781,0.26818628031462544,0.4233432083231767,0.1012277603149414,2.8121724128723145,1,0.7855392432312606
all_equal,731,-0.2282650443663523,0.23614171167735676,1.2353,1.029890988101632,0.8814330264890768,0.15158963203430176,2.610578775405884,1,0.5283534737869194
all_equal,732,-0.13779492183130937,0.4962658303333324,1.3258,0.3368484772394313,0.3102747739602409,0.10142898559570312,2.609330177307129,1,0.6341635468813618
all_equal,733,0.6219200506898841,-0.2027497937876348,1.458,1.056418530365315,2.551379564210282,0.45203065872192383,7.614856004714966,1,0.913269155390562
all_equal,734,-0.7175005720594603,0.005138821808710725,1.0907,1.554457809075115,2.483672942702388,0.10392594337463379,4.010005712509155,1,0.6683923594216155
all_equal,735,0.6742120639374543,0.05910380042638941,1.2927,1.4617657063662053,2.66957794057468,0.10110235214233398,4.208640813827515,1,0.7879543982254651
all_equal,736,-0.34712359536506443,0.08353503015795838,1.3174,1.1471564774139982,2.662427633146757,0.0513913631439209,4.310541868209839,1,0.8279736490548592
all_equal,737,0.6313484699584673,-0.602143065372664,1.2459,1.3237507967576208,1.3931722138300615,0.15254807472229004,3.310734510421753,1,0.3006640866488
all_equal,738,-0.14108551343279763,0.5388387611707296,1.0456,1.4702519088627803,1.7659917235915057,0.10114383697509766,3.8116848468780518,1,0.3959933099049278
all_equal,739,0.5427953920267652,-0.10860201840077433,1.174,1.0027259264124448,2.8993476939000886,0.10133671760559082,4.911037921905518,1,0.6868017591649699
all_equal,740,0.5718404642018282,0.4409633018038125,1.1667,0.6029425491840615,4.438021114694692,0.6523566246032715,6.420859098434448,1,0.5351135014863537
all_equal,741,-0.48603312494023276,-0.26850015761552404,1.3351,1.3774171587894635,2.2818276918994953,0.15289974212646484,4.617245197296143,1,0.7764480707129376
all_equal,742,0.8246567774683911,0.22040738982501695,1.4289,1.525786368970165,2.8557552073740298,2.4728715419769287,5.31833028793335,1,0.9192437584206768
all_equal,743,1.0041337022090848,-0.06114047353963514,1.1649,0.47921652628525474,0.5358329818747279,0.10136628150939941,3.712611436843872,1,0.8424400317941811
all_equal,744,0.6852596027814168,0.2661259626718627,1.3468,0.49218134470340263,0.49336414228386244,0.1011667251586914,2.308541774749756,1,0.8996294044658382
all_equal,745,0.7898927035370973,-0.7273116907341028,1.1441,1.0198633702296829,1.0837120575944534,0.10130596160888672,2.4089581966400146,1,0.49237383760224857
all_equal,746,-0.005555247610260716,-0.42014654153556086,1.4726,0.9150011849040226,0.9171281330979547,0.10134434700012207,3.310194492340088,1,0.8222008524624635
all_equal,747,0.21002488646629347,0.5857064682019449,1.4068,1.0314789578305263,1.1854146398434873,0.10148191452026367,5.63656759262085,1,0.6419543066500308
all_equal,748,0.5509757235932942,0.4422680073589721,1.275,0.4026112259535472,0.39435299739595026,0.05176210403442383,4.411394357681274,1,0.7359843840727189
all_equal,749,0.22246542407415681,-0.1981352409457905,1.2274,0.8090383343507079,1.949257455507333,0.10128545761108398,4.2116334438323975,1,0.5755268026626273
all_equal,750,-0.5612845013878042,-0.3173514814466976,1.1573,0.6840478375073056,0.7716973424116705,0.05113840103149414,2.708009719848633,1,0.5468169017199284
all_equal,751,0.4602973345220358,0.3516402397409456,1.1616,1.3296199339821508,1.3834681769904242,0.1013636589050293,2.7084314823150635,1,0.35462082408309176
all_equal,752,0.26020053859090986,0.40130893770708453,1.4851,0.26236338281510263,0.43676975989447,0.05087900161743164,4.312592267990112,1,0.6363642779335191
all_equal,753,0.46290747957452694,-0.6717776120094923,1.2021,1.3134821921488735,1.5335856489156754,0.1009969711303711,2.813349485397339,1,0.38994069627321304
all_equal,754,-0.2649687797471162,-0.258035016256462,1.2573,0.8250104067001467,0.9244445151042048,0.05095243453979492,2.1050474643707275,1,0.7108616718187183
all_equal,755,0.5792095182699357,-0.18717937222150305,1.4941,0.9748773241379445,1.8782511981843641,0.10125923156738281,3.610809803009033,1,0.8739388785336963
all_equal,756,-0.3066270006572567,-0.1483783074306131,1.3288,1.0641590824433855,2.050287806427847,0.10109376907348633,3.7091939449310303,1,0.7835867502508354
all_equal,757,-0.7608472295172096,-0.22923248140439412,1.2713,0.3737925493200047,0.4600172743909782,0.10113120079040527,2.809452533721924,1,0.7059071532585538
all_equal,758,0.4578716726584042,0.12575567909811725,1.2066,1.404109320282398,2.4076359058181653,0.051219940185546875,4.010318994522095,1,0.7321997784029065
all_equal,759,0.6153626803560968,-0.6037136387619593,1.0938,0.7592456007974262,0.8485216538161305,0.05093979835510254,2.305579662322998,1,0.3590998957974411
all_equal,760,-0.016738485507689083,0.6040266500545625,1.1809,1.4402950507989623,2.4676077152519467,0.10284113883972168,4.116130113601685,1,0.43116425870974356
all_equal,761,-0.5174992002517989,0.5907095733929885,1.3782,0.48122468203306246,0.5608679606874506,0.15273308753967285,2.0076515674591064,1,0.592123711935177
all_equal,762,0.5894880399421893,0.2250577841097099,1.3127,1.2743434660651203,1.6957953342478864,0.15488147735595703,3.1085121631622314,1,0.8351548548559276
all_equal,763,-0.08493226570821055,-0.37988441442002957,1.38,0.9957752102098788,2.6820580181923104,0.10208940505981445,4.419420957565308,1,0.7990684111367595
all_equal,764,-0.3407660954740023,-0.3480276724311783,1.1018,0.4201578367119593,0.3594085935852055,0.2022418975830078,3.6101226806640625,1,0.5002674812706758
all_equal,765,0.32340893150868144,-0.6372302122527363,1.2746,0.8004895244321534,0.772385986366783,0.051534175872802734,2.1076509952545166,1,0.4529563154746901
all_equal,766,-0.2837696536108647,-0.6164999611226787,1.4638,0.537224469905183,0.6614946195626081,0.10131311416625977,2.9111833572387695,1,0.6128339033479723
all_equal,767,0.4123365534752399,-0.3755896137237382,1.2191,0.9427211040324257,1.2385442934545108,0.05120062828063965,2.8111610412597656,1,0.6959933434969342
all_equal,768,-0.3757299834402349,0.18586011978420036,1.3491,1.0585272968770996,2.203612859943921,0.1511070728302002,3.9125006198883057,1,0.8698250886714041
all_equal,769,-0.2528175446685492,-0.3705137473281736,1.0607,0.7601064081448193,0.7315475753500496,0.10119080543518066,2.009415626525879,1,0.49408816478879936
all_equal,770,1.00342625072617,-0.5974854247492369,1.4866,1.3795202129740687,1.6664438920426077,0.10390758514404297,2.8093113899230957,1,0.5585888278945046
all_equal,771,0.5868128225595588,0.47023351531610824,1.3044,1.333491563952669,2.7379256957760716,0.5018730163574219,4.511351108551025,1,0.3199512782643705
all_equal,772,0.5166586761354328,0.19147373060414052,1.1196,0.5472613366212022,0.750851777159151,0.10094976425170898,3.1107065677642822,1,0.6369477343009711
all_equal,773,0.28235944458604956,-0.39523848516721755,1.0792,0.6889996987745234,2.326175366812249,0.10119152069091797,4.5138466358184814,1,0.47852876366060626
all_equal,774,-0.0821120004326944,0.4108874075569223,1.2754,0.8878536247744204,1.0469153435063392,0.05188488960266113,2.2099502086639404,1,0.737088244564657
all_equal,775,1.063427783697986,-0.6029988794005848,1.2761,1.6287419881709813,2.4184210054665565,0.10105037689208984,4.411375522613525,1,0.46612618446575504
all_equal,776,-0.6894162925921903,0.28528009645514196,1.0466,2.086292811560502,2.5700118024957375,0.051888465881347656,3.7116200923919678,1,0.5106013306327108
all_equal,777,-0.3602335252479161,-0.1461298396849181,1.4961,0.6975795915827744,0.7015002641787805,0.10135102272033691,3.8164877891540527,1,0.9171039894312163
all_equal,778,0.2952978071586698,0.09966277503525889,1.4565,0.8513992536347904,1.8014044479833076,0.2024095058441162,6.568465232849121,1,0.5415995881361804
all_equal,779,0.5422524977354473,-0.6174280977801392,1.2307,0.9940433059381354,3.4308607194024328,0.3027024269104004,6.123564720153809,1,0.354864493509816
all_equal,780,0.5911492847400546,-0.7241136087884116,1.0587,0.2867542941296602,0.16871075384882042,0.15385723114013672,3.2084555625915527,1,0.14774631709791744
all_equal,781,-0.3362618578307204,-0.40285287563543604,1.4161,1.0273460384820672,1.2481250871427017,0.10131096839904785,3.9104323387145996,1,0.7603570046452967
all_equal,782,0.5792777470261792,0.09064938976175774,1.2492,1.212058152031351,2.1185437455045286,0.10147476196289062,3.710541248321533,1,0.777558217118028
all_equal,783,1.0128545875703923,0.4090877797003162,1.3583,0.4642209130950813,0.5096152357306268,0.0509028434753418,3.7108914852142334,1,0.8661292348963049
all_equal,784,0.9756322271191329,0.004804949440220696,1.2544,0.41940819678768365,0.42258467472833916,0.050957441329956055,2.0084264278411865,1,0.912649785972707
all_equal,785,0.599391120449855,0.27089849846843095,1.1367,0.47515933246742564,3.3866095107291647,1.1033873558044434,9.218416690826416,1,0.8782079891735156
all_equal,786,-0.1374541560314867,0.522133320028653,1.4174,0.8815010002126139,1.528361080830917,0.10146236419677734,3.211963653564453,1,0.7230204369865446
all_equal,787,-0.3401323344944924,-0.23675118403462048,1.4901,0.8428357273420202,5.133530051011238,1.7554535865783691,7.115557909011841,1,0.7402209515953598
all_equal,788,0.6876010870231237,-0.1187293887050418,1.1219,1.2694957024756746,2.0284199587886937,0.10167288780212402,3.7115678787231445,1,0.7263130073160117
all_equal,789,0.5252233656218699,-0.1554757674916145,1.2756,0.321236017131564,0.42650315614022094,0.10114502906799316,3.711346387863159,1,0.704725183712074
all_equal,790,0.9827081917514127,-0.6550552797597549,1.1918,0.682477985714533,0.6831530850916414,0.10136032104492188,2.6126866340637207,1,0.4749633179879625
all_equal,791,0.006848358831640811,-0.7128910862631377,1.4609,1.0136966259458737,1.0139210710602211,0.3535609245300293,3.1114871501922607,1,0.5208282508869407
all_equal,792,-0.7616590146973758,-0.06823446782753106,1.2541,1.0240696831835598,1.5231825599488922,0.6550049781799316,8.222463846206665,1,0.9137645482403955
all_equal,793,0.6421215230456496,-0.18011197266138612,1.4397,1.5039148099656519,2.894879549922564,1.6625115871429443,13.324923515319824,1,0.7290180214117932
all_equal,794,-0.5568863356430278,-0.5225243679913348,1.432,1.3767661312844255,1.376592870113525,0.051027774810791016,2.8054492473602295,1,0.3928100003400865
all_equal,795,0.4434828210481352,0.4684429006729801,1.1381,1.5675834252763134,3.3930069035712935,0.10119175910949707,6.713240385055542,1,0.4962826894066883
all_equal,796,-0.6541240467191944,-0.3456564487893649,1.395,1.46791638451854,2.4084098795185738,0.05182290077209473,3.9104981422424316,1,0.7696947426793923
all_equal,797,0.1477412175446713,-0.0071490583553298626,1.2075,1.0549427911502922,0.935999471237974,0.0510866641998291,2.7104642391204834,1,0.6461518673942921
all_equal,798,0.7691971950498533,0.34148837359124806,1.4671,0.8180202749184637,1.9384442583821944,0.05144023895263672,3.709500312805176,1,0.8752294135604399
all_equal,799,1.015479363698967,-0.29405574725072386,1.2539,0.7492678917416141,0.7960191103549032,0.10125994682312012,3.7146682739257812,1,0.8879348173736158
all_equal,800,0.9923014504417409,0.4610629011375361,1.4103,0.7707371909273582,0.7944510262023942,0.10156512260437012,2.608241558074951,1,0.8673917058410062
all_equal,801,0.2237816980840477,-0.05169598271418396,1.1414,0.9616555747666162,4.296085035395417,1.0076587200164795,10.726867198944092,1,0.7978748984230404
all_equal,802,0.46869663189973165,0.40828610704637824,1.1493,0.5817357507284272,0.5472244797865201,0.050832271575927734,2.4098660945892334,1,0.6061578693746383
all_equal,803,-0.0024845883230601995,0.09589124139119343,1.2935,0.6725289257819906,0.6095915111302185,0.10139131546020508,2.308647632598877,1,0.6758741138576294
all_equal,804,-0.5177200471247456,0.21048673736095558,1.4995,0.5830717847205361,3.3936656079438383,1.1064202785491943,8.41613245010376,1,0.7450550539422293
all_equal,805,-0.5454061405366584,-0.7402628062089974,1.2448,1.1199257112893273,1.7467168124560097,0.10138392448425293,4.409626722335815,1,0.19297437681054186
all_equal,806,0.14759789952808022,-0.5212875113499028,1.0743,0.8269523870078848,0.8089106126064248,0.10117101669311523,2.3050782680511475,1,0.44337161106091183
all_equal,807,-0.5444871132549325,0.48103550506684367,1.2693,1.2904162742660803,2.3704934527016275,0.10110116004943848,4.013487339019775,1,0.6085650449143929
all_equal,808,-0.6642052497579977,-0.437475567276014,1.1726,1.0314578911588046,1.1349047363729876,0.15462064743041992,2.4092857837677,1,0.6015164073362929
all_equal,809,-0.3867117133225697,-0.6636760132246889,1.276,0.412085214729111,0.40659406219059313,0.05121588706970215,3.407837390899658,1,0.4794759563922355
all_equal,810,-0.4378441241585326,0.5758514909282876,1.2717,1.318432626107116,1.5938615570529144,0.10135507583618164,4.1107892990112305,1,0.6018335560013732
all_equal,811,-0.048933744816775926,-0.1536304858669817,1.2277,0.9329929135833305,0.8996763259615592,0.05164074897766113,2.3052501678466797,1,0.8131846583990326
all_equal,812,0.518653562632386,-0.5070925708127123,1.1609,0.7676247471671375,0.7446272080550056,0.1010887622833252,3.309304714202881,1,0.3343256298519477
all_equal,813,0.8523844471459194,0.12456959775404919,1.0943,0.8497047547673192,1.3683074922297178,0.10122156143188477,3.4108657836914062,1,0.6599242571701246
all_equal,814,0.3273742966390014,-0.5819618335953592,1.3487,0.9302978514678216,1.0425169365092843,0.05118536949157715,2.304924249649048,1,0.5495593425396021
all_equal,815,0.4986899684022992,-0.4596095955891263,1.2859,0.3143681812538925,0.24016490008696997,0.10098671913146973,2.7124717235565186,1,0.5991179290430081
all_equal,816,-0.4680449281032409,-0.0452758421206374,1.1168,1.197069301435889,1.7776824683844257,0.15191984176635742,3.815896511077881,1,0.6233062260975424
all_equal,817,0.698246581101315,-0.64813092472374,1.3878,1.4092067231148846,1.8679583490142215,0.15248799324035645,3.3161964416503906,1,0.523259895102765
all_equal,818,0.37254123701011155,0.2031798586690211,1.0218,1.141211275470416,1.9256231497682852,0.10211181640625,3.8097574710845947,1,0.34174973675691
all_equal,819,0.5608653387874356,-0.007007832496427002,1.3724,0.4406794254793197,2.35237512062257,0.20209050178527832,4.714861631393433,1,0.8047518088430248
all_equal,820,0.7984724645555845,-0.07647993718811175,1.3526,0.17022146006131553,0.23140654320294793,0.05089378356933594,1.4031405448913574,1,0.8460650249945337
all_equal,821,0.021464932023983252,-0.49095042214168094,1.4057,0.9731866220030317,0.9506783429692379,0.10099315643310547,2.3092639446258545,1,0.6652882824413845
all_equal,822,0.05122593666981712,-0.638988574676352,1.193,0.3335443175536221,0.24728152659021732,0.051294803619384766,1.4038872718811035,1,0.42372783585747736
all_equal,823,0.9143161245786253,-0.4634284518083033,1.3318,0.8712914084807859,0.9365726347882711,0.051148176193237305,2.5091350078582764,1,0.6342541239040436
all_equal,824,-0.1011994109438692,0.0013795649036320023,1.4104,1.235081726472479,1.0558000223965878,0.10103535652160645,3.1063880920410156,1,0.5910717404349161
all_equal,825,0.4119662907700534,-0.6411791493821326,1.4904,0.6768897824239278,0.8388096625026337,0.0511319637298584,2.305232286453247,1,0.559945654259167
all_equal,826,-0.013858034678332576,0.627128554262654,1.2477,1.5194382819522947,2.7717550352999223,0.10117769241333008,4.2106382846832275,1,0.45009973348257665
all_equal,827,-0.4367393520567793,-0.26138478589081365,1.0185,1.1145259251148898,1.2038111806315333,0.05114603042602539,3.509676933288574,1,0.4377422646229965
all_equal,828,-0.1405039367361356,-0.10513627387830493,1.2511,0.4242666156673635,1.424344447385602,0.10107231140136719,3.70876407623291,1,0.7476037460967446
all_equal,829,0.5317735286641838,-0.7315083011011984,1.2951,0.8154810352565649,0.8970147460112574,0.05122685432434082,3.1091904640197754,1,0.4196920128499113
all_equal,830,0.08626692773225886,-0.7356992844316926,1.4349,0.4791227453596669,0.46382352889468803,0.05128145217895508,1.9097723960876465,1,0.4043922735727008
all_equal,831,0.21396678105324107,-0.6516793903834021,1.4371,0.25440286101056925,0.3111762490051515,0.10097765922546387,3.109617233276367,1,0.608963584911237
all_equal,832,0.6768446747270751,0.28990036755188486,1.2202,1.2089481542588993,3.0007420996001937,0.10110592842102051,4.711985111236572,1,0.6529978288379343
all_equal,833,-0.5948768049404534,0.17917036842369227,1.263,1.3939402882767737,2.014652645869283,0.051058292388916016,3.510610342025757,1,0.7372740338413125
all_equal,834,-0.5362958460074426,-0.4751040753370026,1.2285,0.7415616453057123,0.7917752955947528,0.10141110420227051,2.105123519897461,1,0.5836316385505732
all_equal,835,0.92710886460404,0.29947485127922724,1.3612,1.7663452546816445,3.1019440641275526,0.151566743850708,4.51740026473999,1,0.7783963846009816
all_equal,836,0.8892515452490997,0.052280480699406384,1.205,0.4182375600767035,0.4796517918734475,0.20255279541015625,3.7147905826568604,1,0.7911043793440373
all_equal,837,0.06631185827011554,0.2413296318304281,1.3274,0.8531090344615617,0.852495684332575,0.10221695899963379,2.7077651023864746,1,0.799943076255338
all_equal,838,-0.2509952660992084,-0.4111781371378468,1.0772,0.767753920318705,1.6413560259109958,1.107084035873413,6.5134947299957275,1,0.4079683577284406
all_equal,839,0.9263359345171644,-0.046300045381000965,1.2347,1.2990486114368414,1.6389787877430335,0.25179457664489746,3.40981388092041,1,0.42076058963178314
all_equal,840,0.5067814796633678,-0.21703449766440308,1.4846,0.4905026855558877,2.3948992720983884,0.652122974395752,7.514540910720825,1,0.9212861849232012
all_equal,841,0.7051505549729924,-0.3693461418390514,1.1693,0.4455368828615431,0.39153013637220235,0.20146417617797852,4.309004545211792,1,0.5636414468272769
all_equal,842,0.9882337262704779,0.1313782628268565,1.3464,0.6160435506706653,0.6975047160389081,0.0525815486907959,1.8042967319488525,1,0.8542545667603011
all_equal,843,-0.4945835083880026,0.21143667751998207,1.3249,1.6122783120910764,3.218733218138773,0.10121035575866699,4.560974359512329,1,0.869215092128789
all_equal,844,-0.34849337663394175,0.16654533014677553,1.4259,0.25052826623674496,0.14968347427710377,0.051027536392211914,2.2055187225341797,1,0.8548875097286835
all_equal,845,0.6350073379048093,-0.4850694145788456,1.4262,1.3254036131604907,2.2412785444107035,0.10113239288330078,3.9114904403686523,1,0.7017582457190719
all_equal,846,-0.14293582225959567,-0.1489562849218008,1.4297,0.9762173881652318,1.6771915332115748,0.05098462104797363,3.3101794719696045,1,0.8557492653128782
all_equal,847,-0.8062533675208123,0.4650012515541143,1.19,0.8752365452316422,0.9269707827272508,0.10152649879455566,3.409183979034424,1,0.6019259927765491
all_equal,848,-0.7957429864496395,0.17324831565397425,1.1583,0.396646210457792,0.32120941084438387,0.10164332389831543,2.8091132640838623,1,0.6651634563083699
all_equal,849,0.887250250467259,-0.2960506903709585,1.3594,1.8419940045305494,2.728319483856421,0.05265212059020996,4.0090556144714355,1,0.7312264581000535
all_equal,850,0.762973846293665,0.4178532318156848,1.3797,0.8378188726927319,2.0083065727201244,0.1015007495880127,6.218739986419678,1,0.7126516489187565
all_equal,851,-0.7396987785166769,-0.6125827548070257,1.4362,1.8235821557535112,2.66318462524805,0.30351829528808594,4.019673585891724,1,0.6352350470795011
all_equal,852,0.6099005136808135,0.365357782858846,1.0179,1.8745085861379165,2.1731248392624423,0.20242857933044434,3.3141374588012695,1,0.2659720791739226
all_equal,853,-0.3943539662208879,-0.6875579638947726,1.0342,1.5244311824887307,1.894605180077836,0.15195631980895996,4.616087913513184,1,0.18595137919192872
all_equal,854,-0.8285518876808068,-0.24777353950759806,1.3156,0.6560081558804105,0.8089999048333496,0.1013936996459961,3.308872699737549,1,0.778096151326587
all_equal,855,-0.2530740253850783,0.156065915546997,1.4605,0.8154027749747594,1.7861495319798755,0.3013741970062256,5.312114715576172,1,0.8684691061700688
all_equal,856,0.6419484119169989,0.11402299860314857,1.4987,0.8976412116779081,0.0,0.6019206047058105,0.0,0,0.0
all_equal,857,0.7861711023603526,0.1082289988498808,1.3734,1.044871549943679,2.7423332615073437,0.4525175094604492,4.411623001098633,1,0.814702028491714
all_equal,858,0.8403066952930975,0.06345076001193839,1.217,0.28655708159874466,0.16116377441138877,0.05109453201293945,3.206449508666992,1,0.806510537043804
all_equal,859,0.6268391911299018,-0.13528831131014007,1.0492,0.45431215855808565,0.36255311605538026,0.0514986515045166,3.5099170207977295,1,0.5748560334588243
all_equal,860,-0.419368833357705,0.07707447884378149,1.3169,1.145558503536249,2.3260974206746567,0.10105609893798828,4.1130664348602295,1,0.8172648347788523
all_equal,861,-0.19534373879491818,-0.01797116141139099,1.4363,0.3669389877312185,0.28024849867097046,0.10156846046447754,5.51182746887207,1,0.959718092288356
all_equal,862,1.0715756933942486,0.1494252694180327,1.2218,1.4274523217913244,2.852939929779997,0.1013193130493164,4.312073469161987,1,0.731124838134282
all_equal,863,0.302639590136226,-0.6696998521372546,1.347,1.196468514047155,1.2886678206699804,0.10151100158691406,2.3102471828460693,1,0.49613656491642116
all_equal,864,0.46986765871746305,-0.23032952228764492,1.4517,0.5589066827698719,0.5564327689568551,0.15395712852478027,3.2176449298858643,1,0.822794138257974
all_equal,865,0.11871242239924107,0.20627458378083063,1.023,0.8910484931684488,2.2400455884154193,0.15311384201049805,4.216715574264526,1,0.5027183614303509
all_equal,866,-0.3273787609384131,-0.5283721746245814,1.3981,0.9008979165300693,1.0968062658185895,0.10217618942260742,2.5165607929229736,1,0.6642118969429327
all_equal,867,-0.5175163876067244,0.2258611860139541,1.1467,0.9019824965230826,0.9734076184855199,0.15182733535766602,2.6120176315307617,1,0.6105970489124283
all_equal,868,0.7866615521044387,-0.5097931391353075,1.1874,1.5975234784987542,2.2877111139430117,0.15104293823242188,3.8109772205352783,1,0.5301740449163296
all_equal,869,0.33542029665248485,0.2183047686607953,1.0728,0.9825597080583461,2.5587553362030353,0.40160036087036133,9.020843744277954,1,0.6605265593975337
all_equal,870,1.0315437312129305,-0.0066252016571894945,1.2656,0.691113381849726,0.7268558479409852,0.15117859840393066,3.713340997695923,1,0.5785408869225086
all_equal,871,-0.5683843530827866,0.043762337979898924,1.283,1.6002723278070898,3.5057859430162948,0.6520531177520752,7.815829515457153,1,0.9976448102657594
all_equal,872,0.28288417407720745,0.0715624080181434,1.3963,1.005630835010599,3.8367889520941567,0.5040643215179443,10.921778440475464,1,0.9063818467884949
all_equal,873,-0.8100838570307366,-0.16133751193350654,1.085,1.3076939508356007,2.378264177254144,0.10119843482971191,4.11161208152771,1,0.6106121363209137
all_equal,874,0.873088497177801,0.47012495789672426,1.0395,1.8785606506878754,2.36274615993155,0.10186910629272461,3.7178966999053955,1,0.4249493912858693
all_equal,875,0.8374597197532845,0.4744923801203481,1.4354,0.29040879546912274,0.3918206062998296,0.15271902084350586,3.5173959732055664,1,0.7697743634210634
all_equal,876,-0.3051182540264423,0.35982778917292546,1.3099,1.2960255258637952,1.7062906466781609,0.10230135917663574,3.107368230819702,1,0.7278569154594408
all_equal,877,0.905579145997627,0.11249435316455625,1.1204,1.3745836608855784,3.1518867944403954,0.2523500919342041,5.215376615524292,1,0.6694293498400715
all_equal,878,0.8065228783924627,-0.6572705497459671,1.4564,0.8140529770402812,1.0393252241320023,0.05094599723815918,2.510798931121826,1,0.48668643318352744
all_equal,879,1.0601300905555178,0.3795221485915038,1.0716,1.2912197566065615,3.193916217540404,0.5518357753753662,9.519553899765015,1,0.7261730169583162
all_equal,880,-0.7043248905105854,-0.21318890788667988,1.2306,1.983927447355907,3.2266596376012755,0.10198020935058594,4.41048264503479,1,0.8087503274140372
all_equal,881,-0.4183970299113334,-0.09844669202062684,1.127,0.5944994140424372,0.2863352296338248,0.1011955738067627,1.704369306564331,1,0.8835918464965142
all_equal,882,-0.5410326614154786,-0.5406433756794271,1.1277,0.5343577359990884,0.4860123857378889,0.1016075611114502,3.9100499153137207,1,0.5297350309593295
all_equal,883,1.0451032241642717,-0.13879657153813363,1.0047,1.7611300318627765,2.058303073634062,0.10175538063049316,3.257439613342285,1,0.6124927225360518
all_equal,884,-0.2263647344424471,-0.3316472445288514,1.4023,1.3900874979047897,2.0165002260465763,0.20315313339233398,3.612360715866089,1,0.6478842692120995
all_equal,885,-0.3646902130647699,-0.25479066559687824,1.4506,0.3084539966190549,2.351094230765882,0.4516894817352295,8.517168283462524,1,0.8664495552214968
all_equal,886,-0.45577524558329024,0.3685984817607634,1.3388,0.6790153994812391,0.7337320421480618,0.10107040405273438,3.3125498294830322,1,0.8005507828981419
all_equal,887,0.8407539831228337,-0.5301326224889098,1.079,1.7241330939439274,2.4393728013443954,0.10121917724609375,3.7131199836730957,1,0.4075127332083964
all_equal,888,-0.27360452864594087,0.0311230928008156,1.2209,1.3115804198071392,1.8430181694972878,0.10154080390930176,3.4096453189849854,1,0.7586963702072684
all_equal,889,0.2779455855865929,-0.04843096322432694,1.1728,0.67943723284046,2.092055340170586,0.15262269973754883,4.115383625030518,1,0.6549280470335791
all_equal,890,-0.3306446917999506,-0.07271564632052674,1.2938,0.7094221875665683,2.057713999525108,0.10196399688720703,4.0145580768585205,1,0.8696605137445349
all_equal,891,-0.2655894063391301,0.38695178416867704,1.3195,0.48424305065263895,0.5521587114167458,0.1519773006439209,1.7056386470794678,1,0.6879032713005064
all_equal,892,0.03561108262851009,0.2531583488349892,1.2122,0.5024443352265108,0.3755621046951989,0.10184597969055176,2.4094440937042236,1,0.7495218400625037
all_equal,893,0.6671116841617806,0.4416668858063514,1.125,0.7508762597176899,1.3290994014664352,0.051065683364868164,3.3086435794830322,1,0.5535132439454716
all_equal,894,0.7920942114664942,0.6165058539459877,1.4227,0.2329156847516492,0.4007487858034952,0.10137629508972168,2.4093801975250244,1,0.6076318269434893
all_equal,895,-0.4861799628726349,-0.07057465360334703,1.0996,1.6406698698647835,2.1271177265120085,0.10137939453125,3.409921646118164,1,0.5848485257439733
all_equal,896,0.08466447108769093,0.4087285985663941,1.1923,0.8094949009792286,1.6940258373422317,0.051316022872924805,3.7094035148620605,1,0.6018860914012366
all_equal,897,-0.06671288451368396,-0.2920077127979616,1.2416,0.7808107918349113,1.9508328444747816,0.0508425235748291,4.010576248168945,1,0.5354450300436866
all_equal,898,-0.6232639807735634,-0.47311999739184807,1.1186,0.5060674173446285,0.5522212777888171,0.10098457336425781,4.210209846496582,1,0.47645149863415653
all_equal,899,0.25223554413935023,0.05297807719350267,1.286,1.1149998598215958,1.7959522603471074,0.10107779502868652,3.50753116607666,1,0.8117687084614567
all_equal,900,-0.41748342946912026,0.016357955925252132,1.2874,0.7911433312601417,2.4070386165016133,0.05095267295837402,4.309944152832031,1,0.8490415597913386
all_equal,901,-0.5930949370344178,0.041385570737440425,1.4963,0.12066903667509916,0.2783731575111639,0.2517719268798828,3.7086734771728516,1,0.9610029919650434
all_equal,902,-0.43951717575865806,-0.49178089046024526,1.1476,0.6551460549351111,0.6718364013792028,0.10177063941955566,1.7082889080047607,1,0.6844201542721968
all_equal,903,0.9645593356553386,0.5896790458242923,1.489,1.8046010267983983,6.214882253656895,0.45177125930786133,14.132905006408691,1,0.562219417271501
all_equal,904,-0.13064538162166994,0.35308412984044624,1.3291,1.2416485456761692,1.4699434011599195,0.1519031524658203,3.2132678031921387,1,0.7182910342840646
all_equal,905,0.2305476934596684,0.4181960499555518,1.1372,0.6728726291269763,0.3990294339810545,0.1019132137298584,1.8056049346923828,1,0.5572830949000636
all_equal,906,0.46041946576550896,-0.44002714203942084,1.283,0.9562952896623257,4.007204094351794,2.513026237487793,9.51857852935791,1,0.5546793597715334
all_equal,907,-0.37815613566886386,-0.3812981458842526,1.3429,0.9345150754044121,0.8232275737281176,0.10109496116638184,2.7057127952575684,1,0.52082172603028
all_equal,908,0.697922919780505,0.11894995681459164,1.3723,1.1676576745658727,1.2826563736595045,0.051755666732788086,2.710143566131592,1,0.8590879577927535
all_equal,909,0.035397364472574466,-0.260424561782775,1.0245,0.9878292527120623,2.005043898953171,0.10123157501220703,4.011705160140991,1,0.4740485169590468
all_equal,910,0.9519059869791033,-0.6879587704243457,1.3032,1.085716871861951,1.3775663256889557,0.10116291046142578,3.5116958618164062,1,0.45124933747235396
all_equal,911,-0.4009933324345899,0.5051890742822617,1.2484,1.9026406946668546,2.679550609227111,0.05082082748413086,3.810842990875244,1,0.6387216241303928
all_equal,912,0.6344609233463696,-0.530727711697232,1.4521,1.5604608454887374,2.7722035285044275,0.10127615928649902,4.213530540466309,1,0.6923704258763088
all_equal,913,0.31007698866347244,0.6303922842661028,1.1431,1.396871878131728,2.875625986700803,0.10129523277282715,4.510876417160034,1,0.39101558401404435
all_equal,914,0.767210149607161,-0.5084467088086522,1.3994,1.3171595461600398,2.92080746742657,0.10160326957702637,4.511334657669067,1,0.7168562313905356
all_equal,915,-0.1983042957815374,-0.041462039250564686,1.3035,1.1991572006653528,1.9118243403363375,0.05118513107299805,3.510547637939453,1,0.8797325769141456
all_equal,916,0.13753064692900718,-0.054247264284247754,1.1762,0.4986881205585876,0.3510448390159702,0.05111575126647949,5.215162754058838,1,0.64736753722021
all_equal,917,0.21939904451824943,-0.14094258539677462,1.3183,0.22000748824331065,0.18188864762259538,0.05124855041503906,1.7085614204406738,1,0.6068462475607971
all_equal,918,-0.8235061656840077,-0.12602073286400695,1.3104,0.8937482458219883,1.0079297784684496,0.051081180572509766,2.9114253520965576,1,0.7989119580508998
all_equal,919,0.5631538045320006,-0.589671218058742,1.3389,1.584219229697198,1.5450321502995752,0.15314102172851562,2.9102985858917236,1,0.36229829790486323
all_equal,920,-0.5291308281963463,-0.22122140750885777,1.3605,1.1094871421638512,1.23051925755009,0.1029512882232666,2.6201226711273193,1,0.8362240541076414
all_equal,921,0.6150254447363124,-0.5705818281979669,1.3296,1.3225158569456419,1.7659755818246645,0.1520388126373291,3.709530830383301,1,0.6325396812572149
all_equal,922,0.46959318343974576,0.034383856351529074,1.4192,0.7222871106891849,0.7040589710109809,0.15427756309509277,1.9058916568756104,1,0.9584126922913346
all_equal,923,-0.7418605957301391,-0.7166803628525785,1.3141,1.5264233553734778,1.9536453021154019,0.15191364288330078,3.8119137287139893,1,0.4260516962517954
all_equal,924,0.6635337107368695,-0.4208992255841788,1.4517,1.5223118872618706,1.6949173271779903,0.05093026161193848,2.809861898422241,1,0.7211969136472013
all_equal,925,1.0326777873058903,0.1746505038069177,1.3232,0.7927332382886778,2.4146817137601535,0.5018227100372314,7.816025733947754,1,0.8123456513733516
all_equal,926,0.3389208774492598,0.1892589564340844,1.1545,0.9071771451835409,0.7059295211215922,0.15118908882141113,3.4099068641662598,1,0.6608979316527176
all_equal,927,1.004274019468291,0.4727909317143101,1.2204,0.7063837680079188,0.7372332318046175,0.10112380981445312,3.2094831466674805,1,0.7251821292196279
all_equal,928,-0.3148370045466379,0.5806570802928562,1.2898,1.4099467462218476,1.6020492911189954,0.1010141372680664,2.8106842041015625,1,0.5436763333147812
all_equal,929,0.5267798941845296,0.11257542926502173,1.3662,1.053003946053995,3.0060658922368404,0.6019906997680664,9.720373392105103,1,0.8921952938638308
all_equal,930,-0.1991757659617821,-0.6345372603514327,1.0451,1.2017102816841037,1.284278460049295,0.10157608985900879,2.4059267044067383,1,0.2525909210407867
all_equal,931,-0.19240755628390915,0.4037016398112324,1.1476,1.1079476840117757,4.377367054946321,0.452197790145874,10.619132041931152,1,0.712317487668234
all_equal,932,-0.1346872976610306,0.5329383923465515,1.3737,0.14030288840105648,0.23882152290799494,0.05139660835266113,1.8109643459320068,1,0.6559518087778392
all_equal,933,-0.5503482593932534,0.07482243409032596,1.0878,0.9180861664574546,4.212406268947057,0.555248498916626,10.7323899269104,1,0.5859853468814885
all_equal,934,0.012388193026387273,-0.05391432247887129,1.0661,0.6766173253539728,0.5913076589262761,0.25296592712402344,3.6148529052734375,1,0.6210883619227481
all_equal,935,0.43891281988655684,0.28911738617485494,1.2697,0.6019364737874767,1.830331175180294,0.1519761085510254,3.9148108959198,1,0.7521069192907018
all_equal,936,0.9194410740378249,0.3801183821985944,1.4857,0.39100000217852376,0.5663692670520519,0.10192465782165527,3.5114753246307373,1,0.8219369896096775
all_equal,937,-0.859367878880655,-0.4510974411334201,1.2654,2.1336566358469513,3.25185684649535,0.05140352249145508,4.309481143951416,1,0.6210567929642722
all_equal,938,-0.07543079406876418,0.4724223844274894,1.4567,1.322741425025088,1.4149372619542924,0.05124092102050781,2.906212091445923,1,0.6807144058795845
all_equal,939,-0.25089365234721583,0.20651068670374573,1.4152,0.4221483872144386,0.3832264875429845,0.10106086730957031,2.409193277359009,1,0.8740572412727593
all_equal,940,-0.5070584695375142,-0.27294412893342174,1.1285,0.6867928274708104,0.6765104347655277,0.15152263641357422,3.9113283157348633,1,0.5802108620715113
all_equal,941,-0.6353758527370846,0.2667881143205847,1.4123,0.5810867247720349,0.720116333170098,0.10106801986694336,3.4100027084350586,1,0.8551105312688946
all_equal,942,0.10376841654405833,-0.33087959612637086,1.2409,1.1148047577648315,1.0397196982050123,0.051215171813964844,2.5059525966644287,1,0.7502716620117913
all_equal,943,-0.5471482413656623,-0.5828148555604726,1.4032,0.6047756194543823,0.7409696986921614,0.10111355781555176,3.309966564178467,1,0.6663007291061616
all_equal,944,-0.19127586524266726,0.2641421473238844,1.3733,1.03227151463134,2.900855108161768,0.10100865364074707,4.615436792373657,1,0.7571002993327981
all_equal,945,0.7541843762868972,0.03551562573610623,1.1694,0.8975182810208228,3.4986949966332235,10.18405032157898,8.417706727981567,1,0.655565669911684
all_equal,946,-0.08115376894869519,-0.29398407415141387,1.0576,0.9555718987893559,3.6837076021781514,0.9526185989379883,9.919696569442749,1,0.4092424007768792
all_equal,947,0.7145437481994692,-0.599479492130392,1.4814,0.9815749974071483,1.0497828761380588,0.10114622116088867,3.711843490600586,1,0.295082519844655
all_equal,948,-0.6377185727009411,0.6043007439814342,1.0704,1.9478549966620755,2.2612474623042953,0.05097699165344238,3.3106484413146973,1,0.4024050290599295
all_equal,949,0.3059875061727848,0.272202814380787,1.4833,1.0770471724331854,1.539484869643812,0.10109257698059082,2.9592678546905518,1,0.9191604636623676
all_equal,950,0.18200249813578262,-0.6011138778056835,1.4301,0.9394996299161179,4.5922098569922065,0.2021627426147461,6.865875005722046,1,0.6251547504942014
all_equal,951,-0.28561921001666246,0.5462458111669083,1.3621,1.3755109083392714,2.5842597854757257,0.10215950012207031,4.117002487182617,1,0.6646008430836075
all_equal,952,-0.35833239720027954,0.5894002714644205,1.49,0.050602855577994654,0.1615160244510534,0.15222501754760742,3.2140748500823975,1,0.662674145909006
all_equal,953,-0.7732072375467419,-0.670500535700906,1.4836,1.4181424647197975,1.8332497878658378,0.3530459403991699,4.219034671783447,1,0.4124998719646129
all_equal,954,-0.4240341371964385,0.10059520089086971,1.4023,1.0272904758829176,1.0543783216230809,0.10203266143798828,3.0120043754577637,1,0.8290279715647492
all_equal,955,-0.16104826348030776,0.3885607593646395,1.1829,0.5717097701099578,0.5106518805888395,0.10205817222595215,1.5040230751037598,1,0.5595405262359894
all_equal,956,-0.17767652529799915,-0.24484283952780406,1.3953,0.7234634346697325,0.7885694806334267,0.0515749454498291,2.808985471725464,1,0.9051226184960733
all_equal,957,-0.4586443213130312,-0.6266382182633284,1.007,0.6475548702958075,0.6143620646455884,0.1512603759765625,2.7090532779693604,1,0.2500588584642342
all_equal,958,0.7936810640185619,-0.43901803108310805,1.2683,1.3171446458799076,1.476151713768649,0.10148143768310547,2.5076849460601807,1,0.6970886290112585
all_equal,959,0.7594219965044655,-0.21454438160517242,1.2274,0.35033995091098663,0.2502788003550502,0.05160808563232422,3.5114810466766357,1,0.7426304526170876
all_equal,960,0.9753237690270764,-0.5799834658710686,1.3364,0.33949932348644496,1.32127457468069,0.101348876953125,5.212018966674805,1,0.6891071158572004
all_equal,961,0.1805760066251012,-0.6981264504821026,1.3362,0.8039616312430733,0.8039192251183753,0.15168261528015137,2.6095478534698486,1,0.5302060635758891
all_equal,962,-0.5534643146653071,0.1589067952099027,1.2923,1.1288455902614913,1.749561079548117,0.35271787643432617,5.611500978469849,1,0.7206294144523635
all_equal,963,0.5436409939119007,-0.6489490781742929,1.4112,1.492148538431152,2.057588329626437,0.05149698257446289,3.4075090885162354,1,0.45464979020677604
all_equal,964,0.3415613460333635,0.5464744853862485,1.4701,1.3559195899629772,3.2723361200743377,0.10097765922546387,5.913863658905029,1,0.5541608507364688
all_equal,965,-0.1700515817195658,0.013611483351730125,1.0542,0.9676512561023599,0.9569466424548366,0.1009669303894043,4.212645769119263,1,0.5885301235728957
all_equal,966,0.7416779313351987,0.09765582162182629,1.1169,0.9870286888810568,2.3148952983836915,0.050956010818481445,4.308943033218384,1,0.6595619395109159
all_equal,967,-0.6631571013015777,-0.25537058288947473,1.0125,1.542024206642265,2.246661432635331,0.10123777389526367,3.911186456680298,1,0.4626971776482383
all_equal,968,0.43147277175779064,-0.6466714161329129,1.4421,1.263299423110769,1.6252815081844414,0.10193943977355957,3.128911018371582,1,0.5707607262973045
all_equal,969,-0.5621972180620911,0.3937131537389761,1.2807,1.5828641384191036,2.4552069663972946,0.20441508293151855,3.812937021255493,1,0.715674697962097
all_equal,970,-0.5396203542707609,0.46519971634222335,1.4576,0.1197822432908164,0.2026949720703902,0.1023111343383789,2.207186698913574,1,0.7512193577129076
all_equal,971,0.12281088316375799,0.2620622582320812,1.1107,0.9337400162018888,0.8132656225133701,0.10233306884765625,2.5067903995513916,1,0.6382316312835137
all_equal,972,0.8834122723603621,0.5407338528661317,1.0316,0.8801010459686901,1.162055462240067,0.10165524482727051,2.914022207260132,1,0.32367696295592124
all_equal,973,0.37530453708959066,-0.18898859000542745,1.4119,0.996971036695924,4.22877344899129,0.1518092155456543,6.012735843658447,1,0.8438960723291571
all_equal,974,0.46968225717447964,-0.154298840111755,1.4547,0.12424288032029696,0.12271685418569843,0.10104942321777344,2.809061288833618,1,0.85141209011219
all_equal,975,-0.5827633394132185,0.4014454291989894,1.1511,1.404846703421578,2.953341351288819,0.1025240421295166,4.609780550003052,1,0.5673820019015048
all_equal,976,-0.018160018032109093,-0.22219837308370982,1.2041,0.9374890627928821,1.0017025328078673,0.10122203826904297,3.711425542831421,1,0.7639283360448643
all_equal,977,0.8002288287171355,-0.07795573337207873,1.0699,0.8420734238386711,5.901227358801434,0.6020462512969971,13.724747657775879,1,0.8553808736943913
all_equal,978,0.262769641626889,-0.29615981631648564,1.4731,0.7076205755844988,2.8971732857888832,0.5018272399902344,9.418272972106934,1,0.8463678086709202
all_equal,979,-0.8603567359681372,0.6012594774161212,1.1522,1.6390977233465929,3.2032353194436913,0.20116305351257324,4.709530830383301,1,0.46013532123960904
all_equal,980,0.5706310333011784,-0.267862420784076,1.2463,1.740387077252058,3.2911219064695256,0.05109548568725586,4.720227003097534,1,0.7653980541971768
all_equal,981,1.0034708769800211,-0.1931083329825506,1.0486,0.4869637737837327,0.4605593780603878,0.10248470306396484,3.5098180770874023,1,0.5756271518012044
all_equal,982,1.089838626119011,-0.7075925712977815,1.4436,0.5506091643261176,0.7566165407132177,0.10308647155761719,3.615539312362671,1,0.4172974438918624
all_equal,983,0.49070629412092326,-0.5775874667437917,1.0678,0.8438604811404543,0.8719097974083427,0.10329484939575195,3.0175178050994873,1,0.32117328948999757
all_equal,984,0.36129724522136497,-0.43704306728488124,1.2268,0.21432648052241143,0.4401287727736114,0.051000356674194336,3.1090188026428223,1,0.5352427686809
all_equal,985,-0.04612264440500946,-0.5228500242582803,1.3352,0.48022573347932596,0.4358701516838553,0.10148310661315918,1.904888391494751,1,0.5711328155649084
all_equal,986,0.6279348629420425,0.49080342476886163,1.3716,1.2813573980563782,4.546441929802342,0.6019763946533203,8.81925654411316,1,0.7487971962465525
all_equal,987,-0.6743132927012585,-0.7202019316108105,1.473,1.8663316000821586,3.2877879103309513,0.5019257068634033,7.714614152908325,1,0.494664888960053
all_equal,988,-0.5498961164188956,-0.4217411673301299,1.2096,0.5866754878076482,0.46272508577318067,0.05125141143798828,2.9104182720184326,1,0.5801811856101949
all_equal,989,1.058836761368229,-0.5568785964440948,1.3711,1.7165666162060504,1.9306335189311976,0.10155773162841797,2.810508966445923,1,0.5869936279238362
all_equal,990,0.9632512475491584,-0.1664319760234425,1.0773,0.6692372789458079,0.5634007161952928,0.10108041763305664,1.603686809539795,1,0.5439460524769175
all_equal,991,0.26456863454877877,-0.20316212038077197,1.2074,0.7740823319639197,0.7016406782403237,0.10109257698059082,3.5109541416168213,1,0.7376584419319694
all_equal,992,-0.8505983724805575,0.3388490704971011,1.0495,1.364559758073863,2.6533804047017213,0.1009836196899414,4.410798788070679,1,0.48093374739152195
all_equal,993,0.2931141019886099,-0.19658161456898282,1.2447,1.3367726129488064,2.722901260641285,0.10109639167785645,4.516331434249878,1,0.7887823465533662
all_equal,994,-0.32747594318464956,0.23176900000708145,1.2041,0.8643324948513101,2.3921104020568005,0.15268778800964355,4.416693210601807,1,0.5092871726463944
all_equal,995,-0.1303010544543799,0.01251940525450601,1.4758,0.45568629932675564,0.4068255938539331,0.3529047966003418,3.610316038131714,1,0.5811216206924824
all_equal,996,0.776744535608092,0.363961458569232,1.0164,1.2860710170718794,1.8688127685709677,0.15247297286987305,3.513619899749756,1,0.4492858343003595
all_equal,997,0.7468991288066353,0.5353674293126532,1.1853,0.18309028643596534,0.25889129561728874,0.10174679756164551,2.3066775798797607,1,0.5291002465698734
all_equal,998,-0.2041656190928982,0.4533259377985218,1.2217,1.0439468932103233,0.9352826323738506,0.10154008865356445,3.1126139163970947,1,0.587197378252484
all_equal,999,0.6183922450964319,-0.6725222514998098,1.4753,1.3837448350210921,4.037689273550696,0.10135054588317871,5.517746448516846,1,0.455838920154743
all_equal,1000,-0.2102168632443001,-0.20085763875179863,1.4277,1.0801898327765362,1.4540740379604706,0.05116438865661621,2.9105257987976074,1,0.839044117810157
