case,pose_index,goal_x,goal_y,goal_z,cartesian_distance_m,path_length_m,plan_time_s,execution_time_s,success,manipulability_score
no_joint,1,-0.13066148444452752,0.563281457007225,1.3197,0.8329550488239288,0.9357650791840568,0.10107064247131348,4.12741231918335,1,0.5953086719605952
no_joint,2,-0.5637710546430907,-0.5286635290580576,1.0125,1.3155789853182693,1.4767433639472027,0.05122947692871094,2.8067755699157715,1,0.33309642800856964
no_joint,3,0.31840995327503974,0.22989172189176654,1.1375,1.2319202555254916,2.8222185946769094,0.10100603103637695,4.709743022918701,1,0.6514352648318562
no_joint,4,0.7769013140664358,-0.45124606192804856,1.1116,0.7954514780332121,4.249868160147236,0.1012873649597168,6.219786167144775,1,0.5011952198015426
no_joint,5,-0.26999187445419626,-0.021984662937305166,1.3682,1.212920544029563,1.9110100073009648,0.10177278518676758,3.812438488006592,1,0.8803378240327232
no_joint,6,0.33969243733975607,-0.5513354354640945,1.3383,0.9285355231730783,1.7008517603194129,0.3681211471557617,3.5235917568206787,1,0.6617279464068843
no_joint,7,0.030930708718165167,0.33583177095400074,1.4461,1.039868526748074,4.201646672166966,0.25248003005981445,6.8191258907318115,1,0.8203810771608125
no_joint,8,0.3011656754845682,-0.6791771329227231,1.0435,1.1738961524297076,1.4926887648430747,0.20186805725097656,3.7132039070129395,1,0.24621687784989413
no_joint,9,-0.744067742703176,0.5607687281860799,1.211,1.6306611601790326,3.462957423130961,0.1515042781829834,6.813944578170776,1,0.49112349210290845
no_joint,10,-0.2692555094983793,-0.6087985153552286,1.0149,1.3999955140774192,1.6970023895628608,0.8525381088256836,4.409679174423218,1,0.22558991543832546
no_joint,11,-0.6311202185376483,-0.06262692550711468,1.1093,0.6848291804995031,0.7965829702143227,0.10138154029846191,4.310817003250122,1,0.6021604056711131
no_joint,12,-0.36009807646876646,0.16730561870237126,1.2527,0.4213077417872757,0.4767105265661046,0.1013040542602539,3.707571268081665,1,0.7724311708103778
no_joint,13,0.21057977365838032,-0.48900997810792585,1.0133,0.9027919154131239,1.6458992861585862,0.15142250061035156,4.211689233779907,1,0.3482589419741383
no_joint,14,0.9890869021802229,0.4864927794875896,1.0994,1.2817045673219352,3.518779853973568,0.10142230987548828,5.613482236862183,1,0.4619171441865943
no_joint,15,-0.6976078609330956,-0.4737195470360945,1.3249,2.0303588857569785,2.8955388815623517,0.05110025405883789,4.111537218093872,1,0.6532136516038586
no_joint,16,-0.10264161183544662,-0.370166430342667,1.2725,0.746870285521035,0.6235262098731722,0.05119442939758301,2.510295867919922,1,0.739779301472913
no_joint,17,-0.31618780179961137,0.002664418259433421,1.1102,0.4997285538978215,0.4956467531600704,0.10109138488769531,3.8092687129974365,1,0.6373579058328017
no_joint,18,-0.7252406242266942,0.6129826508891109,1.2946,0.6756137040504289,0.8126005035951821,0.05103015899658203,3.6098036766052246,1,0.5437724791482964
no_joint,19,-0.86205516386102,0.3774440026969422,1.4047,0.340718385738815,0.32482875408913964,0.10143709182739258,3.6103484630584717,1,0.7243564774139906
no_joint,20,0.6556578271315445,-0.6412626485173598,1.0032,2.03818491860365,3.9057300318757266,0.6519455909729004,9.931233406066895,1,0.42541657405439043
no_joint,21,0.8376709900854264,0.1134116262610646,1.4029,0.8577398025701406,3.2663163620408215,2.9283411502838135,11.533878803253174,1,0.9514638848337464
no_joint,22,-0.25663303835955753,-0.2961981155352495,1.3491,1.2737704783457513,2.417553945564327,0.10108613967895508,3.9085872173309326,1,0.8327146631791064
no_joint,23,0.8854556557862792,-0.09417669282748165,1.1701,1.309790395326304,2.074290291164742,0.10147523880004883,3.710052967071533,1,0.652136798022459
no_joint,24,0.6348759663586907,0.02819486946048788,1.0777,0.4359761907340074,0.31041048643346103,0.0509943962097168,2.60976243019104,1,0.5401255646471116
no_joint,25,0.1630564678351123,-0.15555864077535275,1.4786,0.6475434745854751,0.6265824658835619,0.15349793434143066,4.31205153465271,1,0.8894666109596749
no_joint,26,-0.8107073539688927,0.13142790507643431,1.1683,1.2350903796758732,2.4995060197684906,0.10104131698608398,4.208567142486572,1,0.6625985927087293
no_joint,27,0.9257967513215164,-0.4004724771494458,1.0464,1.9315523930575906,2.4522749014630274,0.10134696960449219,3.7110583782196045,1,0.4499324292547873
no_joint,28,-0.4195220359956043,-0.6372296038952384,1.0484,1.407449220012279,2.4668899729271976,0.10092544555664062,5.511223316192627,1,0.3658462979722446
no_joint,29,0.9696607469429799,0.367357401521509,1.4237,1.755091204511386,4.360016477321742,0.9531052112579346,7.514394283294678,1,0.8848341612737192
no_joint,30,0.7198780564140448,-0.4866527390905867,1.3019,0.9746136235158317,4.838358973600316,0.050926923751831055,6.112851142883301,1,0.6619191697318424
no_joint,31,0.727346387535172,0.48822944609487984,1.4036,1.0624931342640431,4.549025743457475,0.05114459991455078,5.918636798858643,1,0.7341549875830983
no_joint,32,-0.4212325078418716,-0.1561538984275238,1.3649,1.4535801167202658,2.3067769180904256,0.1545412540435791,3.7099599838256836,1,0.9068452690521283
no_joint,33,-0.85922087728718,-0.04123320625842464,1.2681,0.405817979581865,0.47305090708642994,0.15427088737487793,4.11678147315979,1,0.7790425596711302
no_joint,34,-0.6354268419446407,-0.27911675449141515,1.4866,0.43915491332986073,0.4063275884540811,0.10202550888061523,1.4048502445220947,1,0.8554069221803865
no_joint,35,0.15524301229535165,0.22294804952197445,1.1893,1.1522596575397066,1.0788379815671578,0.10264348983764648,2.7225306034088135,1,0.6409262148698632
no_joint,36,1.0345705385752644,-0.3970511255359496,1.276,1.1856596983269823,2.2926826172338166,0.051035404205322266,5.110652446746826,1,0.7429915209712259
no_joint,37,-0.3084461401438592,-0.692317334334872,1.4147,1.4326942405101086,1.6841919509686023,0.05113863945007324,3.9094223976135254,1,0.519499462579098
no_joint,38,-0.7709691150225211,-0.36013975813889587,1.3093,0.6049040507190572,0.6388776725088995,0.051061153411865234,2.205561876296997,1,0.7543767440650497
no_joint,39,-0.5858183635151959,-0.07049190737862832,1.4309,0.43697675740941005,0.39739374349939416,0.051752567291259766,1.7046544551849365,1,0.9242481797067
no_joint,40,0.4591726549584514,0.303465351461658,1.2887,1.2533180433613227,2.299051335825334,0.05106186866760254,3.9098706245422363,1,0.7913927877166268
no_joint,41,-0.1440538309504401,0.12578821123557826,1.3523,0.7360555620507753,1.751344450612661,0.10123991966247559,3.609063148498535,1,0.8346753028642825
no_joint,42,-0.6940456757521627,0.40470562893961304,1.0229,0.6595598474063646,0.6440672001357404,0.10198283195495605,2.710683584213257,1,0.4208341686128596
no_joint,43,-0.7921836694384579,0.06888690394064434,1.1139,0.3986840737564778,0.40535994902367123,0.10118961334228516,2.7061212062835693,1,0.6468739734446977
no_joint,44,0.14196844154917487,-0.43179480487803323,1.1447,1.1472138484319059,1.0894968485493493,0.050935983657836914,2.7099616527557373,1,0.5565615484278833
no_joint,45,0.4964385969190874,-0.21162563418306157,1.0399,0.5555953909535334,1.1474847291789643,0.05106520652770996,4.110065698623657,1,0.568262582634666
no_joint,46,-0.19700649221838762,-0.5870873818154306,1.1164,0.8246832194665443,1.1874499154973128,0.05138039588928223,3.0071980953216553,1,0.40706893130460187
no_joint,47,-0.36175969386856155,0.16381807925096203,1.0505,0.8330329172636212,0.9108820857427179,0.1014106273651123,2.3103625774383545,1,0.5787497176052779
no_joint,48,0.1767674463016049,-0.41069495230277936,1.139,0.8540334801189465,1.7458127569259787,0.0513303279876709,3.8118481636047363,1,0.5148394989566393
no_joint,49,0.911628589297721,0.12688140229347022,1.3178,0.9134714178614826,1.0240060385637677,0.10122895240783691,2.912518262863159,1,0.8574236243959239
no_joint,50,0.5658441555208145,0.48962949717484106,1.1824,0.6378915278039275,4.988976813549487,0.1521451473236084,6.621638298034668,1,0.546079822968179
no_joint,51,0.3995067226777984,-0.6273916880968029,1.1851,1.1980643322768383,2.5831701496699027,0.1025838851928711,4.517542123794556,1,0.44064401805455844
no_joint,52,0.3289423962453073,-0.7303632510787509,1.1048,0.20024363965670475,0.15240442507462132,0.1023869514465332,3.0077178478240967,1,0.12062747185630261
no_joint,53,-0.8629679408167945,-0.5220497373523568,1.1335,1.2105797979024362,1.2801461966285603,0.15238571166992188,2.6103436946868896,1,0.46897970467484523
no_joint,54,0.41918721633415434,-0.4348539688011908,1.4683,1.3845514961046257,1.692924054713632,0.10127091407775879,2.90606427192688,1,0.7972515213935122
no_joint,55,-0.2280577982483314,0.2826791906321652,1.324,1.1260621459353797,2.339375913517873,0.050891876220703125,4.009383201599121,1,0.8046781301578709
no_joint,56,0.43038875253928044,0.037856020982938055,1.3046,0.8247346572699676,2.826503646541667,0.05146193504333496,4.609347105026245,1,0.8718375323288671
no_joint,57,-0.34736890725482017,-0.4077582299971391,1.0856,1.0337775624138161,1.8101418258213433,0.10117077827453613,4.008130311965942,1,0.5093629485102551
no_joint,58,0.8950362723610386,0.12418447212023931,1.3646,1.4425891067721777,2.22981001232296,0.10109305381774902,3.7115418910980225,1,0.8608226052263751
no_joint,59,0.27042349932944365,-0.06628068869288095,1.0817,0.868436217495273,0.7575841292324944,0.05125236511230469,2.710108995437622,1,0.5531284722254776
no_joint,60,-0.31650917764222386,-0.7095898621231824,1.1897,0.9067699678430386,1.269591633930591,0.10095643997192383,4.608994960784912,1,0.4912535540316698
no_joint,61,0.9909889141874761,0.5676978648015553,1.4948,1.8517919817255661,1.9384905358373086,0.10158777236938477,3.3125314712524414,1,0.6684670277381098
no_joint,62,-0.8423649860397847,0.5325097049955348,1.32,1.8419763172382504,4.460990841755502,0.10103535652160645,5.617852687835693,1,0.574793711275601
no_joint,63,1.036894794590899,0.4290349918121529,1.2785,1.9643776351722186,2.194491936714597,0.15253400802612305,4.5260021686553955,1,0.6886052727144192
no_joint,64,0.8139528829464104,-0.30754916491527445,1.3423,0.8444963971092844,4.722490613427515,0.2547943592071533,6.213083744049072,1,0.7768539099316185
no_joint,65,0.9824587623866678,0.21334494063141296,1.4214,0.5993959281269282,5.172948006152349,0.1010885238647461,6.512980937957764,1,0.900489687454859
no_joint,66,0.3459443233177544,0.6173339900432578,1.388,0.8732564806433109,1.3574685756543314,0.05115222930908203,4.30914306640625,1,0.5315460251925784
no_joint,67,0.8659534285612076,0.2748160807942769,1.1145,0.8351726276765667,1.1682772783123938,0.10116267204284668,3.8088791370391846,1,0.5850960900814304
no_joint,68,-0.16048853828244525,-0.33960480598058607,1.0161,1.2976494567794952,3.980305079617095,0.1011040210723877,6.214231729507446,1,0.41094823385842766
no_joint,69,0.8455373354257656,0.5117925192125917,1.1577,1.3199466480678708,3.7743013606444205,0.10149741172790527,5.812298774719238,1,0.5147599726641175
no_joint,70,0.7092210447121483,0.15005044088864938,1.1339,0.4839603154052173,4.614527274120691,0.10111689567565918,6.621726751327515,1,0.6312556706681866
no_joint,71,0.8909905874824164,-0.27859465448598975,1.1055,0.45788510662493426,0.5046586525640372,0.2025129795074463,3.315183401107788,1,0.6014818132748835
no_joint,72,0.2731512394544169,-0.6936153158032764,1.4715,0.8122897350093481,1.2553569836956537,0.3131754398345947,2.8102948665618896,1,0.5493382177436048
no_joint,73,-0.3050752382817403,0.06880490002182083,1.4382,0.9933735601663364,1.1176066779143086,0.051104068756103516,3.0113613605499268,1,0.946082993693699
no_joint,74,0.7573943112274426,-0.24809805870092472,1.1573,1.2919456599647345,2.3515895725838427,0.05102992057800293,3.910187005996704,1,0.7043301635543769
no_joint,75,0.6531272222414466,-0.44646190821933746,1.3277,0.23853574436040806,0.3142333228293127,0.05130648612976074,4.110155344009399,1,0.6738165633191971
no_joint,76,-0.7705668286438195,-0.012918736225364547,1.1978,1.6131577166778297,2.2198944461764523,0.10110807418823242,3.6128547191619873,1,0.7930596120714737
no_joint,77,0.5661130234383152,0.5978207571815227,1.4573,1.5444862151372627,2.1529507466680475,0.05093789100646973,3.4110538959503174,1,0.6527734706678108
no_joint,78,0.7030590380315707,-0.37087648676591,1.2294,1.1022419910336687,4.523395612407521,0.10118770599365234,5.812800645828247,1,0.6872038116431749
no_joint,79,-0.8227548265505632,0.579678921767469,1.1324,1.9080183822109604,3.178747222488777,0.05145740509033203,4.6100914478302,1,0.41933533324996974
no_joint,80,-0.06245526417091707,-0.5048936042226579,1.1233,1.4152555921419698,1.6981408152577535,0.101776123046875,4.514500141143799,1,0.635289562097543
no_joint,81,0.2155672494475307,0.23885479778988572,1.2807,0.8089036265498919,0.9358225294919326,0.10114431381225586,3.708561897277832,1,0.6064373078050461
no_joint,82,1.0195429862744507,0.27087036353998595,1.1314,0.9582842814997373,1.5879873878214683,0.05157136917114258,3.4123117923736572,1,0.6566955975675567
no_joint,83,-0.04135267626812045,-0.4026176204254096,1.2923,1.3315439858474174,2.694701244516205,0.10115599632263184,4.510162591934204,1,0.718011359277786
no_joint,84,-0.8444721055358239,-0.583516191943497,1.4489,0.7110438795924613,0.8464522111088387,0.10105633735656738,2.906087636947632,1,0.6771630876047816
no_joint,85,0.8225228775098163,0.22382589878815262,1.1997,2.0139839732913423,3.4627106562243677,0.1011648178100586,4.716082811355591,1,0.6897700122699935
no_joint,86,0.10138266448156175,-0.09244978694750272,1.1097,0.9102899480988756,4.717974929850005,0.20470619201660156,6.716976165771484,1,0.5999282395661242
no_joint,87,-0.08316361642440584,0.10317803472374554,1.4988,0.44678314783215994,0.0,1.3101351261138916,0.0,0,0.0
no_joint,88,-0.130517797810334,0.11693152419136088,1.2548,0.400791958239981,0.34295981670294357,0.20238327980041504,4.2107253074646,1,0.7681050177954378
no_joint,89,0.43253077786874905,-0.5191280971901155,1.0455,0.8374343093874684,0.8786468994199521,0.1554110050201416,3.0193676948547363,1,0.35459255289972674
no_joint,90,-0.8204545825065056,0.061855648669738694,1.0236,1.4473071392047685,4.317939428160434,0.5523300170898438,10.119153261184692,1,0.7919766615401586
no_joint,91,-0.10364720625867363,0.14087801213979334,1.0548,0.9093280406835927,3.441877531800004,0.6022319793701172,11.321552753448486,1,0.5701964961803536
no_joint,92,0.9929832509950729,-0.21249497566173614,1.3137,1.0878881074360243,1.2167838524696928,0.1021726131439209,3.509420871734619,1,0.8220912720064532
no_joint,93,-0.4849419708476145,-0.6476975725975227,1.396,1.622160069490443,1.9823219214297427,0.10153794288635254,3.407395124435425,1,0.596533811075108
no_joint,94,-0.6858140517817499,0.1954513066740744,1.2111,0.972085132084448,3.1672509505932993,0.20133328437805176,5.513419151306152,1,0.7371003660672342
no_joint,95,0.801542866341459,-0.7110243602989752,1.0318,1.7502225131150944,2.17831331158353,0.15122294425964355,4.009451866149902,1,0.2359960489933075
no_joint,96,-0.6387973116538773,0.2143168652103431,1.1908,1.7187946629040765,3.6809898298008257,0.7588555812835693,11.826658010482788,1,0.7536816614907517
no_joint,97,0.5839108088193017,0.360982798348782,1.4981,1.3133366085719302,2.057483533561586,0.10108065605163574,3.5086584091186523,1,0.8976662606057191
no_joint,98,0.6147184377521813,0.36559093175322077,1.2646,0.3582483442759924,0.4572851570953324,0.05097532272338867,3.7118234634399414,1,0.6766845156056848
no_joint,99,-0.1356601539587038,0.3237914080595038,1.4855,0.7838723459668949,0.7555727641317785,0.051009416580200195,3.710270404815674,1,0.8731965494150892
no_joint,100,0.8283740741528494,-0.1535622063867247,1.4304,0.9833743332746948,6.030864713503168,0.15180468559265137,9.317574739456177,1,0.9123222049168707
no_joint,101,-0.6686084919671815,0.4971076937777247,1.0057,1.8382753215586884,3.4008034413316173,0.05086946487426758,4.9100868701934814,1,0.32658678920866363
no_joint,102,-0.23866169075732746,0.4874489159537795,1.3604,0.5172277998206238,0.91477661426725,0.10115528106689453,3.407248020172119,1,0.7212345496980191
no_joint,103,0.9214670772629805,-0.6175721060958524,1.3409,1.5675017156418978,1.9214355906656653,0.2021484375,6.12540602684021,1,0.324574951719013
no_joint,104,1.0111033652302361,0.0449036582813952,1.2685,0.6731335105840274,6.262434562845698,0.7818622589111328,8.720406770706177,1,0.8139489000518025
no_joint,105,-0.2918562504944361,-0.2914149146617354,1.1334,1.466963560585879,2.25509575720018,0.10149836540222168,3.80991268157959,1,0.5775423442030265
no_joint,106,0.6959096646646317,0.34193532819971717,1.3205,1.265444922727702,2.4294080339506388,0.10116362571716309,4.109215497970581,1,0.7187478185360103
no_joint,107,-0.758918537647011,0.0120526843128127,1.0558,1.6664265521675632,2.287060474511177,0.10168099403381348,3.7102487087249756,1,0.588954176085026
no_joint,108,-0.17748644512178002,-0.5821499194284695,1.2174,0.896918195720154,1.505839221326254,0.10103011131286621,3.708580493927002,1,0.49152185294121836
no_joint,109,0.3523082014928294,-0.6040574430072863,1.2269,0.500944479577291,0.5270606108327406,0.10131049156188965,2.305184841156006,1,0.4318764893052387
no_joint,110,-0.7287837213861684,0.38623572146494956,1.4769,1.5728726065007654,2.4209810602323634,0.05181694030761719,3.7086503505706787,1,0.7555056954203985
no_joint,111,-0.7048516506831496,0.6126427808606151,1.4379,0.24024320781488417,0.25101000549219676,0.10107851028442383,3.010035514831543,1,0.6047621196780507
no_joint,112,0.7379687423043702,0.558519545325422,1.1317,1.5712258620627957,1.6956170684037897,0.051073312759399414,3.2099711894989014,1,0.4886927262440817
no_joint,113,-0.12725350147772496,-0.6282700152560291,1.2503,1.5436352067740988,3.8839919475235467,0.051436424255371094,5.5113301277160645,1,0.45521338714788184
no_joint,114,-0.032191977672493044,0.5023309251201674,1.0893,1.2621022194798517,2.2142574205339702,0.10119891166687012,4.109277725219727,1,0.4176421885262672
no_joint,115,-0.8504970760709754,-0.09906027790007044,1.4563,1.0615451285673119,1.2248983054994729,0.10111212730407715,3.807629346847534,1,0.9045961363669662
no_joint,116,-0.6400629788877781,0.14901495510747143,1.4353,0.44447804828754317,1.1872010281542553,0.504753589630127,5.618684530258179,1,0.7396699758783225
no_joint,117,1.0340259910765421,-0.22792782373443055,1.1492,1.922633970489637,2.819911836351628,0.20284247398376465,4.122417688369751,1,0.6581074741674626
no_joint,118,-0.4298330480544449,0.5804677691914001,1.3195,1.762286139557747,3.262358469049899,0.10278010368347168,4.617427349090576,1,0.6008727826745615
no_joint,119,-0.7874570545139581,0.48143063822114984,1.3045,0.37792520362646576,0.38517179050868405,0.10196971893310547,1.7068617343902588,1,0.6568394049409431
no_joint,120,-0.7267352086944394,0.017995786767414867,1.0764,0.6619938069838822,0.5874366093117802,0.2521693706512451,3.4073779582977295,1,0.5603575611268705
no_joint,121,0.37446810078409043,0.21295869866486405,1.3813,1.2114690289222703,2.1998876646432484,0.10112810134887695,3.8108701705932617,1,0.829503611840727
no_joint,122,0.2851109662315847,0.49519110641461894,1.2697,0.42002393802047727,0.37325301463736243,0.25147104263305664,4.0105140209198,1,0.593271663549037
no_joint,123,1.0107155614397394,0.48022243906611906,1.3893,0.6235179669925703,0.7337166565921351,0.05097389221191406,4.309501886367798,1,0.7734843974958436
no_joint,124,-0.32323049533139503,-0.48452152653955194,1.2652,1.7722564908897054,2.9698164971505587,0.10193157196044922,4.209922552108765,1,0.5950135152046221
no_joint,125,0.2838064136884284,-0.6361926088101109,1.0003,0.8138142536892532,4.67882751941527,1.0526537895202637,11.122157335281372,1,0.37568231276086306
no_joint,126,0.5107565171871349,-0.0064035926431784684,1.1621,0.8172901942104752,3.1991423150463207,1.2039763927459717,11.72569727897644,1,0.6264441479450782
no_joint,127,0.48413718400178873,-0.5195643253401193,1.0097,0.5678342921658007,0.5868891585643196,0.15255999565124512,2.2252578735351562,1,0.3676683157111814
no_joint,128,1.0095034281445934,0.25413860452560666,1.4645,1.0200607457449142,4.484363018766056,0.30617189407348633,6.026683568954468,1,0.9074206761243052
no_joint,129,0.9756678540076542,0.4469717841735611,1.4394,0.2798462949754952,0.23577544389467436,0.1020050048828125,3.419940710067749,1,0.7543512927546046
no_joint,130,-0.12684960684770574,0.37070027649423853,1.4158,1.2489372461362787,1.6750922947787585,0.10387277603149414,3.1108291149139404,1,0.7336118608786396
no_joint,131,0.3045670778279319,-0.21965596298897638,1.1538,0.9536308876138054,2.489484502610672,0.10118341445922852,4.312732934951782,1,0.6266488701033286
no_joint,132,0.7885674927374753,-0.09901559844171082,1.029,0.4969327143440326,0.5009619200290164,0.10097932815551758,3.3100180625915527,1,0.5308551589971501
no_joint,133,-0.7612637656378625,0.4451285449744432,1.439,1.7382456290329753,3.1950806919158197,0.10117101669311523,4.812487363815308,1,0.7845707972575713
no_joint,134,1.1023342110804804,0.020163163498010173,1.4735,2.0198222669019477,0.0,22.928156852722168,0.0,0,0.0
no_joint,135,0.8110011283226295,-0.4031437082048464,1.0428,1.9734690475422416,2.918728271838165,0.4745292663574219,4.551445722579956,1,0.4870571458069772
no_joint,136,1.0179291360267877,0.08988394773550923,1.243,0.5719916256282701,0.6301190780873729,0.15242886543273926,3.7139623165130615,1,0.847741217762509
no_joint,137,0.3521301725875494,-0.2508844254228771,1.0346,0.7778296109437639,0.7413448866003214,0.2021467685699463,3.713789939880371,1,0.5205346753626962
no_joint,138,0.15824986319131829,0.3181654702447686,1.3803,0.6970894736384109,4.494429799096065,0.20178627967834473,6.4189558029174805,1,0.7066021506653677
no_joint,139,0.22087935445103035,0.027728772889620834,1.3829,0.35305598496697316,1.06656553075252,0.3533165454864502,5.214140892028809,1,0.7949366509463488
no_joint,140,-0.6073818172108301,-0.7034526027454723,1.0642,1.1507679976404919,5.11229916627246,0.2012927532196045,8.216704845428467,1,0.12757003277381562
no_joint,141,0.5224861003726611,-0.4503872420867566,1.2376,1.1908030398878677,1.2609716731392364,0.050971031188964844,2.7087950706481934,1,0.5767161321478236
no_joint,142,-0.17813545844532475,0.06754690173826594,1.2749,0.9855044069136694,1.8057202643091574,0.10145378112792969,3.6080808639526367,1,0.748405395071101
no_joint,143,0.9190425324866094,-0.2644969883099853,1.1325,1.2960640468065319,2.1998920936846704,0.10135769844055176,3.9116132259368896,1,0.617207767594409
no_joint,144,-0.08705220543924252,0.11174712611309823,1.4362,1.1763043664936013,2.3070756545358133,0.10101985931396484,3.909935712814331,1,0.9523529856077178
no_joint,145,-0.5815003607986469,0.5301313969718934,1.2116,0.6397824727665834,0.68237656897231,0.25253891944885254,3.3099043369293213,1,0.5304664624891758
no_joint,146,0.03700706886423388,0.6035647584422456,1.1059,0.7071563526966801,0.854543817652814,0.1019294261932373,2.806044340133667,1,0.37637833032158347
no_joint,147,0.38240049325575054,-0.4130399197987627,1.2696,1.1111175946017096,3.937412622973205,0.05300617218017578,5.7110209465026855,1,0.6535024028424568
no_joint,148,-0.619213147185695,-0.5342856991141075,1.365,1.082695391385372,1.4431623897028605,0.0509033203125,2.9094107151031494,1,0.6523517340156915
no_joint,149,-0.512513672720895,-0.2680531527130119,1.1006,0.5475557273154131,0.4384440126554686,0.10148501396179199,1.7087726593017578,1,0.6012447346212703
no_joint,150,0.4500994377486758,-0.5062324969689606,1.1559,1.0707519488903665,1.4126262386132777,0.10104918479919434,3.0103182792663574,1,0.47701779743746503
no_joint,151,-0.5381707049909699,-0.3602168741700888,1.4976,1.0865035841435313,1.5282750619158094,0.10277485847473145,4.315812826156616,1,0.8157688508492584
no_joint,152,-0.6338997034786091,-0.10988997272303469,1.3249,0.41378993088873384,0.3560341013778532,0.1528325080871582,3.0098650455474854,1,0.8509213879898145
no_joint,153,0.12477303083432634,0.20560249453674795,1.2191,0.9531274099385459,0.8664346502548137,0.16106343269348145,3.7165424823760986,1,0.6917801803660166
no_joint,154,0.37149857197097913,-0.63066309010225,1.2588,0.9582058666178684,1.0653266670356125,0.10185480117797852,2.419987916946411,1,0.49653177613081995
no_joint,155,-0.75194348356766,-0.362570111445742,1.0605,1.1406179070255704,1.1763746456553876,0.10267782211303711,3.1081104278564453,1,0.4983469733748413
no_joint,156,-0.5072793396356601,-0.45535402973536,1.1123,0.3324032197649916,0.2662801214756712,0.15184569358825684,2.810584306716919,1,0.49614210745853854
no_joint,157,0.3523809571730465,-0.23611265923113267,1.169,0.976400267771837,1.4330691721002775,0.10103774070739746,3.2087106704711914,1,0.7020867968988419
no_joint,158,-0.800293891870835,-0.39615163847131546,1.2942,1.231481431382942,1.8015743274439435,0.10137081146240234,3.8099119663238525,1,0.6717948151265921
no_joint,159,0.14114469027325027,-0.011876071245456199,1.1151,1.1783907487635898,1.8852147662867929,0.05107426643371582,3.607952117919922,1,0.6496734169082883
no_joint,160,0.18264742211385587,-0.4098455280058814,1.1101,0.398115495015603,0.4543462403762855,0.05087113380432129,5.511746644973755,1,0.5006576898350397
no_joint,161,-0.8332188860045463,-0.300463226488713,1.0355,1.1047614294557357,1.424387758963614,0.05146932601928711,3.108595371246338,1,0.4569508798750897
no_joint,162,-0.6356314547342441,0.48058448373661566,1.3156,0.8589533753106815,0.9894199861827617,0.10193347930908203,3.8076696395874023,1,0.7075808581911085
no_joint,163,0.6911373949197446,-0.058140418671475236,1.1145,1.556442910148055,3.1209208487306537,0.10128927230834961,4.9116599559783936,1,0.5834213730562845
no_joint,164,0.2901190959173825,0.28123383752926945,1.4527,0.6569351679405874,5.0762643657737545,0.10090255737304688,6.716766119003296,1,0.885486007215005
no_joint,165,-0.3105561547069281,-0.24412492474827535,1.4298,0.9225844342543468,2.410053449211476,0.051230669021606445,4.109483242034912,1,0.8486842388116254
no_joint,166,-0.16721628927046872,0.6124719518415541,1.0354,1.0475280726174816,1.173250615920914,0.10099458694458008,2.609724521636963,1,0.266228389228874
no_joint,167,-0.6712671392663598,-0.5329715427607278,1.119,1.3104475861890486,1.5924939792355362,0.051462411880493164,3.310131311416626,1,0.47719946387171097
no_joint,168,-0.503224158330312,-0.35127923821465407,1.3345,0.34229375145318064,0.3191263855110524,0.10106992721557617,4.8100316524505615,1,0.8087779092502414
no_joint,169,-0.7139767160986251,-0.022321350730470035,1.1071,0.5026138937497704,0.4681372191340934,0.05102729797363281,5.011859893798828,1,0.6786661061985821
no_joint,170,-0.6509388959029203,-0.1963464069111509,1.0662,0.28446514601022244,0.20729900752824865,0.10107946395874023,5.11013388633728,1,0.5921851813643286
no_joint,171,0.7464368446214729,-0.3886415156402526,1.4678,1.5082357882091137,2.1178349761365345,0.05090737342834473,4.117323637008667,1,0.8197645376445183
no_joint,172,0.9690232104508749,0.02199221500113957,1.2855,0.5912600294438637,0.6307992007921875,0.15715813636779785,3.7105002403259277,1,0.8286018030627098
no_joint,173,0.6521349935864189,-0.4860018894819629,1.2363,0.6008010828408353,0.6078436631481866,0.15340590476989746,2.607293128967285,1,0.6903755945297452
no_joint,174,0.1330837705525898,-0.4099290276616797,1.3923,0.5472230877671862,1.3095862231719664,0.15201306343078613,3.7155046463012695,1,0.7902635860140089
no_joint,175,-0.30093424347781306,0.05562131623466937,1.4037,0.603728688336073,0.694052613762677,0.10208606719970703,1.7071533203125,1,0.929314863579541
no_joint,176,0.1825922553172432,-0.6717944604059854,1.0952,1.0557378608644858,1.1450420204377727,0.15239500999450684,3.7120888233184814,1,0.4278939300389924
no_joint,177,-0.7473908085229743,0.6172053593037848,1.0485,1.5907502497298414,1.6979608472774355,0.10140466690063477,5.3108437061309814,1,0.38377308750616657
no_joint,178,-0.36830222225822007,0.19338474033567887,1.2155,0.5923150553374149,0.6199981919720512,0.10198736190795898,3.7118313312530518,1,0.7417289917096134
no_joint,179,0.06166400570641384,-0.17713058396165293,1.2118,0.6746840276628291,0.5964636136824446,0.1011049747467041,2.7098240852355957,1,0.7719608182758315
no_joint,180,0.7732876662352792,0.5829469752557884,1.2335,1.1104841141997779,1.8182717920018965,0.10128259658813477,4.912787199020386,1,0.4848641203859808
no_joint,181,0.986790785419297,-0.49398576708838293,1.3645,1.1547916717930853,4.238050000484213,0.10193085670471191,5.611634969711304,1,0.7250924822584938
no_joint,182,0.2656057103225853,0.413672739265866,1.3367,1.276833314371974,4.654633445374057,0.051103830337524414,6.011948585510254,1,0.7122026460328437
no_joint,183,-0.47337465166537035,-0.518136734502522,1.4921,1.3008258025402486,2.8925757651020847,0.10113215446472168,4.710332870483398,1,0.7202150140511183
no_joint,184,0.44542089141986874,-0.02430810636723002,1.0492,1.3151306555293223,1.9137551396559929,0.1013498306274414,3.4086270332336426,1,0.6197686539261508
no_joint,185,-0.09517379708833662,0.379007629833947,1.2013,0.7336998763208286,1.4900171815881478,0.2010493278503418,5.61179780960083,1,0.6529880423445297
no_joint,186,0.04403133519715996,-0.32890680089846874,1.1697,0.7224987261743252,0.8152121006770366,0.15142464637756348,3.7159323692321777,1,0.6611160284717289
no_joint,187,-0.4127544382190081,0.4930154636792571,1.4308,1.0322718290592319,2.645690462729825,0.3145139217376709,4.430911302566528,1,0.7524288189011282
no_joint,188,0.9236277239317321,0.1147030063858252,1.1243,1.5484196429264168,3.456853183503827,0.15252089500427246,4.91248631477356,1,0.5976099241426853
no_joint,189,0.37111736118755023,-0.2828396854611636,1.0951,0.7705781082301311,0.7345105716846073,0.10289740562438965,2.105607509613037,1,0.5369678475705317
no_joint,190,0.3559842022503137,-0.010024459624534132,1.2243,0.34014266786116326,0.33865393298619056,0.10164523124694824,1.5059325695037842,1,0.8131610146350904
no_joint,191,-0.5723803883696872,-0.3146938788489167,1.2109,1.0614375948611996,2.0144132106699595,0.10243940353393555,3.8103225231170654,1,0.7425563685394635
no_joint,192,-0.8065387143536853,0.04002842701318898,1.1393,0.44239442287620706,0.45861295473297764,0.10436630249023438,2.4090967178344727,1,0.7223248298131257
no_joint,193,-0.19499397404507146,0.3854075366193458,1.1249,0.7694710492673452,1.6178918223321508,0.1013178825378418,4.210632085800171,1,0.6123186542243443
no_joint,194,-0.6203174712580108,-0.19712726277005532,1.4616,0.8137781336798152,2.038122117357112,0.10109186172485352,3.9127345085144043,1,0.9044623617900363
no_joint,195,-0.41862373464890457,0.2493750289720732,1.2216,0.6670757016958996,0.6320928711652515,0.10135459899902344,4.113156080245972,1,0.6677168059542253
no_joint,196,0.5024058169337922,0.002703385159597227,1.4307,1.0666483165639902,2.8892115568539567,0.10169172286987305,4.5106916427612305,1,0.96242603971423
no_joint,197,-0.5130733252995743,0.5052110712724055,1.2752,1.2715002133747069,3.4101552269169333,0.10142016410827637,4.909348726272583,1,0.5935572447806882
no_joint,198,0.04269550282267098,0.5585673086266344,1.0253,0.7220921161674649,0.8742387579374579,0.10117888450622559,3.4099791049957275,1,0.33618416603720863
no_joint,199,0.1296713615490115,0.09713811948720619,1.4996,0.615430807536202,1.0977610700874088,0.5024900436401367,3.108340263366699,1,0.5532605096618897
no_joint,200,0.9744584358825197,0.03349299425157315,1.418,1.0681379435997878,4.415621362564768,0.15133452415466309,6.721867561340332,1,0.9283380210969554
no_joint,201,0.5287469732091561,-0.5334113550358048,1.4845,0.7889344034242954,0.8468196415474162,0.2030797004699707,2.5289385318756104,1,0.6536109753824684
no_joint,202,-0.032373009478670944,0.26887437974836936,1.4632,1.1375382353251364,2.5342249369292804,0.15284442901611328,4.815375328063965,1,0.9054836786056453
no_joint,203,0.020563634122989782,-0.5874109250148023,1.4243,0.9451607201468529,1.113769254826147,0.10127758979797363,5.810992240905762,1,0.6381110423928884
no_joint,204,-0.6259185658551252,0.5222367467162697,1.0832,1.3795013002729357,1.5307967395177615,0.05102729797363281,2.8079028129577637,1,0.4302793853234178
no_joint,205,0.29890791364644986,-0.19477028488244097,1.2428,1.2416584194141433,2.9614317043367424,0.10103726387023926,4.710731267929077,1,0.7543179777102591
no_joint,206,0.7182555351212587,-0.7366356003916756,1.1069,0.6407165969185957,0.6673864286587557,0.10146212577819824,4.70966649055481,1,0.15888205514415105
no_joint,207,0.19211808502296313,0.5208816169511331,1.2005,1.4290416435467852,3.413461068312816,0.10123729705810547,5.109695196151733,1,0.5472703360713359
no_joint,208,0.5887274737535213,-0.12165254921740487,1.0293,0.8122868962440883,4.188684115007419,0.10099220275878906,6.213743448257446,1,0.5034819835537986
no_joint,209,-0.5938213856072367,-0.5006442805404492,1.1895,1.2970297566291429,1.7392674152395975,0.05124688148498535,3.212510824203491,1,0.5584634675647391
no_joint,210,0.9402245759169743,-0.24507078261374604,1.4927,1.6596786128618828,2.0929061957788426,0.10098958015441895,3.2109909057617188,1,0.9061103132551244
no_joint,211,-0.8470467870419227,0.16870034915096044,1.1326,2.0199928453721356,2.962279588795316,0.10194158554077148,4.1145994663238525,1,0.6501363125884853
no_joint,212,-0.5783504735933301,-0.1733064539990693,1.392,0.5364366222640705,0.5068715478082358,0.05152177810668945,5.5116894245147705,1,0.8202306108880255
no_joint,213,0.12235051047652279,0.07505901379774027,1.2275,0.9227684553071177,2.224107285379973,0.051023006439208984,4.609297275543213,1,0.7793821962619719
no_joint,214,-0.456967114484549,0.4909265936915409,1.2115,0.8130881499097747,3.1051045566752085,0.10124659538269043,4.912318706512451,1,0.6099425719861953
no_joint,215,-0.8005585583250759,-0.09438001741886093,1.4787,0.7321459030711233,0.8450581248141249,0.15285491943359375,2.6078739166259766,1,0.874652354448955
no_joint,216,0.664095736289511,-0.12018114105621003,1.4977,1.6224025849020578,2.621063553626013,0.10297369956970215,5.418733835220337,1,0.9408595133236173
no_joint,217,-0.07868761334510388,0.025945815217491397,1.2779,0.9524821956372644,0.808283553437347,0.5096611976623535,2.8116068840026855,1,0.8021233787760375
no_joint,218,0.8350591008487913,0.5569626449716115,1.3592,0.9741498289206771,1.0482476601928004,0.1518535614013672,3.7109196186065674,1,0.4731990145812989
no_joint,219,0.40340709469972924,-0.1813992489112155,1.0774,0.9000526839901787,1.141791234890062,0.10115599632263184,3.709568500518799,1,0.5381697364170915
no_joint,220,0.5460569575755418,0.1623614961845481,1.1484,0.398181745027976,0.43323369914973,0.051102638244628906,1.6049270629882812,1,0.6277462229761025
no_joint,221,-0.4150097531624425,0.18018062970465287,1.4844,1.0835708716678922,3.466053874558948,0.2515840530395508,7.517959833145142,1,0.6334098142831959
no_joint,222,0.7124336812096612,-0.4976796343373456,1.2896,1.5457872970432522,2.730207863271855,0.2512540817260742,5.911624431610107,1,0.5690768004238479
no_joint,223,-0.6759071595509779,-0.40888140956675006,1.2711,1.4775306764510734,1.7624954474872525,0.050897836685180664,2.909278631210327,1,0.6875880028248372
no_joint,224,0.7724957715717773,-0.19726983030424305,1.374,1.5746379995459978,2.127475467589537,0.10108423233032227,3.40718150138855,1,0.887805699304051
no_joint,225,-0.2919811986226717,0.4885654146480186,1.0286,1.4519114173006678,3.1075878488923787,0.1015312671661377,4.809444189071655,1,0.3854701518738015
no_joint,226,-0.46096944230057385,-0.7065447518773718,1.2921,1.2716383211800844,1.636974654365271,0.0513155460357666,3.110844135284424,1,0.3918724520891726
no_joint,227,-0.03773654072566912,0.48353093101976363,1.2514,1.3792955455588851,1.601260686851763,0.10097956657409668,2.906724691390991,1,0.6231771366465207
no_joint,228,-0.35882275493917826,-0.22130263117817528,1.4264,0.8290130175964951,0.9410951322408755,0.05088663101196289,2.5083298683166504,1,0.8304171840026404
no_joint,229,0.36406313535698365,-0.18046838988923564,1.0787,0.986541749702494,1.8288237693300993,0.10109400749206543,3.6115903854370117,1,0.60941927474775
no_joint,230,-0.2893688645879192,0.5601748437660033,1.4804,1.0943788437868152,3.7471068277865114,0.1515064239501953,6.621371030807495,1,0.7050793505850553
no_joint,231,0.8483035282296632,-0.07326953360516819,1.0401,1.3587375160748132,4.266344159884508,0.25336432456970215,6.819313049316406,1,0.6152137717366452
no_joint,232,-0.030226834141979353,-0.7121271703681586,1.0929,1.1227230733957523,5.9986059406607435,0.4028747081756592,9.827102899551392,1,0.2502074703239789
no_joint,233,0.3825538316954238,-0.38866232021478003,1.2975,0.5619374798055671,5.378277885531505,0.3516557216644287,8.116996049880981,1,0.5870566168103347
no_joint,234,1.0780851221544403,-0.020701689516109623,1.3376,0.7711033100408577,0.8563333862530769,0.10123920440673828,3.0102880001068115,1,0.8247207833706469
no_joint,235,-0.8365496790829209,0.5132465602141257,1.1176,2.142733274092909,3.6467073790178413,0.1012258529663086,4.9109296798706055,1,0.41932278017540314
no_joint,236,-0.3298225525979577,0.018440575456700192,1.0599,0.81604006164799,0.7311710269449848,0.10114264488220215,2.507734537124634,1,0.532558059980575
no_joint,237,-0.46387303937048446,-0.7278917314232478,1.4451,0.8177633627462824,1.0351274993322803,0.05134391784667969,2.310443162918091,1,0.46829753729120005
no_joint,238,0.8590501337289052,0.07784560238200366,1.1231,1.7266010375968999,2.098480088219013,0.10115933418273926,4.0096189975738525,1,0.6928476197794804
no_joint,239,-0.5254141257683229,0.5134020137008949,1.2973,1.5290065106350534,3.4646964566282072,0.051000356674194336,5.010011196136475,1,0.5692006711444622
no_joint,240,0.15549489187058407,-0.6784687616510744,1.3097,1.5013611500733475,2.48794019487666,0.052186012268066406,4.010009765625,1,0.4673338583244431
no_joint,241,-0.7088930401723994,0.08573099840681742,1.2096,1.2667395565592507,1.811050769938034,0.05103778839111328,3.415022850036621,1,0.7111685915633348
no_joint,242,-0.30080901372047286,-0.2543056875771598,1.2918,0.63506315109414,0.5599838836340114,0.1024923324584961,2.2181849479675293,1,0.7616134746248314
no_joint,243,0.2496139970684501,-0.08890674737843696,1.2614,0.7081831067277783,1.7594978755475863,0.10244107246398926,3.7120113372802734,1,0.7521051027694489
no_joint,244,0.5789578966707161,-0.44767191981630017,1.4674,0.3952840205586593,0.5647807277202779,0.10224652290344238,3.308901786804199,1,0.7574278529466792
no_joint,245,0.30644445864790515,-0.67234093227264,1.1021,0.6179708600573803,0.5837161680672172,0.20342397689819336,3.91420841217041,1,0.2210163687542506
no_joint,246,-0.2105286084007837,0.3162333679467594,1.3581,1.2017736096030662,1.7627205571703448,0.10206389427185059,3.3111603260040283,1,0.7920539980326667
no_joint,247,0.5702701147955418,-0.062194931532683295,1.1193,1.0502526516262012,2.731500986509469,0.10104608535766602,5.010138034820557,1,0.7009050081109045
no_joint,248,-0.3846311701200903,0.3824465844843504,1.1979,1.1283777569013842,2.8267702532130317,0.10118627548217773,4.710571765899658,1,0.5834332798619342
no_joint,249,-0.33360833801021395,0.06797693627812573,1.3358,0.4144989938526901,0.3805535289587997,0.10102272033691406,4.409649848937988,1,0.8039548790009763
no_joint,250,0.9451155065661652,-0.555011201117347,1.15,1.5814316584743442,2.039525581438402,0.05109977722167969,3.4072020053863525,1,0.4147043697787762
no_joint,251,-0.5060665350418558,0.001571901697864142,1.1581,1.628137050767873,2.022129406650664,0.0512542724609375,4.210737228393555,1,0.6814273386768768
no_joint,252,0.7256041950613934,0.16216834586052575,1.3759,1.3368928640102824,2.794825315899448,0.1024317741394043,4.408512830734253,1,0.9087363223095036
no_joint,253,-0.3781580064410935,-0.07053009995432491,1.0363,1.3188308056152396,2.587717116246254,0.05092000961303711,4.31096076965332,1,0.5800166845604525
no_joint,254,0.9981256112588675,-0.6888275611796729,1.2291,1.5738998761443463,1.81042098448962,0.10228419303894043,4.310004234313965,1,0.31111030463583883
no_joint,255,-0.515099665957625,0.037356746779313,1.4992,1.7494790624666787,1.980319502098684,0.6019892692565918,3.808842420578003,1,0.7339832725265026
no_joint,256,0.5092869696832367,-0.3344424638701152,1.498,0.9883050396862193,2.014114728358511,0.1014711856842041,3.9146838188171387,1,0.7987314326111152
no_joint,257,0.998536181422826,-0.09142966631264471,1.0366,0.7660329380610135,0.7054635077363505,0.10310745239257812,2.2075891494750977,1,0.5681117988778632
no_joint,258,-0.24054286203186737,0.3959298614830308,1.1066,1.4007493727051497,2.7809354105440773,0.10242295265197754,4.620386600494385,1,0.49676482909730996
no_joint,259,-0.41712248449577255,-0.5773410989420189,1.1326,1.0545580505932886,1.2315828593611402,0.10213899612426758,2.707794666290283,1,0.4245933110598202
no_joint,260,-0.19936782181169288,0.2528295440805183,1.4666,0.9571114001887903,1.112136610341952,0.10283374786376953,2.4150614738464355,1,0.8099520047794396
no_joint,261,0.19627174148791826,0.34345362848873606,1.4404,0.5449526780385847,1.4435621376439367,0.10177087783813477,3.409677505493164,1,0.7902553273382018
no_joint,262,0.8830078970041229,0.10319602056248656,1.4396,0.6186602989023678,5.455685411689253,0.10109639167785645,6.813446044921875,1,0.8776332909017166
no_joint,263,0.851535968071643,-0.713775829491568,1.1848,0.9020094439798456,1.0483489627156384,0.05105137825012207,2.706010580062866,1,0.25517458837771756
no_joint,264,0.9882321784525603,0.3545281659530163,1.0789,1.1909694030502733,3.5762937260159426,0.051102399826049805,5.511139631271362,1,0.5045504442818237
no_joint,265,0.6475671886614935,-0.19074692470090127,1.4169,0.7422098459248317,4.625557938975615,0.10104012489318848,6.414875030517578,1,0.817763946930243
no_joint,266,0.8586280403173234,0.6091306866798317,1.3518,0.8910494180398913,4.7298703486718665,0.05113101005554199,6.113151550292969,1,0.6209957276973143
no_joint,267,-0.03787042148684694,0.27043808238313705,1.3058,1.0794327536936636,1.4787306415365777,0.05124950408935547,4.109757423400879,1,0.8015477859248844
no_joint,268,-0.17013888355598095,-0.3483336254672917,1.4936,0.6825647926944052,0.7852153710553145,0.05269622802734375,1.9075393676757812,1,0.8098729344683604
no_joint,269,-0.7895712981407308,-0.7184412136762894,1.327,0.6413968882933149,0.7124040529562998,0.10112476348876953,3.1117115020751953,1,0.3755408188380365
no_joint,270,-0.11126458532951089,0.1908353664202781,1.0039,1.3291275494854182,1.3641544032810582,0.101165771484375,3.109084367752075,1,0.4915519199194899
no_joint,271,0.685535818571624,-0.6201492828229554,1.4086,1.2324711683744254,1.9900476741706463,0.051141977310180664,3.91209077835083,1,0.5274051057306256
no_joint,272,0.9994588681815753,-0.10079032354267892,1.1497,0.7883056319059802,0.7660515262353503,0.20290040969848633,2.3220653533935547,1,0.629425693219
no_joint,273,1.0914962170034874,-0.42468308229914875,1.3317,0.29228053714571517,0.42114349071556545,0.15419793128967285,3.5117669105529785,1,0.7275703321021126
no_joint,274,0.33153432744989875,-0.038565985863317165,1.4695,0.9641071189534605,0.8466056535663521,0.20298027992248535,3.518028974533081,1,0.9423240710382546
no_joint,275,-0.43599633362291246,-0.48683382781379425,1.0671,1.1143659823297491,1.676291555385368,0.10183024406433105,3.6160926818847656,1,0.4045862323451072
no_joint,276,-0.7583558150513484,0.5885470138134749,1.0577,1.1547869774892034,1.3881918200309928,0.6523787975311279,2.9089126586914062,1,0.33124783647936124
no_joint,277,1.0989073044852347,-0.5040679275724245,1.0535,2.213393047286699,3.012029141828287,0.10103869438171387,4.408890962600708,1,0.41358362101632884
no_joint,278,0.5065128649826163,-0.5315470246890391,1.2766,0.6355508626649405,1.9959650067203738,0.15145325660705566,5.612042665481567,1,0.6695709177538522
no_joint,279,-0.4293934874215611,-0.005197142944449729,1.1362,1.0832511129883855,2.06354820226872,0.3014371395111084,6.6127190589904785,1,0.5520203586596466
no_joint,280,-0.6916730882776498,0.4626312252541428,1.3024,0.4679338464792153,0.5691736095215426,0.05111360549926758,3.7120766639709473,1,0.7057582682361713
no_joint,281,0.8884986943003128,0.5700651585676811,1.3588,1.5843365331445702,1.9099621449515545,0.10133767127990723,3.8105337619781494,1,0.6095087879138501
no_joint,282,0.4256896056265411,0.013878027216957523,1.1018,0.9253914763272536,4.591060441865892,0.15118122100830078,6.413489818572998,1,0.5822620652328967
no_joint,283,-0.13433135928159368,-0.3860983011133118,1.3171,0.7585326514388628,1.757258949181703,0.10237503051757812,3.908442497253418,1,0.7594235153743966
no_joint,284,-0.7123664000710418,-0.4404682805209592,1.132,0.5561094965084141,0.5823107475344904,0.10098981857299805,3.40921688079834,1,0.5432063621957377
no_joint,285,0.8140921036446596,-0.06266867188279923,1.2443,1.6597149215174047,2.1672603126081613,0.10127043724060059,3.5137851238250732,1,0.7691956010430513
no_joint,286,0.7615176744636456,-0.2651101483423867,1.4527,0.2490967481524411,0.3161613903301837,0.10184431076049805,1.4059808254241943,1,0.9126217821332634
no_joint,287,-0.3437499685242069,0.4642376012519872,1.4231,1.4480132924149003,3.1264884185955086,0.20244121551513672,4.926740646362305,1,0.675540932124901
no_joint,288,0.8128529870647874,0.44866223211876866,1.0461,1.3491634950462776,1.5836080261699848,0.10206151008605957,3.9185593128204346,1,0.480067483728635
no_joint,289,0.5093884370285202,0.19151342039865282,1.2118,0.46276427076371623,0.41970980535022234,0.15192794799804688,2.1045877933502197,1,0.7566296955234757
no_joint,290,-0.5586446813091279,0.46731642313932775,1.1383,1.2102182393139744,1.6367825743529336,0.05131888389587402,3.2101426124572754,1,0.48384395788595946
no_joint,291,0.7637687996193596,-0.5659328020914862,1.0018,1.7875200331376482,2.358363061444207,0.10108470916748047,3.8106133937835693,1,0.26602051967180584
no_joint,292,-0.5543738860322531,0.3808866911395915,1.3856,1.694236508910246,2.347928832268735,0.0512697696685791,3.508819341659546,1,0.7926690500582232
no_joint,293,-0.8603432022572358,-0.3486096050176698,1.3186,0.8557569864069858,0.922789805451756,0.10137581825256348,3.0101730823516846,1,0.7906446665443184
no_joint,294,0.3792544105470368,-0.3860298796178444,1.131,1.3804426041246893,1.777417951665248,0.0514986515045166,4.813288450241089,1,0.5705177143166104
no_joint,295,0.6726535731895666,-0.5960086022517591,1.3706,0.3010592770656802,0.45855623697894415,0.10172867774963379,1.905104160308838,1,0.5599309122121372
no_joint,296,1.0356501516485273,-0.2732676438628453,1.2758,0.5703673234580138,0.5584013133974614,0.05096268653869629,2.9109997749328613,1,0.8096044444855345
no_joint,297,-0.6698257191224737,0.544751941462884,1.2138,1.9923930587012926,3.3857875142229332,0.05235743522644043,4.60896897315979,1,0.5327858638716094
no_joint,298,-0.2764902103114102,0.23002844979861703,1.0048,0.680779479155747,1.0870244642789486,0.15221357345581055,3.111105442047119,1,0.4699430344977637
no_joint,299,-0.18745978111923978,0.11013792141251366,1.0376,0.15736956839754343,4.153206243466553,0.25145411491394043,7.6153364181518555,1,0.5765121336094133
no_joint,300,1.0564551369096007,0.5882381731625402,1.4416,1.3028723653492202,0.0,0.6526305675506592,0.0,0,0.0
no_joint,301,0.6298776543313227,-0.7092175767856067,1.452,1.1435155070115053,3.4413672981876093,0.6025345325469971,13.524631977081299,1,0.5615614718918979
no_joint,302,0.09549080338204752,0.31553979206790805,1.2728,1.3278530527044243,4.015369156444182,3.3360183238983154,10.161479234695435,1,0.7045853912993956
no_joint,303,-0.33067194742973827,0.6270490632166953,1.4173,0.616906544735371,0.5952167507192954,0.10100173950195312,1.7040431499481201,1,0.6394594140453022
no_joint,304,-0.5486975863981116,0.34906831998240306,1.2913,0.5264638656177298,0.9393537065068742,0.10135936737060547,3.810323715209961,1,0.7054584928881579
no_joint,305,-0.7097207675893997,0.19200604105065588,1.074,0.41265447407131706,0.32000904871234026,0.051381826400756836,1.4035348892211914,1,0.5390020160523276
no_joint,306,1.0116115803803134,-0.535446456693043,1.0637,1.9579786950528757,2.3338219034680776,0.10135006904602051,3.5077409744262695,1,0.3485504681171863
no_joint,307,-0.041100457852425554,0.1343346520904536,1.1541,1.316394716311196,1.8296794317134144,0.050948381423950195,3.363086700439453,1,0.7356862926394172
no_joint,308,1.0772436982563796,-0.18057507532313088,1.4495,1.2506279709378845,2.53186716795957,0.10130572319030762,4.108269214630127,1,0.853848375958866
no_joint,309,-0.4506264766222849,-0.7002217701166814,1.3981,1.7283260399400706,2.0101481411059154,0.10144734382629395,3.958862066268921,1,0.4621845329838217
no_joint,310,0.8401580511821607,-0.09280958820580043,1.4304,1.5478588923958285,1.8999265707494073,0.051043033599853516,3.7114925384521484,1,0.9268808156398098
no_joint,311,0.8486111188880205,0.32404407573585325,1.4495,0.47915496519478296,5.387233871900082,0.1010749340057373,6.612409591674805,1,0.8411060255998357
no_joint,312,0.6353495500490238,0.11742672192156478,1.105,0.6235959523287651,5.299528219938932,0.10102987289428711,6.922813892364502,1,0.6413005954971649
no_joint,313,0.9521204343706913,0.10427753215149416,1.1248,0.25484739381316157,0.31789153696212613,0.5031766891479492,3.508826732635498,1,0.6711806567795701
no_joint,314,-0.6404951694765342,-0.5709947215136957,1.0514,1.8133022922929003,2.1640175657824954,0.15216994285583496,4.4107279777526855,1,0.33676395394633835
no_joint,315,-0.4755599916799326,-0.06754909277726562,1.3901,0.634592765434027,0.6899118336428082,0.10108542442321777,2.8096742630004883,1,0.9025965107522135
no_joint,316,-0.3398550724096364,0.3528462042754966,1.4421,0.4831588472613229,0.5352600104789934,0.0511174201965332,1.6039438247680664,1,0.7509129345955846
no_joint,317,-0.8499680899021446,-0.6434579761702761,1.2032,1.2189843174590334,1.3720206162030235,0.051553964614868164,2.70961332321167,1,0.4088558488736134
no_joint,318,0.31624072637246003,-0.3422556168534173,1.3103,1.2917983357930523,1.5118222090551867,0.05135011672973633,2.7058932781219482,1,0.7289368407877393
no_joint,319,0.6726646599866193,-0.6885637339713573,1.0773,0.5105319319416471,0.5165106378875419,0.05095696449279785,3.4071197509765625,1,0.15324115569074812
no_joint,320,-0.39326677856047054,0.6126744031490593,1.4649,1.754975340971379,2.4028150734726808,0.051009416580200195,3.511711835861206,1,0.5921702793961126
no_joint,321,0.3521846654185121,0.22218686952759892,1.4323,0.9690288004959537,1.458928579248856,0.051393747329711914,3.1088476181030273,1,0.826547636371321
no_joint,322,-0.22595368706040808,-0.03166420198940645,1.4881,0.7757775095341632,4.692197279281129,0.25129246711730957,7.414369106292725,1,0.7185023187650128
no_joint,323,-0.8071914383755114,-0.6350331449090014,1.4054,0.9589698082084884,1.5787382495919773,0.10135531425476074,5.210660696029663,1,0.6229539682758075
no_joint,324,0.2518659612544083,0.20432486759460322,1.4407,1.4705581858609793,3.392864934217826,0.10098791122436523,4.9137561321258545,1,0.8318052584031578
no_joint,325,-0.5410495219625238,-0.599323787380534,1.0124,1.3585220695836633,3.3329809023864656,0.15155386924743652,5.01392388343811,1,0.25115717553329947
no_joint,326,-0.8103962609555775,0.5433556263388298,1.3683,1.2384428681211788,1.65462321752034,0.0509335994720459,3.0099546909332275,1,0.5868935435311247
no_joint,327,0.5323579495517163,0.45371157602712164,1.1661,1.4617221119062602,1.6741363363961714,0.10122299194335938,3.6114304065704346,1,0.5989620565349869
no_joint,328,-0.20020971838015844,0.3765697062877079,1.4654,0.841869841022049,1.3998785150825426,0.10129070281982422,3.110421657562256,1,0.8298672228236247
no_joint,329,0.21232808953670523,0.37996713592846654,1.4011,0.5496661525166492,1.312946547150521,0.10109210014343262,3.2110164165496826,1,0.7850750983085029
no_joint,330,0.17033007397537636,0.2622040028918261,1.432,0.24646959247226188,0.14740677243435185,0.10175848007202148,3.509294271469116,1,0.8555322854330778
no_joint,331,-0.38324139019188974,-0.5237856095244792,1.4054,1.0682421623321245,2.919067442726438,0.1524052619934082,4.621580362319946,1,0.7103991585051205
no_joint,332,1.0611649370335183,-0.28010518210649915,1.1334,1.6330689415086745,1.9390178213513645,0.1527559757232666,3.117288827896118,1,0.5784086645127414
no_joint,333,0.4325588110427365,-0.05847908559338699,1.3937,0.7728810590996186,0.6855422497640425,0.10226583480834961,2.711890935897827,1,0.9019359690711335
no_joint,334,-0.42020270268136595,0.6259628006619636,1.054,1.2932943302598794,4.244479291796993,0.15216898918151855,6.626723527908325,1,0.25800674936475304
no_joint,335,-0.47750686225843436,0.19163360510059435,1.4361,0.5701922843690497,0.9301999237820546,0.10148477554321289,3.108196973800659,1,0.9166945409711327
no_joint,336,-0.3622725149707745,-0.10735605744017929,1.4293,0.43507575294797574,0.35465106963172044,0.05093216896057129,4.210684061050415,1,0.9032541643513929
no_joint,337,0.5990443250183624,-0.1583721584683444,1.1112,1.1791748703730536,2.108414204218613,0.05091595649719238,3.76088547706604,1,0.5975960274404478
no_joint,338,1.0845214353248667,-0.6878899709992491,1.4083,0.6582967052102581,0.8143148467997812,0.10142040252685547,4.413930416107178,1,0.504166344158615
no_joint,339,-0.0036642391662317086,0.2535040254103976,1.2302,1.5724492363088953,2.219643907082736,0.1014261245727539,4.511810302734375,1,0.7403581040393176
no_joint,340,0.9121910944703144,-0.16355544647587217,1.1526,1.1227940401158927,2.442618560633301,0.05177617073059082,4.810438632965088,1,0.6370710240983253
no_joint,341,0.9353041510122815,-0.4535501523062141,1.3977,0.2833752866391842,0.43569654988462436,0.05322718620300293,1.7037239074707031,1,0.672352830155012
no_joint,342,0.5800300104270868,-0.5622260006351449,1.1138,0.599568619195427,0.5072109712866734,0.10125851631164551,2.9112601280212402,1,0.41704040698808736
no_joint,343,-0.5168680782191803,-0.4166154715545921,1.0118,1.1739687943380082,1.325907558362241,0.20136594772338867,3.6094064712524414,1,0.44965898877103166
no_joint,344,0.8203912550585057,-0.06661022524040017,1.0966,1.443704180253639,1.8985457854555812,0.10102272033691406,3.5122122764587402,1,0.6121133089367704
no_joint,345,0.00959501541528296,-0.03564095570060566,1.1641,0.8934344310460904,2.0333709347130062,0.101226806640625,4.010424375534058,1,0.6798178061159977
no_joint,346,-0.5488956845364849,-0.2056539686404807,1.4322,0.5209613189484785,0.680283009248845,0.10131049156188965,3.210952043533325,1,0.8904425062521415
no_joint,347,0.4286520691208411,-0.2961888517552692,1.4834,1.1149436745968027,1.9320200746140668,0.10115289688110352,3.7119898796081543,1,0.8030123444138291
no_joint,348,1.0491853113456757,-0.11949317013887961,1.1396,0.7278472012183524,0.710706576477573,0.05087113380432129,2.3055527210235596,1,0.6741426342030942
no_joint,349,-0.5365398321164943,-0.028830594684031707,1.3207,1.6720110651121196,2.594470344506259,0.051371097564697266,4.009023427963257,1,0.8182523400659611
no_joint,350,-0.018980928102300676,-0.4012665894645965,1.1998,0.788147019395967,0.70747064025342,0.0513916015625,2.4090394973754883,1,0.6515213487899063
no_joint,351,-0.5419229385403174,-0.5126911968198515,1.4906,0.4720973558637455,0.62937784210684,0.10148930549621582,2.1064059734344482,1,0.79249507382182
no_joint,352,0.44266057374641776,-0.09085717671975568,1.2681,1.2404988700590944,1.9061761118923664,0.15422868728637695,3.4181995391845703,1,0.8558518394495602
no_joint,353,0.2871723502343628,0.45000473942521746,1.4696,0.623384738051933,4.823428756407679,0.609264612197876,6.522646427154541,1,0.5503400423560185
no_joint,354,-0.3383562699733266,-0.6645626597332814,1.0577,1.5380213074632711,3.0845187129415335,0.30243968963623047,4.8237738609313965,1,0.20244635278624873
no_joint,355,-0.7950211023950139,-0.5752209781502231,1.4852,0.5427335408655822,0.7071881207252865,0.10103011131286621,1.7090904712677002,1,0.6381725415173716
no_joint,356,-0.24637859993608047,-0.046059372862148784,1.0893,1.0461503338542726,0.9655563341648321,0.10103273391723633,4.312337875366211,1,0.5840591554512418
no_joint,357,1.0825009037044344,0.5830730889031267,1.4813,1.5667506799587065,2.19741454364871,0.05087637901306152,3.409078598022461,1,0.6733486508866338
no_joint,358,0.3937357167503217,0.4495197366705105,1.1327,0.9523134128180992,0.8218454289930869,0.15145444869995117,4.010288715362549,1,0.540886913595468
no_joint,359,0.09589392206921576,0.1732714898683474,1.0542,0.5292605619444951,4.617738475866691,0.3515770435333252,6.812640905380249,1,0.5706804528469234
no_joint,360,-0.2626828557662596,0.22523136800015264,1.2173,0.43677755600641477,2.5799892560142514,0.10095453262329102,4.712526321411133,1,0.6785107099328078
no_joint,361,1.04936567538461,-0.6139804165053391,1.3643,1.670354432492536,2.3570328686578077,0.10155344009399414,4.309741258621216,1,0.5724053685434614
no_joint,362,0.8476579481762156,-0.4995961892992917,1.1568,0.4657150974819027,0.3224081666088167,0.10116243362426758,3.2122480869293213,1,0.4983263683510478
no_joint,363,0.999225382997514,0.1957827908699734,1.3031,0.7833994538357458,4.550280684405863,0.05334067344665527,6.215550899505615,1,0.8346323920884271
no_joint,364,0.8491696792368195,0.04101779188175203,1.2557,0.34310237846322794,0.5010201408659788,0.551872968673706,7.028218746185303,1,0.7303022616795066
no_joint,365,0.4936420205445542,0.18652939205793684,1.1926,0.38913945730634997,0.38927691548093746,0.5572214126586914,2.9090516567230225,1,0.6353115041587202
no_joint,366,-0.09236074799345795,0.15179411045501023,1.2883,0.5951416746018041,1.9531529750726573,1.2602894306182861,8.424215316772461,1,0.7362986635674328
no_joint,367,1.1078380044774612,-0.676756658605596,1.1274,1.6094847955565705,5.766659036986627,0.45182156562805176,10.921667575836182,1,0.30208259482612254
no_joint,368,0.8528333385684477,0.3319976550960678,1.3544,1.0648145344556876,3.9847039590933804,0.5015065670013428,13.727172374725342,1,0.8137533940867334
no_joint,369,0.8682178424992715,-0.18771119805148062,1.0008,0.7245523722588556,4.688165543616484,0.10100746154785156,6.414237976074219,1,0.5097662967595761
no_joint,370,0.7281506569275744,0.30437977518307,1.4628,0.6500316923626213,4.777464028532904,0.10156369209289551,6.413645505905151,1,0.8219953223035639
no_joint,371,0.7479474164588928,-0.577832757920784,1.2692,0.9690813648866006,4.570726522995296,0.1013188362121582,5.911762714385986,1,0.5457516637413692
no_joint,372,-0.22967088513766432,-0.23948185108669928,1.3597,1.117945465847742,1.5719297925113798,0.10140800476074219,3.1096620559692383,1,0.8368326288854742
no_joint,373,-0.10287784328217475,-0.12649496251664283,1.371,0.2984200760506466,0.19480476307525257,0.05122661590576172,2.907632350921631,1,0.9205196009517208
no_joint,374,-0.42255159876443377,-0.6424288007421585,1.3353,0.5831803020712205,0.6831599979154035,0.050873756408691406,2.5080504417419434,1,0.5162506324108606
no_joint,375,0.354829865791056,-0.10615918381801348,1.1821,1.0992536175249097,1.4957264137981197,0.10110592842102051,3.112666368484497,1,0.7106162295214851
no_joint,376,0.1558200981399842,-0.08460410013674957,1.035,0.39600566441372614,0.2624196253655159,0.40343546867370605,3.618826389312744,1,0.508218536778531
no_joint,377,-0.11945228356643134,-0.19501749904765864,1.3321,0.39709873789644773,0.39893410146616687,0.1527559757232666,4.917267084121704,1,0.8153095005641959
no_joint,378,0.3318678939166073,0.3079496013588844,1.1651,0.7122094377773421,4.115199726896754,2.025324583053589,10.421940803527832,1,0.6956187815870389
no_joint,379,1.0208479653826805,-0.7179484314026792,1.157,1.2917971718447743,1.4308516098744983,0.10112833976745605,3.809232473373413,1,0.475231033376029
no_joint,380,0.4102948834544231,0.4908939742572821,1.424,1.4734183150849418,4.351908648936435,1.5584537982940674,8.216612100601196,1,0.573515583970032
no_joint,381,-0.7535500324460904,0.5409151008307768,1.3599,1.3195167366962077,1.5270525647275104,0.10111880302429199,2.709719657897949,1,0.6305769376563929
no_joint,382,0.08999782670729739,-0.39018899595202206,1.1502,1.4163574685521272,1.406395280802955,0.05089569091796875,2.905956983566284,1,0.6131191871195714
no_joint,383,0.7185973295043389,-0.0021924058482002406,1.1546,0.832662029153177,1.6533026914836113,0.10110259056091309,3.6098833084106445,1,0.6446144411631136
no_joint,384,0.5464106363103696,-0.3684146229921246,1.2042,0.44015927436349006,4.386669903051251,0.1513371467590332,6.91455864906311,1,0.7231133258173905
no_joint,385,-0.5139619892222635,0.19285593134788648,1.2012,1.1995894892730337,2.8139031565405848,0.1513826847076416,6.77118182182312,1,0.7691906551564269
no_joint,386,0.5323296907338615,-0.596151107667822,1.1478,1.403767289157777,2.014630681761093,0.1522810459136963,3.5160765647888184,1,0.4500610845573688
no_joint,387,1.0355210667208832,-0.07860828140682341,1.0636,0.7809457357781,0.795437283128727,0.10206341743469238,5.018472671508789,1,0.576644310054958
no_joint,388,-0.7869563598817484,0.1269499900661868,1.2102,1.9093300014689465,2.8497638562020677,0.2535550594329834,4.315995931625366,1,0.738261674708195
no_joint,389,0.7506323193838982,0.4718996806407124,1.4702,1.6657263846495811,2.2648456150608656,0.10468840599060059,3.4111955165863037,1,0.8178200391250552
no_joint,390,0.3379643199026656,-0.17824688248558762,1.3387,0.9061600304024024,5.1317664784047965,0.10135245323181152,6.414099454879761,1,0.8502056208870771
no_joint,391,-0.17251882622201276,-0.4175398519690616,1.4514,0.6429136066049597,0.6005195604406776,0.05173230171203613,3.4088528156280518,1,0.7982892434368208
no_joint,392,0.7574215792941106,-0.1607836394865998,1.3078,0.9395150753602728,1.0020186302534426,0.10694074630737305,2.907280445098877,1,0.7726408592503032
no_joint,393,0.3634891815089678,-0.1222712094150471,1.1505,0.5825919422240232,0.4577613267925273,0.0511775016784668,1.9044520854949951,1,0.7017024858545706
no_joint,394,0.587483762479369,0.44248318454439606,1.274,0.6147837581707546,4.794422742282372,0.0511012077331543,6.41270899772644,1,0.7106798082679616
no_joint,395,-0.8261483224561612,0.13906884160904753,1.0002,1.5955488837940643,2.0236212631120405,0.10119247436523438,3.409376621246338,1,0.5128303913290463
no_joint,396,-0.41328085549813676,-0.20589516162582278,1.1435,0.599794267129634,0.5601867607586366,0.10125446319580078,2.1046183109283447,1,0.705926010136524
no_joint,397,1.0847909010659067,-0.5555317799870487,1.2149,1.6151786396798118,1.9589178558203364,0.10123157501220703,3.510885238647461,1,0.5599698557767963
no_joint,398,-0.024308363217431572,0.24297933001433425,1.29,1.4504929725521194,2.2604959134695393,0.05115246772766113,3.710432291030884,1,0.7871956202489829
no_joint,399,-0.6185225183019238,-0.5999533417461554,1.3274,1.031524340914858,1.158886252046843,0.05100655555725098,3.3122010231018066,1,0.6089279084985825
no_joint,400,-0.3296135588784648,-0.6338777870091323,1.2325,0.4334120417185051,0.6245643500718235,0.10202884674072266,2.5058224201202393,1,0.45541328333919295
no_joint,401,-0.49271896240745156,-0.2986874736532744,1.2211,0.48916729437864154,0.8728823008610676,0.10145401954650879,3.118528127670288,1,0.7318389941752163
no_joint,402,-0.735401943677243,-0.029811847292036453,1.1069,0.3945121163272526,0.40641512298380433,0.25454020500183105,3.7106618881225586,1,0.5744151426100226
no_joint,403,-0.40978265365352173,-0.0010236293334023872,1.2366,0.4202568263763899,0.33608694535658923,0.15230989456176758,2.0066137313842773,1,0.7357675853548262
no_joint,404,0.18332233294474665,-0.2973654232194739,1.4506,0.7815545707149429,1.984058458584554,0.152418851852417,3.8176229000091553,1,0.8669666351894252
no_joint,405,1.097384213940354,0.16636704685304626,1.398,0.9818951646344798,1.080635077733932,0.10174298286437988,2.9070751667022705,1,0.8748673777576504
no_joint,406,0.0490375235463294,-0.6603644212665211,1.0848,1.5010250230593725,1.6081784087888438,0.10161662101745605,3.5138182640075684,1,0.2351428125052415
no_joint,407,-0.5255495682471185,0.20506671998759485,1.0424,1.121777980499417,1.5325951396463866,0.050968170166015625,3.3083508014678955,1,0.5384184158095584
no_joint,408,-0.6813872768002017,-0.12419033358125353,1.2577,0.39105041173305205,0.4658468730976041,0.10141134262084961,2.709761381149292,1,0.8409002803371014
no_joint,409,0.4448550379336662,0.3499482461250879,1.3165,1.3053006070158464,2.3337888278409133,0.05106163024902344,3.909949541091919,1,0.7903821674394941
no_joint,410,-0.0815558548659513,-0.5335803976840064,1.1676,1.1381572140406955,2.7889506897357634,0.10112619400024414,4.511687755584717,1,0.5038314463177804
no_joint,411,0.19719503221606915,0.41395374647320293,1.4092,1.0703922937815342,2.6909401371950823,0.10105538368225098,4.809536695480347,1,0.7795291519980369
no_joint,412,-0.6963553755460551,0.2947415577626141,1.3756,1.0432973149729794,1.6331061937952516,0.10149264335632324,5.111513137817383,1,0.7887062631337578
no_joint,413,0.6769796697627048,0.2308152146988497,1.3364,1.4960340371385445,2.1476380409534714,0.051526546478271484,3.512299060821533,1,0.829448821874611
no_joint,414,-0.35151088643670947,-0.24817257613413274,1.1123,1.292320648204651,2.5415011750127516,0.10117959976196289,4.1610107421875,1,0.6168068880073861
no_joint,415,0.2246360410919297,-0.3232095971558756,1.0996,0.677169123366601,1.3087365217396452,0.15106916427612305,5.111953258514404,1,0.5335934648482187
no_joint,416,0.3173779687207434,-0.03445646634501198,1.0122,0.40537365855814567,0.3532152375417238,0.052161455154418945,1.4088194370269775,1,0.5662416444816513
no_joint,417,1.0934571853798056,0.4268578919417617,1.1224,0.8655925263010497,4.375431516945863,0.10147714614868164,6.517056941986084,1,0.5373063355271864
no_joint,418,-0.6423617993909864,0.3801758994668972,1.2376,1.818583191569043,2.095018381937364,0.2018575668334961,4.215922594070435,1,0.6715254839271491
no_joint,419,0.8474883597929666,0.36434149976161156,1.4249,1.571248507440312,2.048742032067885,0.1522350311279297,3.2165822982788086,1,0.8405378259929397
no_joint,420,-0.7126179809924182,-0.18930523437666813,1.0364,1.8522043670674078,2.6886326446188953,0.20218467712402344,3.915346384048462,1,0.520441447706309
no_joint,421,-0.1870303420021091,0.5974884159815231,1.2072,0.9912801125286966,1.739002645159963,0.10167050361633301,3.8091964721679688,1,0.5121733719170224
no_joint,422,-0.6103360986256564,0.44140789864258345,1.3149,0.5422225716281222,0.8852954869206526,0.1016089916229248,3.3124501705169678,1,0.6732432486696096
no_joint,423,0.32859332262243734,0.30784866644071573,1.0972,1.0957781231607435,1.5036951833242536,0.10113406181335449,3.2097363471984863,1,0.5397003192501777
no_joint,424,-0.0828498789552754,-0.5418821347690697,1.3482,1.0096798935876594,3.64797531309375,0.10105466842651367,7.4148032665252686,1,0.645281470431445
no_joint,425,-0.8218408004261168,-0.5572815187012735,1.2472,0.8379920038798674,1.104246348333459,0.05105733871459961,2.708200693130493,1,0.5808954309259046
no_joint,426,1.0412595234056818,-0.14874791517439856,1.122,2.0181229512178263,2.31665663812458,0.10111331939697266,3.3086514472961426,1,0.6614189908254579
no_joint,427,-0.0018878331295721917,-0.5978167238243639,1.328,1.193702534931255,1.6722951530309165,0.10120034217834473,3.1109533309936523,1,0.5923552092341822
no_joint,428,0.35502332660749825,0.15037630095506282,1.0028,1.0311902654232352,1.7148524491318289,0.10128188133239746,3.7086734771728516,1,0.4975072975031895
no_joint,429,0.6744694635876478,-0.11123421774095399,1.3755,0.43832676823546973,0.6163439594852784,0.10106587409973145,1.704211950302124,1,0.8266018476713797
no_joint,430,-0.7584789281052013,0.21197840445165217,1.385,1.6075810381704108,2.909680319428849,0.10125041007995605,4.30955958366394,1,0.866137770343989
no_joint,431,-0.5910617512619771,-0.5762170932335826,1.0533,0.993820125596374,1.0479031736593327,0.051102399826049805,4.41914963722229,1,0.37073786343047027
no_joint,432,0.4988637792377695,-0.6574110693692938,1.2126,1.1448116986775705,1.2302697554697632,0.1042935848236084,2.8141915798187256,1,0.38655783234006935
no_joint,433,0.7402890741609294,0.10231150812940903,1.0879,0.9131519207235962,0.9647304741808668,0.1538541316986084,4.117992162704468,1,0.6451264520009352
no_joint,434,0.17159618147289346,-0.15756143053462957,1.479,0.7407009223516263,0.7113345732069232,0.2523953914642334,2.9123260974884033,1,0.8621545427532853
no_joint,435,0.018473173963861278,-0.4755886687582688,1.259,0.5130521216100666,0.47112651138645395,0.15374064445495605,3.3132314682006836,1,0.6152390332201548
no_joint,436,0.7671801090135448,0.26498615889136656,1.0251,1.1264529963011576,4.345250440164021,0.2018587589263916,6.216251850128174,1,0.539868750149387
no_joint,437,-0.04818277560771267,-0.08163313565306529,1.1246,0.9463039432566266,4.598428589077734,0.10115313529968262,6.713706731796265,1,0.6769215278535093
no_joint,438,0.6338944294280715,-0.5546112643283553,1.4242,0.772468212569179,0.920164141186333,0.10110330581665039,2.707024574279785,1,0.6867113610597971
no_joint,439,-0.8489766246558035,-0.41158919725822996,1.2282,1.6025831143781097,1.8801192369936763,0.051047563552856445,2.9097845554351807,1,0.6930790351351401
no_joint,440,1.028880909044288,-0.07268854364517796,1.4007,2.0024218283180186,2.5843760977893124,0.10102486610412598,4.310230016708374,1,0.9083243435612125
no_joint,441,0.027575877097842483,0.4171466316842324,1.3338,1.2515731177090923,3.0912255252155094,0.0509946346282959,4.610694646835327,1,0.7491810137477212
no_joint,442,-0.5756035465765232,-0.2968952764530576,1.4939,0.9474245371272195,1.0928004471248711,0.05183267593383789,2.3047749996185303,1,0.8196946963405581
no_joint,443,-0.12798941884108517,-0.2009895932447714,1.2977,0.6920874739160959,0.5404759557518894,0.10106801986694336,3.0089993476867676,1,0.8013207509260414
no_joint,444,0.8951118534795446,0.5696298592563976,1.475,1.3800190593071755,2.2394736049639126,0.05118560791015625,3.6585211753845215,1,0.6915278981140585
no_joint,445,0.49088298746352654,-0.14173330754789149,1.4457,0.95257605065404,4.637984665443459,0.10110044479370117,6.312885522842407,1,0.7378292731547093
no_joint,446,-0.7968389763566719,0.4960209771940721,1.3063,1.6301137485922712,3.1741157116247423,0.1514432430267334,4.6166181564331055,1,0.6554131876845009
no_joint,447,0.4338394738118614,0.486891775730781,1.3596,1.3049188072414841,1.6271434191500336,0.1537013053894043,4.618433713912964,1,0.6938462771912777
no_joint,448,-0.7408956556087125,-0.030707377847289496,1.2524,1.4274253951947828,2.098762476875416,0.15265965461730957,4.618589401245117,1,0.7845173678511467
no_joint,449,0.1422238470507209,0.19163296863227752,1.4153,1.011536212543877,2.2881241681387396,0.3125307559967041,4.019327163696289,1,0.9339271063013029
no_joint,450,0.5467529551402361,-0.6439561223378227,1.2739,0.9240293491356665,4.617936129147781,0.10171318054199219,6.01236629486084,1,0.44640614063273665
no_joint,451,1.0227857714295696,0.2703364858966756,1.4486,1.1114874175454499,4.600310079422698,0.05120587348937988,5.912362098693848,1,0.9247909101565099
no_joint,452,-0.17988819864372618,0.32137395184294404,1.3718,1.3320140075996623,1.9992628627984794,0.051798343658447266,3.708697557449341,1,0.7699302370632412
no_joint,453,-0.5279152973678448,-0.6078043772937921,1.2373,1.0675362174295573,1.1227046421377003,0.10141682624816895,3.7089455127716064,1,0.5828979255479081
no_joint,454,-0.347677979059842,-0.7142216235435258,1.1296,0.23617952137657056,0.23733370942849938,0.0509951114654541,2.1075901985168457,1,0.38322467054073944
no_joint,455,-0.287428451039753,0.3139126051295956,1.1236,1.030067125316568,1.2209311196940065,0.10144329071044922,3.613022565841675,1,0.5910540001438487
no_joint,456,-0.4653278463284098,-0.5762150614489756,1.3188,0.9557883254469168,1.1287547711220915,0.051032304763793945,2.409921407699585,1,0.5888496590554696
no_joint,457,0.403218230518521,-0.01436486891565636,1.3829,1.1557872500007245,1.7557579390092273,0.05137062072753906,3.308541774749756,1,0.8199323992933892
no_joint,458,0.7100515278593669,-0.3406625215728744,1.2606,0.4109217705978803,1.3977806020295938,0.10120630264282227,4.710832357406616,1,0.7789369871549523
no_joint,459,0.28136170856676257,0.28485254853617714,1.3134,0.7603294076905573,0.7679021316141766,0.15111327171325684,2.01039981842041,1,0.7809417934905659
no_joint,460,-0.6191142307021915,-0.27822044676355917,1.1373,1.0757918791210135,2.0508500770251312,1.004002571105957,7.671599626541138,1,0.500138019251269
no_joint,461,-0.13536495875404864,-0.1493263628346746,1.0387,0.6465831568909465,0.5529539996335976,1.779425859451294,3.4109482765197754,1,0.5681332897936305
no_joint,462,0.9961763104100105,-0.41228821394213816,1.1429,1.2281265492359599,1.6903060681466753,0.10272741317749023,3.3110146522521973,1,0.5142965991572196
no_joint,463,0.884885152214772,0.1443440565882531,1.1359,0.6692575838244622,0.655033855784053,0.3564722537994385,3.774864912033081,1,0.7012943133096978
no_joint,464,0.8342353327923302,0.42011070136044204,1.1599,0.3233415547382968,4.846401624258048,0.15573740005493164,6.71440577507019,1,0.5751603913130219
no_joint,465,0.6234931027751236,-0.11021873074533162,1.2701,0.6402510678820542,0.6616644652192981,0.10116386413574219,3.711951732635498,1,0.8350038239669997
no_joint,466,0.6659188389624542,0.15856636497379228,1.0692,0.33863840648183513,5.630935076818683,0.15161371231079102,7.416028738021851,1,0.5303549592447446
no_joint,467,1.0786154237375754,0.5449712033670414,1.1156,0.5127726263976193,4.28577246596077,0.6022398471832275,6.513575553894043,1,0.42692722101754976
no_joint,468,-0.6119135710130583,0.25449639631979604,1.347,1.7980952645293302,2.0945376847225203,0.051035165786743164,3.012803077697754,1,0.8103875237296136
no_joint,469,0.12960003743052506,0.4121259604873889,1.3532,0.8583457677383363,0.7799439387533001,0.16225504875183105,3.1138854026794434,1,0.7570414127598885
no_joint,470,0.29706912248928785,-0.04451260853703132,1.0321,0.7348714603854208,0.6475322839707169,0.0511782169342041,1.909877061843872,1,0.38342601101943247
no_joint,471,0.49237066866327983,0.4569456863927498,1.2038,0.5590485255429737,1.3912541794085944,0.10124492645263672,3.61346173286438,1,0.5772547924443615
no_joint,472,-0.5557380195200363,-0.10882003014720865,1.2713,1.2991818157557018,2.054571622721851,0.15294981002807617,3.717726230621338,1,0.8207183296552841
no_joint,473,0.5668471193539755,0.6197468731540255,1.2079,1.4334278543125367,1.9683803348358107,0.15311145782470703,3.8187196254730225,1,0.46714333986719725
no_joint,474,0.7127406599617341,-0.46265503801989294,1.1034,1.170764193575521,3.9188724113367264,0.15239667892456055,5.6196417808532715,1,0.5324493216526525
no_joint,475,0.34788316241567485,-0.48465401463841823,1.2101,0.41149313454083836,0.36997753888028667,0.101959228515625,1.905561923980713,1,0.61993690880292
no_joint,476,0.22547695100965703,-0.7358145109920379,1.4524,0.28330617112700385,0.43757702410259697,0.10207319259643555,3.018099069595337,1,0.35150783786806
no_joint,477,0.6050443573733022,-0.4647917103329638,1.292,0.6075240211685955,0.5603233289297476,0.1029200553894043,4.712251901626587,1,0.6078617974237783
no_joint,478,-0.22502153641792721,-0.538427818843221,1.3478,0.9075031023972385,0.8414463410101125,0.10147500038146973,3.811673164367676,1,0.598518186436544
no_joint,479,1.1017346571772042,-0.2369427050835904,1.4284,1.322494077932676,0.0,0.05154728889465332,0.0,0,0.0
no_joint,480,0.8834400368817776,0.07184291517264152,1.3828,1.2655026722262706,1.3766574284102104,0.051218271255493164,3.310441732406616,1,0.8426824138172757
no_joint,481,0.5057151663566712,-0.7385781058077211,1.1902,0.9926751552693142,1.3090488231323285,20.32319974899292,4.841352462768555,1,0.1950448141556692
no_joint,482,0.701099110591181,-0.6152308608830164,1.0029,0.43752373146863544,0.33299952793014254,0.15297389030456543,1.4056146144866943,1,0.19725296396156256
no_joint,483,0.40008919234416074,-0.6538911611804015,1.1759,0.30634876073118966,0.3269867249081183,0.15244793891906738,2.3515899181365967,1,0.37297321648292053
no_joint,484,0.23822830713285081,0.08619205390352902,1.3767,0.8530718490353142,0.8855947626091324,0.15416908264160156,2.3069045543670654,1,0.9124190415132544
no_joint,485,-0.3382153327058792,0.3906178895874054,1.4267,0.7628133602568931,3.1369985463950387,0.15378332138061523,4.818824291229248,1,0.7398422482861876
no_joint,486,-0.7569520582384333,-0.28375655011161244,1.4767,0.8389050177744922,0.9243853767475961,0.10385394096374512,3.9158592224121094,1,0.914411660193892
no_joint,487,0.6900348599807096,-0.03227231644922868,1.2095,1.6404456417190927,2.470215435759679,0.10176277160644531,3.8107025623321533,1,0.765890197152375
no_joint,488,-0.22252196234634447,-0.14665739087709528,1.3738,1.011352930415448,2.208024608355923,0.05110430717468262,3.9161219596862793,1,0.8268816484584073
no_joint,489,0.31268253283433034,0.26780111896464687,1.2731,0.8164135122145632,2.1000808543720515,0.05129098892211914,4.008662462234497,1,0.7213348139633704
no_joint,490,0.4005642254787496,-0.16420517477394503,1.3016,0.4576153533845805,4.795278843508383,0.1511702537536621,6.613409042358398,1,0.6965422585198436
no_joint,491,-0.6384576695898463,-0.17979068155729994,1.1103,1.2016634469007998,1.9232378902340492,0.05128622055053711,3.710456609725952,1,0.5909429633414455
no_joint,492,0.2604508415722837,0.06459510182466044,1.1097,1.0265988950454377,2.058235243728125,0.10189223289489746,4.11178994178772,1,0.6769340191546191
no_joint,493,-0.20999862571349048,-0.7070057224769429,1.2179,0.9351792994375738,1.0947241659551716,0.10161876678466797,3.007235288619995,1,0.2904710314542481
no_joint,494,-0.33177365463388575,-0.0311597751878675,1.0145,0.8516475639728709,1.1228637155876076,0.1522364616394043,3.4165422916412354,1,0.5196972489547469
no_joint,495,-0.35907382392803644,-0.15265153929670316,1.1681,0.14570831093832526,0.20765271849003333,0.2055654525756836,1.9094488620758057,1,0.6452553451856634
no_joint,496,-0.5041469898286783,0.3598319076593063,1.3396,0.514554131357873,0.6313082086240582,0.15527915954589844,2.714672327041626,1,0.7883025458600746
no_joint,497,-0.6084426946715995,-0.6322535200977107,1.2022,1.090530135087277,1.233091449753922,0.20377588272094727,2.511089563369751,1,0.45480947978625397
no_joint,498,-0.007161907416714075,0.2593443061683932,1.0825,1.1915469132100416,2.910907585705877,0.1540379524230957,4.768031597137451,1,0.5975262216540215
no_joint,499,0.336466246264685,-0.5570234909504601,1.2337,0.86836347764196,3.9856373912776237,0.6091506481170654,6.018986701965332,1,0.43118226403561793
no_joint,500,1.0230101789874138,-0.6482516855262773,1.0638,0.7020682521169331,0.7136105902075823,0.10413932800292969,3.707871913909912,1,0.29138428980975656
no_joint,501,-0.3542993348354344,-0.4036511300750722,1.3111,1.4202141345082102,1.6588523464819958,0.10123729705810547,3.709665298461914,1,0.7421010093119592
no_joint,502,-0.3339956428130534,0.30041321256228215,1.0135,0.8550339347660564,0.8927555367341148,0.10106444358825684,4.509322881698608,1,0.4405714409020358
no_joint,503,-0.7434442757073885,-0.07307717989276985,1.197,0.5580231055102418,0.644026694043694,0.10112690925598145,5.01300835609436,1,0.7622346964270584
no_joint,504,0.9235590325286225,-0.5516768600844242,1.2822,1.8262085540362556,2.218160785771931,0.05231356620788574,3.3088183403015137,1,0.5254619211498524
no_joint,505,-0.18456552735497378,0.4933710169743125,1.0136,1.6840076263347288,2.623574771002892,0.10100197792053223,4.815921306610107,1,0.3403981293744256
no_joint,506,1.036447768611257,0.026671084076570928,1.3214,1.3713566100817858,3.3685212557990893,0.15241575241088867,5.228874921798706,1,0.8813675672236362
no_joint,507,-0.04295164159501208,-0.3855431952181417,1.0678,1.3009746584173032,2.000104583133258,0.25510287284851074,3.710993528366089,1,0.4960859224265259
no_joint,508,-0.36455741623550086,0.15583590242537837,1.2308,0.620945812212691,0.7005513282112364,0.15306544303894043,3.7168490886688232,1,0.8637791219635471
no_joint,509,0.046514188616282315,0.5925353229137321,1.0251,0.6334793698120911,0.7359058505710901,0.2034893035888672,3.9093711376190186,1,0.2644019758015984
no_joint,510,-0.646862154352116,-0.5351868573181999,1.1896,1.3784120454646238,1.681256192705543,0.10203766822814941,3.410667896270752,1,0.49502693349996985
no_joint,511,0.8129210266411351,0.028120111100189304,1.1058,1.6799017585222147,2.0931086712023808,0.05088639259338379,3.809389352798462,1,0.5967963316537822
no_joint,512,0.83179687221858,0.2501468526084567,1.1634,0.2600115843038659,0.3528112132509912,0.15198278427124023,3.7150344848632812,1,0.5923608801845511
no_joint,513,0.2042927467731246,-0.6307093749439266,1.3806,1.1028380100952422,2.053848418162635,0.1011044979095459,3.8162624835968018,1,0.5736994443933963
no_joint,514,-0.5444348613963874,0.556389253978388,1.1896,1.4567528058322565,1.6581259055103612,0.10129356384277344,3.510847568511963,1,0.5256550163947193
no_joint,515,0.04326980190320351,-0.17723414586288522,1.376,1.031316854549451,0.9881929044775978,0.0509638786315918,2.9097228050231934,1,0.8747340795291579
no_joint,516,-0.7495747041421027,-0.0388213605895642,1.416,0.686920839764289,0.8247239575825976,0.10125470161437988,2.7095108032226562,1,0.8722483709151337
no_joint,517,-0.77002206328744,0.33734624595366147,1.1261,0.549762617967503,0.523132353747404,0.10124564170837402,1.703944206237793,1,0.5378448238409678
no_joint,518,-0.5465520074971895,-0.2892845008665623,1.041,0.7793233393104322,0.7744093273075783,0.10111021995544434,2.1046438217163086,1,0.46830769261870475
no_joint,519,-0.46692531463328774,0.4631385273809042,1.0097,0.7988783578192578,1.5358247083293564,0.10105419158935547,3.809096336364746,1,0.33833760889430814
no_joint,520,-0.39970590904178915,-0.12299714109532234,1.2697,0.6409267557390521,1.2849181279191668,0.2526099681854248,3.8184497356414795,1,0.48050700256155393
no_joint,521,-0.8191541711309405,-0.6534088916080839,1.5,0.6141883035677272,0.8115865992429172,0.20470690727233887,2.1091015338897705,1,0.5564681708851101
no_joint,522,0.19470696354227957,-0.05900561396088522,1.175,1.392719844033517,1.7986089692907814,0.15258359909057617,4.015300512313843,1,0.7521193418807837
no_joint,523,0.7564084643096469,-0.2203029096846093,1.3251,0.4999176739950752,0.6377622731361738,0.1593010425567627,3.1272637844085693,1,0.7825217227563945
no_joint,524,-0.46913487800892023,-0.023945086738425436,1.3906,1.3595365990363952,2.350136665014141,0.15195417404174805,3.913149833679199,1,0.8872596845636247
no_joint,525,0.27179005117645416,0.12891624171411742,1.3259,0.896398709622249,2.5403916394084125,0.05153036117553711,4.3122289180755615,1,0.808208003200434
no_joint,526,0.9407085155827597,-0.010618336403803608,1.3771,0.5603042542272295,0.6746048171669572,0.10141777992248535,4.409495830535889,1,0.9115431906250194
no_joint,527,0.6992439965686201,-0.3077694557092183,1.4748,0.44665748388356785,0.43529785642783264,0.05116987228393555,2.7101011276245117,1,0.8913749636464474
no_joint,528,-0.3241753060171827,0.6083585035107152,1.0997,1.5741059781327336,4.338830360630349,0.1011040210723877,6.2134644985198975,1,0.3487640501175069
no_joint,529,-0.5078663686302323,0.48534186155081416,1.0102,0.36753726998345754,0.45276495000328243,0.15110230445861816,2.608778238296509,1,0.3522510145251779
no_joint,530,-0.0002789847939322909,0.10241948644590804,1.0762,0.701193381447396,2.864143465411825,0.10145401954650879,5.112363815307617,1,0.5873820919451167
no_joint,531,0.7197422072451227,-0.04884589310569898,1.0631,0.6676858180327435,0.7284138722548931,0.1511232852935791,4.008946180343628,1,0.5997986105084092
no_joint,532,1.0775066523303387,0.1747220783561837,1.3347,0.40682101213761485,5.06278224157759,0.10178232192993164,6.813613653182983,1,0.824589357576264
no_joint,533,0.8749808169598043,-0.15562916879707478,1.282,0.49384605716615704,5.210303630122545,0.10152912139892578,6.768012046813965,1,0.7882694941205315
no_joint,534,0.23643576497127428,-0.01835291920344262,1.109,0.8157418249082294,0.7017479161204185,0.15344500541687012,2.308382272720337,1,0.6474516582847633
no_joint,535,-0.7156161492375155,0.262076177727658,1.3497,1.0824567735566768,2.7270275724023074,0.20322680473327637,4.516201734542847,1,0.7996246508338115
no_joint,536,0.7503838844738024,5.061935013805918e-05,1.3834,1.6079715108072814,3.1678378916020486,0.15300798416137695,4.5156309604644775,1,0.9283882621099264
no_joint,537,0.06085477568483855,0.38592909745418813,1.0839,0.9887226308697248,2.9758245559273084,0.10179996490478516,4.813526391983032,1,0.48989001516947367
no_joint,538,0.10652907045009441,0.39501447284873803,1.3036,0.15347198725141833,0.2202116074383395,0.05099320411682129,2.4048619270324707,1,0.7592706641602727
no_joint,539,0.5382117882956075,0.39189406426090445,1.374,0.5151439634010136,1.274727231213012,0.05111861228942871,3.4073665142059326,1,0.8111091729189513
no_joint,540,-0.5916115162937101,-0.264928500486103,1.0573,1.4840123109200225,2.508219693184958,0.05117011070251465,4.011993408203125,1,0.51867945692861
no_joint,541,0.417574513235478,0.11015585171536446,1.4097,1.178049548551685,2.2277512939417914,0.10113358497619629,3.909151554107666,1,0.9039939783743314
no_joint,542,0.061091165783162205,0.6022901848328225,1.4824,0.6991766720737884,3.6358114355610884,1.0044662952423096,8.716366291046143,1,0.5557586329206349
no_joint,543,0.46718392803351017,-0.2963070827968456,1.054,1.2655448075639832,4.625967958733859,0.6019744873046875,9.321696996688843,1,0.5535841113627691
no_joint,544,-0.5263849915172485,0.4327829937365505,1.0128,1.3101097193451847,2.532571585645931,0.10300970077514648,4.7153496742248535,1,0.36390721389309855
no_joint,545,-0.31947479268335854,0.14031974442066442,1.156,0.43312096476280426,0.38791885484429695,0.10161495208740234,4.014927625656128,1,0.7042052646539471
no_joint,546,-0.2678742387870786,-0.4508266268661139,1.3387,0.6438128650596349,0.7084498674820159,0.10164356231689453,3.1138877868652344,1,0.764258104589592
no_joint,547,0.421568650833003,0.5462308205482153,1.4791,1.3018018834894096,2.523882000730754,0.10143065452575684,4.0102152824401855,1,0.72252632224392
no_joint,548,0.6897026343280379,0.1706892573760176,1.1983,0.6131698407035698,5.311471908442501,0.1513512134552002,6.613653182983398,1,0.7735791281385884
no_joint,549,0.45639144219736316,0.02704542696712453,1.3575,0.35143306946097874,0.2941386167377163,0.10136675834655762,4.011236906051636,1,0.7999866753230789
no_joint,550,0.039430093522217935,0.4449103994841487,1.038,0.8336599110043329,2.9368659091518583,0.20235967636108398,5.010950803756714,1,0.40177261140800047
no_joint,551,1.0630182511081268,-0.5908699047696422,1.3453,1.5429614563555458,2.5802643999261683,0.10108733177185059,4.110236406326294,1,0.5899095452403487
no_joint,552,0.593489967360056,0.5184371827216331,1.3136,1.3277349555750786,4.279208091063356,0.050887107849121094,5.712754964828491,1,0.6397997966031157
no_joint,553,-0.2938234672245187,0.5083982020987395,1.051,1.0637147805107086,0.9687761753597894,0.05153989791870117,2.709876298904419,1,0.4307396603413217
no_joint,554,-0.8373110067998992,0.5799014306197118,1.3862,0.6381219494727486,0.9638620139300762,0.15125727653503418,2.713717222213745,1,0.611792275768678
no_joint,555,0.7708602257502346,-0.3561898733778862,1.4251,1.973342371191397,3.4341440955474782,0.15221285820007324,4.5227861404418945,1,0.8494832198293929
no_joint,556,0.5217056073272972,-8.029308989310202e-05,1.3002,0.597553959498819,0.48812130733534687,0.1531991958618164,1.7073469161987305,1,0.8616949904600391
no_joint,557,-0.8484152000983621,-0.09891281545176889,1.0605,1.5178937509089638,2.4562292532181043,0.20261764526367188,4.112393140792847,1,0.5622089163868804
no_joint,558,-0.2838746651215207,-0.330911140789403,1.4919,0.7533314483673932,0.7105235007580971,0.15271353721618652,4.110112905502319,1,0.8293855539784566
no_joint,559,0.9165378804705187,0.4280105634134833,1.3913,1.5787924348459959,3.083656788867586,0.15160799026489258,7.213813543319702,1,0.6824408234413311
no_joint,560,0.8955435513127907,-0.4883563333275463,1.1736,1.0389715086522022,4.336131770728601,0.10114216804504395,6.014177083969116,1,0.5587300615157166
no_joint,561,0.701854148383777,-0.6953630535178119,1.2142,0.2921560921525597,0.602093977333686,0.25978636741638184,5.8124589920043945,1,0.4157309245098894
no_joint,562,0.8229896579860032,-0.02653362325410802,1.1853,0.6807361153583537,0.7091502439091637,0.3017444610595703,4.909481763839722,1,0.7109981920597067
no_joint,563,0.31417540320723125,-0.5850820620401551,1.253,0.8078634843401972,1.4535657878603634,0.10099411010742188,3.5089545249938965,1,0.5502909114350467
no_joint,564,0.45335492114327147,0.3964400622612222,1.1706,1.085351135696498,2.5868738221496193,0.10110712051391602,4.910847902297974,1,0.6188985206168324
no_joint,565,0.15257866917849183,-0.15159273821895947,1.4248,0.7100236900891609,4.997265686707078,0.15169000625610352,7.320998191833496,1,0.9385065916997578
no_joint,566,0.6608294776571699,0.08404279421479088,1.4112,0.5080164623000821,0.5795816288510074,0.1575932502746582,2.106579542160034,1,0.9496340524805854
no_joint,567,0.3302515450205705,0.12441657794839256,1.0528,0.6477396181649705,0.515846666972496,0.1527097225189209,4.718218564987183,1,0.6106872856003541
no_joint,568,-0.402406865681134,-0.03901216965208354,1.4804,0.8668579449700624,0.8286894578311772,0.7035434246063232,4.718231678009033,1,0.47103337930088757
no_joint,569,0.09355613000734608,0.15315613261547922,1.3178,0.5291049426668611,0.567029666846346,0.15181827545166016,5.111148118972778,1,0.8323064356420765
no_joint,570,0.6008031418619415,-0.04739043425359135,1.4144,0.43638336039925335,0.5825880464497764,0.05107736587524414,3.7138030529022217,1,0.8730836310484789
no_joint,571,-0.36879588677145925,-0.24581384993613936,1.3537,1.128507672531713,2.180266737774315,0.10096168518066406,4.209736108779907,1,0.8816326634794005
no_joint,572,-0.5954722386493243,-0.36265714109474584,1.2177,0.2981247152041843,0.3010785981407407,0.05091738700866699,2.6099157333374023,1,0.6254395727915699
no_joint,573,0.08240537717814755,-0.47356174269744805,1.3669,0.7911265082776348,0.7018303416518799,0.10224056243896484,2.508258581161499,1,0.7297483015960877
no_joint,574,-0.46274070953503815,-0.033229208515224706,1.4827,0.6535726998162413,0.9098613583668023,0.45208287239074707,5.412111043930054,1,0.6834686612336193
no_joint,575,-0.4388056203601179,-0.6925448479238717,1.135,0.7947738665402098,3.4181447776449443,0.20156073570251465,6.5140321254730225,1,0.4085150372727848
no_joint,576,0.717724816927189,0.042994835989419444,1.4041,1.396158495245037,6.545846201050602,0.15139389038085938,8.719534158706665,1,0.8714516860676976
no_joint,577,0.973735871915842,-0.19750133334009856,1.2691,0.35247443718405375,0.3765346850330246,0.10128545761108398,4.208726406097412,1,0.7558366169467841
no_joint,578,-0.647372304129376,-0.26866340179047504,1.2417,1.7290183924201186,2.3134302685243084,0.10122561454772949,4.31368613243103,1,0.7071082518924887
no_joint,579,0.10520932223411517,0.22190354452750682,1.2178,1.010624984693221,0.9563532920564048,0.10206389427185059,4.2166619300842285,1,0.7169014955542673
no_joint,580,-0.32848211642031233,-0.20085247212883384,1.3655,0.5868665344609938,0.6924708985663175,0.10289549827575684,2.310619354248047,1,0.8356473555772643
no_joint,581,0.9258850070670919,0.23808085349746078,1.1342,1.493421355056265,2.5575543144995043,0.25275087356567383,4.117536306381226,1,0.6617787025910987
no_joint,582,0.759752541526606,0.569253142780375,1.4259,0.4429185732194878,0.5196897609479376,0.10352396965026855,3.214275598526001,1,0.6377961211938772
no_joint,583,0.3883475157035128,-0.6727399858985535,1.4154,1.4119715689142365,2.8741121758618307,0.10362124443054199,4.412366151809692,1,0.5277842533580578
no_joint,584,0.3237225877456864,0.2003745411388418,1.0433,1.0804442241111278,1.2219703825871884,0.10118699073791504,3.911050319671631,1,0.38814600261764937
no_joint,585,0.031260760749884264,-0.23592114810050058,1.4408,0.6131462901229728,0.7750406152104639,0.1011648178100586,2.1083366870880127,1,0.9157658227898724
no_joint,586,0.6158348907562847,-0.645435468931307,1.1219,0.921564857796938,1.1823300843868179,0.10123395919799805,3.009765148162842,1,0.29417569268610555
no_joint,587,0.9935003604287094,0.17561881659728396,1.2324,0.978599314527002,4.119646249770883,0.15129303932189941,5.81142258644104,1,0.7917478136716152
no_joint,588,0.30363568817532327,-0.7290797531458806,1.3052,1.197615585242588,4.342086757958996,0.1011495590209961,5.813289403915405,1,0.3138131394878367
no_joint,589,0.34112061425943163,0.4574618674227583,1.1895,1.321325001660486,3.866026579721004,0.1011202335357666,5.411141633987427,1,0.6222298381388375
no_joint,590,0.9156624550405383,-0.6517061578551653,1.0143,1.2795072007033288,3.4516842584999154,0.10123705863952637,5.31205677986145,1,0.18566581230955723
no_joint,591,-0.8497974975313481,-0.16312492658462396,1.4255,1.8727771055643945,2.1416095593078777,0.10097765922546387,3.3099136352539062,1,0.884652330136423
no_joint,592,0.27101017550787976,-0.6829025146475063,1.0909,1.4327193286826299,1.4427420574965117,20.227135181427002,2.2091660499572754,1,0.20472131477471814
no_joint,593,-0.19284230601179142,0.25888437189294156,1.1061,1.1061002642475162,1.3500010106335294,0.2028651237487793,4.014653205871582,1,0.5445244670962189
no_joint,594,0.4995207824584045,-0.15227469966593643,1.3989,0.9159703032073988,2.5356919163650398,0.10210847854614258,4.412426233291626,1,0.8657596995918723
no_joint,595,-0.26588664542158247,0.34106560973117006,1.1702,1.0961419042591773,2.709826691714294,0.1018834114074707,4.4091386795043945,1,0.6662971256591264
no_joint,596,0.7570411446105278,0.4352906519466039,1.4402,1.099250485737964,1.6534940310660506,0.10123419761657715,3.2104365825653076,1,0.7402613094163782
no_joint,597,-0.2410059660875028,0.05694107782031255,1.3506,1.2317976191785562,1.9529446020456067,0.10145926475524902,3.5101821422576904,1,0.8332900860746765
no_joint,598,0.5254711797600604,0.20286849540819618,1.1381,0.9552143854771552,1.9651517836035015,0.10158085823059082,3.808696746826172,1,0.659007574315614
no_joint,599,-0.0196908511679047,-0.5470756460314574,1.0051,1.0167640525782509,3.8702459994975222,0.10125136375427246,5.912021160125732,1,0.29904272924989694
no_joint,600,-0.5668607810033723,-0.7080347778894983,1.474,0.6706743813193754,0.9103641744876161,0.10121798515319824,3.5109074115753174,1,0.4916762336398126
no_joint,601,-0.19792254183587987,-0.6444678647233275,1.0428,0.7323590786403303,1.0380384040409254,0.5534145832061768,6.112538814544678,1,0.4280979708786313
no_joint,602,0.4690531079547886,0.08934068874799661,1.36,1.0416925617548642,1.6332204981950793,0.35202884674072266,3.8171162605285645,1,0.8515421303048606
no_joint,603,1.085287284920383,-0.11920177247653807,1.2443,0.5744332034169799,0.6309749289950238,0.10284829139709473,2.3082146644592285,1,0.8133237527438019
no_joint,604,0.08943878472492639,-0.7051645468993544,1.3791,1.216597922676811,1.2668617344027282,0.15293097496032715,2.471259593963623,1,0.4345555549784017
no_joint,605,-0.11150229486214391,-0.6894194787220714,1.3453,0.3078041183618991,0.203411545697383,0.15244364738464355,4.019027948379517,1,0.43048370828243243
no_joint,606,-0.5558305759299493,-0.7109142196450725,1.323,0.508347431066204,0.6072466198795439,0.10126543045043945,2.5110714435577393,1,0.4172838051140796
no_joint,607,-0.29971686195019875,0.4937142934646447,1.2454,1.3487515143681288,1.5987901315325213,0.05089521408081055,2.9082651138305664,1,0.6074763202384486
no_joint,608,-0.2507179661580867,0.477666645752128,1.3965,0.15343290986742522,0.15357755596290013,0.10102677345275879,5.111908674240112,1,0.7182505305290795
no_joint,609,1.0773140894831401,-0.34673092843704334,1.0465,1.7470843619378325,2.8415481567626646,0.10127472877502441,5.5116286277771,1,0.48671012558827714
no_joint,610,-0.10891540481141992,-0.27530811875430916,1.1108,1.2453140963465426,1.6801269119866213,0.10121703147888184,3.3078505992889404,1,0.6549035894085726
no_joint,611,0.22445616397957813,0.0013024122513455305,1.3459,0.5084702514958576,1.7100574339485812,0.10131239891052246,3.809443235397339,1,0.6409259461397128
no_joint,612,-4.524368077551966e-05,-0.32759411539104755,1.1531,0.5702424207128975,0.5144878082293797,0.15146923065185547,3.407700777053833,1,0.5616510939281147
no_joint,613,-0.7587424920815327,-0.27247647708110384,1.2908,0.8444634746998196,1.5217982147256717,0.10138392448425293,3.3085532188415527,1,0.8098526371055034
no_joint,614,0.232378893627587,-0.26584134837208256,1.2366,1.1072127357363863,1.826337837788972,0.15239453315734863,3.515341281890869,1,0.7498138251262828
no_joint,615,0.007094710918766123,0.11744595763254173,1.2655,0.5413471375250949,0.4847290392080027,0.10217523574829102,2.3082759380340576,1,0.8528283325321172
no_joint,616,1.0968075067992018,0.4665524831926259,1.2128,1.0739817793042654,0.0,0.2540569305419922,0.0,0,0.0
no_joint,617,0.3571490710123255,-0.46639716385197666,1.373,0.6325365166622923,0.7653262718953295,0.15472626686096191,2.608276128768921,1,0.7252437126073389
no_joint,618,0.06953224629889043,0.0031157783578292797,1.1654,0.7420213014170839,0.6508799321743548,0.10227775573730469,2.207577705383301,1,0.7493234060544467
no_joint,619,0.9295390388776137,0.2492248055164148,1.3514,0.8252894903916245,5.290046851188995,0.05123734474182129,6.813084125518799,1,0.808249727344178
no_joint,620,-0.6140470545418966,0.34316045733369205,1.1355,1.705671547399233,2.13682614870772,0.10148406028747559,3.911025285720825,1,0.5630634570655199
no_joint,621,-0.32642867972581047,0.4621224583189917,1.1257,0.38234549713294286,0.9038076690054667,0.10098576545715332,3.106790781021118,1,0.5202759664085104
no_joint,622,0.04402304923960998,0.6048766575955294,1.0603,0.35854657900340775,1.0879581176971105,0.2531447410583496,5.010791778564453,1,0.40694699136991846
no_joint,623,0.2938658768642759,-0.227296706518467,1.0963,0.8697346485685209,4.193678656840053,0.8023595809936523,6.012503623962402,1,0.6627033557481488
no_joint,624,0.6368840153105959,-0.21189334362515966,1.0598,0.3346967764905866,0.35083007650305364,0.1513369083404541,4.510839223861694,1,0.5762827429264805
no_joint,625,0.2711670359400662,0.4463029980881349,1.2679,0.8205798598075346,4.437350264158131,0.1011509895324707,6.313158988952637,1,0.6466050747628114
no_joint,626,0.7671425036146926,0.30746118985558224,1.3811,0.42986494133736786,0.5575850720281315,0.05119204521179199,3.4113709926605225,1,0.7894759024429581
no_joint,627,-0.4756595102227057,-0.5928709750345802,1.0926,1.707083790119124,4.316843732108878,0.3015434741973877,5.817143201828003,1,0.3647345640933465
no_joint,628,0.8056922690383939,0.4841059419385002,1.1082,1.7059767596577022,0.0,0.25235915184020996,0.0,0,0.0
no_joint,629,0.015568367742194722,-0.0416657601081849,1.2421,0.779623328622768,0.8425533297995227,0.20254945755004883,3.7111523151397705,1,0.7089811036515224
no_joint,630,-0.8351119008402077,-0.08781707453131926,1.3623,0.8605593384282206,2.3311665683613167,0.25458431243896484,4.8169264793396,1,0.9159175728550262
no_joint,631,0.499599279306548,-0.5582861321932405,1.4883,1.5209523153671234,2.100421214181184,0.15195488929748535,4.615051031112671,1,0.696063292536013
no_joint,632,0.7213945456207789,-0.35998393530240413,1.2623,0.47877740290199317,0.5395069453158552,0.10163116455078125,3.7113208770751953,1,0.7772345672902811
no_joint,633,-0.8554329689051047,0.6280058557070382,1.1415,1.8643352767649541,3.426783138920579,0.10144901275634766,7.0154969692230225,1,0.3476470825901574
no_joint,634,-0.28906435644184514,-0.7233308084854596,1.0503,1.5700675411204974,3.2600112683001017,0.6026406288146973,10.620014667510986,1,0.2934478435312379
no_joint,635,0.5946236935318749,-0.5467237052486478,1.0971,0.9231455087010768,2.8403892337758196,0.6041345596313477,9.0191068649292,1,0.44514228104343545
no_joint,636,0.4322273020580487,0.30964329166113547,1.1137,0.9480016681282355,3.989094377625547,0.10144662857055664,6.014912366867065,1,0.578938794098721
no_joint,637,-0.6973854569120961,-0.07299938951725227,1.0897,1.2888828526720708,2.0616946239067495,0.05103588104248047,3.811596632003784,1,0.6164377854095878
no_joint,638,-0.06611493855300599,-0.652302474151308,1.0071,0.9467435754852481,5.7176815689129885,0.7033941745758057,10.428264856338501,1,0.3936728576139926
no_joint,639,0.7289221862382782,0.559123347675183,1.2671,1.4911370776685298,3.129735253683236,1.7119665145874023,8.621427536010742,1,0.5732703003091398
no_joint,640,0.16274681988542894,-0.33139675849137723,1.1372,1.183439485192587,2.08178033327755,0.1025693416595459,3.810142993927002,1,0.6021258400394511
no_joint,641,0.7017298091806639,0.2285368197644434,1.4871,0.88679121317268,2.6214972110038053,0.10135126113891602,4.310205698013306,1,0.9391509505175869
no_joint,642,-0.0745051538221132,-0.3372708611781259,1.2767,1.1188375347554977,5.014615685357782,0.10171818733215332,6.913632869720459,1,0.7574587358505042
no_joint,643,0.7195027972144252,0.5337593456901674,1.3487,1.1766960167574632,4.524740565548101,0.20177698135375977,6.013561248779297,1,0.5930080374398721
no_joint,644,-0.2357955201266979,-0.08837558076363028,1.0631,1.3389941657361815,1.9169357806041962,0.10110139846801758,3.510371685028076,1,0.5277048887120779
no_joint,645,1.0673405702764713,0.08619951396360237,1.4342,1.4216699151372636,2.5748975949980775,0.1009531021118164,4.158453941345215,1,0.8731159507928048
no_joint,646,-0.6293712152816018,0.4780175762846578,1.2454,1.9100652282822512,3.668189813388657,0.10102462768554688,4.910532236099243,1,0.6433825500266207
no_joint,647,0.288184010714875,0.11545302747263908,1.4364,1.0763669052477225,3.386152562013832,0.10153698921203613,4.909847736358643,1,0.9026531193032707
no_joint,648,-0.39349140961462037,0.2379709170640545,1.287,0.8700775604792884,2.8863275807954505,0.15155386924743652,4.910093069076538,1,0.7188608055326915
no_joint,649,0.22205691740243627,-0.02828656796502782,1.2347,0.8131270897152656,2.522486621158606,0.05118989944458008,4.5152857303619385,1,0.7210374118360094
no_joint,650,-0.3350666079546122,-0.060540489048141355,1.2202,0.682262091006814,2.0295432431176974,0.16046833992004395,4.223813772201538,1,0.73529903115197
no_joint,651,0.37478335523942197,-0.6683477841533301,1.0922,1.0565141062919976,1.283409192910084,0.10241842269897461,2.8182239532470703,1,0.21103600698449607
no_joint,652,-0.8727330384651101,-0.040708562688046235,1.0257,1.4479221081108635,1.632045269441145,0.15249204635620117,2.9151499271392822,1,0.5484351776440451
no_joint,653,0.5282273981372294,-0.6568644598915563,1.4705,1.629328626143584,2.046269726892458,0.1519477367401123,3.308070182800293,1,0.4919153786477683
no_joint,654,-0.38379509124182976,0.2750021731529463,1.2389,1.4803733198860922,2.170078205401003,0.1016228199005127,3.810076951980591,1,0.6884052893257274
no_joint,655,-0.159016372937552,-0.37147962450766187,1.4111,0.7823089686248397,0.817178056623504,0.10123777389526367,2.0047879219055176,1,0.7555489431659684
no_joint,656,0.6906641590600464,0.48243232696994964,1.2004,1.3720793052048401,2.4074354976738945,0.1011054515838623,4.009760141372681,1,0.6003780419895518
no_joint,657,-0.12515561704495182,0.5816437442574088,1.037,0.9456029270690194,1.042274456817472,0.10257339477539062,3.911273956298828,1,0.29277267507488497
no_joint,658,0.10573942818563264,-0.21037054130394084,1.3147,0.9117041426950419,0.9804968656284342,0.1020498275756836,2.5056159496307373,1,0.7706740436845977
no_joint,659,-0.8643519995530874,-0.5136064560613489,1.0268,0.9786350585011175,0.0,0.05116677284240723,0.0,0,0.0
no_joint,660,1.0417061551650382,0.302665923804576,1.0746,1.236191467240463,2.2268500808178406,0.10134005546569824,4.109592914581299,1,0.5401488820768153
no_joint,661,-0.2822605224766237,-0.5982285968273232,1.2814,1.6787297387328346,3.0629828196849065,0.10113382339477539,4.611681699752808,1,0.5584685197249412
no_joint,662,-0.7774953234364869,-0.24829065985205573,1.1519,0.6304111464929784,0.6559232241431193,0.05091094970703125,1.704709768295288,1,0.6724119231511874
no_joint,663,-0.015330852408945383,-0.11412074251113002,1.497,0.8914583833794274,1.9302373848348664,0.15127277374267578,3.811368703842163,1,0.8790332071362873
no_joint,664,-0.14003012663341596,-0.6710642022624129,1.0592,0.7945564450297086,0.8668914012240208,20.291025400161743,4.715217351913452,1,0.17785292706470066
no_joint,665,0.756560535670151,0.4253781535387363,1.3822,1.4924308610335495,3.715995482163115,0.10103511810302734,5.213503360748291,1,0.7186147922208415
no_joint,666,0.06306253585102972,0.4663353579041206,1.3032,0.8443319563135927,0.7248205166063373,0.05095410346984863,2.5091543197631836,1,0.6997120305870395
no_joint,667,0.3315647063048961,-0.33725576981630173,1.3954,0.8639934297796912,4.523293298504364,0.2015230655670166,6.112680912017822,1,0.6593017685318663
no_joint,668,0.5909001620182794,-0.30932802966915707,1.1128,0.44867058604408244,0.36319005641879426,0.1511998176574707,2.708613872528076,1,0.6077333879202791
no_joint,669,0.5405760426661483,-0.469278212295571,1.2613,0.16033689844440083,0.24419078931157323,0.10094785690307617,5.310914516448975,1,0.6342101068183055
no_joint,670,-0.14404817226730493,-0.6631816578415994,1.2253,0.7764889643040687,0.9788248617516994,0.10109305381774902,3.9099504947662354,1,0.40838395569573355
no_joint,671,-0.3426313147251605,0.40494983016977526,1.2214,1.1579777459988692,1.3724862655344465,0.05107593536376953,2.711527109146118,1,0.671044312161529
no_joint,672,-0.20438112630365834,-0.7164438351192162,1.4301,1.2084265334198854,2.031781616794113,0.10214352607727051,3.7223806381225586,1,0.4176664578460802
no_joint,673,0.1038576063748392,-0.18750588727180983,1.495,0.7119560719431685,0.7448076504153327,0.15392756462097168,2.007307529449463,1,0.9002363640400273
no_joint,674,-0.8533309865246298,-0.10533325091088563,1.1527,1.187618260554714,2.129981078061652,0.2551686763763428,4.027574777603149,1,0.6299438996411919
no_joint,675,0.46988877410364527,-0.31449905922220245,1.3105,1.4435294882550584,2.1562086192776335,0.10199356079101562,3.7118523120880127,1,0.7937758379581014
no_joint,676,0.16020876645050341,0.5980429931856396,1.3048,1.059477830096501,2.9777701606199094,0.15130877494812012,4.711272478103638,1,0.4989873360230405
no_joint,677,0.6534535757025641,0.3660317083393486,1.37,0.6457275149548164,1.0539280081375217,0.051157236099243164,3.810901403427124,1,0.8188677956064309
no_joint,678,-0.8382112158073415,-0.3399939687875041,1.4738,1.7653054869178635,3.1474707780100313,0.10144400596618652,5.911775588989258,1,0.8962269936982166
no_joint,679,-0.18307453434045307,-0.23223020879870215,1.1039,0.9239997032453916,1.666318102032973,0.10105657577514648,3.5099170207977295,1,0.6235656058061197
no_joint,680,0.40828122592637817,0.5955431658036748,1.1055,1.0224959006149767,3.9344053688340317,0.1011040210723877,5.9134039878845215,1,0.37232714114875265
no_joint,681,0.9079471184655314,0.33311461987231217,1.3302,0.5521828018855447,0.6775986322013182,0.10173869132995605,3.8103249073028564,1,0.7444310387762705
no_joint,682,-0.08415350936417543,-0.3267937885831933,1.0785,1.3627715053310354,2.5160296692056967,0.10208487510681152,4.609293699264526,1,0.5394904199081705
no_joint,683,-0.3842315954735552,-0.07787810621818292,1.0869,0.36448102801023885,0.40911208811440564,0.1013941764831543,2.9096884727478027,1,0.6317465475507966
no_joint,684,-0.7583523011957277,0.5730031865577921,1.0375,0.7260420800146424,3.551508527496091,0.6523606777191162,10.222617864608765,1,0.5368544322018054
no_joint,685,1.0918119009002851,0.005118725267561297,1.0013,2.0859339404038773,4.606106874176031,2.0180656909942627,14.638085126876831,1,0.5246221653721288
no_joint,686,-0.14822075694596204,-0.4333261377587037,1.2253,1.3710160219381693,1.987934186496845,0.10126042366027832,3.9092094898223877,1,0.5894313348498214
no_joint,687,0.36062383758380534,0.3305362297967972,1.2969,1.017071272612512,2.5840464828157415,0.10102152824401855,4.415618419647217,1,0.7942256159089264
no_joint,688,0.7346473120081394,0.13080176764296303,1.1456,0.4388868647443803,5.223241401335709,0.1521453857421875,6.9149346351623535,1,0.6643960175108097
no_joint,689,-0.35786833114070526,-0.26870590552895474,1.1157,1.2569280510051868,2.2055923813887786,0.10137534141540527,4.010253190994263,1,0.633881013554808
no_joint,690,0.05851674748903035,0.4800539227821242,1.3535,0.9149320357706439,2.066867946054786,0.15157556533813477,3.9116368293762207,1,0.7135249618967282
no_joint,691,-0.5810453662390808,-0.7322256542793862,1.3515,1.4735777842349453,3.5029839214957987,0.3016242980957031,6.713592052459717,1,0.33219947527182914
no_joint,692,-0.6068672455116899,0.5732014823320027,1.227,1.4478026563582067,2.267105052209266,0.10230493545532227,3.8071699142456055,1,0.5365958521393744
no_joint,693,0.11919627802863031,0.19079833717803818,1.3437,0.9044703579715638,1.4499129245020883,0.10119795799255371,3.2097973823547363,1,0.8767383140289808
no_joint,694,0.7264056029320753,-0.11142046806674344,1.462,0.582739183712858,5.791993004977286,0.15118670463562012,8.369425296783447,1,0.7857880460975356
no_joint,695,-0.7859903136815638,-0.5152598025271058,1.3939,1.7112417661013728,2.2055580521259457,0.2547035217285156,5.223392009735107,1,0.7071763261495705
no_joint,696,-0.7739415651965167,0.4161746384072059,1.3125,1.0170589219149455,1.1365278435455968,0.15232062339782715,4.814795970916748,1,0.7458150732926803
no_joint,697,0.8192017148186501,-0.4105234229443796,1.3306,1.8979826467147958,2.9883312508705253,0.10177135467529297,4.20836615562439,1,0.7470902119289602
no_joint,698,1.0127338841371516,0.6238817099092168,1.4668,1.1174429587327785,4.481238357970859,0.10137438774108887,5.814121961593628,1,0.5962650580494412
no_joint,699,0.25582784310199935,-0.3863895899160518,1.2126,1.4493407452955926,4.329363918421314,0.10101842880249023,5.711877346038818,1,0.6243598667372677
no_joint,700,-0.7281523440624563,0.11209964558409624,1.2723,1.206742289769189,2.104560661763111,0.05116581916809082,3.8127293586730957,1,0.7827009958794812
no_joint,701,0.6979235204835756,0.5044529426531971,1.3238,1.5726145026914529,2.079311750700448,0.050924062728881836,3.309335708618164,1,0.6369408636352495
no_joint,702,0.16053300394595738,0.5998210655803261,1.4542,0.649064543749287,0.5639958250547211,0.10108160972595215,2.3087968826293945,1,0.6429493414382789
no_joint,703,0.07221601101951647,0.2439870349611335,1.4133,0.5035518780227901,0.4343057559209043,0.10104990005493164,3.4582979679107666,1,0.8501622932435529
no_joint,704,0.4482021494703994,-0.5194505520070305,1.0357,0.9489084617579996,4.298840628693144,0.10119104385375977,6.012076377868652,1,0.35964143677734967
no_joint,705,0.11581120711023685,-0.7263703175496284,1.083,0.3964192162854468,3.8023000701489247,0.15128731727600098,7.167954444885254,1,0.39486765747521435
no_joint,706,0.9627166436317918,-0.42879810482464153,1.1538,0.8996711120058429,0.9004067952870475,0.25251173973083496,2.4082388877868652,1,0.6021164453185129
no_joint,707,-0.23545008049477467,0.42220983111243904,1.3745,1.4856322966279905,2.659247687461014,0.3025691509246826,4.11081862449646,1,0.774950870626193
no_joint,708,-0.02331259440488853,-0.7029207447514066,1.2846,1.255845004100511,1.973229101819298,0.15184235572814941,3.616879463195801,1,0.3406244422788655
no_joint,709,-0.6381278000284636,-0.34607209393880634,1.1443,0.831920403984779,1.0073773442508984,0.10198068618774414,3.7112152576446533,1,0.5718843856781647
no_joint,710,1.0956314405683147,-0.6812918751800238,1.0622,1.8635814558882198,1.9297301171456451,0.15191173553466797,4.809414386749268,1,0.23937640878348135
no_joint,711,-0.09514787489317056,0.2933600733788092,1.3443,1.5927493556410608,2.14937869315591,0.10132265090942383,3.41111421585083,1,0.7776369903151656
no_joint,712,0.2708569655279518,-0.2523155271211091,1.3499,0.7834880951427247,2.261332141992309,0.1009056568145752,4.909555673599243,1,0.682154463830957
no_joint,713,0.24499472514803222,-0.25031319386482426,1.4713,0.17401123325330228,0.12403053016465393,0.10137343406677246,1.2033929824829102,1,0.8201993754041816
no_joint,714,-0.49326278155357534,0.5186605050920506,1.2502,1.2622191296426843,2.989802403054221,0.10110092163085938,4.61149001121521,1,0.5313883511197788
no_joint,715,-0.4352697841673163,-0.6895102303905329,1.2469,1.3197374894825764,1.620811365532928,0.10193729400634766,4.208585500717163,1,0.4040024819222355
no_joint,716,0.8449388426308926,-0.35487420577556533,1.0402,1.445827653790888,1.5362508665452346,0.05130767822265625,2.5074567794799805,1,0.42845500446289025
no_joint,717,-0.007630675878305571,0.054042058835830686,1.0199,1.0298424142272005,0.9568513311131468,0.10151267051696777,3.1093902587890625,1,0.540141168356814
no_joint,718,-0.31309279724180683,-0.2579087619411845,1.216,0.48250098213534454,1.684418427462984,0.10100126266479492,4.309701442718506,1,0.6254516375542314
no_joint,719,0.8960504068781925,-0.1666784563026511,1.1612,1.344028302909012,1.9406337392216704,0.10126376152038574,5.213345527648926,1,0.6268168599609724
no_joint,720,0.1131239869535745,-0.4617695301552918,1.1252,0.9201313999062737,0.8812665700253748,0.15130305290222168,4.811812400817871,1,0.5462376128240228
no_joint,721,-0.21583876644882194,0.431811497025791,1.0457,1.0466466592943349,2.1950217261869387,0.10366272926330566,4.419632911682129,1,0.45477274294457115
no_joint,722,-0.736226951441398,0.5496379311712704,1.481,0.5739765219049883,0.7299549301286583,0.15259575843811035,3.108809232711792,1,0.6391793401466475
no_joint,723,0.7341613475576942,0.4054248249490492,1.418,1.582646998836308,1.8946080682388584,0.15525388717651367,3.413957357406616,1,0.8208784892544769
no_joint,724,0.6553654210184392,0.15649004375382158,1.2876,0.4247339164033817,5.417715088313631,0.1526327133178711,6.9160239696502686,1,0.7705113462275917
no_joint,725,0.19548540352276933,-0.3548828861676149,1.4754,0.7760306438912046,0.7998731188199671,0.050882577896118164,2.7053487300872803,1,0.7671364004207196
no_joint,726,-0.6195679999771684,0.30886123520879283,1.4998,1.2098248557078057,7.52325877664802,0.6021852493286133,12.424424648284912,1,0.6815821085188211
no_joint,727,0.16261517891163635,-0.667932306918664,1.3361,1.361366639463791,3.3306775291246415,0.75244140625,10.120503664016724,1,0.5274067068253091
no_joint,728,-0.2700781376808913,-0.3253829881615924,1.1348,0.6299731582847442,0.6210203840712903,0.10103607177734375,5.109908819198608,1,0.659356276103373
no_joint,729,0.5725613818824087,0.5854457167242183,1.0201,1.3249296090684992,1.9176759749855046,0.6526732444763184,5.411762714385986,1,0.3082417900971313
no_joint,730,0.5974385200321732,0.422736470870381,1.3781,0.3120709210618019,0.40751845565256,0.1010899543762207,4.517135381698608,1,0.7670847569753155
no_joint,731,-0.2282650443663523,0.23614171167735676,1.2353,1.004649094216676,1.6308787699809901,0.10259461402893066,3.8244717121124268,1,0.7647234137524246
no_joint,732,-0.13779492183130937,0.4962658303333324,1.3258,0.27521875192517314,0.322896964537522,0.1532278060913086,2.0068349838256836,1,0.7068421118321614
no_joint,733,0.6219200506898841,-0.2027497937876348,1.458,1.134310419035384,3.0234445727245616,0.20261597633361816,4.518404245376587,1,0.9169465705338173
no_joint,734,-0.7175005720594603,0.005138821808710725,1.0907,1.5539110204176025,2.4893445920631647,0.2026383876800537,4.010698556900024,1,0.665522408441607
no_joint,735,0.6742120639374543,0.05910380042638941,1.2927,1.463601413600084,2.6698025095223112,0.10123705863952637,4.310424327850342,1,0.7922911855215904
no_joint,736,-0.34712359536506443,0.08353503015795838,1.3174,1.145232306615893,2.659057423290826,0.10108542442321777,4.311391592025757,1,0.8224419992927604
no_joint,737,0.6313484699584673,-0.602143065372664,1.2459,1.3240639413000475,1.9299014601384334,0.10143923759460449,4.0084388256073,1,0.5204309721761716
no_joint,738,-0.14108551343279763,0.5388387611707296,1.0456,1.5097472882624696,3.7676424262776584,20.12747812271118,5.627631664276123,1,0.38645901329761334
no_joint,739,0.5427953920267652,-0.10860201840077433,1.174,0.9315789047665203,4.2036876109230485,0.20281982421875,6.223353624343872,1,0.6900087867929646
no_joint,740,0.5718404642018282,0.4409633018038125,1.1667,0.6033906734384165,4.4449050452153385,0.15221309661865234,6.366857051849365,1,0.5365285899000052
no_joint,741,-0.48603312494023276,-0.26850015761552404,1.3351,1.376167273601295,2.280486984030938,0.15230250358581543,4.615420341491699,1,0.773279635149584
no_joint,742,0.8246567774683911,0.22040738982501695,1.4289,1.5263576911004577,2.8587034319481526,0.20203328132629395,5.31378173828125,1,0.9217161821732339
no_joint,743,1.0041337022090848,-0.06114047353963514,1.1649,0.47835120290064104,5.2249373972652755,0.1018986701965332,6.813833475112915,1,0.6351064323055694
no_joint,744,0.6852596027814168,0.2661259626718627,1.3468,0.5596002959661319,5.051201711702674,0.10142254829406738,6.713590621948242,1,0.8464014355632368
no_joint,745,0.7898927035370973,-0.7273116907341028,1.1441,1.0559757592473122,3.6394142501696702,0.10149645805358887,5.310551404953003,1,0.153377439394826
no_joint,746,-0.005555247610260716,-0.42014654153556086,1.4726,0.8899294925961945,1.0540093559761272,0.05098104476928711,2.1062469482421875,1,0.8537827956903153
no_joint,747,0.21002488646629347,0.5857064682019449,1.4068,1.1098381245964262,2.1028780021750135,0.15117597579956055,4.608754634857178,1,0.5834463368727958
no_joint,748,0.5509757235932942,0.4422680073589721,1.275,0.40622651553419603,0.4588348010250418,0.10109710693359375,3.709768533706665,1,0.6558688642612595
no_joint,749,0.22246542407415681,-0.1981352409457905,1.2274,0.7206410187387343,0.7341531297448405,0.10116720199584961,2.307542562484741,1,0.6452692011409471
no_joint,750,-0.5612845013878042,-0.3173514814466976,1.1573,0.7951023738488343,2.9828290433586218,0.1014552116394043,4.809868335723877,1,0.6911079511732239
no_joint,751,0.4602973345220358,0.3516402397409456,1.1616,1.299577433272571,2.3676574457716777,0.10152530670166016,4.715743541717529,1,0.5882091072187354
no_joint,752,0.26020053859090986,0.40130893770708453,1.4851,0.36379294998105044,0.37076489865148893,0.20225071907043457,3.2140932083129883,1,0.8450072795806303
no_joint,753,0.46290747957452694,-0.6717776120094923,1.2021,1.1836754852935116,4.174915614483328,0.2523939609527588,5.617823123931885,1,0.3315879675125961
no_joint,754,-0.2649687797471162,-0.258035016256462,1.2573,0.909794548569838,1.189913393626707,0.10133051872253418,2.909043312072754,1,0.7393387679264981
no_joint,755,0.5792095182699357,-0.18717937222150305,1.4941,0.9671400175696453,1.8738167236422245,0.05140876770019531,3.6080334186553955,1,0.841433874611741
no_joint,756,-0.3066270006572567,-0.1483783074306131,1.3288,1.0707886018507564,2.0423868575064605,0.053102970123291016,3.7076504230499268,1,0.8160048227563982
no_joint,757,-0.7608472295172096,-0.22923248140439412,1.2713,0.380542238680653,0.47081830595214075,0.05106377601623535,3.712965488433838,1,0.8268720845974811
no_joint,758,0.4578716726584042,0.12575567909811725,1.2066,1.2714914608069812,2.506814000474071,0.10152220726013184,4.91043496131897,1,0.7436228547502916
no_joint,759,0.6153626803560968,-0.6037136387619593,1.0938,0.7597116467054096,0.8456398861552719,0.10114383697509766,2.3087475299835205,1,0.36526635667105994
no_joint,760,-0.016738485507689083,0.6040266500545625,1.1809,1.4393063420145442,2.484125910105922,0.20270657539367676,4.1118974685668945,1,0.42489577743886403
no_joint,761,-0.5174992002517989,0.5907095733929885,1.3782,0.48287356193862063,0.562940977048902,0.10182976722717285,2.0047707557678223,1,0.584922638930918
no_joint,762,0.5894880399421893,0.2250577841097099,1.3127,1.2752464758748376,1.693292090060287,0.05084538459777832,3.108719825744629,1,0.842879434576879
no_joint,763,-0.08493226570821055,-0.37988441442002957,1.38,0.9928991188369334,4.79336428712801,0.15168166160583496,7.112964868545532,1,0.7751587980731017
no_joint,764,-0.3407660954740023,-0.3480276724311783,1.1018,0.5377071194106149,1.1365045073264872,0.1014556884765625,5.009821891784668,1,0.49248220215270805
no_joint,765,0.32340893150868144,-0.6372302122527363,1.2746,0.8010687611338222,1.0685157037814237,0.051065683364868164,2.806609869003296,1,0.43520758297498935
no_joint,766,-0.2837696536108647,-0.6164999611226787,1.4638,0.6642725694214178,0.6145982066626599,0.10140252113342285,3.1087706089019775,1,0.5711594843005318
no_joint,767,0.4123365534752399,-0.3755896137237382,1.2191,0.8153769222927991,0.8061376029333828,0.1017305850982666,2.8084843158721924,1,0.701594191085673
no_joint,768,-0.3757299834402349,0.18586011978420036,1.3491,1.0573967839767116,2.211993434245377,0.051747798919677734,3.9152307510375977,1,0.8647411587581523
no_joint,769,-0.2528175446685492,-0.3705137473281736,1.0607,0.7605598810372082,0.7322218076225107,0.15413618087768555,1.9057400226593018,1,0.490206939919875
no_joint,770,1.00342625072617,-0.5974854247492369,1.4866,1.3809296943491285,1.6669028611204881,0.2029411792755127,2.810124158859253,1,0.563357661540165
no_joint,771,0.5868128225595588,0.47023351531610824,1.3044,1.331968785473639,4.223757555928009,0.15320396423339844,5.718597173690796,1,0.6279975618635493
no_joint,772,0.5166586761354328,0.19147373060414052,1.1196,0.48494497357553584,0.39482161402443616,0.15196585655212402,3.711923360824585,1,0.6517335582572887
no_joint,773,0.28235944458604956,-0.39523848516721755,1.0792,0.6880536190788523,4.289906929242901,0.10147738456726074,6.329835891723633,1,0.4987726937181033
no_joint,774,-0.0821120004326944,0.4108874075569223,1.2754,0.9657386189411928,2.185807083483018,0.10363554954528809,4.1103856563568115,1,0.7248552843636356
no_joint,775,1.063427783697986,-0.6029988794005848,1.2761,1.6329414011020384,2.431025195254079,0.10117197036743164,4.4122912883758545,1,0.4764380356992906
no_joint,776,-0.6894162925921903,0.28528009645514196,1.0466,2.0852282232780572,2.5759044305812027,0.10109281539916992,3.7148709297180176,1,0.49895508721736975
no_joint,777,-0.3602335252479161,-0.1461298396849181,1.4961,0.699687286960289,0.704325863352331,0.10109925270080566,3.8086111545562744,1,0.9043019629796001
no_joint,778,0.2952978071586698,0.09966277503525889,1.4565,0.854020840865916,2.3269225959181603,0.30170488357543945,7.3144755363464355,1,0.5415995881361804
no_joint,779,0.5422524977354473,-0.6174280977801392,1.2307,0.9932164820027269,3.490581483227946,0.10105204582214355,6.814990043640137,1,0.43092067353098856
no_joint,780,0.5911492847400546,-0.7241136087884116,1.0587,0.2857794326338761,0.40025315827669106,0.10117506980895996,3.708754539489746,1,0.36240903011716613
no_joint,781,-0.3362618578307204,-0.40285287563543604,1.4161,1.045059748504495,1.3786819301102413,0.1514754295349121,3.7096662521362305,1,0.7432976750071757
no_joint,782,0.5792777470261792,0.09064938976175774,1.2492,1.2166659435234735,2.113078553672078,0.10120439529418945,3.710448980331421,1,0.796611945721596
no_joint,783,1.0128545875703923,0.4090877797003162,1.3583,0.4669220137757218,5.310841920263576,0.05204963684082031,6.770249843597412,1,0.7916490081884257
no_joint,784,0.9756322271191329,0.004804949440220696,1.2544,0.5118772800576338,5.193476239963584,0.10250115394592285,6.720892429351807,1,0.7920320241472134
no_joint,785,0.599391120449855,0.27089849846843095,1.1367,0.6088108431760637,5.034874826737602,0.20298075675964355,6.815719366073608,1,0.6535232943045679
no_joint,786,-0.1374541560314867,0.522133320028653,1.4174,0.870603565105053,1.4591162872216816,0.05096149444580078,3.159292697906494,1,0.7219269590604983
no_joint,787,-0.3401323344944924,-0.23675118403462048,1.4901,0.8621370597307885,4.569832150186613,0.8024721145629883,8.819360971450806,1,0.6739865204104102
no_joint,788,0.6876010870231237,-0.1187293887050418,1.1219,1.2579474007033815,2.04282159119388,0.45162057876586914,3.709895610809326,1,0.8166302185277046
no_joint,789,0.5252233656218699,-0.1554757674916145,1.2756,0.3352827778838817,0.43887692381754506,0.051433563232421875,3.7087442874908447,1,0.7456865122930294
no_joint,790,0.9827081917514127,-0.6550552797597549,1.1918,0.6830234713783978,0.6848759187259201,0.10178494453430176,2.610104560852051,1,0.5021113132354504
no_joint,791,0.006848358831640811,-0.7128910862631377,1.4609,1.0151500805915532,3.127329402411781,0.6526508331298828,10.323753356933594,1,0.42133879001523955
no_joint,792,-0.7616590146973758,-0.06823446782753106,1.2541,1.1633961933287145,1.5473698702299585,0.10154914855957031,3.010016679763794,1,0.8335164932577558
no_joint,793,0.6421215230456496,-0.18011197266138612,1.4397,1.504349108120047,2.491094624562986,0.10119199752807617,4.516290187835693,1,0.9149941504722502
no_joint,794,-0.5568863356430278,-0.5225243679913348,1.432,1.3509492296563643,1.912276493236277,0.15208911895751953,4.617167234420776,1,0.7032860641098441
no_joint,795,0.4434828210481352,0.4684429006729801,1.1381,1.5926299779919695,2.6630317311285414,0.1548607349395752,4.215731143951416,1,0.4813074895793193
no_joint,796,-0.6541240467191944,-0.3456564487893649,1.395,1.471703503500325,2.3931916506611466,0.10192751884460449,3.9110991954803467,1,0.7900195896582677
no_joint,797,0.1477412175446713,-0.0071490583553298626,1.2075,1.0487419457378266,1.943167170577082,0.10145401954650879,4.409966945648193,1,0.6870167684473043
no_joint,798,0.7691971950498533,0.34148837359124806,1.4671,0.6513587426102369,5.185186101065335,0.10133790969848633,6.712886095046997,1,0.8533835171258769
no_joint,799,1.015479363698967,-0.29405574725072386,1.2539,0.7509595405887245,4.898437541608498,0.05120420455932617,6.3150224685668945,1,0.6840629942173484
no_joint,800,0.9923014504417409,0.4610629011375361,1.4103,0.8356602375545604,4.685442593710837,0.15716075897216797,6.217159748077393,1,0.7530319381730411
no_joint,801,0.2237816980840477,-0.05169598271418396,1.1414,1.120816388816021,4.835478826759471,0.1513819694519043,6.412250757217407,1,0.6209234238889486
no_joint,802,0.46869663189973165,0.40828610704637824,1.1493,0.526949066092054,4.53822680435558,0.10124611854553223,6.513788223266602,1,0.6061602750848701
no_joint,803,-0.0024845883230601995,0.09589124139119343,1.2935,0.6494832760920987,5.004413711398456,0.15099716186523438,6.716818571090698,1,0.80008251628139
no_joint,804,-0.5177200471247456,0.21048673736095558,1.4995,0.6533576615525644,3.032781169185354,0.8085792064666748,7.218667268753052,1,0.47885309410678817
no_joint,805,-0.5454061405366584,-0.7402628062089974,1.2448,1.1849375355386038,2.5018627772458104,0.452805757522583,5.511665344238281,1,0.254714465340687
no_joint,806,0.14759789952808022,-0.5212875113499028,1.0743,0.8540040646952537,0.7519178356243071,0.10159111022949219,3.309833288192749,1,0.44961709993606325
no_joint,807,-0.5444871132549325,0.48103550506684367,1.2693,1.2198575570805752,1.4377122642858413,0.10119819641113281,3.4109835624694824,1,0.6069300904726964
no_joint,808,-0.6642052497579977,-0.437475567276014,1.1726,1.0334024447721983,1.1380706558752727,0.05105781555175781,2.405174732208252,1,0.6004276322086957
no_joint,809,-0.3867117133225697,-0.6636760132246889,1.276,0.4117374545521816,0.4707467550586769,0.10199666023254395,3.7092623710632324,1,0.539069246426907
no_joint,810,-0.4378441241585326,0.5758514909282876,1.2717,1.24008429298555,1.5737226935496333,0.050905466079711914,3.710967540740967,1,0.5414155693103866
no_joint,811,-0.048933744816775926,-0.1536304858669817,1.2277,0.9500720337168824,3.016039822367717,0.10107111930847168,4.7111217975616455,1,0.7806441730048428
no_joint,812,0.518653562632386,-0.5070925708127123,1.1609,0.6018559674744622,0.6629557254841387,0.10109090805053711,2.707728385925293,1,0.512449221746084
no_joint,813,0.8523844471459194,0.12456959775404919,1.0943,0.7847560758248533,0.8196716982950223,0.052259206771850586,3.9095683097839355,1,0.5875519105993159
no_joint,814,0.3273742966390014,-0.5819618335953592,1.3487,0.9400210624695075,1.034856074734797,0.050862789154052734,2.2076587677001953,1,0.5903014831040186
no_joint,815,0.4986899684022992,-0.4596095955891263,1.2859,0.30716411412647565,0.23902391796491593,0.051508188247680664,2.806286573410034,1,0.6444338001896727
no_joint,816,-0.4680449281032409,-0.0452758421206374,1.1168,1.1891542202265897,1.8195947512969917,0.10114240646362305,3.808840036392212,1,0.6941413545274574
no_joint,817,0.698246581101315,-0.64813092472374,1.3878,1.3920315961038248,1.8913433412647551,0.0510103702545166,3.3090054988861084,1,0.5656890749687474
no_joint,818,0.37254123701011155,0.2031798586690211,1.0218,1.1316687895115658,4.234045347574126,0.10146212577819824,6.119456768035889,1,0.46456640833755264
no_joint,819,0.5608653387874356,-0.007007832496427002,1.3724,0.3323348968276143,4.872685181961583,0.20373821258544922,6.918933868408203,1,0.86180279605078
no_joint,820,0.7984724645555845,-0.07647993718811175,1.3526,0.177759746419542,0.22789404104031732,0.10280561447143555,1.4051225185394287,1,0.8987662339923173
no_joint,821,0.021464932023983252,-0.49095042214168094,1.4057,0.9628585311736969,0.9360432184875851,0.15375781059265137,2.3094446659088135,1,0.7133112336362543
no_joint,822,0.05122593666981712,-0.638988574676352,1.193,0.33446512564503794,0.2640173221434886,0.10203242301940918,1.7047204971313477,1,0.37571907091165574
no_joint,823,0.9143161245786253,-0.4634284518083033,1.3318,0.8785304228846076,0.9426803264570972,0.10196495056152344,2.3058767318725586,1,0.6810324961805212
no_joint,824,-0.1011994109438692,0.0013795649036320023,1.4104,1.2274397205069745,2.022292415231218,0.051635026931762695,3.6089441776275635,1,0.8797186172911639
no_joint,825,0.4119662907700534,-0.6411791493821326,1.4904,0.9350153423023826,1.6439762718604258,0.10120558738708496,3.4088237285614014,1,0.6043157968920209
no_joint,826,-0.013858034678332576,0.627128554262654,1.2477,1.507237345353606,4.057316830056806,0.10095691680908203,5.410526752471924,1,0.45160787853395273
no_joint,827,-0.4367393520567793,-0.26138478589081365,1.0185,1.1434104560106193,1.7815864763696392,0.10123205184936523,4.309893846511841,1,0.5023411458536651
no_joint,828,-0.1405039367361356,-0.10513627387830493,1.2511,0.41307683786193766,0.374108036828565,0.10134267807006836,4.210744380950928,1,0.7332064368801331
no_joint,829,0.5317735286641838,-0.7315083011011984,1.2951,1.0184240465130199,1.065394769739412,0.051525115966796875,2.2085788249969482,1,0.35277984649538235
no_joint,830,0.08626692773225886,-0.7356992844316926,1.4349,0.3923655540530558,0.4819713169128397,0.051095008850097656,1.904353141784668,1,0.4255980671771855
no_joint,831,0.21396678105324107,-0.6516793903834021,1.4371,0.30098406235076697,0.4024736099653294,0.051016807556152344,3.1117024421691895,1,0.5502614990088003
no_joint,832,0.6768446747270751,0.28990036755188486,1.2202,1.181451522766006,4.440669853459902,0.051043033599853516,5.9113171100616455,1,0.6544562031148764
no_joint,833,-0.5948768049404534,0.17917036842369227,1.263,1.3940777830759645,2.0145039357824595,0.10133838653564453,3.5109434127807617,1,0.7357207971777471
no_joint,834,-0.5362958460074426,-0.4751040753370026,1.2285,0.7427831077829176,0.7927905938173738,0.10128641128540039,2.110281229019165,1,0.5830025408328373
no_joint,835,0.92710886460404,0.29947485127922724,1.3612,1.766616488448259,3.102315644951629,0.1034402847290039,4.514288425445557,1,0.77907917228106
no_joint,836,0.8892515452490997,0.052280480699406384,1.205,0.41902762132098265,0.48021763616871815,0.15215086936950684,3.7248218059539795,1,0.7921326632698206
no_joint,837,0.06631185827011554,0.2413296318304281,1.3274,0.8537987941096621,2.0175296807105556,0.20325636863708496,3.9112894535064697,1,0.8098285854845211
no_joint,838,-0.2509952660992084,-0.4111781371378468,1.0772,0.8282581361462326,0.8511252558369282,0.10192346572875977,2.1069092750549316,1,0.5076778406768429
no_joint,839,0.9263359345171644,-0.046300045381000965,1.2347,1.31059252930148,1.9331036893841407,0.15191340446472168,3.511791706085205,1,0.8289393931339216
no_joint,840,0.5067814796633678,-0.21703449766440308,1.4846,0.5405369417521858,0.5015441756525235,0.10143828392028809,3.210496664047241,1,0.9106892125674767
no_joint,841,0.7051505549729924,-0.3693461418390514,1.1693,0.4452057206344725,0.39082385489075677,0.1515960693359375,4.310650825500488,1,0.553979251850199
no_joint,842,0.9882337262704779,0.1313782628268565,1.3464,0.6183196697600214,0.7026853495907102,0.10157537460327148,1.9045078754425049,1,0.8445884129744583
no_joint,843,-0.4945835083880026,0.21143667751998207,1.3249,1.6158902559439852,3.201363553907714,0.05108451843261719,4.609391927719116,1,0.757055969125763
no_joint,844,-0.34849337663394175,0.16654533014677553,1.4259,0.2837539099339724,0.17758101247098343,0.05095672607421875,2.2048027515411377,1,0.8652130337929812
no_joint,845,0.6350073379048093,-0.4850694145788456,1.4262,1.32255040228836,2.2331462128400634,0.10134053230285645,3.909801959991455,1,0.6922679872517026
no_joint,846,-0.14293582225959567,-0.1489562849218008,1.4297,0.979191044602475,1.6730722643751577,0.05108761787414551,3.3086678981781006,1,0.8689347361928796
no_joint,847,-0.8062533675208123,0.4650012515541143,1.19,0.8758066592239815,1.5797259796569785,0.20128297805786133,4.9111008644104,1,0.6122185659710041
no_joint,848,-0.7957429864496395,0.17324831565397425,1.1583,0.2937627559043744,0.29536351273295397,0.15139245986938477,2.808087110519409,1,0.7313331715082662
no_joint,849,0.887250250467259,-0.2960506903709585,1.3594,1.7583832252527363,2.7091076453635003,0.15125155448913574,5.812010288238525,1,0.825571976124169
no_joint,850,0.762973846293665,0.4178532318156848,1.3797,0.8149922973386594,4.847436923697752,0.10210633277893066,6.2126665115356445,1,0.7131435509719949
no_joint,851,-0.7396987785166769,-0.6125827548070257,1.4362,1.9584324507061592,3.319891517746931,0.10123229026794434,4.518663644790649,1,0.5750465675919259
no_joint,852,0.6099005136808135,0.365357782858846,1.0179,1.8874562317517132,3.1242846076363477,0.30896902084350586,4.5159242153167725,1,0.4751816294273619
no_joint,853,-0.3943539662208879,-0.6875579638947726,1.0342,1.5154605789404114,3.176578443733703,20.107780933380127,5.012418746948242,1,0.1260611569235401
no_joint,854,-0.8285518876808068,-0.24777353950759806,1.3156,0.6719654476912479,0.8564038621025113,0.10142064094543457,3.2150449752807617,1,0.8303328576982617
no_joint,855,-0.2530740253850783,0.156065915546997,1.4605,0.8022601559362009,2.042377369308484,0.3031129837036133,4.712888479232788,1,0.7661434526845101
no_joint,856,0.6419484119169989,0.11402299860314857,1.4987,1.0561546623509195,0.0,1.1593842506408691,0.0,0,0.0
no_joint,857,0.7861711023603526,0.1082289988498808,1.3734,1.2151169639845656,0.0,49.98914456367493,0.0,0,0.0
no_joint,858,0.8403066952930975,0.06345076001193839,1.217,1.3083992822165404,5.208519152459115,2.555846929550171,9.629626750946045,1,0.41703094600735063
no_joint,859,0.6268391911299018,-0.13528831131014007,1.0492,0.5851887357344822,4.447370978343461,1.5725741386413574,9.019850492477417,1,0.5894554520527939
no_joint,860,-0.419368833357705,0.07707447884378149,1.3169,1.1427155757326968,2.3347355331707624,0.05109405517578125,4.110282897949219,1,0.800802216725439
no_joint,861,-0.19534373879491818,-0.01797116141139099,1.4363,0.3697016912688613,0.27788215424557866,0.1009514331817627,5.51081395149231,1,0.9480822311208656
no_joint,862,1.0715756933942486,0.1494252694180327,1.2218,1.4317269515020605,2.853013508612764,0.10111498832702637,4.312300443649292,1,0.7443471182685579
no_joint,863,0.302639590136226,-0.6696998521372546,1.347,1.1953965744112776,1.8399897413248674,0.05145430564880371,3.408403158187866,1,0.5039171464422288
no_joint,864,0.46986765871746305,-0.23032952228764492,1.4517,0.5812579134293915,0.9943804070125188,0.10155391693115234,3.1092774868011475,1,0.8359077073432237
no_joint,865,0.11871242239924107,0.20627458378083063,1.023,0.8871675149215305,2.2515139343782407,0.20120739936828613,4.2090959548950195,1,0.49139988898464115
no_joint,866,-0.3273787609384131,-0.5283721746245814,1.3981,0.901639431664416,1.1024803589012542,0.10128402709960938,2.5082712173461914,1,0.6532767425079827
no_joint,867,-0.5175163876067244,0.2258611860139541,1.1467,0.9044493792344791,0.9789041998110175,0.10112237930297852,2.6093883514404297,1,0.5981908351313864
no_joint,868,0.7866615521044387,-0.5097931391353075,1.1874,1.600797467389208,2.3013198355384255,0.10119271278381348,3.8095755577087402,1,0.5415755677093095
no_joint,869,0.33542029665248485,0.2183047686607953,1.0728,0.9796230476590242,4.308194049933379,0.10127091407775879,6.218295335769653,1,0.624244352418814
no_joint,870,1.0315437312129305,-0.0066252016571894945,1.2656,0.6729195251378631,5.108156419353939,0.15256142616271973,6.922469854354858,1,0.8350397039144665
no_joint,871,-0.5683843530827866,0.043762337979898924,1.283,1.7016412520229476,2.867012035214387,0.15230369567871094,4.218415260314941,1,0.8482768829340416
no_joint,872,0.28288417407720745,0.0715624080181434,1.3963,0.9493614948131562,2.5832409964722927,0.2019507884979248,4.3124799728393555,1,0.833301726260882
no_joint,873,-0.8100838570307366,-0.16133751193350654,1.085,1.3240150671983424,2.325294197031029,0.10120463371276855,4.110918998718262,1,0.5546527431572389
no_joint,874,0.873088497177801,0.47012495789672426,1.0395,1.8877489362156201,2.3201689204958504,0.051087141036987305,3.6118903160095215,1,0.378105743322151
no_joint,875,0.8374597197532845,0.4744923801203481,1.4354,0.2955669683094686,0.3987181116042552,0.10124707221984863,3.5081162452697754,1,0.7101318043707819
no_joint,876,-0.3051182540264423,0.35982778917292546,1.3099,1.3087777965183436,1.713469698409012,0.10126209259033203,3.108377695083618,1,0.7876088170538403
no_joint,877,0.905579145997627,0.11249435316455625,1.1204,1.3615119843345924,3.1178125224971804,0.10104608535766602,5.21151328086853,1,0.6054528778542984
no_joint,878,0.8065228783924627,-0.6572705497459671,1.4564,0.8148443619813612,1.0188790722408263,0.10101652145385742,2.5101430416107178,1,0.5373719944186239
no_joint,879,1.0601300905555178,0.3795221485915038,1.0716,1.277581341278169,4.083386388663886,0.10120964050292969,5.712187051773071,1,0.45901154156542584
no_joint,880,-0.7043248905105854,-0.21318890788667988,1.2306,1.9494736605322824,2.6162033866940178,0.05118751525878906,3.9113821983337402,1,0.7515274964548074
no_joint,881,-0.4183970299113334,-0.09844669202062684,1.127,0.46249412960635894,0.3517013849477895,0.1516859531402588,1.7066669464111328,1,0.701701149564442
no_joint,882,-0.5410326614154786,-0.5406433756794271,1.1277,0.46819947577911036,0.5223143035839624,0.1525111198425293,3.911764144897461,1,0.4562349792034843
no_joint,883,1.0451032241642717,-0.13879657153813363,1.0047,1.7365821399478933,1.97362448885549,2.064671516418457,3.10846209526062,1,0.47455228771165814
no_joint,884,-0.2263647344424471,-0.3316472445288514,1.4023,1.3708918368905807,2.078339365139864,0.20262622833251953,3.523167371749878,1,0.8643311374500577
no_joint,885,-0.3646902130647699,-0.25479066559687824,1.4506,0.1211613879044588,0.17711683248803575,0.05109071731567383,1.203442096710205,1,0.9216879930177732
no_joint,886,-0.45577524558329024,0.3685984817607634,1.3388,0.6741478514961068,0.7479598429724341,0.05114483833312988,3.3098435401916504,1,0.7393126425691396
no_joint,887,0.8407539831228337,-0.5301326224889098,1.079,1.741136592618644,2.4052000809995997,0.10134410858154297,3.8104820251464844,1,0.37155111738983476
no_joint,888,-0.27360452864594087,0.0311230928008156,1.2209,1.3137807295479653,1.8044413504989358,0.051392316818237305,3.3124914169311523,1,0.81657770330169
no_joint,889,0.2779455855865929,-0.04843096322432694,1.1728,0.6631666536482732,2.1587763440422614,0.10100913047790527,4.108834981918335,1,0.7227199407337896
no_joint,890,-0.3306446917999506,-0.07271564632052674,1.2938,0.6972118187755103,2.066510471661986,0.10149431228637695,4.008193731307983,1,0.805561683972354
no_joint,891,-0.2655894063391301,0.38695178416867704,1.3195,0.4882891939290925,0.5372902527699907,0.0509791374206543,1.7056801319122314,1,0.7440182522527954
no_joint,892,0.03561108262851009,0.2531583488349892,1.2122,0.4924614748406289,0.3506115518526702,0.051783084869384766,2.505958318710327,1,0.6844015949839515
no_joint,893,0.6671116841617806,0.4416668858063514,1.125,0.758733538374916,1.2684175715691968,0.051683664321899414,3.211498260498047,1,0.5055904730222622
no_joint,894,0.7920942114664942,0.6165058539459877,1.4227,0.229828226291658,0.4058282666635368,0.10125041007995605,2.4094126224517822,1,0.5613728025393294
no_joint,895,-0.4861799628726349,-0.07057465360334703,1.0996,1.6497405826717817,2.1070180038909267,0.10178613662719727,3.4103119373321533,1,0.6421694640823419
no_joint,896,0.08466447108769093,0.4087285985663941,1.1923,0.8019759639061713,1.1031346596410054,0.1516718864440918,5.6135993003845215,1,0.6474161909698141
no_joint,897,-0.06671288451368396,-0.2920077127979616,1.2416,0.7185027377148977,0.7419421833880367,0.25168323516845703,2.506394863128662,1,0.8006652698779178
no_joint,898,-0.6232639807735634,-0.47311999739184807,1.1186,0.5975466246909963,0.9008498510809039,0.20177721977233887,4.61397647857666,1,0.4767061761728601
no_joint,899,0.25223554413935023,0.05297807719350267,1.286,1.1142303603201045,1.7943800627255648,0.05095219612121582,3.5094306468963623,1,0.8098327085294668
no_joint,900,-0.41748342946912026,0.016357955925252132,1.2874,0.7911846511630718,2.4070455593967552,0.05153679847717285,4.317487478256226,1,0.8498047698258112
no_joint,901,-0.5930949370344178,0.041385570737440425,1.4963,0.11996311874770658,0.28019889558466626,0.40311503410339355,3.8265221118927,1,0.9629081008694622
no_joint,902,-0.43951717575865806,-0.49178089046024526,1.1476,0.6548406635812966,3.6547511608196106,0.308255672454834,7.027807950973511,1,0.4867200305301896
no_joint,903,0.9645593356553386,0.5896790458242923,1.489,1.88364438128642,2.8843398726922613,0.10185861587524414,4.012339115142822,1,0.6194567709057133
no_joint,904,-0.13064538162166994,0.35308412984044624,1.3291,1.289823836707695,1.5781399508801497,0.05130648612976074,3.1070783138275146,1,0.7412018809847523
no_joint,905,0.2305476934596684,0.4181960499555518,1.1372,0.5490202552103237,0.4425853331636858,0.051226139068603516,1.8049829006195068,1,0.5525807994903589
no_joint,906,0.46041946576550896,-0.44002714203942084,1.283,0.9705519772260941,2.290428925223692,0.10136961936950684,4.210229158401489,1,0.6651493712287759
no_joint,907,-0.37815613566886386,-0.3812981458842526,1.3429,0.9267614317281155,1.4429756827727407,0.05092358589172363,3.109072208404541,1,0.7798537929766722
no_joint,908,0.697922919780505,0.11894995681459164,1.3723,1.3060580192854747,2.294912239030302,0.10141706466674805,3.8087000846862793,1,0.8615343200767606
no_joint,909,0.035397364472574466,-0.260424561782775,1.0245,0.988510050123936,2.006072502420738,0.10137271881103516,4.01030707359314,1,0.4738608772695134
no_joint,910,0.9519059869791033,-0.6879587704243457,1.3032,1.0860694849285342,1.3780721545110872,0.050911903381347656,3.509458065032959,1,0.45192070840627835
no_joint,911,-0.4009933324345899,0.5051890742822617,1.2484,1.9024340111897462,2.6804116666693067,0.051184892654418945,3.9099621772766113,1,0.6379423821973726
no_joint,912,0.6344609233463696,-0.530727711697232,1.4521,1.5600486251508408,2.7745152886581805,0.051280975341796875,4.210023880004883,1,0.6924472131150843
no_joint,913,0.31007698866347244,0.6303922842661028,1.1431,1.397110632057603,4.0721766136829896,0.10114336013793945,5.511869192123413,1,0.3920417740872504
no_joint,914,0.767210149607161,-0.5084467088086522,1.3994,1.2709069695625885,4.097386821303157,0.05132007598876953,5.6228485107421875,1,0.7142518153578732
no_joint,915,-0.1983042957815374,-0.041462039250564686,1.3035,1.2007614923561205,1.9096903161609469,0.15303373336791992,3.5103394985198975,1,0.883313169499064
no_joint,916,0.13753064692900718,-0.054247264284247754,1.1762,0.4975939935388542,0.3506001572866503,0.20261430740356445,5.216142177581787,1,0.646182817615568
no_joint,917,0.21939904451824943,-0.14094258539677462,1.3183,0.21963922158949958,0.18161229491572164,0.10236239433288574,1.7047839164733887,1,0.6078978245887701
no_joint,918,-0.8235061656840077,-0.12602073286400695,1.3104,0.8924584170992903,1.0081341817950937,0.05116152763366699,2.9071006774902344,1,0.7982800173628608
no_joint,919,0.5631538045320006,-0.589671218058742,1.3389,1.585774777651662,2.0070085972783915,0.10125517845153809,5.2109458446502686,1,0.582028332604898
no_joint,920,-0.5291308281963463,-0.22122140750885777,1.3605,1.2463680648088864,1.6940949982301103,0.051052093505859375,4.0110204219818115,1,0.8367365944628561
no_joint,921,0.6150254447363124,-0.5705818281979669,1.3296,1.3243744761262157,1.7688907793084079,0.05102372169494629,3.708998918533325,1,0.6337370418214082
no_joint,922,0.46959318343974576,0.034383856351529074,1.4192,0.7219369909625346,0.7035446547680037,0.10125970840454102,1.9095220565795898,1,0.9592154896421843
no_joint,923,-0.7418605957301391,-0.7166803628525785,1.3141,1.5247337692123846,1.9509604651770538,0.1011054515838623,3.8116672039031982,1,0.42414339410104734
no_joint,924,0.6635337107368695,-0.4208992255841788,1.4517,1.5220965364098955,1.6957698962023833,0.05099368095397949,2.7099416255950928,1,0.7236758566562448
no_joint,925,1.0326777873058903,0.1746505038069177,1.3232,0.7910302368309512,5.067126527429871,0.05119657516479492,6.413313627243042,1,0.882200592726871
no_joint,926,0.3389208774492598,0.1892589564340844,1.1545,0.842757104356149,0.7225024616681911,0.10106420516967773,3.410921573638916,1,0.6842071147819109
no_joint,927,1.004274019468291,0.4727909317143101,1.2204,0.641975620230607,0.7479042975718169,0.05102682113647461,3.1077992916107178,1,0.599166428146256
no_joint,928,-0.3148370045466379,0.5806570802928562,1.2898,1.415681346995366,1.6140365279003015,0.10127019882202148,2.710542917251587,1,0.5656438292476831
no_joint,929,0.5267798941845296,0.11257542926502173,1.3662,1.0578173599916552,3.563720467910938,0.10098958015441895,5.112265586853027,1,0.8932838325283745
no_joint,930,-0.1991757659617821,-0.6345372603514327,1.0451,1.20187288003274,6.751763704371995,0.20120716094970703,9.07013487815857,1,0.2516506816504013
no_joint,931,-0.19240755628390915,0.4037016398112324,1.1476,1.0437942212676465,1.6151156701309244,0.5031826496124268,4.1151533126831055,1,0.5394538679531712
no_joint,932,-0.1346872976610306,0.5329383923465515,1.3737,0.14951649906413073,0.2783295679528576,0.15494346618652344,1.8054070472717285,1,0.7124640337796265
no_joint,933,-0.5503482593932534,0.07482243409032596,1.0878,0.829269900006792,1.4897235775785187,0.1520543098449707,3.7133188247680664,1,0.6051958891183912
no_joint,934,0.012388193026387273,-0.05391432247887129,1.0661,0.6748467151707133,1.9960830871158635,0.15175271034240723,4.211437225341797,1,0.5693641971585608
no_joint,935,0.43891281988655684,0.28911738617485494,1.2697,0.5164535973080707,4.0092422213427845,0.6019351482391357,11.021226167678833,1,0.8744317080345534
no_joint,936,0.9194410740378249,0.3801183821985944,1.4857,0.42486887513633853,4.590676634207624,0.6523675918579102,9.119146347045898,1,0.8041567291298986
no_joint,937,-0.859367878880655,-0.4510974411334201,1.2654,2.138940529649239,3.2383188883824823,0.10115623474121094,4.311642408370972,1,0.6379137896224955
no_joint,938,-0.07543079406876418,0.4724223844274894,1.4567,1.319455299816308,1.407019468523193,0.2012338638305664,2.909775972366333,1,0.6977646171051233
no_joint,939,-0.25089365234721583,0.20651068670374573,1.4152,0.4188669665527743,0.38161288112243674,0.05103921890258789,2.4058194160461426,1,0.8905271307981037
no_joint,940,-0.5070584695375142,-0.27294412893342174,1.1285,0.6839320861292446,0.6707720373408391,0.15384531021118164,3.910306215286255,1,0.597594154016566
no_joint,941,-0.6353758527370846,0.2667881143205847,1.4123,0.5798546734086534,0.7145995278404148,0.15292644500732422,3.4188830852508545,1,0.8720205068083019
no_joint,942,0.10376841654405833,-0.33087959612637086,1.2409,1.1093747007486447,1.0373479716742176,0.15427255630493164,2.5071322917938232,1,0.7502716620117913
no_joint,943,-0.5471482413656623,-0.5828148555604726,1.4032,0.6050583235901563,0.7412911079737218,0.10308098793029785,3.4180221557617188,1,0.6662606379462981
no_joint,944,-0.19127586524266726,0.2641421473238844,1.3733,1.0328717952476,1.0960486198918438,0.10135459899902344,4.810889482498169,1,0.7825891497494151
no_joint,945,0.7541843762868972,0.03551562573610623,1.1694,1.1477890596650513,2.8343277156358493,0.10152459144592285,4.511507511138916,1,0.7002064248619524
no_joint,946,-0.08115376894869519,-0.29398407415141387,1.0576,1.0068140940366166,1.8395432606641573,0.05111241340637207,3.8090438842773438,1,0.5151210319251529
no_joint,947,0.7145437481994692,-0.599479492130392,1.4814,0.9686537460635295,1.3898574259518706,0.051191091537475586,4.309030771255493,1,0.5638274687807961
no_joint,948,-0.6377185727009411,0.6043007439814342,1.0704,2.0211355852969723,3.049429160262668,0.10120010375976562,4.41028618812561,1,0.32506242211896913
no_joint,949,0.3059875061727848,0.272202814380787,1.4833,1.0850145730683554,1.4786510504778207,0.051265716552734375,2.806485652923584,1,0.9182922840321779
no_joint,950,0.18200249813578262,-0.6011138778056835,1.4301,0.9403051618763811,4.3967801316053325,0.10119986534118652,6.512286901473999,1,0.6237972592493933
no_joint,951,-0.28561921001666246,0.5462458111669083,1.3621,1.3753579809828276,3.400004236530994,0.15128684043884277,6.415278673171997,1,0.6730096262448009
no_joint,952,-0.35833239720027954,0.5894002714644205,1.49,0.17716122555301142,0.15950232832348762,0.10145139694213867,3.1069602966308594,1,0.6339113096011917
no_joint,953,-0.7732072375467419,-0.670500535700906,1.4836,1.4554856019266869,2.5991900719071284,0.2013378143310547,5.113752841949463,1,0.5067119980162114
no_joint,954,-0.4240341371964385,0.10059520089086971,1.4023,1.0084472218314982,1.0278552389649385,0.10175800323486328,2.9128146171569824,1,0.8327762612082301
no_joint,955,-0.16104826348030776,0.3885607593646395,1.1829,0.5704455324729175,0.5101132030494655,0.15225982666015625,1.506093978881836,1,0.5635206001792453
no_joint,956,-0.17767652529799915,-0.24484283952780406,1.3953,0.7225790162858237,0.7883302769559415,0.2038097381591797,2.8088440895080566,1,0.9091417771057746
no_joint,957,-0.4586443213130312,-0.6266382182633284,1.007,0.6484032332080405,2.5665641903031475,1.7581725120544434,9.928734064102173,1,0.40883979448528424
no_joint,958,0.7936810640185619,-0.43901803108310805,1.2683,1.3309113851446777,3.4706514043493017,1.5583078861236572,9.618788957595825,1,0.479785706230803
no_joint,959,0.7594219965044655,-0.21454438160517242,1.2274,0.3955358647411533,0.30396879776125924,0.050932884216308594,3.407848596572876,1,0.7393700903168865
no_joint,960,0.9753237690270764,-0.5799834658710686,1.3364,0.3393189933474793,0.47040559438832247,0.10175180435180664,3.809032440185547,1,0.5918611304851674
no_joint,961,0.1805760066251012,-0.6981264504821026,1.3362,0.8629347247582678,0.8383449350223637,0.05194711685180664,2.5066280364990234,1,0.3914872149831932
no_joint,962,-0.5534643146653071,0.1589067952099027,1.2923,1.248380616362784,1.788054867077769,0.05111122131347656,3.7086775302886963,1,0.8251042251742831
no_joint,963,0.5436409939119007,-0.6489490781742929,1.4112,1.4685846597459449,2.142661831863686,0.05104517936706543,3.5092873573303223,1,0.5741251141520153
no_joint,964,0.3415613460333635,0.5464744853862485,1.4701,1.3261365131615008,4.419497457157201,0.10109114646911621,5.612263917922974,1,0.7348185480131775
no_joint,965,-0.1700515817195658,0.013611483351730125,1.0542,1.0131226896359524,1.6884101359001087,0.10100555419921875,3.412550210952759,1,0.5891637050889132
no_joint,966,0.7416779313351987,0.09765582162182629,1.1169,0.9855388454083572,2.315151270803872,0.10197305679321289,4.31929874420166,1,0.6578281987803629
no_joint,967,-0.6631571013015777,-0.25537058288947473,1.0125,1.5430655103645436,2.251323816110874,2.0631701946258545,3.911271810531616,1,0.4643605588496623
no_joint,968,0.43147277175779064,-0.6466714161329129,1.4421,1.2653590424969836,1.6281206535450754,0.10205888748168945,3.0105299949645996,1,0.5707940763713525
no_joint,969,-0.5621972180620911,0.3937131537389761,1.2807,1.5827255676527547,2.4523683821212283,0.10105371475219727,3.8096771240234375,1,0.7150611397746975
no_joint,970,-0.5396203542707609,0.46519971634222335,1.4576,0.11909505230567581,0.20331210001975006,0.05380415916442871,2.2088606357574463,1,0.752068467041577
no_joint,971,0.12281088316375799,0.2620622582320812,1.1107,0.9336256886233383,0.8131954016068731,0.05127716064453125,2.5084474086761475,1,0.6391765089321226
no_joint,972,0.8834122723603621,0.5407338528661317,1.0316,0.8803707133246425,1.1600149305472496,0.10098910331726074,2.908895492553711,1,0.32334445819797053
no_joint,973,0.37530453708959066,-0.18898859000542745,1.4119,0.9956269504247592,4.227011305762007,0.10109472274780273,6.01108455657959,1,0.8452122986803963
no_joint,974,0.46968225717447964,-0.154298840111755,1.4547,0.12441270689293725,0.12043627870543692,0.10132932662963867,2.811971426010132,1,0.8509347992757637
no_joint,975,-0.5827633394132185,0.4014454291989894,1.1511,1.4040691837471866,2.9514361231109487,0.10109281539916992,4.559321165084839,1,0.566590126837567
no_joint,976,-0.018160018032109093,-0.22219837308370982,1.2041,0.9372984625236467,1.0015100284093634,0.1020195484161377,3.7100305557250977,1,0.7639198046777422
no_joint,977,0.8002288287171355,-0.07795573337207873,1.0699,0.8424804108953581,1.9221409280273993,0.10103631019592285,3.9119510650634766,1,0.5781010513622977
no_joint,978,0.262769641626889,-0.29615981631648564,1.4731,0.6997708763166899,0.691304270633362,0.10127973556518555,2.308039665222168,1,0.8485901974656352
no_joint,979,-0.8603567359681372,0.6012594774161212,1.1522,1.6386609461601291,4.134052363436926,0.10113096237182617,6.713615417480469,1,0.37702781091759596
no_joint,980,0.5706310333011784,-0.267862420784076,1.2463,1.7487925774830362,3.2211191034579882,0.15169763565063477,4.71867823600769,1,0.6439865474912612
no_joint,981,1.0034708769800211,-0.1931083329825506,1.0486,0.4790171737898231,0.44764409336444827,0.3031468391418457,3.5158770084381104,1,0.5757429780659585
no_joint,982,1.089838626119011,-0.7075925712977815,1.4436,0.551482003299507,0.7576650052879241,0.15609097480773926,3.6103649139404297,1,0.4187799584336011
no_joint,983,0.49070629412092326,-0.5775874667437917,1.0678,0.8429336044127659,0.8779636560906265,0.15216493606567383,3.71421480178833,1,0.4370911816780074
no_joint,984,0.36129724522136497,-0.43704306728488124,1.2268,0.24887553836927914,0.25057183228284685,0.151228666305542,2.911437511444092,1,0.7088478286523265
no_joint,985,-0.04612264440500946,-0.5228500242582803,1.3352,0.4307610456932881,0.4833131280587375,0.10207748413085938,4.109894752502441,1,0.5971833872640893
no_joint,986,0.6279348629420425,0.49080342476886163,1.3716,1.2764901434204268,4.2375099208469,0.1514291763305664,5.711931943893433,1,0.606074704515752
no_joint,987,-0.6743132927012585,-0.7202019316108105,1.473,1.9220576834241372,3.339775156013825,0.10172224044799805,4.510059356689453,1,0.46960644954015407
no_joint,988,-0.5498961164188956,-0.4217411673301299,1.2096,0.5914497950216233,0.4773927055945707,0.10216784477233887,3.0091731548309326,1,0.662768128600744
no_joint,989,1.058836761368229,-0.5568785964440948,1.3711,1.7008254688459814,1.9462944763071555,0.050821781158447266,2.909656524658203,1,0.6138255050420682
no_joint,990,0.9632512475491584,-0.1664319760234425,1.0773,0.6635155687796392,0.5594926992848087,0.051013946533203125,1.6044690608978271,1,0.5722793361681492
no_joint,991,0.26456863454877877,-0.20316212038077197,1.2074,0.7711166312945279,0.8101404526012438,0.10161447525024414,3.7123656272888184,1,0.7477211419089869
no_joint,992,-0.8505983724805575,0.3388490704971011,1.0495,1.248928920690357,2.7254383005082268,0.10134339332580566,4.5113019943237305,1,0.48712381897486745
no_joint,993,0.2931141019886099,-0.19658161456898282,1.2447,1.3368035701258218,2.715134764762641,0.05109143257141113,4.514285087585449,1,0.7824439338973823
no_joint,994,-0.32747594318464956,0.23176900000708145,1.2041,0.8665589969647729,2.3450986591925744,0.10135674476623535,5.215745449066162,1,0.7562713117594144
no_joint,995,-0.1303010544543799,0.01251940525450601,1.4758,0.40731162494235196,0.49890005138816323,0.25235724449157715,3.7104291915893555,1,0.8611574283885551
no_joint,996,0.776744535608092,0.363961458569232,1.0164,1.0762049465869448,1.9018260226225754,0.2029571533203125,3.916435956954956,1,0.40340816297064547
no_joint,997,0.7468991288066353,0.5353674293126532,1.1853,0.1843948855272299,0.26412855872224345,0.10277986526489258,2.306828022003174,1,0.48361127685546257
no_joint,998,-0.2041656190928982,0.4533259377985218,1.2217,1.0520789149360144,1.2645370096916049,0.10166215896606445,3.7153749465942383,1,0.5773235131775651
no_joint,999,0.6183922450964319,-0.6725222514998098,1.4753,1.51025390848399,2.4666073686823125,0.15285849571228027,3.91120982170105,1,0.5052256035524025
no_joint,1000,-0.2102168632443001,-0.20085763875179863,1.4277,1.075860408848612,1.4871930824880795,0.10105609893798828,3.0095057487487793,1,0.9012566020008815
